utc,synthetic_de_eur_mwh,observed_de_lu_eur_mwh
2025-01-01 00:00:00,8.152135258878467,1.6
2025-01-01 01:00:00,7.082555751695946,0.0
2025-01-01 02:00:00,-1.7763568394002505e-14,-0.01
2025-01-01 03:00:00,-3.275352929119606,-0.01
2025-01-01 04:00:00,-3.2753529291197623,-0.06
2025-01-01 05:00:00,-3.2753529291197623,-0.09
2025-01-01 06:00:00,-3.2884515090149478,-0.01
2025-01-01 07:00:00,-3.552713678800501e-14,-0.01
2025-01-01 08:00:00,-3.197442310920451e-14,-0.04
2025-01-01 09:00:00,-3.618123501788279,-0.03
2025-01-01 10:00:00,-4.733809366126779,-0.1
2025-01-01 11:00:00,-1.8348929249633517,-0.05
2025-01-01 12:00:00,-6.483887446861732e-14,-0.1
2025-01-01 13:00:00,1.0302869668521453e-13,-1.01
2025-01-01 14:00:00,-5.000000000000096,-0.01
2025-01-01 15:00:00,10.52188677122819,-0.01
2025-01-01 16:00:00,21.324754617468464,0.07
2025-01-01 17:00:00,36.061795250717914,1.01
2025-01-01 18:00:00,35.93090000000005,1.48
2025-01-01 19:00:00,25.68867432935518,1.0
2025-01-01 20:00:00,20.17907157453216,0.07
2025-01-01 21:00:00,19.97991452991457,10.05
2025-01-01 22:00:00,19.97991452991456,7.01
2025-01-01 23:00:00,8.212063787692667,2.55
2025-01-02 00:00:00,7.169433391263457,1.56
2025-01-02 01:00:00,14.824510520124772,3.45
2025-01-02 02:00:00,19.97991452991436,7.02
2025-01-02 03:00:00,21.434488699036873,12.75
2025-01-02 04:00:00,87.86051344871198,30.07
2025-01-02 05:00:00,98.22129346317271,67.13
2025-01-02 06:00:00,101.69588700294814,98.83
2025-01-02 07:00:00,109.10434034117364,121.53
2025-01-02 08:00:00,109.35856140350879,127.23
2025-01-02 09:00:00,109.35856140350877,126.35
2025-01-02 10:00:00,109.35820686220303,119.97
2025-01-02 11:00:00,108.19536802170049,115.95
2025-01-02 12:00:00,105.77762322240014,113.9
2025-01-02 13:00:00,101.79249558478084,122.21
2025-01-02 14:00:00,107.3939059188066,130.11
2025-01-02 15:00:00,109.35866263178303,138.59
2025-01-02 16:00:00,110.51271912157601,152.87
2025-01-02 17:00:00,110.31573403932957,152.94
2025-01-02 18:00:00,109.50405681910938,139.15
2025-01-02 19:00:00,109.34516604340189,130.0
2025-01-02 20:00:00,109.33059892606612,119.78
2025-01-02 21:00:00,109.35856140350904,113.42
2025-01-02 22:00:00,109.35856140349205,82.47
2025-01-02 23:00:00,107.14837644051815,99.56
2025-01-03 00:00:00,101.80852716669193,87.53
2025-01-03 01:00:00,100.61690624999987,85.01
2025-01-03 02:00:00,99.05865274883374,83.79
2025-01-03 03:00:00,99.03209212845323,77.5
2025-01-03 04:00:00,98.22129346317294,79.88
2025-01-03 05:00:00,99.27364890966939,83.56
2025-01-03 06:00:00,100.61690624999989,78.43
2025-01-03 07:00:00,100.66654331474962,82.57
2025-01-03 08:00:00,100.61690624999993,80.76
2025-01-03 09:00:00,97.07137775031255,77.64
2025-01-03 10:00:00,92.5427317855326,70.48
2025-01-03 11:00:00,20.43741307768741,69.94
2025-01-03 12:00:00,20.41331893790786,77.8
2025-01-03 13:00:00,21.324754617468496,78.81
2025-01-03 14:00:00,96.2726172800871,85.29
2025-01-03 15:00:00,99.27364890966874,105.51
2025-01-03 16:00:00,108.10109259259158,116.66
2025-01-03 17:00:00,108.34586208337947,115.06
2025-01-03 18:00:00,107.53159259875379,114.91
2025-01-03 19:00:00,107.27957268675861,113.3
2025-01-03 20:00:00,109.27253474395192,107.8
2025-01-03 21:00:00,109.35856140350784,98.22
2025-01-03 22:00:00,109.35856140350893,88.57
2025-01-03 23:00:00,109.35856140350803,90.43
2025-01-04 00:00:00,109.3570732062829,90.29
2025-01-04 01:00:00,109.24529931639367,90.2
2025-01-04 02:00:00,109.24542492908274,91.52
2025-01-04 03:00:00,109.3582735568359,95.95
2025-01-04 04:00:00,109.35827363151697,102.11
2025-01-04 05:00:00,109.35844634337593,110.66
2025-01-04 06:00:00,109.35852211283205,119.96
2025-01-04 07:00:00,109.35856140350867,128.39
2025-01-04 08:00:00,109.35856140350869,130.75
2025-01-04 09:00:00,109.35854739159144,130.34
2025-01-04 10:00:00,109.35817095856089,128.29
2025-01-04 11:00:00,109.3492315042632,130.03
2025-01-04 12:00:00,108.54715033833382,129.85
2025-01-04 13:00:00,109.33686493062659,136.4
2025-01-04 14:00:00,109.35647437572707,138.72
2025-01-04 15:00:00,110.70326512405632,142.0
2025-01-04 16:00:00,110.97755144905037,151.24
2025-01-04 17:00:00,110.703265124055,143.85
2025-01-04 18:00:00,110.70326512405605,137.96
2025-01-04 19:00:00,110.7032651240551,129.49
2025-01-04 20:00:00,109.42061479633135,122.83
2025-01-04 21:00:00,109.35856140350928,118.29
2025-01-04 22:00:00,109.35856140351208,109.49
2025-01-04 23:00:00,109.31159714695028,113.84
2025-01-05 00:00:00,109.18023449138376,100.33
2025-01-05 01:00:00,108.78007564098317,93.61
2025-01-05 02:00:00,103.63661271392488,93.87
2025-01-05 03:00:00,100.61690625,89.38
2025-01-05 04:00:00,99.60229338809631,83.55
2025-01-05 05:00:00,99.27364890966965,83.92
2025-01-05 06:00:00,98.22129346317297,82.53
2025-01-05 07:00:00,98.22129346317325,84.05
2025-01-05 08:00:00,97.85956206066521,89.15
2025-01-05 09:00:00,98.2212934631728,82.95
2025-01-05 10:00:00,97.85956206066555,88.82
2025-01-05 11:00:00,97.16538237322396,81.66
2025-01-05 12:00:00,97.07137775031276,78.39
2025-01-05 13:00:00,96.27261728008676,68.0
2025-01-05 14:00:00,94.87131662251755,50.64
2025-01-05 15:00:00,95.51001571072305,49.91
2025-01-05 16:00:00,96.27261728008642,66.3
2025-01-05 17:00:00,97.8595620606651,65.05
2025-01-05 18:00:00,97.85956206066493,51.28
2025-01-05 19:00:00,96.27261728008654,36.85
2025-01-05 20:00:00,81.86080139670622,36.8
2025-01-05 21:00:00,41.33379834972891,34.68
2025-01-05 22:00:00,35.93089999999921,28.14
2025-01-05 23:00:00,21.916087544669892,27.52
2025-01-06 00:00:00,21.324754617468045,19.26
2025-01-06 01:00:00,20.174743021011977,11.35
2025-01-06 02:00:00,19.979914529914424,9.2
2025-01-06 03:00:00,19.979914529914254,10.0
2025-01-06 04:00:00,19.97991452991431,14.81
2025-01-06 05:00:00,21.324754617468045,23.82
2025-01-06 06:00:00,37.8676661628528,31.72
2025-01-06 07:00:00,96.27261728008642,41.37
2025-01-06 08:00:00,96.27261728008625,36.36
2025-01-06 09:00:00,96.27261728008665,34.69
2025-01-06 10:00:00,81.6700027624305,32.83
2025-01-06 11:00:00,19.979914529913913,31.28
2025-01-06 12:00:00,13.995165918914267,28.6
2025-01-06 13:00:00,11.186454574262939,25.61
2025-01-06 14:00:00,19.979914529914367,26.32
2025-01-06 15:00:00,31.89806554096384,26.87
2025-01-06 16:00:00,96.44324490177728,31.66
2025-01-06 17:00:00,97.61954808593258,31.58
2025-01-06 18:00:00,97.07137775031266,28.74
2025-01-06 19:00:00,96.27261728008673,26.59
2025-01-06 20:00:00,87.86051344871221,13.82
2025-01-06 21:00:00,35.93090000000001,26.94
2025-01-06 22:00:00,20.218013365295565,12.99
2025-01-06 23:00:00,19.979914529914527,19.07
2025-01-07 00:00:00,19.97991452991453,8.71
2025-01-07 01:00:00,19.97991452991453,8.9
2025-01-07 02:00:00,19.979914529914524,5.01
2025-01-07 03:00:00,19.979914529914524,5.13
2025-01-07 04:00:00,20.774157459993763,5.8
2025-01-07 05:00:00,87.86051344871223,48.86
2025-01-07 06:00:00,98.221293463173,76.83
2025-01-07 07:00:00,101.33725391440899,85.08
2025-01-07 08:00:00,101.15344565584154,84.24
2025-01-07 09:00:00,99.27364890966957,75.25
2025-01-07 10:00:00,100.61690624999999,62.8
2025-01-07 11:00:00,94.87131662251787,62.44
2025-01-07 12:00:00,21.324754617468614,63.9
2025-01-07 13:00:00,20.179071574532013,72.56
2025-01-07 14:00:00,35.930899999999966,78.11
2025-01-07 15:00:00,98.22129346317303,79.98
2025-01-07 16:00:00,108.20854061976969,96.03
2025-01-07 17:00:00,108.00858786968296,101.11
2025-01-07 18:00:00,107.28446206271691,86.21
2025-01-07 19:00:00,102.26419927409611,78.01
2025-01-07 20:00:00,100.66654331474965,72.45
2025-01-07 21:00:00,99.27364890966946,72.45
2025-01-07 22:00:00,98.22129346317296,50.04
2025-01-07 23:00:00,97.85956206066577,71.05
2025-01-08 00:00:00,97.07137775031262,68.01
2025-01-08 01:00:00,97.0713777503125,63.34
2025-01-08 02:00:00,97.0713777503125,57.01
2025-01-08 03:00:00,97.07137775031266,66.29
2025-01-08 04:00:00,98.22129346317301,72.07
2025-01-08 05:00:00,105.4403524185031,82.7
2025-01-08 06:00:00,108.26698589311782,100.73
2025-01-08 07:00:00,108.72035288623151,128.22
2025-01-08 08:00:00,108.72237213271713,108.18
2025-01-08 09:00:00,109.27856566497113,94.65
2025-01-08 10:00:00,109.35730727942115,100.01
2025-01-08 11:00:00,103.2017347175817,89.99
2025-01-08 12:00:00,100.61690624999983,97.2
2025-01-08 13:00:00,100.66654331474972,110.19
2025-01-08 14:00:00,109.33982159434304,127.8
2025-01-08 15:00:00,109.82995678566138,135.82
2025-01-08 16:00:00,110.94750082857222,155.46
2025-01-08 17:00:00,113.63949367666085,149.23
2025-01-08 18:00:00,110.8067750246549,146.48
2025-01-08 19:00:00,110.70326512405299,136.86
2025-01-08 20:00:00,109.46218718152869,127.86
2025-01-08 21:00:00,109.39061104687532,115.92
2025-01-08 22:00:00,109.37948122246299,103.59
2025-01-08 23:00:00,109.31404378150982,101.44
2025-01-09 00:00:00,109.0972174284692,100.0
2025-01-09 01:00:00,107.48812522666802,98.77
2025-01-09 02:00:00,102.19154122106855,95.22
2025-01-09 03:00:00,105.81910609726361,98.28
2025-01-09 04:00:00,109.31885100803294,102.65
2025-01-09 05:00:00,110.70326512405242,133.54
2025-01-09 06:00:00,115.60662378739052,148.8
2025-01-09 07:00:00,115.98793258059945,164.88
2025-01-09 08:00:00,116.40614548501082,156.15
2025-01-09 09:00:00,113.63949367666027,147.64
2025-01-09 10:00:00,110.70326512405197,140.21
2025-01-09 11:00:00,109.3935237318492,128.18
2025-01-09 12:00:00,109.28364547661123,121.15
2025-01-09 13:00:00,109.05048979453228,123.95
2025-01-09 14:00:00,109.25302578225717,127.53
2025-01-09 15:00:00,110.70326512405148,123.75
2025-01-09 16:00:00,110.70326512405245,130.91
2025-01-09 17:00:00,110.70326512405211,134.75
2025-01-09 18:00:00,110.31494494320044,125.44
2025-01-09 19:00:00,109.34390281552318,119.23
2025-01-09 20:00:00,109.34398761352976,104.99
2025-01-09 21:00:00,109.3585614035087,101.1
2025-01-09 22:00:00,107.14837644051822,88.19
2025-01-09 23:00:00,102.61007374321898,84.79
2025-01-10 00:00:00,100.66654331474976,80.23
2025-01-10 01:00:00,100.61690625000008,71.29
2025-01-10 02:00:00,100.61690625000001,69.05
2025-01-10 03:00:00,100.66654331474997,69.89
2025-01-10 04:00:00,102.62483768834056,83.9
2025-01-10 05:00:00,109.2785901823502,99.09
2025-01-10 06:00:00,109.13869852431334,123.92
2025-01-10 07:00:00,109.50765475693743,139.47
2025-01-10 08:00:00,109.71189828567135,136.92
2025-01-10 09:00:00,109.3585614035069,123.57
2025-01-10 10:00:00,109.35856140350737,113.59
2025-01-10 11:00:00,109.35622397706982,107.43
2025-01-10 12:00:00,102.45483381426719,105.01
2025-01-10 13:00:00,102.67006042155721,110.01
2025-01-10 14:00:00,109.3576924326339,128.69
2025-01-10 15:00:00,109.36857960760614,134.87
2025-01-10 16:00:00,111.98866670261908,142.56
2025-01-10 17:00:00,116.41734291478822,144.12
2025-01-10 18:00:00,115.60662378739062,141.05
2025-01-10 19:00:00,110.7032651240527,134.82
2025-01-10 20:00:00,109.46886158891466,122.51
2025-01-10 21:00:00,109.43705666710358,119.77
2025-01-10 22:00:00,109.35856140350873,111.71
2025-01-10 23:00:00,109.35848278512039,106.64
2025-01-11 00:00:00,109.35836175960432,98.99
2025-01-11 01:00:00,109.35780232355744,95.71
2025-01-11 02:00:00,109.35780316715324,89.45
2025-01-11 03:00:00,109.01100903298568,88.35
2025-01-11 04:00:00,108.95518266518168,88.4
2025-01-11 05:00:00,109.3549873694145,88.13
2025-01-11 06:00:00,109.34358981080571,94.68
2025-01-11 07:00:00,109.35110569188528,107.65
2025-01-11 08:00:00,109.34815215157352,103.14
2025-01-11 09:00:00,109.35675219441438,101.13
2025-01-11 10:00:00,100.61690625000007,99.56
2025-01-11 11:00:00,97.85956206066555,96.74
2025-01-11 12:00:00,96.27261728008686,93.15
2025-01-11 13:00:00,96.27261728008675,94.9
2025-01-11 14:00:00,97.85956206066545,104.89
2025-01-11 15:00:00,100.6169062500001,112.12
2025-01-11 16:00:00,107.94221286164417,119.8
2025-01-11 17:00:00,108.90615728019405,122.34
2025-01-11 18:00:00,109.17006356600929,114.85
2025-01-11 19:00:00,109.29103725278911,111.19
2025-01-11 20:00:00,109.31113647320942,104.8
2025-01-11 21:00:00,109.35856140350948,103.07
2025-01-11 22:00:00,109.35761849269808,105.69
2025-01-11 23:00:00,109.35724443481627,83.58
2025-01-12 00:00:00,109.3569289517525,83.79
2025-01-12 01:00:00,109.35529338419016,86.75
2025-01-12 02:00:00,109.03581006059993,84.2
2025-01-12 03:00:00,108.55389102832696,85.0
2025-01-12 04:00:00,108.99604493929382,83.75
2025-01-12 05:00:00,109.3574905018743,85.9
2025-01-12 06:00:00,109.3579457522591,101.75
2025-01-12 07:00:00,109.35832144424324,114.67
2025-01-12 08:00:00,109.358547922019,120.07
2025-01-12 09:00:00,109.35819516530783,117.77
2025-01-12 10:00:00,109.35627794187845,105.61
2025-01-12 11:00:00,109.00103989176306,102.99
2025-01-12 12:00:00,106.8344979644223,99.61
2025-01-12 13:00:00,107.14837644051826,104.74
2025-01-12 14:00:00,108.27764415561276,118.7
2025-01-12 15:00:00,109.30528934498922,132.92
2025-01-12 16:00:00,111.23589961060576,141.0
2025-01-12 17:00:00,112.67424787587903,146.66
2025-01-12 18:00:00,113.1119210950952,143.66
2025-01-12 19:00:00,112.17059380350634,134.86
2025-01-12 20:00:00,110.70326512405263,127.49
2025-01-12 21:00:00,109.58476948878119,121.2
2025-01-12 22:00:00,109.50088599385681,114.9
2025-01-12 23:00:00,109.35860021962411,112.39
2025-01-13 00:00:00,109.35863616358382,105.07
2025-01-13 01:00:00,109.35862628017135,104.46
2025-01-13 02:00:00,109.35862223875351,100.37
2025-01-13 03:00:00,109.35861550224399,100.0
2025-01-13 04:00:00,109.35859816840372,110.11
2025-01-13 05:00:00,112.50127712894583,140.28
2025-01-13 06:00:00,116.42141403105354,181.92
2025-01-13 07:00:00,116.64938355451088,223.09
2025-01-13 08:00:00,116.41050000000153,174.09
2025-01-13 09:00:00,112.0404305534168,141.69
2025-01-13 10:00:00,109.35815679921478,115.73
2025-01-13 11:00:00,109.07432289319037,104.1
2025-01-13 12:00:00,101.60417943382068,103.04
2025-01-13 13:00:00,100.61690624999999,104.67
2025-01-13 14:00:00,106.99068685756698,138.2
2025-01-13 15:00:00,110.24344987614923,142.62
2025-01-13 16:00:00,115.60662378739069,149.0
2025-01-13 17:00:00,116.42068688512678,149.0
2025-01-13 18:00:00,116.41049999999991,139.73
2025-01-13 19:00:00,116.41049999999989,123.18
2025-01-13 20:00:00,110.70326512405263,120.22
2025-01-13 21:00:00,109.67181929615232,115.57
2025-01-13 22:00:00,109.35856140350877,102.31
2025-01-13 23:00:00,109.35856140350862,106.38
2025-01-14 00:00:00,109.35856140350874,103.7
2025-01-14 01:00:00,108.75065209283211,99.08
2025-01-14 02:00:00,108.75065209283218,97.99
2025-01-14 03:00:00,107.14837644051813,101.88
2025-01-14 04:00:00,109.35856140350887,107.64
2025-01-14 05:00:00,109.50571403356416,123.4
2025-01-14 06:00:00,113.63949367666065,156.62
2025-01-14 07:00:00,110.7032651240522,184.03
2025-01-14 08:00:00,100.6665433147488,151.86
2025-01-14 09:00:00,109.36337918443994,117.62
2025-01-14 10:00:00,107.14837644051806,109.31
2025-01-14 11:00:00,100.66654331474957,103.11
2025-01-14 12:00:00,99.27364890966955,108.11
2025-01-14 13:00:00,100.61690625000047,115.35
2025-01-14 14:00:00,103.0454004909794,125.35
2025-01-14 15:00:00,108.99348930031567,141.97
2025-01-14 16:00:00,110.70326512405326,165.86
2025-01-14 17:00:00,116.41049999999984,170.07
2025-01-14 18:00:00,100.66654331474939,158.38
2025-01-14 19:00:00,110.70326512405265,135.46
2025-01-14 20:00:00,110.70326512405259,117.69
2025-01-14 21:00:00,110.70326512405268,121.0
2025-01-14 22:00:00,109.67182164774657,121.76
2025-01-14 23:00:00,109.35856140350882,108.28
2025-01-15 00:00:00,109.35856140350874,107.72
2025-01-15 01:00:00,109.35856140350559,108.41
2025-01-15 02:00:00,109.35856140350802,108.04
2025-01-15 03:00:00,109.35856140350886,108.75
2025-01-15 04:00:00,109.50088659365953,114.92
2025-01-15 05:00:00,115.6066237873906,134.49
2025-01-15 06:00:00,116.64938355451176,191.79
2025-01-15 07:00:00,116.64938355451126,307.24
2025-01-15 08:00:00,116.8230767386435,315.02
2025-01-15 09:00:00,116.64938355451108,311.03
2025-01-15 10:00:00,116.42218957296892,304.8
2025-01-15 11:00:00,116.41519856925576,311.02
2025-01-15 12:00:00,115.86069835812216,309.34
2025-01-15 13:00:00,116.6493835545119,285.83
2025-01-15 14:00:00,116.52296268002235,301.74
2025-01-15 15:00:00,116.64938355451311,333.52
2025-01-15 16:00:00,117.34585853129988,377.99
2025-01-15 17:00:00,121.69641503198483,324.74
2025-01-15 18:00:00,121.7374154438978,270.09
2025-01-15 19:00:00,117.33422499393102,181.66
2025-01-15 20:00:00,116.40041840393776,150.87
2025-01-15 21:00:00,116.4105000000037,141.16
2025-01-15 22:00:00,112.99920932898074,123.9
2025-01-15 23:00:00,110.70326512405319,126.33
2025-01-16 00:00:00,109.55329280236352,119.12
2025-01-16 01:00:00,109.35856140351093,117.62
2025-01-16 02:00:00,109.35856140351069,115.03
2025-01-16 03:00:00,109.35856140350738,115.75
2025-01-16 04:00:00,110.15929208186253,123.27
2025-01-16 05:00:00,113.63949367666147,138.7
2025-01-16 06:00:00,116.41050000000678,173.04
2025-01-16 07:00:00,117.18145855507036,199.65
2025-01-16 08:00:00,116.73989511921857,175.0
2025-01-16 09:00:00,116.41050000003187,151.9
2025-01-16 10:00:00,112.3427750882693,140.64
2025-01-16 11:00:00,109.88140906849034,131.13
2025-01-16 12:00:00,109.35859409644526,130.58
2025-01-16 13:00:00,109.41290256926527,138.42
2025-01-16 14:00:00,110.70326512405269,163.04
2025-01-16 15:00:00,115.60662378739057,179.2
2025-01-16 16:00:00,116.42208890467167,191.56
2025-01-16 17:00:00,116.73989511921785,184.32
2025-01-16 18:00:00,116.64938355451119,179.97
2025-01-16 19:00:00,116.6493835545113,159.6
2025-01-16 20:00:00,116.36904020441112,141.6
2025-01-16 21:00:00,115.60662378739057,135.29
2025-01-16 22:00:00,110.70326512405263,123.75
2025-01-16 23:00:00,109.53118872200812,118.87
2025-01-17 00:00:00,109.35856140350919,118.39
2025-01-17 01:00:00,109.3585614035086,115.71
2025-01-17 02:00:00,109.3585614035085,114.72
2025-01-17 03:00:00,109.35856140350862,115.48
2025-01-17 04:00:00,109.55329280236838,122.16
2025-01-17 05:00:00,116.41324545995451,140.8
2025-01-17 06:00:00,116.64938355451105,175.01
2025-01-17 07:00:00,116.8707192498025,208.13
2025-01-17 08:00:00,116.8613437727956,175.34
2025-01-17 09:00:00,116.41692153007547,158.0
2025-01-17 10:00:00,111.80702772961271,140.73
2025-01-17 11:00:00,109.50142801114231,126.44
2025-01-17 12:00:00,109.35853226400735,124.03
2025-01-17 13:00:00,109.35767787388795,132.99
2025-01-17 14:00:00,109.4052989953811,151.98
2025-01-17 15:00:00,112.06380809713112,170.21
2025-01-17 16:00:00,116.42208806823795,178.79
2025-01-17 17:00:00,116.82307673867021,179.92
2025-01-17 18:00:00,116.64938355451149,174.22
2025-01-17 19:00:00,116.64938355451145,157.91
2025-01-17 20:00:00,116.4007917448241,145.0
2025-01-17 21:00:00,116.4105000000002,139.97
2025-01-17 22:00:00,115.60662378739099,126.84
2025-01-17 23:00:00,109.6718192961525,125.29
2025-01-18 00:00:00,109.48470275428834,121.05
2025-01-18 01:00:00,109.35856140350953,120.98
2025-01-18 02:00:00,109.35856140350785,118.85
2025-01-18 03:00:00,109.35856140350785,116.46
2025-01-18 04:00:00,109.35856140350887,119.77
2025-01-18 05:00:00,109.55329280236808,119.75
2025-01-18 06:00:00,112.04010040998416,133.39
2025-01-18 07:00:00,116.41050000000011,145.63
2025-01-18 08:00:00,116.41049999999831,144.1
2025-01-18 09:00:00,109.71289081132147,131.21
2025-01-18 10:00:00,109.35862272330247,121.56
2025-01-18 11:00:00,109.35814306875963,118.87
2025-01-18 12:00:00,109.35252202687764,115.01
2025-01-18 13:00:00,109.35134977046363,119.32
2025-01-18 14:00:00,109.35644636980584,133.32
2025-01-18 15:00:00,109.46014917584716,149.71
2025-01-18 16:00:00,115.60662378739588,164.59
2025-01-18 17:00:00,116.42562236646496,167.57
2025-01-18 18:00:00,116.41049999998774,167.85
2025-01-18 19:00:00,116.41049999999497,156.12
2025-01-18 20:00:00,116.32908672107433,143.42
2025-01-18 21:00:00,113.63949367666491,136.4
2025-01-18 22:00:00,110.70326512405686,129.36
2025-01-18 23:00:00,109.55243217851836,129.73
2025-01-19 00:00:00,109.35856140350876,124.2
2025-01-19 01:00:00,109.35856140350874,123.05
2025-01-19 02:00:00,109.3585614035088,121.24
2025-01-19 03:00:00,109.3585614035088,120.18
2025-01-19 04:00:00,109.35856140350874,120.0
2025-01-19 05:00:00,109.35856140350863,121.57
2025-01-19 06:00:00,109.55329280236745,123.33
2025-01-19 07:00:00,110.70326512405272,123.6
2025-01-19 08:00:00,110.7032651240525,125.16
2025-01-19 09:00:00,109.35863025664102,125.19
2025-01-19 10:00:00,109.35827739426283,121.56
2025-01-19 11:00:00,109.34313290678249,112.25
2025-01-19 12:00:00,102.48945959079437,107.51
2025-01-19 13:00:00,100.66654331474969,116.81
2025-01-19 14:00:00,107.14837644051754,126.29
2025-01-19 15:00:00,109.35832430524896,140.15
2025-01-19 16:00:00,112.6803041171913,149.67
2025-01-19 17:00:00,116.41496241760645,159.04
2025-01-19 18:00:00,116.41049999998872,156.6
2025-01-19 19:00:00,116.41049999999098,149.06
2025-01-19 20:00:00,115.60662378739126,139.26
2025-01-19 21:00:00,112.33590223022128,130.99
2025-01-19 22:00:00,110.7032651240527,122.94
2025-01-19 23:00:00,109.50088659364047,122.27
2025-01-20 00:00:00,109.35856140350577,119.44
2025-01-20 01:00:00,109.35856140350423,116.56
2025-01-20 02:00:00,109.35856140350492,114.41
2025-01-20 03:00:00,109.35856140350268,115.45
2025-01-20 04:00:00,110.70326512405312,127.54
2025-01-20 05:00:00,116.41508534153108,161.71
2025-01-20 06:00:00,116.64938355451177,276.48
2025-01-20 07:00:00,121.71394020603007,431.99
2025-01-20 08:00:00,117.7740897579695,291.7
2025-01-20 09:00:00,116.62662208744204,236.29
2025-01-20 10:00:00,115.60662378739067,187.48
2025-01-20 11:00:00,109.7113254049518,176.0
2025-01-20 12:00:00,109.48397733104457,171.39
2025-01-20 13:00:00,109.55243217852421,191.85
2025-01-20 14:00:00,113.63949367666063,277.17
2025-01-20 15:00:00,116.41050000000017,402.12
2025-01-20 16:00:00,117.30606102869004,583.4
2025-01-20 17:00:00,121.41545106820612,473.28
2025-01-20 18:00:00,116.73989511921776,295.57
2025-01-20 19:00:00,116.6493835545113,220.0
2025-01-20 20:00:00,116.37197692540843,170.0
2025-01-20 21:00:00,116.41050000000007,152.51
2025-01-20 22:00:00,112.03385483840475,137.98
2025-01-20 23:00:00,109.5532480891259,127.52
2025-01-21 00:00:00,109.50088659365971,121.65
2025-01-21 01:00:00,109.35856140350866,116.67
2025-01-21 02:00:00,109.35856140350879,113.86
2025-01-21 03:00:00,109.35856140350843,113.54
2025-01-21 04:00:00,110.70326512405262,122.34
2025-01-21 05:00:00,115.6066237873905,142.2
2025-01-21 06:00:00,116.43172522025426,190.06
2025-01-21 07:00:00,117.20886145258007,248.32
2025-01-21 08:00:00,116.82307673867005,211.68
2025-01-21 09:00:00,116.41050000000021,198.05
2025-01-21 10:00:00,110.70326512405259,161.5
2025-01-21 11:00:00,109.17741915927373,147.44
2025-01-21 12:00:00,108.9677986991118,142.83
2025-01-21 13:00:00,108.95162555797467,150.05
2025-01-21 14:00:00,109.54589873457003,173.43
2025-01-21 15:00:00,110.7032651240527,212.13
2025-01-21 16:00:00,116.42208892668481,301.15
2025-01-21 17:00:00,116.82307673867003,251.93
2025-01-21 18:00:00,116.64938355451137,202.68
2025-01-21 19:00:00,116.41050000000095,174.84
2025-01-21 20:00:00,116.41049999999976,155.19
2025-01-21 21:00:00,112.08292842941086,138.6
2025-01-21 22:00:00,111.62594072106205,125.29
2025-01-21 23:00:00,109.49479111566657,128.0
2025-01-22 00:00:00,109.45148060680178,125.06
2025-01-22 01:00:00,109.35856123772487,122.22
2025-01-22 02:00:00,109.35857053695992,121.66
2025-01-22 03:00:00,109.35865936846652,123.16
2025-01-22 04:00:00,110.70326512405276,128.32
2025-01-22 05:00:00,112.14963861780787,156.92
2025-01-22 06:00:00,116.41306258006951,208.25
2025-01-22 07:00:00,116.42208806823774,238.6
2025-01-22 08:00:00,116.42141403106704,199.41
2025-01-22 09:00:00,115.60662378739066,179.06
2025-01-22 10:00:00,110.70326512405266,172.94
2025-01-22 11:00:00,109.37854454412476,165.0
2025-01-22 12:00:00,109.36855093786993,170.0
2025-01-22 13:00:00,109.37226793012404,179.92
2025-01-22 14:00:00,110.6988164543573,195.67
2025-01-22 15:00:00,110.70326512405263,199.04
2025-01-22 16:00:00,115.60662378739065,208.99
2025-01-22 17:00:00,116.41178228355453,180.43
2025-01-22 18:00:00,116.41050000000021,167.08
2025-01-22 19:00:00,110.70326512405268,134.49
2025-01-22 20:00:00,110.43050400433083,127.78
2025-01-22 21:00:00,109.1512579729123,128.09
2025-01-22 22:00:00,109.34306365564566,114.68
2025-01-22 23:00:00,109.35856140350879,113.7
2025-01-23 00:00:00,109.30495810046176,108.88
2025-01-23 01:00:00,109.06949533880055,105.58
2025-01-23 02:00:00,108.95539364625719,100.01
2025-01-23 03:00:00,108.43885547432683,97.59
2025-01-23 04:00:00,108.13679204603332,100.01
2025-01-23 05:00:00,108.9197725445377,106.41
2025-01-23 06:00:00,109.29128623267562,136.6
2025-01-23 07:00:00,109.44732644342338,159.03
2025-01-23 08:00:00,109.44109700216941,155.42
2025-01-23 09:00:00,108.4784193465239,130.94
2025-01-23 10:00:00,108.53989155207776,116.1
2025-01-23 11:00:00,102.45030086965403,94.93
2025-01-23 12:00:00,98.22129346317317,88.56
2025-01-23 13:00:00,97.07137775031302,85.86
2025-01-23 14:00:00,98.22129346317288,89.8
2025-01-23 15:00:00,100.61690625000031,89.87
2025-01-23 16:00:00,108.9591890279385,106.75
2025-01-23 17:00:00,109.19316451317863,112.0
2025-01-23 18:00:00,108.91419868490976,101.87
2025-01-23 19:00:00,108.42364399523439,86.36
2025-01-23 20:00:00,105.92587608099446,74.28
2025-01-23 21:00:00,100.61690624999997,75.68
2025-01-23 22:00:00,98.22129346317297,58.23
2025-01-23 23:00:00,97.07137775031302,69.03
2025-01-24 00:00:00,94.87131662251804,58.16
2025-01-24 01:00:00,87.86051344871237,45.05
2025-01-24 02:00:00,87.8605134487124,40.6
2025-01-24 03:00:00,89.12174847060247,50.17
2025-01-24 04:00:00,96.27261728008739,73.2
2025-01-24 05:00:00,99.27364890966999,85.44
2025-01-24 06:00:00,101.76572991707445,109.16
2025-01-24 07:00:00,108.00678068636458,116.23
2025-01-24 08:00:00,107.14837644051813,96.34
2025-01-24 09:00:00,99.27364890966956,88.9
2025-01-24 10:00:00,97.07137775031275,78.44
2025-01-24 11:00:00,87.86051344871225,76.48
2025-01-24 12:00:00,29.315670336583096,74.69
2025-01-24 13:00:00,29.448270285294278,74.51
2025-01-24 14:00:00,35.93090000000013,74.51
2025-01-24 15:00:00,81.14176805625046,75.25
2025-01-24 16:00:00,97.07137775031279,83.02
2025-01-24 17:00:00,100.61690625000021,88.59
2025-01-24 18:00:00,100.6169062500001,91.78
2025-01-24 19:00:00,98.22129346317304,84.99
2025-01-24 20:00:00,97.85956206066555,80.79
2025-01-24 21:00:00,97.07137775031278,91.97
2025-01-24 22:00:00,97.07137775031286,86.29
2025-01-24 23:00:00,97.07137775031293,59.04
2025-01-25 00:00:00,96.27080970884923,64.96
2025-01-25 01:00:00,96.27261728008683,63.55
2025-01-25 02:00:00,96.27261728008672,67.17
2025-01-25 03:00:00,96.27261728008676,76.77
2025-01-25 04:00:00,96.85848151061616,76.89
2025-01-25 05:00:00,96.86965978441076,79.32
2025-01-25 06:00:00,97.07137775031315,76.89
2025-01-25 07:00:00,100.61690624999997,88.99
2025-01-25 08:00:00,100.66654331474957,87.31
2025-01-25 09:00:00,99.27364890966957,86.32
2025-01-25 10:00:00,98.221293463173,88.15
2025-01-25 11:00:00,96.27261728008676,82.55
2025-01-25 12:00:00,94.87131662251794,81.98
2025-01-25 13:00:00,97.07137775031258,89.0
2025-01-25 14:00:00,98.20991140903116,111.07
2025-01-25 15:00:00,107.14837644051822,132.97
2025-01-25 16:00:00,109.46666670218164,145.85
2025-01-25 17:00:00,110.70326512405266,151.0
2025-01-25 18:00:00,110.70326512405268,147.53
2025-01-25 19:00:00,109.45641948057269,137.6
2025-01-25 20:00:00,109.41944467769669,134.61
2025-01-25 21:00:00,109.39560478830704,132.26
2025-01-25 22:00:00,109.35740515465872,122.03
2025-01-25 23:00:00,109.35298827333062,126.21
2025-01-26 00:00:00,109.33177435658006,115.79
2025-01-26 01:00:00,109.15201921682589,111.3
2025-01-26 02:00:00,108.57188728193088,106.85
2025-01-26 03:00:00,103.054266281873,105.43
2025-01-26 04:00:00,100.66654331474963,107.86
2025-01-26 05:00:00,100.61690624999984,110.6
2025-01-26 06:00:00,100.61690624999996,117.62
2025-01-26 07:00:00,100.66654331474948,124.17
2025-01-26 08:00:00,107.35927764100578,121.97
2025-01-26 09:00:00,102.93370665967191,105.51
2025-01-26 10:00:00,98.22129346317304,102.57
2025-01-26 11:00:00,96.31734453336473,96.73
2025-01-26 12:00:00,89.12174847060189,90.02
2025-01-26 13:00:00,87.86051344871161,92.52
2025-01-26 14:00:00,94.54130571982732,111.63
2025-01-26 15:00:00,98.22129346317568,125.92
2025-01-26 16:00:00,107.38277451196724,132.77
2025-01-26 17:00:00,104.89883864612217,118.94
2025-01-26 18:00:00,106.14740254789977,90.32
2025-01-26 19:00:00,98.22129346317303,78.93
2025-01-26 20:00:00,98.22129346317296,68.26
2025-01-26 21:00:00,96.2726172800868,49.25
2025-01-26 22:00:00,94.55328573101058,23.89
2025-01-26 23:00:00,70.68461135361476,40.14
2025-01-27 00:00:00,65.95663542259528,35.26
2025-01-27 01:00:00,63.027045562886016,26.38
2025-01-27 02:00:00,35.93090000000048,14.07
2025-01-27 03:00:00,32.99467571964776,10.1
2025-01-27 04:00:00,35.93090000000048,21.52
2025-01-27 05:00:00,64.42147192874394,34.1
2025-01-27 06:00:00,78.0785017091598,56.99
2025-01-27 07:00:00,97.85956206066555,71.76
2025-01-27 08:00:00,98.22129346317297,62.96
2025-01-27 09:00:00,96.27261728008676,45.57
2025-01-27 10:00:00,72.34656264668538,40.11
2025-01-27 11:00:00,57.87701833246332,35.66
2025-01-27 12:00:00,38.06127293992196,38.37
2025-01-27 13:00:00,63.06437941604326,53.95
2025-01-27 14:00:00,63.17671517051987,86.79
2025-01-27 15:00:00,89.12174847060193,102.46
2025-01-27 16:00:00,98.2212934631728,118.56
2025-01-27 17:00:00,104.61994232657757,118.67
2025-01-27 18:00:00,107.14339601298177,100.05
2025-01-27 19:00:00,101.57763347611508,94.07
2025-01-27 20:00:00,98.22129346317297,85.08
2025-01-27 21:00:00,89.71074390243895,82.26
2025-01-27 22:00:00,89.12174847060143,69.28
2025-01-27 23:00:00,81.86080139670614,76.92
2025-01-28 00:00:00,81.67000276243066,71.53
2025-01-28 01:00:00,81.81761386482474,57.33
2025-01-28 02:00:00,87.86051344871207,69.28
2025-01-28 03:00:00,89.71074390243903,76.92
2025-01-28 04:00:00,93.60789134986689,77.59
2025-01-28 05:00:00,98.22129346317261,98.22
2025-01-28 06:00:00,100.66654331474948,125.45
2025-01-28 07:00:00,109.51117022490091,147.5
2025-01-28 08:00:00,109.26260641939932,135.3
2025-01-28 09:00:00,108.96723207409686,120.53
2025-01-28 10:00:00,100.61690625000008,116.34
2025-01-28 11:00:00,98.22129346317298,114.75
2025-01-28 12:00:00,99.27364890966955,117.39
2025-01-28 13:00:00,100.66654331474984,121.33
2025-01-28 14:00:00,107.42131308671506,139.91
2025-01-28 15:00:00,108.74118809885374,147.0
2025-01-28 16:00:00,108.68107605640677,149.6
2025-01-28 17:00:00,110.70326512405265,134.94
2025-01-28 18:00:00,110.5530552459982,128.9
2025-01-28 19:00:00,109.05915544274606,94.76
2025-01-28 20:00:00,105.06484801105837,87.26
2025-01-28 21:00:00,100.61690625000007,79.8
2025-01-28 22:00:00,98.22129346317304,64.43
2025-01-28 23:00:00,97.07137775031244,87.72
2025-01-29 00:00:00,96.27261728008698,83.39
2025-01-29 01:00:00,96.2726172800869,78.16
2025-01-29 02:00:00,96.27261728008683,75.64
2025-01-29 03:00:00,96.27261728008683,79.01
2025-01-29 04:00:00,97.07137775031288,86.98
2025-01-29 05:00:00,98.22129346317296,93.14
2025-01-29 06:00:00,107.44268027377629,141.42
2025-01-29 07:00:00,108.7541502537785,142.54
2025-01-29 08:00:00,109.27993012768884,130.45
2025-01-29 09:00:00,105.97735965521679,105.05
2025-01-29 10:00:00,100.66654331474982,89.25
2025-01-29 11:00:00,97.07137775031293,85.0
2025-01-29 12:00:00,70.96132025324214,85.53
2025-01-29 13:00:00,35.93090000000001,87.67
2025-01-29 14:00:00,77.701384079714,102.75
2025-01-29 15:00:00,100.61690625000003,132.66
2025-01-29 16:00:00,109.39632604879358,149.57
2025-01-29 17:00:00,110.65792461290067,150.09
2025-01-29 18:00:00,109.52173119229974,146.3
2025-01-29 19:00:00,109.38366690086492,131.95
2025-01-29 20:00:00,109.35241660300991,119.65
2025-01-29 21:00:00,109.35856140350798,111.99
2025-01-29 22:00:00,109.24547776308128,99.33
2025-01-29 23:00:00,109.07445514828525,92.41
2025-01-30 00:00:00,107.1483764405178,92.43
2025-01-30 01:00:00,106.30154880975752,93.33
2025-01-30 02:00:00,105.77730688256092,92.95
2025-01-30 03:00:00,103.37558381886602,92.43
2025-01-30 04:00:00,108.68224727309759,108.65
2025-01-30 05:00:00,109.3774201552249,139.83
2025-01-30 06:00:00,110.70326512405072,152.64
2025-01-30 07:00:00,115.16037317421808,160.3
2025-01-30 08:00:00,110.70326512405242,151.51
2025-01-30 09:00:00,109.35858670987596,135.09
2025-01-30 10:00:00,109.35826010251712,123.25
2025-01-30 11:00:00,109.0636525311392,115.89
2025-01-30 12:00:00,109.01081121387885,113.3
2025-01-30 13:00:00,109.06718749072296,129.41
2025-01-30 14:00:00,109.32724797355358,153.22
2025-01-30 15:00:00,109.33699665065271,160.87
2025-01-30 16:00:00,112.80725297577139,180.36
2025-01-30 17:00:00,115.67156558731222,176.58
2025-01-30 18:00:00,115.43748560922059,161.28
2025-01-30 19:00:00,110.80895638140784,150.2
2025-01-30 20:00:00,109.47309657734446,134.17
2025-01-30 21:00:00,109.36170562900959,126.46
2025-01-30 22:00:00,109.3585614035085,120.2
2025-01-30 23:00:00,109.35847245008478,120.0
2025-01-31 00:00:00,109.35828260399418,117.08
2025-01-31 01:00:00,109.33522242426449,113.89
2025-01-31 02:00:00,109.33204024342344,113.12
2025-01-31 03:00:00,109.32896872568067,115.98
2025-01-31 04:00:00,109.3325882170564,120.74
2025-01-31 05:00:00,109.40599608331617,131.87
2025-01-31 06:00:00,110.70326512405222,157.97
2025-01-31 07:00:00,115.60662378738984,163.7
2025-01-31 08:00:00,110.70326512405222,154.82
2025-01-31 09:00:00,109.35856140350866,130.1
2025-01-31 10:00:00,109.3582998434322,126.2
2025-01-31 11:00:00,109.3547677103123,120.06
2025-01-31 12:00:00,106.41416251166766,121.19
2025-01-31 13:00:00,106.68742104295956,119.76
2025-01-31 14:00:00,108.8714674795384,149.87
2025-01-31 15:00:00,109.40440125097653,168.26
2025-01-31 16:00:00,113.63949367666063,185.26
2025-01-31 17:00:00,116.29355220807825,184.48
2025-01-31 18:00:00,116.41049999999996,178.99
2025-01-31 19:00:00,116.41049999999994,162.66
2025-01-31 20:00:00,110.70326512405268,152.7
2025-01-31 21:00:00,109.75931851516519,144.31
2025-01-31 22:00:00,109.44502747458532,131.41
2025-01-31 23:00:00,109.35856140350876,136.93
2025-02-01 00:00:00,109.35856140350866,129.42
2025-02-01 01:00:00,109.35856140350869,124.24
2025-02-01 02:00:00,109.35856140350958,119.12
2025-02-01 03:00:00,109.3585377052066,118.86
2025-02-01 04:00:00,109.35848866654885,120.54
2025-02-01 05:00:00,109.3585614035088,127.1
2025-02-01 06:00:00,109.4724791755989,144.74
2025-02-01 07:00:00,110.7032651240527,153.46
2025-02-01 08:00:00,109.50311840515249,142.44
2025-02-01 09:00:00,109.35856140350879,128.4
2025-02-01 10:00:00,109.35763993306145,120.08
2025-02-01 11:00:00,107.14837644051823,110.29
2025-02-01 12:00:00,100.20828447811978,103.4
2025-02-01 13:00:00,97.79938453930946,113.7
2025-02-01 14:00:00,98.22129346317301,129.49
2025-02-01 15:00:00,108.96980189611966,154.43
2025-02-01 16:00:00,111.3705407841585,168.27
2025-02-01 17:00:00,115.60662378739102,167.51
2025-02-01 18:00:00,115.60662378739059,162.98
2025-02-01 19:00:00,112.29555356384391,156.6
2025-02-01 20:00:00,110.70326512405299,145.24
2025-02-01 21:00:00,109.52094063209903,141.73
2025-02-01 22:00:00,109.35856140350867,131.74
2025-02-01 23:00:00,109.35856140350882,133.26
2025-02-02 00:00:00,109.35856140350835,126.91
2025-02-02 01:00:00,109.3585614035091,122.99
2025-02-02 02:00:00,109.35856140350916,120.66
2025-02-02 03:00:00,109.35859328404904,122.34
2025-02-02 04:00:00,109.35859328404904,123.41
2025-02-02 05:00:00,109.35859328404906,128.09
2025-02-02 06:00:00,109.3586186277556,135.9
2025-02-02 07:00:00,109.35856140350879,137.3
2025-02-02 08:00:00,109.3585614035088,137.7
2025-02-02 09:00:00,109.35833300372141,130.04
2025-02-02 10:00:00,108.23774517717938,129.33
2025-02-02 11:00:00,100.61690624999989,122.24
2025-02-02 12:00:00,97.07137775031275,111.88
2025-02-02 13:00:00,87.8605134487122,116.42
2025-02-02 14:00:00,98.22129346317303,127.97
2025-02-02 15:00:00,109.08493150358925,151.21
2025-02-02 16:00:00,111.29684720443488,164.03
2025-02-02 17:00:00,115.60662378739077,172.49
2025-02-02 18:00:00,115.60662378739072,173.95
2025-02-02 19:00:00,112.64803825284201,165.5
2025-02-02 20:00:00,110.70326512405272,155.77
2025-02-02 21:00:00,110.70326512405279,148.44
2025-02-02 22:00:00,109.50088659365949,133.24
2025-02-02 23:00:00,109.35856140350896,129.54
2025-02-03 00:00:00,109.35859077877554,126.63
2025-02-03 01:00:00,109.35855802474964,124.72
2025-02-03 02:00:00,109.35855883628618,120.04
2025-02-03 03:00:00,109.35861853381782,123.24
2025-02-03 04:00:00,109.62057231742888,127.77
2025-02-03 05:00:00,115.60662378739066,159.18
2025-02-03 06:00:00,116.44239974189867,207.88
2025-02-03 07:00:00,117.29261280364453,243.23
2025-02-03 08:00:00,116.4105,178.04
2025-02-03 09:00:00,110.70326512405256,149.95
2025-02-03 10:00:00,109.35856140350863,126.05
2025-02-03 11:00:00,108.53926270011301,117.27
2025-02-03 12:00:00,100.61690625000003,115.29
2025-02-03 13:00:00,99.2837196106478,124.18
2025-02-03 14:00:00,101.77847663371469,145.86
2025-02-03 15:00:00,109.22363200158618,170.71
2025-02-03 16:00:00,113.63949367666052,216.0
2025-02-03 17:00:00,116.43172522025439,200.73
2025-02-03 18:00:00,116.64938355451115,201.1
2025-02-03 19:00:00,116.38475728411007,167.74
2025-02-03 20:00:00,116.36887564527996,153.0
2025-02-03 21:00:00,112.99908290102944,144.23
2025-02-03 22:00:00,110.70326512405262,135.81
2025-02-03 23:00:00,109.35856140350899,132.4
2025-02-04 00:00:00,109.358561403509,125.54
2025-02-04 01:00:00,109.35856140350863,123.18
2025-02-04 02:00:00,109.35856140350901,123.99
2025-02-04 03:00:00,109.35856140350911,123.25
2025-02-04 04:00:00,109.35856140350904,127.63
2025-02-04 05:00:00,112.45366471718903,155.42
2025-02-04 06:00:00,116.41050000000037,192.24
2025-02-04 07:00:00,116.4104999999735,211.99
2025-02-04 08:00:00,116.41050000000457,163.31
2025-02-04 09:00:00,109.35856140350728,136.53
2025-02-04 10:00:00,109.25002309201129,126.57
2025-02-04 11:00:00,101.81005115552134,116.89
2025-02-04 12:00:00,97.85956206066611,113.17
2025-02-04 13:00:00,96.27261728008543,120.09
2025-02-04 14:00:00,97.07137775031138,127.47
2025-02-04 15:00:00,102.8516099410507,164.81
2025-02-04 16:00:00,109.97867857090043,168.99
2025-02-04 17:00:00,115.60662378739065,175.0
2025-02-04 18:00:00,116.41050000000008,162.04
2025-02-04 19:00:00,115.60662378739059,145.01
2025-02-04 20:00:00,110.70326512405263,132.43
2025-02-04 21:00:00,109.38370631621389,129.42
2025-02-04 22:00:00,109.35856140350877,120.62
2025-02-04 23:00:00,109.35856140350904,113.34
2025-02-05 00:00:00,109.35856140350889,109.67
2025-02-05 01:00:00,109.35856140350869,109.4
2025-02-05 02:00:00,109.24537259600936,108.18
2025-02-05 03:00:00,109.2471449429287,115.17
2025-02-05 04:00:00,109.3585614035087,122.42
2025-02-05 05:00:00,110.2489393063793,139.81
2025-02-05 06:00:00,116.4104999999989,165.32
2025-02-05 07:00:00,116.41049999999967,180.81
2025-02-05 08:00:00,115.60662378739048,159.33
2025-02-05 09:00:00,109.35856140350859,132.19
2025-02-05 10:00:00,109.35855309344052,119.96
2025-02-05 11:00:00,109.04549532621017,115.46
2025-02-05 12:00:00,108.55304262318674,118.8
2025-02-05 13:00:00,109.07099488634721,128.85
2025-02-05 14:00:00,109.35546120649255,144.12
2025-02-05 15:00:00,109.37240307040233,160.58
2025-02-05 16:00:00,114.87930478798579,177.19
2025-02-05 17:00:00,116.42208806823822,189.9
2025-02-05 18:00:00,116.64938355451122,189.63
2025-02-05 19:00:00,116.40024326597015,170.0
2025-02-05 20:00:00,116.36887564528023,155.42
2025-02-05 21:00:00,115.60662378739072,143.7
2025-02-05 22:00:00,110.70326512405272,133.21
2025-02-05 23:00:00,109.50025758132325,133.67
2025-02-06 00:00:00,109.35856140350874,129.57
2025-02-06 01:00:00,109.3585614035081,125.87
2025-02-06 02:00:00,109.35856140350727,125.0
2025-02-06 03:00:00,109.35856140350882,125.01
2025-02-06 04:00:00,109.55019586435606,135.28
2025-02-06 05:00:00,115.60662378739082,156.12
2025-02-06 06:00:00,116.41050000000011,180.09
2025-02-06 07:00:00,117.33165140395644,219.42
2025-02-06 08:00:00,116.41050000000071,178.99
2025-02-06 09:00:00,110.70326512405288,160.14
2025-02-06 10:00:00,109.66565737917728,152.56
2025-02-06 11:00:00,109.35863608670971,147.89
2025-02-06 12:00:00,109.35876383156874,145.48
2025-02-06 13:00:00,109.3581999861898,137.79
2025-02-06 14:00:00,109.35849160725668,150.8
2025-02-06 15:00:00,110.70326512405268,164.89
2025-02-06 16:00:00,115.60662378739063,171.59
2025-02-06 17:00:00,115.60662378739048,170.48
2025-02-06 18:00:00,116.36939356417848,162.95
2025-02-06 19:00:00,113.63949367666056,141.33
2025-02-06 20:00:00,110.70326512405262,131.26
2025-02-06 21:00:00,109.61569622327445,134.0
2025-02-06 22:00:00,109.35856140350712,121.95
2025-02-06 23:00:00,109.03073303196349,126.05
2025-02-07 00:00:00,106.32846375464935,112.7
2025-02-07 01:00:00,106.1186469481126,108.82
2025-02-07 02:00:00,101.81970204656488,105.0
2025-02-07 03:00:00,101.81518946920153,104.81
2025-02-07 04:00:00,101.69195032746147,105.07
2025-02-07 05:00:00,107.9584271343047,112.39
2025-02-07 06:00:00,109.19439131732094,141.66
2025-02-07 07:00:00,109.21133213112398,164.21
2025-02-07 08:00:00,108.81038550232884,150.36
2025-02-07 09:00:00,108.98788707176085,133.88
2025-02-07 10:00:00,101.31969742707076,115.14
2025-02-07 11:00:00,99.27364890966938,111.49
2025-02-07 12:00:00,98.22129346317293,106.77
2025-02-07 13:00:00,97.85956206066562,109.59
2025-02-07 14:00:00,98.6318127273657,111.68
2025-02-07 15:00:00,101.59507992628146,126.61
2025-02-07 16:00:00,109.12869199423099,142.85
2025-02-07 17:00:00,109.21452755016347,149.05
2025-02-07 18:00:00,107.88193023682878,144.32
2025-02-07 19:00:00,107.98347093066967,126.93
2025-02-07 20:00:00,107.59027228415815,100.0
2025-02-07 21:00:00,108.38754583862892,98.72
2025-02-07 22:00:00,107.14837644051808,100.14
2025-02-07 23:00:00,100.66654331474979,81.34
2025-02-08 00:00:00,99.27364890966953,84.85
2025-02-08 01:00:00,99.03150055793294,85.8
2025-02-08 02:00:00,98.22129346317298,87.08
2025-02-08 03:00:00,98.22129346317297,89.69
2025-02-08 04:00:00,98.98361670183048,90.99
2025-02-08 05:00:00,100.61690624999994,90.8
2025-02-08 06:00:00,106.19999547391825,95.31
2025-02-08 07:00:00,109.1479788142755,111.11
2025-02-08 08:00:00,107.14837644051806,92.68
2025-02-08 09:00:00,99.27364890966959,79.42
2025-02-08 10:00:00,97.85956206066554,68.75
2025-02-08 11:00:00,96.27261728008683,67.71
2025-02-08 12:00:00,87.86051344871223,79.85
2025-02-08 13:00:00,87.86051344871214,89.85
2025-02-08 14:00:00,97.07137775031285,118.0
2025-02-08 15:00:00,100.66654331474989,140.87
2025-02-08 16:00:00,109.35339066969956,150.0
2025-02-08 17:00:00,110.70326512405242,160.49
2025-02-08 18:00:00,109.67691163426576,161.1
2025-02-08 19:00:00,109.53044142366225,156.42
2025-02-08 20:00:00,109.35654246189944,149.0
2025-02-08 21:00:00,109.35856140350816,144.0
2025-02-08 22:00:00,109.35856140350879,136.31
2025-02-08 23:00:00,109.3585614035088,135.0
2025-02-09 00:00:00,109.35856140350876,134.51
2025-02-09 01:00:00,109.35856140350877,130.18
2025-02-09 02:00:00,109.35856140350836,119.3
2025-02-09 03:00:00,109.35856140350498,116.79
2025-02-09 04:00:00,109.3585614035055,117.0
2025-02-09 05:00:00,109.35856140350879,117.0
2025-02-09 06:00:00,109.35856140350879,133.43
2025-02-09 07:00:00,109.35856140350862,136.77
2025-02-09 08:00:00,109.35856140350892,123.97
2025-02-09 09:00:00,109.01718558409665,114.79
2025-02-09 10:00:00,100.61690624999997,105.65
2025-02-09 11:00:00,98.22129346317239,98.71
2025-02-09 12:00:00,97.07137775031255,95.53
2025-02-09 13:00:00,96.27261728008654,109.9
2025-02-09 14:00:00,97.85956206066554,120.4
2025-02-09 15:00:00,105.9389810021795,141.96
2025-02-09 16:00:00,109.35641606999272,148.58
2025-02-09 17:00:00,110.70326512405269,161.93
2025-02-09 18:00:00,110.1998163584659,156.13
2025-02-09 19:00:00,109.50203933078605,150.65
2025-02-09 20:00:00,109.34695578456095,142.92
2025-02-09 21:00:00,109.3585614035091,143.0
2025-02-09 22:00:00,109.35856140350954,127.97
2025-02-09 23:00:00,109.35856140350752,118.58
2025-02-10 00:00:00,108.63032129269952,111.82
2025-02-10 01:00:00,107.14837644051892,109.22
2025-02-10 02:00:00,105.73238389979937,106.29
2025-02-10 03:00:00,106.18829511275894,105.85
2025-02-10 04:00:00,108.73505841428215,112.0
2025-02-10 05:00:00,109.28489587450831,145.38
2025-02-10 06:00:00,110.70326512405256,162.02
2025-02-10 07:00:00,115.60662378739046,181.36
2025-02-10 08:00:00,110.70326512405256,163.18
2025-02-10 09:00:00,109.34447217314387,135.9
2025-02-10 10:00:00,109.3585614035084,115.28
2025-02-10 11:00:00,101.43764626350941,109.36
2025-02-10 12:00:00,100.61690624999979,109.74
2025-02-10 13:00:00,99.2736489096694,123.07
2025-02-10 14:00:00,100.61690624999997,128.54
2025-02-10 15:00:00,107.14837644051835,133.58
2025-02-10 16:00:00,109.20566962044619,133.82
2025-02-10 17:00:00,109.45333316536484,142.11
2025-02-10 18:00:00,108.77665544789002,114.85
2025-02-10 19:00:00,107.41324679053427,94.37
2025-02-10 20:00:00,103.30365845824477,91.48
2025-02-10 21:00:00,101.15016938390808,88.87
2025-02-10 22:00:00,101.17725803775738,87.38
2025-02-10 23:00:00,98.22129346317301,77.45
2025-02-11 00:00:00,97.8595620606653,71.1
2025-02-11 01:00:00,97.85956206066528,71.62
2025-02-11 02:00:00,97.8595620606655,74.89
2025-02-11 03:00:00,98.22129346317286,77.45
2025-02-11 04:00:00,99.27364890966899,87.44
2025-02-11 05:00:00,107.14837644051799,100.46
2025-02-11 06:00:00,108.95511831438277,134.93
2025-02-11 07:00:00,110.70326512405244,155.53
2025-02-11 08:00:00,108.81143442460775,141.42
2025-02-11 09:00:00,109.33400480803394,96.65
2025-02-11 10:00:00,109.35642155521703,92.78
2025-02-11 11:00:00,100.61690625000058,97.68
2025-02-11 12:00:00,100.6169062500002,111.11
2025-02-11 13:00:00,102.62097498406709,123.46
2025-02-11 14:00:00,109.34076030060396,143.69
2025-02-11 15:00:00,109.34823102409833,144.47
2025-02-11 16:00:00,110.70326512405265,159.97
2025-02-11 17:00:00,113.63949367666075,168.19
2025-02-11 18:00:00,115.60662378739076,167.45
2025-02-11 19:00:00,110.70326512405276,162.63
2025-02-11 20:00:00,109.50023146481814,148.75
2025-02-11 21:00:00,109.341149919461,142.95
2025-02-11 22:00:00,109.35003191312217,128.24
2025-02-11 23:00:00,109.3585614035083,129.13
2025-02-12 00:00:00,109.35856140350865,127.77
2025-02-12 01:00:00,109.35856140350855,126.82
2025-02-12 02:00:00,109.32354255320075,126.59
2025-02-12 03:00:00,109.3280681163343,128.74
2025-02-12 04:00:00,109.35856140350872,131.24
2025-02-12 05:00:00,110.70326512405268,151.13
2025-02-12 06:00:00,115.60662378739066,163.64
2025-02-12 07:00:00,116.4104999999956,180.0
2025-02-12 08:00:00,116.41049999999993,174.92
2025-02-12 09:00:00,110.70326512405259,162.05
2025-02-12 10:00:00,109.43948557876139,144.01
2025-02-12 11:00:00,109.35851804054109,137.28
2025-02-12 12:00:00,109.35843690455428,142.03
2025-02-12 13:00:00,109.35854417141962,149.4
2025-02-12 14:00:00,109.42287017481463,159.67
2025-02-12 15:00:00,110.70326512405276,173.21
2025-02-12 16:00:00,116.48248072883572,184.59
2025-02-12 17:00:00,116.42208892668475,197.13
2025-02-12 18:00:00,116.41049999999974,192.57
2025-02-12 19:00:00,116.41049999999963,173.9
2025-02-12 20:00:00,116.41049999999994,155.78
2025-02-12 21:00:00,112.63717195968819,150.38
2025-02-12 22:00:00,110.70326512405255,141.81
2025-02-12 23:00:00,109.47382920154509,140.33
2025-02-13 00:00:00,109.35856140350887,137.75
2025-02-13 01:00:00,109.35856140350906,140.79
2025-02-13 02:00:00,109.35856140350806,136.59
2025-02-13 03:00:00,109.35856140350882,140.0
2025-02-13 04:00:00,110.70326512405259,142.0
2025-02-13 05:00:00,112.56248407774024,159.99
2025-02-13 06:00:00,116.41049999999433,190.33
2025-02-13 07:00:00,116.41049999999615,222.36
2025-02-13 08:00:00,116.41049999999564,220.05
2025-02-13 09:00:00,116.33932378117748,203.89
2025-02-13 10:00:00,110.7032651240527,184.68
2025-02-13 11:00:00,109.55409713754557,174.52
2025-02-13 12:00:00,109.43893321113042,170.1
2025-02-13 13:00:00,110.70326512405283,166.7
2025-02-13 14:00:00,110.70326512405231,170.1
2025-02-13 15:00:00,110.70326512405248,182.0
2025-02-13 16:00:00,115.60662378738986,213.05
2025-02-13 17:00:00,116.412883141892,207.17
2025-02-13 18:00:00,116.41050000002352,196.52
2025-02-13 19:00:00,116.4105000000219,177.03
2025-02-13 20:00:00,115.60662378718911,162.92
2025-02-13 21:00:00,112.47342993733545,153.12
2025-02-13 22:00:00,110.70326512403778,138.97
2025-02-13 23:00:00,109.47382920151347,139.21
2025-02-14 00:00:00,109.35856140350879,132.8
2025-02-14 01:00:00,109.35856140350876,128.5
2025-02-14 02:00:00,109.35856140350883,127.65
2025-02-14 03:00:00,109.3585614035087,129.58
2025-02-14 04:00:00,110.70326512405272,139.59
2025-02-14 05:00:00,115.20662986918157,162.89
2025-02-14 06:00:00,116.55876100372541,227.08
2025-02-14 07:00:00,116.4104999999994,265.64
2025-02-14 08:00:00,116.41049999999977,215.11
2025-02-14 09:00:00,113.34895100092574,181.03
2025-02-14 10:00:00,109.47349971823336,163.01
2025-02-14 11:00:00,109.35850118058727,149.86
2025-02-14 12:00:00,109.28484446999752,148.61
2025-02-14 13:00:00,109.35996394178635,155.8
2025-02-14 14:00:00,110.70326512405255,175.06
2025-02-14 15:00:00,113.63949367666076,200.0
2025-02-14 16:00:00,116.64938355451167,298.91
2025-02-14 17:00:00,116.72834933388127,293.06
2025-02-14 18:00:00,116.6493835545118,225.7
2025-02-14 19:00:00,116.60753720183261,183.55
2025-02-14 20:00:00,116.51565231043583,163.79
2025-02-14 21:00:00,114.89600610327314,153.0
2025-02-14 22:00:00,112.81961564223428,140.03
2025-02-14 23:00:00,110.70326512405309,135.29
2025-02-15 00:00:00,109.48968443942516,130.34
2025-02-15 01:00:00,109.35856140350879,120.0
2025-02-15 02:00:00,109.35856140350884,118.24
2025-02-15 03:00:00,109.35856140350877,118.45
2025-02-15 04:00:00,109.35856140350874,120.37
2025-02-15 05:00:00,109.49629018385365,133.74
2025-02-15 06:00:00,111.66715830255883,148.58
2025-02-15 07:00:00,113.01987824508294,150.67
2025-02-15 08:00:00,109.46467349950714,137.01
2025-02-15 09:00:00,109.35856140350818,124.59
2025-02-15 10:00:00,109.11220058747868,118.36
2025-02-15 11:00:00,106.38962854288103,112.39
2025-02-15 12:00:00,100.61690624999997,110.01
2025-02-15 13:00:00,99.12985286535312,116.15
2025-02-15 14:00:00,101.03133407240269,128.83
2025-02-15 15:00:00,109.34828741181373,145.89
2025-02-15 16:00:00,112.86659099904095,164.54
2025-02-15 17:00:00,116.64938355451112,174.7
2025-02-15 18:00:00,115.60662378739055,164.76
2025-02-15 19:00:00,113.63949367666066,149.65
2025-02-15 20:00:00,111.99735084646676,128.31
2025-02-15 21:00:00,110.70326512405242,132.37
2025-02-15 22:00:00,109.47221294941512,124.54
2025-02-15 23:00:00,109.35856140350884,134.11
2025-02-16 00:00:00,109.35856140350911,128.9
2025-02-16 01:00:00,109.35856140350906,123.57
2025-02-16 02:00:00,109.35856140351132,119.9
2025-02-16 03:00:00,109.35856140350931,119.57
2025-02-16 04:00:00,109.3299009860451,120.18
2025-02-16 05:00:00,109.3585614035089,119.92
2025-02-16 06:00:00,109.35856140350924,127.51
2025-02-16 07:00:00,109.35856140350884,129.6
2025-02-16 08:00:00,109.35856140351231,130.49
2025-02-16 09:00:00,101.7649258384465,127.7
2025-02-16 10:00:00,98.22129346317335,124.03
2025-02-16 11:00:00,87.57773591633892,124.67
2025-02-16 12:00:00,39.68185813503125,118.77
2025-02-16 13:00:00,81.86080139670649,121.02
2025-02-16 14:00:00,93.16986951789936,129.55
2025-02-16 15:00:00,97.85956206066557,137.68
2025-02-16 16:00:00,110.7032651240527,153.98
2025-02-16 17:00:00,112.43276752372498,169.98
2025-02-16 18:00:00,112.54795011011888,160.29
2025-02-16 19:00:00,112.46875917805093,153.72
2025-02-16 20:00:00,112.18872090156448,139.34
2025-02-16 21:00:00,110.70326512405269,137.62
2025-02-16 22:00:00,109.49208206611269,131.51
2025-02-16 23:00:00,109.35856140350924,128.05
2025-02-17 00:00:00,109.35856140350873,121.06
2025-02-17 01:00:00,109.35856140350874,120.34
2025-02-17 02:00:00,109.35856140350926,125.52
2025-02-17 03:00:00,109.35856140351115,128.94
2025-02-17 04:00:00,110.7032651240518,131.54
2025-02-17 05:00:00,115.60662378739052,153.16
2025-02-17 06:00:00,116.41050000000011,204.74
2025-02-17 07:00:00,116.64938355451123,209.79
2025-02-17 08:00:00,116.41050000000035,171.3
2025-02-17 09:00:00,109.39389112116648,139.67
2025-02-17 10:00:00,109.2465765006894,117.19
2025-02-17 11:00:00,100.66654331474967,109.47
2025-02-17 12:00:00,98.93351272117383,106.78
2025-02-17 13:00:00,99.27364890966956,111.89
2025-02-17 14:00:00,102.84831715796604,132.27
2025-02-17 15:00:00,109.50495914076075,158.96
2025-02-17 16:00:00,113.63949367666125,222.92
2025-02-17 17:00:00,116.51879777529888,271.0
2025-02-17 18:00:00,116.82307673867146,215.36
2025-02-17 19:00:00,116.39961937960354,177.86
2025-02-17 20:00:00,116.3719769254063,155.19
2025-02-17 21:00:00,115.60662378739151,139.39
2025-02-17 22:00:00,112.45457422875916,129.57
2025-02-17 23:00:00,110.7032651240535,132.95
2025-02-18 00:00:00,109.5312987566654,125.0
2025-02-18 01:00:00,109.35856140350347,123.56
2025-02-18 02:00:00,109.35856140350432,117.11
2025-02-18 03:00:00,109.35856140350417,115.66
2025-02-18 04:00:00,110.70326512405401,121.93
2025-02-18 05:00:00,113.28139473008412,143.61
2025-02-18 06:00:00,116.41384813789499,190.34
2025-02-18 07:00:00,116.41049999999906,193.8
2025-02-18 08:00:00,111.92412126903517,143.53
2025-02-18 09:00:00,109.12216818860833,124.24
2025-02-18 10:00:00,100.6169062499999,109.71
2025-02-18 11:00:00,92.54273178553241,96.41
2025-02-18 12:00:00,20.21801336529552,88.53
2025-02-18 13:00:00,21.324754617468464,98.35
2025-02-18 14:00:00,36.53126909486308,110.0
2025-02-18 15:00:00,97.85956206066543,128.16
2025-02-18 16:00:00,109.57345424711929,177.61
2025-02-18 17:00:00,115.60662378739076,174.32
2025-02-18 18:00:00,115.60662378739072,155.91
2025-02-18 19:00:00,113.63949367666082,142.42
2025-02-18 20:00:00,110.70326512405268,129.41
2025-02-18 21:00:00,110.70326512405285,121.9
2025-02-18 22:00:00,109.26688685667892,114.45
2025-02-18 23:00:00,109.35856140350892,104.54
2025-02-19 00:00:00,109.3056952128571,99.29
2025-02-19 01:00:00,107.14837644051934,99.6
2025-02-19 02:00:00,107.14837644051778,97.29
2025-02-19 03:00:00,107.14837644051765,94.5
2025-02-19 04:00:00,107.89384195489994,97.48
2025-02-19 05:00:00,110.7032651240521,115.0
2025-02-19 06:00:00,110.7032651240493,149.5
2025-02-19 07:00:00,115.60662378738951,166.37
2025-02-19 08:00:00,108.69768892318325,128.76
2025-02-19 09:00:00,100.66654331474648,107.91
2025-02-19 10:00:00,97.07137775031298,89.28
2025-02-19 11:00:00,28.050248935972867,81.52
2025-02-19 12:00:00,16.51771146551163,82.74
2025-02-19 13:00:00,8.344896332619898,85.2
2025-02-19 14:00:00,35.93090000000001,90.63
2025-02-19 15:00:00,97.85956206066555,110.03
2025-02-19 16:00:00,107.8526791158656,131.28
2025-02-19 17:00:00,110.7032651240526,142.98
2025-02-19 18:00:00,110.70326512405265,144.42
2025-02-19 19:00:00,109.1519018640876,120.9
2025-02-19 20:00:00,109.15865790004509,113.75
2025-02-19 21:00:00,108.63702705246874,107.13
2025-02-19 22:00:00,101.59858917235867,99.81
2025-02-19 23:00:00,101.60259863854468,86.17
2025-02-20 00:00:00,100.66654331474982,85.2
2025-02-20 01:00:00,100.6169062500001,84.56
2025-02-20 02:00:00,100.61690624999999,83.64
2025-02-20 03:00:00,100.61690625000008,82.18
2025-02-20 04:00:00,101.60271710525512,83.84
2025-02-20 05:00:00,109.17691474543103,86.31
2025-02-20 06:00:00,110.70326512405269,110.41
2025-02-20 07:00:00,110.70326512405258,127.98
2025-02-20 08:00:00,108.77417682261158,105.87
2025-02-20 09:00:00,100.61690625000001,93.72
2025-02-20 10:00:00,97.85956206066564,87.23
2025-02-20 11:00:00,67.58692332117103,86.87
2025-02-20 12:00:00,35.930899999999916,84.51
2025-02-20 13:00:00,53.56701391537614,84.78
2025-02-20 14:00:00,87.8605134487122,90.05
2025-02-20 15:00:00,97.07137775031268,98.34
2025-02-20 16:00:00,102.43381445945913,110.13
2025-02-20 17:00:00,110.70326512405266,112.38
2025-02-20 18:00:00,109.2867730311769,122.45
2025-02-20 19:00:00,109.17415858509496,105.91
2025-02-20 20:00:00,105.79732530804729,92.41
2025-02-20 21:00:00,100.66654331474977,90.84
2025-02-20 22:00:00,100.66654331474969,83.0
2025-02-20 23:00:00,100.61690625000013,75.51
2025-02-21 00:00:00,99.27364890966956,74.99
2025-02-21 01:00:00,98.22129346317291,79.8
2025-02-21 02:00:00,98.22129346317311,83.4
2025-02-21 03:00:00,98.22129346317293,82.4
2025-02-21 04:00:00,100.61690624999986,82.03
2025-02-21 05:00:00,104.91918161755034,106.47
2025-02-21 06:00:00,110.70326512405245,152.5
2025-02-21 07:00:00,110.60706157174195,145.21
2025-02-21 08:00:00,108.0716237057224,120.98
2025-02-21 09:00:00,98.10230327324436,98.68
2025-02-21 10:00:00,96.27261728008685,83.4
2025-02-21 11:00:00,81.86080139670638,78.0
2025-02-21 12:00:00,22.117359294116582,76.41
2025-02-21 13:00:00,19.979914529914396,79.52
2025-02-21 14:00:00,21.49562338499967,82.94
2025-02-21 15:00:00,81.67000276243093,103.47
2025-02-21 16:00:00,97.07137775031283,103.45
2025-02-21 17:00:00,102.45951819030455,101.98
2025-02-21 18:00:00,101.66767045185888,81.95
2025-02-21 19:00:00,98.22129346317303,80.25
2025-02-21 20:00:00,96.2726172800866,70.85
2025-02-21 21:00:00,94.87131662251772,70.64
2025-02-21 22:00:00,89.12174847060221,64.33
2025-02-21 23:00:00,87.86051344871231,50.99
2025-02-22 00:00:00,87.86051344871225,48.62
2025-02-22 01:00:00,87.86051344871228,47.96
2025-02-22 02:00:00,89.12174847060197,42.62
2025-02-22 03:00:00,89.12174847060197,41.2
2025-02-22 04:00:00,93.18644641016202,49.15
2025-02-22 05:00:00,94.87131662251815,49.11
2025-02-22 06:00:00,96.27261728008683,61.22
2025-02-22 07:00:00,97.07137775031292,68.25
2025-02-22 08:00:00,97.07137775031273,67.74
2025-02-22 09:00:00,81.8608013967067,53.21
2025-02-22 10:00:00,81.6700027624308,47.13
2025-02-22 11:00:00,32.847209167052355,40.4
2025-02-22 12:00:00,23.79458627348745,52.69
2025-02-22 13:00:00,27.77878153372418,68.0
2025-02-22 14:00:00,82.0537650519294,85.6
2025-02-22 15:00:00,97.07137775031292,100.95
2025-02-22 16:00:00,99.27364890966957,108.38
2025-02-22 17:00:00,109.21412725525849,106.98
2025-02-22 18:00:00,108.7468882414154,115.18
2025-02-22 19:00:00,107.7852021573979,103.0
2025-02-22 20:00:00,105.66102306884224,101.58
2025-02-22 21:00:00,101.69616566103888,94.27
2025-02-22 22:00:00,100.66654331474957,83.51
2025-02-22 23:00:00,99.22647963295087,91.1
2025-02-23 00:00:00,98.92835377182392,84.99
2025-02-23 01:00:00,98.98361670183071,86.21
2025-02-23 02:00:00,99.27364890966999,83.63
2025-02-23 03:00:00,98.22129346317361,85.77
2025-02-23 04:00:00,99.27364890966956,87.33
2025-02-23 05:00:00,100.66654331475088,87.7
2025-02-23 06:00:00,102.41260071416589,108.0
2025-02-23 07:00:00,107.14837644051858,112.24
2025-02-23 08:00:00,101.80474882449822,99.35
2025-02-23 09:00:00,98.22851036412956,83.0
2025-02-23 10:00:00,97.0713777503139,81.5
2025-02-23 11:00:00,93.7323573756501,71.12
2025-02-23 12:00:00,70.56402449526249,69.2
2025-02-23 13:00:00,70.55488958342585,64.75
2025-02-23 14:00:00,78.44429787101775,69.11
2025-02-23 15:00:00,96.27261728008774,84.7
2025-02-23 16:00:00,100.66654331474969,150.45
2025-02-23 17:00:00,110.7032651240527,154.69
2025-02-23 18:00:00,110.40489342940538,117.02
2025-02-23 19:00:00,105.35350631427346,96.03
2025-02-23 20:00:00,100.61690625000003,77.32
2025-02-23 21:00:00,98.22129346317294,73.81
2025-02-23 22:00:00,97.07137775031269,65.99
2025-02-23 23:00:00,96.2726172800868,70.83
2025-02-24 00:00:00,96.2726172800869,67.99
2025-02-24 01:00:00,96.27261728008692,40.98
2025-02-24 02:00:00,96.27261728008679,37.1
2025-02-24 03:00:00,96.27261728008682,65.34
2025-02-24 04:00:00,96.27261728008679,70.03
2025-02-24 05:00:00,97.85956206066568,81.0
2025-02-24 06:00:00,100.61690625000006,84.8
2025-02-24 07:00:00,101.76599855550481,106.68
2025-02-24 08:00:00,100.61690625000006,93.26
2025-02-24 09:00:00,97.07137775031273,79.04
2025-02-24 10:00:00,89.12174847060216,83.44
2025-02-24 11:00:00,32.4248611748945,81.63
2025-02-24 12:00:00,19.979914529914414,83.0
2025-02-24 13:00:00,20.218013365295615,86.4
2025-02-24 14:00:00,61.63406673098529,92.55
2025-02-24 15:00:00,89.12174847060197,100.7
2025-02-24 16:00:00,98.22129346317303,112.94
2025-02-24 17:00:00,108.04124773721655,137.81
2025-02-24 18:00:00,108.37983092702191,148.71
2025-02-24 19:00:00,107.76084905216148,129.27
2025-02-24 20:00:00,102.8660661523608,112.29
2025-02-24 21:00:00,101.72657216416616,112.9
2025-02-24 22:00:00,103.30365845824419,106.48
2025-02-24 23:00:00,101.70861458934623,90.6
2025-02-25 00:00:00,100.66654331474979,89.91
2025-02-25 01:00:00,101.55602105260343,93.39
2025-02-25 02:00:00,102.50278743970962,93.86
2025-02-25 03:00:00,102.93334173167761,97.43
2025-02-25 04:00:00,109.33360481959674,105.78
2025-02-25 05:00:00,110.70326512405272,144.87
2025-02-25 06:00:00,113.13021639634685,167.16
2025-02-25 07:00:00,115.66309114180164,173.34
2025-02-25 08:00:00,110.70326512405242,153.73
2025-02-25 09:00:00,109.35956261356574,140.36
2025-02-25 10:00:00,109.34919409713174,126.75
2025-02-25 11:00:00,109.15582748759998,124.63
2025-02-25 12:00:00,109.03591494371909,125.81
2025-02-25 13:00:00,107.14837644051764,134.38
2025-02-25 14:00:00,110.70326512405268,148.34
2025-02-25 15:00:00,110.70326512405268,170.68
2025-02-25 16:00:00,116.64938355451137,207.97
2025-02-25 17:00:00,116.64938355451133,233.05
2025-02-25 18:00:00,116.64938355451139,188.09
2025-02-25 19:00:00,115.92981795989778,156.96
2025-02-25 20:00:00,115.60662378739075,142.47
2025-02-25 21:00:00,112.3709307064576,129.46
2025-02-25 22:00:00,110.70326512405273,115.13
2025-02-25 23:00:00,109.54247005410926,122.99
2025-02-26 00:00:00,109.35813765192772,119.82
2025-02-26 01:00:00,109.35435668910034,116.94
2025-02-26 02:00:00,109.35229309783458,115.98
2025-02-26 03:00:00,109.35229309783458,116.56
2025-02-26 04:00:00,109.54247005410737,117.27
2025-02-26 05:00:00,112.55496232968186,132.65
2025-02-26 06:00:00,115.90093564237523,159.93
2025-02-26 07:00:00,116.52865042967771,175.19
2025-02-26 08:00:00,115.88582860225388,160.22
2025-02-26 09:00:00,110.6264054156621,141.37
2025-02-26 10:00:00,109.33021342649361,129.95
2025-02-26 11:00:00,107.14837644051795,120.53
2025-02-26 12:00:00,101.54167048748545,119.89
2025-02-26 13:00:00,100.6665433147496,125.12
2025-02-26 14:00:00,105.4546861163155,132.9
2025-02-26 15:00:00,110.7032651240571,149.75
2025-02-26 16:00:00,113.25950166431294,165.01
2025-02-26 17:00:00,115.75561264873578,172.57
2025-02-26 18:00:00,115.78985201951127,162.82
2025-02-26 19:00:00,115.6066237873907,147.38
2025-02-26 20:00:00,112.20687184636931,118.44
2025-02-26 21:00:00,109.49190632264578,120.94
2025-02-26 22:00:00,109.35856140350894,112.46
2025-02-26 23:00:00,109.35856140350847,101.48
2025-02-27 00:00:00,109.1078463589662,103.81
2025-02-27 01:00:00,109.10784604686042,101.24
2025-02-27 02:00:00,109.32359228368479,99.6
2025-02-27 03:00:00,109.32802962772551,100.43
2025-02-27 04:00:00,109.3585614035098,105.87
2025-02-27 05:00:00,110.70326512405268,115.18
2025-02-27 06:00:00,115.60662378739063,152.32
2025-02-27 07:00:00,116.41049999999997,159.05
2025-02-27 08:00:00,112.97006243475448,142.58
2025-02-27 09:00:00,109.48685226265754,129.94
2025-02-27 10:00:00,109.35856140350892,110.0
2025-02-27 11:00:00,108.77159277819398,101.1
2025-02-27 12:00:00,103.65949372771226,109.25
2025-02-27 13:00:00,103.07538326698696,110.0
2025-02-27 14:00:00,108.13130544132778,123.0
2025-02-27 15:00:00,110.70326512405171,142.62
2025-02-27 16:00:00,112.39628176108135,158.69
2025-02-27 17:00:00,116.09921596071663,174.71
2025-02-27 18:00:00,116.41049999999998,163.17
2025-02-27 19:00:00,116.36904020441123,144.61
2025-02-27 20:00:00,113.63949367666066,136.54
2025-02-27 21:00:00,110.70326512405272,124.69
2025-02-27 22:00:00,109.49208206611242,114.89
2025-02-27 23:00:00,109.35856140350874,115.47
2025-02-28 00:00:00,109.35856140350877,110.54
2025-02-28 01:00:00,109.3585614035088,109.38
2025-02-28 02:00:00,109.3585614035087,106.93
2025-02-28 03:00:00,109.3585614035088,112.03
2025-02-28 04:00:00,109.35856140350873,112.63
2025-02-28 05:00:00,111.90111693371476,135.99
2025-02-28 06:00:00,115.6066237873906,150.0
2025-02-28 07:00:00,116.41050000000013,161.82
2025-02-28 08:00:00,110.70326512405262,145.5
2025-02-28 09:00:00,109.35856140350867,127.7
2025-02-28 10:00:00,109.35789790994863,115.97
2025-02-28 11:00:00,109.07659525702503,109.51
2025-02-28 12:00:00,106.29909604017213,108.57
2025-02-28 13:00:00,102.34924138773563,111.58
2025-02-28 14:00:00,102.89082704483565,125.57
2025-02-28 15:00:00,109.04670835075201,135.05
2025-02-28 16:00:00,110.70326512405266,152.85
2025-02-28 17:00:00,115.86879500493093,161.24
2025-02-28 18:00:00,115.87500206682698,158.86
2025-02-28 19:00:00,115.60662378738088,143.96
2025-02-28 20:00:00,112.39773640503624,132.94
2025-02-28 21:00:00,110.70326512404318,127.43
2025-02-28 22:00:00,109.46654699702414,119.03
2025-02-28 23:00:00,109.35856140350784,128.19
2025-03-01 00:00:00,109.3585614035125,120.38
2025-03-01 01:00:00,109.35854458525523,117.09
2025-03-01 02:00:00,109.3563686294255,112.15
2025-03-01 03:00:00,109.3560806064405,109.75
2025-03-01 04:00:00,109.35732092537403,114.38
2025-03-01 05:00:00,109.35898683192667,118.86
2025-03-01 06:00:00,109.44311983209792,135.79
2025-03-01 07:00:00,109.45153155281047,138.79
2025-03-01 08:00:00,109.35856140350681,137.74
2025-03-01 09:00:00,109.29179282010114,125.08
2025-03-01 10:00:00,108.85274331089924,112.11
2025-03-01 11:00:00,99.36546678067185,102.21
2025-03-01 12:00:00,98.22129346317296,97.27
2025-03-01 13:00:00,98.22129346317293,99.39
2025-03-01 14:00:00,98.22129346317287,109.23
2025-03-01 15:00:00,100.66654331474946,125.41
2025-03-01 16:00:00,109.07216767059096,145.0
2025-03-01 17:00:00,111.2662035953566,158.55
2025-03-01 18:00:00,111.51375901808406,150.78
2025-03-01 19:00:00,110.70326512405254,137.29
2025-03-01 20:00:00,109.41919481962391,128.6
2025-03-01 21:00:00,109.37452533022977,123.57
2025-03-01 22:00:00,109.35851406498249,119.92
2025-03-01 23:00:00,109.3583862680068,123.94
2025-03-02 00:00:00,109.33895402681149,107.54
2025-03-02 01:00:00,109.29179282008703,99.32
2025-03-02 02:00:00,109.28743691544743,93.01
2025-03-02 03:00:00,109.15519843540025,94.23
2025-03-02 04:00:00,109.1755553132149,93.98
2025-03-02 05:00:00,109.27625633878083,95.89
2025-03-02 06:00:00,109.29576011439441,102.6
2025-03-02 07:00:00,109.33283093717611,103.11
2025-03-02 08:00:00,108.99609101582601,89.0
2025-03-02 09:00:00,100.27946308556392,68.3
2025-03-02 10:00:00,87.86051344871194,49.0
2025-03-02 11:00:00,21.26444295286965,27.5
2025-03-02 12:00:00,14.718779608732644,3.13
2025-03-02 13:00:00,-2.8110846983508964e-13,2.84
2025-03-02 14:00:00,2.3189124352249872,50.73
2025-03-02 15:00:00,33.10119305410671,80.43
2025-03-02 16:00:00,98.22129346317278,126.55
2025-03-02 17:00:00,109.38999285983546,143.09
2025-03-02 18:00:00,109.46502206344444,146.1
2025-03-02 19:00:00,109.42782485944596,132.98
2025-03-02 20:00:00,109.35856140350872,120.0
2025-03-02 21:00:00,109.35856140350893,120.79
2025-03-02 22:00:00,109.35856140350803,112.78
2025-03-02 23:00:00,109.30355713758388,108.01
2025-03-03 00:00:00,109.08196323195025,103.69
2025-03-03 01:00:00,109.0744532928384,102.79
2025-03-03 02:00:00,109.0744532928384,99.7
2025-03-03 03:00:00,109.07444678364728,103.37
2025-03-03 04:00:00,109.35827982099174,116.7
2025-03-03 05:00:00,109.40571330652556,137.51
2025-03-03 06:00:00,110.70326512405262,163.0
2025-03-03 07:00:00,109.7134668054445,147.52
2025-03-03 08:00:00,109.35856140350622,106.74
2025-03-03 09:00:00,99.27364890966956,72.39
2025-03-03 10:00:00,96.27261728008678,6.4
2025-03-03 11:00:00,19.979914529914595,0.33
2025-03-03 12:00:00,15.227239824750995,0.01
2025-03-03 13:00:00,-0.0,61.4
2025-03-03 14:00:00,16.860877466625453,84.1
2025-03-03 15:00:00,96.27261728008682,106.36
2025-03-03 16:00:00,108.9541273702996,148.79
2025-03-03 17:00:00,110.70326512405268,183.95
2025-03-03 18:00:00,113.79835380487125,175.93
2025-03-03 19:00:00,110.70326512405272,150.49
2025-03-03 20:00:00,109.48598736120896,128.21
2025-03-03 21:00:00,109.4343661648066,124.93
2025-03-03 22:00:00,109.35856140350882,122.46
2025-03-03 23:00:00,109.35856140350876,121.0
2025-03-04 00:00:00,109.3352224242648,109.44
2025-03-04 01:00:00,109.32735430689213,103.79
2025-03-04 02:00:00,109.32934927252265,104.82
2025-03-04 03:00:00,109.34624937398364,100.28
2025-03-04 04:00:00,109.35851124313322,111.51
2025-03-04 05:00:00,109.4664843262163,141.86
2025-03-04 06:00:00,110.7032651240525,169.61
2025-03-04 07:00:00,109.67266064972928,141.95
2025-03-04 08:00:00,109.35856140350836,110.98
2025-03-04 09:00:00,100.6665433147494,80.02
2025-03-04 10:00:00,89.71074390243933,48.58
2025-03-04 11:00:00,27.32280368098137,20.53
2025-03-04 12:00:00,19.97991452991378,14.34
2025-03-04 13:00:00,19.97991452991647,52.31
2025-03-04 14:00:00,-7.105427357601002e-13,81.29
2025-03-04 15:00:00,63.166296767425685,111.15
2025-03-04 16:00:00,100.61690624999903,148.61
2025-03-04 17:00:00,110.23468122116158,180.92
2025-03-04 18:00:00,110.70326512405427,163.67
2025-03-04 19:00:00,110.7032651240515,134.13
2025-03-04 20:00:00,109.39744661235358,114.38
2025-03-04 21:00:00,109.34474074654011,114.41
2025-03-04 22:00:00,109.24318537356547,106.81
2025-03-04 23:00:00,105.658022324831,90.05
2025-03-05 00:00:00,101.80459163637985,83.07
2025-03-05 01:00:00,100.66654331474884,83.01
2025-03-05 02:00:00,100.61690624999665,79.71
2025-03-05 03:00:00,100.61690624999784,81.63
2025-03-05 04:00:00,101.70861458934363,91.94
2025-03-05 05:00:00,107.94163820875481,115.57
2025-03-05 06:00:00,108.46000686739752,140.16
2025-03-05 07:00:00,109.294961803693,85.64
2025-03-05 08:00:00,99.02489557016567,41.63
2025-03-05 09:00:00,19.979914529914545,0.02
2025-03-05 10:00:00,-2.3548567471692774,-0.07
2025-03-05 11:00:00,-3.428097328067039,-4.28
2025-03-05 12:00:00,-5.0000000000000036,-3.7
2025-03-05 13:00:00,-4.800739652459852,0.05
2025-03-05 14:00:00,-5.00000000000005,48.5
2025-03-05 15:00:00,19.979914529914534,89.89
2025-03-05 16:00:00,97.07137775031264,133.13
2025-03-05 17:00:00,109.23468483645395,146.23
2025-03-05 18:00:00,110.7032651240527,145.89
2025-03-05 19:00:00,109.5113802005887,123.0
2025-03-05 20:00:00,109.3386104892693,108.12
2025-03-05 21:00:00,109.32208302951801,109.12
2025-03-05 22:00:00,107.14837644051936,96.98
2025-03-05 23:00:00,101.80077692419756,83.9
2025-03-06 00:00:00,100.66654331474956,84.84
2025-03-06 01:00:00,100.6169062500007,87.0
2025-03-06 02:00:00,100.61690625000378,88.12
2025-03-06 03:00:00,100.66654331475227,94.56
2025-03-06 04:00:00,103.27425310724365,95.91
2025-03-06 05:00:00,109.33019585455712,139.28
2025-03-06 06:00:00,109.41005903664356,151.32
2025-03-06 07:00:00,109.35578936778265,108.5
2025-03-06 08:00:00,100.66654331475229,78.7
2025-03-06 09:00:00,81.67000276243212,50.47
2025-03-06 10:00:00,27.251527616425186,4.02
2025-03-06 11:00:00,20.174743021012375,0.08
2025-03-06 12:00:00,7.333610846976612,0.02
2025-03-06 13:00:00,19.979914529914428,13.16
2025-03-06 14:00:00,19.97991452991446,71.0
2025-03-06 15:00:00,87.86051344871217,116.52
2025-03-06 16:00:00,100.61690624999994,148.95
2025-03-06 17:00:00,110.70326512405268,165.36
2025-03-06 18:00:00,111.88166826429294,149.1
2025-03-06 19:00:00,110.7032651240539,125.64
2025-03-06 20:00:00,109.30065338049393,106.63
2025-03-06 21:00:00,109.05514747255529,101.47
2025-03-06 22:00:00,104.09419930594899,91.11
2025-03-06 23:00:00,100.66654331474908,90.27
2025-03-07 00:00:00,100.66654331474997,90.27
2025-03-07 01:00:00,100.61690625000169,91.38
2025-03-07 02:00:00,100.61690625000169,91.69
2025-03-07 03:00:00,100.6665433147493,99.0
2025-03-07 04:00:00,108.54037057610934,115.17
2025-03-07 05:00:00,109.60785222937585,135.67
2025-03-07 06:00:00,110.70326512405309,147.7
2025-03-07 07:00:00,109.35713616774977,122.23
2025-03-07 08:00:00,107.22068149186256,83.0
2025-03-07 09:00:00,98.22129346317571,65.3
2025-03-07 10:00:00,81.86080139670783,31.81
2025-03-07 11:00:00,21.32475461746876,12.79
2025-03-07 12:00:00,19.97991452991502,8.08
2025-03-07 13:00:00,19.230089084671217,37.06
2025-03-07 14:00:00,35.93089999999925,90.15
2025-03-07 15:00:00,94.90046187477385,126.99
2025-03-07 16:00:00,107.14837644051819,149.91
2025-03-07 17:00:00,112.58262373900409,216.64
2025-03-07 18:00:00,115.85456602179534,178.68
2025-03-07 19:00:00,113.63949367666062,148.7
2025-03-07 20:00:00,110.70326512405282,132.4
2025-03-07 21:00:00,109.54662931002724,119.11
2025-03-07 22:00:00,109.3599356294061,111.83
2025-03-07 23:00:00,109.29951873503467,124.97
2025-03-08 00:00:00,108.68820207255064,113.94
2025-03-08 01:00:00,107.47442573556155,117.22
2025-03-08 02:00:00,107.148376440518,116.76
2025-03-08 03:00:00,108.69240124997394,118.42
2025-03-08 04:00:00,109.01747982061482,121.3
2025-03-08 05:00:00,109.03187892038515,127.82
2025-03-08 06:00:00,109.05177881359441,120.59
2025-03-08 07:00:00,107.14837644051839,98.04
2025-03-08 08:00:00,96.27261728008683,72.54
2025-03-08 09:00:00,67.73976801589919,18.05
2025-03-08 10:00:00,27.322803680981345,2.07
2025-03-08 11:00:00,19.433001898716654,-0.34
2025-03-08 12:00:00,-3.473625781903298,-0.1
2025-03-08 13:00:00,-0.2314302645372237,0.07
2025-03-08 14:00:00,19.501736510224344,56.2
2025-03-08 15:00:00,29.07916013849188,100.86
2025-03-08 16:00:00,87.8605134487121,145.58
2025-03-08 17:00:00,98.22129346317297,174.05
2025-03-08 18:00:00,104.61672931567418,140.03
2025-03-08 19:00:00,103.37961766173753,111.21
2025-03-08 20:00:00,100.61690625000001,100.0
2025-03-08 21:00:00,100.61690624999993,99.24
2025-03-08 22:00:00,99.27364890966959,97.94
2025-03-08 23:00:00,98.14901687877185,95.19
2025-03-09 00:00:00,97.07137775031246,94.81
2025-03-09 01:00:00,97.07137775031246,94.44
2025-03-09 02:00:00,97.07137775031262,96.51
2025-03-09 03:00:00,97.85956206066547,98.67
2025-03-09 04:00:00,97.85956206066547,101.51
2025-03-09 05:00:00,97.85956206066552,100.0
2025-03-09 06:00:00,98.22129346317293,93.01
2025-03-09 07:00:00,98.6681335239464,65.4
2025-03-09 08:00:00,96.27261728008676,29.27
2025-03-09 09:00:00,27.322803680981664,10.1
2025-03-09 10:00:00,27.32280368098148,0.03
2025-03-09 11:00:00,16.105785739838744,-2.26
2025-03-09 12:00:00,-3.7488695488560593,-2.04
2025-03-09 13:00:00,-7.499843636283535e-16,0.09
2025-03-09 14:00:00,19.979914529914492,17.39
2025-03-09 15:00:00,35.93089999999997,90.56
2025-03-09 16:00:00,96.27261728008675,125.74
2025-03-09 17:00:00,109.34672657230459,135.37
2025-03-09 18:00:00,109.40775819241324,136.7
2025-03-09 19:00:00,109.3585614035089,130.2
2025-03-09 20:00:00,109.35856140350882,122.7
2025-03-09 21:00:00,109.35856140350899,112.8
2025-03-09 22:00:00,109.35856140350892,106.83
2025-03-09 23:00:00,109.35856140350862,96.83
2025-03-10 00:00:00,109.33166047649843,94.92
2025-03-10 01:00:00,109.32990549134261,96.7
2025-03-10 02:00:00,109.31411801256547,96.87
2025-03-10 03:00:00,109.3529788150221,94.65
2025-03-10 04:00:00,109.35771773250457,106.37
2025-03-10 05:00:00,110.70326512405313,148.49
2025-03-10 06:00:00,113.63949367666105,159.75
2025-03-10 07:00:00,109.58159429228077,133.96
2025-03-10 08:00:00,109.35856140350873,98.88
2025-03-10 09:00:00,106.40567368707804,84.38
2025-03-10 10:00:00,99.27364890966956,77.88
2025-03-10 11:00:00,96.27261728008672,76.02
2025-03-10 12:00:00,54.385826234549995,77.32
2025-03-10 13:00:00,87.8605134487122,83.91
2025-03-10 14:00:00,95.09309676830955,97.47
2025-03-10 15:00:00,97.85956206066551,127.47
2025-03-10 16:00:00,109.34507698677409,147.97
2025-03-10 17:00:00,112.24352392653434,174.92
2025-03-10 18:00:00,112.96225998319507,160.24
2025-03-10 19:00:00,110.7032651240526,142.14
2025-03-10 20:00:00,109.49408945330578,126.59
2025-03-10 21:00:00,109.35856140351034,106.88
2025-03-10 22:00:00,109.35856140350631,97.97
2025-03-10 23:00:00,109.34995995497796,104.39
2025-03-11 00:00:00,109.3405560906322,101.8
2025-03-11 01:00:00,109.3405560906319,99.73
2025-03-11 02:00:00,109.28934919992435,100.5
2025-03-11 03:00:00,109.29176708038456,102.53
2025-03-11 04:00:00,109.34507698677375,110.86
2025-03-11 05:00:00,109.58756957428928,148.04
2025-03-11 06:00:00,112.94589148734232,152.98
2025-03-11 07:00:00,110.70326512405296,146.49
2025-03-11 08:00:00,109.51305773645109,128.53
2025-03-11 09:00:00,109.3567542551115,102.0
2025-03-11 10:00:00,109.2885741643877,97.48
2025-03-11 11:00:00,102.38497041366607,96.44
2025-03-11 12:00:00,99.27364890966942,98.38
2025-03-11 13:00:00,96.27261728008665,102.35
2025-03-11 14:00:00,97.07137775031245,112.84
2025-03-11 15:00:00,100.66654331474956,132.86
2025-03-11 16:00:00,109.40419611231589,171.95
2025-03-11 17:00:00,115.60662378739066,205.02
2025-03-11 18:00:00,115.88805043100037,180.95
2025-03-11 19:00:00,115.60662378739059,149.43
2025-03-11 20:00:00,110.70326512405249,133.0
2025-03-11 21:00:00,109.49408239620351,121.25
2025-03-11 22:00:00,109.35856140350948,107.34
2025-03-11 23:00:00,109.35856140350916,101.73
2025-03-12 00:00:00,109.35703984405934,100.09
2025-03-12 01:00:00,109.35402448541807,97.79
2025-03-12 02:00:00,109.35297657773728,97.38
2025-03-12 03:00:00,109.3529848699004,101.8
2025-03-12 04:00:00,109.35545774280168,110.31
2025-03-12 05:00:00,110.70326512405273,144.54
2025-03-12 06:00:00,115.60662378739062,161.64
2025-03-12 07:00:00,110.70326512405228,148.41
2025-03-12 08:00:00,109.44669871206817,125.0
2025-03-12 09:00:00,109.34897415521388,102.62
2025-03-12 10:00:00,108.27279070890685,99.69
2025-03-12 11:00:00,102.56624623860583,98.07
2025-03-12 12:00:00,101.72006220794684,99.91
2025-03-12 13:00:00,103.5950804090177,101.65
2025-03-12 14:00:00,106.59994238864044,117.74
2025-03-12 15:00:00,109.29249091813072,142.1
2025-03-12 16:00:00,110.7032651240526,157.03
2025-03-12 17:00:00,116.41258704104136,199.75
2025-03-12 18:00:00,116.4104999999993,179.49
2025-03-12 19:00:00,116.41050000000003,148.05
2025-03-12 20:00:00,110.70326512405262,132.2
2025-03-12 21:00:00,110.08414283192312,120.0
2025-03-12 22:00:00,109.358561403509,109.91
2025-03-12 23:00:00,109.3585614035087,108.52
2025-03-13 00:00:00,109.3585614035086,102.25
2025-03-13 01:00:00,109.35856140350876,98.98
2025-03-13 02:00:00,109.36145395341184,96.71
2025-03-13 03:00:00,109.3630360938505,98.35
2025-03-13 04:00:00,109.35856140351126,105.88
2025-03-13 05:00:00,110.70326512405344,132.99
2025-03-13 06:00:00,115.60662378739141,159.87
2025-03-13 07:00:00,110.70326512405339,158.03
2025-03-13 08:00:00,109.35856140350752,148.13
2025-03-13 09:00:00,109.35856140350867,123.77
2025-03-13 10:00:00,109.35856140351031,110.7
2025-03-13 11:00:00,109.10503919221294,110.01
2025-03-13 12:00:00,108.72690681660312,108.22
2025-03-13 13:00:00,108.72690681660278,107.54
2025-03-13 14:00:00,109.02414247975769,109.99
2025-03-13 15:00:00,109.29903692584129,121.47
2025-03-13 16:00:00,109.35859890910561,142.65
2025-03-13 17:00:00,110.70326512405263,166.05
2025-03-13 18:00:00,116.4164743883435,173.47
2025-03-13 19:00:00,110.9416031411101,149.0
2025-03-13 20:00:00,110.08568617629581,135.69
2025-03-13 21:00:00,109.46306581811035,123.48
2025-03-13 22:00:00,109.35856140350886,111.63
2025-03-13 23:00:00,109.35856140350873,109.09
2025-03-14 00:00:00,109.35856140350884,106.0
2025-03-14 01:00:00,109.35855635068678,105.9
2025-03-14 02:00:00,109.3585563506868,103.83
2025-03-14 03:00:00,109.35855635068675,105.3
2025-03-14 04:00:00,109.35858012135338,113.99
2025-03-14 05:00:00,110.70326512406703,143.02
2025-03-14 06:00:00,115.60662378739751,155.11
2025-03-14 07:00:00,110.7542871825868,155.0
2025-03-14 08:00:00,109.35856140350741,132.09
2025-03-14 09:00:00,109.35856140350874,112.0
2025-03-14 10:00:00,109.2673990511424,106.35
2025-03-14 11:00:00,108.72098285511385,104.5
2025-03-14 12:00:00,107.14837644051808,104.59
2025-03-14 13:00:00,107.14837644051819,105.38
2025-03-14 14:00:00,108.00615776108505,109.39
2025-03-14 15:00:00,109.05141079969862,124.84
2025-03-14 16:00:00,109.38636665999422,146.44
2025-03-14 17:00:00,111.87080479936697,155.33
2025-03-14 18:00:00,112.1978028335266,150.91
2025-03-14 19:00:00,109.57538865665985,130.01
2025-03-14 20:00:00,109.35856140350873,111.39
2025-03-14 21:00:00,109.35856140350859,114.0
2025-03-14 22:00:00,109.3585614035087,105.17
2025-03-14 23:00:00,109.35856140350874,112.15
2025-03-15 00:00:00,109.35856140350874,103.14
2025-03-15 01:00:00,109.33166988792273,96.0
2025-03-15 02:00:00,109.32991529569188,89.9
2025-03-15 03:00:00,109.2874741192232,86.9
2025-03-15 04:00:00,109.28747411922313,90.55
2025-03-15 05:00:00,109.27182055703312,97.01
2025-03-15 06:00:00,109.33592871679997,99.42
2025-03-15 07:00:00,109.3324751970721,98.77
2025-03-15 08:00:00,107.14837644051818,86.4
2025-03-15 09:00:00,98.08854788670985,72.39
2025-03-15 10:00:00,87.86051344871225,67.16
2025-03-15 11:00:00,71.59693287869509,57.32
2025-03-15 12:00:00,44.85388683928485,48.0
2025-03-15 13:00:00,62.13926151498917,54.51
2025-03-15 14:00:00,87.86051344871241,70.8
2025-03-15 15:00:00,96.27261728008709,84.24
2025-03-15 16:00:00,100.66654331474965,121.91
2025-03-15 17:00:00,109.34605148802012,130.3
2025-03-15 18:00:00,109.35856140350859,132.96
2025-03-15 19:00:00,109.35856140350847,121.46
2025-03-15 20:00:00,109.35856140350862,108.5
2025-03-15 21:00:00,109.35856140350924,105.02
2025-03-15 22:00:00,109.3585614035087,95.25
2025-03-15 23:00:00,109.35856140350845,90.01
2025-03-16 00:00:00,109.35856140350815,85.79
2025-03-16 01:00:00,109.2995386757626,79.62
2025-03-16 02:00:00,109.20913253539656,78.18
2025-03-16 03:00:00,109.10224102615257,78.6
2025-03-16 04:00:00,109.10224102615257,80.51
2025-03-16 05:00:00,109.22311836195499,85.14
2025-03-16 06:00:00,109.32991529569175,82.07
2025-03-16 07:00:00,109.10638542577307,77.95
2025-03-16 08:00:00,101.90748983563913,56.9
2025-03-16 09:00:00,96.27261728008692,24.09
2025-03-16 10:00:00,27.322803680980968,2.9
2025-03-16 11:00:00,20.38236774213936,1.01
2025-03-16 12:00:00,19.979914529914517,0.19
2025-03-16 13:00:00,20.437413077687246,2.53
2025-03-16 14:00:00,35.93089999999997,31.0
2025-03-16 15:00:00,41.656894164966424,71.11
2025-03-16 16:00:00,101.8054706854922,116.81
2025-03-16 17:00:00,109.33115003557427,130.84
2025-03-16 18:00:00,109.3585614035088,140.0
2025-03-16 19:00:00,109.35856140350887,125.28
2025-03-16 20:00:00,109.35856140350887,107.73
2025-03-16 21:00:00,109.35856140350877,100.8
2025-03-16 22:00:00,109.3585614035091,79.71
2025-03-16 23:00:00,108.99835393575,78.1
2025-03-17 00:00:00,107.1483764405185,79.01
2025-03-17 01:00:00,107.14837644051852,78.79
2025-03-17 02:00:00,107.14837644051852,80.91
2025-03-17 03:00:00,108.56021173020766,85.85
2025-03-17 04:00:00,109.30641705471152,103.3
2025-03-17 05:00:00,109.35856140350917,135.18
2025-03-17 06:00:00,109.35856140350919,152.87
2025-03-17 07:00:00,109.35856140350879,135.24
2025-03-17 08:00:00,108.07657321687793,100.73
2025-03-17 09:00:00,99.27364890966952,68.21
2025-03-17 10:00:00,97.0713777503128,50.56
2025-03-17 11:00:00,81.670002762431,31.17
2025-03-17 12:00:00,28.356520196885132,27.95
2025-03-17 13:00:00,35.93089999999998,50.14
2025-03-17 14:00:00,69.04548113600109,70.01
2025-03-17 15:00:00,97.07137775031259,98.55
2025-03-17 16:00:00,107.48027286847984,143.05
2025-03-17 17:00:00,109.55528759930691,177.33
2025-03-17 18:00:00,110.93682110850212,170.0
2025-03-17 19:00:00,110.70326512405276,141.5
2025-03-17 20:00:00,109.48656228655211,118.85
2025-03-17 21:00:00,109.35856140350897,107.86
2025-03-17 22:00:00,109.35856140350948,93.5
2025-03-17 23:00:00,109.35856140350855,92.2
2025-03-18 00:00:00,109.34055609063681,89.99
2025-03-18 01:00:00,109.32538175083714,92.37
2025-03-18 02:00:00,109.32932330202128,89.2
2025-03-18 03:00:00,109.32932330202128,95.25
2025-03-18 04:00:00,109.34492968972923,110.74
2025-03-18 05:00:00,109.5098403158866,138.9
2025-03-18 06:00:00,109.80245591251197,136.68
2025-03-18 07:00:00,109.35856140350803,106.52
2025-03-18 08:00:00,102.72087075441695,71.53
2025-03-18 09:00:00,87.8605134487122,25.27
2025-03-18 10:00:00,26.827910254859113,0.68
2025-03-18 11:00:00,19.979914529914517,-1.46
2025-03-18 12:00:00,15.681465987521158,-0.3
2025-03-18 13:00:00,19.979914529914534,5.72
2025-03-18 14:00:00,19.979914529914552,50.28
2025-03-18 15:00:00,40.17407478917991,95.94
2025-03-18 16:00:00,98.22129346317307,140.9
2025-03-18 17:00:00,110.70326512405259,170.91
2025-03-18 18:00:00,112.30302733596073,167.46
2025-03-18 19:00:00,110.70326512405254,142.39
2025-03-18 20:00:00,109.49198484045748,123.04
2025-03-18 21:00:00,109.35856140350857,115.97
2025-03-18 22:00:00,109.35856140350869,103.29
2025-03-18 23:00:00,109.33935470194868,107.29
2025-03-19 00:00:00,109.30488905051249,102.4
2025-03-19 01:00:00,109.30488905051249,101.19
2025-03-19 02:00:00,109.3048890505125,102.0
2025-03-19 03:00:00,109.31123350702546,106.59
2025-03-19 04:00:00,109.35846823344605,122.52
2025-03-19 05:00:00,109.57620801858383,158.05
2025-03-19 06:00:00,110.70326512405232,147.74
2025-03-19 07:00:00,109.35856140350877,108.23
2025-03-19 08:00:00,108.0961286902594,79.5
2025-03-19 09:00:00,97.07137775031268,26.52
2025-03-19 10:00:00,27.322803680981597,-0.04
2025-03-19 11:00:00,20.21801336529557,-0.56
2025-03-19 12:00:00,19.979914529914524,-0.25
2025-03-19 13:00:00,26.62852737346319,0.99
2025-03-19 14:00:00,35.93090000000004,66.73
2025-03-19 15:00:00,73.36292550879527,109.85
2025-03-19 16:00:00,100.61690625000006,147.56
2025-03-19 17:00:00,110.89940027033319,248.18
2025-03-19 18:00:00,116.34989803541801,220.3
2025-03-19 19:00:00,113.63949367666036,176.68
2025-03-19 20:00:00,109.71264675333407,138.24
2025-03-19 21:00:00,109.39818415601185,124.45
2025-03-19 22:00:00,109.39356802133105,111.14
2025-03-19 23:00:00,109.35588388109909,117.17
2025-03-20 00:00:00,109.27755876234495,102.86
2025-03-20 01:00:00,109.18075985410808,99.56
2025-03-20 02:00:00,109.18075985410808,100.08
2025-03-20 03:00:00,109.18769762233869,102.83
2025-03-20 04:00:00,109.33477622825312,119.7
2025-03-20 05:00:00,109.35950879546213,144.84
2025-03-20 06:00:00,110.70326512405268,141.21
2025-03-20 07:00:00,109.38101107650007,99.87
2025-03-20 08:00:00,107.14837644051593,79.45
2025-03-20 09:00:00,94.87131662251768,37.51
2025-03-20 10:00:00,27.322803680980854,3.42
2025-03-20 11:00:00,26.948788341014037,0.43
2025-03-20 12:00:00,26.880344534082564,0.65
2025-03-20 13:00:00,27.159339932449694,16.6
2025-03-20 14:00:00,44.853886839280584,79.42
2025-03-20 15:00:00,87.86051344871282,120.76
2025-03-20 16:00:00,102.67378176549599,155.14
2025-03-20 17:00:00,112.41808030865099,280.07
2025-03-20 18:00:00,116.39987089469813,253.85
2025-03-20 19:00:00,115.60662378739075,164.0
2025-03-20 20:00:00,110.70326512405283,136.82
2025-03-20 21:00:00,109.6797863833386,125.03
2025-03-20 22:00:00,109.3565884785788,117.91
2025-03-20 23:00:00,108.6952550435951,125.07
2025-03-21 00:00:00,104.98337871171303,116.41
2025-03-21 01:00:00,104.6045638169349,112.74
2025-03-21 02:00:00,104.35628006374986,105.81
2025-03-21 03:00:00,104.51467787576391,109.1
2025-03-21 04:00:00,105.9230188452315,127.49
2025-03-21 05:00:00,110.70326512405268,156.0
2025-03-21 06:00:00,112.54561889461954,148.27
2025-03-21 07:00:00,107.14837644051833,110.73
2025-03-21 08:00:00,97.07137775031275,73.31
2025-03-21 09:00:00,38.09268111724383,43.25
2025-03-21 10:00:00,23.627916975577634,7.35
2025-03-21 11:00:00,2.443340126577487e-13,0.81
2025-03-21 12:00:00,-4.381098101614173,0.0
2025-03-21 13:00:00,-4.999999999999851,2.49
2025-03-21 14:00:00,-5.00000000000238,12.36
2025-03-21 15:00:00,18.445698782551403,46.22
2025-03-21 16:00:00,35.93090000000629,100.24
2025-03-21 17:00:00,96.27261728009677,120.65
2025-03-21 18:00:00,98.22129346322754,83.5
2025-03-21 19:00:00,97.07137775031565,70.0
2025-03-21 20:00:00,92.98823710242722,47.19
2025-03-21 21:00:00,81.86080139671353,27.13
2025-03-21 22:00:00,37.812575762560726,18.45
2025-03-21 23:00:00,32.97859464035695,26.93
2025-03-22 00:00:00,21.324754617470735,12.57
2025-03-22 01:00:00,21.324754617471648,9.07
2025-03-22 02:00:00,23.213021355451357,6.88
2025-03-22 03:00:00,29.31567033718115,10.12
2025-03-22 04:00:00,32.63945054994574,12.95
2025-03-22 05:00:00,32.97859464033615,13.01
2025-03-22 06:00:00,34.48658153662665,13.04
2025-03-22 07:00:00,19.979914529918105,3.11
2025-03-22 08:00:00,-1.7610341343511908,0.0
2025-03-22 09:00:00,-5.000000000005203,-1.86
2025-03-22 10:00:00,-5.000000000004649,-6.31
2025-03-22 11:00:00,-5.000000000004838,-15.18
2025-03-22 12:00:00,-5.000000000005938,-15.04
2025-03-22 13:00:00,-5.000000000003434,-6.79
2025-03-22 14:00:00,-5.000000000000448,-1.51
2025-03-22 15:00:00,-4.999999999995194,1.01
2025-03-22 16:00:00,19.979914529923285,34.99
2025-03-22 17:00:00,96.2726172800929,60.03
2025-03-22 18:00:00,98.38270360174927,50.95
2025-03-22 19:00:00,98.22129346317296,42.15
2025-03-22 20:00:00,97.07137775031269,36.12
2025-03-22 21:00:00,97.07137775031269,37.14
2025-03-22 22:00:00,97.07137775031269,35.69
2025-03-22 23:00:00,96.27261728008672,13.69
2025-03-23 00:00:00,96.27261728008672,19.01
2025-03-23 01:00:00,96.27261728008672,23.65
2025-03-23 02:00:00,96.27261728008673,23.49
2025-03-23 03:00:00,96.27261728008676,24.82
2025-03-23 04:00:00,96.27261728008672,25.01
2025-03-23 05:00:00,96.27261728008672,24.84
2025-03-23 06:00:00,97.07137775031265,24.26
2025-03-23 07:00:00,97.07137775031268,18.99
2025-03-23 08:00:00,87.86051344871224,23.09
2025-03-23 09:00:00,27.32280368098162,13.78
2025-03-23 10:00:00,27.322803680981632,9.6
2025-03-23 11:00:00,27.322803680981668,13.49
2025-03-23 12:00:00,20.403225987611386,5.01
2025-03-23 13:00:00,27.322803680981707,11.46
2025-03-23 14:00:00,36.115599452192626,42.5
2025-03-23 15:00:00,96.27261728008676,84.42
2025-03-23 16:00:00,99.29620797781425,124.23
2025-03-23 17:00:00,109.32001574040586,140.0
2025-03-23 18:00:00,109.39408771761103,142.51
2025-03-23 19:00:00,109.35856140350877,140.58
2025-03-23 20:00:00,109.35856140350892,130.0
2025-03-23 21:00:00,109.35856140350842,126.47
2025-03-23 22:00:00,109.35856140350958,114.24
2025-03-23 23:00:00,109.33767713925955,110.45
2025-03-24 00:00:00,109.33455636584885,107.29
2025-03-24 01:00:00,109.3528765487604,101.91
2025-03-24 02:00:00,109.35108102284725,98.94
2025-03-24 03:00:00,109.35257018656853,101.99
2025-03-24 04:00:00,109.35486412670797,119.82
2025-03-24 05:00:00,109.61680570227286,141.5
2025-03-24 06:00:00,110.70326512405259,164.28
2025-03-24 07:00:00,110.70326512405273,161.86
2025-03-24 08:00:00,109.35856140350828,135.38
2025-03-24 09:00:00,109.33236124062938,111.16
2025-03-24 10:00:00,101.81412087324134,107.36
2025-03-24 11:00:00,97.07137775031542,100.75
2025-03-24 12:00:00,87.86051344871366,100.87
2025-03-24 13:00:00,94.87131662251964,106.57
2025-03-24 14:00:00,97.07137775031292,115.85
2025-03-24 15:00:00,100.61690625,130.95
2025-03-24 16:00:00,109.32593331519404,154.15
2025-03-24 17:00:00,112.32028727740911,211.99
2025-03-24 18:00:00,115.86209458318547,193.0
2025-03-24 19:00:00,113.6394936766605,161.84
2025-03-24 20:00:00,110.70326512405279,138.55
2025-03-24 21:00:00,109.49408945329357,125.58
2025-03-24 22:00:00,109.35856140350813,115.16
2025-03-24 23:00:00,109.35856140350676,102.07
2025-03-25 00:00:00,109.35704988643391,101.76
2025-03-25 01:00:00,109.35704988643391,100.2
2025-03-25 02:00:00,109.35480979101536,102.67
2025-03-25 03:00:00,109.35383172454091,101.96
2025-03-25 04:00:00,109.3570499556121,107.39
2025-03-25 05:00:00,109.54430963241906,136.05
2025-03-25 06:00:00,109.88423076219985,142.13
2025-03-25 07:00:00,109.4433213835528,133.36
2025-03-25 08:00:00,109.35856140350874,106.41
2025-03-25 09:00:00,101.909178671057,92.03
2025-03-25 10:00:00,99.27364890966955,78.8
2025-03-25 11:00:00,81.67000276243095,68.45
2025-03-25 12:00:00,70.3150939706523,69.23
2025-03-25 13:00:00,76.19491550054023,81.7
2025-03-25 14:00:00,81.8608013967064,95.52
2025-03-25 15:00:00,98.22129346317293,108.84
2025-03-25 16:00:00,109.16976579035651,138.81
2025-03-25 17:00:00,110.70326512405266,161.14
2025-03-25 18:00:00,112.68047137986102,166.36
2025-03-25 19:00:00,109.75810791311318,148.6
2025-03-25 20:00:00,109.42853091158365,122.36
2025-03-25 21:00:00,109.35856140350943,114.83
2025-03-25 22:00:00,109.35856140350865,102.05
2025-03-25 23:00:00,109.35856140350649,101.02
2025-03-26 00:00:00,109.30433246236694,97.96
2025-03-26 01:00:00,109.0364800699805,97.36
2025-03-26 02:00:00,108.99706372234311,97.39
2025-03-26 03:00:00,109.09297715186014,95.72
2025-03-26 04:00:00,109.32755334261932,98.85
2025-03-26 05:00:00,109.35856140350937,128.76
2025-03-26 06:00:00,109.46176755794419,141.95
2025-03-26 07:00:00,109.3585614035088,137.09
2025-03-26 08:00:00,109.35856140350879,111.86
2025-03-26 09:00:00,109.2917168778089,100.0
2025-03-26 10:00:00,108.42658871322763,96.39
2025-03-26 11:00:00,100.6665433147497,94.81
2025-03-26 12:00:00,99.7941336932714,84.5
2025-03-26 13:00:00,99.27364890966955,90.79
2025-03-26 14:00:00,99.27364890966956,94.36
2025-03-26 15:00:00,103.27027891270987,101.45
2025-03-26 16:00:00,109.3414310570498,135.16
2025-03-26 17:00:00,112.5057548907688,162.0
2025-03-26 18:00:00,115.94069632826623,169.54
2025-03-26 19:00:00,113.63949367666072,153.27
2025-03-26 20:00:00,110.70326512405272,129.4
2025-03-26 21:00:00,109.4850067002598,120.27
2025-03-26 22:00:00,109.35856140349796,108.91
2025-03-26 23:00:00,109.35856140350924,104.93
2025-03-27 00:00:00,109.3580437328418,98.98
2025-03-27 01:00:00,109.35704281717183,97.8
2025-03-27 02:00:00,109.35480897852871,98.85
2025-03-27 03:00:00,109.35402448541342,97.07
2025-03-27 04:00:00,109.35704988642856,104.9
2025-03-27 05:00:00,109.35856140351144,129.83
2025-03-27 06:00:00,110.09322708846281,140.0
2025-03-27 07:00:00,109.49514144355543,123.5
2025-03-27 08:00:00,109.34856870686183,89.92
2025-03-27 09:00:00,106.77723604037958,77.61
2025-03-27 10:00:00,96.27261728008673,45.48
2025-03-27 11:00:00,67.73678605846185,24.81
2025-03-27 12:00:00,35.93090000000011,6.67
2025-03-27 13:00:00,35.93090000000002,30.34
2025-03-27 14:00:00,70.61754157997402,74.93
2025-03-27 15:00:00,96.27261728008705,93.74
2025-03-27 16:00:00,100.61690625000026,127.25
2025-03-27 17:00:00,109.92677551174292,157.9
2025-03-27 18:00:00,115.60662378739066,170.7
2025-03-27 19:00:00,110.70326512405268,141.61
2025-03-27 20:00:00,109.5072540891489,124.42
2025-03-27 21:00:00,109.35856140350896,113.1
2025-03-27 22:00:00,109.35856140350887,100.91
2025-03-27 23:00:00,109.3236022664534,90.0
2025-03-28 00:00:00,106.75164832565531,79.38
2025-03-28 01:00:00,102.22153078762588,79.02
2025-03-28 02:00:00,103.00298256144981,79.38
2025-03-28 03:00:00,103.01906175363831,79.84
2025-03-28 04:00:00,107.14837644051825,103.51
2025-03-28 05:00:00,109.35856140350859,128.52
2025-03-28 06:00:00,109.35856140350903,122.2
2025-03-28 07:00:00,109.24228345891538,102.08
2025-03-28 08:00:00,98.22129346317291,75.57
2025-03-28 09:00:00,21.954080583588073,25.77
2025-03-28 10:00:00,12.048845060748874,1.68
2025-03-28 11:00:00,-3.445567588913491,-0.01
2025-03-28 12:00:00,-5.000000000000455,-0.03
2025-03-28 13:00:00,-3.498496900107739,14.48
2025-03-28 14:00:00,19.979914529914367,70.1
2025-03-28 15:00:00,73.6415310819127,104.19
2025-03-28 16:00:00,98.22129346317297,132.0
2025-03-28 17:00:00,108.05772176441174,165.99
2025-03-28 18:00:00,110.70326512405269,165.9
2025-03-28 19:00:00,109.53881948803425,148.03
2025-03-28 20:00:00,109.36555129005123,124.56
2025-03-28 21:00:00,109.35705724656181,117.94
2025-03-28 22:00:00,109.3548097910177,110.12
2025-03-28 23:00:00,108.40739438014,113.62
2025-03-29 00:00:00,100.6665433147496,103.91
2025-03-29 01:00:00,99.27364890966963,96.54
2025-03-29 02:00:00,98.22129346317291,96.22
2025-03-29 03:00:00,98.3314677552313,96.5
2025-03-29 04:00:00,98.22129346317296,92.74
2025-03-29 05:00:00,102.93443744168889,96.73
2025-03-29 06:00:00,105.97460126060663,98.44
2025-03-29 07:00:00,102.94302596301742,91.86
2025-03-29 08:00:00,96.27261728008698,76.14
2025-03-29 09:00:00,81.86080139670635,65.67
2025-03-29 10:00:00,69.74576295184517,65.34
2025-03-29 11:00:00,33.84785878360577,65.33
2025-03-29 12:00:00,19.979914529914556,2.06
2025-03-29 13:00:00,19.979914529914527,3.94
2025-03-29 14:00:00,19.979914529914595,25.27
2025-03-29 15:00:00,63.02529243674414,66.26
2025-03-29 16:00:00,94.87131662251801,100.1
2025-03-29 17:00:00,99.68777830668829,146.91
2025-03-29 18:00:00,109.31056844475154,152.22
2025-03-29 19:00:00,109.34325358635512,121.07
2025-03-29 20:00:00,108.39637664772518,100.42
2025-03-29 21:00:00,106.16176804320403,82.75
2025-03-29 22:00:00,100.66654331474962,68.27
2025-03-29 23:00:00,97.07137775031262,46.31
2025-03-30 00:00:00,96.27261728008675,15.89
2025-03-30 01:00:00,89.71074390243876,5.1
2025-03-30 02:00:00,81.86080139670621,1.2
2025-03-30 03:00:00,35.930899999999866,0.09
2025-03-30 04:00:00,33.06036815236616,0.03
2025-03-30 05:00:00,21.9546915632673,0.0
2025-03-30 06:00:00,21.524207490059162,-0.01
2025-03-30 07:00:00,19.979914529914502,-0.04
2025-03-30 08:00:00,-3.408252030470023,-3.47
2025-03-30 09:00:00,-5.000000000000083,-11.34
2025-03-30 10:00:00,-4.999999999999977,-18.5
2025-03-30 11:00:00,-4.999999999999975,-25.76
2025-03-30 12:00:00,-4.999999999999993,-26.07
2025-03-30 13:00:00,-5.0,-12.96
2025-03-30 14:00:00,-5.0,-4.01
2025-03-30 15:00:00,-5.0,-0.01
2025-03-30 16:00:00,-3.4121181190969123,14.41
2025-03-30 17:00:00,20.17907157453201,60.83
2025-03-30 18:00:00,97.07137775031273,58.86
2025-03-30 19:00:00,97.07137775031272,50.01
2025-03-30 20:00:00,97.85956206066558,61.71
2025-03-30 21:00:00,97.07137775031272,56.44
2025-03-30 22:00:00,97.85956206066562,65.57
2025-03-30 23:00:00,97.0713777503127,63.25
2025-03-31 00:00:00,97.07137775031273,64.41
2025-03-31 01:00:00,97.07137775031273,67.22
2025-03-31 02:00:00,98.22129346317298,68.97
2025-03-31 03:00:00,100.66654331474972,88.0
2025-03-31 04:00:00,108.99513308138599,109.27
2025-03-31 05:00:00,109.35856140350559,143.54
2025-03-31 06:00:00,109.35680437487868,174.23
2025-03-31 07:00:00,109.35856140350873,133.17
2025-03-31 08:00:00,106.33691505562567,110.27
2025-03-31 09:00:00,99.27364890966973,99.04
2025-03-31 10:00:00,87.8605134487122,83.54
2025-03-31 11:00:00,62.89326929233869,74.1
2025-03-31 12:00:00,35.930900000000015,73.58
2025-03-31 13:00:00,38.144693572766585,69.55
2025-03-31 14:00:00,63.869916427146826,76.24
2025-03-31 15:00:00,89.71074390243791,100.83
2025-03-31 16:00:00,98.22129346317193,131.57
2025-03-31 17:00:00,109.28144796519261,183.96
2025-03-31 18:00:00,109.75877376554017,172.73
2025-03-31 19:00:00,109.48454275647666,135.03
2025-03-31 20:00:00,109.35856140350874,115.25
2025-03-31 21:00:00,109.35856140350893,102.34
2025-03-31 22:00:00,109.32575516234402,101.56
2025-03-31 23:00:00,108.96049532581839,95.02
2025-04-01 00:00:00,108.40616499288681,92.91
2025-04-01 01:00:00,107.14837644051701,93.5
2025-04-01 02:00:00,109.14645678995154,91.43
2025-04-01 03:00:00,109.33566529480657,100.71
2025-04-01 04:00:00,109.53353220718282,129.46
2025-04-01 05:00:00,110.70326512405161,179.96
2025-04-01 06:00:00,110.70326512405171,159.37
2025-04-01 07:00:00,109.35856140350745,108.47
2025-04-01 08:00:00,102.47513382918929,86.17
2025-04-01 09:00:00,89.71074390243905,70.26
2025-04-01 10:00:00,35.93089999999993,53.15
2025-04-01 11:00:00,19.97991452991452,11.57
2025-04-01 12:00:00,19.97991452991452,10.89
2025-04-01 13:00:00,19.97991452991445,26.7
2025-04-01 14:00:00,35.930900000000044,65.23
2025-04-01 15:00:00,87.86051344871179,82.8
2025-04-01 16:00:00,97.85956206066601,122.39
2025-04-01 17:00:00,100.66654331474972,155.72
2025-04-01 18:00:00,103.24640545921423,138.0
2025-04-01 19:00:00,100.66654331474912,110.9
2025-04-01 20:00:00,98.22129346317325,95.64
2025-04-01 21:00:00,97.85956206066595,79.45
2025-04-01 22:00:00,97.07137775031332,68.06
2025-04-01 23:00:00,97.07137775031293,66.93
2025-04-02 00:00:00,97.07137775031337,66.8
2025-04-02 01:00:00,97.07137775031337,67.97
2025-04-02 02:00:00,97.85956206066565,68.9
2025-04-02 03:00:00,99.2736489096694,82.18
2025-04-02 04:00:00,102.70631195600362,113.84
2025-04-02 05:00:00,107.9371699597584,150.31
2025-04-02 06:00:00,109.31986337746058,124.7
2025-04-02 07:00:00,103.65626234977267,84.74
2025-04-02 08:00:00,95.13607263678041,48.38
2025-04-02 09:00:00,20.174743021012095,0.0
2025-04-02 10:00:00,-5.000000000000118,-4.92
2025-04-02 11:00:00,-5.0000000000002585,-20.06
2025-04-02 12:00:00,-5.000000000000123,-21.02
2025-04-02 13:00:00,-5.000000000000063,-10.0
2025-04-02 14:00:00,-5.000000000000148,-1.73
2025-04-02 15:00:00,-4.824818282088127,15.37
2025-04-02 16:00:00,35.93089999999985,88.84
2025-04-02 17:00:00,96.27261728008642,125.35
2025-04-02 18:00:00,102.50982834677669,114.0
2025-04-02 19:00:00,102.41138689066905,96.07
2025-04-02 20:00:00,99.27364890966965,82.63
2025-04-02 21:00:00,97.85956206066504,71.43
2025-04-02 22:00:00,96.27261728008637,67.0
2025-04-02 23:00:00,96.27261728008696,67.0
2025-04-03 00:00:00,96.36230924761898,67.0
2025-04-03 01:00:00,97.07137775031202,68.95
2025-04-03 02:00:00,97.85956206066422,71.0
2025-04-03 03:00:00,100.61690624999922,86.22
2025-04-03 04:00:00,104.92679019623966,129.71
2025-04-03 05:00:00,109.46597979236888,162.77
2025-04-03 06:00:00,109.37734250671609,133.3
2025-04-03 07:00:00,107.14837644051717,79.11
2025-04-03 08:00:00,96.27261728008513,40.47
2025-04-03 09:00:00,25.715182183496616,-0.16
2025-04-03 10:00:00,19.979914529914517,-1.19
2025-04-03 11:00:00,-3.020385136153206,-8.4
2025-04-03 12:00:00,-3.9491027486181425,-5.85
2025-04-03 13:00:00,-3.4178510545468943,-0.27
2025-04-03 14:00:00,-5.000000000000095,16.09
2025-04-03 15:00:00,20.41331893790759,75.0
2025-04-03 16:00:00,97.07137775031273,138.0
2025-04-03 17:00:00,109.2417630411947,163.48
2025-04-03 18:00:00,109.80614397262437,155.88
2025-04-03 19:00:00,109.35928292553419,137.03
2025-04-03 20:00:00,109.33337268096078,113.21
2025-04-03 21:00:00,109.19733946321308,104.63
2025-04-03 22:00:00,103.9108925680819,108.34
2025-04-03 23:00:00,102.9460855014478,103.04
2025-04-04 00:00:00,103.33733766851695,102.89
2025-04-04 01:00:00,104.7914396956182,103.61
2025-04-04 02:00:00,107.27816959974555,105.95
2025-04-04 03:00:00,108.71414130954048,112.55
2025-04-04 04:00:00,110.70326512405278,152.67
2025-04-04 05:00:00,110.7032651240528,180.17
2025-04-04 06:00:00,110.70326512405275,139.4
2025-04-04 07:00:00,109.29005891753803,95.68
2025-04-04 08:00:00,99.27364890966969,65.0
2025-04-04 09:00:00,33.40564703423308,7.82
2025-04-04 10:00:00,20.413318937907615,0.0
2025-04-04 11:00:00,-1.6653345369377348e-15,-1.31
2025-04-04 12:00:00,-3.4332187216360452,-1.21
2025-04-04 13:00:00,-3.325581566543556,-0.13
2025-04-04 14:00:00,-5.000000000000011,29.7
2025-04-04 15:00:00,21.195075517268062,79.87
2025-04-04 16:00:00,96.27261728008654,126.35
2025-04-04 17:00:00,100.61690625000018,167.64
2025-04-04 18:00:00,108.84940247074722,155.99
2025-04-04 19:00:00,107.14837644051836,120.67
2025-04-04 20:00:00,100.66654331474955,106.15
2025-04-04 21:00:00,99.27364890966956,96.97
2025-04-04 22:00:00,98.22129346317297,109.23
2025-04-04 23:00:00,98.22129346317297,102.76
2025-04-05 00:00:00,98.22129346317297,99.39
2025-04-05 01:00:00,97.85956206066555,99.4
2025-04-05 02:00:00,97.85956206066555,98.31
2025-04-05 03:00:00,98.22129346317294,97.5
2025-04-05 04:00:00,98.22129346317294,102.98
2025-04-05 05:00:00,99.27364890966956,105.9
2025-04-05 06:00:00,98.22129346317337,98.3
2025-04-05 07:00:00,96.27261728008713,57.16
2025-04-05 08:00:00,27.0705970354622,0.66
2025-04-05 09:00:00,-3.585536165931829,-0.94
2025-04-05 10:00:00,-4.999999999999993,-24.09
2025-04-05 11:00:00,-4.999999999999988,-47.73
2025-04-05 12:00:00,-5.0000000000000195,-49.1
2025-04-05 13:00:00,-4.999999999999995,-29.91
2025-04-05 14:00:00,-3.8526535799059927,-4.3
2025-04-05 15:00:00,-5.0000000000000036,0.0
2025-04-05 16:00:00,19.979914529914524,70.0
2025-04-05 17:00:00,87.86051344871231,99.4
2025-04-05 18:00:00,96.21266816032704,98.9
2025-04-05 19:00:00,97.07137775031283,84.25
2025-04-05 20:00:00,95.4526557880836,78.99
2025-04-05 21:00:00,94.92642720918326,68.75
2025-04-05 22:00:00,94.9263939959347,70.45
2025-04-05 23:00:00,96.27261728008689,61.0
2025-04-06 00:00:00,96.27261728008666,62.72
2025-04-06 01:00:00,97.07137775031265,68.28
2025-04-06 02:00:00,97.85956206066561,69.95
2025-04-06 03:00:00,98.22129346317311,77.43
2025-04-06 04:00:00,98.22129346317296,76.54
2025-04-06 05:00:00,99.27364890966962,78.11
2025-04-06 06:00:00,98.28051857647624,41.79
2025-04-06 07:00:00,96.27261728008693,0.1
2025-04-06 08:00:00,27.379545015182845,-2.0
2025-04-06 09:00:00,16.77188783140833,-27.56
2025-04-06 10:00:00,-3.130618583310146,-60.01
2025-04-06 11:00:00,-5.000000000000013,-106.31
2025-04-06 12:00:00,-4.999999999999998,-114.57
2025-04-06 13:00:00,-5.0,-70.0
2025-04-06 14:00:00,-4.283188564656387,-18.95
2025-04-06 15:00:00,20.99443673171471,1.76
2025-04-06 16:00:00,89.1217484706016,112.41
2025-04-06 17:00:00,98.22129346317288,131.56
2025-04-06 18:00:00,109.18250637187765,132.9
2025-04-06 19:00:00,109.15696537812933,121.38
2025-04-06 20:00:00,109.09571228319125,111.84
2025-04-06 21:00:00,108.55612198631054,100.03
2025-04-06 22:00:00,105.82970431584505,86.71
2025-04-06 23:00:00,104.09320289878754,85.0
2025-04-07 00:00:00,104.5699314607312,81.73
2025-04-07 01:00:00,107.14837644051812,83.53
2025-04-07 02:00:00,108.92904526646626,85.45
2025-04-07 03:00:00,109.32745477326733,98.74
2025-04-07 04:00:00,109.54517790086868,131.1
2025-04-07 05:00:00,112.3290890685884,175.97
2025-04-07 06:00:00,110.70326512405266,144.61
2025-04-07 07:00:00,109.35856140350887,107.1
2025-04-07 08:00:00,100.6665433147496,83.37
2025-04-07 09:00:00,87.86051344871221,65.0
2025-04-07 10:00:00,19.979914529914495,11.8
2025-04-07 11:00:00,13.293494495469695,2.19
2025-04-07 12:00:00,1.7939397389759663e-14,3.94
2025-04-07 13:00:00,19.979914529914492,60.98
2025-04-07 14:00:00,23.25723761007182,72.0
2025-04-07 15:00:00,81.86080139670638,102.43
2025-04-07 16:00:00,98.22129346317286,127.6
2025-04-07 17:00:00,110.51510071869029,168.45
2025-04-07 18:00:00,112.40256510679349,165.05
2025-04-07 19:00:00,110.70326512405279,138.2
2025-04-07 20:00:00,109.35856140350883,121.02
2025-04-07 21:00:00,109.3585614035091,105.21
2025-04-07 22:00:00,109.35856140350879,94.93
2025-04-07 23:00:00,109.33693692120863,87.83
2025-04-08 00:00:00,109.33693692120863,89.06
2025-04-08 01:00:00,109.36061483089225,89.9
2025-04-08 02:00:00,109.36061483089225,91.62
2025-04-08 03:00:00,109.36331405221604,105.73
2025-04-08 04:00:00,110.7032651240527,142.97
2025-04-08 05:00:00,115.60662378739077,180.55
2025-04-08 06:00:00,112.43467775332809,136.77
2025-04-08 07:00:00,109.35856140350909,91.3
2025-04-08 08:00:00,105.77974850396959,76.47
2025-04-08 09:00:00,97.07137775031262,61.09
2025-04-08 10:00:00,27.322803680981593,19.57
2025-04-08 11:00:00,20.448911696307185,16.83
2025-04-08 12:00:00,26.718765942723525,28.59
2025-04-08 13:00:00,27.64931896851383,57.47
2025-04-08 14:00:00,77.58182408535632,73.33
2025-04-08 15:00:00,94.80745677270225,90.34
2025-04-08 16:00:00,99.27364890966959,118.26
2025-04-08 17:00:00,110.70326512405265,180.4
2025-04-08 18:00:00,112.46976017529389,171.31
2025-04-08 19:00:00,110.70326512405258,140.0
2025-04-08 20:00:00,109.49198484045715,120.47
2025-04-08 21:00:00,109.3585614035088,105.12
2025-04-08 22:00:00,109.35155740274432,104.99
2025-04-08 23:00:00,109.3515574027448,95.99
2025-04-09 00:00:00,109.34060115846519,94.67
2025-04-09 01:00:00,109.32940398071315,94.45
2025-04-09 02:00:00,109.35602495914598,95.79
2025-04-09 03:00:00,109.36341004546041,109.45
2025-04-09 04:00:00,110.7032651240528,152.68
2025-04-09 05:00:00,113.01175779525153,175.56
2025-04-09 06:00:00,110.70326512405259,131.56
2025-04-09 07:00:00,109.35856140350883,99.51
2025-04-09 08:00:00,102.72076694588792,82.71
2025-04-09 09:00:00,89.12174847060204,59.69
2025-04-09 10:00:00,27.322803680981607,13.61
2025-04-09 11:00:00,27.32280368098159,6.72
2025-04-09 12:00:00,27.200869100672797,13.27
2025-04-09 13:00:00,24.042548328033206,34.87
2025-04-09 14:00:00,66.81438639551914,62.98
2025-04-09 15:00:00,87.86051344871223,83.5
2025-04-09 16:00:00,97.07137775031262,103.48
2025-04-09 17:00:00,106.69417921937548,131.57
2025-04-09 18:00:00,110.28395417025054,138.73
2025-04-09 19:00:00,109.38176607159122,111.23
2025-04-09 20:00:00,109.11809979868414,101.94
2025-04-09 21:00:00,108.56356309446286,98.51
2025-04-09 22:00:00,107.14837644051812,92.9
2025-04-09 23:00:00,104.09320289878706,89.55
2025-04-10 00:00:00,102.96819994263797,88.9
2025-04-10 01:00:00,101.15649719917892,87.92
2025-04-10 02:00:00,102.96821858329399,90.0
2025-04-10 03:00:00,109.06714147461744,97.54
2025-04-10 04:00:00,109.39368019354342,132.44
2025-04-10 05:00:00,110.70326512405268,170.59
2025-04-10 06:00:00,110.70326512405268,135.44
2025-04-10 07:00:00,109.35856140350882,102.4
2025-04-10 08:00:00,106.52260717239803,85.71
2025-04-10 09:00:00,98.22129346317287,66.34
2025-04-10 10:00:00,35.930899999998914,34.95
2025-04-10 11:00:00,27.3228036809814,2.18
2025-04-10 12:00:00,27.182342018816843,0.08
2025-04-10 13:00:00,27.204066643050197,1.18
2025-04-10 14:00:00,21.520674128367578,54.44
2025-04-10 15:00:00,37.87800455371302,70.0
2025-04-10 16:00:00,94.87131662251792,101.68
2025-04-10 17:00:00,108.09285168065303,140.42
2025-04-10 18:00:00,109.38588446268744,137.17
2025-04-10 19:00:00,109.3557727622377,97.56
2025-04-10 20:00:00,109.29796731866851,92.05
2025-04-10 21:00:00,101.80042610498816,81.11
2025-04-10 22:00:00,100.61690625000028,65.32
2025-04-10 23:00:00,99.01621794578514,60.75
2025-04-11 00:00:00,98.22129346317303,58.44
2025-04-11 01:00:00,97.8595620606659,58.43
2025-04-11 02:00:00,98.22129346317308,61.93
2025-04-11 03:00:00,98.99839160456163,71.99
2025-04-11 04:00:00,101.76965475911523,94.2
2025-04-11 05:00:00,109.07113545428288,111.4
2025-04-11 06:00:00,109.18653921130661,85.9
2025-04-11 07:00:00,100.66654331474993,58.89
2025-04-11 08:00:00,87.86051344871217,11.31
2025-04-11 09:00:00,6.60683757805802,0.0
2025-04-11 10:00:00,-2.328481301391637,-3.0
2025-04-11 11:00:00,-5.000000000000515,-4.99
2025-04-11 12:00:00,-5.000000000000075,-3.61
2025-04-11 13:00:00,-4.999999999999865,-0.1
2025-04-11 14:00:00,10.240869589747074,0.0
2025-04-11 15:00:00,21.654639262927947,70.15
2025-04-11 16:00:00,96.27261728008675,110.69
2025-04-11 17:00:00,109.08531361332196,133.4
2025-04-11 18:00:00,109.44880477475505,155.0
2025-04-11 19:00:00,109.40029620947493,130.46
2025-04-11 20:00:00,109.35794497519079,119.1
2025-04-11 21:00:00,109.35792666406293,105.49
2025-04-11 22:00:00,109.0997238823285,107.84
2025-04-11 23:00:00,108.4559998972034,104.41
2025-04-12 00:00:00,107.14837644051818,100.93
2025-04-12 01:00:00,106.35754184004476,98.15
2025-04-12 02:00:00,107.14837644051812,98.99
2025-04-12 03:00:00,107.14837644051812,99.08
2025-04-12 04:00:00,109.72326796421265,104.42
2025-04-12 05:00:00,109.3162746650854,99.74
2025-04-12 06:00:00,109.20380854075526,95.49
2025-04-12 07:00:00,100.6169062500002,67.26
2025-04-12 08:00:00,87.86051344871241,20.19
2025-04-12 09:00:00,27.39329105954287,0.0
2025-04-12 10:00:00,19.97991452991452,-9.23
2025-04-12 11:00:00,-4.9999999999999964,-40.04
2025-04-12 12:00:00,-3.99878987119779,-42.01
2025-04-12 13:00:00,-5.0000000000000036,-18.68
2025-04-12 14:00:00,-3.96358043439184,-0.08
2025-04-12 15:00:00,19.979914529914524,59.47
2025-04-12 16:00:00,81.86080139670645,111.31
2025-04-12 17:00:00,97.85956206066555,150.06
2025-04-12 18:00:00,103.89102749179058,120.89
2025-04-12 19:00:00,103.78391605672715,91.0
2025-04-12 20:00:00,99.27364890966956,86.27
2025-04-12 21:00:00,97.0713777503127,64.27
2025-04-12 22:00:00,87.86051344871221,63.99
2025-04-12 23:00:00,87.86051344871221,56.0
2025-04-13 00:00:00,81.86080139670646,42.36
2025-04-13 01:00:00,81.86080139670646,29.5
2025-04-13 02:00:00,81.86080139670646,32.06
2025-04-13 03:00:00,81.67000276243097,34.48
2025-04-13 04:00:00,81.86080139670646,29.41
2025-04-13 05:00:00,87.86051344871221,27.75
2025-04-13 06:00:00,87.86051344871221,12.87
2025-04-13 07:00:00,60.83958382231056,8.43
2025-04-13 08:00:00,20.174743021012425,0.0
2025-04-13 09:00:00,2.6645352591003757e-14,-0.02
2025-04-13 10:00:00,1.4210854715202004e-14,-3.02
2025-04-13 11:00:00,-4.999999999999995,-18.84
2025-04-13 12:00:00,-4.999999999999996,-25.38
2025-04-13 13:00:00,-4.99999999999999,-9.93
2025-04-13 14:00:00,-4.046683744228945,-0.01
2025-04-13 15:00:00,19.979914529914524,17.56
2025-04-13 16:00:00,66.00979093385882,98.63
2025-04-13 17:00:00,99.27364890966949,120.65
2025-04-13 18:00:00,109.18775455274428,118.01
2025-04-13 19:00:00,109.33618752942357,108.06
2025-04-13 20:00:00,109.19723907166666,103.35
2025-04-13 21:00:00,109.07063700903873,94.98
2025-04-13 22:00:00,108.00309222116644,87.56
2025-04-13 23:00:00,105.77581634485068,82.69
2025-04-14 00:00:00,103.61287620894717,82.11
2025-04-14 01:00:00,100.61690624999974,82.29
2025-04-14 02:00:00,100.66654331474967,84.52
2025-04-14 03:00:00,107.32522242741837,97.1
2025-04-14 04:00:00,109.3516094263012,124.34
2025-04-14 05:00:00,109.62116178262899,152.03
2025-04-14 06:00:00,109.52779814569305,143.7
2025-04-14 07:00:00,109.35856140350866,104.7
2025-04-14 08:00:00,102.33977327523363,91.02
2025-04-14 09:00:00,96.20713972447739,77.07
2025-04-14 10:00:00,81.86080139670652,62.35
2025-04-14 11:00:00,60.182764760201394,61.64
2025-04-14 12:00:00,47.82436264933421,64.36
2025-04-14 13:00:00,72.59624325235873,75.29
2025-04-14 14:00:00,87.86051344871231,84.6
2025-04-14 15:00:00,98.22129346317308,97.02
2025-04-14 16:00:00,107.14837644051816,119.35
2025-04-14 17:00:00,109.73692633231857,180.0
2025-04-14 18:00:00,110.70326512405273,140.61
2025-04-14 19:00:00,109.36568018678636,102.83
2025-04-14 20:00:00,109.33340763416425,82.59
2025-04-14 21:00:00,106.90211037438573,76.0
2025-04-14 22:00:00,100.61690624999855,72.93
2025-04-14 23:00:00,97.07137775031244,73.2
2025-04-15 00:00:00,94.92494212915551,67.38
2025-04-15 01:00:00,94.92494212915435,64.29
2025-04-15 02:00:00,94.9249421291544,66.3
2025-04-15 03:00:00,97.07137775031339,70.42
2025-04-15 04:00:00,102.6986237367718,83.03
2025-04-15 05:00:00,109.07965111999074,96.99
2025-04-15 06:00:00,109.30664682229265,98.56
2025-04-15 07:00:00,100.61690624999986,65.0
2025-04-15 08:00:00,96.27261728008676,48.93
2025-04-15 09:00:00,19.979914529914737,2.92
2025-04-15 10:00:00,16.740917169562593,0.08
2025-04-15 11:00:00,3.552713678800501e-13,0.0
2025-04-15 12:00:00,13.999415471874343,0.1
2025-04-15 13:00:00,20.174743021012276,29.27
2025-04-15 14:00:00,60.96234760990322,68.08
2025-04-15 15:00:00,82.99500805385888,86.57
2025-04-15 16:00:00,98.22129346317311,105.28
2025-04-15 17:00:00,107.43227908203605,133.58
2025-04-15 18:00:00,109.33777518300384,141.54
2025-04-15 19:00:00,109.354787334744,110.58
2025-04-15 20:00:00,109.33932928584385,102.21
2025-04-15 21:00:00,109.07399374272269,93.76
2025-04-15 22:00:00,107.14837644051788,88.01
2025-04-15 23:00:00,103.59102939779275,82.04
2025-04-16 00:00:00,100.61690624999976,82.2
2025-04-16 01:00:00,98.22129346317297,81.4
2025-04-16 02:00:00,99.27364890966948,82.99
2025-04-16 03:00:00,102.54645696377068,99.4
2025-04-16 04:00:00,107.14837644051813,121.0
2025-04-16 05:00:00,109.60702374456433,135.14
2025-04-16 06:00:00,109.35905082545878,109.94
2025-04-16 07:00:00,109.33596075667678,94.82
2025-04-16 08:00:00,102.07598395054606,79.75
2025-04-16 09:00:00,93.29305939818295,64.08
2025-04-16 10:00:00,66.07287498669045,35.3
2025-04-16 11:00:00,27.318105539991674,22.4
2025-04-16 12:00:00,27.33920279845009,24.94
2025-04-16 13:00:00,65.99027632478348,55.0
2025-04-16 14:00:00,81.67000276243093,68.0
2025-04-16 15:00:00,96.27261728008686,93.16
2025-04-16 16:00:00,100.61690624999996,118.0
2025-04-16 17:00:00,109.55953477139624,146.52
2025-04-16 18:00:00,109.48967524507266,136.48
2025-04-16 19:00:00,109.3626832734629,121.0
2025-04-16 20:00:00,109.35856140350799,109.69
2025-04-16 21:00:00,109.33454683373397,98.59
2025-04-16 22:00:00,109.07031833669306,88.99
2025-04-16 23:00:00,107.5054814779727,83.99
2025-04-17 00:00:00,107.48471156995986,81.67
2025-04-17 01:00:00,103.30365845824448,80.07
2025-04-17 02:00:00,104.86858248683409,81.28
2025-04-17 03:00:00,108.5786435610922,87.43
2025-04-17 04:00:00,109.3640710176443,108.02
2025-04-17 05:00:00,109.36724977952174,122.8
2025-04-17 06:00:00,109.35850061952004,130.0
2025-04-17 07:00:00,109.33674016056258,121.0
2025-04-17 08:00:00,106.53494908901953,110.0
2025-04-17 09:00:00,98.22129346317301,95.03
2025-04-17 10:00:00,87.86051344871231,80.84
2025-04-17 11:00:00,32.35928179287114,81.04
2025-04-17 12:00:00,27.34486430859644,77.75
2025-04-17 13:00:00,37.53124755445686,77.65
2025-04-17 14:00:00,87.86051344871218,83.87
2025-04-17 15:00:00,97.8595620606656,97.63
2025-04-17 16:00:00,99.87357364794411,112.65
2025-04-17 17:00:00,109.19167313128713,129.0
2025-04-17 18:00:00,109.35526648674164,122.79
2025-04-17 19:00:00,109.35856140350849,114.76
2025-04-17 20:00:00,109.35856140350813,98.9
2025-04-17 21:00:00,109.25930312977425,96.52
2025-04-17 22:00:00,108.98788991157213,91.0
2025-04-17 23:00:00,108.09320201123818,81.3
2025-04-18 00:00:00,107.14837644051805,79.12
2025-04-18 01:00:00,102.5519643071264,77.94
2025-04-18 02:00:00,102.52109615176154,76.34
2025-04-18 03:00:00,102.86959848845393,76.35
2025-04-18 04:00:00,107.14837644051802,79.39
2025-04-18 05:00:00,109.07510939199697,87.98
2025-04-18 06:00:00,109.3108761848484,91.25
2025-04-18 07:00:00,108.73019969526511,90.14
2025-04-18 08:00:00,100.61690624999986,88.3
2025-04-18 09:00:00,98.22129346317605,83.28
2025-04-18 10:00:00,98.22129346317762,75.03
2025-04-18 11:00:00,97.07137775031559,63.75
2025-04-18 12:00:00,96.272617280087,62.64
2025-04-18 13:00:00,90.99819069523014,65.36
2025-04-18 14:00:00,96.49692657356523,76.61
2025-04-18 15:00:00,97.85956206066797,88.64
2025-04-18 16:00:00,99.27364890967146,103.5
2025-04-18 17:00:00,100.666543314751,123.12
2025-04-18 18:00:00,109.71886609743758,126.52
2025-04-18 19:00:00,108.82963383223924,116.52
2025-04-18 20:00:00,106.36960476901069,106.35
2025-04-18 21:00:00,103.4438628257349,99.12
2025-04-18 22:00:00,100.61690625000098,89.32
2025-04-18 23:00:00,99.27364890967122,80.01
2025-04-19 00:00:00,99.2736489096722,84.45
2025-04-19 01:00:00,100.61402488574309,82.39
2025-04-19 02:00:00,100.61690625000294,84.98
2025-04-19 03:00:00,100.76753579696627,90.62
2025-04-19 04:00:00,103.5517300879383,95.2
2025-04-19 05:00:00,103.62270147185492,91.67
2025-04-19 06:00:00,103.55172802280941,83.89
2025-04-19 07:00:00,99.27364890966956,76.43
2025-04-19 08:00:00,96.27261728008673,29.99
2025-04-19 09:00:00,27.340752032535622,4.54
2025-04-19 10:00:00,26.919951808793556,0.0
2025-04-19 11:00:00,26.712642875745374,-3.01
2025-04-19 12:00:00,20.311497179742126,-7.26
2025-04-19 13:00:00,19.979914529914538,-0.86
2025-04-19 14:00:00,20.179071574531967,0.2
2025-04-19 15:00:00,35.66959454382756,64.01
2025-04-19 16:00:00,87.86051344871217,102.77
2025-04-19 17:00:00,98.22129346317294,126.84
2025-04-19 18:00:00,110.01733477287615,142.71
2025-04-19 19:00:00,109.10146731591838,127.36
2025-04-19 20:00:00,107.14837644051809,109.55
2025-04-19 21:00:00,106.63731832209191,98.27
2025-04-19 22:00:00,104.07808841276571,100.41
2025-04-19 23:00:00,99.99582489323576,94.9
2025-04-20 00:00:00,99.99582489323568,98.98
2025-04-20 01:00:00,100.59855245448335,97.41
2025-04-20 02:00:00,100.59855245448378,98.83
2025-04-20 03:00:00,100.55897904625915,108.64
2025-04-20 04:00:00,100.00015696985128,109.38
2025-04-20 05:00:00,100.61690624999974,94.32
2025-04-20 06:00:00,100.66654331474982,68.6
2025-04-20 07:00:00,96.27261728008648,18.63
2025-04-20 08:00:00,28.298053210082607,0.0
2025-04-20 09:00:00,19.97991452991444,-5.72
2025-04-20 10:00:00,-5.0000000000000036,-34.99
2025-04-20 11:00:00,-4.999999999999995,-52.42
2025-04-20 12:00:00,-5.0,-40.05
2025-04-20 13:00:00,-5.000000000000001,-4.76
2025-04-20 14:00:00,19.70416043582433,0.0
2025-04-20 15:00:00,26.884725387640366,72.42
2025-04-20 16:00:00,94.87131662251791,106.81
2025-04-20 17:00:00,100.61690624999991,119.94
2025-04-20 18:00:00,109.14358181692812,144.95
2025-04-20 19:00:00,109.35731419074277,137.56
2025-04-20 20:00:00,109.33744963185026,121.82
2025-04-20 21:00:00,109.32989803298221,110.68
2025-04-20 22:00:00,109.07748275103248,108.58
2025-04-20 23:00:00,108.50540952743036,97.59
2025-04-21 00:00:00,107.14837644051812,96.47
2025-04-21 01:00:00,105.88613045404915,96.84
2025-04-21 02:00:00,102.11051526774102,97.98
2025-04-21 03:00:00,105.57809791493567,98.54
2025-04-21 04:00:00,107.14837644051799,97.07
2025-04-21 05:00:00,108.69532681400793,91.31
2025-04-21 06:00:00,108.07952879441666,88.5
2025-04-21 07:00:00,102.69401253985656,87.99
2025-04-21 08:00:00,87.8605134487122,65.24
2025-04-21 09:00:00,27.322803680981227,33.88
2025-04-21 10:00:00,27.322803680981245,17.19
2025-04-21 11:00:00,19.784194210188524,8.91
2025-04-21 12:00:00,19.979914529914527,8.43
2025-04-21 13:00:00,27.322803680981583,10.01
2025-04-21 14:00:00,27.32280368098162,50.05
2025-04-21 15:00:00,87.8605134487122,88.77
2025-04-21 16:00:00,100.13408546088165,101.95
2025-04-21 17:00:00,109.0774825442728,121.95
2025-04-21 18:00:00,109.36281874434317,139.14
2025-04-21 19:00:00,109.35856140350973,132.1
2025-04-21 20:00:00,109.35856140350874,122.77
2025-04-21 21:00:00,109.3585614035081,106.54
2025-04-21 22:00:00,109.15642034870476,96.21
2025-04-21 23:00:00,108.64749346708975,88.8
2025-04-22 00:00:00,108.32459117676967,87.4
2025-04-22 01:00:00,107.76756990940042,85.01
2025-04-22 02:00:00,108.43986431689494,84.58
2025-04-22 03:00:00,109.19666528662714,97.39
2025-04-22 04:00:00,109.36410772183193,120.76
2025-04-22 05:00:00,109.35856140350978,151.54
2025-04-22 06:00:00,109.358561403509,147.0
2025-04-22 07:00:00,109.35856140350913,111.88
2025-04-22 08:00:00,107.14837644051812,95.2
2025-04-22 09:00:00,98.22129346317298,89.97
2025-04-22 10:00:00,35.9309,79.92
2025-04-22 11:00:00,27.32280368098085,67.66
2025-04-22 12:00:00,27.322803680979497,71.47
2025-04-22 13:00:00,27.32280368097122,78.45
2025-04-22 14:00:00,81.86080139670676,83.07
2025-04-22 15:00:00,96.7429054304657,100.04
2025-04-22 16:00:00,103.65988255828442,122.38
2025-04-22 17:00:00,109.38215529210932,192.32
2025-04-22 18:00:00,110.70326512405168,263.2
2025-04-22 19:00:00,110.7032651240477,157.28
2025-04-22 20:00:00,109.35856140352848,122.28
2025-04-22 21:00:00,109.36972248439764,109.6
2025-04-22 22:00:00,109.37764967979165,106.72
2025-04-22 23:00:00,109.46015197432142,99.4
2025-04-23 00:00:00,109.46182141626166,96.84
2025-04-23 01:00:00,109.69498425874414,96.7
2025-04-23 02:00:00,110.70326512404611,101.2
2025-04-23 03:00:00,109.88479418658461,108.23
2025-04-23 04:00:00,110.06056387231878,137.09
2025-04-23 05:00:00,110.70326512404951,152.0
2025-04-23 06:00:00,109.35856140350765,128.84
2025-04-23 07:00:00,109.35856140351062,100.0
2025-04-23 08:00:00,107.76454560095806,92.0
2025-04-23 09:00:00,98.22129346317296,94.39
2025-04-23 10:00:00,35.930899999999994,81.04
2025-04-23 11:00:00,27.510275607427584,80.29
2025-04-23 12:00:00,35.583327365250454,88.0
2025-04-23 13:00:00,92.4002952280569,92.35
2025-04-23 14:00:00,96.27261728008679,99.05
2025-04-23 15:00:00,98.22129346317301,108.28
2025-04-23 16:00:00,101.47812620012041,128.9
2025-04-23 17:00:00,109.28756210127318,155.97
2025-04-23 18:00:00,109.40332775165001,148.67
2025-04-23 19:00:00,109.35856140350869,126.11
2025-04-23 20:00:00,109.3585614035085,108.2
2025-04-23 21:00:00,109.35856140350904,97.15
2025-04-23 22:00:00,109.32991301021387,94.17
2025-04-23 23:00:00,109.0708449098221,88.3
2025-04-24 00:00:00,108.6464705535416,86.7
2025-04-24 01:00:00,107.76759759625301,85.65
2025-04-24 02:00:00,106.64673967027026,84.35
2025-04-24 03:00:00,108.74748387464136,90.93
2025-04-24 04:00:00,109.34986534998964,110.34
2025-04-24 05:00:00,109.35856140350785,118.51
2025-04-24 06:00:00,109.35856140350654,117.65
2025-04-24 07:00:00,109.35856140350884,108.91
2025-04-24 08:00:00,109.2211959633265,96.67
2025-04-24 09:00:00,102.69656741573034,93.55
2025-04-24 10:00:00,99.27364890966896,81.56
2025-04-24 11:00:00,97.8595620606652,78.95
2025-04-24 12:00:00,96.27261728008637,78.04
2025-04-24 13:00:00,96.27261728008631,78.72
2025-04-24 14:00:00,97.07137775031265,83.37
2025-04-24 15:00:00,98.22129346317257,95.36
2025-04-24 16:00:00,106.8798018565513,101.02
2025-04-24 17:00:00,109.33196364545371,114.64
2025-04-24 18:00:00,109.37850995224578,121.61
2025-04-24 19:00:00,109.35856140350946,114.48
2025-04-24 20:00:00,109.3585614035094,106.53
2025-04-24 21:00:00,109.35856140350907,93.1
2025-04-24 22:00:00,109.3299054913433,91.03
2025-04-24 23:00:00,109.16625977985584,82.92
2025-04-25 00:00:00,109.15621358732872,82.23
2025-04-25 01:00:00,108.82121369757905,83.4
2025-04-25 02:00:00,108.9108362382233,84.95
2025-04-25 03:00:00,109.35108939061391,94.64
2025-04-25 04:00:00,109.36409017708978,104.41
2025-04-25 05:00:00,109.3585614035092,113.39
2025-04-25 06:00:00,109.35856140350846,111.0
2025-04-25 07:00:00,109.3585614035075,99.41
2025-04-25 08:00:00,109.18438531400372,88.17
2025-04-25 09:00:00,102.69656741572521,75.45
2025-04-25 10:00:00,97.07137775031268,66.61
2025-04-25 11:00:00,55.14218953727165,48.03
2025-04-25 12:00:00,40.54090001737019,40.99
2025-04-25 13:00:00,41.9808634850789,59.47
2025-04-25 14:00:00,87.8605134487122,73.04
2025-04-25 15:00:00,97.07137775031262,84.19
2025-04-25 16:00:00,100.66654331474976,99.43
2025-04-25 17:00:00,109.39355478209885,115.99
2025-04-25 18:00:00,109.37103913912561,123.78
2025-04-25 19:00:00,109.3585614035085,109.63
2025-04-25 20:00:00,109.3585614035085,100.37
2025-04-25 21:00:00,109.34069093035657,92.09
2025-04-25 22:00:00,109.24169583244486,100.0
2025-04-25 23:00:00,108.91083623822348,92.19
2025-04-26 00:00:00,108.32207839421429,91.02
2025-04-26 01:00:00,106.84009951274223,89.66
2025-04-26 02:00:00,106.86214344999505,89.01
2025-04-26 03:00:00,107.14837644051822,90.86
2025-04-26 04:00:00,108.66041417135617,93.01
2025-04-26 05:00:00,109.13598551104374,86.33
2025-04-26 06:00:00,109.11529973908632,72.19
2025-04-26 07:00:00,102.58510493728588,34.45
2025-04-26 08:00:00,89.71074390243918,2.55
2025-04-26 09:00:00,27.322803680981593,-0.01
2025-04-26 10:00:00,26.777257547493345,-7.63
2025-04-26 11:00:00,6.716849298982197e-15,-14.85
2025-04-26 12:00:00,-3.66562644319246,-10.77
2025-04-26 13:00:00,15.788962793972074,-2.19
2025-04-26 14:00:00,26.943660127398477,-0.02
2025-04-26 15:00:00,28.867369084854083,30.99
2025-04-26 16:00:00,73.36292550879541,79.0
2025-04-26 17:00:00,97.85956206066555,99.81
2025-04-26 18:00:00,106.74099367977638,107.4
2025-04-26 19:00:00,108.40685464979943,96.85
2025-04-26 20:00:00,102.4410049440153,85.26
2025-04-26 21:00:00,100.61690625000003,72.31
2025-04-26 22:00:00,98.22129346317307,67.71
2025-04-26 23:00:00,96.27261728008672,62.91
2025-04-27 00:00:00,96.2726172800868,57.96
2025-04-27 01:00:00,96.85055962365517,59.12
2025-04-27 02:00:00,97.07137775031273,61.94
2025-04-27 03:00:00,97.85956206066567,69.05
2025-04-27 04:00:00,98.22129346317293,69.14
2025-04-27 05:00:00,98.4115352832483,63.72
2025-04-27 06:00:00,98.41317278195763,34.95
2025-04-27 07:00:00,95.65256210604626,0.04
2025-04-27 08:00:00,27.322803680981938,-3.0
2025-04-27 09:00:00,18.289378053954287,-33.88
2025-04-27 10:00:00,-5.00000000000006,-101.04
2025-04-27 11:00:00,-5.000000000000028,-129.81
2025-04-27 12:00:00,-5.00000000000002,-116.61
2025-04-27 13:00:00,-5.000000000000012,-50.0
2025-04-27 14:00:00,-4.5706572608678,-5.17
2025-04-27 15:00:00,25.10254767839392,18.35
2025-04-27 16:00:00,73.38677648177296,91.98
2025-04-27 17:00:00,99.27364890966957,110.83
2025-04-27 18:00:00,109.35677702926681,124.23
2025-04-27 19:00:00,109.35667723219267,109.24
2025-04-27 20:00:00,109.3536628668231,99.0
2025-04-27 21:00:00,109.35183253902375,93.77
2025-04-27 22:00:00,108.40578149472596,92.24
2025-04-27 23:00:00,103.69258581873298,86.49
2025-04-28 00:00:00,101.1085157055039,83.1
2025-04-28 01:00:00,103.303658458244,85.41
2025-04-28 02:00:00,108.48723076475093,91.19
2025-04-28 03:00:00,109.46027003905773,99.49
2025-04-28 04:00:00,109.39301028426573,140.0
2025-04-28 05:00:00,110.06033188875733,131.09
2025-04-28 06:00:00,109.35856140350931,96.85
2025-04-28 07:00:00,107.14837644051819,67.37
2025-04-28 08:00:00,97.07137775031246,10.03
2025-04-28 09:00:00,27.322803680979547,-0.01
2025-04-28 10:00:00,19.97991452991449,-4.02
2025-04-28 11:00:00,-4.654598709863719,-5.9
2025-04-28 12:00:00,-4.3667773949175945,-6.18
2025-04-28 13:00:00,1.1156353618702042e-13,-1.54
2025-04-28 14:00:00,26.56846034629776,2.01
2025-04-28 15:00:00,64.33473064792908,71.83
2025-04-28 16:00:00,96.27261728008675,101.92
2025-04-28 17:00:00,107.14837644051812,149.9
2025-04-28 18:00:00,109.39188625048152,194.81
2025-04-28 19:00:00,109.38076789228172,128.83
2025-04-28 20:00:00,109.36223612234433,106.24
2025-04-28 21:00:00,109.34633934092086,96.83
2025-04-28 22:00:00,109.06064925831838,90.64
2025-04-28 23:00:00,107.14837644051816,86.86
2025-04-29 00:00:00,107.1483764405181,81.76
2025-04-29 01:00:00,107.1483764405181,79.17
2025-04-29 02:00:00,107.37323145917684,80.03
2025-04-29 03:00:00,108.80454008784992,90.57
2025-04-29 04:00:00,109.40969906434673,107.0
2025-04-29 05:00:00,109.36354164409629,113.13
2025-04-29 06:00:00,109.35825502633845,99.98
2025-04-29 07:00:00,107.1483764405181,78.0
2025-04-29 08:00:00,94.87131662251792,9.31
2025-04-29 09:00:00,27.322803680982148,0.0
2025-04-29 10:00:00,19.979914529914524,-0.76
2025-04-29 11:00:00,0.02053646832250422,-1.9
2025-04-29 12:00:00,-0.0017025085904799342,-1.67
2025-04-29 13:00:00,19.92398542759713,-0.01
2025-04-29 14:00:00,27.00457006277659,14.82
2025-04-29 15:00:00,64.33520881188537,77.6
2025-04-29 16:00:00,94.87131662251795,102.0
2025-04-29 17:00:00,107.06260046109051,139.83
2025-04-29 18:00:00,109.36205167138877,174.75
2025-04-29 19:00:00,109.35977037623567,129.11
2025-04-29 20:00:00,109.35865613611848,108.83
2025-04-29 21:00:00,109.08437593487537,97.82
2025-04-29 22:00:00,106.72161174969725,95.0
2025-04-29 23:00:00,107.1483764405181,90.0
2025-04-30 00:00:00,107.14837644051809,87.59
2025-04-30 01:00:00,107.14837644051815,88.25
2025-04-30 02:00:00,109.0235511287823,91.4
2025-04-30 03:00:00,109.58209571397822,95.83
2025-04-30 04:00:00,109.54167122729774,115.27
2025-04-30 05:00:00,110.46474242424121,120.3
2025-04-30 06:00:00,109.35856140350876,99.9
2025-04-30 07:00:00,108.50160276514877,76.7
2025-04-30 08:00:00,97.07137775031266,7.08
2025-04-30 09:00:00,27.322803680981597,0.0
2025-04-30 10:00:00,27.322803680981618,-1.0
2025-04-30 11:00:00,2.45763331169541,-6.21
2025-04-30 12:00:00,0.14747071850523397,-3.0
2025-04-30 13:00:00,19.979914529914517,-0.02
2025-04-30 14:00:00,27.216873575891483,19.91
2025-04-30 15:00:00,45.86256519202394,78.39
2025-04-30 16:00:00,96.27261728008679,101.8
2025-04-30 17:00:00,103.3036584582443,130.37
2025-04-30 18:00:00,109.54602985712735,176.43
2025-04-30 19:00:00,109.41415243510899,128.0
2025-04-30 20:00:00,109.36381870067272,108.33
2025-04-30 21:00:00,109.35796303554318,98.68
2025-04-30 22:00:00,108.38117576309536,97.51
2025-04-30 23:00:00,107.14837644051842,91.78
2025-05-01 00:00:00,102.22179565223672,90.46
2025-05-01 01:00:00,102.16001884649073,90.63
2025-05-01 02:00:00,102.16001884649084,90.5
2025-05-01 03:00:00,107.14837644051981,84.16
2025-05-01 04:00:00,107.70864296245455,83.94
2025-05-01 05:00:00,108.19713486902941,78.04
2025-05-01 06:00:00,101.58466513324785,62.1
2025-05-01 07:00:00,97.85956206066696,0.0
2025-05-01 08:00:00,28.298053210082617,-3.0
2025-05-01 09:00:00,19.979914529914456,-40.1
2025-05-01 10:00:00,-3.3804385222310724,-85.01
2025-05-01 11:00:00,-5.0,-129.99
2025-05-01 12:00:00,-5.0,-118.11
2025-05-01 13:00:00,-4.999999999999993,-49.99
2025-05-01 14:00:00,-1.0345211728641164,-5.17
2025-05-01 15:00:00,21.465840229174667,40.77
2025-05-01 16:00:00,87.860513448712,96.14
2025-05-01 17:00:00,101.88669504869394,129.87
2025-05-01 18:00:00,109.39118512689235,164.38
2025-05-01 19:00:00,109.36599687534087,122.45
2025-05-01 20:00:00,109.35180357037159,100.73
2025-05-01 21:00:00,109.09912193220447,87.1
2025-05-01 22:00:00,106.77097464760342,89.92
2025-05-01 23:00:00,100.15916909459278,77.12
2025-05-02 00:00:00,99.27364890966957,66.9
2025-05-02 01:00:00,98.22129346317297,63.91
2025-05-02 02:00:00,98.22129346317341,66.0
2025-05-02 03:00:00,99.8777554581949,74.01
2025-05-02 04:00:00,100.51307144088202,86.83
2025-05-02 05:00:00,104.09250147160219,88.55
2025-05-02 06:00:00,106.10535025098106,84.9
2025-05-02 07:00:00,100.24168271172184,55.0
2025-05-02 08:00:00,28.312759862485674,0.85
2025-05-02 09:00:00,27.32280368098201,-0.01
2025-05-02 10:00:00,2.8678949531225197,-0.8
2025-05-02 11:00:00,-5.000000000000027,-3.0
2025-05-02 12:00:00,-5.000000000000007,-4.0
2025-05-02 13:00:00,-1.678579666888099,-0.08
2025-05-02 14:00:00,19.975778408129653,0.3
2025-05-02 15:00:00,21.284280263682263,67.5
2025-05-02 16:00:00,81.67000276243091,99.9
2025-05-02 17:00:00,98.22129346317303,118.39
2025-05-02 18:00:00,108.83732772531299,150.4
2025-05-02 19:00:00,109.21653381245993,121.24
2025-05-02 20:00:00,108.74285538198315,106.72
2025-05-02 21:00:00,106.58671895788191,96.44
2025-05-02 22:00:00,103.50567348822341,97.81
2025-05-02 23:00:00,99.8733254179696,93.34
2025-05-03 00:00:00,99.92471243941485,92.2
2025-05-03 01:00:00,100.61690625000001,92.0
2025-05-03 02:00:00,100.61690624999999,91.23
2025-05-03 03:00:00,100.61690624999993,91.84
2025-05-03 04:00:00,100.61690624999989,92.86
2025-05-03 05:00:00,100.66654331474949,87.73
2025-05-03 06:00:00,100.66654331474966,79.9
2025-05-03 07:00:00,98.2212934631729,13.53
2025-05-03 08:00:00,35.313271019649115,0.01
2025-05-03 09:00:00,27.322803680981774,-0.01
2025-05-03 10:00:00,21.857247767924857,-1.16
2025-05-03 11:00:00,5.901408590740957e-15,-3.04
2025-05-03 12:00:00,-6.551000291046844e-15,-2.69
2025-05-03 13:00:00,0.021042640437430128,-0.03
2025-05-03 14:00:00,27.061977139457728,0.0
2025-05-03 15:00:00,21.3036540444737,28.87
2025-05-03 16:00:00,87.8605134487122,68.11
2025-05-03 17:00:00,96.52946506201098,77.54
2025-05-03 18:00:00,98.10802852864762,90.27
2025-05-03 19:00:00,97.85956206066552,87.02
2025-05-03 20:00:00,96.36488809628008,78.63
2025-05-03 21:00:00,96.27261728008685,65.91
2025-05-03 22:00:00,94.92639399593476,60.3
2025-05-03 23:00:00,94.87131662251798,44.9
2025-05-04 00:00:00,89.12174847060214,31.47
2025-05-04 01:00:00,81.86080139670653,20.39
2025-05-04 02:00:00,81.86080139670649,20.02
2025-05-04 03:00:00,74.87071769366821,15.58
2025-05-04 04:00:00,72.98586193944804,13.62
2025-05-04 05:00:00,87.86051344871214,7.83
2025-05-04 06:00:00,35.930899999999916,2.93
2025-05-04 07:00:00,27.557826000492362,0.0
2025-05-04 08:00:00,20.322102185207456,-0.01
2025-05-04 09:00:00,16.238755646217946,-0.01
2025-05-04 10:00:00,-4.343677527493348,-0.02
2025-05-04 11:00:00,-4.943302455436024,-2.0
2025-05-04 12:00:00,-5.000000000000015,-5.01
2025-05-04 13:00:00,-4.852998357467168,-1.59
2025-05-04 14:00:00,-3.2750795056521995,-0.01
2025-05-04 15:00:00,26.87214043977003,10.07
2025-05-04 16:00:00,77.6274699478609,80.08
2025-05-04 17:00:00,97.07137775031302,95.95
2025-05-04 18:00:00,100.61690625000038,109.0
2025-05-04 19:00:00,100.66654331474983,112.38
2025-05-04 20:00:00,100.64506525075262,101.79
2025-05-04 21:00:00,99.22918157740978,87.35
2025-05-04 22:00:00,98.33472623495845,75.18
2025-05-04 23:00:00,98.2212934631733,70.51
2025-05-05 00:00:00,98.22129346317604,72.25
2025-05-05 01:00:00,98.22129346318974,75.15
2025-05-05 02:00:00,98.41153528324841,74.98
2025-05-05 03:00:00,100.61690625000038,89.49
2025-05-05 04:00:00,108.04027183297826,110.92
2025-05-05 05:00:00,108.18872701220047,122.57
2025-05-05 06:00:00,106.33789858733219,106.69
2025-05-05 07:00:00,98.22129346317368,90.82
2025-05-05 08:00:00,94.80117665099174,80.0
2025-05-05 09:00:00,36.61945242245742,61.65
2025-05-05 10:00:00,35.93089999999997,53.83
2025-05-05 11:00:00,27.03071789416505,49.66
2025-05-05 12:00:00,35.93090000000035,59.3
2025-05-05 13:00:00,76.55980866634386,70.42
2025-05-05 14:00:00,81.78392896816396,78.88
2025-05-05 15:00:00,92.54273178553288,89.22
2025-05-05 16:00:00,97.07137775031305,100.1
2025-05-05 17:00:00,100.66654331475006,128.92
2025-05-05 18:00:00,107.14837644051819,128.0
2025-05-05 19:00:00,108.83792035100768,113.17
2025-05-05 20:00:00,108.66441839174931,101.52
2025-05-05 21:00:00,105.08060648460595,94.46
2025-05-05 22:00:00,100.61690625000026,87.22
2025-05-05 23:00:00,100.61690625000031,81.68
2025-05-06 00:00:00,99.27364890966982,81.29
2025-05-06 01:00:00,100.61690625000037,79.96
2025-05-06 02:00:00,100.61690625000026,82.39
2025-05-06 03:00:00,107.14837644051839,97.08
2025-05-06 04:00:00,110.44346735524358,114.57
2025-05-06 05:00:00,109.4546108403523,121.86
2025-05-06 06:00:00,109.35367189188003,108.37
2025-05-06 07:00:00,102.98245388539455,83.08
2025-05-06 08:00:00,94.9249421291553,72.27
2025-05-06 09:00:00,61.0759702905093,59.89
2025-05-06 10:00:00,58.81443392067645,42.81
2025-05-06 11:00:00,35.93090000000025,38.17
2025-05-06 12:00:00,21.564061688156713,45.44
2025-05-06 13:00:00,35.93090000000031,65.0
2025-05-06 14:00:00,37.463317176807664,73.73
2025-05-06 15:00:00,73.3451004682981,89.99
2025-05-06 16:00:00,97.07137775031295,106.89
2025-05-06 17:00:00,100.66654331474986,134.09
2025-05-06 18:00:00,108.85342762704119,161.18
2025-05-06 19:00:00,109.38254120691673,136.6
2025-05-06 20:00:00,109.35132525716287,118.28
2025-05-06 21:00:00,108.58672829603819,101.27
2025-05-06 22:00:00,106.72165291650691,92.67
2025-05-06 23:00:00,107.14837644051809,87.05
2025-05-07 00:00:00,107.14837644051809,85.63
2025-05-07 01:00:00,108.05251015621131,88.6
2025-05-07 02:00:00,108.43336383899101,95.16
2025-05-07 03:00:00,110.37697463157097,108.57
2025-05-07 04:00:00,109.9411286043226,131.68
2025-05-07 05:00:00,109.38067753768296,143.95
2025-05-07 06:00:00,109.3585614035096,125.0
2025-05-07 07:00:00,109.08052570721276,96.43
2025-05-07 08:00:00,99.27364890966957,82.41
2025-05-07 09:00:00,74.74264523132486,73.3
2025-05-07 10:00:00,35.930899999999994,64.43
2025-05-07 11:00:00,27.32280368098159,63.92
2025-05-07 12:00:00,45.061473609610616,68.04
2025-05-07 13:00:00,60.48966541045235,75.0
2025-05-07 14:00:00,71.72159750436029,81.8
2025-05-07 15:00:00,94.89807381401121,95.85
2025-05-07 16:00:00,97.85956206066541,108.49
2025-05-07 17:00:00,108.59910096596998,128.93
2025-05-07 18:00:00,109.3377417790435,147.15
2025-05-07 19:00:00,109.35856140350877,125.18
2025-05-07 20:00:00,109.35856140350882,108.49
2025-05-07 21:00:00,109.20722785816358,96.59
2025-05-07 22:00:00,108.5009123206403,95.86
2025-05-07 23:00:00,106.6438326978533,91.66
2025-05-08 00:00:00,104.09320289878674,91.51
2025-05-08 01:00:00,107.67781811562378,93.18
2025-05-08 02:00:00,108.64969941007766,96.09
2025-05-08 03:00:00,110.55101271076273,109.25
2025-05-08 04:00:00,110.70326512405276,124.27
2025-05-08 05:00:00,110.70326512405275,138.73
2025-05-08 06:00:00,109.45903907915326,124.11
2025-05-08 07:00:00,106.36425893878496,101.13
2025-05-08 08:00:00,97.85956206066555,87.81
2025-05-08 09:00:00,72.11966228536812,75.34
2025-05-08 10:00:00,35.914955795132194,64.25
2025-05-08 11:00:00,21.946860079297597,63.75
2025-05-08 12:00:00,25.713055890500407,70.05
2025-05-08 13:00:00,28.725415105816452,78.77
2025-05-08 14:00:00,75.73467039045448,85.3
2025-05-08 15:00:00,94.90025105724972,91.63
2025-05-08 16:00:00,98.22129346317298,109.09
2025-05-08 17:00:00,109.49189196524377,134.96
2025-05-08 18:00:00,109.38216561710237,185.08
2025-05-08 19:00:00,109.36053826436023,143.18
2025-05-08 20:00:00,109.35856140350873,114.77
2025-05-08 21:00:00,109.14647356601635,106.48
2025-05-08 22:00:00,107.14837644051813,102.27
2025-05-08 23:00:00,108.98556782971525,96.55
2025-05-09 00:00:00,108.98556782971522,93.76
2025-05-09 01:00:00,108.98587398693076,95.09
2025-05-09 02:00:00,110.55101271076269,100.28
2025-05-09 03:00:00,110.7032651240525,112.4
2025-05-09 04:00:00,109.95401622017057,141.0
2025-05-09 05:00:00,110.072210368441,136.03
2025-05-09 06:00:00,109.35856140350913,100.61
2025-05-09 07:00:00,106.59203385015647,82.0
2025-05-09 08:00:00,87.86051344871227,51.6
2025-05-09 09:00:00,22.280661058866503,0.1
2025-05-09 10:00:00,19.97991452991467,-0.74
2025-05-09 11:00:00,18.180999525914068,-0.04
2025-05-09 12:00:00,19.97991452991471,-0.01
2025-05-09 13:00:00,21.208491730704772,0.09
2025-05-09 14:00:00,25.5214024608059,52.66
2025-05-09 15:00:00,81.67000276243095,79.06
2025-05-09 16:00:00,96.27261728008669,98.9
2025-05-09 17:00:00,98.22129346317288,120.0
2025-05-09 18:00:00,109.19410811509564,149.13
2025-05-09 19:00:00,109.31573489855386,130.35
2025-05-09 20:00:00,109.31785213585859,107.32
2025-05-09 21:00:00,108.55612198630982,98.32
2025-05-09 22:00:00,100.66654331474979,105.22
2025-05-09 23:00:00,99.27364890966965,102.91
2025-05-10 00:00:00,99.27364890966973,98.78
2025-05-10 01:00:00,100.61690625000027,96.28
2025-05-10 02:00:00,100.61690625000014,100.9
2025-05-10 03:00:00,100.66654331474979,100.47
2025-05-10 04:00:00,105.82610495581551,97.73
2025-05-10 05:00:00,107.14837644051836,93.91
2025-05-10 06:00:00,102.22662499379805,73.72
2025-05-10 07:00:00,96.84925003308592,9.02
2025-05-10 08:00:00,28.943707571529828,-0.07
2025-05-10 09:00:00,26.573357764926907,-22.88
2025-05-10 10:00:00,10.792164782436483,-58.48
2025-05-10 11:00:00,-4.9999999999998845,-114.53
2025-05-10 12:00:00,-4.99999999999994,-110.51
2025-05-10 13:00:00,-4.999999999999993,-49.52
2025-05-10 14:00:00,-4.999999999999963,-5.94
2025-05-10 15:00:00,21.24796836526366,23.99
2025-05-10 16:00:00,81.86080139670648,95.27
2025-05-10 17:00:00,97.85956206066561,124.04
2025-05-10 18:00:00,100.8115204159576,163.2
2025-05-10 19:00:00,107.14837644051808,129.49
2025-05-10 20:00:00,104.09329557251718,107.72
2025-05-10 21:00:00,98.22129346317296,94.49
2025-05-10 22:00:00,97.85956206066537,97.8
2025-05-10 23:00:00,97.07137775031259,95.1
2025-05-11 00:00:00,97.07137775031256,94.51
2025-05-11 01:00:00,97.07137775031256,95.42
2025-05-11 02:00:00,97.07137775031256,95.39
2025-05-11 03:00:00,97.07137775031256,95.45
2025-05-11 04:00:00,97.73392547384447,87.61
2025-05-11 05:00:00,97.85956206066561,65.76
2025-05-11 06:00:00,97.0713777503127,4.96
2025-05-11 07:00:00,81.67000276243104,-0.1
2025-05-11 08:00:00,27.32280368098147,-12.02
2025-05-11 09:00:00,-1.7763568394002505e-14,-51.95
2025-05-11 10:00:00,-5.000000000000021,-212.82
2025-05-11 11:00:00,-5.000000000000003,-250.32
2025-05-11 12:00:00,-4.999999999999983,-230.98
2025-05-11 13:00:00,-5.000000000000001,-110.06
2025-05-11 14:00:00,-5.0,-18.52
2025-05-11 15:00:00,19.979914529914545,-0.08
2025-05-11 16:00:00,40.800115135432634,85.96
2025-05-11 17:00:00,95.3265359168809,117.11
2025-05-11 18:00:00,104.80108882265893,124.86
2025-05-11 19:00:00,106.33867830095761,109.55
2025-05-11 20:00:00,101.8214059954911,98.45
2025-05-11 21:00:00,99.2736489096698,84.68
2025-05-11 22:00:00,97.07137775031306,86.0
2025-05-11 23:00:00,96.27261728008712,81.28
2025-05-12 00:00:00,94.87131662251817,80.95
2025-05-12 01:00:00,94.94648024778351,81.48
2025-05-12 02:00:00,96.27261728008705,84.65
2025-05-12 03:00:00,98.2212934631733,97.71
2025-05-12 04:00:00,107.14837644051849,137.05
2025-05-12 05:00:00,109.32935723885015,141.15
2025-05-12 06:00:00,109.35856140350512,108.49
2025-05-12 07:00:00,99.46957031202133,69.74
2025-05-12 08:00:00,81.67000276243155,0.49
2025-05-12 09:00:00,21.324754617468464,-3.91
2025-05-12 10:00:00,3.657981942790177,-25.0
2025-05-12 11:00:00,-5.0,-35.0
2025-05-12 12:00:00,-4.999999999999999,-29.9
2025-05-12 13:00:00,-4.999999999999999,-8.59
2025-05-12 14:00:00,-4.999999999999996,-0.01
2025-05-12 15:00:00,19.979914529914524,72.58
2025-05-12 16:00:00,73.43389189927247,107.12
2025-05-12 17:00:00,102.3266766200955,141.41
2025-05-12 18:00:00,109.33774177904384,172.7
2025-05-12 19:00:00,109.35856140350904,117.25
2025-05-12 20:00:00,109.3585614035085,100.11
2025-05-12 21:00:00,108.50664875354451,92.97
2025-05-12 22:00:00,102.22900866755123,89.87
2025-05-12 23:00:00,102.55051209191032,88.55
2025-05-13 00:00:00,102.55023064334377,89.2
2025-05-13 01:00:00,102.98093123437508,93.94
2025-05-13 02:00:00,103.97542013049548,96.71
2025-05-13 03:00:00,107.14837644051798,104.0
2025-05-13 04:00:00,109.32889092726727,136.77
2025-05-13 05:00:00,109.35856140350847,128.33
2025-05-13 06:00:00,109.35856140350847,100.42
2025-05-13 07:00:00,106.40478204677306,79.36
2025-05-13 08:00:00,96.27261728008679,16.09
2025-05-13 09:00:00,27.574062620575347,-0.75
2025-05-13 10:00:00,20.487955691178193,-6.0
2025-05-13 11:00:00,11.285281010963402,-16.0
2025-05-13 12:00:00,-3.552713678800501e-15,-6.55
2025-05-13 13:00:00,5.684341886080802e-14,-3.83
2025-05-13 14:00:00,5.684341886080802e-14,0.55
2025-05-13 15:00:00,21.47196349480406,74.0
2025-05-13 16:00:00,89.12174847060206,105.23
2025-05-13 17:00:00,102.51609198670202,151.07
2025-05-13 18:00:00,109.28727180194348,223.58
2025-05-13 19:00:00,109.35856140350889,148.96
2025-05-13 20:00:00,109.35856140350894,111.97
2025-05-13 21:00:00,109.18172673718833,102.63
2025-05-13 22:00:00,107.14837644051703,102.78
2025-05-13 23:00:00,103.61095610136358,97.3
2025-05-14 00:00:00,104.09320289878679,95.41
2025-05-14 01:00:00,104.09320289878679,96.96
2025-05-14 02:00:00,104.09320289878673,98.56
2025-05-14 03:00:00,106.64936035326726,103.94
2025-05-14 04:00:00,109.35992979197903,128.58
2025-05-14 05:00:00,109.35724121339197,122.51
2025-05-14 06:00:00,109.35856140350954,99.56
2025-05-14 07:00:00,100.61690625,70.92
2025-05-14 08:00:00,41.15287401844009,0.2
2025-05-14 09:00:00,27.04377274737218,-1.67
2025-05-14 10:00:00,17.12211392063252,-18.16
2025-05-14 11:00:00,-5.000000000000012,-29.91
2025-05-14 12:00:00,-5.0000000000000195,-31.82
2025-05-14 13:00:00,-5.000000000000042,-12.79
2025-05-14 14:00:00,-5.0,-1.33
2025-05-14 15:00:00,2.3380968171439935,30.94
2025-05-14 16:00:00,33.401195171018735,91.6
2025-05-14 17:00:00,96.27261728008615,114.0
2025-05-14 18:00:00,103.37163335220917,158.45
2025-05-14 19:00:00,107.6071861987971,132.59
2025-05-14 20:00:00,105.80366347847334,109.08
2025-05-14 21:00:00,100.66654331474929,99.86
2025-05-14 22:00:00,97.07137775031188,98.06
2025-05-14 23:00:00,97.07137775031184,89.88
2025-05-15 00:00:00,96.27261728008581,87.8
2025-05-15 01:00:00,96.74899628338589,87.63
2025-05-15 02:00:00,97.07137775031212,90.28
2025-05-15 03:00:00,98.22129346317222,98.94
2025-05-15 04:00:00,100.7961207430162,119.9
2025-05-15 05:00:00,109.21856466209181,119.91
2025-05-15 06:00:00,108.87414771755083,102.06
2025-05-15 07:00:00,97.85956206066471,75.65
2025-05-15 08:00:00,35.93089999999937,4.58
2025-05-15 09:00:00,19.979914529914325,-0.08
2025-05-15 10:00:00,-3.138287968233072,-4.97
2025-05-15 11:00:00,-5.000000000000231,-14.76
2025-05-15 12:00:00,-5.000000000000412,-14.25
2025-05-15 13:00:00,-5.000000000000458,-6.62
2025-05-15 14:00:00,-5.0000000000007,-0.6
2025-05-15 15:00:00,-5.000000000000269,3.83
2025-05-15 16:00:00,19.979914529913835,76.11
2025-05-15 17:00:00,87.86051344871129,108.97
2025-05-15 18:00:00,100.66654331474969,130.74
2025-05-15 19:00:00,107.14837644051806,125.13
2025-05-15 20:00:00,106.7686248665358,110.49
2025-05-15 21:00:00,104.09320289878697,101.0
2025-05-15 22:00:00,98.22129346317293,94.5
2025-05-15 23:00:00,98.22129346317298,88.47
2025-05-16 00:00:00,99.2736489096696,84.91
2025-05-16 01:00:00,99.9550844583899,85.0
2025-05-16 02:00:00,99.9550844583899,88.76
2025-05-16 03:00:00,100.61690625000006,98.26
2025-05-16 04:00:00,107.67781811562378,113.18
2025-05-16 05:00:00,109.35810516341414,117.6
2025-05-16 06:00:00,109.1774328274452,106.66
2025-05-16 07:00:00,100.18867690900956,78.99
2025-05-16 08:00:00,60.648034723659755,11.11
2025-05-16 09:00:00,19.979914529914538,-0.01
2025-05-16 10:00:00,19.979914529914456,-3.15
2025-05-16 11:00:00,19.026916396297278,-1.97
2025-05-16 12:00:00,-3.6630786599796528,-1.55
2025-05-16 13:00:00,-4.999999999999883,-0.01
2025-05-16 14:00:00,-1.438882656042722,2.98
2025-05-16 15:00:00,20.21801336529556,69.79
2025-05-16 16:00:00,70.71835549581232,100.05
2025-05-16 17:00:00,97.07137775031265,111.81
2025-05-16 18:00:00,104.4978885447996,154.91
2025-05-16 19:00:00,108.60407784908966,143.23
2025-05-16 20:00:00,107.14837644051822,116.08
2025-05-16 21:00:00,103.94514192165865,102.08
2025-05-16 22:00:00,99.27364890966966,93.0
2025-05-16 23:00:00,97.07137775031286,93.48
2025-05-17 00:00:00,97.07137775031292,88.93
2025-05-17 01:00:00,96.27261728008692,88.9
2025-05-17 02:00:00,96.27261728008695,89.89
2025-05-17 03:00:00,96.27261728008686,93.46
2025-05-17 04:00:00,96.74546831834134,91.56
2025-05-17 05:00:00,98.20032981988345,89.85
2025-05-17 06:00:00,98.22129346317308,59.11
2025-05-17 07:00:00,87.860513448712,0.86
2025-05-17 08:00:00,22.359078640589058,-0.06
2025-05-17 09:00:00,19.979914529914527,-4.49
2025-05-17 10:00:00,-3.164643657825254,-4.96
2025-05-17 11:00:00,-5.0,-10.02
2025-05-17 12:00:00,-5.0,-11.27
2025-05-17 13:00:00,-5.0,-5.8
2025-05-17 14:00:00,-4.18147420099921,-0.8
2025-05-17 15:00:00,19.979914529914538,5.01
2025-05-17 16:00:00,27.447891155557357,78.77
2025-05-17 17:00:00,96.27261728008672,99.64
2025-05-17 18:00:00,99.27364890966953,121.38
2025-05-17 19:00:00,106.6487655927775,130.21
2025-05-17 20:00:00,108.65316708003813,129.9
2025-05-17 21:00:00,107.63548398940603,111.6
2025-05-17 22:00:00,106.58582530939535,106.73
2025-05-17 23:00:00,100.61690625000003,101.49
2025-05-18 00:00:00,98.22129346317298,98.57
2025-05-18 01:00:00,97.8595620606657,97.4
2025-05-18 02:00:00,97.85956206066562,98.41
2025-05-18 03:00:00,97.85956206066562,97.98
2025-05-18 04:00:00,97.85956206066567,91.3
2025-05-18 05:00:00,98.22129346317297,87.16
2025-05-18 06:00:00,98.22129346317296,67.86
2025-05-18 07:00:00,96.74503562285054,10.1
2025-05-18 08:00:00,27.4207343974618,0.0
2025-05-18 09:00:00,27.322803680981693,-0.2
2025-05-18 10:00:00,27.322803680981664,-2.0
2025-05-18 11:00:00,-1.6660806395997114,-7.37
2025-05-18 12:00:00,-4.999999999999953,-15.0
2025-05-18 13:00:00,-4.807595004856346,-8.97
2025-05-18 14:00:00,-3.7226935056466446,-0.2
2025-05-18 15:00:00,20.86125368589783,9.67
2025-05-18 16:00:00,73.33499570492168,91.38
2025-05-18 17:00:00,96.27261728008679,108.4
2025-05-18 18:00:00,108.43293590743997,125.17
2025-05-18 19:00:00,109.23177967873475,130.47
2025-05-18 20:00:00,109.22437960073991,118.41
2025-05-18 21:00:00,108.73579131439917,103.62
2025-05-18 22:00:00,106.58912334742836,110.48
2025-05-18 23:00:00,100.66654331474963,102.62
2025-05-19 00:00:00,101.90615295275089,96.1
2025-05-19 01:00:00,101.88640829813556,92.95
2025-05-19 02:00:00,102.22631473642771,98.03
2025-05-19 03:00:00,107.73532630186054,109.39
2025-05-19 04:00:00,109.42616130943523,131.22
2025-05-19 05:00:00,109.36345027536497,137.22
2025-05-19 06:00:00,109.35856140350872,113.41
2025-05-19 07:00:00,109.08061712912976,93.69
2025-05-19 08:00:00,98.221293463173,69.59
2025-05-19 09:00:00,35.93090000000001,28.56
2025-05-19 10:00:00,21.288669509070278,12.77
2025-05-19 11:00:00,21.324754617468532,5.0
2025-05-19 12:00:00,25.846274842857273,8.0
2025-05-19 13:00:00,32.19183877671199,28.15
2025-05-19 14:00:00,70.61027562478738,72.98
2025-05-19 15:00:00,96.27261728008686,97.09
2025-05-19 16:00:00,98.22129346317308,114.49
2025-05-19 17:00:00,108.75508296356932,148.45
2025-05-19 18:00:00,109.38703158645123,229.11
2025-05-19 19:00:00,109.39379841609266,154.86
2025-05-19 20:00:00,109.3526672717185,126.81
2025-05-19 21:00:00,109.31773453736366,111.88
2025-05-19 22:00:00,108.78600696305033,114.95
2025-05-19 23:00:00,107.1483764405183,106.03
2025-05-20 00:00:00,109.94217487098926,102.5
2025-05-20 01:00:00,110.04733245732912,104.04
2025-05-20 02:00:00,110.62623891684694,109.14
2025-05-20 03:00:00,109.35386344448565,118.96
2025-05-20 04:00:00,109.3874147627791,143.21
2025-05-20 05:00:00,109.44888418807017,130.81
2025-05-20 06:00:00,109.35856140350873,100.0
2025-05-20 07:00:00,109.06289419752208,85.2
2025-05-20 08:00:00,99.2736489096696,61.58
2025-05-20 09:00:00,43.131139401628154,15.95
2025-05-20 10:00:00,27.322803680981504,0.17
2025-05-20 11:00:00,27.26895382822433,0.01
2025-05-20 12:00:00,20.17474302101274,0.09
2025-05-20 13:00:00,24.863089235568065,7.61
2025-05-20 14:00:00,62.572204129375095,67.87
2025-05-20 15:00:00,81.86080139670597,97.15
2025-05-20 16:00:00,97.07137775031252,111.79
2025-05-20 17:00:00,108.54927292140725,141.23
2025-05-20 18:00:00,109.3733341444296,192.25
2025-05-20 19:00:00,109.37850995224737,148.97
2025-05-20 20:00:00,109.35856140350953,120.0
2025-05-20 21:00:00,109.34078148356703,107.93
2025-05-20 22:00:00,108.66968128939153,107.93
2025-05-20 23:00:00,107.14837644051856,102.33
2025-05-21 00:00:00,106.59044218403831,97.9
2025-05-21 01:00:00,102.438851555938,94.9
2025-05-21 02:00:00,102.96819994263892,93.7
2025-05-21 03:00:00,107.01239697707436,102.49
2025-05-21 04:00:00,109.19317523116946,112.48
2025-05-21 05:00:00,109.3585614035088,116.54
2025-05-21 06:00:00,109.35856140350884,107.82
2025-05-21 07:00:00,100.61690625000004,84.82
2025-05-21 08:00:00,94.871316622518,42.22
2025-05-21 09:00:00,19.97991452991442,0.15
2025-05-21 10:00:00,19.9799145299145,-0.1
2025-05-21 11:00:00,-3.5652937047471496,-2.2
2025-05-21 12:00:00,-5.000000000000055,-1.53
2025-05-21 13:00:00,-5.000000000000014,-0.01
2025-05-21 14:00:00,-5.000000000000037,2.06
2025-05-21 15:00:00,17.056777475497295,49.08
2025-05-21 16:00:00,35.93089999999992,86.32
2025-05-21 17:00:00,97.8595620606656,100.1
2025-05-21 18:00:00,102.88685516245106,114.35
2025-05-21 19:00:00,108.74452209676437,110.27
2025-05-21 20:00:00,108.67743802368446,100.72
2025-05-21 21:00:00,106.9021103743878,90.0
2025-05-21 22:00:00,100.66654331474969,98.54
2025-05-21 23:00:00,98.22129346317297,88.28
2025-05-22 00:00:00,97.07137775031266,83.65
2025-05-22 01:00:00,96.27261728008675,81.5
2025-05-22 02:00:00,96.27261728008676,83.34
2025-05-22 03:00:00,97.07137775031265,90.0
2025-05-22 04:00:00,100.61690624999994,107.67
2025-05-22 05:00:00,104.74348904164778,106.01
2025-05-22 06:00:00,100.6665433147496,98.16
2025-05-22 07:00:00,97.07137775031298,54.54
2025-05-22 08:00:00,33.787333900322146,1.66
2025-05-22 09:00:00,16.887143875349462,0.01
2025-05-22 10:00:00,1.2523315717771766e-13,-1.91
2025-05-22 11:00:00,-1.1877807364779844,-12.77
2025-05-22 12:00:00,-5.000000000000325,-15.4
2025-05-22 13:00:00,-4.999999999999753,-10.9
2025-05-22 14:00:00,-4.999999999999947,-2.99
2025-05-22 15:00:00,-4.999999999999954,-0.01
2025-05-22 16:00:00,20.179071574531836,50.0
2025-05-22 17:00:00,73.86017145135432,106.84
2025-05-22 18:00:00,100.66654331474976,115.0
2025-05-22 19:00:00,109.1091435450137,127.25
2025-05-22 20:00:00,109.32704434807802,117.48
2025-05-22 21:00:00,109.06569216781364,103.23
2025-05-22 22:00:00,107.4692754183578,101.1
2025-05-22 23:00:00,105.78109164215473,93.16
2025-05-23 00:00:00,103.55018118081834,87.12
2025-05-23 01:00:00,99.27364890966922,86.56
2025-05-23 02:00:00,98.22129346317237,93.08
2025-05-23 03:00:00,100.66654331474949,106.82
2025-05-23 04:00:00,108.84219094157443,128.49
2025-05-23 05:00:00,109.33463128035896,132.8
2025-05-23 06:00:00,109.32658233253255,114.67
2025-05-23 07:00:00,100.61690624999974,85.9
2025-05-23 08:00:00,96.27261728008624,70.0
2025-05-23 09:00:00,28.011333515739683,54.05
2025-05-23 10:00:00,19.97991452991464,13.44
2025-05-23 11:00:00,10.558670855840294,0.62
2025-05-23 12:00:00,-1.4905400115325966e-13,0.0
2025-05-23 13:00:00,2.355707179530988,0.0
2025-05-23 14:00:00,-2.5583093450838304e-13,25.33
2025-05-23 15:00:00,19.97991452991419,71.91
2025-05-23 16:00:00,37.32483207304648,97.6
2025-05-23 17:00:00,97.07137775031205,114.36
2025-05-23 18:00:00,107.67493468704582,130.47
2025-05-23 19:00:00,109.2556072374754,139.29
2025-05-23 20:00:00,109.25027393677482,126.93
2025-05-23 21:00:00,108.73372021869687,108.0
2025-05-23 22:00:00,102.52038525030041,98.99
2025-05-23 23:00:00,98.22129346317304,94.76
2025-05-24 00:00:00,97.8595620606656,88.74
2025-05-24 01:00:00,97.07137775031279,84.22
2025-05-24 02:00:00,97.07137775031272,82.93
2025-05-24 03:00:00,97.07137775031279,80.71
2025-05-24 04:00:00,97.85956206066562,82.07
2025-05-24 05:00:00,98.22129346317305,76.9
2025-05-24 06:00:00,97.07137775031273,62.09
2025-05-24 07:00:00,81.8608013967065,12.26
2025-05-24 08:00:00,26.31450930223344,-0.01
2025-05-24 09:00:00,19.97991452991452,-0.11
2025-05-24 10:00:00,3.552713678800501e-15,-0.15
2025-05-24 11:00:00,-4.4405851868391615,-0.19
2025-05-24 12:00:00,-4.999999999999998,-0.39
2025-05-24 13:00:00,-4.9999999999999964,-1.77
2025-05-24 14:00:00,-4.999999999999986,-0.39
2025-05-24 15:00:00,21.287507335934396,48.67
2025-05-24 16:00:00,72.58307038138054,85.34
2025-05-24 17:00:00,96.27261728008676,109.08
2025-05-24 18:00:00,97.07137775031275,111.0
2025-05-24 19:00:00,97.07137775031273,107.92
2025-05-24 20:00:00,97.07137775031275,92.06
2025-05-24 21:00:00,96.2726172800869,79.67
2025-05-24 22:00:00,89.12174847060214,23.82
2025-05-24 23:00:00,87.86051344871217,22.9
2025-05-25 00:00:00,71.97568433659087,14.39
2025-05-25 01:00:00,71.97568433659069,8.38
2025-05-25 02:00:00,71.36361373284721,3.9
2025-05-25 03:00:00,69.93423634447406,2.11
2025-05-25 04:00:00,81.86080139670645,1.17
2025-05-25 05:00:00,87.86051344871217,1.21
2025-05-25 06:00:00,87.86051344871238,0.03
2025-05-25 07:00:00,28.383830076026133,0.0
2025-05-25 08:00:00,27.322803680981867,-0.61
2025-05-25 09:00:00,16.89779997988212,-0.6
2025-05-25 10:00:00,13.966725317942181,-0.25
2025-05-25 11:00:00,-4.890688109876472,-3.19
2025-05-25 12:00:00,-4.601814854964863,-5.05
2025-05-25 13:00:00,-4.228929931763593,-4.95
2025-05-25 14:00:00,-5.000000000000027,-1.37
2025-05-25 15:00:00,19.979914529914517,0.0
2025-05-25 16:00:00,35.93090000000004,11.72
2025-05-25 17:00:00,93.26551805049854,92.95
2025-05-25 18:00:00,97.07137775031272,100.0
2025-05-25 19:00:00,99.27364890966949,107.41
2025-05-25 20:00:00,99.27364890966973,102.23
2025-05-25 21:00:00,98.22129346317297,92.92
2025-05-25 22:00:00,98.22129346317298,88.13
2025-05-25 23:00:00,97.99466475143167,79.12
2025-05-26 00:00:00,98.22129346317305,73.21
2025-05-26 01:00:00,97.85956206066578,71.83
2025-05-26 02:00:00,97.07137775031285,76.7
2025-05-26 03:00:00,97.85956206066554,85.48
2025-05-26 04:00:00,100.66654331474977,116.2
2025-05-26 05:00:00,106.03269060977664,143.17
2025-05-26 06:00:00,103.31471941567911,129.91
2025-05-26 07:00:00,98.2212934631732,91.41
2025-05-26 08:00:00,91.19119215807166,16.17
2025-05-26 09:00:00,21.291236973805496,0.05
2025-05-26 10:00:00,19.588368759263957,-0.42
2025-05-26 11:00:00,-2.6382618160005347,-1.45
2025-05-26 12:00:00,-4.430657483096903,-1.18
2025-05-26 13:00:00,-4.196830709278134,-0.82
2025-05-26 14:00:00,-2.3085351055682435,0.0
2025-05-26 15:00:00,0.5924914553981999,17.65
2025-05-26 16:00:00,70.67913911938226,95.76
2025-05-26 17:00:00,97.85956206066561,119.33
2025-05-26 18:00:00,101.56860567878472,169.87
2025-05-26 19:00:00,105.35783386350313,161.57
2025-05-26 20:00:00,106.67227725183785,119.38
2025-05-26 21:00:00,100.66654331474969,98.86
2025-05-26 22:00:00,98.22129346317298,88.51
2025-05-26 23:00:00,97.85956206066554,73.92
2025-05-27 00:00:00,97.07137775031268,62.02
2025-05-27 01:00:00,96.87153995563436,61.98
2025-05-27 02:00:00,96.27261728008679,67.7
2025-05-27 03:00:00,96.27261728008672,62.2
2025-05-27 04:00:00,97.85956206066535,67.7
2025-05-27 05:00:00,97.85956206066567,73.9
2025-05-27 06:00:00,96.27261728008669,68.63
2025-05-27 07:00:00,81.86080139670632,50.17
2025-05-27 08:00:00,20.139900841836752,4.26
2025-05-27 09:00:00,-4.811924607759441,3.19
2025-05-27 10:00:00,27.322803680981536,0.03
2025-05-27 11:00:00,19.979914529914552,0.02
2025-05-27 12:00:00,19.979914529914517,0.09
2025-05-27 13:00:00,27.322803680981558,3.14
2025-05-27 14:00:00,27.230701368446443,55.17
2025-05-27 15:00:00,71.55352569804651,84.55
2025-05-27 16:00:00,96.27261728008655,103.0
2025-05-27 17:00:00,99.27364890966929,122.64
2025-05-27 18:00:00,100.66654331474956,137.6
2025-05-27 19:00:00,100.66654331474979,111.16
2025-05-27 20:00:00,100.66654331474969,100.34
2025-05-27 21:00:00,97.07137775031262,82.41
2025-05-27 22:00:00,94.87131662251757,76.43
2025-05-27 23:00:00,87.86051344871215,69.01
2025-05-28 00:00:00,81.8608013967064,67.39
2025-05-28 01:00:00,72.98808772127566,61.01
2025-05-28 02:00:00,73.69110855399944,65.19
2025-05-28 03:00:00,87.86051344871196,72.52
2025-05-28 04:00:00,96.3648880962801,92.85
2025-05-28 05:00:00,97.85956206066554,100.09
2025-05-28 06:00:00,100.61690625000021,95.0
2025-05-28 07:00:00,97.85956206066585,90.0
2025-05-28 08:00:00,96.2726172800867,76.48
2025-05-28 09:00:00,94.87131662251844,71.46
2025-05-28 10:00:00,89.71074390243912,65.67
2025-05-28 11:00:00,28.973190661373252,58.03
2025-05-28 12:00:00,25.904070422032287,53.21
2025-05-28 13:00:00,25.8559905015743,42.1
2025-05-28 14:00:00,38.49801521691658,67.28
2025-05-28 15:00:00,63.667896034944434,83.7
2025-05-28 16:00:00,94.87131662251795,94.99
2025-05-28 17:00:00,97.85956206066543,114.83
2025-05-28 18:00:00,107.04764083780621,134.83
2025-05-28 19:00:00,109.11352673575692,139.91
2025-05-28 20:00:00,109.35856140350909,124.29
2025-05-28 21:00:00,109.10222143426557,104.27
2025-05-28 22:00:00,108.72101574044666,99.13
2025-05-28 23:00:00,102.82314076086723,94.8
2025-05-29 00:00:00,100.61690624999994,92.06
2025-05-29 01:00:00,99.27364890966955,91.55
2025-05-29 02:00:00,99.27364890966942,91.54
2025-05-29 03:00:00,99.00477241153212,91.36
2025-05-29 04:00:00,100.66654331474948,89.46
2025-05-29 05:00:00,102.4060116989489,86.49
2025-05-29 06:00:00,98.22129346317304,82.95
2025-05-29 07:00:00,97.85956206066547,62.83
2025-05-29 08:00:00,87.86051344871211,19.93
2025-05-29 09:00:00,28.312759862485297,1.71
2025-05-29 10:00:00,27.322803680981483,0.03
2025-05-29 11:00:00,20.21801336529554,-1.68
2025-05-29 12:00:00,19.979914529914502,-1.99
2025-05-29 13:00:00,19.979914529914517,-1.98
2025-05-29 14:00:00,27.322803680981384,-1.09
2025-05-29 15:00:00,21.88562271811362,23.13
2025-05-29 16:00:00,87.8605134487122,65.5
2025-05-29 17:00:00,96.27261728008673,80.2
2025-05-29 18:00:00,97.07137775031265,77.17
2025-05-29 19:00:00,98.22129346317304,73.73
2025-05-29 20:00:00,98.22129346317304,76.66
2025-05-29 21:00:00,97.85956206066568,57.5
2025-05-29 22:00:00,81.67000276243104,45.42
2025-05-29 23:00:00,64.27046703994101,25.67
2025-05-30 00:00:00,64.17472552530202,32.99
2025-05-30 01:00:00,66.72171175588107,33.95
2025-05-30 02:00:00,81.86080139670658,37.39
2025-05-30 03:00:00,89.71074390243919,55.08
2025-05-30 04:00:00,96.27261728008736,69.73
2025-05-30 05:00:00,97.07137775031289,68.38
2025-05-30 06:00:00,96.2726172800859,53.01
2025-05-30 07:00:00,38.12221304622532,29.13
2025-05-30 08:00:00,19.979914529914986,1.83
2025-05-30 09:00:00,13.084373495239383,-0.02
2025-05-30 10:00:00,6.369002566399954,-1.01
2025-05-30 11:00:00,-5.000000000000542,-3.1
2025-05-30 12:00:00,-4.999999999998833,-3.0
2025-05-30 13:00:00,-5.000000000000406,-1.34
2025-05-30 14:00:00,-5.0000000000004,-0.04
2025-05-30 15:00:00,19.97991452991433,5.88
2025-05-30 16:00:00,35.93090000000001,73.52
2025-05-30 17:00:00,98.22129346317297,111.84
2025-05-30 18:00:00,109.05746615546099,136.95
2025-05-30 19:00:00,109.35856140350889,145.89
2025-05-30 20:00:00,109.35856140350879,130.19
2025-05-30 21:00:00,109.35856140350884,108.15
2025-05-30 22:00:00,109.10222143426563,107.0
2025-05-30 23:00:00,108.71573174403082,99.94
2025-05-31 00:00:00,108.64274181686272,98.75
2025-05-31 01:00:00,107.14837644051802,99.07
2025-05-31 02:00:00,106.59044218403736,99.91
2025-05-31 03:00:00,106.59044218403736,98.29
2025-05-31 04:00:00,107.14837644051829,94.79
2025-05-31 05:00:00,108.32456663581297,84.61
2025-05-31 06:00:00,106.01448934032496,55.0
2025-05-31 07:00:00,97.8595620606657,1.0
2025-05-31 08:00:00,28.356520196885196,-0.02
2025-05-31 09:00:00,27.322803680981657,-1.0
2025-05-31 10:00:00,19.979914529914556,-3.07
2025-05-31 11:00:00,2.2095156186109737,-13.17
2025-05-31 12:00:00,-0.24328220266335787,-7.75
2025-05-31 13:00:00,19.979914529914556,-3.0
2025-05-31 14:00:00,27.32280368098177,-0.05
2025-05-31 15:00:00,25.894902052844827,41.4
2025-05-31 16:00:00,97.85956206066555,88.85
2025-05-31 17:00:00,102.82944883554471,131.41
2025-05-31 18:00:00,108.74268205686337,192.35
2025-05-31 19:00:00,109.46290030602195,192.37
2025-05-31 20:00:00,109.62511919250784,133.49
2025-05-31 21:00:00,108.3058154402128,102.06
2025-05-31 22:00:00,100.61690624999984,92.53
2025-05-31 23:00:00,98.41181976808117,85.22
2025-06-01 00:00:00,98.18308157312973,77.13
2025-06-01 01:00:00,97.07137775031285,74.09
2025-06-01 02:00:00,96.93308065676142,72.66
2025-06-01 03:00:00,96.54293412635329,66.11
2025-06-01 04:00:00,96.54293412635329,35.84
2025-06-01 05:00:00,97.07137775031278,13.0
2025-06-01 06:00:00,97.07137775031273,2.4
2025-06-01 07:00:00,87.86051344871223,-0.01
2025-06-01 08:00:00,28.298053210082116,-0.6
2025-06-01 09:00:00,21.324754617468578,-2.11
2025-06-01 10:00:00,8.600046925346557,-5.48
2025-06-01 11:00:00,-4.649415347741683,-12.93
2025-06-01 12:00:00,-4.9999999999999725,-20.41
2025-06-01 13:00:00,-4.999999999999968,-15.61
2025-06-01 14:00:00,-4.999999999999941,-6.0
2025-06-01 15:00:00,19.979914529914705,-0.99
2025-06-01 16:00:00,35.930899999999994,19.23
2025-06-01 17:00:00,94.9245727640627,78.85
2025-06-01 18:00:00,97.85956206066582,93.66
2025-06-01 19:00:00,99.27364890966975,106.86
2025-06-01 20:00:00,100.61690625000006,105.93
2025-06-01 21:00:00,98.83472942678021,90.49
2025-06-01 22:00:00,98.22129346317313,81.76
2025-06-01 23:00:00,97.85956206066585,75.31
2025-06-02 00:00:00,97.70678507966782,75.0
2025-06-02 01:00:00,97.85956206066562,77.75
2025-06-02 02:00:00,97.85956206066565,83.05
2025-06-02 03:00:00,98.9787637430047,91.93
2025-06-02 04:00:00,106.36961460417548,108.15
2025-06-02 05:00:00,109.35016948436622,117.9
2025-06-02 06:00:00,109.33535835558929,102.36
2025-06-02 07:00:00,108.10801094557999,85.6
2025-06-02 08:00:00,99.27364890966993,57.47
2025-06-02 09:00:00,81.86080139670658,33.21
2025-06-02 10:00:00,27.322803680981437,20.0
2025-06-02 11:00:00,27.322803680981874,12.78
2025-06-02 12:00:00,27.322803680981597,11.0
2025-06-02 13:00:00,19.979914529914506,19.75
2025-06-02 14:00:00,21.324754617468457,55.84
2025-06-02 15:00:00,81.86080139670636,82.8
2025-06-02 16:00:00,98.2212934631729,94.95
2025-06-02 17:00:00,109.10161396294092,109.32
2025-06-02 18:00:00,110.70326512405262,195.91
2025-06-02 19:00:00,110.70326512405258,245.37
2025-06-02 20:00:00,110.7032651240527,141.66
2025-06-02 21:00:00,109.36356521069744,110.04
2025-06-02 22:00:00,109.44599555620538,111.49
2025-06-02 23:00:00,106.6299507838925,109.91
2025-06-03 00:00:00,106.01567321514142,102.02
2025-06-03 01:00:00,104.97351024785577,99.23
2025-06-03 02:00:00,104.9735102478551,94.89
2025-06-03 03:00:00,105.45179256242582,107.6
2025-06-03 04:00:00,106.7161983590211,130.76
2025-06-03 05:00:00,107.12124129078715,116.85
2025-06-03 06:00:00,107.46951109837815,85.98
2025-06-03 07:00:00,98.2212934631728,59.46
2025-06-03 08:00:00,87.86051344871231,2.0
2025-06-03 09:00:00,19.979914529914524,-0.05
2025-06-03 10:00:00,5.004801541371158,-1.01
2025-06-03 11:00:00,-3.173395960358839,-3.0
2025-06-03 12:00:00,-3.290905847640545,-4.32
2025-06-03 13:00:00,13.52874907925115,-1.33
2025-06-03 14:00:00,19.979914529914588,0.0
2025-06-03 15:00:00,20.218013365295427,66.0
2025-06-03 16:00:00,94.8713166225178,87.79
2025-06-03 17:00:00,98.22129346317315,109.41
2025-06-03 18:00:00,102.73904606025032,132.9
2025-06-03 19:00:00,106.91261624254041,112.29
2025-06-03 20:00:00,106.20038532769124,106.12
2025-06-03 21:00:00,98.49216709600623,95.49
2025-06-03 22:00:00,96.36488809627906,74.95
2025-06-03 23:00:00,96.2726172800869,67.25
2025-06-04 00:00:00,96.27261728008719,64.78
2025-06-04 01:00:00,96.27261728008725,65.0
2025-06-04 02:00:00,96.27261728008702,68.32
2025-06-04 03:00:00,96.9773568897019,80.32
2025-06-04 04:00:00,100.61690625,99.77
2025-06-04 05:00:00,106.67372762127107,113.74
2025-06-04 06:00:00,104.35775693917415,112.4
2025-06-04 07:00:00,98.22129346317297,79.08
2025-06-04 08:00:00,64.8734460309839,72.4
2025-06-04 09:00:00,25.629765173514222,48.36
2025-06-04 10:00:00,27.32280368098158,20.12
2025-06-04 11:00:00,23.592586786988193,9.69
2025-06-04 12:00:00,20.303136980980337,18.26
2025-06-04 13:00:00,20.345249482005837,43.35
2025-06-04 14:00:00,19.979914529914325,72.4
2025-06-04 15:00:00,87.86051344871183,91.45
2025-06-04 16:00:00,97.07137775031262,108.91
2025-06-04 17:00:00,100.81152041595698,145.98
2025-06-04 18:00:00,107.0494403593179,192.85
2025-06-04 19:00:00,109.3091690106317,138.82
2025-06-04 20:00:00,109.35039310726391,112.43
2025-06-04 21:00:00,109.03456952258907,94.08
2025-06-04 22:00:00,105.89897311900211,97.67
2025-06-04 23:00:00,100.66654331474945,92.7
2025-06-05 00:00:00,100.61690624999977,86.84
2025-06-05 01:00:00,99.27364890966923,86.1
2025-06-05 02:00:00,99.27364890966923,87.01
2025-06-05 03:00:00,99.2736489096694,88.09
2025-06-05 04:00:00,102.56936526417469,113.78
2025-06-05 05:00:00,102.79190590781704,129.03
2025-06-05 06:00:00,105.80291060640896,116.6
2025-06-05 07:00:00,97.07137775031204,83.03
2025-06-05 08:00:00,96.27261728008645,66.0
2025-06-05 09:00:00,64.84187582907427,46.18
2025-06-05 10:00:00,21.88562271811373,20.0
2025-06-05 11:00:00,21.30008213283782,11.03
2025-06-05 12:00:00,21.284280263682856,7.07
2025-06-05 13:00:00,21.203976099599323,19.87
2025-06-05 14:00:00,22.535344881896396,57.5
2025-06-05 15:00:00,36.86888034197244,81.08
2025-06-05 16:00:00,87.86051344871204,100.94
2025-06-05 17:00:00,97.0713777503127,112.19
2025-06-05 18:00:00,100.6665433147498,136.4
2025-06-05 19:00:00,107.14837644051788,106.95
2025-06-05 20:00:00,100.61690624999945,96.37
2025-06-05 21:00:00,97.85956206066531,81.36
2025-06-05 22:00:00,96.27261728008655,76.29
2025-06-05 23:00:00,87.86051344871228,66.12
2025-06-06 00:00:00,73.74301770534368,60.86
2025-06-06 01:00:00,73.74301770534369,55.27
2025-06-06 02:00:00,37.22267218360928,52.78
2025-06-06 03:00:00,37.22267218360928,63.7
2025-06-06 04:00:00,61.976168746015695,67.02
2025-06-06 05:00:00,64.88199426520072,74.43
2025-06-06 06:00:00,81.86080139670605,59.61
2025-06-06 07:00:00,30.53880343088441,3.94
2025-06-06 08:00:00,-5.000000000000686,-0.01
2025-06-06 09:00:00,-5.000000000000615,-0.27
2025-06-06 10:00:00,-3.498540472342331,-2.07
2025-06-06 11:00:00,-4.999999999999989,-4.93
2025-06-06 12:00:00,-5.0000000000000036,-5.06
2025-06-06 13:00:00,-4.999999999999991,-4.96
2025-06-06 14:00:00,-4.999999999999993,-1.0
2025-06-06 15:00:00,-4.999999999999961,0.0
2025-06-06 16:00:00,19.979914529914506,50.47
2025-06-06 17:00:00,87.86051344871224,84.19
2025-06-06 18:00:00,100.61690624999997,112.57
2025-06-06 19:00:00,107.14837644051822,129.29
2025-06-06 20:00:00,109.10867744082518,125.72
2025-06-06 21:00:00,107.98529374739148,103.24
2025-06-06 22:00:00,104.09329557251388,87.61
2025-06-06 23:00:00,99.27364890966928,83.5
2025-06-07 00:00:00,98.22129346317278,78.02
2025-06-07 01:00:00,98.22129346317308,81.89
2025-06-07 02:00:00,98.22129346317301,82.27
2025-06-07 03:00:00,98.22129346317301,81.99
2025-06-07 04:00:00,99.95479481554877,85.47
2025-06-07 05:00:00,100.61690624999974,86.74
2025-06-07 06:00:00,99.997085072453,79.86
2025-06-07 07:00:00,98.2212934631728,65.3
2025-06-07 08:00:00,96.27261728008648,30.53
2025-06-07 09:00:00,27.32280368098189,9.44
2025-06-07 10:00:00,27.32280368098164,1.19
2025-06-07 11:00:00,27.322803680981593,-0.01
2025-06-07 12:00:00,19.97991452991451,-0.02
2025-06-07 13:00:00,-3.306996423102291,-0.02
2025-06-07 14:00:00,13.90957393760847,-0.87
2025-06-07 15:00:00,26.182506927584086,26.91
2025-06-07 16:00:00,73.34510046829809,70.1
2025-06-07 17:00:00,96.2726172800869,85.01
2025-06-07 18:00:00,98.22129346317314,109.9
2025-06-07 19:00:00,100.66654331474972,110.26
2025-06-07 20:00:00,100.66654331474966,98.01
2025-06-07 21:00:00,99.95474268896142,80.09
2025-06-07 22:00:00,97.8595620606658,93.84
2025-06-07 23:00:00,97.07137775031282,83.0
2025-06-08 00:00:00,96.27261728008689,76.86
2025-06-08 01:00:00,96.27261728008696,69.74
2025-06-08 02:00:00,95.25220034526198,67.02
2025-06-08 03:00:00,89.71074390243923,55.66
2025-06-08 04:00:00,87.86051344871225,39.02
2025-06-08 05:00:00,72.14235813973168,3.71
2025-06-08 06:00:00,29.106636133513774,0.0
2025-06-08 07:00:00,21.232328712556296,-0.5
2025-06-08 08:00:00,19.699330253418516,-2.0
2025-06-08 09:00:00,-5.000000000000034,-8.21
2025-06-08 10:00:00,-5.000000000000005,-19.92
2025-06-08 11:00:00,-5.0,-39.98
2025-06-08 12:00:00,-5.0,-52.56
2025-06-08 13:00:00,-5.0,-53.06
2025-06-08 14:00:00,-5.0,-38.89
2025-06-08 15:00:00,-5.0,-16.71
2025-06-08 16:00:00,-5.0,-0.01
2025-06-08 17:00:00,-3.6214943396725854,39.65
2025-06-08 18:00:00,34.40454843706029,60.88
2025-06-08 19:00:00,89.12174847060207,69.55
2025-06-08 20:00:00,97.07137775031279,65.07
2025-06-08 21:00:00,96.27261728008632,51.13
2025-06-08 22:00:00,81.86080139670639,4.8
2025-06-08 23:00:00,48.10330343514507,4.15
2025-06-09 00:00:00,35.93090000000022,4.19
2025-06-09 01:00:00,35.93089999999989,4.27
2025-06-09 02:00:00,40.31640253031275,13.42
2025-06-09 03:00:00,76.7867576057142,32.2
2025-06-09 04:00:00,96.27261728008651,44.97
2025-06-09 05:00:00,97.87124847111927,40.04
2025-06-09 06:00:00,98.22129346317308,2.97
2025-06-09 07:00:00,71.97610304165988,-0.62
2025-06-09 08:00:00,14.566159152293809,-1.14
2025-06-09 09:00:00,-5.0,-4.14
2025-06-09 10:00:00,-3.231866637369848,-10.0
2025-06-09 11:00:00,-5.0,-19.33
2025-06-09 12:00:00,-4.9999999999999964,-15.76
2025-06-09 13:00:00,-4.999999999999997,-4.5
2025-06-09 14:00:00,-5.000000000000002,-1.0
2025-06-09 15:00:00,18.748436746408192,0.09
2025-06-09 16:00:00,37.38743319602326,69.54
2025-06-09 17:00:00,97.85956206066545,117.79
2025-06-09 18:00:00,107.14837644051815,141.4
2025-06-09 19:00:00,109.24572139118888,148.42
2025-06-09 20:00:00,109.24237931526078,126.52
2025-06-09 21:00:00,108.11774960621962,101.19
2025-06-09 22:00:00,99.27364890966892,86.65
2025-06-09 23:00:00,97.85956206066062,78.07
2025-06-10 00:00:00,97.07137775031293,69.66
2025-06-10 01:00:00,96.4833003848563,59.95
2025-06-10 02:00:00,96.80686324856221,54.16
2025-06-10 03:00:00,97.07137775031156,62.18
2025-06-10 04:00:00,99.2736489096686,74.62
2025-06-10 05:00:00,99.27364890966894,82.79
2025-06-10 06:00:00,98.78744497232493,83.17
2025-06-10 07:00:00,95.54696181879619,69.0
2025-06-10 08:00:00,28.74357467583017,22.21
2025-06-10 09:00:00,26.643832094249646,0.1
2025-06-10 10:00:00,26.923137058811598,-0.19
2025-06-10 11:00:00,19.979914529914293,-2.33
2025-06-10 12:00:00,19.97991452991451,-4.26
2025-06-10 13:00:00,19.979914529914527,-1.04
2025-06-10 14:00:00,-1.894230006583323,0.03
2025-06-10 15:00:00,19.358103496966987,53.99
2025-06-10 16:00:00,35.93089999999996,69.6
2025-06-10 17:00:00,96.27261728008672,82.08
2025-06-10 18:00:00,98.22129346317291,83.97
2025-06-10 19:00:00,100.61690624999994,91.28
2025-06-10 20:00:00,100.61690624999997,97.94
2025-06-10 21:00:00,100.61690625,85.31
2025-06-10 22:00:00,100.61690624999994,73.01
2025-06-10 23:00:00,99.27364890966949,71.38
2025-06-11 00:00:00,99.27364890966955,70.58
2025-06-11 01:00:00,99.27364890966973,69.86
2025-06-11 02:00:00,98.38625382651523,73.59
2025-06-11 03:00:00,100.6665433147499,83.6
2025-06-11 04:00:00,108.75993183247236,101.26
2025-06-11 05:00:00,109.34761712989686,107.8
2025-06-11 06:00:00,108.97304716212257,85.09
2025-06-11 07:00:00,100.66654331474894,66.7
2025-06-11 08:00:00,97.07137775031197,22.98
2025-06-11 09:00:00,35.93089999999973,1.3
2025-06-11 10:00:00,28.312759862485052,-0.36
2025-06-11 11:00:00,27.322803681008324,-0.97
2025-06-11 12:00:00,19.979914529914524,-3.4
2025-06-11 13:00:00,19.537807940199116,-2.4
2025-06-11 14:00:00,6.0596609549651665,-0.01
2025-06-11 15:00:00,20.17907157453206,66.47
2025-06-11 16:00:00,89.12174847060207,89.34
2025-06-11 17:00:00,100.61690625000016,132.28
2025-06-11 18:00:00,109.31752588652309,217.0
2025-06-11 19:00:00,109.3261570283103,180.0
2025-06-11 20:00:00,109.31769827898239,119.34
2025-06-11 21:00:00,107.14837644051815,94.07
2025-06-11 22:00:00,100.61690625000016,92.91
2025-06-11 23:00:00,100.61690625000021,87.7
2025-06-12 00:00:00,99.27364890965062,85.43
2025-06-12 01:00:00,99.2736489096512,84.85
2025-06-12 02:00:00,100.61690625000008,89.06
2025-06-12 03:00:00,100.66654331473391,92.0
2025-06-12 04:00:00,102.95373171195222,114.85
2025-06-12 05:00:00,104.66876651403092,104.3
2025-06-12 06:00:00,103.11538620591358,78.86
2025-06-12 07:00:00,96.84928808442805,36.09
2025-06-12 08:00:00,35.93090000000568,0.0
2025-06-12 09:00:00,11.176800462991284,-2.0
2025-06-12 10:00:00,-3.025568684204792,-15.91
2025-06-12 11:00:00,-5.000000000000007,-27.9
2025-06-12 12:00:00,-5.0000000000000036,-25.47
2025-06-12 13:00:00,-4.9999999999999964,-11.57
2025-06-12 14:00:00,-5.0000000000000355,-2.78
2025-06-12 15:00:00,-5.000000000000007,14.9
2025-06-12 16:00:00,28.22356606005392,79.96
2025-06-12 17:00:00,97.07137775031259,112.55
2025-06-12 18:00:00,102.19066871537217,132.0
2025-06-12 19:00:00,102.78936610465415,111.0
2025-06-12 20:00:00,101.7975244300985,105.0
2025-06-12 21:00:00,99.07525093404115,86.9
2025-06-12 22:00:00,97.07137775031265,70.29
2025-06-12 23:00:00,96.27261728008673,55.25
2025-06-13 00:00:00,96.27261728008673,58.61
2025-06-13 01:00:00,96.27261728008679,63.42
2025-06-13 02:00:00,96.27261728008678,63.84
2025-06-13 03:00:00,97.07137775031272,70.71
2025-06-13 04:00:00,100.66654331474963,83.68
2025-06-13 05:00:00,107.14837644051812,87.26
2025-06-13 06:00:00,107.04362296276474,77.39
2025-06-13 07:00:00,98.22129346317254,40.03
2025-06-13 08:00:00,27.721163017948736,4.1
2025-06-13 09:00:00,-3.836930773104541e-13,-0.03
2025-06-13 10:00:00,-4.466761781116548,-2.05
2025-06-13 11:00:00,-5.000000000000297,-6.09
2025-06-13 12:00:00,-5.000000000000318,-6.01
2025-06-13 13:00:00,-5.000000000000361,-2.38
2025-06-13 14:00:00,-5.00000000000054,-0.01
2025-06-13 15:00:00,3.4537169642414476,35.9
2025-06-13 16:00:00,35.93089999999924,80.04
2025-06-13 17:00:00,99.27364890966956,108.9
2025-06-13 18:00:00,106.25773884818389,111.19
2025-06-13 19:00:00,106.25834266867362,94.9
2025-06-13 20:00:00,101.80937059231603,90.0
2025-06-13 21:00:00,99.27364890966946,71.3
2025-06-13 22:00:00,98.22129346317287,73.99
2025-06-13 23:00:00,97.07137775031264,71.2
2025-06-14 00:00:00,87.8605134487121,66.15
2025-06-14 01:00:00,73.79364105054744,66.88
2025-06-14 02:00:00,73.79364105054744,68.06
2025-06-14 03:00:00,87.86051344871213,64.52
2025-06-14 04:00:00,96.27261728008666,54.68
2025-06-14 05:00:00,96.27261728008666,20.3
2025-06-14 06:00:00,89.12174847060199,7.74
2025-06-14 07:00:00,35.93090000000001,0.0
2025-06-14 08:00:00,-1.9539925233402755e-14,-2.02
2025-06-14 09:00:00,-4.4235601138358405,-9.08
2025-06-14 10:00:00,-4.999999999999995,-35.72
2025-06-14 11:00:00,-4.999999999999987,-38.0
2025-06-14 12:00:00,-4.999999999999987,-25.75
2025-06-14 13:00:00,-5.000000000000005,-6.7
2025-06-14 14:00:00,-4.5070182337119915,-0.37
2025-06-14 15:00:00,18.886456148521564,8.86
2025-06-14 16:00:00,72.27814398432503,83.38
2025-06-14 17:00:00,97.07137775031269,121.55
2025-06-14 18:00:00,100.66654331474967,127.27
2025-06-14 19:00:00,105.51813817105901,117.68
2025-06-14 20:00:00,107.14837644051808,121.39
2025-06-14 21:00:00,100.66654331474969,109.0
2025-06-14 22:00:00,99.4498848082719,91.93
2025-06-14 23:00:00,97.85956206066565,88.87
2025-06-15 00:00:00,96.27261728008688,87.23
2025-06-15 01:00:00,96.27261728008673,90.94
2025-06-15 02:00:00,97.07137775031269,91.99
2025-06-15 03:00:00,97.07137775031273,92.15
2025-06-15 04:00:00,97.85956206066555,84.99
2025-06-15 05:00:00,97.8034436422821,66.21
2025-06-15 06:00:00,97.07137775031278,53.86
2025-06-15 07:00:00,89.71074390243915,5.55
2025-06-15 08:00:00,28.29805321008147,0.0
2025-06-15 09:00:00,27.322803680981597,-0.02
2025-06-15 10:00:00,21.324754617468475,-1.22
2025-06-15 11:00:00,17.800658689053794,-5.61
2025-06-15 12:00:00,-3.8545526498026197,-5.0
2025-06-15 13:00:00,19.97991452991474,-2.0
2025-06-15 14:00:00,26.756805707007093,-0.01
2025-06-15 15:00:00,35.930900000000214,54.79
2025-06-15 16:00:00,93.94031830789264,96.43
2025-06-15 17:00:00,97.07137775031278,109.0
2025-06-15 18:00:00,100.61690624999997,114.59
2025-06-15 19:00:00,104.76974760522936,135.43
2025-06-15 20:00:00,107.49214414797592,127.63
2025-06-15 21:00:00,107.1483764405186,106.54
2025-06-15 22:00:00,103.20466107604088,105.72
2025-06-15 23:00:00,98.22129346317297,91.64
2025-06-16 00:00:00,97.85956206066555,86.94
2025-06-16 01:00:00,96.27261728008676,84.0
2025-06-16 02:00:00,96.27261728008676,83.28
2025-06-16 03:00:00,98.22129346317304,88.39
2025-06-16 04:00:00,108.5991334338584,112.43
2025-06-16 05:00:00,109.32352315517566,123.49
2025-06-16 06:00:00,109.2686007468319,108.92
2025-06-16 07:00:00,106.32500696699401,84.49
2025-06-16 08:00:00,98.22129346317264,60.28
2025-06-16 09:00:00,59.88376720003576,14.02
2025-06-16 10:00:00,37.83275290279957,1.62
2025-06-16 11:00:00,21.32475461746833,0.07
2025-06-16 12:00:00,21.32475461746796,0.0
2025-06-16 13:00:00,35.93089999999958,0.0
2025-06-16 14:00:00,61.68830053324881,13.61
2025-06-16 15:00:00,89.12174847060155,70.0
2025-06-16 16:00:00,96.27261728008583,89.24
2025-06-16 17:00:00,107.14837644051768,116.0
2025-06-16 18:00:00,109.33507888989064,186.1
2025-06-16 19:00:00,109.39080931236985,190.0
2025-06-16 20:00:00,109.35856140350984,129.18
2025-06-16 21:00:00,109.35856140350897,106.9
2025-06-16 22:00:00,109.23315023799981,103.98
2025-06-16 23:00:00,107.75789923996199,98.26
2025-06-17 00:00:00,100.61690625000006,94.95
2025-06-17 01:00:00,100.61690625000008,94.19
2025-06-17 02:00:00,100.66654331474977,95.24
2025-06-17 03:00:00,106.74149293740246,102.51
2025-06-17 04:00:00,109.31762345350053,118.76
2025-06-17 05:00:00,109.36757986548571,107.01
2025-06-17 06:00:00,109.36346361410693,98.59
2025-06-17 07:00:00,101.8886459591087,70.74
2025-06-17 08:00:00,96.27261728008678,4.34
2025-06-17 09:00:00,23.70747588370748,-0.61
2025-06-17 10:00:00,18.6735307414629,-0.86
2025-06-17 11:00:00,-4.999999999999967,-4.91
2025-06-17 12:00:00,-4.999999999999922,-6.2
2025-06-17 13:00:00,-4.999999999999976,-2.56
2025-06-17 14:00:00,-5.881406472951767e-14,8.65
2025-06-17 15:00:00,21.877010969206875,79.23
2025-06-17 16:00:00,94.87131662251801,103.36
2025-06-17 17:00:00,107.1483764405184,129.08
2025-06-17 18:00:00,109.39393727132156,241.8
2025-06-17 19:00:00,109.4278200330856,241.38
2025-06-17 20:00:00,109.41817509096585,138.19
2025-06-17 21:00:00,109.35856140350782,116.36
2025-06-17 22:00:00,109.35856140350862,113.0
2025-06-17 23:00:00,109.17909675661835,106.8
2025-06-18 00:00:00,108.2441967065912,101.5
2025-06-18 01:00:00,107.93106297215684,95.84
2025-06-18 02:00:00,107.14837644051809,97.01
2025-06-18 03:00:00,108.91395676624573,103.57
2025-06-18 04:00:00,109.34462936940517,112.35
2025-06-18 05:00:00,109.40035486622344,114.9
2025-06-18 06:00:00,109.35856140350847,111.39
2025-06-18 07:00:00,108.09184570756749,78.97
2025-06-18 08:00:00,98.22129346317264,21.77
2025-06-18 09:00:00,33.93932198202158,1.17
2025-06-18 10:00:00,25.6297651735141,-0.23
2025-06-18 11:00:00,19.97991452991449,-1.04
2025-06-18 12:00:00,-3.979384788079135,-2.3
2025-06-18 13:00:00,6.530100644151124,-2.17
2025-06-18 14:00:00,19.979914529914296,0.99
2025-06-18 15:00:00,35.930899999999774,74.0
2025-06-18 16:00:00,97.85956206066936,107.15
2025-06-18 17:00:00,107.14837644051752,116.4
2025-06-18 18:00:00,109.35421579814091,140.99
2025-06-18 19:00:00,109.36287025691759,175.32
2025-06-18 20:00:00,109.357138878297,133.06
2025-06-18 21:00:00,109.35856140350889,115.35
2025-06-18 22:00:00,109.358561403509,112.2
2025-06-18 23:00:00,109.1023945613824,106.4
2025-06-19 00:00:00,107.477069248339,105.29
2025-06-19 01:00:00,105.77613378489352,99.51
2025-06-19 02:00:00,102.72289422645454,100.94
2025-06-19 03:00:00,103.20931954928437,95.68
2025-06-19 04:00:00,109.06615318700354,101.51
2025-06-19 05:00:00,109.2440523174448,89.25
2025-06-19 06:00:00,106.29601728966887,71.25
2025-06-19 07:00:00,99.27364890967033,0.86
2025-06-19 08:00:00,35.93090000000032,-1.33
2025-06-19 09:00:00,-2.657625961980898,-29.98
2025-06-19 10:00:00,-5.000000000006277,-52.21
2025-06-19 11:00:00,-5.000000000005993,-65.44
2025-06-19 12:00:00,-5.000000000006715,-64.95
2025-06-19 13:00:00,-5.000000000006259,-39.79
2025-06-19 14:00:00,-5.000000000006504,-4.95
2025-06-19 15:00:00,-1.5574334315850522,2.3
2025-06-19 16:00:00,35.617808797908616,80.33
2025-06-19 17:00:00,98.22129346317296,118.47
2025-06-19 18:00:00,107.25369028858871,138.85
2025-06-19 19:00:00,109.34565143713044,141.8
2025-06-19 20:00:00,109.34256404637705,129.66
2025-06-19 21:00:00,109.02450459341468,108.89
2025-06-19 22:00:00,107.08401225848246,109.49
2025-06-19 23:00:00,105.08741126385208,104.57
2025-06-20 00:00:00,102.88396677620588,103.24
2025-06-20 01:00:00,100.61690624999895,105.01
2025-06-20 02:00:00,100.61690624999983,104.27
2025-06-20 03:00:00,103.8821313522346,109.04
2025-06-20 04:00:00,109.0589732086061,120.9
2025-06-20 05:00:00,109.34016217021026,118.66
2025-06-20 06:00:00,109.26035301589883,110.98
2025-06-20 07:00:00,102.14224663905627,81.69
2025-06-20 08:00:00,97.0713777503119,15.83
2025-06-20 09:00:00,20.4133189379076,4.03
2025-06-20 10:00:00,9.99199020438907,0.0
2025-06-20 11:00:00,-5.000000000000336,-1.0
2025-06-20 12:00:00,-4.999999999999551,-0.17
2025-06-20 13:00:00,-4.313373061253239,0.91
2025-06-20 14:00:00,5.695274918088443e-13,28.99
2025-06-20 15:00:00,20.218013365296017,87.35
2025-06-20 16:00:00,94.92861921110203,111.01
2025-06-20 17:00:00,102.57474085129495,136.13
2025-06-20 18:00:00,109.33772415596381,201.29
2025-06-20 19:00:00,109.39395387626509,178.63
2025-06-20 20:00:00,109.35856140350877,137.05
2025-06-20 21:00:00,109.35856140350872,121.38
2025-06-20 22:00:00,109.18317452288856,118.52
2025-06-20 23:00:00,108.3359457297889,110.48
2025-06-21 00:00:00,104.02626657110397,108.15
2025-06-21 01:00:00,100.66654331474963,106.76
2025-06-21 02:00:00,100.61690624999993,109.1
2025-06-21 03:00:00,100.61690624999993,104.45
2025-06-21 04:00:00,104.10568417004329,100.71
2025-06-21 05:00:00,106.61965848814648,90.74
2025-06-21 06:00:00,102.55405181596097,75.93
2025-06-21 07:00:00,98.2212934631728,23.4
2025-06-21 08:00:00,29.5057495894551,0.19
2025-06-21 09:00:00,26.923137058825887,-2.01
2025-06-21 10:00:00,-3.6202787066884617e-13,-13.96
2025-06-21 11:00:00,-4.999999999999967,-29.98
2025-06-21 12:00:00,-4.791396852317313,-26.31
2025-06-21 13:00:00,-5.000000000000086,-4.42
2025-06-21 14:00:00,19.979914529914574,0.09
2025-06-21 15:00:00,19.97991452991424,59.99
2025-06-21 16:00:00,73.71715510623548,100.95
2025-06-21 17:00:00,102.57156952456035,127.9
2025-06-21 18:00:00,109.32399692727209,156.74
2025-06-21 19:00:00,109.34294378223076,165.3
2025-06-21 20:00:00,109.3585614035094,140.78
2025-06-21 21:00:00,109.24946338408914,119.2
2025-06-21 22:00:00,106.5868010188956,108.15
2025-06-21 23:00:00,98.22129346317296,101.07
2025-06-22 00:00:00,97.80566971908685,97.46
2025-06-22 01:00:00,97.07137775031248,92.12
2025-06-22 02:00:00,97.0713777503129,89.69
2025-06-22 03:00:00,96.27261728008703,87.95
2025-06-22 04:00:00,97.07137775031268,71.98
2025-06-22 05:00:00,97.07137775031293,26.44
2025-06-22 06:00:00,96.74524431225511,0.0
2025-06-22 07:00:00,35.93090000000025,-0.09
2025-06-22 08:00:00,20.41331893790761,-11.11
2025-06-22 09:00:00,-4.786182031517041,-38.56
2025-06-22 10:00:00,-5.0000000000000036,-67.41
2025-06-22 11:00:00,-5.000000000000004,-99.01
2025-06-22 12:00:00,-5.000000000000004,-81.0
2025-06-22 13:00:00,-5.000000000000008,-40.09
2025-06-22 14:00:00,-3.6297973611055028,-7.68
2025-06-22 15:00:00,-4.999999999999999,-0.01
2025-06-22 16:00:00,20.218013365295594,69.75
2025-06-22 17:00:00,96.2726172800856,109.33
2025-06-22 18:00:00,98.22129346317115,123.9
2025-06-22 19:00:00,100.66654331474935,134.33
2025-06-22 20:00:00,102.5056081272721,126.32
2025-06-22 21:00:00,100.61690625000426,101.63
2025-06-22 22:00:00,98.22129346317612,70.3
2025-06-22 23:00:00,97.071377750312,63.8
2025-06-23 00:00:00,95.208168675718,63.79
2025-06-23 01:00:00,94.94666503521421,64.51
2025-06-23 02:00:00,94.87131662251717,72.5
2025-06-23 03:00:00,94.73524886668787,84.92
2025-06-23 04:00:00,97.85956206066493,89.12
2025-06-23 05:00:00,98.22129346317237,92.24
2025-06-23 06:00:00,97.071377750312,78.96
2025-06-23 07:00:00,35.93089999999989,18.64
2025-06-23 08:00:00,-3.804492583139928,-0.01
2025-06-23 09:00:00,-5.000000000000121,-6.11
2025-06-23 10:00:00,-5.000000000000098,-12.76
2025-06-23 11:00:00,-5.000000000000059,-26.45
2025-06-23 12:00:00,-5.0000000000001386,-32.75
2025-06-23 13:00:00,-5.000000000000027,-32.69
2025-06-23 14:00:00,-4.999999999999998,-25.0
2025-06-23 15:00:00,-4.999999999999973,-13.11
2025-06-23 16:00:00,-5.000000000000152,-1.01
2025-06-23 17:00:00,-3.289046135739045,20.0
2025-06-23 18:00:00,45.45900037923361,83.5
2025-06-23 19:00:00,97.07137775031255,90.0
2025-06-23 20:00:00,97.85956206066533,97.78
2025-06-23 21:00:00,97.85956206066531,89.53
2025-06-23 22:00:00,95.1289021629789,77.08
2025-06-23 23:00:00,89.12174847060174,66.79
2025-06-24 00:00:00,81.8608013967062,63.79
2025-06-24 01:00:00,87.86051344871181,58.12
2025-06-24 02:00:00,87.86051344871197,66.52
2025-06-24 03:00:00,94.87131662251768,69.75
2025-06-24 04:00:00,97.51818786093389,88.15
2025-06-24 05:00:00,99.01266046121916,88.02
2025-06-24 06:00:00,97.07137775031286,41.27
2025-06-24 07:00:00,19.97991452991435,-0.01
2025-06-24 08:00:00,-5.0000000000003855,-4.01
2025-06-24 09:00:00,-4.999999999999761,-12.41
2025-06-24 10:00:00,-4.999999999999953,-20.09
2025-06-24 11:00:00,-5.000000000000123,-22.75
2025-06-24 12:00:00,-4.999999999999697,-19.27
2025-06-24 13:00:00,-4.999999999999809,-7.56
2025-06-24 14:00:00,-5.000000000000228,-3.06
2025-06-24 15:00:00,-5.0,2.09
2025-06-24 16:00:00,19.979914529914506,61.77
2025-06-24 17:00:00,81.86080139670644,97.25
2025-06-24 18:00:00,98.22129346317303,123.9
2025-06-24 19:00:00,100.66654331474975,122.49
2025-06-24 20:00:00,101.75229483018622,97.41
2025-06-24 21:00:00,99.22343496324065,98.02
2025-06-24 22:00:00,99.08545304356225,78.85
2025-06-24 23:00:00,97.8595620606654,67.63
2025-06-25 00:00:00,97.07137775031231,70.02
2025-06-25 01:00:00,96.2726172800868,69.07
2025-06-25 02:00:00,97.07137775031262,70.01
2025-06-25 03:00:00,98.2212934631729,82.77
2025-06-25 04:00:00,100.66654331474948,105.72
2025-06-25 05:00:00,107.1483764405187,112.36
2025-06-25 06:00:00,104.92251036506848,97.87
2025-06-25 07:00:00,99.09700521832315,70.02
2025-06-25 08:00:00,96.27261728008749,10.07
2025-06-25 09:00:00,19.97991452991542,0.07
2025-06-25 10:00:00,11.02036724271354,-0.02
2025-06-25 11:00:00,-4.999999999999599,-0.14
2025-06-25 12:00:00,-4.999999999999556,-0.51
2025-06-25 13:00:00,-4.999999999999648,0.0
2025-06-25 14:00:00,0.402442011034275,17.84
2025-06-25 15:00:00,35.93090000000029,84.47
2025-06-25 16:00:00,98.22129346317338,105.8
2025-06-25 17:00:00,109.05121584191119,134.19
2025-06-25 18:00:00,110.70326512405273,200.0
2025-06-25 19:00:00,110.70326512405282,247.02
2025-06-25 20:00:00,110.70326512405278,173.62
2025-06-25 21:00:00,109.45724036432249,126.84
2025-06-25 22:00:00,109.37741295392817,119.95
2025-06-25 23:00:00,109.33474628805459,107.63
2025-06-26 00:00:00,109.24496033052523,102.83
2025-06-26 01:00:00,108.57303250015867,98.62
2025-06-26 02:00:00,107.14837644051819,98.79
2025-06-26 03:00:00,108.49120595832579,102.91
2025-06-26 04:00:00,108.99114231531078,119.9
2025-06-26 05:00:00,109.57681204480632,120.91
2025-06-26 06:00:00,109.28868066933452,106.79
2025-06-26 07:00:00,102.777155950768,96.45
2025-06-26 08:00:00,97.1416009308698,88.95
2025-06-26 09:00:00,87.86051344871223,77.88
2025-06-26 10:00:00,67.26384271028212,70.25
2025-06-26 11:00:00,35.362859174089195,59.25
2025-06-26 12:00:00,19.979914529914506,51.12
2025-06-26 13:00:00,20.218013365295654,48.99
2025-06-26 14:00:00,20.179071574531985,63.04
2025-06-26 15:00:00,35.93089999999982,70.3
2025-06-26 16:00:00,87.8605134487122,89.23
2025-06-26 17:00:00,94.87131662251781,93.95
2025-06-26 18:00:00,97.07137775031244,99.14
2025-06-26 19:00:00,98.22129346317283,100.0
2025-06-26 20:00:00,99.27364890966963,108.64
2025-06-26 21:00:00,98.22129346317298,97.23
2025-06-26 22:00:00,98.22129346317257,84.5
2025-06-26 23:00:00,97.8595620606655,78.83
2025-06-27 00:00:00,97.0713777503125,75.67
2025-06-27 01:00:00,96.27261728008675,80.41
2025-06-27 02:00:00,96.27261728008675,82.39
2025-06-27 03:00:00,97.07137775031268,88.9
2025-06-27 04:00:00,100.66654331474965,105.58
2025-06-27 05:00:00,107.14837644051823,113.2
2025-06-27 06:00:00,101.79470465973581,107.7
2025-06-27 07:00:00,98.22129346317311,90.94
2025-06-27 08:00:00,96.2726172800867,79.12
2025-06-27 09:00:00,64.17137550791051,67.45
2025-06-27 10:00:00,35.930900000000136,54.53
2025-06-27 11:00:00,24.817112163210087,28.3
2025-06-27 12:00:00,21.137015928265278,7.87
2025-06-27 13:00:00,19.979914529914595,9.88
2025-06-27 14:00:00,19.979914529914794,29.92
2025-06-27 15:00:00,35.93090000000035,70.68
2025-06-27 16:00:00,94.87131662251836,91.73
2025-06-27 17:00:00,98.22129346317328,107.15
2025-06-27 18:00:00,107.14837644051849,124.86
2025-06-27 19:00:00,109.34351683371872,134.94
2025-06-27 20:00:00,109.34317761616845,126.24
2025-06-27 21:00:00,107.88780231035773,107.7
2025-06-27 22:00:00,100.61690625,94.7
2025-06-27 23:00:00,97.85956206066555,89.61
2025-06-28 00:00:00,97.07137775031269,82.02
2025-06-28 01:00:00,96.27261728008665,76.59
2025-06-28 02:00:00,95.35324063979625,70.27
2025-06-28 03:00:00,95.06658861230088,75.4
2025-06-28 04:00:00,96.27261728008673,74.0
2025-06-28 05:00:00,96.2726172800868,58.84
2025-06-28 06:00:00,95.38242287919375,27.8
2025-06-28 07:00:00,22.654425663906526,2.34
2025-06-28 08:00:00,-4.88638673278556,0.01
2025-06-28 09:00:00,-5.000000000000028,-0.04
2025-06-28 10:00:00,-3.842171008148521,-1.0
2025-06-28 11:00:00,-3.8360665719127027,-2.01
2025-06-28 12:00:00,-3.8081999605545387,-3.09
2025-06-28 13:00:00,-3.8302554760105902,-1.01
2025-06-28 14:00:00,-5.000000000000167,-1.0
2025-06-28 15:00:00,-1.9833093662539096,2.97
2025-06-28 16:00:00,21.32475461746841,62.73
2025-06-28 17:00:00,69.13401076120081,95.03
2025-06-28 18:00:00,97.07137775031266,108.99
2025-06-28 19:00:00,98.221293463173,123.86
2025-06-28 20:00:00,98.221293463173,119.84
2025-06-28 21:00:00,98.22129346317297,103.5
2025-06-28 22:00:00,96.27261728008672,95.07
2025-06-28 23:00:00,94.92883697469559,89.42
2025-06-29 00:00:00,92.62607896964974,89.66
2025-06-29 01:00:00,87.86051344871211,86.82
2025-06-29 02:00:00,87.86051344871211,85.31
2025-06-29 03:00:00,89.71074390243905,85.3
2025-06-29 04:00:00,97.07137775031275,86.39
2025-06-29 05:00:00,99.35673696748752,74.92
2025-06-29 06:00:00,100.13627472731855,47.52
2025-06-29 07:00:00,87.86051344871214,1.99
2025-06-29 08:00:00,27.33064473137432,0.0
2025-06-29 09:00:00,19.97991452991455,-0.26
2025-06-29 10:00:00,-3.679495791472083,-5.4
2025-06-29 11:00:00,-4.999999999999979,-20.1
2025-06-29 12:00:00,-4.999999999999983,-24.01
2025-06-29 13:00:00,-4.9999999999999565,-15.45
2025-06-29 14:00:00,-4.999999999999989,-2.69
2025-06-29 15:00:00,-4.30714288727723,0.01
2025-06-29 16:00:00,20.17474302101237,77.44
2025-06-29 17:00:00,96.27261728008672,102.14
2025-06-29 18:00:00,101.7906284676,111.98
2025-06-29 19:00:00,107.14837644051822,118.07
2025-06-29 20:00:00,107.2526854541982,113.73
2025-06-29 21:00:00,106.74748862926923,101.0
2025-06-29 22:00:00,105.33144107723288,98.73
2025-06-29 23:00:00,102.53552416588884,89.03
2025-06-30 00:00:00,100.66654331474975,85.03
2025-06-30 01:00:00,98.221293463173,84.13
2025-06-30 02:00:00,99.27364890966949,86.51
2025-06-30 03:00:00,103.88213135223451,97.41
2025-06-30 04:00:00,109.34144694119173,114.9
2025-06-30 05:00:00,109.40197362158219,111.7
2025-06-30 06:00:00,109.36817869016878,108.52
2025-06-30 07:00:00,107.12224736615627,91.77
2025-06-30 08:00:00,99.61425044381639,74.65
2025-06-30 09:00:00,35.9309,43.73
2025-06-30 10:00:00,18.619953034007896,19.05
2025-06-30 11:00:00,-2.7526862287421885,9.96
2025-06-30 12:00:00,-2.7764101172324978,19.65
2025-06-30 13:00:00,-2.802755468952407,60.0
2025-06-30 14:00:00,19.979914529914517,80.5
2025-06-30 15:00:00,87.8605134487122,91.98
2025-06-30 16:00:00,99.74579278642685,110.01
2025-06-30 17:00:00,109.34049128400933,178.94
2025-06-30 18:00:00,110.70326512405241,288.97
2025-06-30 19:00:00,110.70326512405315,233.35
2025-06-30 20:00:00,109.85641837495406,157.0
2025-06-30 21:00:00,109.34553596885347,122.65
2025-06-30 22:00:00,109.30960272350887,111.28
2025-06-30 23:00:00,109.10014551686245,95.29
2025-07-01 00:00:00,108.96101707648748,89.1
2025-07-01 01:00:00,108.5239700398013,88.08
2025-07-01 02:00:00,108.55909874830469,90.01
2025-07-01 03:00:00,109.0690527617165,96.5
2025-07-01 04:00:00,109.35396258625747,114.97
2025-07-01 05:00:00,109.42853091158432,120.11
2025-07-01 06:00:00,109.36466173633382,114.72
2025-07-01 07:00:00,109.29408762546187,91.19
2025-07-01 08:00:00,102.10358749217443,84.31
2025-07-01 09:00:00,97.07137775031275,69.56
2025-07-01 10:00:00,29.761798871457398,44.54
2025-07-01 11:00:00,19.979914529914492,42.47
2025-07-01 12:00:00,19.97991452991451,57.65
2025-07-01 13:00:00,19.97991452991457,78.14
2025-07-01 14:00:00,39.69256273944337,90.8
2025-07-01 15:00:00,97.85956206066578,102.02
2025-07-01 16:00:00,106.45153349668101,152.08
2025-07-01 17:00:00,109.35210476943405,307.27
2025-07-01 18:00:00,115.60662378739067,476.19
2025-07-01 19:00:00,115.60662378739062,406.81
2025-07-01 20:00:00,110.70326512405272,250.01
2025-07-01 21:00:00,109.3566863656133,147.65
2025-07-01 22:00:00,109.34837625462106,119.29
2025-07-01 23:00:00,109.35856140350879,102.7
2025-07-02 00:00:00,109.35856140350877,92.54
2025-07-02 01:00:00,109.35856140350874,92.08
2025-07-02 02:00:00,109.30353008718782,91.71
2025-07-02 03:00:00,109.35856140350856,100.55
2025-07-02 04:00:00,109.35570015032013,116.43
2025-07-02 05:00:00,109.46917153345781,110.42
2025-07-02 06:00:00,109.36633772098163,104.52
2025-07-02 07:00:00,109.33513005045545,92.62
2025-07-02 08:00:00,102.23405326955654,81.06
2025-07-02 09:00:00,98.22129346317318,69.93
2025-07-02 10:00:00,94.8713166225183,36.12
2025-07-02 11:00:00,25.996228880915854,32.59
2025-07-02 12:00:00,19.97991452991513,46.61
2025-07-02 13:00:00,21.642605699290268,71.49
2025-07-02 14:00:00,35.93090000000001,79.6
2025-07-02 15:00:00,87.8605134487122,89.27
2025-07-02 16:00:00,97.07137775031268,113.99
2025-07-02 17:00:00,107.14837644051808,186.01
2025-07-02 18:00:00,110.70326512405268,240.07
2025-07-02 19:00:00,109.85879529834524,180.21
2025-07-02 20:00:00,109.35053580263904,134.93
2025-07-02 21:00:00,109.07636237577654,108.5
2025-07-02 22:00:00,108.70436569952543,83.49
2025-07-02 23:00:00,102.4009334951082,81.15
2025-07-03 00:00:00,100.61690624999993,79.0
2025-07-03 01:00:00,98.80202153022938,78.93
2025-07-03 02:00:00,98.22129346317286,80.88
2025-07-03 03:00:00,100.61690624999987,86.45
2025-07-03 04:00:00,107.14837644051799,104.92
2025-07-03 05:00:00,109.07167209106883,108.03
2025-07-03 06:00:00,108.91814970956902,104.9
2025-07-03 07:00:00,100.66654331474955,90.45
2025-07-03 08:00:00,98.22129346317284,75.06
2025-07-03 09:00:00,35.93089999999988,57.35
2025-07-03 10:00:00,21.25403724680856,42.16
2025-07-03 11:00:00,16.262602593080974,33.91
2025-07-03 12:00:00,-4.245326411460869,24.72
2025-07-03 13:00:00,-5.0000000000000595,37.86
2025-07-03 14:00:00,-0.7717168676097184,58.57
2025-07-03 15:00:00,21.697809857743007,81.0
2025-07-03 16:00:00,97.0713777503125,95.19
2025-07-03 17:00:00,102.818260755081,107.2
2025-07-03 18:00:00,109.3306019623684,146.96
2025-07-03 19:00:00,110.70326512405266,166.67
2025-07-03 20:00:00,109.60202094295926,133.3
2025-07-03 21:00:00,109.35474924484488,117.03
2025-07-03 22:00:00,109.34268220052736,111.01
2025-07-03 23:00:00,109.30409948483965,105.45
2025-07-04 00:00:00,109.28615174166738,101.31
2025-07-04 01:00:00,109.25237339534925,98.44
2025-07-04 02:00:00,109.09829892171095,103.2
2025-07-04 03:00:00,109.31284411704013,106.63
2025-07-04 04:00:00,109.36154351595559,122.38
2025-07-04 05:00:00,109.80354402351577,116.46
2025-07-04 06:00:00,109.35937920344676,100.0
2025-07-04 07:00:00,107.24645734960293,91.15
2025-07-04 08:00:00,98.22129346317297,70.01
2025-07-04 09:00:00,35.93090000000001,6.69
2025-07-04 10:00:00,20.170961337468935,-0.05
2025-07-04 11:00:00,-2.435779160700065,-1.56
2025-07-04 12:00:00,-5.000000000000063,-1.37
2025-07-04 13:00:00,-4.999999999999949,-0.61
2025-07-04 14:00:00,19.812046140017713,2.39
2025-07-04 15:00:00,35.930899999999994,62.04
2025-07-04 16:00:00,94.87131662251778,88.68
2025-07-04 17:00:00,100.61690624999997,110.0
2025-07-04 18:00:00,109.2464371665687,130.74
2025-07-04 19:00:00,109.35554837983018,150.1
2025-07-04 20:00:00,109.35112866067223,129.68
2025-07-04 21:00:00,109.33902311112625,107.99
2025-07-04 22:00:00,103.35852255790275,104.2
2025-07-04 23:00:00,98.22129346317254,94.98
2025-07-05 00:00:00,97.0713777503122,96.5
2025-07-05 01:00:00,96.27261728008648,93.4
2025-07-05 02:00:00,96.27261728008645,94.5
2025-07-05 03:00:00,94.92883697469583,83.49
2025-07-05 04:00:00,96.27261728008645,84.47
2025-07-05 05:00:00,96.27261728008631,43.77
2025-07-05 06:00:00,94.92972428546817,17.86
2025-07-05 07:00:00,35.93089999999961,3.34
2025-07-05 08:00:00,-3.2241000498516486,0.0
2025-07-05 09:00:00,-5.000000000000061,-0.08
2025-07-05 10:00:00,-4.999999999999781,-1.01
2025-07-05 11:00:00,-5.000000000000002,-2.05
2025-07-05 12:00:00,-5.00000000000013,-2.11
2025-07-05 13:00:00,-5.000000000000077,-2.01
2025-07-05 14:00:00,-5.000000000000394,-2.26
2025-07-05 15:00:00,-5.000000000000189,0.0
2025-07-05 16:00:00,-3.616572652713831,41.25
2025-07-05 17:00:00,35.930900000000236,85.0
2025-07-05 18:00:00,97.07137775031256,111.01
2025-07-05 19:00:00,97.85956206066554,122.96
2025-07-05 20:00:00,102.48144215265636,117.14
2025-07-05 21:00:00,100.66654331474982,108.21
2025-07-05 22:00:00,98.22129346317291,95.15
2025-07-05 23:00:00,96.36596034975013,89.5
2025-07-06 00:00:00,96.27261728008651,85.94
2025-07-06 01:00:00,94.92880376144763,83.95
2025-07-06 02:00:00,94.92880376144763,82.6
2025-07-06 03:00:00,94.92880376144761,82.0
2025-07-06 04:00:00,94.92880376144781,78.46
2025-07-06 05:00:00,94.92880376144781,77.57
2025-07-06 06:00:00,96.27261728008666,70.57
2025-07-06 07:00:00,87.86051344871208,38.81
2025-07-06 08:00:00,67.67122322205209,19.21
2025-07-06 09:00:00,27.322803680981803,13.19
2025-07-06 10:00:00,27.322803680981757,10.26
2025-07-06 11:00:00,27.322803680983988,5.85
2025-07-06 12:00:00,27.322803680982695,11.2
2025-07-06 13:00:00,27.322803680984787,50.57
2025-07-06 14:00:00,74.76774314915782,70.77
2025-07-06 15:00:00,96.27261728008672,100.29
2025-07-06 16:00:00,98.22129346317297,107.37
2025-07-06 17:00:00,102.14365911378755,112.16
2025-07-06 18:00:00,108.90646994192507,120.32
2025-07-06 19:00:00,109.33993040418774,125.04
2025-07-06 20:00:00,109.34270733765642,122.21
2025-07-06 21:00:00,109.34124576738891,110.78
2025-07-06 22:00:00,108.64336565139581,118.84
2025-07-06 23:00:00,103.66867267512448,107.42
2025-07-07 00:00:00,101.55948840143138,101.92
2025-07-07 01:00:00,101.55948840143138,99.12
2025-07-07 02:00:00,102.34709094475643,101.0
2025-07-07 03:00:00,107.14837644051825,108.22
2025-07-07 04:00:00,107.1483764405183,134.2
2025-07-07 05:00:00,110.10307451514649,143.67
2025-07-07 06:00:00,109.45372900215945,152.29
2025-07-07 07:00:00,108.8182316376982,131.99
2025-07-07 08:00:00,102.69170541074605,108.64
2025-07-07 09:00:00,98.8924158461963,108.98
2025-07-07 10:00:00,96.2726172800867,90.24
2025-07-07 11:00:00,87.86051344871241,71.0
2025-07-07 12:00:00,68.41797505973283,53.02
2025-07-07 13:00:00,20.179071574531704,50.67
2025-07-07 14:00:00,23.349677141879788,52.51
2025-07-07 15:00:00,82.2559652925177,72.3
2025-07-07 16:00:00,96.27261728008685,87.95
2025-07-07 17:00:00,97.85956206066578,92.27
2025-07-07 18:00:00,100.61690624999997,97.28
2025-07-07 19:00:00,108.85734606338298,109.92
2025-07-07 20:00:00,109.07971422912523,110.09
2025-07-07 21:00:00,107.50254884911621,95.82
2025-07-07 22:00:00,106.11358789177729,103.83
2025-07-07 23:00:00,99.27364890966969,92.9
2025-07-08 00:00:00,98.33472623495936,86.13
2025-07-08 01:00:00,98.22129346317288,84.78
2025-07-08 02:00:00,98.49128982401898,85.37
2025-07-08 03:00:00,99.27364890966966,91.14
2025-07-08 04:00:00,106.17719918472439,107.99
2025-07-08 05:00:00,109.27267836205347,118.65
2025-07-08 06:00:00,109.25746442582967,117.76
2025-07-08 07:00:00,102.52348435493073,94.06
2025-07-08 08:00:00,97.07137775031262,81.78
2025-07-08 09:00:00,63.51127936265682,78.44
2025-07-08 10:00:00,34.16823300553398,60.15
2025-07-08 11:00:00,20.1790715745321,54.72
2025-07-08 12:00:00,19.97991452991452,53.04
2025-07-08 13:00:00,19.979914529914602,54.65
2025-07-08 14:00:00,20.179071574531992,65.2
2025-07-08 15:00:00,66.00979093385943,79.98
2025-07-08 16:00:00,87.86051344871257,83.92
2025-07-08 17:00:00,101.21753775088416,102.1
2025-07-08 18:00:00,109.06911999568044,122.77
2025-07-08 19:00:00,109.34835542146449,123.34
2025-07-08 20:00:00,109.35856140350923,116.65
2025-07-08 21:00:00,109.35856140350899,100.95
2025-07-08 22:00:00,109.29834424255786,97.15
2025-07-08 23:00:00,108.54811896824052,86.85
2025-07-09 00:00:00,107.35722659059633,83.86
2025-07-09 01:00:00,107.1483764405175,84.65
2025-07-09 02:00:00,107.46308200036414,85.1
2025-07-09 03:00:00,108.72097800829926,96.15
2025-07-09 04:00:00,109.35134152269386,113.66
2025-07-09 05:00:00,109.35856140350926,116.46
2025-07-09 06:00:00,109.3585614035082,113.59
2025-07-09 07:00:00,109.35856140350865,95.66
2025-07-09 08:00:00,100.66654331474966,84.68
2025-07-09 09:00:00,97.07137775031264,77.77
2025-07-09 10:00:00,94.87131662251792,65.67
2025-07-09 11:00:00,35.33847478678505,46.69
2025-07-09 12:00:00,26.531613484154583,37.78
2025-07-09 13:00:00,26.22046275997722,48.32
2025-07-09 14:00:00,35.930899999999866,71.13
2025-07-09 15:00:00,87.86051344871213,84.73
2025-07-09 16:00:00,100.66654331474966,99.01
2025-07-09 17:00:00,109.10224323387662,115.98
2025-07-09 18:00:00,109.35856140350863,135.34
2025-07-09 19:00:00,109.35856140350882,138.24
2025-07-09 20:00:00,109.35856140350784,119.79
2025-07-09 21:00:00,109.35856140350876,104.9
2025-07-09 22:00:00,109.35856140350873,100.91
2025-07-09 23:00:00,109.35856140350884,95.73
2025-07-10 00:00:00,109.35856140350857,89.1
2025-07-10 01:00:00,109.17747825382273,86.45
2025-07-10 02:00:00,109.17750267493139,87.97
2025-07-10 03:00:00,109.35541654973834,98.62
2025-07-10 04:00:00,109.35856140350876,107.61
2025-07-10 05:00:00,109.35856140350877,107.23
2025-07-10 06:00:00,109.35856140350865,105.35
2025-07-10 07:00:00,109.35856140350862,88.9
2025-07-10 08:00:00,102.12825116784661,82.0
2025-07-10 09:00:00,97.0713777503129,65.33
2025-07-10 10:00:00,36.04294527024625,45.22
2025-07-10 11:00:00,27.322803680981743,39.51
2025-07-10 12:00:00,27.322803680981558,39.55
2025-07-10 13:00:00,27.322803680981586,56.71
2025-07-10 14:00:00,61.939373100040015,76.8
2025-07-10 15:00:00,87.86051344871174,86.4
2025-07-10 16:00:00,100.6169062500002,100.2
2025-07-10 17:00:00,109.07064393190082,114.39
2025-07-10 18:00:00,109.35567961273331,134.67
2025-07-10 19:00:00,109.35731692189353,132.7
2025-07-10 20:00:00,109.35856140350879,120.88
2025-07-10 21:00:00,109.35856140350872,107.69
2025-07-10 22:00:00,109.35856140350877,104.75
2025-07-10 23:00:00,109.19746290713698,99.57
2025-07-11 00:00:00,109.09715336092599,95.0
2025-07-11 01:00:00,108.6614862146357,90.69
2025-07-11 02:00:00,108.89329096665315,91.53
2025-07-11 03:00:00,109.19727039395492,99.4
2025-07-11 04:00:00,109.35856140350818,107.41
2025-07-11 05:00:00,109.35856140350846,105.92
2025-07-11 06:00:00,109.3585614035073,105.18
2025-07-11 07:00:00,109.358561403509,93.3
2025-07-11 08:00:00,102.11719494532541,82.9
2025-07-11 09:00:00,96.2726172800872,73.15
2025-07-11 10:00:00,35.93089999999985,63.82
2025-07-11 11:00:00,21.51290614453726,42.16
2025-07-11 12:00:00,21.297186364549795,32.04
2025-07-11 13:00:00,22.887071443362615,38.1
2025-07-11 14:00:00,34.80212936380008,59.55
2025-07-11 15:00:00,73.43389189927231,83.15
2025-07-11 16:00:00,97.07137775031286,86.44
2025-07-11 17:00:00,107.14837644051812,101.93
2025-07-11 18:00:00,109.34349125558629,117.5
2025-07-11 19:00:00,109.35296821923167,118.08
2025-07-11 20:00:00,109.35856140350886,113.8
2025-07-11 21:00:00,109.35856140350847,103.82
2025-07-11 22:00:00,109.35856140350924,112.23
2025-07-11 23:00:00,108.33594572978939,104.57
2025-07-12 00:00:00,107.76760350288725,103.68
2025-07-12 01:00:00,106.5868010188958,97.4
2025-07-12 02:00:00,103.55908183172352,93.33
2025-07-12 03:00:00,103.28555541571268,89.94
2025-07-12 04:00:00,105.96586256665407,85.27
2025-07-12 05:00:00,107.92968201864184,87.98
2025-07-12 06:00:00,106.64531276745677,83.8
2025-07-12 07:00:00,100.61690624999989,59.86
2025-07-12 08:00:00,87.86051344871201,18.19
2025-07-12 09:00:00,22.359078640589665,3.0
2025-07-12 10:00:00,26.364749249168483,0.22
2025-07-12 11:00:00,19.97991452991451,0.0
2025-07-12 12:00:00,20.179071574531996,0.0
2025-07-12 13:00:00,20.536014891172865,0.22
2025-07-12 14:00:00,21.957081180585636,19.73
2025-07-12 15:00:00,35.93090000000001,73.89
2025-07-12 16:00:00,95.32635645366193,106.2
2025-07-12 17:00:00,98.22129346317297,109.2
2025-07-12 18:00:00,108.74600473901464,120.0
2025-07-12 19:00:00,109.35239391498607,125.02
2025-07-12 20:00:00,109.3585614035087,125.0
2025-07-12 21:00:00,109.10222143426587,115.42
2025-07-12 22:00:00,108.55519589344809,115.35
2025-07-12 23:00:00,107.93106297215678,109.14
2025-07-13 00:00:00,102.63463190386037,108.42
2025-07-13 01:00:00,102.69737821985736,107.35
2025-07-13 02:00:00,103.55947202266321,104.64
2025-07-13 03:00:00,101.90580102566584,100.85
2025-07-13 04:00:00,101.91351384264335,95.8
2025-07-13 05:00:00,102.66158573379619,92.18
2025-07-13 06:00:00,102.55412414393535,87.94
2025-07-13 07:00:00,100.61690625000003,57.62
2025-07-13 08:00:00,89.71074390243885,4.28
2025-07-13 09:00:00,27.32280368098154,0.05
2025-07-13 10:00:00,27.32280368098156,0.0
2025-07-13 11:00:00,27.322803680981526,0.0
2025-07-13 12:00:00,26.99308918634016,0.0
2025-07-13 13:00:00,26.932752315627514,0.0
2025-07-13 14:00:00,27.164426050512336,2.36
2025-07-13 15:00:00,61.8918754751209,73.4
2025-07-13 16:00:00,95.32653591688091,100.61
2025-07-13 17:00:00,107.14837644051804,113.74
2025-07-13 18:00:00,109.35239391498604,120.0
2025-07-13 19:00:00,109.35856140350874,127.7
2025-07-13 20:00:00,109.35856140350884,126.94
2025-07-13 21:00:00,109.35856140350754,115.41
2025-07-13 22:00:00,109.35856140350404,114.02
2025-07-13 23:00:00,109.17743282745306,104.01
2025-07-14 00:00:00,108.78444435022148,98.17
2025-07-14 01:00:00,106.64224559759141,94.94
2025-07-14 02:00:00,107.14837644051802,99.32
2025-07-14 03:00:00,109.42610093576755,108.93
2025-07-14 04:00:00,110.7032651240526,117.87
2025-07-14 05:00:00,112.85539590150182,121.62
2025-07-14 06:00:00,110.70326512405278,112.06
2025-07-14 07:00:00,103.85399473583294,92.43
2025-07-14 08:00:00,98.22129346317291,84.58
2025-07-14 09:00:00,96.27261728008688,79.67
2025-07-14 10:00:00,87.86051344871257,70.98
2025-07-14 11:00:00,35.930900000000236,64.17
2025-07-14 12:00:00,35.014712121574064,57.15
2025-07-14 13:00:00,68.64074970413017,55.82
2025-07-14 14:00:00,87.86051344871244,71.1
2025-07-14 15:00:00,96.2726172800871,84.58
2025-07-14 16:00:00,98.22129346317297,98.94
2025-07-14 17:00:00,103.03903067424741,110.11
2025-07-14 18:00:00,110.49314867473286,139.99
2025-07-14 19:00:00,109.82710426620739,141.57
2025-07-14 20:00:00,109.48689277732512,126.14
2025-07-14 21:00:00,109.32477040334769,115.15
2025-07-14 22:00:00,109.25079712439717,106.1
2025-07-14 23:00:00,107.14837644051806,103.06
2025-07-15 00:00:00,104.10568417004319,93.86
2025-07-15 01:00:00,100.61690624999991,88.28
2025-07-15 02:00:00,99.27364890966949,87.12
2025-07-15 03:00:00,100.66654331474976,93.0
2025-07-15 04:00:00,108.67917401653281,110.33
2025-07-15 05:00:00,109.33484301803279,113.41
2025-07-15 06:00:00,109.33771923953208,106.86
2025-07-15 07:00:00,107.14837644051809,90.82
2025-07-15 08:00:00,98.22129346317305,77.67
2025-07-15 09:00:00,96.27261728008675,65.0
2025-07-15 10:00:00,66.31818613409631,59.19
2025-07-15 11:00:00,22.264839303204695,47.26
2025-07-15 12:00:00,19.979914529914737,40.2
2025-07-15 13:00:00,20.218013365295633,42.57
2025-07-15 14:00:00,28.926224090403224,65.0
2025-07-15 15:00:00,81.67000276243115,84.87
2025-07-15 16:00:00,96.36272379714246,101.54
2025-07-15 17:00:00,100.61690625000014,108.15
2025-07-15 18:00:00,109.0962160405762,119.78
2025-07-15 19:00:00,109.48726926019962,141.99
2025-07-15 20:00:00,109.33256843914566,121.28
2025-07-15 21:00:00,109.25160861311454,112.45
2025-07-15 22:00:00,105.07270152704004,97.63
2025-07-15 23:00:00,100.61017039084491,93.99
2025-07-16 00:00:00,98.53905014511874,86.67
2025-07-16 01:00:00,98.2212934631736,83.43
2025-07-16 02:00:00,98.2212934631736,84.26
2025-07-16 03:00:00,100.6169062500015,90.41
2025-07-16 04:00:00,107.53006162956231,105.74
2025-07-16 05:00:00,109.31986984440016,112.63
2025-07-16 06:00:00,109.32975879318901,111.92
2025-07-16 07:00:00,109.19950952730282,104.21
2025-07-16 08:00:00,102.91996262027595,89.8
2025-07-16 09:00:00,96.27261728008678,85.65
2025-07-16 10:00:00,97.07137775031268,81.96
2025-07-16 11:00:00,81.86080139670645,78.62
2025-07-16 12:00:00,75.99686906908863,68.06
2025-07-16 13:00:00,73.38214557471416,69.2
2025-07-16 14:00:00,87.86051344871221,80.86
2025-07-16 15:00:00,96.2726172800868,89.09
2025-07-16 16:00:00,100.61690625000013,95.49
2025-07-16 17:00:00,109.34018028766519,108.37
2025-07-16 18:00:00,109.35513124131691,119.72
2025-07-16 19:00:00,109.50457044312313,129.04
2025-07-16 20:00:00,109.35615552195662,120.71
2025-07-16 21:00:00,109.34837625462096,110.55
2025-07-16 22:00:00,109.358561403509,103.76
2025-07-16 23:00:00,109.35856140350855,98.33
2025-07-17 00:00:00,108.99906407874661,89.96
2025-07-17 01:00:00,108.9901160647207,84.81
2025-07-17 02:00:00,108.5539050490866,85.76
2025-07-17 03:00:00,109.09774210963187,89.0
2025-07-17 04:00:00,109.35291482571141,104.05
2025-07-17 05:00:00,109.35253685760958,110.33
2025-07-17 06:00:00,109.3406261016191,105.92
2025-07-17 07:00:00,109.25191908641911,93.1
2025-07-17 08:00:00,100.66654331474962,85.0
2025-07-17 09:00:00,98.22129346317313,77.07
2025-07-17 10:00:00,97.07137775031286,70.17
2025-07-17 11:00:00,87.86051344871167,55.26
2025-07-17 12:00:00,36.66322756783554,49.78
2025-07-17 13:00:00,35.93089999999939,66.18
2025-07-17 14:00:00,68.72595524185655,74.79
2025-07-17 15:00:00,97.07137775031238,82.71
2025-07-17 16:00:00,100.66654331474969,94.98
2025-07-17 17:00:00,109.05966275617286,109.73
2025-07-17 18:00:00,109.35652894515195,120.75
2025-07-17 19:00:00,109.47533931487362,132.0
2025-07-17 20:00:00,109.35668636561334,125.07
2025-07-17 21:00:00,109.35044736006182,114.18
2025-07-17 22:00:00,109.35856140350873,106.8
2025-07-17 23:00:00,109.35856140350967,99.15
2025-07-18 00:00:00,109.35856140350899,95.36
2025-07-18 01:00:00,109.33474078909734,96.37
2025-07-18 02:00:00,109.35344519880417,98.66
2025-07-18 03:00:00,109.3568767871513,108.23
2025-07-18 04:00:00,109.4277858357544,115.92
2025-07-18 05:00:00,109.9437852860408,116.17
2025-07-18 06:00:00,109.44498720092432,109.39
2025-07-18 07:00:00,109.35856140350876,98.13
2025-07-18 08:00:00,108.99848190925883,84.98
2025-07-18 09:00:00,102.12830775024426,82.02
2025-07-18 10:00:00,97.07137775031262,80.0
2025-07-18 11:00:00,77.33782684711429,73.02
2025-07-18 12:00:00,70.55300232917111,71.2
2025-07-18 13:00:00,71.55352569804725,72.68
2025-07-18 14:00:00,87.86051344871237,79.99
2025-07-18 15:00:00,97.07137775031265,84.07
2025-07-18 16:00:00,107.22911546160097,99.92
2025-07-18 17:00:00,109.36125806425386,120.0
2025-07-18 18:00:00,109.62284076867945,146.55
2025-07-18 19:00:00,110.70326512405265,144.44
2025-07-18 20:00:00,109.53680833271841,125.88
2025-07-18 21:00:00,109.35708189060628,113.48
2025-07-18 22:00:00,109.3526672717182,107.6
2025-07-18 23:00:00,109.25085554832911,105.35
2025-07-19 00:00:00,109.1190805436288,103.19
2025-07-19 01:00:00,108.44869134403623,101.63
2025-07-19 02:00:00,107.148376440518,98.38
2025-07-19 03:00:00,107.14837644051796,93.69
2025-07-19 04:00:00,108.44869134403628,98.39
2025-07-19 05:00:00,108.84321936386225,86.89
2025-07-19 06:00:00,108.39513278554648,78.89
2025-07-19 07:00:00,102.24731981242431,52.98
2025-07-19 08:00:00,96.27261728008676,10.0
2025-07-19 09:00:00,21.305118265818606,0.65
2025-07-19 10:00:00,21.65498510267668,0.0
2025-07-19 11:00:00,19.979914529914584,-0.01
2025-07-19 12:00:00,-0.21259521304110765,0.0
2025-07-19 13:00:00,19.97991452991478,2.08
2025-07-19 14:00:00,19.97991452991481,29.33
2025-07-19 15:00:00,33.99186985106206,76.85
2025-07-19 16:00:00,73.39560792561535,98.4
2025-07-19 17:00:00,97.07137775031254,114.47
2025-07-19 18:00:00,108.75348883452169,112.87
2025-07-19 19:00:00,109.15057612966969,108.08
2025-07-19 20:00:00,108.96017001091775,105.63
2025-07-19 21:00:00,107.14837644051798,98.07
2025-07-19 22:00:00,101.9519336638697,91.29
2025-07-19 23:00:00,100.91360973236772,88.94
2025-07-20 00:00:00,100.66654331474975,89.27
2025-07-20 01:00:00,100.61690625,100.41
2025-07-20 02:00:00,98.28789391556464,101.7
2025-07-20 03:00:00,98.28789391556464,98.27
2025-07-20 04:00:00,100.6169062499999,97.2
2025-07-20 05:00:00,100.61690624999989,80.59
2025-07-20 06:00:00,100.66654331474955,77.86
2025-07-20 07:00:00,97.85956206066543,44.58
2025-07-20 08:00:00,68.15390227837315,9.04
2025-07-20 09:00:00,27.32280368098179,2.07
2025-07-20 10:00:00,27.322803680981583,0.0
2025-07-20 11:00:00,19.97991452991453,-0.01
2025-07-20 12:00:00,19.979914529914538,0.0
2025-07-20 13:00:00,19.97991452991449,9.09
2025-07-20 14:00:00,27.195995049772502,69.33
2025-07-20 15:00:00,35.930900000000065,92.74
2025-07-20 16:00:00,87.86051344871217,100.26
2025-07-20 17:00:00,98.60392236621358,112.0
2025-07-20 18:00:00,108.84907448407432,116.0
2025-07-20 19:00:00,109.3306338500268,115.01
2025-07-20 20:00:00,109.30464538049117,114.85
2025-07-20 21:00:00,109.07129076699783,105.05
2025-07-20 22:00:00,106.67840345701202,87.08
2025-07-20 23:00:00,99.2736489096694,79.73
2025-07-21 00:00:00,99.27364890966956,83.48
2025-07-21 01:00:00,98.22129346317284,83.3
2025-07-21 02:00:00,97.85956206066552,83.49
2025-07-21 03:00:00,99.94575988970071,96.22
2025-07-21 04:00:00,110.6365823047073,113.96
2025-07-21 05:00:00,110.70326512405249,126.56
2025-07-21 06:00:00,109.64400617717894,123.91
2025-07-21 07:00:00,108.50982436057647,109.64
2025-07-21 08:00:00,100.61690624999997,105.99
2025-07-21 09:00:00,98.50447251045864,98.88
2025-07-21 10:00:00,97.85956206066565,84.9
2025-07-21 11:00:00,97.85956206066548,81.73
2025-07-21 12:00:00,96.80707655306267,85.79
2025-07-21 13:00:00,96.2726172800867,87.96
2025-07-21 14:00:00,98.22129346317311,90.95
2025-07-21 15:00:00,98.221293463173,104.3
2025-07-21 16:00:00,107.14837644051825,105.82
2025-07-21 17:00:00,108.24430086909962,119.69
2025-07-21 18:00:00,109.12361972743997,123.25
2025-07-21 19:00:00,109.37550966090636,120.09
2025-07-21 20:00:00,109.33552295901605,108.76
2025-07-21 21:00:00,109.15696813044539,100.04
2025-07-21 22:00:00,107.14837644051828,92.79
2025-07-21 23:00:00,104.11024583215688,87.2
2025-07-22 00:00:00,100.66654331474976,85.48
2025-07-22 01:00:00,100.61690625,82.0
2025-07-22 02:00:00,99.27364890966957,81.0
2025-07-22 03:00:00,100.66654331474966,89.28
2025-07-22 04:00:00,107.14837644051816,108.8
2025-07-22 05:00:00,109.33598366215439,109.28
2025-07-22 06:00:00,109.2668228368689,102.49
2025-07-22 07:00:00,102.63628310336414,91.29
2025-07-22 08:00:00,98.22129346317286,81.73
2025-07-22 09:00:00,81.86080139670636,68.41
2025-07-22 10:00:00,35.9309000000001,39.63
2025-07-22 11:00:00,19.97991452991464,10.0
2025-07-22 12:00:00,6.47177312441136,0.17
2025-07-22 13:00:00,4.193755249405221,4.16
2025-07-22 14:00:00,19.140409931514775,36.9
2025-07-22 15:00:00,36.26522781681696,75.79
2025-07-22 16:00:00,92.54273178553277,88.98
2025-07-22 17:00:00,102.24441926183268,108.57
2025-07-22 18:00:00,109.06728148827922,112.56
2025-07-22 19:00:00,109.34505783277034,113.22
2025-07-22 20:00:00,109.34137145179551,108.48
2025-07-22 21:00:00,107.14837644051808,102.93
2025-07-22 22:00:00,100.66654331474963,87.65
2025-07-22 23:00:00,98.22129346317287,79.47
2025-07-23 00:00:00,97.85956206066543,78.5
2025-07-23 01:00:00,97.0713777503126,76.04
2025-07-23 02:00:00,97.0713777503126,77.69
2025-07-23 03:00:00,98.22129346317296,80.64
2025-07-23 04:00:00,101.8126934113303,91.35
2025-07-23 05:00:00,107.14837644051805,99.87
2025-07-23 06:00:00,106.24814452583549,96.5
2025-07-23 07:00:00,98.98710902330946,81.69
2025-07-23 08:00:00,96.27261728008665,67.3
2025-07-23 09:00:00,20.42413702543268,53.5
2025-07-23 10:00:00,20.218013365295434,33.72
2025-07-23 11:00:00,9.086959221256294,23.73
2025-07-23 12:00:00,-5.000000000000092,26.82
2025-07-23 13:00:00,3.453716964240364,40.3
2025-07-23 14:00:00,19.979914529914563,67.81
2025-07-23 15:00:00,35.930899999999895,78.05
2025-07-23 16:00:00,97.85956206066544,86.07
2025-07-23 17:00:00,107.14837644051812,105.0
2025-07-23 18:00:00,109.36577246076178,112.98
2025-07-23 19:00:00,109.3553136956803,119.74
2025-07-23 20:00:00,109.3548024354024,110.54
2025-07-23 21:00:00,109.34349125558649,103.06
2025-07-23 22:00:00,109.308992879573,97.82
2025-07-23 23:00:00,109.23097323820369,94.08
2025-07-24 00:00:00,108.96928960722661,89.29
2025-07-24 01:00:00,108.43328963426241,89.29
2025-07-24 02:00:00,108.1010925925926,93.45
2025-07-24 03:00:00,109.0670248784732,102.65
2025-07-24 04:00:00,109.34892818375783,112.05
2025-07-24 05:00:00,109.53451142381812,117.22
2025-07-24 06:00:00,109.40647360493017,110.4
2025-07-24 07:00:00,109.34939745958884,96.22
2025-07-24 08:00:00,108.56604564114255,89.17
2025-07-24 09:00:00,102.18433738644488,84.39
2025-07-24 10:00:00,97.07137775031232,82.17
2025-07-24 11:00:00,94.87131662251801,80.43
2025-07-24 12:00:00,87.86051344871186,82.05
2025-07-24 13:00:00,87.86051344871244,84.77
2025-07-24 14:00:00,87.86051344871196,93.34
2025-07-24 15:00:00,97.07137775031286,100.6
2025-07-24 16:00:00,100.61690624999996,109.2
2025-07-24 17:00:00,109.22663068574876,130.0
2025-07-24 18:00:00,110.70326512405263,154.16
2025-07-24 19:00:00,110.70326512405265,140.64
2025-07-24 20:00:00,109.47473325847886,118.38
2025-07-24 21:00:00,109.39368019354337,109.39
2025-07-24 22:00:00,109.35301425296873,111.27
2025-07-24 23:00:00,109.33139752007227,103.67
2025-07-25 00:00:00,109.30556706869672,97.05
2025-07-25 01:00:00,109.17852252979665,92.94
2025-07-25 02:00:00,109.1574929227004,96.97
2025-07-25 03:00:00,109.24463551356746,98.2
2025-07-25 04:00:00,109.33962824324585,108.87
2025-07-25 05:00:00,109.41670077693085,112.95
2025-07-25 06:00:00,109.41060974755922,110.85
2025-07-25 07:00:00,109.35659139902415,98.2
2025-07-25 08:00:00,108.55389139845705,94.08
2025-07-25 09:00:00,100.61690624999987,85.15
2025-07-25 10:00:00,96.27261728008679,83.09
2025-07-25 11:00:00,76.73553060766628,78.7
2025-07-25 12:00:00,63.945350327247965,76.31
2025-07-25 13:00:00,70.89991728856346,79.27
2025-07-25 14:00:00,73.38677648177321,81.09
2025-07-25 15:00:00,90.28618505022561,84.02
2025-07-25 16:00:00,96.93296210858314,90.45
2025-07-25 17:00:00,108.83200777282241,101.81
2025-07-25 18:00:00,109.43117088766826,109.28
2025-07-25 19:00:00,109.55222742122403,121.21
2025-07-25 20:00:00,109.39965380685557,112.6
2025-07-25 21:00:00,109.3782906463279,110.25
2025-07-25 22:00:00,109.35239391498625,106.76
2025-07-25 23:00:00,109.18262379335229,100.7
2025-07-26 00:00:00,108.82295646089835,97.73
2025-07-26 01:00:00,108.42173243121985,96.65
2025-07-26 02:00:00,106.62009957257293,96.45
2025-07-26 03:00:00,106.62009957257293,94.89
2025-07-26 04:00:00,107.14837644051809,97.13
2025-07-26 05:00:00,108.5729440687479,96.1
2025-07-26 06:00:00,108.82621001538412,87.96
2025-07-26 07:00:00,107.14837644051802,85.85
2025-07-26 08:00:00,98.96811233005162,79.59
2025-07-26 09:00:00,95.18155889748427,75.2
2025-07-26 10:00:00,87.86051344871217,66.42
2025-07-26 11:00:00,71.59693287869494,49.87
2025-07-26 12:00:00,69.55346577630159,50.09
2025-07-26 13:00:00,66.52757794380811,68.07
2025-07-26 14:00:00,73.36292550879523,74.81
2025-07-26 15:00:00,89.121748470602,84.2
2025-07-26 16:00:00,96.53709520448565,98.2
2025-07-26 17:00:00,100.61690624999999,106.6
2025-07-26 18:00:00,109.24772790979293,121.95
2025-07-26 19:00:00,109.34718166792997,127.07
2025-07-26 20:00:00,109.35856140350889,116.72
2025-07-26 21:00:00,109.35651696278399,108.8
2025-07-26 22:00:00,109.17743282744222,104.64
2025-07-26 23:00:00,108.32411339156852,99.47
2025-07-27 00:00:00,104.02617214534425,95.01
2025-07-27 01:00:00,100.61690625000004,92.07
2025-07-27 02:00:00,99.72342806912748,91.99
2025-07-27 03:00:00,99.84014499017712,89.88
2025-07-27 04:00:00,99.84014499017712,88.79
2025-07-27 05:00:00,100.46060313594785,86.58
2025-07-27 06:00:00,100.61690625000017,83.76
2025-07-27 07:00:00,98.36877887529232,81.71
2025-07-27 08:00:00,96.27261728008655,75.91
2025-07-27 09:00:00,35.944966858065044,70.52
2025-07-27 10:00:00,34.58503125865765,45.93
2025-07-27 11:00:00,21.182924974887836,15.04
2025-07-27 12:00:00,20.861253685897136,8.85
2025-07-27 13:00:00,20.861253685897136,17.3
2025-07-27 14:00:00,26.85313405169201,45.74
2025-07-27 15:00:00,72.88675025494118,82.36
2025-07-27 16:00:00,81.86080139670638,95.66
2025-07-27 17:00:00,97.0713777503127,102.47
2025-07-27 18:00:00,106.68786073973271,107.95
2025-07-27 19:00:00,109.21246897142224,114.71
2025-07-27 20:00:00,109.19860333825706,107.33
2025-07-27 21:00:00,108.72104508917329,102.69
2025-07-27 22:00:00,107.9309772344834,100.0
2025-07-27 23:00:00,103.55897392571705,88.77
2025-07-28 00:00:00,98.22129346317301,83.5
2025-07-28 01:00:00,97.07137775031264,79.67
2025-07-28 02:00:00,97.07137775031264,79.51
2025-07-28 03:00:00,97.85956206066567,89.52
2025-07-28 04:00:00,104.10559149631649,108.88
2025-07-28 05:00:00,109.05979661273815,121.97
2025-07-28 06:00:00,109.29027650517162,118.37
2025-07-28 07:00:00,108.72101196859377,105.45
2025-07-28 08:00:00,102.49607001381551,97.25
2025-07-28 09:00:00,95.69952993182613,90.96
2025-07-28 10:00:00,63.9135607724584,81.79
2025-07-28 11:00:00,35.93090000000001,77.52
2025-07-28 12:00:00,19.97991452991451,68.33
2025-07-28 13:00:00,19.97991452991453,73.97
2025-07-28 14:00:00,19.97991452991451,77.28
2025-07-28 15:00:00,35.930899999999994,88.12
2025-07-28 16:00:00,73.77302600698225,97.2
2025-07-28 17:00:00,96.27261728008669,103.59
2025-07-28 18:00:00,107.0329069173689,114.14
2025-07-28 19:00:00,108.98434321028428,114.34
2025-07-28 20:00:00,108.54123044766015,105.26
2025-07-28 21:00:00,107.14837644051761,92.43
2025-07-28 22:00:00,102.14231617393104,87.51
2025-07-28 23:00:00,102.11889474776395,84.1
2025-07-29 00:00:00,100.66654331475056,82.9
2025-07-29 01:00:00,100.66654331475009,82.1
2025-07-29 02:00:00,100.66654331475006,83.89
2025-07-29 03:00:00,102.23834003532491,92.88
2025-07-29 04:00:00,108.09343137935129,101.07
2025-07-29 05:00:00,109.33266208847043,109.25
2025-07-29 06:00:00,109.25781971454288,99.02
2025-07-29 07:00:00,101.90070550077311,80.2
2025-07-29 08:00:00,98.22129346317304,66.37
2025-07-29 09:00:00,41.13355261139537,54.0
2025-07-29 10:00:00,19.97991452991454,25.6
2025-07-29 11:00:00,19.97991452991443,4.34
2025-07-29 12:00:00,-2.1316282072803006e-14,1.07
2025-07-29 13:00:00,-1.7693900530314615,6.2
2025-07-29 14:00:00,19.97991452991421,44.41
2025-07-29 15:00:00,35.930899999999816,78.24
2025-07-29 16:00:00,81.98176753164182,94.81
2025-07-29 17:00:00,101.81016423611412,105.32
2025-07-29 18:00:00,109.34382126805703,123.56
2025-07-29 19:00:00,109.35723571170072,126.01
2025-07-29 20:00:00,109.35856140350884,111.94
2025-07-29 21:00:00,109.3326917182699,102.07
2025-07-29 22:00:00,108.99835393575027,94.92
2025-07-29 23:00:00,107.1483764405179,90.88
2025-07-30 00:00:00,102.14231617393041,86.93
2025-07-30 01:00:00,102.14023407641369,83.24
2025-07-30 02:00:00,101.38047684084452,84.89
2025-07-30 03:00:00,102.11409032459127,94.72
2025-07-30 04:00:00,109.07084490982221,100.38
2025-07-30 05:00:00,109.35239391498685,97.47
2025-07-30 06:00:00,109.35856140350873,93.88
2025-07-30 07:00:00,102.54814431012286,79.02
2025-07-30 08:00:00,98.22129346317291,63.29
2025-07-30 09:00:00,89.1217484706021,40.43
2025-07-30 10:00:00,27.322803680981597,24.79
2025-07-30 11:00:00,27.322803680981554,17.69
2025-07-30 12:00:00,20.417817768101354,10.7
2025-07-30 13:00:00,11.072171472635873,28.03
2025-07-30 14:00:00,19.979914529914538,45.61
2025-07-30 15:00:00,27.551940276395477,75.68
2025-07-30 16:00:00,81.86080139670649,93.97
2025-07-30 17:00:00,100.66654331474969,101.86
2025-07-30 18:00:00,108.93999542784145,109.07
2025-07-30 19:00:00,109.34531393123669,109.0
2025-07-30 20:00:00,109.35856140350887,104.0
2025-07-30 21:00:00,107.52414938088125,92.41
2025-07-30 22:00:00,101.95773071803517,88.93
2025-07-30 23:00:00,99.27364890966953,82.11
2025-07-31 00:00:00,97.85956206066548,79.0
2025-07-31 01:00:00,97.07137775031265,77.27
2025-07-31 02:00:00,97.07137775031265,78.51
2025-07-31 03:00:00,99.2736489096694,85.43
2025-07-31 04:00:00,103.5562497903837,98.14
2025-07-31 05:00:00,109.22234170550257,100.46
2025-07-31 06:00:00,109.05863077046777,94.09
2025-07-31 07:00:00,102.14227465451597,88.91
2025-07-31 08:00:00,98.2212934631728,74.17
2025-07-31 09:00:00,81.67000276243076,70.04
2025-07-31 10:00:00,27.322803680981583,61.15
2025-07-31 11:00:00,27.32280368098151,48.05
2025-07-31 12:00:00,27.322803680981455,35.06
2025-07-31 13:00:00,21.324754617468525,55.07
2025-07-31 14:00:00,32.67752756727129,72.43
2025-07-31 15:00:00,63.88630912859929,84.56
2025-07-31 16:00:00,89.7107439024395,96.9
2025-07-31 17:00:00,103.55126898114845,111.92
2025-07-31 18:00:00,109.24882246039897,128.27
2025-07-31 19:00:00,109.35588960942918,125.11
2025-07-31 20:00:00,109.35856140350926,114.16
2025-07-31 21:00:00,109.35856140350795,102.79
2025-07-31 22:00:00,109.1815591159082,105.31
2025-07-31 23:00:00,107.93087627648623,98.54
2025-08-01 00:00:00,106.58656712115575,92.15
2025-08-01 01:00:00,100.66654331474979,89.17
2025-08-01 02:00:00,100.66654331475003,94.21
2025-08-01 03:00:00,103.69135887607493,100.58
2025-08-01 04:00:00,109.19502882890778,106.69
2025-08-01 05:00:00,109.3323037225602,110.71
2025-08-01 06:00:00,109.35856140350919,106.64
2025-08-01 07:00:00,108.58153673595747,103.67
2025-08-01 08:00:00,102.00663125271734,97.95
2025-08-01 09:00:00,96.2726172800867,84.1
2025-08-01 10:00:00,45.1373681432342,77.05
2025-08-01 11:00:00,27.322803680981732,61.97
2025-08-01 12:00:00,21.324754617468553,49.06
2025-08-01 13:00:00,21.218788260375348,49.1
2025-08-01 14:00:00,27.604601793391115,69.93
2025-08-01 15:00:00,35.93090000000075,83.59
2025-08-01 16:00:00,96.27261728008722,96.45
2025-08-01 17:00:00,98.22129346317332,109.51
2025-08-01 18:00:00,106.40361319798464,119.23
2025-08-01 19:00:00,109.311807689035,117.51
2025-08-01 20:00:00,109.26112981400912,110.72
2025-08-01 21:00:00,109.18226929406303,102.73
2025-08-01 22:00:00,107.14837644051806,104.47
2025-08-01 23:00:00,100.66654331474993,100.32
2025-08-02 00:00:00,98.22129346317308,97.79
2025-08-02 01:00:00,97.85956206066587,92.16
2025-08-02 02:00:00,97.85956206066587,91.29
2025-08-02 03:00:00,97.8595620606661,90.77
2025-08-02 04:00:00,98.22129346317297,89.67
2025-08-02 05:00:00,98.28936630769648,84.7
2025-08-02 06:00:00,98.22129346317297,78.4
2025-08-02 07:00:00,96.74524431225473,65.68
2025-08-02 08:00:00,87.86051344871231,31.09
2025-08-02 09:00:00,27.32280368098162,5.68
2025-08-02 10:00:00,27.322803680981707,2.95
2025-08-02 11:00:00,20.341913680052727,0.0
2025-08-02 12:00:00,20.179071574532003,0.0
2025-08-02 13:00:00,19.97991452991448,0.0
2025-08-02 14:00:00,20.174743021012404,5.3
2025-08-02 15:00:00,25.30401904765938,60.69
2025-08-02 16:00:00,73.34510046829826,91.32
2025-08-02 17:00:00,96.27261728008659,102.0
2025-08-02 18:00:00,103.04559445935934,109.49
2025-08-02 19:00:00,107.6508447674424,108.42
2025-08-02 20:00:00,108.55390504908534,104.34
2025-08-02 21:00:00,107.14837644051832,95.0
2025-08-02 22:00:00,100.66654331474984,85.09
2025-08-02 23:00:00,97.85956206066561,77.52
2025-08-03 00:00:00,94.94643832710541,71.95
2025-08-03 01:00:00,94.871316622518,68.14
2025-08-03 02:00:00,90.49669113060351,65.77
2025-08-03 03:00:00,89.71074390243905,59.98
2025-08-03 04:00:00,94.871316622518,46.8
2025-08-03 05:00:00,96.18878720962105,26.0
2025-08-03 06:00:00,95.31097120349607,6.16
2025-08-03 07:00:00,87.86051344871228,0.0
2025-08-03 08:00:00,25.651172485354785,-1.01
2025-08-03 09:00:00,27.322803680981522,-2.1
2025-08-03 10:00:00,27.322803680981558,-3.0
2025-08-03 11:00:00,19.713393855293162,-9.9
2025-08-03 12:00:00,-4.2995025615193345,-10.08
2025-08-03 13:00:00,-1.0658141036401503e-14,-4.98
2025-08-03 14:00:00,18.91718305047487,-1.5
2025-08-03 15:00:00,20.218013365295505,3.61
2025-08-03 16:00:00,35.93089999999997,71.13
2025-08-03 17:00:00,96.27261728008651,88.13
2025-08-03 18:00:00,97.85956206066575,97.87
2025-08-03 19:00:00,102.51184232832708,95.99
2025-08-03 20:00:00,100.6665433147499,97.3
2025-08-03 21:00:00,100.61690625000004,85.09
2025-08-03 22:00:00,100.61690625000006,81.05
2025-08-03 23:00:00,97.85956206066572,70.07
2025-08-04 00:00:00,96.27261728008692,69.97
2025-08-04 01:00:00,90.76766049382707,70.62
2025-08-04 02:00:00,95.74995918989477,74.03
2025-08-04 03:00:00,97.0713777503126,82.94
2025-08-04 04:00:00,98.39964102730949,95.12
2025-08-04 05:00:00,103.96112531213144,102.72
2025-08-04 06:00:00,107.72277522317977,101.44
2025-08-04 07:00:00,102.10116102169559,97.05
2025-08-04 08:00:00,100.40810368118801,80.05
2025-08-04 09:00:00,96.98441934754209,56.33
2025-08-04 10:00:00,87.86051344871218,14.84
2025-08-04 11:00:00,21.587295012739308,4.05
2025-08-04 12:00:00,21.2886695090701,0.66
2025-08-04 13:00:00,19.97991452991441,0.02
2025-08-04 14:00:00,19.979914529914538,22.09
2025-08-04 15:00:00,35.93090000000035,67.24
2025-08-04 16:00:00,94.92457276406236,80.91
2025-08-04 17:00:00,97.85956206066659,84.54
2025-08-04 18:00:00,98.22129346317391,80.21
2025-08-04 19:00:00,97.85956206066646,72.7
2025-08-04 20:00:00,96.27261728008682,66.63
2025-08-04 21:00:00,51.43658510499481,47.69
2025-08-04 22:00:00,31.83790966398361,21.52
2025-08-04 23:00:00,31.837909663983552,15.34
2025-08-05 00:00:00,35.93090000000034,15.9
2025-08-05 01:00:00,55.79770720701838,23.96
2025-08-05 02:00:00,81.8608013967078,54.47
2025-08-05 03:00:00,94.87131662251781,76.19
2025-08-05 04:00:00,96.2726172800878,92.25
2025-08-05 05:00:00,97.85956206066555,92.08
2025-08-05 06:00:00,97.85956206066555,74.74
2025-08-05 07:00:00,96.85164726075236,3.89
2025-08-05 08:00:00,72.09475273114819,-0.21
2025-08-05 09:00:00,27.828940020932794,-2.01
2025-08-05 10:00:00,21.014165653124056,-4.94
2025-08-05 11:00:00,9.900690808845493,-9.5
2025-08-05 12:00:00,-3.1523364716220454,-11.83
2025-08-05 13:00:00,-2.3699964420743203,-9.92
2025-08-05 14:00:00,-5.0,-5.07
2025-08-05 15:00:00,-5.0,-0.52
2025-08-05 16:00:00,-0.0,1.07
2025-08-05 17:00:00,35.93090000000009,72.48
2025-08-05 18:00:00,96.27261728008689,89.97
2025-08-05 19:00:00,97.859562060666,107.15
2025-08-05 20:00:00,98.22129346317327,87.18
2025-08-05 21:00:00,97.07137775031359,81.0
2025-08-05 22:00:00,87.86051344871227,75.13
2025-08-05 23:00:00,89.12174847060201,59.89
2025-08-06 00:00:00,87.86051344871223,60.76
2025-08-06 01:00:00,87.86051344871223,61.01
2025-08-06 02:00:00,89.12174847060201,60.35
2025-08-06 03:00:00,95.84171887259174,81.7
2025-08-06 04:00:00,97.85956206066528,103.77
2025-08-06 05:00:00,103.62683908471718,102.94
2025-08-06 06:00:00,102.22133474657619,83.94
2025-08-06 07:00:00,97.07137775031323,27.74
2025-08-06 08:00:00,19.979914529914453,-0.01
2025-08-06 09:00:00,-2.35485674716881,-2.05
2025-08-06 10:00:00,9.237055564881302e-14,-8.47
2025-08-06 11:00:00,-3.786068956366126,-11.79
2025-08-06 12:00:00,-3.9181573741788185,-6.0
2025-08-06 13:00:00,-1.2789769243681803e-13,-3.11
2025-08-06 14:00:00,16.013673712157395,-1.01
2025-08-06 15:00:00,21.324754617468425,52.15
2025-08-06 16:00:00,94.87131662251784,97.19
2025-08-06 17:00:00,103.85354063952676,113.7
2025-08-06 18:00:00,109.35222040873383,170.16
2025-08-06 19:00:00,109.3585614035094,157.08
2025-08-06 20:00:00,109.3585614035094,110.0
2025-08-06 21:00:00,109.35856140350914,101.6
2025-08-06 22:00:00,109.28449736035732,97.58
2025-08-06 23:00:00,107.14837644051822,97.04
2025-08-07 00:00:00,100.66654331475004,91.44
2025-08-07 01:00:00,100.61690625000004,88.79
2025-08-07 02:00:00,100.61690625000021,88.93
2025-08-07 03:00:00,102.88438444315646,92.85
2025-08-07 04:00:00,106.22608832049804,107.46
2025-08-07 05:00:00,109.15451621341803,106.5
2025-08-07 06:00:00,109.10800700884326,100.48
2025-08-07 07:00:00,100.66654331474938,77.63
2025-08-07 08:00:00,81.86080139670634,22.23
2025-08-07 09:00:00,27.150090766707148,0.0
2025-08-07 10:00:00,20.233519162754334,-0.12
2025-08-07 11:00:00,-3.684257503892559,-1.99
2025-08-07 12:00:00,-3.6530059897527285,-0.29
2025-08-07 13:00:00,-3.2214771833130613,-0.01
2025-08-07 14:00:00,-1.8950308499905748,2.0
2025-08-07 15:00:00,19.979914529914332,65.59
2025-08-07 16:00:00,94.87131662251792,94.23
2025-08-07 17:00:00,99.27364890966956,111.95
2025-08-07 18:00:00,109.32653876372723,141.94
2025-08-07 19:00:00,109.37741472594446,127.5
2025-08-07 20:00:00,109.35856140350874,110.0
2025-08-07 21:00:00,109.08151871392005,101.28
2025-08-07 22:00:00,103.34659665749695,93.9
2025-08-07 23:00:00,100.61690624999987,89.49
2025-08-08 00:00:00,98.22129346317281,86.13
2025-08-08 01:00:00,98.2212934631727,82.66
2025-08-08 02:00:00,98.22129346317267,81.45
2025-08-08 03:00:00,100.61690624999993,91.14
2025-08-08 04:00:00,106.33790035733733,100.43
2025-08-08 05:00:00,109.20272218418951,103.05
2025-08-08 06:00:00,109.3585614035091,109.14
2025-08-08 07:00:00,105.5096313842661,89.9
2025-08-08 08:00:00,97.07137775031269,66.0
2025-08-08 09:00:00,35.9309000000001,8.39
2025-08-08 10:00:00,27.32280368098181,0.0
2025-08-08 11:00:00,21.32475461746841,-0.01
2025-08-08 12:00:00,19.979914529914474,-0.02
2025-08-08 13:00:00,16.028165576014857,-0.01
2025-08-08 14:00:00,19.97991452991448,10.49
2025-08-08 15:00:00,35.930899999999994,71.74
2025-08-08 16:00:00,97.07137775031269,103.86
2025-08-08 17:00:00,106.30238050094992,113.97
2025-08-08 18:00:00,109.40647360493101,144.62
2025-08-08 19:00:00,109.58689578877153,151.51
2025-08-08 20:00:00,109.35856140350813,121.59
2025-08-08 21:00:00,109.35856140350886,108.46
2025-08-08 22:00:00,109.37447001543016,101.93
2025-08-08 23:00:00,109.32060319204692,100.43
2025-08-09 00:00:00,107.27674635424862,99.94
2025-08-09 01:00:00,106.29399213434782,97.8
2025-08-09 02:00:00,103.89965010032735,96.87
2025-08-09 03:00:00,103.8989087312891,97.01
2025-08-09 04:00:00,105.58743737368967,97.26
2025-08-09 05:00:00,106.68813151022549,93.45
2025-08-09 06:00:00,104.40151722620647,70.19
2025-08-09 07:00:00,98.2212934631729,15.34
2025-08-09 08:00:00,87.86051344871224,-0.02
2025-08-09 09:00:00,27.3228036809816,-1.0
2025-08-09 10:00:00,18.853273040603725,-6.63
2025-08-09 11:00:00,-4.348907653597159,-15.14
2025-08-09 12:00:00,-4.348697621235649,-15.37
2025-08-09 13:00:00,-3.4364571870876297,-4.1
2025-08-09 14:00:00,-2.611080879953063,-0.04
2025-08-09 15:00:00,3.844978539905131,6.29
2025-08-09 16:00:00,35.93090000000001,85.9
2025-08-09 17:00:00,97.07137775031285,104.2
2025-08-09 18:00:00,100.61690625,127.62
2025-08-09 19:00:00,103.02908767467594,119.31
2025-08-09 20:00:00,103.35431863135831,107.89
2025-08-09 21:00:00,100.66654331474982,94.97
2025-08-09 22:00:00,98.22129346317305,84.79
2025-08-09 23:00:00,97.07137775031292,83.23
2025-08-10 00:00:00,97.07137775031264,83.1
2025-08-10 01:00:00,97.07137775031283,77.95
2025-08-10 02:00:00,97.07137775031276,80.68
2025-08-10 03:00:00,97.85956206066564,83.69
2025-08-10 04:00:00,98.22129346317303,82.27
2025-08-10 05:00:00,100.6665433147498,74.7
2025-08-10 06:00:00,102.18923699902442,26.36
2025-08-10 07:00:00,97.72718148958258,-0.01
2025-08-10 08:00:00,27.794404069428314,-3.11
2025-08-10 09:00:00,16.254645276436722,-15.6
2025-08-10 10:00:00,-4.999999999999986,-40.03
2025-08-10 11:00:00,-5.000000000000016,-61.08
2025-08-10 12:00:00,-5.000000000000003,-50.94
2025-08-10 13:00:00,-4.999999999999994,-22.12
2025-08-10 14:00:00,-4.999999999999967,-1.21
2025-08-10 15:00:00,7.398882128930006,2.13
2025-08-10 16:00:00,36.81008903206752,82.64
2025-08-10 17:00:00,98.04405811752015,108.55
2025-08-10 18:00:00,109.24550353734281,118.95
2025-08-10 19:00:00,109.33906946927543,122.45
2025-08-10 20:00:00,109.3221568629816,106.98
2025-08-10 21:00:00,109.18317452288869,98.9
2025-08-10 22:00:00,108.35594010830987,99.82
2025-08-10 23:00:00,104.10568417004339,91.97
2025-08-11 00:00:00,100.66654331474979,87.44
2025-08-11 01:00:00,100.66654331474965,85.19
2025-08-11 02:00:00,102.47838357226455,92.85
2025-08-11 03:00:00,107.46315119694611,103.51
2025-08-11 04:00:00,109.47598517536167,129.22
2025-08-11 05:00:00,109.38496200652865,133.49
2025-08-11 06:00:00,109.35856140350789,105.35
2025-08-11 07:00:00,108.55508420412804,90.75
2025-08-11 08:00:00,98.22129346317294,50.0
2025-08-11 09:00:00,28.35652019688504,2.54
2025-08-11 10:00:00,27.32280368098158,0.0
2025-08-11 11:00:00,20.218013365295572,0.0
2025-08-11 12:00:00,19.979914529914527,0.0
2025-08-11 13:00:00,20.218013365295562,9.0
2025-08-11 14:00:00,19.979914529914417,56.14
2025-08-11 15:00:00,73.45832915450684,92.25
2025-08-11 16:00:00,100.61690625,108.26
2025-08-11 17:00:00,109.34671836679276,154.0
2025-08-11 18:00:00,109.71710239894959,191.95
2025-08-11 19:00:00,109.75804085509584,138.88
2025-08-11 20:00:00,109.35735103330046,108.87
2025-08-11 21:00:00,109.35856140350859,96.0
2025-08-11 22:00:00,109.14421634703133,93.0
2025-08-11 23:00:00,107.14837644051794,89.67
2025-08-12 00:00:00,106.11107552371764,85.41
2025-08-12 01:00:00,104.1056841700431,85.13
2025-08-12 02:00:00,104.1056841700431,86.48
2025-08-12 03:00:00,108.88356243877895,93.97
2025-08-12 04:00:00,109.33393351361127,106.91
2025-08-12 05:00:00,109.47807082885178,104.63
2025-08-12 06:00:00,109.35856140350879,98.71
2025-08-12 07:00:00,109.0947630993516,92.49
2025-08-12 08:00:00,100.6169062499997,79.53
2025-08-12 09:00:00,36.06637448937035,40.41
2025-08-12 10:00:00,27.46970798765118,8.38
2025-08-12 11:00:00,20.413318937907665,3.0
2025-08-12 12:00:00,19.979914529914584,5.15
2025-08-12 13:00:00,19.979914529914538,35.05
2025-08-12 14:00:00,19.979914529914705,73.12
2025-08-12 15:00:00,72.44787259721684,94.06
2025-08-12 16:00:00,100.61690625000008,106.1
2025-08-12 17:00:00,109.3467183667928,149.31
2025-08-12 18:00:00,109.45289650951182,156.16
2025-08-12 19:00:00,109.35629168598902,140.4
2025-08-12 20:00:00,109.34837625462099,114.07
2025-08-12 21:00:00,109.35856140350849,97.73
2025-08-12 22:00:00,109.0386408622015,95.72
2025-08-12 23:00:00,108.99133540466815,90.0
2025-08-13 00:00:00,108.55390504908607,86.89
2025-08-13 01:00:00,109.06239055466646,84.71
2025-08-13 02:00:00,109.0709409890469,87.07
2025-08-13 03:00:00,109.33807776932366,93.3
2025-08-13 04:00:00,109.3585614035106,108.87
2025-08-13 05:00:00,109.3585614035079,107.52
2025-08-13 06:00:00,109.35856140350818,105.87
2025-08-13 07:00:00,109.3585614035088,93.6
2025-08-13 08:00:00,102.12825116785046,89.26
2025-08-13 09:00:00,96.27261728008736,68.2
2025-08-13 10:00:00,28.298053210083516,44.29
2025-08-13 11:00:00,27.32280368098166,27.89
2025-08-13 12:00:00,20.179071574532163,41.66
2025-08-13 13:00:00,19.979914529914616,70.9
2025-08-13 14:00:00,19.979914529914485,84.3
2025-08-13 15:00:00,96.27261728008727,96.64
2025-08-13 16:00:00,101.89410416068803,115.34
2025-08-13 17:00:00,109.35843927237583,193.3
2025-08-13 18:00:00,110.70326512405268,226.64
2025-08-13 19:00:00,110.70326512405268,154.52
2025-08-13 20:00:00,109.35668636561334,123.21
2025-08-13 21:00:00,109.3585614035088,106.27
2025-08-13 22:00:00,109.3585614035088,98.1
2025-08-13 23:00:00,109.18173235224363,92.0
2025-08-14 00:00:00,109.17892924847325,88.45
2025-08-14 01:00:00,109.17892924847327,88.2
2025-08-14 02:00:00,109.21264257321776,88.53
2025-08-14 03:00:00,109.35680451896843,97.52
2025-08-14 04:00:00,109.36818366336522,107.94
2025-08-14 05:00:00,110.05715983956306,109.92
2025-08-14 06:00:00,109.35856140350872,99.51
2025-08-14 07:00:00,109.35856140350879,91.1
2025-08-14 08:00:00,102.48757995182225,81.26
2025-08-14 09:00:00,97.85956206066541,67.57
2025-08-14 10:00:00,27.322803680980527,54.09
2025-08-14 11:00:00,27.322803680976023,41.02
2025-08-14 12:00:00,27.322803680975344,54.9
2025-08-14 13:00:00,27.322803680979348,69.43
2025-08-14 14:00:00,35.93090000000002,78.99
2025-08-14 15:00:00,96.27261728008676,97.22
2025-08-14 16:00:00,107.14837644051796,115.54
2025-08-14 17:00:00,109.39277937577229,233.8
2025-08-14 18:00:00,112.07545620108796,283.89
2025-08-14 19:00:00,110.70326512405286,155.84
2025-08-14 20:00:00,109.48883865058669,120.71
2025-08-14 21:00:00,109.35856140350882,105.95
2025-08-14 22:00:00,109.35856140350845,99.59
2025-08-14 23:00:00,109.17892924847517,98.97
2025-08-15 00:00:00,108.82123952385538,93.9
2025-08-15 01:00:00,108.51622682509758,90.33
2025-08-15 02:00:00,107.14837644051804,92.0
2025-08-15 03:00:00,108.51600059598586,96.91
2025-08-15 04:00:00,109.36033437656363,101.66
2025-08-15 05:00:00,109.3795819577059,101.31
2025-08-15 06:00:00,109.36139963600483,96.6
2025-08-15 07:00:00,106.82699192760194,83.47
2025-08-15 08:00:00,99.27364890966949,43.9
2025-08-15 09:00:00,27.322803680981437,3.0
2025-08-15 10:00:00,27.322803680981583,0.08
2025-08-15 11:00:00,16.243549805430444,0.0
2025-08-15 12:00:00,-3.656875320399129,0.0
2025-08-15 13:00:00,17.51863409705503,1.72
2025-08-15 14:00:00,20.218013365295565,27.66
2025-08-15 15:00:00,33.88935715929593,77.96
2025-08-15 16:00:00,94.90025105724962,105.89
2025-08-15 17:00:00,104.58656070443534,114.38
2025-08-15 18:00:00,109.33774177904345,124.01
2025-08-15 19:00:00,109.3557751748378,111.5
2025-08-15 20:00:00,109.35856140350879,105.94
2025-08-15 21:00:00,107.14837644051809,95.96
2025-08-15 22:00:00,104.85215174431747,96.11
2025-08-15 23:00:00,103.03466457120604,90.92
2025-08-16 00:00:00,99.27364890966953,89.78
2025-08-16 01:00:00,98.22129346317287,85.35
2025-08-16 02:00:00,96.5269987169339,84.05
2025-08-16 03:00:00,96.27261728008672,87.09
2025-08-16 04:00:00,97.07137775031255,91.01
2025-08-16 05:00:00,98.28778715137126,90.02
2025-08-16 06:00:00,100.61690624999994,80.99
2025-08-16 07:00:00,100.61690625000014,67.94
2025-08-16 08:00:00,89.12174847060193,25.12
2025-08-16 09:00:00,28.29805321010981,3.8
2025-08-16 10:00:00,27.32280368100503,0.17
2025-08-16 11:00:00,19.979914529914524,-0.01
2025-08-16 12:00:00,-3.8852858496243243,-0.01
2025-08-16 13:00:00,-3.9705060625301334,-0.01
2025-08-16 14:00:00,-4.307142887271489,0.71
2025-08-16 15:00:00,19.979914529914414,16.21
2025-08-16 16:00:00,37.2295622968972,69.92
2025-08-16 17:00:00,96.27261728008821,95.0
2025-08-16 18:00:00,105.36568947511627,102.62
2025-08-16 19:00:00,107.49763115425742,100.61
2025-08-16 20:00:00,107.14837644051872,95.0
2025-08-16 21:00:00,103.30365845824502,90.0
2025-08-16 22:00:00,106.53339086147018,91.28
2025-08-16 23:00:00,104.02626657110395,85.34
2025-08-17 00:00:00,100.66654331475074,86.86
2025-08-17 01:00:00,98.4145245937805,86.63
2025-08-17 02:00:00,99.85795825635222,87.73
2025-08-17 03:00:00,99.85795825635222,89.93
2025-08-17 04:00:00,98.41089829126852,89.89
2025-08-17 05:00:00,100.61690625000062,81.03
2025-08-17 06:00:00,101.96397961898705,76.24
2025-08-17 07:00:00,99.06131765524223,32.59
2025-08-17 08:00:00,92.65182754871194,9.96
2025-08-17 09:00:00,27.322803680981682,0.1
2025-08-17 10:00:00,27.32280368098162,-0.2
2025-08-17 11:00:00,27.32280368098183,-0.93
2025-08-17 12:00:00,27.322803680981938,-1.25
2025-08-17 13:00:00,27.32280368098183,0.65
2025-08-17 14:00:00,27.322803680982158,13.81
2025-08-17 15:00:00,80.60471166628624,72.4
2025-08-17 16:00:00,96.27261728008688,96.69
2025-08-17 17:00:00,104.11737902019814,110.0
2025-08-17 18:00:00,109.33802831978714,110.66
2025-08-17 19:00:00,109.36231041615052,110.14
2025-08-17 20:00:00,109.35856140350869,105.1
2025-08-17 21:00:00,109.2560224669291,102.54
2025-08-17 22:00:00,109.20112906761729,91.99
2025-08-17 23:00:00,108.72958218130934,87.13
2025-08-18 00:00:00,108.72804279988095,84.33
2025-08-18 01:00:00,108.72454697009296,83.85
2025-08-18 02:00:00,109.00682869590469,89.46
2025-08-18 03:00:00,109.45122302905948,99.27
2025-08-18 04:00:00,109.39133430307837,118.51
2025-08-18 05:00:00,110.70326512405282,130.13
2025-08-18 06:00:00,109.35856140350836,109.87
2025-08-18 07:00:00,109.35856140350852,88.84
2025-08-18 08:00:00,102.11525078483594,72.06
2025-08-18 09:00:00,96.27261728008692,45.93
2025-08-18 10:00:00,22.35907864058909,20.04
2025-08-18 11:00:00,20.179071574532237,14.23
2025-08-18 12:00:00,20.650250486824305,18.34
2025-08-18 13:00:00,20.17907157453184,54.56
2025-08-18 14:00:00,34.411355370322596,70.94
2025-08-18 15:00:00,94.87131662251797,90.32
2025-08-18 16:00:00,102.30978278020208,109.87
2025-08-18 17:00:00,109.33777518300388,185.5
2025-08-18 18:00:00,110.7032651240527,197.42
2025-08-18 19:00:00,109.54111329393665,124.67
2025-08-18 20:00:00,109.35856140350856,107.49
2025-08-18 21:00:00,109.35856140350927,102.0
2025-08-18 22:00:00,109.3585614035093,101.01
2025-08-18 23:00:00,109.11718986570848,94.82
2025-08-19 00:00:00,108.74251992644264,88.2
2025-08-19 01:00:00,108.40681768096064,86.37
2025-08-19 02:00:00,108.40681768096064,90.09
2025-08-19 03:00:00,109.21264257321894,102.5
2025-08-19 04:00:00,109.35628237698532,111.1
2025-08-19 05:00:00,109.57917957271178,109.95
2025-08-19 06:00:00,109.35856140350883,98.05
2025-08-19 07:00:00,108.56201704206018,88.57
2025-08-19 08:00:00,99.27364890966955,69.64
2025-08-19 09:00:00,81.86080139670638,43.23
2025-08-19 10:00:00,27.32280368098154,22.85
2025-08-19 11:00:00,19.97991452991443,8.97
2025-08-19 12:00:00,-2.879491410446954,15.26
2025-08-19 13:00:00,-4.999999999999904,30.89
2025-08-19 14:00:00,12.07200597628654,60.6
2025-08-19 15:00:00,35.9309,91.48
2025-08-19 16:00:00,96.27261728008983,101.91
2025-08-19 17:00:00,108.81137822308094,120.51
2025-08-19 18:00:00,109.5219767687198,128.62
2025-08-19 19:00:00,109.39393727131915,111.06
2025-08-19 20:00:00,109.35301425296497,104.41
2025-08-19 21:00:00,109.27850712030924,97.2
2025-08-19 22:00:00,108.91917729806573,97.7
2025-08-19 23:00:00,104.8047552814358,93.18
2025-08-20 00:00:00,102.93484930405997,87.64
2025-08-20 01:00:00,100.6169062499994,85.78
2025-08-20 02:00:00,100.66654331475006,89.66
2025-08-20 03:00:00,106.33789858732203,98.8
2025-08-20 04:00:00,109.2023352714252,108.84
2025-08-20 05:00:00,109.35344754125674,110.12
2025-08-20 06:00:00,109.35702296105072,103.91
2025-08-20 07:00:00,107.47706934226441,90.05
2025-08-20 08:00:00,100.61690624999997,80.98
2025-08-20 09:00:00,94.87131662251772,69.06
2025-08-20 10:00:00,27.322803680981522,49.07
2025-08-20 11:00:00,27.322803680981462,35.0
2025-08-20 12:00:00,27.322803680981593,42.03
2025-08-20 13:00:00,35.455923378918946,73.02
2025-08-20 14:00:00,71.56020180785927,81.45
2025-08-20 15:00:00,94.87131662251788,101.69
2025-08-20 16:00:00,97.85956206066538,109.16
2025-08-20 17:00:00,103.87781414094125,135.15
2025-08-20 18:00:00,109.29735660486843,126.11
2025-08-20 19:00:00,109.33774177904374,114.95
2025-08-20 20:00:00,109.34761712989703,103.49
2025-08-20 21:00:00,109.21264257321903,97.34
2025-08-20 22:00:00,108.74251622465337,96.11
2025-08-20 23:00:00,107.14837644051815,90.73
2025-08-21 00:00:00,104.80475528143494,87.52
2025-08-21 01:00:00,104.09320289878707,90.88
2025-08-21 02:00:00,100.66654331474966,92.37
2025-08-21 03:00:00,107.46951468500686,108.59
2025-08-21 04:00:00,109.20243544619687,115.6
2025-08-21 05:00:00,109.30575774986055,116.89
2025-08-21 06:00:00,109.34153377685615,107.79
2025-08-21 07:00:00,108.86399265512212,97.32
2025-08-21 08:00:00,97.98710833775152,85.85
2025-08-21 09:00:00,63.77203854531431,77.64
2025-08-21 10:00:00,35.93090000000001,69.49
2025-08-21 11:00:00,22.676639410326516,66.09
2025-08-21 12:00:00,21.608040005191736,56.26
2025-08-21 13:00:00,35.930900000000044,68.2
2025-08-21 14:00:00,54.7231391928416,72.39
2025-08-21 15:00:00,68.64139685895317,92.88
2025-08-21 16:00:00,96.27261728008676,103.2
2025-08-21 17:00:00,100.66654331474945,106.39
2025-08-21 18:00:00,109.09062505789664,110.73
2025-08-21 19:00:00,109.35301425296855,110.73
2025-08-21 20:00:00,109.33471581994895,105.0
2025-08-21 21:00:00,109.08463731739226,95.78
2025-08-21 22:00:00,107.46930326118029,89.27
2025-08-21 23:00:00,106.01147538537097,81.99
2025-08-22 00:00:00,104.09320289878721,78.59
2025-08-22 01:00:00,104.09320289878694,77.52
2025-08-22 02:00:00,102.96819994263856,77.65
2025-08-22 03:00:00,107.14837644051804,87.9
2025-08-22 04:00:00,109.22827234152005,105.76
2025-08-22 05:00:00,109.3522144127368,107.45
2025-08-22 06:00:00,109.35856140350884,102.32
2025-08-22 07:00:00,108.99011606471998,90.02
2025-08-22 08:00:00,99.93371389219395,72.44
2025-08-22 09:00:00,87.86051344871235,42.5
2025-08-22 10:00:00,27.322803680981448,14.07
2025-08-22 11:00:00,27.32280368098122,3.84
2025-08-22 12:00:00,27.322803680981377,0.02
2025-08-22 13:00:00,27.32280368098102,4.01
2025-08-22 14:00:00,20.218013365295562,40.64
2025-08-22 15:00:00,35.9309,73.14
2025-08-22 16:00:00,94.87131662251866,95.17
2025-08-22 17:00:00,101.91223917262724,106.07
2025-08-22 18:00:00,109.34349759055378,113.0
2025-08-22 19:00:00,109.35856140350907,107.63
2025-08-22 20:00:00,109.35856140350876,103.09
2025-08-22 21:00:00,109.25695168558434,94.37
2025-08-22 22:00:00,107.9443217065402,95.33
2025-08-22 23:00:00,102.14231617393904,89.32
2025-08-23 00:00:00,102.1192098909581,87.76
2025-08-23 01:00:00,100.9136097323659,85.21
2025-08-23 02:00:00,100.61690625000068,85.56
2025-08-23 03:00:00,100.63740767929983,85.6
2025-08-23 04:00:00,100.66654331475009,86.67
2025-08-23 05:00:00,102.31491319455694,86.78
2025-08-23 06:00:00,102.1140903245921,83.57
2025-08-23 07:00:00,99.2736489096696,62.9
2025-08-23 08:00:00,87.86051344871252,14.69
2025-08-23 09:00:00,27.322803680978176,3.29
2025-08-23 10:00:00,27.322803680983593,1.32
2025-08-23 11:00:00,19.979914529914527,0.06
2025-08-23 12:00:00,19.97991452991453,0.07
2025-08-23 13:00:00,20.21801336529556,3.52
2025-08-23 14:00:00,27.32280368098151,12.1
2025-08-23 15:00:00,35.93090000000032,72.19
2025-08-23 16:00:00,96.27261728008722,100.31
2025-08-23 17:00:00,102.51538270082362,112.22
2025-08-23 18:00:00,109.35239391498699,123.67
2025-08-23 19:00:00,109.35856140350982,120.43
2025-08-23 20:00:00,109.35856140351247,111.16
2025-08-23 21:00:00,109.0977291974937,105.28
2025-08-23 22:00:00,108.02152530169472,100.5
2025-08-23 23:00:00,107.96572481467021,95.13
2025-08-24 00:00:00,103.64486525062075,94.41
2025-08-24 01:00:00,101.95482365457919,92.13
2025-08-24 02:00:00,101.95482365457893,91.2
2025-08-24 03:00:00,101.95482365457893,90.97
2025-08-24 04:00:00,102.76296289885374,90.0
2025-08-24 05:00:00,103.12216735681203,85.01
2025-08-24 06:00:00,102.66154412315277,72.84
2025-08-24 07:00:00,98.2212934631742,4.8
2025-08-24 08:00:00,28.35652019688532,-0.01
2025-08-24 09:00:00,27.322803680982524,-0.07
2025-08-24 10:00:00,19.775579763641208,-1.98
2025-08-24 11:00:00,-3.635003679945338,-7.45
2025-08-24 12:00:00,-5.000000000000061,-7.4
2025-08-24 13:00:00,16.914222187625526,-0.1
2025-08-24 14:00:00,27.32280368098156,0.0
2025-08-24 15:00:00,27.32280368098158,63.36
2025-08-24 16:00:00,87.86051344871213,99.81
2025-08-24 17:00:00,102.5057522123526,110.5
2025-08-24 18:00:00,109.3476171298972,117.31
2025-08-24 19:00:00,109.35856140350882,114.32
2025-08-24 20:00:00,109.35856140350865,107.5
2025-08-24 21:00:00,109.07082932538718,100.52
2025-08-24 22:00:00,108.47958269980133,95.28
2025-08-24 23:00:00,106.10555402264497,87.03
2025-08-25 00:00:00,103.01463933186564,84.02
2025-08-25 01:00:00,100.61690624999989,82.9
2025-08-25 02:00:00,100.66654331474955,83.46
2025-08-25 03:00:00,106.58671895788191,102.46
2025-08-25 04:00:00,109.35486713307084,115.38
2025-08-25 05:00:00,109.36851272699322,125.0
2025-08-25 06:00:00,109.35856140350882,110.04
2025-08-25 07:00:00,106.42172243920375,91.97
2025-08-25 08:00:00,97.07137775031296,72.98
2025-08-25 09:00:00,27.25203077418215,35.02
2025-08-25 10:00:00,27.081439062168087,10.0
2025-08-25 11:00:00,20.21801336529565,5.93
2025-08-25 12:00:00,19.97991452991499,6.78
2025-08-25 13:00:00,19.97991452991483,25.2
2025-08-25 14:00:00,19.979914529913515,56.43
2025-08-25 15:00:00,72.27814398432673,86.67
2025-08-25 16:00:00,97.8595620606655,111.54
2025-08-25 17:00:00,109.3404172148761,159.03
2025-08-25 18:00:00,110.70326512405235,232.82
2025-08-25 19:00:00,110.05296260342801,138.04
2025-08-25 20:00:00,109.35856140350872,115.04
2025-08-25 21:00:00,109.35856140350869,105.15
2025-08-25 22:00:00,109.33943810194222,105.8
2025-08-25 23:00:00,106.36961637418943,100.44
2025-08-26 00:00:00,103.1978429376774,96.58
2025-08-26 01:00:00,103.11303275757793,94.79
2025-08-26 02:00:00,103.19784293767734,96.27
2025-08-26 03:00:00,105.04516737823846,106.6
2025-08-26 04:00:00,108.3328955108165,124.59
2025-08-26 05:00:00,110.70326512405254,123.45
2025-08-26 06:00:00,109.31077925791196,106.79
2025-08-26 07:00:00,107.14837644051792,90.0
2025-08-26 08:00:00,97.85956206066555,77.47
2025-08-26 09:00:00,35.93089999999993,61.6
2025-08-26 10:00:00,27.322803680981686,41.95
2025-08-26 11:00:00,21.3247546174684,26.28
2025-08-26 12:00:00,19.979914529914602,38.05
2025-08-26 13:00:00,19.979914529914396,72.39
2025-08-26 14:00:00,19.97991452991446,88.26
2025-08-26 15:00:00,89.71074390243916,105.05
2025-08-26 16:00:00,99.2736489096696,131.09
2025-08-26 17:00:00,109.32646884839212,196.88
2025-08-26 18:00:00,110.70326512405268,180.17
2025-08-26 19:00:00,109.35713260051523,123.3
2025-08-26 20:00:00,109.35856140350879,109.47
2025-08-26 21:00:00,108.94580099273162,97.67
2025-08-26 22:00:00,101.82545980931718,96.59
2025-08-26 23:00:00,100.66654331474976,89.98
2025-08-27 00:00:00,100.66654331474976,86.52
2025-08-27 01:00:00,100.6169062500001,87.25
2025-08-27 02:00:00,100.61690624999993,90.0
2025-08-27 03:00:00,103.33709336627717,97.73
2025-08-27 04:00:00,109.0300502376341,110.0
2025-08-27 05:00:00,109.33772415596297,115.19
2025-08-27 06:00:00,109.35856140350825,113.64
2025-08-27 07:00:00,109.3585614035088,101.63
2025-08-27 08:00:00,102.09771069064361,86.0
2025-08-27 09:00:00,96.27261728008666,79.29
2025-08-27 10:00:00,27.32280368098162,64.38
2025-08-27 11:00:00,27.322803680981714,50.68
2025-08-27 12:00:00,27.322803680981874,50.94
2025-08-27 13:00:00,21.296970451372538,76.18
2025-08-27 14:00:00,64.38648271550252,85.1
2025-08-27 15:00:00,96.27261728008675,104.94
2025-08-27 16:00:00,103.65918688270425,134.63
2025-08-27 17:00:00,109.520171974421,222.07
2025-08-27 18:00:00,110.70326512405272,222.04
2025-08-27 19:00:00,110.70326512405268,128.87
2025-08-27 20:00:00,109.35856140350873,113.63
2025-08-27 21:00:00,109.35856140350869,103.57
2025-08-27 22:00:00,109.36572389503995,97.15
2025-08-27 23:00:00,109.31703390194822,91.92
2025-08-28 00:00:00,109.23004815434726,87.89
2025-08-28 01:00:00,108.6464705535422,87.09
2025-08-28 02:00:00,108.41971049172056,90.23
2025-08-28 03:00:00,109.34762728590158,98.72
2025-08-28 04:00:00,109.37230890050846,121.63
2025-08-28 05:00:00,109.75241305030403,143.79
2025-08-28 06:00:00,109.39457944434989,143.95
2025-08-28 07:00:00,109.36473743752535,121.84
2025-08-28 08:00:00,109.3151281532186,112.27
2025-08-28 09:00:00,102.46253271927657,108.13
2025-08-28 10:00:00,99.6348630858937,100.89
2025-08-28 11:00:00,97.07137775031266,100.96
2025-08-28 12:00:00,97.07137775031266,100.89
2025-08-28 13:00:00,97.85956206066555,100.66
2025-08-28 14:00:00,98.221293463173,96.1
2025-08-28 15:00:00,100.61690625,129.84
2025-08-28 16:00:00,107.39697817208678,160.85
2025-08-28 17:00:00,109.04982184604566,210.0
2025-08-28 18:00:00,109.51265334843022,153.16
2025-08-28 19:00:00,109.33895304827021,124.18
2025-08-28 20:00:00,109.28893180902601,107.11
2025-08-28 21:00:00,107.14837644051765,92.15
2025-08-28 22:00:00,100.66654331475034,85.04
2025-08-28 23:00:00,100.6169062500007,83.27
2025-08-29 00:00:00,100.61690625000084,83.1
2025-08-29 01:00:00,98.33510062732726,81.59
2025-08-29 02:00:00,99.2736489096702,83.01
2025-08-29 03:00:00,100.66654331475101,91.0
2025-08-29 04:00:00,108.70842696696816,117.55
2025-08-29 05:00:00,110.70326512405268,121.39
2025-08-29 06:00:00,109.46131445991057,120.0
2025-08-29 07:00:00,109.20608487647937,110.36
2025-08-29 08:00:00,98.51115242956554,84.25
2025-08-29 09:00:00,96.2726172800866,78.08
2025-08-29 10:00:00,81.8608013967064,67.44
2025-08-29 11:00:00,37.632212224304574,53.96
2025-08-29 12:00:00,35.93089999999986,59.64
2025-08-29 13:00:00,40.9139400736754,73.06
2025-08-29 14:00:00,71.72939787205426,85.0
2025-08-29 15:00:00,81.86080139670564,104.82
2025-08-29 16:00:00,97.07137775031255,118.51
2025-08-29 17:00:00,107.52344287335727,147.68
2025-08-29 18:00:00,109.2580223858692,116.5
2025-08-29 19:00:00,109.22867889227342,111.96
2025-08-29 20:00:00,108.75391585233258,95.7
2025-08-29 21:00:00,106.04015435015837,86.07
2025-08-29 22:00:00,97.85956206066548,92.5
2025-08-29 23:00:00,97.0713777503127,86.56
2025-08-30 00:00:00,97.0713777503127,83.3
2025-08-30 01:00:00,97.0713777503124,81.51
2025-08-30 02:00:00,97.07137775031252,83.39
2025-08-30 03:00:00,97.8595620606653,87.72
2025-08-30 04:00:00,99.27364890966946,95.02
2025-08-30 05:00:00,104.09320289878721,98.09
2025-08-30 06:00:00,105.8297043158433,89.64
2025-08-30 07:00:00,99.27364890966952,78.6
2025-08-30 08:00:00,87.86051344871194,36.46
2025-08-30 09:00:00,24.36123026221263,5.23
2025-08-30 10:00:00,21.28428026368222,0.0
2025-08-30 11:00:00,-3.306996423101027,-0.01
2025-08-30 12:00:00,-5.0000000000001465,-0.01
2025-08-30 13:00:00,-5.000000000000078,-0.38
2025-08-30 14:00:00,20.21801336529543,9.48
2025-08-30 15:00:00,27.1438368665001,81.1
2025-08-30 16:00:00,96.27261728008642,103.9
2025-08-30 17:00:00,100.66654331474949,127.07
2025-08-30 18:00:00,107.0184934621443,129.98
2025-08-30 19:00:00,106.18598779173882,120.39
2025-08-30 20:00:00,105.54904856583597,104.94
2025-08-30 21:00:00,100.61690624999969,90.3
2025-08-30 22:00:00,97.85956206066527,88.74
2025-08-30 23:00:00,97.07137775031262,78.91
2025-08-31 00:00:00,97.07137775031259,70.53
2025-08-31 01:00:00,96.27261728008662,67.02
2025-08-31 02:00:00,96.27261728008655,63.79
2025-08-31 03:00:00,96.2726172800867,64.56
2025-08-31 04:00:00,96.2726172800867,65.0
2025-08-31 05:00:00,96.36482920678804,62.13
2025-08-31 06:00:00,96.37184717091365,22.3
2025-08-31 07:00:00,92.54273178553223,5.2
2025-08-31 08:00:00,22.902015774400493,-0.01
2025-08-31 09:00:00,19.979914529914566,-0.02
2025-08-31 10:00:00,16.015178382807637,-0.11
2025-08-31 11:00:00,-5.000000000000089,-1.0
2025-08-31 12:00:00,-2.7810338122585145,-0.61
2025-08-31 13:00:00,19.979914529914517,0.0
2025-08-31 14:00:00,26.835065598027867,25.47
2025-08-31 15:00:00,81.67000276243094,79.74
2025-08-31 16:00:00,96.73665262661515,117.59
2025-08-31 17:00:00,103.32078781257944,135.1
2025-08-31 18:00:00,109.73479987982115,132.07
2025-08-31 19:00:00,109.53350504923682,114.15
2025-08-31 20:00:00,107.68907358393793,102.63
2025-08-31 21:00:00,99.2745187779219,89.76
2025-08-31 22:00:00,98.25738591583772,84.08
2025-08-31 23:00:00,98.22129346317311,81.43
2025-09-01 00:00:00,98.25732338523144,80.97
2025-09-01 01:00:00,98.25732338523144,80.03
2025-09-01 02:00:00,98.25732338523144,81.37
2025-09-01 03:00:00,99.27364890966983,92.58
2025-09-01 04:00:00,106.62986155836074,120.43
2025-09-01 05:00:00,107.98983144703799,125.67
2025-09-01 06:00:00,109.37978959789804,116.1
2025-09-01 07:00:00,107.14837644051819,98.19
2025-09-01 08:00:00,98.22129346317298,82.0
2025-09-01 09:00:00,96.2726172800867,69.4
2025-09-01 10:00:00,81.8608013967063,38.27
2025-09-01 11:00:00,27.29919973795134,25.03
2025-09-01 12:00:00,25.399936172482295,42.73
2025-09-01 13:00:00,50.25528840476,67.76
2025-09-01 14:00:00,87.8605134487121,84.67
2025-09-01 15:00:00,96.69642583824522,109.7
2025-09-01 16:00:00,103.30786424672726,155.32
2025-09-01 17:00:00,110.70326512405269,250.65
2025-09-01 18:00:00,110.70326512405259,210.56
2025-09-01 19:00:00,109.51831615874036,125.2
2025-09-01 20:00:00,109.14305587735433,112.4
2025-09-01 21:00:00,106.1718033103717,100.53
2025-09-01 22:00:00,100.66654331474959,95.01
2025-09-01 23:00:00,100.61690625000003,90.11
2025-09-02 00:00:00,100.61690624999993,90.84
2025-09-02 01:00:00,100.61690625000003,92.5
2025-09-02 02:00:00,100.61690625000003,94.8
2025-09-02 03:00:00,103.19774317583723,106.85
2025-09-02 04:00:00,108.72889975355871,134.39
2025-09-02 05:00:00,109.41470865694943,153.67
2025-09-02 06:00:00,109.34588319106417,147.48
2025-09-02 07:00:00,109.25041664658457,121.05
2025-09-02 08:00:00,98.22129346317269,102.14
2025-09-02 09:00:00,96.71568189520977,84.66
2025-09-02 10:00:00,81.8608013967061,78.94
2025-09-02 11:00:00,67.50021769195783,79.73
2025-09-02 12:00:00,35.93089999999994,78.54
2025-09-02 13:00:00,61.961467735713704,84.37
2025-09-02 14:00:00,73.31080500822696,95.0
2025-09-02 15:00:00,94.84841646343321,108.97
2025-09-02 16:00:00,98.22129346317276,173.16
2025-09-02 17:00:00,110.7032651240523,311.51
2025-09-02 18:00:00,110.70326512405236,263.79
2025-09-02 19:00:00,109.79470636080052,140.92
2025-09-02 20:00:00,108.99045625456773,110.47
2025-09-02 21:00:00,104.11797052867803,91.21
2025-09-02 22:00:00,98.22129346317297,97.25
2025-09-02 23:00:00,97.07137775031269,90.74
2025-09-03 00:00:00,96.36482920678809,85.95
2025-09-03 01:00:00,96.36482920678809,81.72
2025-09-03 02:00:00,96.2726172800867,81.23
2025-09-03 03:00:00,97.0713777503126,86.97
2025-09-03 04:00:00,98.22129346317287,103.2
2025-09-03 05:00:00,99.27364890966955,112.34
2025-09-03 06:00:00,100.61690624999989,109.13
2025-09-03 07:00:00,97.07137775031252,85.3
2025-09-03 08:00:00,35.9308999999999,29.04
2025-09-03 09:00:00,10.073388456118687,0.03
2025-09-03 10:00:00,19.9799145299145,-0.1
2025-09-03 11:00:00,-2.6446823999091977,-0.1
2025-09-03 12:00:00,-2.8860416184172735,-0.28
2025-09-03 13:00:00,7.187264078067484,0.0
2025-09-03 14:00:00,-1.1789211677351721e-14,3.89
2025-09-03 15:00:00,19.979914529914613,63.46
2025-09-03 16:00:00,64.57585329419837,102.35
2025-09-03 17:00:00,90.18403176944538,110.92
2025-09-03 18:00:00,97.07137775031245,104.0
2025-09-03 19:00:00,96.27261728008672,94.17
2025-09-03 20:00:00,87.86051344871201,80.68
2025-09-03 21:00:00,66.38589655866856,54.25
2025-09-03 22:00:00,38.64562089515761,21.65
2025-09-03 23:00:00,38.64562089515761,17.7
2025-09-04 00:00:00,37.73734343703393,17.87
2025-09-04 01:00:00,37.22267218360505,30.02
2025-09-04 02:00:00,66.38541934224763,59.92
2025-09-04 03:00:00,87.8605134487116,83.89
2025-09-04 04:00:00,96.36596034974987,107.87
2025-09-04 05:00:00,103.91209820278435,120.0
2025-09-04 06:00:00,109.09273777918646,108.09
2025-09-04 07:00:00,101.82140599549118,77.81
2025-09-04 08:00:00,89.710743902439,41.45
2025-09-04 09:00:00,20.41331893790766,5.79
2025-09-04 10:00:00,20.43741307768729,3.2
2025-09-04 11:00:00,19.979914529914527,3.36
2025-09-04 12:00:00,19.979914529914538,34.89
2025-09-04 13:00:00,20.70054962803366,71.0
2025-09-04 14:00:00,40.801593388416194,90.05
2025-09-04 15:00:00,96.27261728008673,109.13
2025-09-04 16:00:00,100.66654331474965,191.8
2025-09-04 17:00:00,109.8123932206547,350.0
2025-09-04 18:00:00,110.70326512405269,218.82
2025-09-04 19:00:00,109.47801238416169,124.93
2025-09-04 20:00:00,109.32478317992515,112.14
2025-09-04 21:00:00,109.04551979261633,101.3
2025-09-04 22:00:00,106.6899781445813,95.25
2025-09-04 23:00:00,104.10559149631678,86.1
2025-09-05 00:00:00,102.93484930406521,85.26
2025-09-05 01:00:00,100.66654331474969,85.2
2025-09-05 02:00:00,100.61690625000003,85.6
2025-09-05 03:00:00,104.79393743332022,97.36
2025-09-05 04:00:00,109.33750494973268,119.16
2025-09-05 05:00:00,109.40647360493105,132.13
2025-09-05 06:00:00,109.41814593926713,125.75
2025-09-05 07:00:00,109.35856140350913,100.4
2025-09-05 08:00:00,107.38292133580038,87.83
2025-09-05 09:00:00,98.85660559805618,84.15
2025-09-05 10:00:00,96.27261728008698,78.25
2025-09-05 11:00:00,35.93090000000006,72.19
2025-09-05 12:00:00,35.93089999999991,70.17
2025-09-05 13:00:00,71.59693287869547,77.53
2025-09-05 14:00:00,89.12174847060206,85.0
2025-09-05 15:00:00,97.07137775031296,90.96
2025-09-05 16:00:00,107.14837644051818,108.95
2025-09-05 17:00:00,109.40889519233193,154.53
2025-09-05 18:00:00,110.70326512405268,150.75
2025-09-05 19:00:00,109.43941577304271,117.1
2025-09-05 20:00:00,109.3585614035088,107.71
2025-09-05 21:00:00,109.35856140350876,100.7
2025-09-05 22:00:00,109.35856140350893,101.21
2025-09-05 23:00:00,109.24410472155049,100.59
2025-09-06 00:00:00,109.1564862204494,99.57
2025-09-06 01:00:00,108.51589092741906,97.84
2025-09-06 02:00:00,107.14837644051829,96.96
2025-09-06 03:00:00,107.14837644051805,98.01
2025-09-06 04:00:00,109.30128789831181,102.6
2025-09-06 05:00:00,109.56886242211866,100.91
2025-09-06 06:00:00,109.42545984340427,95.98
2025-09-06 07:00:00,100.61690624999957,79.11
2025-09-06 08:00:00,91.6066261249138,11.35
2025-09-06 09:00:00,21.288669509070978,0.0
2025-09-06 10:00:00,19.979914529914524,-0.02
2025-09-06 11:00:00,-5.000000000000007,-0.86
2025-09-06 12:00:00,-5.000000000000007,-0.99
2025-09-06 13:00:00,-5.000000000000014,-0.01
2025-09-06 14:00:00,19.97991452991451,40.99
2025-09-06 15:00:00,73.36292550879529,87.6
2025-09-06 16:00:00,97.07137775031262,116.47
2025-09-06 17:00:00,104.77636799782644,158.39
2025-09-06 18:00:00,107.01089609556148,139.54
2025-09-06 19:00:00,103.389063577553,109.95
2025-09-06 20:00:00,100.61690624999997,92.95
2025-09-06 21:00:00,98.2212934631729,82.56
2025-09-06 22:00:00,97.0713777503127,89.72
2025-09-06 23:00:00,97.07137775031255,85.02
2025-09-07 00:00:00,97.07137775031255,80.77
2025-09-07 01:00:00,97.07137775031237,83.4
2025-09-07 02:00:00,97.07137775031241,82.92
2025-09-07 03:00:00,97.07137775031241,82.67
2025-09-07 04:00:00,97.07137775031256,81.5
2025-09-07 05:00:00,97.07137775031265,55.48
2025-09-07 06:00:00,97.07137775031246,0.0
2025-09-07 07:00:00,87.860513448712,-0.09
2025-09-07 08:00:00,22.406254528727803,-4.0
2025-09-07 09:00:00,-4.070288524818071,-20.09
2025-09-07 10:00:00,-5.000000000000017,-40.02
2025-09-07 11:00:00,-5.000000000000001,-53.4
2025-09-07 12:00:00,-5.0,-49.99
2025-09-07 13:00:00,-5.0,-21.21
2025-09-07 14:00:00,-5.000000000000001,-2.47
2025-09-07 15:00:00,-5.0,3.36
2025-09-07 16:00:00,21.182015993876018,95.91
2025-09-07 17:00:00,96.2726172800867,108.3
2025-09-07 18:00:00,98.22129346317152,96.25
2025-09-07 19:00:00,98.22129346317146,86.02
2025-09-07 20:00:00,97.8595620606656,85.01
2025-09-07 21:00:00,96.27261728008776,86.06
2025-09-07 22:00:00,94.92642720918158,79.66
2025-09-07 23:00:00,96.23027338874108,85.74
2025-09-08 00:00:00,96.27261728008676,84.7
2025-09-08 01:00:00,96.27261728008676,82.27
2025-09-08 02:00:00,97.07137775031268,83.79
2025-09-08 03:00:00,100.66654331474987,95.6
2025-09-08 04:00:00,109.25074699617454,109.9
2025-09-08 05:00:00,109.3613098042536,148.14
2025-09-08 06:00:00,109.3585614035087,125.53
2025-09-08 07:00:00,109.35856140350523,102.05
2025-09-08 08:00:00,102.14367871145961,85.83
2025-09-08 09:00:00,96.27261728008676,76.14
2025-09-08 10:00:00,35.930899999999966,65.35
2025-09-08 11:00:00,27.322803680980932,60.84
2025-09-08 12:00:00,28.53953088583355,69.65
2025-09-08 13:00:00,64.38648271550284,78.46
2025-09-08 14:00:00,96.2726172800868,99.72
2025-09-08 15:00:00,99.24809162007011,124.28
2025-09-08 16:00:00,109.19514391429496,196.61
2025-09-08 17:00:00,110.70326512405205,413.66
2025-09-08 18:00:00,110.7099828292071,308.52
2025-09-08 19:00:00,109.90005649613826,152.0
2025-09-08 20:00:00,109.41979755922613,123.93
2025-09-08 21:00:00,109.35856140350849,113.12
2025-09-08 22:00:00,109.3649375344644,114.52
2025-09-08 23:00:00,109.35281055760821,112.46
2025-09-09 00:00:00,109.34981196415957,110.35
2025-09-09 01:00:00,109.26800102245203,109.8
2025-09-09 02:00:00,109.35726808903225,110.86
2025-09-09 03:00:00,109.3585126166983,118.18
2025-09-09 04:00:00,109.63518667701328,182.39
2025-09-09 05:00:00,110.70326512405215,300.0
2025-09-09 06:00:00,110.70326512405208,196.98
2025-09-09 07:00:00,109.40807284161136,127.59
2025-09-09 08:00:00,109.35609300087057,101.73
2025-09-09 09:00:00,102.11415939906752,99.25
2025-09-09 10:00:00,98.22129346317297,87.18
2025-09-09 11:00:00,97.0713777503127,85.69
2025-09-09 12:00:00,96.2726172800867,85.51
2025-09-09 13:00:00,97.07137775031265,92.49
2025-09-09 14:00:00,98.22129346317294,103.35
2025-09-09 15:00:00,102.34922765234384,127.41
2025-09-09 16:00:00,109.3507484491744,192.68
2025-09-09 17:00:00,110.70326512405283,386.4
2025-09-09 18:00:00,113.63949367666102,215.59
2025-09-09 19:00:00,109.73498464577133,133.37
2025-09-09 20:00:00,109.40665891137542,115.79
2025-09-09 21:00:00,109.36854677692128,109.3
2025-09-09 22:00:00,109.62411785311107,106.93
2025-09-09 23:00:00,107.74093338837243,107.29
2025-09-10 00:00:00,106.28068315881113,103.73
2025-09-10 01:00:00,103.90198041564157,104.81
2025-09-10 02:00:00,106.35652212912072,104.55
2025-09-10 03:00:00,107.14837644051751,114.28
2025-09-10 04:00:00,109.97168992367907,133.35
2025-09-10 05:00:00,113.05528007720514,223.39
2025-09-10 06:00:00,110.8681924894972,171.94
2025-09-10 07:00:00,109.41206747923985,129.46
2025-09-10 08:00:00,107.14837644051765,107.33
2025-09-10 09:00:00,100.61690625000219,102.39
2025-09-10 10:00:00,98.22129346317367,88.85
2025-09-10 11:00:00,96.95776219390919,86.09
2025-09-10 12:00:00,96.27261728008574,87.8
2025-09-10 13:00:00,96.27261728008716,90.8
2025-09-10 14:00:00,97.07137775031286,105.07
2025-09-10 15:00:00,100.7584003343043,127.78
2025-09-10 16:00:00,104.50979939562413,170.59
2025-09-10 17:00:00,110.70326512405298,275.19
2025-09-10 18:00:00,110.70326512405306,169.07
2025-09-10 19:00:00,107.73028521615818,122.94
2025-09-10 20:00:00,105.56494179511785,101.58
2025-09-10 21:00:00,100.61690625,87.63
2025-09-10 22:00:00,99.27364890966956,88.21
2025-09-10 23:00:00,98.22129346317297,85.0
2025-09-11 00:00:00,97.85956206066557,77.13
2025-09-11 01:00:00,97.07137775031278,70.67
2025-09-11 02:00:00,97.07137775031276,70.67
2025-09-11 03:00:00,97.85956206066558,79.05
2025-09-11 04:00:00,100.6169062500001,111.18
2025-09-11 05:00:00,103.30457797778355,125.33
2025-09-11 06:00:00,103.19666141358661,120.36
2025-09-11 07:00:00,98.22129346317325,102.05
2025-09-11 08:00:00,94.60452921957297,73.64
2025-09-11 09:00:00,19.9799145299156,8.23
2025-09-11 10:00:00,7.993605777301127e-13,-0.01
2025-09-11 11:00:00,-4.99999999999958,-0.07
2025-09-11 12:00:00,-4.999999999999719,-0.72
2025-09-11 13:00:00,-4.999999999999635,0.0
2025-09-11 14:00:00,-4.999999999999483,8.96
2025-09-11 15:00:00,19.97991452991543,75.82
2025-09-11 16:00:00,94.87131662251913,118.57
2025-09-11 17:00:00,99.27364890967024,132.86
2025-09-11 18:00:00,100.6665433147509,125.25
2025-09-11 19:00:00,98.22129346317396,111.45
2025-09-11 20:00:00,97.07137775031403,84.81
2025-09-11 21:00:00,96.36596034975094,63.89
2025-09-11 22:00:00,94.9288369746963,32.83
2025-09-11 23:00:00,94.92642720918342,33.23
2025-09-12 00:00:00,94.87131662251919,20.94
2025-09-12 01:00:00,94.92639399593509,16.35
2025-09-12 02:00:00,94.87131662251896,29.15
2025-09-12 03:00:00,96.27261728008737,51.84
2025-09-12 04:00:00,97.85956206066666,95.29
2025-09-12 05:00:00,98.22129346317422,105.73
2025-09-12 06:00:00,99.27364890967044,102.01
2025-09-12 07:00:00,97.07137775031354,48.07
2025-09-12 08:00:00,20.21801336529553,1.85
2025-09-12 09:00:00,-3.458077105393251,-1.66
2025-09-12 10:00:00,-5.0000000000000036,-5.11
2025-09-12 11:00:00,-5.000000000000011,-8.66
2025-09-12 12:00:00,-5.0000000000000036,-6.19
2025-09-12 13:00:00,-5.00000000000006,-4.0
2025-09-12 14:00:00,-5.000000000000011,-0.01
2025-09-12 15:00:00,11.996805449503558,57.69
2025-09-12 16:00:00,94.80634506927863,108.71
2025-09-12 17:00:00,100.61690625,155.36
2025-09-12 18:00:00,109.28397429483469,152.24
2025-09-12 19:00:00,108.97867862977076,113.96
2025-09-12 20:00:00,103.53407365232347,102.85
2025-09-12 21:00:00,99.27364890966955,96.66
2025-09-12 22:00:00,96.27261728008693,85.89
2025-09-12 23:00:00,96.27261728008695,72.75
2025-09-13 00:00:00,96.27261728008688,72.45
2025-09-13 01:00:00,96.27261728008688,72.45
2025-09-13 02:00:00,96.27261728008688,69.79
2025-09-13 03:00:00,96.27261728008688,72.75
2025-09-13 04:00:00,96.27261728008688,74.71
2025-09-13 05:00:00,96.36596034975048,74.11
2025-09-13 06:00:00,97.07137775031273,72.45
2025-09-13 07:00:00,96.27261728008685,53.85
2025-09-13 08:00:00,35.93090000000004,14.3
2025-09-13 09:00:00,20.218013365295665,2.37
2025-09-13 10:00:00,5.3092699774267336e-14,0.0
2025-09-13 11:00:00,-4.999999999999915,-0.01
2025-09-13 12:00:00,-4.999999999999977,-0.01
2025-09-13 13:00:00,-4.99999999999988,-0.01
2025-09-13 14:00:00,-5.0,3.88
2025-09-13 15:00:00,20.41331893790761,74.11
2025-09-13 16:00:00,96.27261728008668,108.1
2025-09-13 17:00:00,97.85956206066551,121.9
2025-09-13 18:00:00,103.00674346041451,118.77
2025-09-13 19:00:00,100.61690625,111.17
2025-09-13 20:00:00,98.22129346317288,100.0
2025-09-13 21:00:00,97.87620120742989,87.18
2025-09-13 22:00:00,98.20032981988336,85.69
2025-09-13 23:00:00,97.07137775031254,77.57
2025-09-14 00:00:00,96.19390183692302,80.61
2025-09-14 01:00:00,96.27261728008662,85.93
2025-09-14 02:00:00,96.27261728008666,93.77
2025-09-14 03:00:00,96.27261728008675,99.82
2025-09-14 04:00:00,98.2212934631728,100.75
2025-09-14 05:00:00,100.66654331474963,105.36
2025-09-14 06:00:00,106.46784155608606,108.48
2025-09-14 07:00:00,103.25290370750686,87.78
2025-09-14 08:00:00,98.2212934631729,61.68
2025-09-14 09:00:00,38.63234323576037,17.58
2025-09-14 10:00:00,21.287119228357785,6.52
2025-09-14 11:00:00,19.979914529914403,0.0
2025-09-14 12:00:00,-1.0880185641326534e-14,-0.01
2025-09-14 13:00:00,14.969624033700525,0.0
2025-09-14 14:00:00,20.861253685895782,19.33
2025-09-14 15:00:00,72.62517514755191,98.2
2025-09-14 16:00:00,98.22129346317294,124.34
2025-09-14 17:00:00,103.20727713673189,153.29
2025-09-14 18:00:00,103.38906357755378,126.01
2025-09-14 19:00:00,100.66654331474952,97.37
2025-09-14 20:00:00,98.22129346317297,77.02
2025-09-14 21:00:00,96.2726172800866,14.27
2025-09-14 22:00:00,95.35324063979655,20.0
2025-09-14 23:00:00,89.12174847060209,3.87
2025-09-15 00:00:00,35.93089999999997,1.39
2025-09-15 01:00:00,21.668044937542945,0.01
2025-09-15 02:00:00,20.17474302101229,0.0
2025-09-15 03:00:00,20.174743021012272,0.9
2025-09-15 04:00:00,35.93089999999991,20.27
2025-09-15 05:00:00,81.86080139670631,54.31
2025-09-15 06:00:00,81.8608013967064,40.4
2025-09-15 07:00:00,37.91114500629494,0.9
2025-09-15 08:00:00,19.979914529914403,-0.47
2025-09-15 09:00:00,-5.00000000000004,-2.61
2025-09-15 10:00:00,-5.0,-8.0
2025-09-15 11:00:00,-5.0,-14.27
2025-09-15 12:00:00,-5.0,-13.7
2025-09-15 13:00:00,-5.0,-8.9
2025-09-15 14:00:00,-5.0,-5.24
2025-09-15 15:00:00,-5.0,-0.53
2025-09-15 16:00:00,3.119336814080659,14.01
2025-09-15 17:00:00,35.930899999999994,53.93
2025-09-15 18:00:00,87.86051344871217,47.37
2025-09-15 19:00:00,63.62800706173315,5.33
2025-09-15 20:00:00,29.119379864575365,2.91
2025-09-15 21:00:00,19.979914529914474,0.06
2025-09-15 22:00:00,16.99868800187748,-0.01
2025-09-15 23:00:00,-3.454074828853216,-0.09
2025-09-16 00:00:00,-5.000000000000195,-0.23
2025-09-16 01:00:00,-5.000000000000199,-1.05
2025-09-16 02:00:00,-5.000000000000199,-1.33
2025-09-16 03:00:00,-3.455062323518871,-0.01
2025-09-16 04:00:00,19.979914529914193,2.32
2025-09-16 05:00:00,29.309747636835,16.21
2025-09-16 06:00:00,35.93089999999934,3.81
2025-09-16 07:00:00,19.979914529914215,-1.01
2025-09-16 08:00:00,-4.999999999999961,-5.11
2025-09-16 09:00:00,-5.000000000000786,-10.38
2025-09-16 10:00:00,-5.000000000000412,-20.05
2025-09-16 11:00:00,-5.000000000000364,-18.03
2025-09-16 12:00:00,-5.000000000000267,-11.17
2025-09-16 13:00:00,-5.000000000000362,-9.99
2025-09-16 14:00:00,-5.00000000000005,-3.24
2025-09-16 15:00:00,-5.000000000000597,0.0
2025-09-16 16:00:00,19.97991452991418,72.64
2025-09-16 17:00:00,96.27261728008675,103.33
2025-09-16 18:00:00,98.22129346317297,112.97
2025-09-16 19:00:00,97.85956206066555,92.97
2025-09-16 20:00:00,97.07137775031268,80.55
2025-09-16 21:00:00,96.27261728008675,65.44
2025-09-16 22:00:00,89.12174847060206,70.8
2025-09-16 23:00:00,81.86080139670645,63.47
2025-09-17 00:00:00,68.38907079789713,50.95
2025-09-17 01:00:00,69.01919276313846,48.53
2025-09-17 02:00:00,73.74341043365567,60.01
2025-09-17 03:00:00,87.86051344871208,73.82
2025-09-17 04:00:00,98.25250263230541,98.85
2025-09-17 05:00:00,105.85908315980794,117.34
2025-09-17 06:00:00,108.44538299475502,112.74
2025-09-17 07:00:00,100.61690625000008,95.14
2025-09-17 08:00:00,87.86051344871241,69.14
2025-09-17 09:00:00,20.174743021012244,41.38
2025-09-17 10:00:00,25.699147741913826,10.5
2025-09-17 11:00:00,27.32280368098163,7.88
2025-09-17 12:00:00,19.979914529914517,10.59
2025-09-17 13:00:00,19.979914529914506,43.09
2025-09-17 14:00:00,20.198681215529724,81.17
2025-09-17 15:00:00,87.8605134487122,110.0
2025-09-17 16:00:00,97.85956206066555,123.31
2025-09-17 17:00:00,102.91678343222566,142.58
2025-09-17 18:00:00,108.74393871840299,123.52
2025-09-17 19:00:00,102.18620661307308,94.2
2025-09-17 20:00:00,99.08538029742789,86.1
2025-09-17 21:00:00,97.07137775031283,73.07
2025-09-17 22:00:00,89.12174847060221,53.12
2025-09-17 23:00:00,81.86080139670648,48.29
2025-09-18 00:00:00,66.34600828336426,38.47
2025-09-18 01:00:00,65.81869515247624,37.96
2025-09-18 02:00:00,81.67000276243122,48.12
2025-09-18 03:00:00,94.60455668749566,74.15
2025-09-18 04:00:00,97.85956206066615,105.81
2025-09-18 05:00:00,100.66654331475013,117.21
2025-09-18 06:00:00,101.7964549918588,111.28
2025-09-18 07:00:00,99.0538092466356,90.8
2025-09-18 08:00:00,87.8605134487124,65.1
2025-09-18 09:00:00,22.327911052517717,5.89
2025-09-18 10:00:00,27.322803680981576,0.2
2025-09-18 11:00:00,19.97991452991474,0.0
2025-09-18 12:00:00,-2.902059454838286,0.0
2025-09-18 13:00:00,-4.99999999999976,0.52
2025-09-18 14:00:00,-4.999999999999614,15.31
2025-09-18 15:00:00,20.437413077687253,89.79
2025-09-18 16:00:00,89.12174847060186,115.45
2025-09-18 17:00:00,101.78144301999086,134.23
2025-09-18 18:00:00,109.07240775314082,128.68
2025-09-18 19:00:00,105.85908315980927,110.0
2025-09-18 20:00:00,99.27364890966932,98.94
2025-09-18 21:00:00,98.22129346317263,88.2
2025-09-18 22:00:00,97.85956206066547,74.09
2025-09-18 23:00:00,96.27261728008664,72.47
2025-09-19 00:00:00,95.2082024820614,73.45
2025-09-19 01:00:00,94.94669829112932,73.7
2025-09-19 02:00:00,96.02685773816471,74.02
2025-09-19 03:00:00,97.07137775031242,89.59
2025-09-19 04:00:00,102.99824231955786,118.92
2025-09-19 05:00:00,109.30460685635526,143.42
2025-09-19 06:00:00,109.3391194231388,118.29
2025-09-19 07:00:00,106.91679403154905,95.18
2025-09-19 08:00:00,96.27261728008675,53.7
2025-09-19 09:00:00,27.204490335042543,13.03
2025-09-19 10:00:00,26.92907445099052,0.99
2025-09-19 11:00:00,19.979914529914524,0.0
2025-09-19 12:00:00,1.7763568394002505e-15,0.0
2025-09-19 13:00:00,-3.3019971635695136,11.97
2025-09-19 14:00:00,12.327720367229645,74.46
2025-09-19 15:00:00,73.38214557471389,119.44
2025-09-19 16:00:00,100.66654331474953,255.21
2025-09-19 17:00:00,109.38428457473174,409.24
2025-09-19 18:00:00,109.3566068087087,167.59
2025-09-19 19:00:00,109.27696965872548,111.82
2025-09-19 20:00:00,106.37575045371202,86.04
2025-09-19 21:00:00,100.61690624999993,78.93
2025-09-19 22:00:00,97.07137775031265,87.24
2025-09-19 23:00:00,94.87131662251798,77.91
2025-09-20 00:00:00,81.86080139670665,74.99
2025-09-20 01:00:00,81.86080139670636,74.8
2025-09-20 02:00:00,87.86051344871234,74.79
2025-09-20 03:00:00,87.86051344871234,80.21
2025-09-20 04:00:00,94.9288037614464,88.51
2025-09-20 05:00:00,97.07137775031275,86.97
2025-09-20 06:00:00,98.22129346317291,75.29
2025-09-20 07:00:00,96.27261728008672,24.9
2025-09-20 08:00:00,34.47590401973003,3.02
2025-09-20 09:00:00,20.57240350759228,-0.28
2025-09-20 10:00:00,-4.563938579108126,-6.1
2025-09-20 11:00:00,-5.000000000000004,-10.86
2025-09-20 12:00:00,-4.9999999999999964,-5.1
2025-09-20 13:00:00,-5.0,-0.04
2025-09-20 14:00:00,19.979914529914524,26.36
2025-09-20 15:00:00,20.218013365295484,93.84
2025-09-20 16:00:00,94.90025105725023,124.58
2025-09-20 17:00:00,98.29541187001286,134.1
2025-09-20 18:00:00,98.52496278417499,99.08
2025-09-20 19:00:00,97.85956206066547,81.95
2025-09-20 20:00:00,96.36596034975045,74.5
2025-09-20 21:00:00,96.2726172800867,48.3
2025-09-20 22:00:00,92.54273178553343,8.07
2025-09-20 23:00:00,87.86051344871309,3.7
2025-09-21 00:00:00,81.86080139670736,3.46
2025-09-21 01:00:00,81.86080139670754,1.65
2025-09-21 02:00:00,81.86080139670754,2.08
2025-09-21 03:00:00,72.14235813973156,3.23
2025-09-21 04:00:00,73.21605743665947,4.41
2025-09-21 05:00:00,87.86051344871281,5.23
2025-09-21 06:00:00,81.86080139670796,3.01
2025-09-21 07:00:00,27.72116301794952,1.31
2025-09-21 08:00:00,20.218013365295857,0.0
2025-09-21 09:00:00,-4.396151354629974,-0.09
2025-09-21 10:00:00,-5.0000000000000915,-1.2
2025-09-21 11:00:00,-5.00000000000009,-2.02
2025-09-21 12:00:00,-5.0000000000000195,-1.31
2025-09-21 13:00:00,-5.000000000000314,-0.01
2025-09-21 14:00:00,19.979914529914932,9.47
2025-09-21 15:00:00,27.77627840794529,85.18
2025-09-21 16:00:00,73.41411940388251,113.96
2025-09-21 17:00:00,96.2726172800867,120.57
2025-09-21 18:00:00,102.32556303128507,118.84
2025-09-21 19:00:00,100.66654331474993,104.68
2025-09-21 20:00:00,100.61690625000026,96.35
2025-09-21 21:00:00,98.19541226575443,91.68
2025-09-21 22:00:00,97.5716242253369,87.33
2025-09-21 23:00:00,97.07137775031288,83.57
2025-09-22 00:00:00,96.27261728008696,79.21
2025-09-22 01:00:00,96.27261728008698,79.21
2025-09-22 02:00:00,96.27261728008693,80.35
2025-09-22 03:00:00,97.8595620606658,93.59
2025-09-22 04:00:00,100.66654331474984,118.69
2025-09-22 05:00:00,109.04203901590358,130.0
2025-09-22 06:00:00,109.29362247925327,130.0
2025-09-22 07:00:00,109.24483907577928,108.57
2025-09-22 08:00:00,100.61690625000011,91.82
2025-09-22 09:00:00,96.97645387122097,77.86
2025-09-22 10:00:00,94.87131662251818,74.04
2025-09-22 11:00:00,68.96369566786184,71.17
2025-09-22 12:00:00,68.9701856168035,70.23
2025-09-22 13:00:00,73.97042494829239,78.39
2025-09-22 14:00:00,87.86051344871234,84.79
2025-09-22 15:00:00,97.07137775031285,100.13
2025-09-22 16:00:00,100.66654331474989,128.08
2025-09-22 17:00:00,109.32054941399008,140.92
2025-09-22 18:00:00,109.40683044023523,130.0
2025-09-22 19:00:00,109.33005157781673,114.24
2025-09-22 20:00:00,109.08663090965359,97.72
2025-09-22 21:00:00,108.591218913968,89.99
2025-09-22 22:00:00,108.53179889324386,88.6
2025-09-22 23:00:00,106.11358789177744,90.0
2025-09-23 00:00:00,104.10559149631653,89.73
2025-09-23 01:00:00,102.23553485742386,89.93
2025-09-23 02:00:00,102.23553485742386,91.34
2025-09-23 03:00:00,107.15975036520135,98.11
2025-09-23 04:00:00,109.36134679493568,122.01
2025-09-23 05:00:00,110.70326512405272,172.36
2025-09-23 06:00:00,110.70326512405288,162.8
2025-09-23 07:00:00,109.38917324320954,125.76
2025-09-23 08:00:00,109.30325473915056,93.92
2025-09-23 09:00:00,98.22129346317297,85.51
2025-09-23 10:00:00,95.23456010052504,77.54
2025-09-23 11:00:00,74.61495169178441,74.24
2025-09-23 12:00:00,71.56020180785892,74.25
2025-09-23 13:00:00,87.86051344871223,84.11
2025-09-23 14:00:00,94.78449924800768,85.76
2025-09-23 15:00:00,98.22129346317307,102.9
2025-09-23 16:00:00,107.34806490387558,136.83
2025-09-23 17:00:00,110.70326512405268,149.58
2025-09-23 18:00:00,109.44244018366463,115.81
2025-09-23 19:00:00,109.3583407924596,94.0
2025-09-23 20:00:00,109.33789881135971,84.91
2025-09-23 21:00:00,107.14837644051809,84.1
2025-09-23 22:00:00,103.61296074155385,82.67
2025-09-23 23:00:00,100.61690625000008,82.32
2025-09-24 00:00:00,98.22129346317308,81.61
2025-09-24 01:00:00,97.07137775031272,77.95
2025-09-24 02:00:00,97.85956206066552,78.59
2025-09-24 03:00:00,100.61690625000004,82.67
2025-09-24 04:00:00,108.75540255067386,109.76
2025-09-24 05:00:00,109.39379841609376,118.01
2025-09-24 06:00:00,109.3727137142066,120.45
2025-09-24 07:00:00,109.3098123332642,107.0
2025-09-24 08:00:00,100.61690625000007,85.54
2025-09-24 09:00:00,87.8605134487122,70.09
2025-09-24 10:00:00,35.930900000000065,27.1
2025-09-24 11:00:00,19.681469627302796,10.66
2025-09-24 12:00:00,-3.118780883942904,9.9
2025-09-24 13:00:00,-0.0,15.0
2025-09-24 14:00:00,19.979914529914424,66.1
2025-09-24 15:00:00,37.91373090632154,85.69
2025-09-24 16:00:00,98.22129346317337,113.08
2025-09-24 17:00:00,107.14837644051835,115.93
2025-09-24 18:00:00,106.22446380491205,113.95
2025-09-24 19:00:00,100.66654331475011,91.29
2025-09-24 20:00:00,99.23865206533776,85.5
2025-09-24 21:00:00,98.22129346317301,69.68
2025-09-24 22:00:00,97.07137775031283,73.3
2025-09-24 23:00:00,96.27261728008676,69.69
2025-09-25 00:00:00,96.27261728008708,67.81
2025-09-25 01:00:00,94.8713166225181,68.09
2025-09-25 02:00:00,89.71074390243956,71.69
2025-09-25 03:00:00,97.07137775031283,77.33
2025-09-25 04:00:00,100.61690625000055,108.55
2025-09-25 05:00:00,107.14837644051856,124.26
2025-09-25 06:00:00,108.91551157743395,124.99
2025-09-25 07:00:00,105.70437184773728,104.88
2025-09-25 08:00:00,98.97106282019504,77.95
2025-09-25 09:00:00,81.86080139670645,69.24
2025-09-25 10:00:00,28.09745428549895,38.18
2025-09-25 11:00:00,19.979914529914513,16.03
2025-09-25 12:00:00,15.509852540340878,20.1
2025-09-25 13:00:00,19.90539885919494,43.66
2025-09-25 14:00:00,20.17907157453207,75.0
2025-09-25 15:00:00,81.67000276243091,88.79
2025-09-25 16:00:00,100.61690625000011,117.04
2025-09-25 17:00:00,109.00751991025247,121.47
2025-09-25 18:00:00,109.28814470365077,123.75
2025-09-25 19:00:00,108.92913395973477,105.83
2025-09-25 20:00:00,105.9734494601063,94.77
2025-09-25 21:00:00,100.6665433147496,81.09
2025-09-25 22:00:00,99.54673320157093,78.48
2025-09-25 23:00:00,98.22129346317317,75.0
2025-09-26 00:00:00,98.22129346317305,73.17
2025-09-26 01:00:00,98.22129346317318,73.18
2025-09-26 02:00:00,99.12519778498903,74.93
2025-09-26 03:00:00,100.66654331474984,82.0
2025-09-26 04:00:00,109.07704651937686,107.74
2025-09-26 05:00:00,109.35856140350957,120.33
2025-09-26 06:00:00,109.35856140350867,123.56
2025-09-26 07:00:00,109.35856140350907,110.41
2025-09-26 08:00:00,107.206225614557,89.84
2025-09-26 09:00:00,99.05534350347658,85.36
2025-09-26 10:00:00,92.54273178553211,78.96
2025-09-26 11:00:00,67.87518858032466,73.16
2025-09-26 12:00:00,67.81721265510318,75.05
2025-09-26 13:00:00,78.00135359822852,79.99
2025-09-26 14:00:00,96.27261728008685,98.81
2025-09-26 15:00:00,98.22129346317303,109.8
2025-09-26 16:00:00,109.16743372062456,123.65
2025-09-26 17:00:00,109.35821634894825,133.02
2025-09-26 18:00:00,109.34563295314013,119.61
2025-09-26 19:00:00,109.35856140350884,106.21
2025-09-26 20:00:00,109.05534817196389,96.9
2025-09-26 21:00:00,107.1483764405184,89.9
2025-09-26 22:00:00,101.9022179800125,84.99
2025-09-26 23:00:00,100.66654331474965,83.26
2025-09-27 00:00:00,100.6665433147502,82.7
2025-09-27 01:00:00,100.61690625000028,82.51
2025-09-27 02:00:00,100.61690625000054,85.28
2025-09-27 03:00:00,100.6169062500002,89.19
2025-09-27 04:00:00,102.37846185652211,90.57
2025-09-27 05:00:00,107.14837644051812,105.45
2025-09-27 06:00:00,109.06438398553932,109.71
2025-09-27 07:00:00,108.5543038178482,96.92
2025-09-27 08:00:00,100.66654331474962,87.86
2025-09-27 09:00:00,96.27261728008675,75.0
2025-09-27 10:00:00,35.485111391842395,59.77
2025-09-27 11:00:00,27.31498147568823,36.11
2025-09-27 12:00:00,27.286377169222686,48.54
2025-09-27 13:00:00,79.3997981095261,78.22
2025-09-27 14:00:00,96.27261728008665,93.1
2025-09-27 15:00:00,98.22129346317301,112.01
2025-09-27 16:00:00,100.81800456959392,133.35
2025-09-27 17:00:00,109.34287512831217,148.61
2025-09-27 18:00:00,109.36036957343421,122.53
2025-09-27 19:00:00,109.36036988868102,114.4
2025-09-27 20:00:00,109.31588115496086,107.56
2025-09-27 21:00:00,109.07065660092616,99.54
2025-09-27 22:00:00,108.58171516694861,97.56
2025-09-27 23:00:00,107.93050083069602,95.31
2025-09-28 00:00:00,107.14837644051818,94.32
2025-09-28 01:00:00,106.5580430463687,91.47
2025-09-28 02:00:00,106.70774205690955,97.77
2025-09-28 03:00:00,107.7683354028894,97.58
2025-09-28 04:00:00,108.64702699380341,100.91
2025-09-28 05:00:00,109.05153966141678,105.79
2025-09-28 06:00:00,109.17577450612056,98.77
2025-09-28 07:00:00,108.70103468462453,95.04
2025-09-28 08:00:00,102.68828255246919,82.08
2025-09-28 09:00:00,48.99505285719742,37.47
2025-09-28 10:00:00,27.322803680992024,17.11
2025-09-28 11:00:00,27.322803680820048,8.53
2025-09-28 12:00:00,27.32280368102541,13.0
2025-09-28 13:00:00,37.65571616522128,61.33
2025-09-28 14:00:00,36.28878229498062,86.0
2025-09-28 15:00:00,97.85956206066525,105.89
2025-09-28 16:00:00,108.88411329509614,131.02
2025-09-28 17:00:00,109.35889611810371,137.97
2025-09-28 18:00:00,109.35856140350869,125.93
2025-09-28 19:00:00,109.35856140350882,113.51
2025-09-28 20:00:00,109.35856140350893,102.29
2025-09-28 21:00:00,109.33585522552092,95.74
2025-09-28 22:00:00,109.21206778328609,90.95
2025-09-28 23:00:00,109.20913268019514,88.76
2025-09-29 00:00:00,109.1103505051357,87.88
2025-09-29 01:00:00,109.0991435460255,87.94
2025-09-29 02:00:00,109.0991435460255,88.31
2025-09-29 03:00:00,109.35930816964628,98.37
2025-09-29 04:00:00,109.37897952833994,134.98
2025-09-29 05:00:00,110.70326512405272,222.1
2025-09-29 06:00:00,110.70326512405262,166.91
2025-09-29 07:00:00,109.35856140350907,122.06
2025-09-29 08:00:00,109.35856140350879,90.21
2025-09-29 09:00:00,108.09482672837565,84.95
2025-09-29 10:00:00,99.27364890967002,78.71
2025-09-29 11:00:00,81.86080139670668,77.08
2025-09-29 12:00:00,44.3781170622509,83.33
2025-09-29 13:00:00,87.86051344871284,87.4
2025-09-29 14:00:00,98.2212934631733,99.98
2025-09-29 15:00:00,108.54778691072384,140.79
2025-09-29 16:00:00,109.40564693084313,302.65
2025-09-29 17:00:00,112.02991624255196,406.78
2025-09-29 18:00:00,110.70326512405303,167.6
2025-09-29 19:00:00,109.4888673771391,123.85
2025-09-29 20:00:00,109.35856140350921,108.3
2025-09-29 21:00:00,109.35856140350899,93.68
2025-09-29 22:00:00,109.35856140350919,101.1
2025-09-29 23:00:00,109.33981289598911,98.43
2025-09-30 00:00:00,109.29898046940693,98.93
2025-09-30 01:00:00,109.29987224274923,94.99
2025-09-30 02:00:00,109.35257018655284,99.12
2025-09-30 03:00:00,109.35797873176125,112.08
2025-09-30 04:00:00,109.67209125021766,141.86
2025-09-30 05:00:00,110.70326512405268,244.0
2025-09-30 06:00:00,113.63949367666066,209.23
2025-09-30 07:00:00,109.5746361279307,141.85
2025-09-30 08:00:00,109.35856140350882,115.2
2025-09-30 09:00:00,108.71907450305267,96.72
2025-09-30 10:00:00,98.22129346317267,87.91
2025-09-30 11:00:00,93.05141872939005,86.04
2025-09-30 12:00:00,87.86051344871196,87.26
2025-09-30 13:00:00,96.27261728008651,96.8
2025-09-30 14:00:00,97.0713777503123,104.03
2025-09-30 15:00:00,108.24554387790201,142.64
2025-09-30 16:00:00,109.41352206928416,294.54
2025-09-30 17:00:00,113.63949367666032,357.77
2025-09-30 18:00:00,110.70326512405272,147.28
2025-09-30 19:00:00,109.53985943071791,116.04
2025-09-30 20:00:00,109.35856140350886,101.63
2025-09-30 21:00:00,109.35856140350892,92.54
2025-09-30 22:00:00,109.35007288221743,91.565
2025-09-30 23:00:00,109.34776895656226,86.285
2025-10-01 00:00:00,109.1774224099302,84.8725
2025-10-01 01:00:00,109.00114487487605,88.325
2025-10-01 02:00:00,109.31294003181311,87.655
2025-10-01 03:00:00,109.35455519185129,95.3275
2025-10-01 04:00:00,109.66636534263633,124.96
2025-10-01 05:00:00,111.48455660672309,173.29999999999998
2025-10-01 06:00:00,110.70326512405096,139.0875
2025-10-01 07:00:00,109.35856140350351,105.25
2025-10-01 08:00:00,109.32675792525104,86.035
2025-10-01 09:00:00,100.66654331474871,70.5675
2025-10-01 10:00:00,81.09203418094066,66.025
2025-10-01 11:00:00,65.65183457728924,68.4
2025-10-01 12:00:00,71.76493255995491,72.6275
2025-10-01 13:00:00,89.71074390243768,81.7225
2025-10-01 14:00:00,97.07137775031151,92.87
2025-10-01 15:00:00,107.14837644051835,135.4
2025-10-01 16:00:00,109.6949440245404,253.2375
2025-10-01 17:00:00,115.6066237873907,339.9925
2025-10-01 18:00:00,113.149507237102,152.0225
2025-10-01 19:00:00,109.54399893025243,113.035
2025-10-01 20:00:00,109.35856140350808,98.51
2025-10-01 21:00:00,109.35856140350688,90.6475
2025-10-01 22:00:00,109.33693692120974,90.805
2025-10-01 23:00:00,109.04909165848157,88.0
2025-10-02 00:00:00,108.40668271929616,86.52499999999999
2025-10-02 01:00:00,107.14837644051819,88.56
2025-10-02 02:00:00,109.13695054668081,90.8075
2025-10-02 03:00:00,109.3439554058965,95.9725
2025-10-02 04:00:00,109.49474515164572,128.72
2025-10-02 05:00:00,110.70326512405313,181.0875
2025-10-02 06:00:00,110.70326512405298,136.67749999999998
2025-10-02 07:00:00,109.35856140350876,100.505
2025-10-02 08:00:00,108.56143995909859,91.48
2025-10-02 09:00:00,98.22129346317301,78.285
2025-10-02 10:00:00,35.93090000000001,65.77
2025-10-02 11:00:00,32.119662405322174,60.5
2025-10-02 12:00:00,34.954502066099025,71.28999999999999
2025-10-02 13:00:00,36.28878229500803,80.6625
2025-10-02 14:00:00,93.97739297284085,91.445
2025-10-02 15:00:00,98.22129346317315,113.32
2025-10-02 16:00:00,109.30214871770666,167.925
2025-10-02 17:00:00,112.00697634434312,176.8375
2025-10-02 18:00:00,109.58025425999044,109.92
2025-10-02 19:00:00,109.35856140350917,90.855
2025-10-02 20:00:00,107.14837644051812,96.6575
2025-10-02 21:00:00,102.92330846903268,82.0925
2025-10-02 22:00:00,98.22129346317294,85.9325
2025-10-02 23:00:00,98.2212934631729,77.14
2025-10-03 00:00:00,97.85956206066508,71.75
2025-10-03 01:00:00,97.85956206066508,73.9075
2025-10-03 02:00:00,97.85956206066504,76.2875
2025-10-03 03:00:00,98.10948264695702,77.98
2025-10-03 04:00:00,99.2736489096691,93.78
2025-10-03 05:00:00,101.78093867429972,100.4175
2025-10-03 06:00:00,107.1483764405177,103.68
2025-10-03 07:00:00,101.81562503779908,83.9025
2025-10-03 08:00:00,97.07137775031237,59.9975
2025-10-03 09:00:00,26.61928537477254,40.5025
2025-10-03 10:00:00,25.000492997894437,26.3525
2025-10-03 11:00:00,18.53855019403951,16.5025
2025-10-03 12:00:00,-3.7797274062968294,26.2025
2025-10-03 13:00:00,16.959178855599294,49.8825
2025-10-03 14:00:00,19.979914529913998,63.3925
2025-10-03 15:00:00,32.80447565431196,89.9
2025-10-03 16:00:00,96.27261728008675,120.75999999999999
2025-10-03 17:00:00,98.22129346317297,109.00999999999999
2025-10-03 18:00:00,96.27261728008679,75.03999999999999
2025-10-03 19:00:00,89.12174847060211,43.4425
2025-10-03 20:00:00,62.00034195135885,25.4025
2025-10-03 21:00:00,21.91047140685946,11.1075
2025-10-03 22:00:00,20.174743021012546,0.7250000000000001
2025-10-03 23:00:00,11.788967613415428,-0.01
2025-10-04 00:00:00,-3.3070177340541136,-0.0425
2025-10-04 01:00:00,-3.512350162536608,-0.0975
2025-10-04 02:00:00,-3.512350162536608,-1.1275
2025-10-04 03:00:00,-3.3070177340541136,-1.905
2025-10-04 04:00:00,-3.275352929118675,-1.915
2025-10-04 05:00:00,-3.288451509014113,-0.775
2025-10-04 06:00:00,-3.288451509013722,-0.3
2025-10-04 07:00:00,11.765055289907215,-0.1625
2025-10-04 08:00:00,19.97991452991408,-0.09000000000000001
2025-10-04 09:00:00,20.437413077686593,-0.0975
2025-10-04 10:00:00,27.322803680980662,-0.08
2025-10-04 11:00:00,-5.0,-0.44
2025-10-04 12:00:00,-5.0,-2.045
2025-10-04 13:00:00,-5.0,-2.605
2025-10-04 14:00:00,-5.0,-0.095
2025-10-04 15:00:00,-5.0,-0.09250000000000003
2025-10-04 16:00:00,16.775876079424275,1.105
2025-10-04 17:00:00,20.218013365295565,3.23
2025-10-04 18:00:00,19.979914529914538,0.3225
2025-10-04 19:00:00,17.07416622711011,-0.09499999999999999
2025-10-04 20:00:00,-3.5123501625376017,-0.0525
2025-10-04 21:00:00,-4.999999999999996,-0.3425
2025-10-04 22:00:00,-5.0,-0.7474999999999999
2025-10-04 23:00:00,-5.0,-1.4024999999999999
2025-10-05 00:00:00,-4.999999999999994,-4.19
2025-10-05 01:00:00,-4.999999999999998,-4.3775
2025-10-05 02:00:00,-4.999999999999997,-4.98
2025-10-05 03:00:00,-4.999999999999996,-4.4575
2025-10-05 04:00:00,-4.999999999999996,-3.76
2025-10-05 05:00:00,-3.512314071244983,-1.505
2025-10-05 06:00:00,-3.3068737400506363,-0.0875
2025-10-05 07:00:00,-3.30687374005063,-1.3925
2025-10-05 08:00:00,-4.9999999999999964,-3.33
2025-10-05 09:00:00,-4.9999999999999964,-2.0175
2025-10-05 10:00:00,-4.999999999999995,-3.415
2025-10-05 11:00:00,-5.0,-3.3875
2025-10-05 12:00:00,-5.0,-2.9425
2025-10-05 13:00:00,-5.0,-2.3925
2025-10-05 14:00:00,-5.0,-0.6875
2025-10-05 15:00:00,-5.0,0.8525
2025-10-05 16:00:00,20.830522026466625,16.0825
2025-10-05 17:00:00,63.565574320674315,35.0475
2025-10-05 18:00:00,81.86080139670638,19.83
2025-10-05 19:00:00,35.93090000000001,5.4775
2025-10-05 20:00:00,21.862947338640684,5.202500000000001
2025-10-05 21:00:00,20.437413077687257,4.075
2025-10-05 22:00:00,20.980761373683272,20.845
2025-10-05 23:00:00,19.979914529914527,10.0475
2025-10-06 00:00:00,19.979914529914527,9.1025
2025-10-06 01:00:00,19.979914529914527,10.7325
2025-10-06 02:00:00,19.979914529914527,16.8
2025-10-06 03:00:00,21.86295829071827,22.6025
2025-10-06 04:00:00,96.27261728008676,68.585
2025-10-06 05:00:00,99.27364890966969,105.0525
2025-10-06 06:00:00,101.6961656610384,121.7675
2025-10-06 07:00:00,104.6441995881037,121.11749999999999
2025-10-06 08:00:00,100.61690624999986,100.5275
2025-10-06 09:00:00,96.27261728008668,89.3025
2025-10-06 10:00:00,38.33908660454944,87.325
2025-10-06 11:00:00,36.283867552587516,84.5975
2025-10-06 12:00:00,39.67543429222973,92.3275
2025-10-06 13:00:00,89.12174847060253,94.5475
2025-10-06 14:00:00,97.07137775031305,104.77250000000001
2025-10-06 15:00:00,102.34235083016648,120.29
2025-10-06 16:00:00,109.3777343611846,141.5875
2025-10-06 17:00:00,110.70326512405266,168.315
2025-10-06 18:00:00,109.61725258530414,133.6775
2025-10-06 19:00:00,109.35856140350869,120.2025
2025-10-06 20:00:00,109.35856140350926,118.66499999999999
2025-10-06 21:00:00,109.35856140350872,105.5
2025-10-06 22:00:00,109.35856140350883,100.2625
2025-10-06 23:00:00,109.34777101527297,93.9875
2025-10-07 00:00:00,108.69131538677853,89.8175
2025-10-07 01:00:00,109.30346854012248,89.55
2025-10-07 02:00:00,109.17780234207201,92.975
2025-10-07 03:00:00,109.32942212875412,96.74
2025-10-07 04:00:00,109.3585614035084,134.885
2025-10-07 05:00:00,110.70326512405249,228.555
2025-10-07 06:00:00,110.70326512405255,287.67
2025-10-07 07:00:00,110.70326512405235,212.1825
2025-10-07 08:00:00,109.3585614035089,154.66
2025-10-07 09:00:00,109.37567654972163,129.9075
2025-10-07 10:00:00,104.03685031617863,110.94
2025-10-07 11:00:00,100.61690625000011,106.1825
2025-10-07 12:00:00,99.27364890966957,105.35249999999999
2025-10-07 13:00:00,100.66654331474965,113.16
2025-10-07 14:00:00,107.40672604389,122.105
2025-10-07 15:00:00,109.80482593567001,151.84
2025-10-07 16:00:00,110.7032651240528,202.41750000000002
2025-10-07 17:00:00,111.95958478411059,213.28
2025-10-07 18:00:00,110.70326512405262,146.34
2025-10-07 19:00:00,109.35856140350886,123.2425
2025-10-07 20:00:00,109.35856140350971,107.4225
2025-10-07 21:00:00,109.35856140350876,97.4825
2025-10-07 22:00:00,109.35856140350877,93.4525
2025-10-07 23:00:00,109.33452844775171,88.4375
2025-10-08 00:00:00,109.21094742976237,87.56
2025-10-08 01:00:00,109.17747825382371,86.975
2025-10-08 02:00:00,109.20833844197404,89.6725
2025-10-08 03:00:00,109.35704988643555,97.395
2025-10-08 04:00:00,109.3585614035087,117.10749999999999
2025-10-08 05:00:00,110.70326512405265,155.58
2025-10-08 06:00:00,110.70326512405272,166.395
2025-10-08 07:00:00,110.70326512405265,135.17499999999998
2025-10-08 08:00:00,109.35856140350909,118.44500000000001
2025-10-08 09:00:00,109.35808802285727,103.325
2025-10-08 10:00:00,108.72415843257039,90.82249999999999
2025-10-08 11:00:00,100.66654331474969,89.33500000000001
2025-10-08 12:00:00,100.61690624999999,90.4425
2025-10-08 13:00:00,103.54316754993133,99.4275
2025-10-08 14:00:00,110.70326512405279,117.465
2025-10-08 15:00:00,109.76058376309831,149.48000000000002
2025-10-08 16:00:00,113.63949367666058,183.8075
2025-10-08 17:00:00,116.64938355451123,199.0025
2025-10-08 18:00:00,114.11748758983445,141.695
2025-10-08 19:00:00,110.13172838325183,114.74
2025-10-08 20:00:00,109.3585614035089,108.24000000000001
2025-10-08 21:00:00,109.358561403509,97.83250000000001
2025-10-08 22:00:00,109.35698906834725,97.215
2025-10-08 23:00:00,109.35402448542368,92.5825
2025-10-09 00:00:00,109.3530577115172,93.2625
2025-10-09 01:00:00,109.34365447685207,90.8175
2025-10-09 02:00:00,109.343654476852,92.7
2025-10-09 03:00:00,109.35399835785738,101.1525
2025-10-09 04:00:00,110.61480596392114,125.58
2025-10-09 05:00:00,115.60662378739055,145.0
2025-10-09 06:00:00,115.6066237873906,149.9
2025-10-09 07:00:00,110.70326512405241,132.4875
2025-10-09 08:00:00,109.3585614035088,109.6875
2025-10-09 09:00:00,109.35345900905786,96.9625
2025-10-09 10:00:00,100.66654331474994,91.02250000000001
2025-10-09 11:00:00,97.0713777503129,83.3525
2025-10-09 12:00:00,96.27261728008693,83.2
2025-10-09 13:00:00,97.07137775031246,88.8275
2025-10-09 14:00:00,98.22129346317291,92.075
2025-10-09 15:00:00,100.66654331474932,110.00999999999999
2025-10-09 16:00:00,109.36587569458919,122.9075
2025-10-09 17:00:00,110.4859602430569,123.1125
2025-10-09 18:00:00,109.45407668144415,112.3625
2025-10-09 19:00:00,109.35110625846097,98.0925
2025-10-09 20:00:00,109.29743124795976,96.83250000000001
2025-10-09 21:00:00,107.14837644051823,88.7
2025-10-09 22:00:00,107.02959931419092,88.01
2025-10-09 23:00:00,100.66654331475,84.9675
2025-10-10 00:00:00,99.94471412296178,80.0875
2025-10-10 01:00:00,99.9056247026657,78.285
2025-10-10 02:00:00,99.55800389736842,79.21000000000001
2025-10-10 03:00:00,100.66654331474989,86.0725
2025-10-10 04:00:00,109.0777723698378,102.6375
2025-10-10 05:00:00,109.36836846305772,119.325
2025-10-10 06:00:00,109.35690241664834,122.6125
2025-10-10 07:00:00,109.35856140350865,107.765
2025-10-10 08:00:00,109.1101467386339,93.0075
2025-10-10 09:00:00,100.24873122823648,82.1175
2025-10-10 10:00:00,98.22129346317297,77.5325
2025-10-10 11:00:00,96.2726172800867,75.69
2025-10-10 12:00:00,96.27261728008673,77.2575
2025-10-10 13:00:00,97.07137775031278,88.89500000000001
2025-10-10 14:00:00,97.85956206066557,97.8575
2025-10-10 15:00:00,101.98154244382953,118.2
2025-10-10 16:00:00,109.34455694292492,120.605
2025-10-10 17:00:00,109.37895189714513,123.29
2025-10-10 18:00:00,109.35034548798895,115.38999999999999
2025-10-10 19:00:00,109.34334315458726,103.915
2025-10-10 20:00:00,109.35856140350846,97.7375
2025-10-10 21:00:00,108.55390504908615,93.35
2025-10-10 22:00:00,108.55390504908615,92.9675
2025-10-10 23:00:00,106.40209052077853,88.83500000000001
2025-10-11 00:00:00,101.90040721009335,87.3875
2025-10-11 01:00:00,101.90070550077368,84.175
2025-10-11 02:00:00,100.66654331474903,82.0275
2025-10-11 03:00:00,101.90040721009348,84.755
2025-10-11 04:00:00,105.77974850396964,90.265
2025-10-11 05:00:00,108.55390212527828,96.7525
2025-10-11 06:00:00,109.29835687358167,100.4
2025-10-11 07:00:00,109.29835687358167,92.96
2025-10-11 08:00:00,106.40567368707795,82.4325
2025-10-11 09:00:00,97.85956206066554,74.02
2025-10-11 10:00:00,96.27261728008678,55.417500000000004
2025-10-11 11:00:00,81.67000276243097,46.7725
2025-10-11 12:00:00,41.462047309978516,51.03
2025-10-11 13:00:00,87.86051344871224,76.9425
2025-10-11 14:00:00,97.07137775031269,83.65
2025-10-11 15:00:00,100.22337511141724,114.005
2025-10-11 16:00:00,109.33877149397762,126.4375
2025-10-11 17:00:00,109.3906110468747,130.1725
2025-10-11 18:00:00,109.35856140350866,120.63499999999999
2025-10-11 19:00:00,109.35856140350876,112.545
2025-10-11 20:00:00,109.3585614035086,106.9075
2025-10-11 21:00:00,109.33265226704845,95.0975
2025-10-11 22:00:00,109.09783743621945,96.1775
2025-10-11 23:00:00,108.09320201123809,92.16749999999999
2025-10-12 00:00:00,107.93095802735888,88.86
2025-10-12 01:00:00,105.96516712651491,85.13
2025-10-12 02:00:00,103.49978795722873,86.4125
2025-10-12 03:00:00,103.49978795722873,86.6575
2025-10-12 04:00:00,105.0935778308024,88.3
2025-10-12 05:00:00,107.14837644051829,89.1725
2025-10-12 06:00:00,108.58326824489075,88.66
2025-10-12 07:00:00,107.1483764405182,83.0625
2025-10-12 08:00:00,102.65119137556157,76.205
2025-10-12 09:00:00,87.8605134487122,71.9
2025-10-12 10:00:00,89.12174847060206,66.8875
2025-10-12 11:00:00,41.812249717374314,52.16
2025-10-12 12:00:00,35.93090000000001,62.475
2025-10-12 13:00:00,87.8605134487122,79.985
2025-10-12 14:00:00,97.0713777503127,88.0025
2025-10-12 15:00:00,100.23096675592035,105.55
2025-10-12 16:00:00,109.33759178392675,108.9
2025-10-12 17:00:00,109.39635613719702,116.64
2025-10-12 18:00:00,109.35856140350876,115.5275
2025-10-12 19:00:00,109.35856140350865,110.44749999999999
2025-10-12 20:00:00,109.35856140350869,107.78999999999999
2025-10-12 21:00:00,109.34190564407527,93.445
2025-10-12 22:00:00,109.32987367888032,93.4525
2025-10-12 23:00:00,109.1560585512992,90.26
2025-10-13 00:00:00,109.09940467463605,90.8325
2025-10-13 01:00:00,109.06077331695181,89.1225
2025-10-13 02:00:00,109.34193864792712,93.4525
2025-10-13 03:00:00,109.36660028099689,98.095
2025-10-13 04:00:00,110.01211767604745,131.41
2025-10-13 05:00:00,115.60662378739016,218.6375
2025-10-13 06:00:00,116.64938355451126,199.5575
2025-10-13 07:00:00,110.70326512405279,150.185
2025-10-13 08:00:00,109.8555925670657,125.0975
2025-10-13 09:00:00,109.36166237914289,110.0
2025-10-13 10:00:00,107.43771977032935,95.1
2025-10-13 11:00:00,101.65805606172304,89.8575
2025-10-13 12:00:00,100.66654331474972,92.0975
2025-10-13 13:00:00,100.61690625000007,101.8425
2025-10-13 14:00:00,107.83162267391462,117.9025
2025-10-13 15:00:00,110.70326512405266,180.6
2025-10-13 16:00:00,114.23375433094789,305.74
2025-10-13 17:00:00,116.64938355451139,306.575
2025-10-13 18:00:00,115.60662378739063,186.9525
2025-10-13 19:00:00,110.7032651240525,137.175
2025-10-13 20:00:00,109.48830996587283,121.9875
2025-10-13 21:00:00,109.35856140350883,111.275
2025-10-13 22:00:00,109.35856140350903,109.1825
2025-10-13 23:00:00,109.35856140350943,103.015
2025-10-14 00:00:00,109.340162813397,99.52
2025-10-14 01:00:00,109.34002750121424,98.8675
2025-10-14 02:00:00,109.35809212783994,100.0475
2025-10-14 03:00:00,109.36058739203453,101.44749999999999
2025-10-14 04:00:00,110.06004431764813,123.29249999999999
2025-10-14 05:00:00,113.63949367666044,160.195
2025-10-14 06:00:00,115.8908282946702,190.82
2025-10-14 07:00:00,110.70326512405278,156.445
2025-10-14 08:00:00,109.3585614035089,134.725
2025-10-14 09:00:00,109.35683565197975,119.845
2025-10-14 10:00:00,107.32028653366282,107.64750000000001
2025-10-14 11:00:00,99.2736489096693,102.9975
2025-10-14 12:00:00,99.27364890966925,105.265
2025-10-14 13:00:00,100.61690624999974,122.275
2025-10-14 14:00:00,107.37360919999422,146.6
2025-10-14 15:00:00,109.75851311395246,219.195
2025-10-14 16:00:00,113.63949367666046,404.9575
2025-10-14 17:00:00,115.93455946931513,407.205
2025-10-14 18:00:00,115.88326516311622,225.48
2025-10-14 19:00:00,110.70326512405246,163.04
2025-10-14 20:00:00,109.55135123307133,129.85750000000002
2025-10-14 21:00:00,109.35856140350903,115.36
2025-10-14 22:00:00,109.35856140350907,115.4625
2025-10-14 23:00:00,109.3585614035089,111.865
2025-10-15 00:00:00,109.36182631645633,107.68
2025-10-15 01:00:00,109.36172183183793,103.6175
2025-10-15 02:00:00,109.36305492125577,106.48
2025-10-15 03:00:00,109.36347431899068,114.3975
2025-10-15 04:00:00,110.70326512405289,151.96
2025-10-15 05:00:00,116.64938355451129,278.74
2025-10-15 06:00:00,116.64938355451154,276.1975
2025-10-15 07:00:00,115.60662378739067,181.0525
2025-10-15 08:00:00,109.89660714972763,142.3575
2025-10-15 09:00:00,109.37021278568876,126.105
2025-10-15 10:00:00,109.34625834541046,119.425
2025-10-15 11:00:00,107.1483764405184,112.8775
2025-10-15 12:00:00,106.88216325613536,115.39250000000001
2025-10-15 13:00:00,108.20837924009358,122.64250000000001
2025-10-15 14:00:00,110.70326512405246,135.6925
2025-10-15 15:00:00,110.70326512405272,170.0
2025-10-15 16:00:00,113.63949367666066,221.8775
2025-10-15 17:00:00,115.87430074257904,220.0
2025-10-15 18:00:00,113.63949367666065,152.845
2025-10-15 19:00:00,109.76013030303596,124.3425
2025-10-15 20:00:00,109.43941577304295,98.21
2025-10-15 21:00:00,109.35856140350869,88.17
2025-10-15 22:00:00,109.35856140350872,88.16499999999999
2025-10-15 23:00:00,109.35856140350889,85.8075
2025-10-16 00:00:00,109.3299054913417,88.0
2025-10-16 01:00:00,109.11057023645851,86.655
2025-10-16 02:00:00,109.17860021293484,88.335
2025-10-16 03:00:00,109.33793439378765,85.045
2025-10-16 04:00:00,109.40332775164974,96.1925
2025-10-16 05:00:00,110.70326512405535,116.1225
2025-10-16 06:00:00,110.70326512405528,132.76749999999998
2025-10-16 07:00:00,109.53754743205016,119.93
2025-10-16 08:00:00,109.35856140350839,92.2375
2025-10-16 09:00:00,109.33894295324134,88.3075
2025-10-16 10:00:00,107.32090564902569,83.4025
2025-10-16 11:00:00,98.22129346317297,81.47500000000001
2025-10-16 12:00:00,97.85956206066555,82.98
2025-10-16 13:00:00,97.85956206066555,83.0275
2025-10-16 14:00:00,100.61690625,89.0275
2025-10-16 15:00:00,109.13692017178307,120.91499999999999
2025-10-16 16:00:00,110.70326512405265,130.0
2025-10-16 17:00:00,110.70326512405266,140.59
2025-10-16 18:00:00,110.70326512405263,125.595
2025-10-16 19:00:00,109.42853091158426,102.2325
2025-10-16 20:00:00,109.35856140350838,99.855
2025-10-16 21:00:00,109.3585614035091,93.3625
2025-10-16 22:00:00,109.35856140350852,88.14750000000001
2025-10-16 23:00:00,109.3585614035088,88.3125
2025-10-17 00:00:00,109.32990549134271,89.0575
2025-10-17 01:00:00,109.3025458191796,88.4575
2025-10-17 02:00:00,109.3254008596516,90.5875
2025-10-17 03:00:00,109.35856140350901,94.50999999999999
2025-10-17 04:00:00,109.3585614035088,107.91
2025-10-17 05:00:00,110.7032651240526,129.485
2025-10-17 06:00:00,112.45950584117406,144.835
2025-10-17 07:00:00,110.70326512405275,129.02
2025-10-17 08:00:00,109.35856140350879,117.18
2025-10-17 09:00:00,109.34161972357269,99.0375
2025-10-17 10:00:00,102.77562241900584,88.14
2025-10-17 11:00:00,97.0713777503129,86.7175
2025-10-17 12:00:00,96.27261728008702,87.805
2025-10-17 13:00:00,97.07137775031298,88.6425
2025-10-17 14:00:00,99.27364890966989,95.0
2025-10-17 15:00:00,108.08921932293956,117.1675
2025-10-17 16:00:00,110.70326512405268,129.31
2025-10-17 17:00:00,110.70326512405268,130.69
2025-10-17 18:00:00,109.53754743205107,116.98750000000001
2025-10-17 19:00:00,109.3569083840195,104.055
2025-10-17 20:00:00,109.3585614035087,102.1825
2025-10-17 21:00:00,109.35856140350946,92.4975
2025-10-17 22:00:00,109.35856140350829,94.61500000000001
2025-10-17 23:00:00,109.32990549134166,89.86
2025-10-18 00:00:00,109.32990549134172,89.8125
2025-10-18 01:00:00,109.15645314827893,88.33500000000001
2025-10-18 02:00:00,109.15645314827893,88.35
2025-10-18 03:00:00,109.17743282744469,88.315
2025-10-18 04:00:00,109.35780565843018,91.955
2025-10-18 05:00:00,109.35521573372752,109.4725
2025-10-18 06:00:00,109.41171246802942,114.545
2025-10-18 07:00:00,109.35856140350758,102.2425
2025-10-18 08:00:00,106.52521423343794,91.4675
2025-10-18 09:00:00,97.85956206066561,80.7875
2025-10-18 10:00:00,76.59319593141332,73.94
2025-10-18 11:00:00,36.26139787610153,67.5325
2025-10-18 12:00:00,35.93089999999901,72.2975
2025-10-18 13:00:00,45.031566389375406,83.5
2025-10-18 14:00:00,81.67000276243053,96.55000000000001
2025-10-18 15:00:00,99.27364890966975,120.64
2025-10-18 16:00:00,109.29059215544613,133.235
2025-10-18 17:00:00,109.49878473057167,124.82249999999999
2025-10-18 18:00:00,109.40545316019207,112.995
2025-10-18 19:00:00,109.33510349633193,92.5525
2025-10-18 20:00:00,109.04412393193293,95.5775
2025-10-18 21:00:00,103.65152735024901,94.355
2025-10-18 22:00:00,100.61690624999973,92.3425
2025-10-18 23:00:00,98.80699985766368,87.58500000000001
2025-10-19 00:00:00,98.22129346317317,82.2925
2025-10-19 01:00:00,98.22129346317276,82.14
2025-10-19 02:00:00,98.22129346317294,83.2125
2025-10-19 03:00:00,98.22129346317294,83.4975
2025-10-19 04:00:00,98.22129346317297,85.25
2025-10-19 05:00:00,99.27364890966939,85.255
2025-10-19 06:00:00,99.27364890966922,87.1575
2025-10-19 07:00:00,98.22129346317254,78.4325
2025-10-19 08:00:00,96.27261728008672,69.6375
2025-10-19 09:00:00,35.930899999999184,60.3
2025-10-19 10:00:00,26.98168983478121,34.567499999999995
2025-10-19 11:00:00,19.97991452991439,20.295
2025-10-19 12:00:00,-5.000000000000929,36.2175
2025-10-19 13:00:00,-2.426754372046119,66.77250000000001
2025-10-19 14:00:00,19.979914529914524,89.93
2025-10-19 15:00:00,65.88478328186284,106.07249999999999
2025-10-19 16:00:00,96.27261728008668,107.6875
2025-10-19 17:00:00,98.221293463173,85.62
2025-10-19 18:00:00,96.97721086767916,75.5025
2025-10-19 19:00:00,96.27261728008673,73.15
2025-10-19 20:00:00,96.27261728008676,74.74249999999999
2025-10-19 21:00:00,96.27261728008673,60.855000000000004
2025-10-19 22:00:00,96.27261728008682,70.03750000000001
2025-10-19 23:00:00,94.60334705163586,63.975
2025-10-20 00:00:00,92.54273178553257,60.980000000000004
2025-10-20 01:00:00,87.86051344871203,60.0025
2025-10-20 02:00:00,87.86051344871215,60.6025
2025-10-20 03:00:00,93.31792660462658,74.81
2025-10-20 04:00:00,97.07137775031279,76.2525
2025-10-20 05:00:00,100.61690624999997,91.8675
2025-10-20 06:00:00,107.13581671156416,125.0975
2025-10-20 07:00:00,101.78128055140226,92.185
2025-10-20 08:00:00,99.05398980384729,73.15
2025-10-20 09:00:00,97.07137775031279,69.935
2025-10-20 10:00:00,81.96621773836114,60.2875
2025-10-20 11:00:00,67.22356042192541,65.2725
2025-10-20 12:00:00,67.23047383440715,76.08500000000001
2025-10-20 13:00:00,76.49673613891565,97.14
2025-10-20 14:00:00,73.66758433048749,119.51
2025-10-20 15:00:00,93.17499542828395,131.1225
2025-10-20 16:00:00,98.22129346317304,125.08999999999999
2025-10-20 17:00:00,103.71456220819913,103.0
2025-10-20 18:00:00,98.22129346317297,82.29
2025-10-20 19:00:00,96.27261728008682,76.2525
2025-10-20 20:00:00,92.73153396651219,68.3775
2025-10-20 21:00:00,87.86051344871262,51.0
2025-10-20 22:00:00,89.12174847060236,61.480000000000004
2025-10-20 23:00:00,81.86080139670665,43.8325
2025-10-21 00:00:00,66.35986410110536,33.0725
2025-10-21 01:00:00,63.516587414182865,22.2775
2025-10-21 02:00:00,41.358574646492144,25.9125
2025-10-21 03:00:00,63.5522140863811,47.46
2025-10-21 04:00:00,87.86051344871234,75.095
2025-10-21 05:00:00,98.22129346317297,88.1225
2025-10-21 06:00:00,100.61690625,91.5825
2025-10-21 07:00:00,98.32245794169881,84.7175
2025-10-21 08:00:00,97.07137775031266,74.27
2025-10-21 09:00:00,20.21801336529565,65.1125
2025-10-21 10:00:00,24.49146352671329,47.455
2025-10-21 11:00:00,8.526512829121202e-14,31.5825
2025-10-21 12:00:00,-3.4446112296531934,33.06
2025-10-21 13:00:00,1.829647544582258e-13,60.230000000000004
2025-10-21 14:00:00,20.82869069583754,68.2025
2025-10-21 15:00:00,87.86051344871261,100.0
2025-10-21 16:00:00,100.66654331474983,121.8
2025-10-21 17:00:00,108.13180836233616,115.38499999999999
2025-10-21 18:00:00,108.32826418425496,99.6725
2025-10-21 19:00:00,102.16994348599947,81.055
2025-10-21 20:00:00,100.61690625000014,81.68
2025-10-21 21:00:00,98.20925219986545,74.33
2025-10-21 22:00:00,96.27261728008698,87.8375
2025-10-21 23:00:00,96.27261728008665,87.4925
2025-10-22 00:00:00,96.27261728008686,85.405
2025-10-22 01:00:00,96.27261728008686,89.3475
2025-10-22 02:00:00,97.0713777503128,89.5025
2025-10-22 03:00:00,98.22129346317274,90.175
2025-10-22 04:00:00,108.08413852099619,99.3925
2025-10-22 05:00:00,109.37121578964515,100.1825
2025-10-22 06:00:00,109.56507757240007,113.7575
2025-10-22 07:00:00,109.40856156761453,125.7175
2025-10-22 08:00:00,109.34465247249724,105.72749999999999
2025-10-22 09:00:00,107.1483764405181,91.215
2025-10-22 10:00:00,103.1433334355681,87.1
2025-10-22 11:00:00,98.91552488992917,86.0
2025-10-22 12:00:00,97.8595620606656,93.46000000000001
2025-10-22 13:00:00,99.27364890966956,110.655
2025-10-22 14:00:00,101.21149376998616,135.0
2025-10-22 15:00:00,109.27940802674868,198.0525
2025-10-22 16:00:00,112.62738092410743,296.48249999999996
2025-10-22 17:00:00,116.46625505375131,279.76
2025-10-22 18:00:00,115.6066237873909,185.31
2025-10-22 19:00:00,110.70326512405212,133.9475
2025-10-22 20:00:00,109.6243860625451,122.065
2025-10-22 21:00:00,110.70326512405198,108.0925
2025-10-22 22:00:00,110.57882175472623,101.375
2025-10-22 23:00:00,100.6665433147486,98.745
2025-10-23 00:00:00,97.85956206066419,95.0675
2025-10-23 01:00:00,94.87131662251765,79.9225
2025-10-23 02:00:00,87.86051344871125,70.9975
2025-10-23 03:00:00,87.86051344871083,67.52
2025-10-23 04:00:00,89.71074390243821,72.25
2025-10-23 05:00:00,96.27261728008784,82.2825
2025-10-23 06:00:00,96.27261728008527,90.0
2025-10-23 07:00:00,89.71074390243804,83.0175
2025-10-23 08:00:00,63.25157943244169,79.7025
2025-10-23 09:00:00,35.93089999999915,69.6
2025-10-23 10:00:00,67.86243061875912,66.0975
2025-10-23 11:00:00,58.68151513314781,64.105
2025-10-23 12:00:00,20.74588717381475,63.535000000000004
2025-10-23 13:00:00,29.346879286429868,75.605
2025-10-23 14:00:00,35.93090000000028,85.4975
2025-10-23 15:00:00,64.89371538375246,98.1175
2025-10-23 16:00:00,94.87131662251882,114.93
2025-10-23 17:00:00,96.27261728008821,107.9125
2025-10-23 18:00:00,87.86051344871345,87.7125
2025-10-23 19:00:00,62.400628869256124,82.8125
2025-10-23 20:00:00,35.930900000001316,77.655
2025-10-23 21:00:00,21.55667391985972,60.0775
2025-10-23 22:00:00,20.43741307768793,14.335
2025-10-23 23:00:00,19.979914529915558,9.835
2025-10-24 00:00:00,1.6342482922482304e-13,6.5249999999999995
2025-10-24 01:00:00,-0.86509653255224,1.025
2025-10-24 02:00:00,-3.4550623235172537,2.19
2025-10-24 03:00:00,11.944535156954988,7.525
2025-10-24 04:00:00,20.615134249311776,23.2775
2025-10-24 05:00:00,38.11770501950092,64.985
2025-10-24 06:00:00,96.2726172800872,84.87
2025-10-24 07:00:00,94.87131662251913,76.5475
2025-10-24 08:00:00,28.94644325184672,58.3025
2025-10-24 09:00:00,-3.5144517619377034,33.0
2025-10-24 10:00:00,19.979914529914996,1.2525
2025-10-24 11:00:00,-4.999999999999634,-0.01
2025-10-24 12:00:00,-4.999999999999812,-0.01
2025-10-24 13:00:00,-4.999999999999982,1.81
2025-10-24 14:00:00,-5.000000000000334,37.32
2025-10-24 15:00:00,-3.320041915870032,66.26
2025-10-24 16:00:00,32.794130441772325,74.61
2025-10-24 17:00:00,89.12174847060272,74.61250000000001
2025-10-24 18:00:00,38.12645312572254,57.05
2025-10-24 19:00:00,33.434024501813035,41.5075
2025-10-24 20:00:00,20.771179825244566,28.9225
2025-10-24 21:00:00,19.979914529915067,9.9675
2025-10-24 22:00:00,19.97991452991529,3.525
2025-10-24 23:00:00,19.97991452991561,1.3199999999999998
2025-10-25 00:00:00,19.979914529914897,0.9249999999999999
2025-10-25 01:00:00,16.999152548865347,-0.0025
2025-10-25 02:00:00,2.323673134963908,-0.0075
2025-10-25 03:00:00,3.3741749823837353,0.16499999999999998
2025-10-25 04:00:00,16.681976114188693,0.5225000000000001
2025-10-25 05:00:00,19.979914529914744,0.99
2025-10-25 06:00:00,21.32475461746867,3.995
2025-10-25 07:00:00,20.17474302101266,7.5825000000000005
2025-10-25 08:00:00,16.837720669062513,6.7275
2025-10-25 09:00:00,19.979914529914524,4.765000000000001
2025-10-25 10:00:00,19.979914529914524,6.095000000000001
2025-10-25 11:00:00,-0.0,4.37
2025-10-25 12:00:00,-0.0,4.03
2025-10-25 13:00:00,-0.0,3.945
2025-10-25 14:00:00,-3.098086323964776,5.5575
2025-10-25 15:00:00,19.97991452991453,25.3075
2025-10-25 16:00:00,62.01637056029004,55.2525
2025-10-25 17:00:00,94.87131662251794,61.265
2025-10-25 18:00:00,71.28726653499518,33.995
2025-10-25 19:00:00,66.44177870504464,14.1075
2025-10-25 20:00:00,66.38589655866943,16.682499999999997
2025-10-25 21:00:00,33.33009158503529,8.17
2025-10-25 22:00:00,35.93090000000001,5.5725
2025-10-25 23:00:00,21.714240066959437,3.6975
2025-10-26 00:00:00,20.218013365295565,3.19
2025-10-26 01:00:00,19.979914529914513,2.015
2025-10-26 02:00:00,19.97991452991454,0.34249999999999997
2025-10-26 03:00:00,16.999152548866082,0.10250000000000001
2025-10-26 04:00:00,17.00155082496266,0.10500000000000001
2025-10-26 05:00:00,16.999152548865393,0.1075
2025-10-26 06:00:00,19.97991452991413,0.10250000000000001
2025-10-26 07:00:00,19.979914529914133,-0.01
2025-10-26 08:00:00,-3.4784580920120005,-0.3125
2025-10-26 09:00:00,-5.0000000000005835,-0.065
2025-10-26 10:00:00,-4.999999999999975,-0.08
2025-10-26 11:00:00,-5.000000000000073,-0.065
2025-10-26 12:00:00,-4.999999999999987,-0.545
2025-10-26 13:00:00,-5.000000000000334,-0.7325
2025-10-26 14:00:00,-4.999999999999995,-0.009999999999999995
2025-10-26 15:00:00,-5.0,3.0375
2025-10-26 16:00:00,20.21801336529556,30.002499999999998
2025-10-26 17:00:00,33.41899528440099,42.0225
2025-10-26 18:00:00,21.904855542473655,34.730000000000004
2025-10-26 19:00:00,20.179071574531967,16.642500000000002
2025-10-26 20:00:00,19.97991452991448,3.065
2025-10-26 21:00:00,19.979914529914474,14.907499999999999
2025-10-26 22:00:00,16.998758854468782,5.0600000000000005
2025-10-26 23:00:00,-3.454062821095601,1.3424999999999998
2025-10-27 00:00:00,-3.4540628210958735,1.8250000000000002
2025-10-27 01:00:00,-3.4548703438858777,1.25
2025-10-27 02:00:00,-3.454870343885906,-0.0025
2025-10-27 03:00:00,-3.454870343885906,1.3074999999999999
2025-10-27 04:00:00,19.979914529914492,10.782499999999999
2025-10-27 05:00:00,57.31629616116987,55.0
2025-10-27 06:00:00,94.87131662251883,86.065
2025-10-27 07:00:00,96.27261728008807,100.14750000000001
2025-10-27 08:00:00,94.6036754627284,101.86
2025-10-27 09:00:00,92.54273178553404,96.7375
2025-10-27 10:00:00,95.16435256451582,94.6325
2025-10-27 11:00:00,81.67000276243195,82.6975
2025-10-27 12:00:00,35.07933639759645,81.1225
2025-10-27 13:00:00,35.930900000001024,83.3475
2025-10-27 14:00:00,38.220252043557174,83.66499999999999
2025-10-27 15:00:00,81.86080139670781,99.2325
2025-10-27 16:00:00,99.27364890967092,110.71000000000001
2025-10-27 17:00:00,106.21743829705589,126.5375
2025-10-27 18:00:00,101.6785394873557,113.4975
2025-10-27 19:00:00,100.61690625000178,95.035
2025-10-27 20:00:00,97.85956206066743,77.94
2025-10-27 21:00:00,96.2726172800886,74.48
2025-10-27 22:00:00,37.719949649872575,62.425
2025-10-27 23:00:00,20.980317149836978,44.11
2025-10-28 00:00:00,19.979914529915657,28.8825
2025-10-28 01:00:00,19.979914529915657,18.5425
2025-10-28 02:00:00,19.979914529915682,10.2225
2025-10-28 03:00:00,20.17474302101415,10.9525
2025-10-28 04:00:00,32.01527034692228,30.4075
2025-10-28 05:00:00,87.8605134487142,59.5225
2025-10-28 06:00:00,96.27261728008813,80.3825
2025-10-28 07:00:00,96.27261728008855,89.395
2025-10-28 08:00:00,89.71074390244078,87.36500000000001
2025-10-28 09:00:00,64.87070841922097,81.0025
2025-10-28 10:00:00,37.96206334124007,75.41499999999999
2025-10-28 11:00:00,21.28866950907126,67.56
2025-10-28 12:00:00,21.28866950907126,62.3025
2025-10-28 13:00:00,16.552866763510167,64.42
2025-10-28 14:00:00,16.290604821473266,73.0975
2025-10-28 15:00:00,20.618048523521153,80.07249999999999
2025-10-28 16:00:00,95.34803205094019,93.8325
2025-10-28 17:00:00,99.27364890966949,110.22999999999999
2025-10-28 18:00:00,99.27364890966965,106.91250000000001
2025-10-28 19:00:00,98.22129346317311,91.925
2025-10-28 20:00:00,97.07137775031276,80.8375
2025-10-28 21:00:00,96.27261728008686,79.58
2025-10-28 22:00:00,89.12174847060209,73.2225
2025-10-28 23:00:00,35.93090000000006,58.8025
2025-10-29 00:00:00,35.930900000000044,54.035
2025-10-29 01:00:00,35.93090000000001,54.155
2025-10-29 02:00:00,69.06902774202192,56.3475
2025-10-29 03:00:00,87.86051344871234,54.725
2025-10-29 04:00:00,96.27261728008678,66.6175
2025-10-29 05:00:00,98.22129346317297,95.4325
2025-10-29 06:00:00,107.14837644051916,107.5325
2025-10-29 07:00:00,108.65026097430821,100.265
2025-10-29 08:00:00,100.22061487123298,85.805
2025-10-29 09:00:00,97.85956206066389,71.9525
2025-10-29 10:00:00,96.27261728008526,70.2125
2025-10-29 11:00:00,23.663441465631852,70.8375
2025-10-29 12:00:00,27.99776846993414,77.1125
2025-10-29 13:00:00,96.27261728008534,88.8525
2025-10-29 14:00:00,100.61690624999838,116.3575
2025-10-29 15:00:00,108.97422239209814,126.23249999999999
2025-10-29 16:00:00,109.40750775086994,126.975
2025-10-29 17:00:00,109.40821156742068,128.7425
2025-10-29 18:00:00,109.35388258024345,113.5425
2025-10-29 19:00:00,109.35298809349506,102.65
2025-10-29 20:00:00,109.08544403718683,96.5025
2025-10-29 21:00:00,103.43874823305282,94.4225
2025-10-29 22:00:00,102.61633211425347,87.1425
2025-10-29 23:00:00,97.85956206066467,75.245
2025-10-30 00:00:00,96.27261728008621,70.105
2025-10-30 01:00:00,94.92639399593283,65.525
2025-10-30 02:00:00,81.86080139670655,60.4175
2025-10-30 03:00:00,55.617610151612986,57.1525
2025-10-30 04:00:00,81.67000276243148,60.0125
2025-10-30 05:00:00,97.07137775031299,69.1775
2025-10-30 06:00:00,98.32788838899474,79.9375
2025-10-30 07:00:00,99.27364890966953,85.2975
2025-10-30 08:00:00,97.07137775031252,66.7225
2025-10-30 09:00:00,20.41331893790805,42.902499999999996
2025-10-30 10:00:00,6.362688154126772e-13,7.0825000000000005
2025-10-30 11:00:00,-5.000000000000211,-0.0025
2025-10-30 12:00:00,-5.000000000000459,0.002499999999999999
2025-10-30 13:00:00,-4.999999999999893,31.2925
2025-10-30 14:00:00,19.97991452991471,69.8
2025-10-30 15:00:00,81.8608013967066,85.295
2025-10-30 16:00:00,107.14837644051815,117.93
2025-10-30 17:00:00,109.36156868708076,117.6975
2025-10-30 18:00:00,109.3480577737064,117.6725
2025-10-30 19:00:00,109.34765782646569,105.2875
2025-10-30 20:00:00,107.14837644051815,98.035
2025-10-30 21:00:00,103.30365845824423,98.44
2025-10-30 22:00:00,100.66654331474992,84.8325
2025-10-30 23:00:00,100.61690625000016,87.74000000000001
2025-10-31 00:00:00,100.61690625000021,78.1575
2025-10-31 01:00:00,100.61690625000023,74.74
2025-10-31 02:00:00,99.27364890966979,75.675
2025-10-31 03:00:00,99.27364890966994,79.7625
2025-10-31 04:00:00,100.66654331475,91.825
2025-10-31 05:00:00,105.58984124879146,120.385
2025-10-31 06:00:00,108.83664182817843,119.5725
2025-10-31 07:00:00,108.46228361401883,108.765
2025-10-31 08:00:00,99.2736489096694,83.0125
2025-10-31 09:00:00,96.27261728008719,75.67
2025-10-31 10:00:00,93.34542571584909,74.0875
2025-10-31 11:00:00,81.86080139670644,75.99000000000001
2025-10-31 12:00:00,69.89758494565795,84.2075
2025-10-31 13:00:00,89.12174847060228,106.69999999999999
2025-10-31 14:00:00,97.07137775031288,127.0775
2025-10-31 15:00:00,100.6169062500001,132.0475
2025-10-31 16:00:00,107.14837644051859,122.17500000000001
2025-10-31 17:00:00,107.14837644051795,107.28
2025-10-31 18:00:00,103.13181604800702,90.005
2025-10-31 19:00:00,99.27364890966956,86.0475
2025-10-31 20:00:00,98.22129346317297,87.465
2025-10-31 21:00:00,97.85956206066555,81.845
2025-10-31 22:00:00,97.07137775031242,67.60249999999999
2025-10-31 23:00:00,96.27261728008659,54.707499999999996
2025-11-01 00:00:00,96.27261728008659,38.115
2025-11-01 01:00:00,96.27261728008659,28.2725
2025-11-01 02:00:00,96.27261728008659,29.9575
2025-11-01 03:00:00,94.87131662251784,19.9025
2025-11-01 04:00:00,94.73380557069345,15.3275
2025-11-01 05:00:00,94.60129836521435,11.6275
2025-11-01 06:00:00,94.87131662251772,17.605
2025-11-01 07:00:00,87.86051344871237,29.95
2025-11-01 08:00:00,33.362661027789386,27.045
2025-11-01 09:00:00,19.979914529914538,18.299999999999997
2025-11-01 10:00:00,27.32280368098202,15.7575
2025-11-01 11:00:00,20.413318937907576,21.015
2025-11-01 12:00:00,27.322803680982474,31.740000000000002
2025-11-01 13:00:00,21.284280263682575,54.0025
2025-11-01 14:00:00,35.93089999999995,59.0725
2025-11-01 15:00:00,87.86051344871191,76.58500000000001
2025-11-01 16:00:00,97.07137775031231,88.78999999999999
2025-11-01 17:00:00,100.66654331474945,89.055
2025-11-01 18:00:00,100.61690625000006,86.4
2025-11-01 19:00:00,97.85956206066555,86.1975
2025-11-01 20:00:00,96.27261728008705,83.2825
2025-11-01 21:00:00,96.27261728008648,82.93
2025-11-01 22:00:00,96.27261728008659,77.5075
2025-11-01 23:00:00,96.27261728008682,64.285
2025-11-02 00:00:00,96.27261728008648,60.3275
2025-11-02 01:00:00,96.27261728008659,60.9775
2025-11-02 02:00:00,96.2726172800867,62.7325
2025-11-02 03:00:00,96.27261728008693,67.0175
2025-11-02 04:00:00,96.2726172800867,68.81
2025-11-02 05:00:00,96.9749274700522,70.3475
2025-11-02 06:00:00,97.85956206066555,75.53
2025-11-02 07:00:00,98.22129346317286,77.12
2025-11-02 08:00:00,98.22129346317297,78.4575
2025-11-02 09:00:00,96.95416982762686,74.99
2025-11-02 10:00:00,97.07137775031231,74.97999999999999
2025-11-02 11:00:00,96.27261728008682,75.2125
2025-11-02 12:00:00,96.27261728008693,83.1625
2025-11-02 13:00:00,97.07137775031276,92.55
2025-11-02 14:00:00,97.85956206066578,110.6525
2025-11-02 15:00:00,100.61690625000006,116.5025
2025-11-02 16:00:00,107.14837644051812,132.0725
2025-11-02 17:00:00,109.37069862710382,130.4075
2025-11-02 18:00:00,109.33844104794636,113.6075
2025-11-02 19:00:00,109.31872172771206,98.6
2025-11-02 20:00:00,105.69092581140679,95.33
2025-11-02 21:00:00,103.3429601212876,93.17750000000001
2025-11-02 22:00:00,100.61690624999999,85.04249999999999
2025-11-02 23:00:00,98.22129346317287,82.44
2025-11-03 00:00:00,97.85956206066543,80.105
2025-11-03 01:00:00,97.85956206066543,74.9975
2025-11-03 02:00:00,97.07137775031258,73.14
2025-11-03 03:00:00,97.07137775031256,74.9725
2025-11-03 04:00:00,98.22129346317298,75.0
2025-11-03 05:00:00,103.15119645205594,95.33
2025-11-03 06:00:00,109.33774177904294,117.255
2025-11-03 07:00:00,109.35856140350835,105.0
2025-11-03 08:00:00,100.66654331474972,85.7625
2025-11-03 09:00:00,87.86051344871214,75.44500000000001
2025-11-03 10:00:00,81.67000276243087,71.675
2025-11-03 11:00:00,29.430093315718835,67.99000000000001
2025-11-03 12:00:00,33.06307300944902,71.925
2025-11-03 13:00:00,35.93089999999992,74.975
2025-11-03 14:00:00,74.12891860662607,82.60499999999999
2025-11-03 15:00:00,97.07137775031282,92.735
2025-11-03 16:00:00,100.61690625000004,92.52
2025-11-03 17:00:00,105.6422771560333,90.555
2025-11-03 18:00:00,101.59858917235843,81.57499999999999
2025-11-03 19:00:00,99.27364890966979,71.63250000000001
2025-11-03 20:00:00,97.07137775031268,60.00749999999999
2025-11-03 21:00:00,96.27261728008675,52.7125
2025-11-03 22:00:00,96.27261728008675,28.715
2025-11-03 23:00:00,89.71074390243906,16.53
2025-11-04 00:00:00,87.86051344871221,7.2575
2025-11-04 01:00:00,87.86051344871218,4.925
2025-11-04 02:00:00,87.86051344871218,6.3125
2025-11-04 03:00:00,93.32057695470182,21.1975
2025-11-04 04:00:00,96.27261728008678,58.4325
2025-11-04 05:00:00,99.27364890966966,81.0375
2025-11-04 06:00:00,107.00139965650648,114.3075
2025-11-04 07:00:00,107.14837644051815,110.0
2025-11-04 08:00:00,98.22129346317297,80.8475
2025-11-04 09:00:00,95.73525238604881,60.6475
2025-11-04 10:00:00,81.67000276243084,52.87
2025-11-04 11:00:00,26.19856654972004,50.1525
2025-11-04 12:00:00,21.31454547112979,66.9375
2025-11-04 13:00:00,35.93090000000009,81.05
2025-11-04 14:00:00,71.91005351749259,116.265
2025-11-04 15:00:00,97.07137775031262,127.475
2025-11-04 16:00:00,104.87996367610305,129.1
2025-11-04 17:00:00,109.73196129172618,122.7625
2025-11-04 18:00:00,109.23126719857967,106.6975
2025-11-04 19:00:00,108.09589177319968,96.7525
2025-11-04 20:00:00,102.97363183013535,91.36500000000001
2025-11-04 21:00:00,99.27364890966962,86.2375
2025-11-04 22:00:00,97.0713777503126,76.1225
2025-11-04 23:00:00,96.27261728008683,77.33
2025-11-05 00:00:00,94.8713166225182,75.8225
2025-11-05 01:00:00,94.58290856335866,74.35499999999999
2025-11-05 02:00:00,94.87131662251822,74.6825
2025-11-05 03:00:00,96.27261728008682,78.885
2025-11-05 04:00:00,97.07137775031283,85.0
2025-11-05 05:00:00,100.61690625000018,91.3625
2025-11-05 06:00:00,103.30365845824406,115.9
2025-11-05 07:00:00,107.14837644051815,107.115
2025-11-05 08:00:00,97.07137775031282,74.54
2025-11-05 09:00:00,59.100208587861644,62.8825
2025-11-05 10:00:00,35.93090000000002,62.0075
2025-11-05 11:00:00,20.498021534436297,62.07
2025-11-05 12:00:00,20.070898787678303,77.3325
2025-11-05 13:00:00,35.93089999999998,96.1925
2025-11-05 14:00:00,73.62035195119394,115.39500000000001
2025-11-05 15:00:00,97.8595620606655,141.3825
2025-11-05 16:00:00,108.75964218876963,147.4175
2025-11-05 17:00:00,110.70326512405262,127.58
2025-11-05 18:00:00,110.70326512405298,114.755
2025-11-05 19:00:00,109.27272216426857,104.79
2025-11-05 20:00:00,108.76544506684421,98.9175
2025-11-05 21:00:00,107.14837644051809,88.8475
2025-11-05 22:00:00,103.65064652284046,87.7
2025-11-05 23:00:00,98.22129346317298,93.3725
2025-11-06 00:00:00,98.22129346317283,90.83
2025-11-06 01:00:00,98.07114439156742,91.39750000000001
2025-11-06 02:00:00,98.22129346317335,90.505
2025-11-06 03:00:00,100.61690625000013,91.9
2025-11-06 04:00:00,102.12471118030966,92.17
2025-11-06 05:00:00,109.45825980518289,118.35
2025-11-06 06:00:00,110.70326512405269,130.2325
2025-11-06 07:00:00,109.66073296164039,119.68
2025-11-06 08:00:00,109.35805515148901,93.2125
2025-11-06 09:00:00,103.4740385389241,85.1575
2025-11-06 10:00:00,100.61690624999997,83.7
2025-11-06 11:00:00,97.07137775031259,83.9925
2025-11-06 12:00:00,96.2726172800867,87.17999999999999
2025-11-06 13:00:00,97.07137775031269,99.485
2025-11-06 14:00:00,100.66654331474959,128.24
2025-11-06 15:00:00,109.13567634564002,147.495
2025-11-06 16:00:00,112.4222019072566,154.255
2025-11-06 17:00:00,115.21148528857678,137.4475
2025-11-06 18:00:00,113.63949367666063,126.4625
2025-11-06 19:00:00,110.70326512405265,114.97
2025-11-06 20:00:00,109.45630634987835,100.98
2025-11-06 21:00:00,109.3822482972068,97.485
2025-11-06 22:00:00,109.35840455794782,90.55250000000001
2025-11-06 23:00:00,109.34914192047918,90.1775
2025-11-07 00:00:00,109.31036929546342,88.8225
2025-11-07 01:00:00,109.22751431171619,89.6
2025-11-07 02:00:00,109.18885766233035,89.61250000000001
2025-11-07 03:00:00,109.21592085031433,90.41
2025-11-07 04:00:00,109.35689494300692,94.21000000000001
2025-11-07 05:00:00,109.93875142090954,112.265
2025-11-07 06:00:00,115.60662378739035,133.8825
2025-11-07 07:00:00,113.63949367666018,128.0475
2025-11-07 08:00:00,109.39408771761086,108.10499999999999
2025-11-07 09:00:00,109.3316533033318,93.38
2025-11-07 10:00:00,108.09420423821464,89.9875
2025-11-07 11:00:00,102.21809517703218,88.80250000000001
2025-11-07 12:00:00,99.27364890966943,92.05250000000001
2025-11-07 13:00:00,99.27364890966943,103.1
2025-11-07 14:00:00,108.1097211027979,129.6225
2025-11-07 15:00:00,109.53176433435472,165.1225
2025-11-07 16:00:00,115.89694313145978,178.5375
2025-11-07 17:00:00,116.32413870227774,145.6825
2025-11-07 18:00:00,115.88611624100098,131.4825
2025-11-07 19:00:00,115.6066237873907,119.42750000000001
2025-11-07 20:00:00,110.70326512405268,106.6525
2025-11-07 21:00:00,109.61476855707083,98.275
2025-11-07 22:00:00,109.35856140350823,92.0525
2025-11-07 23:00:00,109.36281407660775,96.53
2025-11-08 00:00:00,109.36202512722018,96.325
2025-11-08 01:00:00,109.36535507420525,93.9975
2025-11-08 02:00:00,109.35735181147408,93.9725
2025-11-08 03:00:00,109.35718492144905,95.0375
2025-11-08 04:00:00,109.35712999851634,94.195
2025-11-08 05:00:00,109.3687256868044,95.2775
2025-11-08 06:00:00,109.62227547921081,103.8425
2025-11-08 07:00:00,110.08349947627755,105.5
2025-11-08 08:00:00,109.35887752840156,103.62
2025-11-08 09:00:00,109.36975092679968,102.1775
2025-11-08 10:00:00,107.16149625287147,96.94749999999999
2025-11-08 11:00:00,102.39665146133962,95.16
2025-11-08 12:00:00,100.61690625,95.9125
2025-11-08 13:00:00,101.17755522938235,101.54249999999999
2025-11-08 14:00:00,110.54813634704831,117.6175
2025-11-08 15:00:00,110.70326512405308,124.63499999999999
2025-11-08 16:00:00,116.64938355451142,134.915
2025-11-08 17:00:00,115.60662378739062,136.5325
2025-11-08 18:00:00,115.60662378739067,131.98000000000002
2025-11-08 19:00:00,110.70326512405273,122.9675
2025-11-08 20:00:00,109.86167337595094,113.305
2025-11-08 21:00:00,109.35856140350853,106.26
2025-11-08 22:00:00,109.35856140350865,96.905
2025-11-08 23:00:00,109.36036124824983,96.345
2025-11-09 00:00:00,109.35480979101789,94.555
2025-11-09 01:00:00,109.35477013087058,92.8325
2025-11-09 02:00:00,109.35015403398046,91.1325
2025-11-09 03:00:00,109.35015403398046,91.64750000000001
2025-11-09 04:00:00,109.35015403398046,91.685
2025-11-09 05:00:00,109.351959270316,89.9375
2025-11-09 06:00:00,109.35545676026169,88.615
2025-11-09 07:00:00,109.37099354509331,97.27250000000001
2025-11-09 08:00:00,109.37098094271727,97.6175
2025-11-09 09:00:00,109.39085766346238,97.0325
2025-11-09 10:00:00,108.7771110240941,97.305
2025-11-09 11:00:00,108.86959900901275,97.8375
2025-11-09 12:00:00,107.14837644051806,96.4025
2025-11-09 13:00:00,108.87633915169806,97.315
2025-11-09 14:00:00,109.65284217876655,97.795
2025-11-09 15:00:00,110.73299608773453,109.8475
2025-11-09 16:00:00,112.06389333834097,125.1
2025-11-09 17:00:00,112.13479578478682,126.1
2025-11-09 18:00:00,110.7032651240529,117.955
2025-11-09 19:00:00,109.75456546423143,106.0
2025-11-09 20:00:00,109.49190722108247,93.5375
2025-11-09 21:00:00,109.35856140350882,92.315
2025-11-09 22:00:00,109.35856140350914,89.93
2025-11-09 23:00:00,109.35631462941632,88.98
2025-11-10 00:00:00,109.32743966062343,87.63499999999999
2025-11-10 01:00:00,109.14642635062037,88.9025
2025-11-10 02:00:00,108.66247027785124,87.5225
2025-11-10 03:00:00,107.35897661893195,87.1775
2025-11-10 04:00:00,107.82427471194913,92.3125
2025-11-10 05:00:00,110.70326512405279,113.4525
2025-11-10 06:00:00,115.58481969297156,142.995
2025-11-10 07:00:00,115.6066237873908,157.875
2025-11-10 08:00:00,112.1550723444451,144.29749999999999
2025-11-10 09:00:00,110.70326512405268,126.27250000000001
2025-11-10 10:00:00,109.42166966463412,115.245
2025-11-10 11:00:00,110.7032651240527,105.9225
2025-11-10 12:00:00,110.363489098336,108.41
2025-11-10 13:00:00,110.7032651240527,115.565
2025-11-10 14:00:00,110.70326512405265,126.2525
2025-11-10 15:00:00,112.38386615977072,133.35500000000002
2025-11-10 16:00:00,115.63086827172108,139.4025
2025-11-10 17:00:00,115.76494443880733,120.725
2025-11-10 18:00:00,115.74575591714618,103.6625
2025-11-10 19:00:00,112.01005075880123,90.11
2025-11-10 20:00:00,109.5332907182941,88.9875
2025-11-10 21:00:00,109.35856140350808,88.39250000000001
2025-11-10 22:00:00,109.3585614035084,83.87
2025-11-10 23:00:00,109.08122896631839,83.19
2025-11-11 00:00:00,103.65428174014579,79.9825
2025-11-11 01:00:00,102.52599799795283,75.80250000000001
2025-11-11 02:00:00,100.66654331475033,74.87
2025-11-11 03:00:00,100.61690625000077,75.495
2025-11-11 04:00:00,100.61690624999987,77.07249999999999
2025-11-11 05:00:00,107.63356237765846,86.7875
2025-11-11 06:00:00,109.82752354031224,105.21
2025-11-11 07:00:00,109.78773037880458,113.7975
2025-11-11 08:00:00,109.32406483561087,103.11500000000001
2025-11-11 09:00:00,103.40723024658845,91.4725
2025-11-11 10:00:00,99.27364890966956,87.9225
2025-11-11 11:00:00,96.27261728008675,86.66
2025-11-11 12:00:00,96.27261728008675,89.93
2025-11-11 13:00:00,97.85956206066555,101.235
2025-11-11 14:00:00,100.61690625,124.275
2025-11-11 15:00:00,109.7502711794877,143.0725
2025-11-11 16:00:00,113.63949367666065,143.2575
2025-11-11 17:00:00,115.60662378739057,114.9975
2025-11-11 18:00:00,113.63949367666054,105.0325
2025-11-11 19:00:00,110.70326512405263,98.17500000000001
2025-11-11 20:00:00,104.87095737624085,96.3825
2025-11-11 21:00:00,103.13989424997294,92.06
2025-11-11 22:00:00,100.61690625,75.5
2025-11-11 23:00:00,98.48365558830253,74.9775
2025-11-12 00:00:00,98.22129346317327,68.315
2025-11-12 01:00:00,97.8595620606657,64.41
2025-11-12 02:00:00,97.85956206066567,62.4
2025-11-12 03:00:00,97.8595620606656,62.3
2025-11-12 04:00:00,97.85956206066547,69.3
2025-11-12 05:00:00,100.61690624999969,76.9975
2025-11-12 06:00:00,103.52963647425298,107.25999999999999
2025-11-12 07:00:00,107.27426729987786,100.7225
2025-11-12 08:00:00,99.27364890966923,78.1125
2025-11-12 09:00:00,87.8605134487122,71.5275
2025-11-12 10:00:00,61.54940987703782,60.005
2025-11-12 11:00:00,32.412372704371556,59.135
2025-11-12 12:00:00,22.0514686561609,73.7675
2025-11-12 13:00:00,35.930900000000044,80.425
2025-11-12 14:00:00,64.90378180915249,104.97
2025-11-12 15:00:00,96.27261728008699,113.625
2025-11-12 16:00:00,102.51699173327896,115.395
2025-11-12 17:00:00,108.10109259258874,104.8675
2025-11-12 18:00:00,105.48144845264005,88.9275
2025-11-12 19:00:00,100.61690624999622,80.945
2025-11-12 20:00:00,97.07137775030897,76.905
2025-11-12 21:00:00,94.41517441205431,75.545
2025-11-12 22:00:00,89.71074390243544,56.934999999999995
2025-11-12 23:00:00,87.86051344870883,32.917500000000004
2025-11-13 00:00:00,81.86080139670304,18.9725
2025-11-13 01:00:00,63.1662967674255,11.1875
2025-11-13 02:00:00,81.67000276242746,7.78
2025-11-13 03:00:00,81.8608013967025,6.0
2025-11-13 04:00:00,89.12174847059777,25.9725
2025-11-13 05:00:00,96.27261728008278,50.885000000000005
2025-11-13 06:00:00,97.85956206066143,76.845
2025-11-13 07:00:00,99.27364890966543,66.0825
2025-11-13 08:00:00,87.86051344870806,53.61
2025-11-13 09:00:00,19.979914529910943,50.3225
2025-11-13 10:00:00,16.740698794112006,42.96
2025-11-13 11:00:00,-3.241426261338418,48.089999999999996
2025-11-13 12:00:00,-3.2560521162563845,60.5725
2025-11-13 13:00:00,11.212963005985017,77.335
2025-11-13 14:00:00,41.37580040544355,101.66499999999999
2025-11-13 15:00:00,97.07137775030853,111.5125
2025-11-13 16:00:00,109.52205610490189,130.1
2025-11-13 17:00:00,109.50197308165102,131.8025
2025-11-13 18:00:00,109.46180749671446,129.8875
2025-11-13 19:00:00,109.37106563743671,111.845
2025-11-13 20:00:00,109.25215176530817,116.60749999999999
2025-11-13 21:00:00,109.18533176963439,110.58500000000001
2025-11-13 22:00:00,109.29752774844734,102.77250000000001
2025-11-13 23:00:00,109.18855328891004,98.4425
2025-11-14 00:00:00,107.148376440518,95.8025
2025-11-14 01:00:00,105.50118193049182,94.9325
2025-11-14 02:00:00,103.60896776131409,91.53
2025-11-14 03:00:00,103.60896776131418,92.13
2025-11-14 04:00:00,106.52904578642622,91.60249999999999
2025-11-14 05:00:00,110.70326512405255,112.7775
2025-11-14 06:00:00,112.30893258879124,138.3475
2025-11-14 07:00:00,110.7032651240528,136.385
2025-11-14 08:00:00,109.6075722514618,120.9025
2025-11-14 09:00:00,108.46469603401736,112.0275
2025-11-14 10:00:00,102.86846073839777,106.035
2025-11-14 11:00:00,100.32046409911007,101.225
2025-11-14 12:00:00,98.22129346317249,105.4225
2025-11-14 13:00:00,98.48341079697262,107.0625
2025-11-14 14:00:00,100.6169062499999,115.3925
2025-11-14 15:00:00,109.49135269334653,115.965
2025-11-14 16:00:00,113.18321269883835,131.57
2025-11-14 17:00:00,111.87152411760717,119.81
2025-11-14 18:00:00,110.7032651240529,106.49
2025-11-14 19:00:00,110.35766419641979,98.91499999999999
2025-11-14 20:00:00,107.93716454079836,93.1625
2025-11-14 21:00:00,103.37099243291287,97.015
2025-11-14 22:00:00,102.99082374501292,78.65
2025-11-14 23:00:00,98.22129346317286,77.3775
2025-11-15 00:00:00,97.85956206066552,77.95
2025-11-15 01:00:00,97.07137775031289,74.7175
2025-11-15 02:00:00,97.07137775031246,73.03
2025-11-15 03:00:00,97.07137775031262,72.2
2025-11-15 04:00:00,97.07137775031288,70.615
2025-11-15 05:00:00,97.85956206066518,68.1575
2025-11-15 06:00:00,97.85956206066516,77.055
2025-11-15 07:00:00,100.66654331474965,80.065
2025-11-15 08:00:00,102.20843016683693,85.235
2025-11-15 09:00:00,100.66654331474952,85.6125
2025-11-15 10:00:00,97.85956206066538,85.4225
2025-11-15 11:00:00,96.27261728008664,84.1925
2025-11-15 12:00:00,94.87131662251781,90.6675
2025-11-15 13:00:00,96.27261728008644,94.6525
2025-11-15 14:00:00,100.61690624999986,101.1925
2025-11-15 15:00:00,108.73750188405594,109.7925
2025-11-15 16:00:00,109.82531065474005,121.8
2025-11-15 17:00:00,109.44871777750022,121.52250000000001
2025-11-15 18:00:00,109.36832779579251,114.065
2025-11-15 19:00:00,109.3610659483397,109.125
2025-11-15 20:00:00,109.34479327635624,102.885
2025-11-15 21:00:00,109.30075501014468,101.7175
2025-11-15 22:00:00,109.3055670686966,97.8675
2025-11-15 23:00:00,109.15533093031836,93.7475
2025-11-16 00:00:00,108.72095450077258,95.0
2025-11-16 01:00:00,108.72095450077256,93.35
2025-11-16 02:00:00,108.33087904409811,91.45
2025-11-16 03:00:00,107.47047795384081,88.215
2025-11-16 04:00:00,107.14837644051822,91.13
2025-11-16 05:00:00,108.20709071387773,85.6725
2025-11-16 06:00:00,108.98106275953582,92.4875
2025-11-16 07:00:00,109.12681415823133,98.49
2025-11-16 08:00:00,109.14238996281543,101.185
2025-11-16 09:00:00,108.74795260521532,99.2775
2025-11-16 10:00:00,106.4142780404304,102.5675
2025-11-16 11:00:00,100.61690625000001,102.4675
2025-11-16 12:00:00,99.93355248744015,103.9975
2025-11-16 13:00:00,100.6169062499998,109.265
2025-11-16 14:00:00,107.14837644051822,116.72
2025-11-16 15:00:00,109.56081740094461,124.495
2025-11-16 16:00:00,110.70326512405268,129.3725
2025-11-16 17:00:00,110.70326512405263,125.21
2025-11-16 18:00:00,109.5471507116163,115.33
2025-11-16 19:00:00,109.35856140350863,102.7175
2025-11-16 20:00:00,109.35856140350862,91.41
2025-11-16 21:00:00,109.34135319876984,94.38499999999999
2025-11-16 22:00:00,109.32539518162923,86.5275
2025-11-16 23:00:00,106.65180456652773,88.29
2025-11-17 00:00:00,102.97797791120807,80.5575
2025-11-17 01:00:00,99.2736489096714,74.0875
2025-11-17 02:00:00,99.27364890967088,71.32249999999999
2025-11-17 03:00:00,99.27364890966987,74.095
2025-11-17 04:00:00,100.6665433147522,83.6
2025-11-17 05:00:00,109.20750466762445,89.59
2025-11-17 06:00:00,110.70326512405556,114.8675
2025-11-17 07:00:00,110.70326512406108,126.9925
2025-11-17 08:00:00,109.54681182576013,121.6875
2025-11-17 09:00:00,109.35019216022623,105.215
2025-11-17 10:00:00,108.98345793599644,84.3925
2025-11-17 11:00:00,100.61690625000678,77.805
2025-11-17 12:00:00,97.85956206066555,77.785
2025-11-17 13:00:00,97.07137775031268,87.035
2025-11-17 14:00:00,98.22129346317297,97.52
2025-11-17 15:00:00,109.09253001888081,107.32000000000001
2025-11-17 16:00:00,110.70326512405279,117.355
2025-11-17 17:00:00,110.70326512405263,116.49249999999999
2025-11-17 18:00:00,110.7032651240526,110.7025
2025-11-17 19:00:00,109.68547471491107,102.89
2025-11-17 20:00:00,109.44305197110947,92.69749999999999
2025-11-17 21:00:00,109.35856140350859,89.7075
2025-11-17 22:00:00,109.35856140350892,81.14
2025-11-17 23:00:00,109.35827331648353,84.88499999999999
2025-11-18 00:00:00,109.10881405098428,82.83
2025-11-18 01:00:00,108.9678076793227,79.0375
2025-11-18 02:00:00,107.14837644051818,77.7175
2025-11-18 03:00:00,107.14837644051822,80.5125
2025-11-18 04:00:00,109.06557544382653,83.4725
2025-11-18 05:00:00,109.35855446073516,91.0475
2025-11-18 06:00:00,109.71349670012063,104.735
2025-11-18 07:00:00,110.70326512405268,119.84
2025-11-18 08:00:00,109.3503273682241,107.45
2025-11-18 09:00:00,108.97481993516497,92.1275
2025-11-18 10:00:00,107.03874750059558,88.7975
2025-11-18 11:00:00,99.00973968297372,89.2
2025-11-18 12:00:00,98.22129346317305,90.6
2025-11-18 13:00:00,97.85956206066564,96.575
2025-11-18 14:00:00,100.61690625000003,120.595
2025-11-18 15:00:00,109.16307079034297,141.9125
2025-11-18 16:00:00,110.7032651240526,151.66
2025-11-18 17:00:00,110.83523987942927,143.8025
2025-11-18 18:00:00,110.70326512405262,131.15
2025-11-18 19:00:00,109.77338115821252,107.13
2025-11-18 20:00:00,109.36360050479932,94.6425
2025-11-18 21:00:00,109.35856140350882,97.4825
2025-11-18 22:00:00,109.35856140350921,89.9625
2025-11-18 23:00:00,109.35856140350886,87.3775
2025-11-19 00:00:00,107.14837644051792,86.225
2025-11-19 01:00:00,102.20524595851602,84.1675
2025-11-19 02:00:00,102.51535666297731,83.185
2025-11-19 03:00:00,102.54763846991743,84.3925
2025-11-19 04:00:00,107.99071749030493,87.0025
2025-11-19 05:00:00,109.54829374595438,99.03
2025-11-19 06:00:00,112.9953474294849,127.03
2025-11-19 07:00:00,115.60662378739005,136.67000000000002
2025-11-19 08:00:00,109.73123779319198,115.1625
2025-11-19 09:00:00,109.3545996442373,97.52250000000001
2025-11-19 10:00:00,109.2392806283009,91.62
2025-11-19 11:00:00,100.61690624999999,89.59
2025-11-19 12:00:00,98.221293463173,93.5975
2025-11-19 13:00:00,99.27364890966969,104.62
2025-11-19 14:00:00,103.0013156561222,113.05
2025-11-19 15:00:00,110.70326512405272,117.8075
2025-11-19 16:00:00,115.66675140229378,127.5675
2025-11-19 17:00:00,115.60662378739052,119.19
2025-11-19 18:00:00,115.60662378739049,119.05
2025-11-19 19:00:00,110.70326512405258,105.6875
2025-11-19 20:00:00,109.53966620033461,100.225
2025-11-19 21:00:00,109.37850995224413,99.17
2025-11-19 22:00:00,109.35266727171869,91.885
2025-11-19 23:00:00,109.28591568562543,90.6275
2025-11-20 00:00:00,109.26839069004902,88.0925
2025-11-20 01:00:00,109.2620345512293,87.0325
2025-11-20 02:00:00,109.2762563387792,86.795
2025-11-20 03:00:00,109.29149102383728,87.125
2025-11-20 04:00:00,109.3515704807999,90.5025
2025-11-20 05:00:00,109.6983572359773,103.6825
2025-11-20 06:00:00,115.60662378739033,144.4075
2025-11-20 07:00:00,116.42724154866164,155.715
2025-11-20 08:00:00,110.98434789655262,153.655
2025-11-20 09:00:00,109.52079917840439,141.27
2025-11-20 10:00:00,109.3580360086943,129.3025
2025-11-20 11:00:00,109.06686128703669,125.055
2025-11-20 12:00:00,107.71207191094034,126.1
2025-11-20 13:00:00,107.73092993261322,134.2025
2025-11-20 14:00:00,109.27935960754638,149.685
2025-11-20 15:00:00,112.47569720569902,175.82999999999998
2025-11-20 16:00:00,116.61250018391246,175.4725
2025-11-20 17:00:00,116.43707201751779,163.25
2025-11-20 18:00:00,116.41049999999986,156.01749999999998
2025-11-20 19:00:00,116.4105000000002,137.1025
2025-11-20 20:00:00,113.63949367666069,120.7525
2025-11-20 21:00:00,109.94631471919591,108.235
2025-11-20 22:00:00,109.50508176390312,93.7625
2025-11-20 23:00:00,109.35859643399067,101.5525
2025-11-21 00:00:00,109.35858321603337,94.14
2025-11-21 01:00:00,109.35855789072401,90.2825
2025-11-21 02:00:00,109.35856330579081,90.185
2025-11-21 03:00:00,109.35857236438027,93.625
2025-11-21 04:00:00,109.35856263217978,101.865
2025-11-21 05:00:00,110.70326512405255,133.525
2025-11-21 06:00:00,116.42449872503452,180.42000000000002
2025-11-21 07:00:00,116.64938355451136,205.3825
2025-11-21 08:00:00,116.42191590442431,181.82999999999998
2025-11-21 09:00:00,109.75236891735034,151.015
2025-11-21 10:00:00,109.35858142970858,137.72
2025-11-21 11:00:00,108.86588700223008,130.3425
2025-11-21 12:00:00,108.60875979338307,135.57500000000002
2025-11-21 13:00:00,108.86308612103099,153.7525
2025-11-21 14:00:00,109.35441653888267,196.8375
2025-11-21 15:00:00,115.60662378739066,251.87
2025-11-21 16:00:00,116.61321332204194,250.0075
2025-11-21 17:00:00,116.6493835545114,205.0875
2025-11-21 18:00:00,116.64938355451132,171.3675
2025-11-21 19:00:00,116.4105,141.95
2025-11-21 20:00:00,116.41050000000003,117.3075
2025-11-21 21:00:00,110.70326512405275,104.9
2025-11-21 22:00:00,109.5006556068317,95.0325
2025-11-21 23:00:00,109.35856140350877,102.2475
2025-11-22 00:00:00,109.35857621042332,94.6
2025-11-22 01:00:00,109.35843713560979,88.44
2025-11-22 02:00:00,109.35829640785592,85.2775
2025-11-22 03:00:00,109.35823402514657,86.0975
2025-11-22 04:00:00,109.35823619835331,85.2775
2025-11-22 05:00:00,109.35825637869817,90.52250000000001
2025-11-22 06:00:00,109.35851548569197,106.7475
2025-11-22 07:00:00,109.35856140350846,104.21000000000001
2025-11-22 08:00:00,109.35751387753511,89.1175
2025-11-22 09:00:00,102.55846292801813,82.00999999999999
2025-11-22 10:00:00,97.07137775031286,78.58
2025-11-22 11:00:00,87.86051344871238,76.2825
2025-11-22 12:00:00,21.917542749235324,75.3675
2025-11-22 13:00:00,35.930900000000065,81.645
2025-11-22 14:00:00,87.86051344871235,88.965
2025-11-22 15:00:00,100.66654331474986,105.0
2025-11-22 16:00:00,109.38286814338339,114.455
2025-11-22 17:00:00,109.36326424142244,109.2525
2025-11-22 18:00:00,109.35103199732063,98.33
2025-11-22 19:00:00,109.34314490127947,86.61
2025-11-22 20:00:00,109.35856140350877,89.2475
2025-11-22 21:00:00,109.35856140350856,89.4275
2025-11-22 22:00:00,109.35856140350863,82.23
2025-11-22 23:00:00,104.30752147902282,81.5275
2025-11-23 00:00:00,102.12996922588067,74.35249999999999
2025-11-23 01:00:00,100.66654331474992,70.44
2025-11-23 02:00:00,100.61690625000001,63.230000000000004
2025-11-23 03:00:00,99.27364890966948,60.885
2025-11-23 04:00:00,98.22129346317307,64.21
2025-11-23 05:00:00,98.22129346317284,62.03
2025-11-23 06:00:00,99.2736489096697,67.9825
2025-11-23 07:00:00,100.61690624999984,67.8325
2025-11-23 08:00:00,98.22129346317317,65.96
2025-11-23 09:00:00,96.27261728008655,65.985
2025-11-23 10:00:00,35.93089999999985,66.69
2025-11-23 11:00:00,25.772289418195705,67.8625
2025-11-23 12:00:00,22.493529726867784,65.4575
2025-11-23 13:00:00,22.403376516558232,69.42750000000001
2025-11-23 14:00:00,22.04841432107292,77.28999999999999
2025-11-23 15:00:00,78.80748559566528,77.8875
2025-11-23 16:00:00,101.587659986427,80.84
2025-11-23 17:00:00,102.06990997951668,82.54249999999999
2025-11-23 18:00:00,100.66654331474965,83.7975
2025-11-23 19:00:00,100.61690625000001,77.4125
2025-11-23 20:00:00,100.61690625000003,74.16
2025-11-23 21:00:00,100.61690625000001,75.1675
2025-11-23 22:00:00,101.81374433354434,71.2625
2025-11-23 23:00:00,99.23549808495333,72.4575
2025-11-24 00:00:00,97.85956206066557,70.0625
2025-11-24 01:00:00,97.85956206066554,72.255
2025-11-24 02:00:00,96.27261728008678,73.275
2025-11-24 03:00:00,97.07137775031265,73.755
2025-11-24 04:00:00,98.22129346317301,80.065
2025-11-24 05:00:00,108.77845388466618,90.3075
2025-11-24 06:00:00,110.50966101197449,104.3925
2025-11-24 07:00:00,110.70326512405275,107.785
2025-11-24 08:00:00,110.70326512405269,110.25999999999999
2025-11-24 09:00:00,109.45341279544346,117.44749999999999
2025-11-24 10:00:00,109.4534127954435,128.0375
2025-11-24 11:00:00,109.4078516155214,134.235
2025-11-24 12:00:00,109.40525995177777,149.9925
2025-11-24 13:00:00,109.66886717303151,173.5375
2025-11-24 14:00:00,113.63949367666069,195.8125
2025-11-24 15:00:00,115.9673563164867,225.775
2025-11-24 16:00:00,116.4358987825752,263.4825
2025-11-24 17:00:00,116.48454713595295,230.5875
2025-11-24 18:00:00,116.39611736194007,188.305
2025-11-24 19:00:00,115.60662378739066,151.185
2025-11-24 20:00:00,113.98103381745182,135.235
2025-11-24 21:00:00,110.70326512405256,123.035
2025-11-24 22:00:00,109.50573547296744,105.405
2025-11-24 23:00:00,109.37178397572742,100.9
2025-11-25 00:00:00,109.38385733890323,99.1525
2025-11-25 01:00:00,109.41593836283549,97.5875
2025-11-25 02:00:00,109.41781267387417,96.0975
2025-11-25 03:00:00,109.45733781824919,99.50999999999999
2025-11-25 04:00:00,110.70326512405272,106.72999999999999
2025-11-25 05:00:00,113.63949367666058,122.4075
2025-11-25 06:00:00,116.03659848126938,291.02
2025-11-25 07:00:00,116.18340369674732,333.275
2025-11-25 08:00:00,116.64938355451153,292.65
2025-11-25 09:00:00,116.6493835545115,273.085
2025-11-25 10:00:00,115.60662378739042,326.6275
2025-11-25 11:00:00,111.48956213763135,351.0
2025-11-25 12:00:00,113.63949367666058,317.65250000000003
2025-11-25 13:00:00,115.24575409108152,300.0
2025-11-25 14:00:00,115.62245557885629,309.995
2025-11-25 15:00:00,115.60662378739062,325.0825
2025-11-25 16:00:00,115.8800626949483,373.3125
2025-11-25 17:00:00,115.94694860739033,297.905
2025-11-25 18:00:00,115.84943482856804,249.3725
2025-11-25 19:00:00,115.79410877849254,172.835
2025-11-25 20:00:00,112.86667079366643,135.02
2025-11-25 21:00:00,109.75482078354852,119.155
2025-11-25 22:00:00,109.48688531480764,102.035
2025-11-25 23:00:00,109.35856140350876,92.85499999999999
2025-11-26 00:00:00,109.35854670404761,89.94999999999999
2025-11-26 01:00:00,109.35854486744805,88.325
2025-11-26 02:00:00,109.358545894977,89.435
2025-11-26 03:00:00,109.35852270778601,89.80250000000001
2025-11-26 04:00:00,109.37452533023097,97.25
2025-11-26 05:00:00,113.63949367666045,129.8225
2025-11-26 06:00:00,116.5582505262233,191.17
2025-11-26 07:00:00,116.64938355451129,237.2225
2025-11-26 08:00:00,116.57209466660939,211.8475
2025-11-26 09:00:00,116.5257938076005,197.1375
2025-11-26 10:00:00,110.70326512405389,170.4975
2025-11-26 11:00:00,110.7032651240526,164.6825
2025-11-26 12:00:00,110.70326512405563,168.2375
2025-11-26 13:00:00,110.70326512405734,184.49
2025-11-26 14:00:00,115.6066237873906,223.7225
2025-11-26 15:00:00,116.64938355451115,294.3775
2025-11-26 16:00:00,116.74566843450185,294.61
2025-11-26 17:00:00,117.31890425259611,228.93
2025-11-26 18:00:00,117.33254891134607,183.675
2025-11-26 19:00:00,116.41050000000328,141.26
2025-11-26 20:00:00,116.41050000000196,114.9475
2025-11-26 21:00:00,109.75992759552133,101.9925
2025-11-26 22:00:00,109.35856140350823,90.1875
2025-11-26 23:00:00,109.35856140350624,89.945
2025-11-27 00:00:00,109.35856140350703,84.275
2025-11-27 01:00:00,109.30705303638335,79.9475
2025-11-27 02:00:00,107.14837644051862,77.3425
2025-11-27 03:00:00,107.14837644051048,79.94749999999999
2025-11-27 04:00:00,109.3041444076474,82.0775
2025-11-27 05:00:00,109.38576414012911,112.22
2025-11-27 06:00:00,110.7032651240489,122.0
2025-11-27 07:00:00,110.70326512404415,123.10499999999999
2025-11-27 08:00:00,109.28613229515184,106.9525
2025-11-27 09:00:00,109.07852383175978,90.9475
2025-11-27 10:00:00,101.68403475159792,88.66499999999999
2025-11-27 11:00:00,97.07137775030671,87.0625
2025-11-27 12:00:00,89.71074390243558,85.75999999999999
2025-11-27 13:00:00,96.27261728007936,89.2475
2025-11-27 14:00:00,98.22129346317047,90.6
2025-11-27 15:00:00,106.33208466913968,90.42999999999999
2025-11-27 16:00:00,109.07315113619943,97.5075
2025-11-27 17:00:00,108.88754045286178,101.3925
2025-11-27 18:00:00,108.7766047592358,88.27
2025-11-27 19:00:00,108.84647036989443,85.39750000000001
2025-11-27 20:00:00,102.94676213946778,80.625
2025-11-27 21:00:00,100.66654331469668,85.105
2025-11-27 22:00:00,101.13084597113972,69.45750000000001
2025-11-27 23:00:00,99.27364890965437,60.84
2025-11-28 00:00:00,98.2212934631627,55.0
2025-11-28 01:00:00,98.2212934631627,52.93
2025-11-28 02:00:00,98.2212934631671,47.8825
2025-11-28 03:00:00,98.2212934631627,58.375
2025-11-28 04:00:00,99.27364890967138,61.04
2025-11-28 05:00:00,107.4658508792824,82.8625
2025-11-28 06:00:00,108.81132931625761,87.82
2025-11-28 07:00:00,110.7032651240423,100.475
2025-11-28 08:00:00,109.39737305806624,103.4
2025-11-28 09:00:00,109.35856140350892,97.845
2025-11-28 10:00:00,109.35836002881219,102.82
2025-11-28 11:00:00,109.3551105161796,98.7125
2025-11-28 12:00:00,104.82693199764246,99.44999999999999
2025-11-28 13:00:00,103.34463394720832,98.78999999999999
2025-11-28 14:00:00,108.33289722303213,104.67
2025-11-28 15:00:00,109.89497609739578,103.4
2025-11-28 16:00:00,110.70326512405276,96.1575
2025-11-28 17:00:00,110.70326512405275,98.125
2025-11-28 18:00:00,110.70326512405319,93.32
2025-11-28 19:00:00,109.08534153740963,88.45750000000001
2025-11-28 20:00:00,109.31155686399757,85.41
2025-11-28 21:00:00,109.25271824905946,85.545
2025-11-28 22:00:00,109.07696395730416,77.83
2025-11-28 23:00:00,102.79819961529654,81.72999999999999
2025-11-29 00:00:00,100.66654331475029,80.89750000000001
2025-11-29 01:00:00,100.6665433147502,81.33500000000001
2025-11-29 02:00:00,100.6665433147502,82.5575
2025-11-29 03:00:00,101.80852716669168,85.6975
2025-11-29 04:00:00,101.96320678656195,89.9975
2025-11-29 05:00:00,107.14837644051849,90.8875
2025-11-29 06:00:00,109.08223018913336,96.175
2025-11-29 07:00:00,109.3585614035078,89.15
2025-11-29 08:00:00,109.35856140350771,101.58250000000001
2025-11-29 09:00:00,109.32990098604573,101.44
2025-11-29 10:00:00,109.18564421497155,95.2625
2025-11-29 11:00:00,108.10109259259272,86.0975
2025-11-29 12:00:00,99.27364890966959,87.9575
2025-11-29 13:00:00,99.27364890966965,91.72749999999999
2025-11-29 14:00:00,100.61690625000003,102.7225
2025-11-29 15:00:00,108.95229421520801,102.645
2025-11-29 16:00:00,109.33260506046275,107.08500000000001
2025-11-29 17:00:00,109.30717074803005,98.13
2025-11-29 18:00:00,109.22018629830093,88.43
2025-11-29 19:00:00,108.92863426993384,81.1125
2025-11-29 20:00:00,105.74367438343545,80.8
2025-11-29 21:00:00,101.7798112150166,83.49000000000001
2025-11-29 22:00:00,101.81544954809372,77.72749999999999
2025-11-29 23:00:00,99.41764078270946,75.9725
2025-11-30 00:00:00,98.2212934631731,69.7825
2025-11-30 01:00:00,97.85956206066555,67.4375
2025-11-30 02:00:00,97.07137775031242,65.355
2025-11-30 03:00:00,97.07137775031232,67.0
2025-11-30 04:00:00,97.07137775031242,74.2925
2025-11-30 05:00:00,98.22129346317305,75.5775
2025-11-30 06:00:00,99.243139760372,75.975
2025-11-30 07:00:00,101.7893703608208,79.84
2025-11-30 08:00:00,106.32729036951848,80.65
2025-11-30 09:00:00,101.81953655906602,84.4225
2025-11-30 10:00:00,100.66654331474979,81.5425
2025-11-30 11:00:00,97.85956206066561,80.695
2025-11-30 12:00:00,87.86051344871213,82.5175
2025-11-30 13:00:00,95.40159635867252,87.5475
2025-11-30 14:00:00,98.22129346317294,93.5775
2025-11-30 15:00:00,108.97406996874295,92.81
2025-11-30 16:00:00,109.34012832461924,104.0475
2025-11-30 17:00:00,109.28715148097677,106.2125
2025-11-30 18:00:00,109.28713881681797,104.1275
2025-11-30 19:00:00,109.29355157978152,97.525
2025-11-30 20:00:00,109.27852693525992,92.93
2025-11-30 21:00:00,109.26812242540818,92.5975
2025-11-30 22:00:00,109.24408537939956,87.1275
2025-11-30 23:00:00,101.8050077040124,87.995
2025-12-01 00:00:00,100.66654331474976,86.02250000000001
2025-12-01 01:00:00,99.27777729862386,81.34
2025-12-01 02:00:00,99.28472262642845,85.14
2025-12-01 03:00:00,100.61690625000011,80.2575
2025-12-01 04:00:00,101.81518946920141,88.745
2025-12-01 05:00:00,109.34707738617705,88.625
2025-12-01 06:00:00,110.7032651240522,127.86
2025-12-01 07:00:00,110.70326512405182,139.3325
2025-12-01 08:00:00,109.5408354141555,105.095
2025-12-01 09:00:00,109.32402019584276,93.7325
2025-12-01 10:00:00,103.99022201543683,85.96
2025-12-01 11:00:00,100.61690624999974,85.01750000000001
2025-12-01 12:00:00,97.07137775031251,90.07
2025-12-01 13:00:00,97.07137775031245,107.2175
2025-12-01 14:00:00,100.66654331474969,120.3225
2025-12-01 15:00:00,109.06830297271112,112.965
2025-12-01 16:00:00,109.5238189314854,94.4125
2025-12-01 17:00:00,108.89862726930876,88.9925
2025-12-01 18:00:00,108.18368649570286,86.7675
2025-12-01 19:00:00,106.92944729641532,82.3
2025-12-01 20:00:00,103.00934527970323,75.95
2025-12-01 21:00:00,100.61690624999979,76.43
2025-12-01 22:00:00,98.81491747912379,71.80250000000001
2025-12-01 23:00:00,97.07137775031252,65.7775
2025-12-02 00:00:00,96.27261728008641,58.82
2025-12-02 01:00:00,96.27261728008662,54.935
2025-12-02 02:00:00,92.1390610769524,53.7325
2025-12-02 03:00:00,91.48432598954503,50.4675
2025-12-02 04:00:00,97.07137775031232,64.585
2025-12-02 05:00:00,100.61690624999937,78.5125
2025-12-02 06:00:00,108.83351768034379,87.7875
2025-12-02 07:00:00,109.26572017580378,87.65
2025-12-02 08:00:00,109.02685149031593,88.28
2025-12-02 09:00:00,108.73349844623755,85.8325
2025-12-02 10:00:00,109.09568174320768,86.7225
2025-12-02 11:00:00,107.47122796768349,87.44749999999999
2025-12-02 12:00:00,102.93925855836218,97.035
2025-12-02 13:00:00,107.45482158595892,105.0075
2025-12-02 14:00:00,109.1867913728566,140.37
2025-12-02 15:00:00,113.38989986932219,136.34
2025-12-02 16:00:00,115.60662378739083,151.64
2025-12-02 17:00:00,116.41049999999998,162.14249999999998
2025-12-02 18:00:00,116.3939781185255,163.2025
2025-12-02 19:00:00,116.36904020441125,154.885
2025-12-02 20:00:00,115.60662378739065,129.3475
2025-12-02 21:00:00,110.70326512405266,119.2225
2025-12-02 22:00:00,109.55573305064662,99.1375
2025-12-02 23:00:00,109.35856140350883,90.83500000000001
2025-12-03 00:00:00,109.35856140350883,89.0725
2025-12-03 01:00:00,109.35856140350883,90.25750000000001
2025-12-03 02:00:00,109.35856140350882,89.8775
2025-12-03 03:00:00,109.35525767221822,90.02
2025-12-03 04:00:00,109.55456622127319,98.98
2025-12-03 05:00:00,115.6066237873908,150.945
2025-12-03 06:00:00,116.42141403106716,200.0
2025-12-03 07:00:00,116.73989511921785,249.9975
2025-12-03 08:00:00,116.64938355451147,219.89
2025-12-03 09:00:00,116.41724858372899,187.18
2025-12-03 10:00:00,115.60662378739065,173.3725
2025-12-03 11:00:00,110.70326512405278,167.725
2025-12-03 12:00:00,111.41380814411451,181.4075
2025-12-03 13:00:00,111.59745009131663,199.9375
2025-12-03 14:00:00,116.38779299863408,242.5625
2025-12-03 15:00:00,116.53038483543241,308.35
2025-12-03 16:00:00,116.82307673867012,259.6025
2025-12-03 17:00:00,116.8230767386706,204.12
2025-12-03 18:00:00,116.64938355451166,172.6275
2025-12-03 19:00:00,116.41049999999672,146.24
2025-12-03 20:00:00,115.60662378739057,124.82499999999999
2025-12-03 21:00:00,110.7032651240529,113.405
2025-12-03 22:00:00,109.61177279368927,104.135
2025-12-03 23:00:00,109.37608975306644,97.3825
2025-12-04 00:00:00,109.355925524583,93.8825
2025-12-04 01:00:00,109.35532468119087,90.8325
2025-12-04 02:00:00,109.34040622813535,90.3575
2025-12-04 03:00:00,109.34040622813507,92.3275
2025-12-04 04:00:00,109.7938257686447,96.755
2025-12-04 05:00:00,113.63949367666001,124.86500000000001
2025-12-04 06:00:00,115.81143735673595,128.41
2025-12-04 07:00:00,115.82796415791101,144.7025
2025-12-04 08:00:00,115.79775592250361,163.985
2025-12-04 09:00:00,115.60662378739069,138.405
2025-12-04 10:00:00,110.7032651240526,148.0925
2025-12-04 11:00:00,109.44987225416858,141.9625
2025-12-04 12:00:00,109.27585467358176,145.1825
2025-12-04 13:00:00,109.8208136013771,152.0675
2025-12-04 14:00:00,110.70326512405266,150.9925
2025-12-04 15:00:00,115.60662378739055,145.1975
2025-12-04 16:00:00,115.82583614236991,144.6975
2025-12-04 17:00:00,116.40939788686832,142.33249999999998
2025-12-04 18:00:00,116.28125377053763,134.985
2025-12-04 19:00:00,115.57359350381876,118.6025
2025-12-04 20:00:00,110.7032651240526,103.35249999999999
2025-12-04 21:00:00,109.72793144714423,109.0375
2025-12-04 22:00:00,109.43579142059089,98.2575
2025-12-04 23:00:00,109.35856171954256,95.7425
2025-12-05 00:00:00,109.35846219100323,93.8625
2025-12-05 01:00:00,109.3584643296021,90.92
2025-12-05 02:00:00,109.35845371825201,90.5675
2025-12-05 03:00:00,109.35862085788503,94.03
2025-12-05 04:00:00,109.50623302395368,100.8725
2025-12-05 05:00:00,116.3356338780694,123.99
2025-12-05 06:00:00,116.44375990412637,162.4175
2025-12-05 07:00:00,117.27946120072711,184.4325
2025-12-05 08:00:00,116.64938355451156,184.145
2025-12-05 09:00:00,116.41760462755181,171.3475
2025-12-05 10:00:00,116.64938355451139,167.51500000000001
2025-12-05 11:00:00,113.28495782180678,161.56
2025-12-05 12:00:00,111.81402520205909,157.4475
2025-12-05 13:00:00,112.45497075649374,161.1775
2025-12-05 14:00:00,115.60662378739063,162.3475
2025-12-05 15:00:00,116.25515329874408,169.4975
2025-12-05 16:00:00,116.64938355451112,158.305
2025-12-05 17:00:00,115.9582704740304,147.2475
2025-12-05 18:00:00,115.80317340952777,131.54
2025-12-05 19:00:00,115.60662378739019,115.15
2025-12-05 20:00:00,110.70326512405268,97.55499999999999
2025-12-05 21:00:00,109.41879995946626,93.08
2025-12-05 22:00:00,109.35239972283162,84.1225
2025-12-05 23:00:00,107.14837644051775,82.08
2025-12-06 00:00:00,100.61690624999991,76.9725
2025-12-06 01:00:00,98.22129346317281,73.63
2025-12-06 02:00:00,97.85956206066558,70.01
2025-12-06 03:00:00,97.85956206066558,67.42750000000001
2025-12-06 04:00:00,97.0713777503127,64.9725
2025-12-06 05:00:00,97.07137775031228,64.585
2025-12-06 06:00:00,97.07137775031245,67.87
2025-12-06 07:00:00,98.22129346317317,78.6125
2025-12-06 08:00:00,100.61690624999991,80.94
2025-12-06 09:00:00,100.61690624999989,82.295
2025-12-06 10:00:00,102.2039234375479,80.6125
2025-12-06 11:00:00,97.85956206066561,80.615
2025-12-06 12:00:00,87.86051344871208,81.325
2025-12-06 13:00:00,92.54273178553268,86.1725
2025-12-06 14:00:00,96.27261728008715,91.02250000000001
2025-12-06 15:00:00,98.22129346317315,95.5875
2025-12-06 16:00:00,107.36829085085839,95.1175
2025-12-06 17:00:00,107.46043462778877,89.1825
2025-12-06 18:00:00,107.14837644051846,89.655
2025-12-06 19:00:00,101.67829693686565,83.385
2025-12-06 20:00:00,100.61690625000021,80.61
2025-12-06 21:00:00,100.61690625000026,76.495
2025-12-06 22:00:00,99.27364890966979,71.565
2025-12-06 23:00:00,97.85956206066594,67.32249999999999
2025-12-07 00:00:00,97.07137775031276,60.995000000000005
2025-12-07 01:00:00,96.27261728008689,59.4225
2025-12-07 02:00:00,87.86051344871201,58.56
2025-12-07 03:00:00,87.8605134487124,62.075
2025-12-07 04:00:00,89.71074390243932,62.004999999999995
2025-12-07 05:00:00,96.2726172800869,63.72
2025-12-07 06:00:00,97.85956206066561,71.83500000000001
2025-12-07 07:00:00,102.33139889076435,77.9975
2025-12-07 08:00:00,106.88110258112609,85.555
2025-12-07 09:00:00,106.30141579787188,90.53
2025-12-07 10:00:00,100.61690625,91.9225
2025-12-07 11:00:00,97.85956206066557,97.4375
2025-12-07 12:00:00,97.0713777503128,99.57249999999999
2025-12-07 13:00:00,97.85956206066558,104.145
2025-12-07 14:00:00,99.27364890966962,105.735
2025-12-07 15:00:00,102.71492777527475,109.6075
2025-12-07 16:00:00,108.36229762366195,111.82
2025-12-07 17:00:00,109.24475883089492,96.88
2025-12-07 18:00:00,107.14837644051822,87.4625
2025-12-07 19:00:00,100.61690625000021,83.75999999999999
2025-12-07 20:00:00,96.27261728008683,73.72
2025-12-07 21:00:00,87.86051344871242,65.5975
2025-12-07 22:00:00,63.65631975529769,41.7375
2025-12-07 23:00:00,29.31055773468001,19.27
2025-12-08 00:00:00,20.21801336529563,11.09
2025-12-08 01:00:00,19.979914529914556,11.6625
2025-12-08 02:00:00,19.97991452991461,5.59
2025-12-08 03:00:00,19.97991452991466,12.89
2025-12-08 04:00:00,33.42393791800166,28.655
2025-12-08 05:00:00,96.27261728008689,64.3175
2025-12-08 06:00:00,98.80817818969466,82.84
2025-12-08 07:00:00,101.60271710525521,100.0
2025-12-08 08:00:00,105.72750179689814,98.3375
2025-12-08 09:00:00,100.66654331474975,86.0375
2025-12-08 10:00:00,100.66654331474975,79.99000000000001
2025-12-08 11:00:00,97.07137775031268,79.3475
2025-12-08 12:00:00,96.27261728008675,86.845
2025-12-08 13:00:00,97.07137775031268,94.08
2025-12-08 14:00:00,98.22129346317297,100.145
2025-12-08 15:00:00,100.61690625,101.075
2025-12-08 16:00:00,109.2078388568381,109.85
2025-12-08 17:00:00,109.20734140213285,100.2625
2025-12-08 18:00:00,108.66018987638871,96.63499999999999
2025-12-08 19:00:00,107.46038993929632,89.345
2025-12-08 20:00:00,105.68978503110709,83.5175
2025-12-08 21:00:00,101.13269600101206,80.21
2025-12-08 22:00:00,100.61690625000004,73.2525
2025-12-08 23:00:00,98.9837678810606,73.69749999999999
2025-12-09 00:00:00,98.22045355338203,72.785
2025-12-09 01:00:00,96.27261728008705,73.7125
2025-12-09 02:00:00,96.272617280087,74.845
2025-12-09 03:00:00,97.07137775031296,73.72
2025-12-09 04:00:00,98.22129346317327,80.205
2025-12-09 05:00:00,103.21765761259232,98.8475
2025-12-09 06:00:00,110.70326512405273,105.78999999999999
2025-12-09 07:00:00,110.70326512405272,129.75
2025-12-09 08:00:00,109.77701204905918,111.335
2025-12-09 09:00:00,109.23609421660929,103.06
2025-12-09 10:00:00,106.84461857858196,103.34
2025-12-09 11:00:00,102.67117315267737,97.83
2025-12-09 12:00:00,100.61690625,101.1
2025-12-09 13:00:00,100.61690624999994,100.22
2025-12-09 14:00:00,100.66654331474975,110.88499999999999
2025-12-09 15:00:00,110.70326512405242,108.3
2025-12-09 16:00:00,110.88478898162441,104.5675
2025-12-09 17:00:00,110.70326512405279,96.91
2025-12-09 18:00:00,110.31738773853074,85.1025
2025-12-09 19:00:00,107.14837644051802,83.67
2025-12-09 20:00:00,99.27364890966959,79.35499999999999
2025-12-09 21:00:00,97.85956206066584,73.3325
2025-12-09 22:00:00,97.85956206066595,55.42
2025-12-09 23:00:00,96.27261728008676,43.9
2025-12-10 00:00:00,89.12174847060211,36.480000000000004
2025-12-10 01:00:00,87.86051344871184,31.0
2025-12-10 02:00:00,87.86051344871183,35.1125
2025-12-10 03:00:00,87.8605134487124,48.089999999999996
2025-12-10 04:00:00,97.07137775031266,69.65
2025-12-10 05:00:00,100.61690625000045,79.12
2025-12-10 06:00:00,107.1483764405181,87.505
2025-12-10 07:00:00,109.00304545762694,94.33250000000001
2025-12-10 08:00:00,108.85534291701147,94.225
2025-12-10 09:00:00,109.28811452023247,87.72749999999999
2025-12-10 10:00:00,109.35856140350859,80.9975
2025-12-10 11:00:00,102.779693129152,79.5
2025-12-10 12:00:00,101.82177566664046,81.4425
2025-12-10 13:00:00,101.81996029358888,90.2225
2025-12-10 14:00:00,107.1483764405182,100.665
2025-12-10 15:00:00,109.25175623039868,104.0025
2025-12-10 16:00:00,110.70326512405268,105.6725
2025-12-10 17:00:00,110.70326512405279,104.695
2025-12-10 18:00:00,109.08234612217447,96.77250000000001
2025-12-10 19:00:00,108.01464447028218,87.75
2025-12-10 20:00:00,107.14837644051818,86.31
2025-12-10 21:00:00,101.65613611905518,82.485
2025-12-10 22:00:00,100.66654331474966,76.425
2025-12-10 23:00:00,98.84823514264033,73.975
2025-12-11 00:00:00,98.22129346317313,73.41749999999999
2025-12-11 01:00:00,97.85956206066547,72.515
2025-12-11 02:00:00,97.85956206066551,75.2075
2025-12-11 03:00:00,97.85956206066551,76.9125
2025-12-11 04:00:00,99.27364890966948,80.5925
2025-12-11 05:00:00,107.44365576908545,90.09
2025-12-11 06:00:00,108.78999039852368,98.11
2025-12-11 07:00:00,110.70326512405273,110.3575
2025-12-11 08:00:00,109.3947533028701,106.1675
2025-12-11 09:00:00,109.34325856057889,93.18
2025-12-11 10:00:00,109.358561403509,91.9175
2025-12-11 11:00:00,104.64098373820607,89.4
2025-12-11 12:00:00,100.61690625000018,90.22
2025-12-11 13:00:00,100.66654331474962,97.7875
2025-12-11 14:00:00,106.99674106407087,111.265
2025-12-11 15:00:00,109.298083703414,114.7
2025-12-11 16:00:00,110.70326512405241,115.405
2025-12-11 17:00:00,110.70326512405286,112.5675
2025-12-11 18:00:00,110.70326512405255,107.78999999999999
2025-12-11 19:00:00,109.4601947050894,103.6425
2025-12-11 20:00:00,109.23343259524552,94.3925
2025-12-11 21:00:00,109.33862133171783,93.58500000000001
2025-12-11 22:00:00,109.3450905122285,93.735
2025-12-11 23:00:00,109.35856140350916,83.78
2025-12-12 00:00:00,109.33238748487678,86.22
2025-12-12 01:00:00,109.32633620219504,87.9
2025-12-12 02:00:00,109.29117018783433,90.1825
2025-12-12 03:00:00,109.35132525716105,90.7075
2025-12-12 04:00:00,109.35301425296825,92.2125
2025-12-12 05:00:00,112.02641721654665,101.22749999999999
2025-12-12 06:00:00,115.69507315072843,121.325
2025-12-12 07:00:00,116.41049999999991,130.8525
2025-12-12 08:00:00,116.41050000000007,126.9025
2025-12-12 09:00:00,110.70326512405158,121.955
2025-12-12 10:00:00,109.35856140351004,118.30499999999999
2025-12-12 11:00:00,109.35856140351044,113.0675
2025-12-12 12:00:00,109.35856140350809,118.26
2025-12-12 13:00:00,109.36027190638092,126.8225
2025-12-12 14:00:00,110.7032651240529,131.9475
2025-12-12 15:00:00,115.6066237873892,145.4875
2025-12-12 16:00:00,116.2216116838692,146.825
2025-12-12 17:00:00,116.41049999999073,133.1
2025-12-12 18:00:00,116.41050000000116,128.0575
2025-12-12 19:00:00,116.31609529694576,117.0025
2025-12-12 20:00:00,112.31654144941454,114.92999999999999
2025-12-12 21:00:00,110.70326512405113,103.82
2025-12-12 22:00:00,109.45183192414542,91.7525
2025-12-12 23:00:00,109.35856140350757,92.2825
2025-12-13 00:00:00,109.35856140350944,90.5025
2025-12-13 01:00:00,109.33611549698335,87.39
2025-12-13 02:00:00,109.3280296277129,87.0425
2025-12-13 03:00:00,109.28207734026313,85.0
2025-12-13 04:00:00,109.2904923136854,84.66749999999999
2025-12-13 05:00:00,109.35352118389173,79.1425
2025-12-13 06:00:00,109.36656784798696,81.135
2025-12-13 07:00:00,109.4730965773285,95.9525
2025-12-13 08:00:00,109.44639111296823,106.77
2025-12-13 09:00:00,109.35856140351042,102.58500000000001
2025-12-13 10:00:00,109.31420751959497,98.0925
2025-12-13 11:00:00,103.6784583958776,93.7575
2025-12-13 12:00:00,98.22129346317288,92.935
2025-12-13 13:00:00,98.22129346317287,95.75750000000001
2025-12-13 14:00:00,99.27364890966965,114.6575
2025-12-13 15:00:00,110.5105237059004,119.7075
2025-12-13 16:00:00,111.9482877829752,118.4475
2025-12-13 17:00:00,110.70326512405245,112.255
2025-12-13 18:00:00,110.70326512405249,103.63
2025-12-13 19:00:00,109.46601324044812,91.7075
2025-12-13 20:00:00,109.34890180207366,90.5575
2025-12-13 21:00:00,109.34410350024118,93.685
2025-12-13 22:00:00,109.35856140350941,84.3875
2025-12-13 23:00:00,106.32794787910603,91.195
2025-12-14 00:00:00,101.80474882449693,90.52250000000001
2025-12-14 01:00:00,100.66654331474972,81.9
2025-12-14 02:00:00,100.61690625000003,79.95
2025-12-14 03:00:00,99.27364890966962,77.305
2025-12-14 04:00:00,99.27364890966949,78.7625
2025-12-14 05:00:00,99.27364890966948,77.175
2025-12-14 06:00:00,100.61690624999986,77.4725
2025-12-14 07:00:00,101.69588700294753,81.76
2025-12-14 08:00:00,104.6382841543912,82.345
2025-12-14 09:00:00,101.7646817001812,80.005
2025-12-14 10:00:00,100.66654331474966,84.0775
2025-12-14 11:00:00,97.07137775031268,87.27250000000001
2025-12-14 12:00:00,93.45585333837556,86.95750000000001
2025-12-14 13:00:00,96.27261728008673,88.65
2025-12-14 14:00:00,97.07137775031266,92.0975
2025-12-14 15:00:00,100.61690625,99.2825
2025-12-14 16:00:00,107.61069986686641,102.785
2025-12-14 17:00:00,108.40617133219502,103.2925
2025-12-14 18:00:00,107.97924134684077,92.99
2025-12-14 19:00:00,106.96456935766633,90.39750000000001
2025-12-14 20:00:00,101.1318196424683,84.4025
2025-12-14 21:00:00,100.66654331474987,82.65
2025-12-14 22:00:00,101.7956514531495,75.75
2025-12-14 23:00:00,99.26305809420604,72.5
2025-12-15 00:00:00,98.2212934631731,71.8775
2025-12-15 01:00:00,97.07137775031288,71.0375
2025-12-15 02:00:00,96.27261728008692,70.6675
2025-12-15 03:00:00,96.27261728008692,75.28
2025-12-15 04:00:00,97.8595620606659,76.8025
2025-12-15 05:00:00,101.59814611815594,86.525
2025-12-15 06:00:00,109.1742478205073,98.78999999999999
2025-12-15 07:00:00,109.45557774827944,101.1275
2025-12-15 08:00:00,108.91592269322372,96.64999999999999
2025-12-15 09:00:00,107.47094021666726,89.61500000000001
2025-12-15 10:00:00,101.6960070223566,79.7225
2025-12-15 11:00:00,98.22129346317318,79.77
2025-12-15 12:00:00,97.07137775031283,88.26
2025-12-15 13:00:00,97.07137775031319,95.4375
2025-12-15 14:00:00,99.27364890966957,107.3
2025-12-15 15:00:00,109.24902315770959,108.655
2025-12-15 16:00:00,110.70326512405265,104.21249999999999
2025-12-15 17:00:00,110.70326512405269,98.1575
2025-12-15 18:00:00,110.17499145510732,90.41749999999999
2025-12-15 19:00:00,109.21592641258597,84.25
2025-12-15 20:00:00,108.88256525913249,85.17
2025-12-15 21:00:00,107.46035978548291,84.9775
2025-12-15 22:00:00,108.9006764675521,80.4625
2025-12-15 23:00:00,107.14837644051832,80.67
2025-12-16 00:00:00,105.4591931772221,79.05250000000001
2025-12-16 01:00:00,102.79815628503708,77.0975
2025-12-16 02:00:00,102.20357149075944,79.0525
2025-12-16 03:00:00,102.32516368844625,80.3875
2025-12-16 04:00:00,109.05635071061819,82.3125
2025-12-16 05:00:00,109.48875398407327,88.4
2025-12-16 06:00:00,110.70326512405263,91.38499999999999
2025-12-16 07:00:00,115.2332329450013,100.4675
2025-12-16 08:00:00,113.81972929711324,101.265
2025-12-16 09:00:00,109.08387589123163,92.345
2025-12-16 10:00:00,109.22863060450798,90.6075
2025-12-16 11:00:00,107.14837644051812,91.5125
2025-12-16 12:00:00,104.79199745547726,99.885
2025-12-16 13:00:00,108.68302419271436,124.39750000000001
2025-12-16 14:00:00,109.54587810871418,139.3775
2025-12-16 15:00:00,115.34551226432676,155.3125
2025-12-16 16:00:00,116.13388609325291,162.20499999999998
2025-12-16 17:00:00,116.41049999999717,142.25
2025-12-16 18:00:00,116.41049999999717,137.0975
2025-12-16 19:00:00,116.41050000000016,128.85
2025-12-16 20:00:00,113.10631393276476,118.9425
2025-12-16 21:00:00,110.70326512405252,115.575
2025-12-16 22:00:00,109.46794484850498,103.42
2025-12-16 23:00:00,109.35856140350917,89.0025
2025-12-17 00:00:00,109.35856140350813,89.79
2025-12-17 01:00:00,109.3585614035082,86.4925
2025-12-17 02:00:00,109.35856140350867,85.025
2025-12-17 03:00:00,109.35856140350859,88.0775
2025-12-17 04:00:00,109.59525668000342,90.4975
2025-12-17 05:00:00,113.63949367666035,95.4875
2025-12-17 06:00:00,116.41049999999903,108.825
2025-12-17 07:00:00,116.64938355451112,133.46
2025-12-17 08:00:00,116.41049999999996,126.295
2025-12-17 09:00:00,115.27553172160006,124.535
2025-12-17 10:00:00,109.61693505777896,118.15
2025-12-17 11:00:00,109.35855442762765,111.895
2025-12-17 12:00:00,109.31923569109838,122.6575
2025-12-17 13:00:00,109.35974249597135,129.97
2025-12-17 14:00:00,110.70326512405268,127.5025
2025-12-17 15:00:00,115.60662378739065,126.4975
2025-12-17 16:00:00,116.15723549689751,122.825
2025-12-17 17:00:00,116.4104999999999,111.4
2025-12-17 18:00:00,116.3721361658858,97.505
2025-12-17 19:00:00,115.60662378739072,94.71000000000001
2025-12-17 20:00:00,110.70326512405265,94.7025
2025-12-17 21:00:00,109.29410520908876,93.2175
2025-12-17 22:00:00,109.34633814760177,85.0
2025-12-17 23:00:00,102.85279065210378,77.755
2025-12-18 00:00:00,100.66654331474943,69.065
2025-12-18 01:00:00,98.22129346317297,60.1275
2025-12-18 02:00:00,97.07137775031286,48.89
2025-12-18 03:00:00,97.07137775031268,44.817499999999995
2025-12-18 04:00:00,97.0713777503128,50.8275
2025-12-18 05:00:00,99.27364890966935,63.2425
2025-12-18 06:00:00,101.74131346122235,81.525
2025-12-18 07:00:00,105.06960042568495,90.74249999999999
2025-12-18 08:00:00,107.33424800956769,88.5575
2025-12-18 09:00:00,100.66654331474929,78.2825
2025-12-18 10:00:00,100.66654331474982,78.2875
2025-12-18 11:00:00,92.54273178553254,77.4225
2025-12-18 12:00:00,64.56434323461745,79.47749999999999
2025-12-18 13:00:00,66.7678081053986,103.755
2025-12-18 14:00:00,81.86080139670646,114.4925
2025-12-18 15:00:00,97.07137775031276,110.8825
2025-12-18 16:00:00,107.14837644051813,103.4175
2025-12-18 17:00:00,106.40175001837203,88.255
2025-12-18 18:00:00,101.06119451336214,80.14
2025-12-18 19:00:00,98.22129346317313,67.6825
2025-12-18 20:00:00,94.87131662251795,53.254999999999995
2025-12-18 21:00:00,66.29609623073547,51.8
2025-12-18 22:00:00,62.10405262428539,18.6525
2025-12-18 23:00:00,29.29500035522672,9.84
2025-12-19 00:00:00,21.52612836937878,5.8575
2025-12-19 01:00:00,20.218013365295988,4.33
2025-12-19 02:00:00,21.324754617468912,3.515
2025-12-19 03:00:00,21.526191607513,4.115
2025-12-19 04:00:00,62.50811549543353,10.775
2025-12-19 05:00:00,96.27261728008698,40.28
2025-12-19 06:00:00,100.61690625,76.7125
2025-12-19 07:00:00,106.56366935068164,89.5425
2025-12-19 08:00:00,107.44810147891246,89.38499999999999
2025-12-19 09:00:00,107.14837644051872,89.23
2025-12-19 10:00:00,109.35856140350882,87.49000000000001
2025-12-19 11:00:00,105.76642580962427,84.57249999999999
2025-12-19 12:00:00,100.66654331474967,87.625
2025-12-19 13:00:00,100.66654331474956,93.3475
2025-12-19 14:00:00,101.68330940233884,97.4025
2025-12-19 15:00:00,108.96549891752164,100.3325
2025-12-19 16:00:00,110.70326512405144,106.905
2025-12-19 17:00:00,110.70326512405288,107.48
2025-12-19 18:00:00,110.70326512405457,105.1225
2025-12-19 19:00:00,109.26643057245667,102.91
2025-12-19 20:00:00,109.2538586369264,98.4625
2025-12-19 21:00:00,109.2838412930245,96.2775
2025-12-19 22:00:00,109.35856140351066,90.18
2025-12-19 23:00:00,109.35856140350332,84.8125
2025-12-20 00:00:00,109.24710214189022,83.4
2025-12-20 01:00:00,109.07450476335353,85.0025
2025-12-20 02:00:00,109.07450476335431,87.4875
2025-12-20 03:00:00,109.07446425693261,88.46000000000001
2025-12-20 04:00:00,109.33119512259064,89.915
2025-12-20 05:00:00,109.35118861494944,95.975
2025-12-20 06:00:00,109.41376989480007,104.0
2025-12-20 07:00:00,110.70326512405268,113.2075
2025-12-20 08:00:00,110.70326512405268,114.8
2025-12-20 09:00:00,109.3585614035085,112.66749999999999
2025-12-20 10:00:00,109.35840810927431,110.9875
2025-12-20 11:00:00,109.33537775214823,110.2675
2025-12-20 12:00:00,109.19842167987416,114.9825
2025-12-20 13:00:00,109.34832101607257,119.4825
2025-12-20 14:00:00,110.70326512405249,120.6375
2025-12-20 15:00:00,112.40139661445491,120.205
2025-12-20 16:00:00,115.60662378739032,122.3925
2025-12-20 17:00:00,113.63949367666042,118.265
2025-12-20 18:00:00,112.401829554466,104.11
2025-12-20 19:00:00,110.70326512405256,96.3825
2025-12-20 20:00:00,109.49926844058155,93.01
2025-12-20 21:00:00,109.36641685893844,92.245
2025-12-20 22:00:00,109.34871848984639,90.6725
2025-12-20 23:00:00,109.29063780331704,95.7
2025-12-21 00:00:00,107.14837644051802,90.045
2025-12-21 01:00:00,106.6318695137564,86.485
2025-12-21 02:00:00,103.61118959134912,85.39500000000001
2025-12-21 03:00:00,103.61118959134912,85.6275
2025-12-21 04:00:00,103.61427778028342,86.825
2025-12-21 05:00:00,103.40312044139974,88.14
2025-12-21 06:00:00,108.23759435834263,92.85249999999999
2025-12-21 07:00:00,109.09395233411128,102.14750000000001
2025-12-21 08:00:00,109.30264730324741,107.00999999999999
2025-12-21 09:00:00,109.10804968617441,102.58250000000001
2025-12-21 10:00:00,108.61551921836465,101.3
2025-12-21 11:00:00,101.81213357069707,98.4825
2025-12-21 12:00:00,98.22129346317288,94.8675
2025-12-21 13:00:00,97.85956206066554,98.8925
2025-12-21 14:00:00,99.27364890966956,100.87
2025-12-21 15:00:00,102.87014777675017,97.515
2025-12-21 16:00:00,108.93866500624678,97.0675
2025-12-21 17:00:00,108.3968238679191,90.795
2025-12-21 18:00:00,107.6104654338698,86.14
2025-12-21 19:00:00,101.58604021675299,81.655
2025-12-21 20:00:00,100.6665433147498,78.8625
2025-12-21 21:00:00,100.61690625000014,77.495
2025-12-21 22:00:00,101.81544954809308,70.905
2025-12-21 23:00:00,98.22129346317297,70.22749999999999
2025-12-22 00:00:00,97.07137775031276,68.8275
2025-12-22 01:00:00,96.27261728008685,67.785
2025-12-22 02:00:00,96.27261728008669,66.31
2025-12-22 03:00:00,96.27261728008665,71.5175
2025-12-22 04:00:00,97.85956206066567,74.1125
2025-12-22 05:00:00,100.66654331475378,78.1875
2025-12-22 06:00:00,107.14837644052433,90.4475
2025-12-22 07:00:00,109.4800225779335,93.3425
2025-12-22 08:00:00,110.18083376507649,90.79249999999999
2025-12-22 09:00:00,109.33443091601124,89.2475
2025-12-22 10:00:00,109.35822687025878,85.0
2025-12-22 11:00:00,107.14837644051799,86.34
2025-12-22 12:00:00,101.86769663481964,88.615
2025-12-22 13:00:00,105.58297319269067,92.1225
2025-12-22 14:00:00,108.2791431714601,99.5375
2025-12-22 15:00:00,109.54422790497976,101.18
2025-12-22 16:00:00,110.70326512405263,107.8925
2025-12-22 17:00:00,110.70326512405254,100.9
2025-12-22 18:00:00,110.54778079090335,93.78999999999999
2025-12-22 19:00:00,109.47998775244771,89.47749999999999
2025-12-22 20:00:00,109.35112451504655,84.86
2025-12-22 21:00:00,109.35856140350862,84.8225
2025-12-22 22:00:00,109.35856140350879,77.9675
2025-12-22 23:00:00,109.00382924476912,72.2325
2025-12-23 00:00:00,107.14837644051809,65.0325
2025-12-23 01:00:00,101.80709142973055,62.004999999999995
2025-12-23 02:00:00,100.66654331474975,59.06
2025-12-23 03:00:00,100.61690625000003,58.1125
2025-12-23 04:00:00,101.81922451313947,59.0225
2025-12-23 05:00:00,106.24338160959586,67.8475
2025-12-23 06:00:00,108.39876491156384,78.0175
2025-12-23 07:00:00,109.17558497637337,83.875
2025-12-23 08:00:00,109.1819944822906,85.465
2025-12-23 09:00:00,108.39182733346489,83.8375
2025-12-23 10:00:00,107.14837644051791,81.86749999999999
2025-12-23 11:00:00,102.40321057494967,80.485
2025-12-23 12:00:00,100.61690624999987,79.2125
2025-12-23 13:00:00,100.66654331474963,79.215
2025-12-23 14:00:00,102.3671288766159,81.8275
2025-12-23 15:00:00,108.39270889070058,83.6875
2025-12-23 16:00:00,109.22795550117782,82.4675
2025-12-23 17:00:00,109.01986058511721,83.945
2025-12-23 18:00:00,108.88223823145191,82.465
2025-12-23 19:00:00,107.55530843267512,78.005
2025-12-23 20:00:00,103.04094753678562,69.93
2025-12-23 21:00:00,101.68349764012963,71.83500000000001
2025-12-23 22:00:00,101.69420017728476,64.0925
2025-12-23 23:00:00,98.98351310583182,60.2475
2025-12-24 00:00:00,97.07137775031252,55.8625
2025-12-24 01:00:00,96.27261728008655,56.8
2025-12-24 02:00:00,89.71074390243898,55.84
2025-12-24 03:00:00,87.8605134487122,55.8475
2025-12-24 04:00:00,89.71074390243892,55.85
2025-12-24 05:00:00,94.7298717235377,57.214999999999996
2025-12-24 06:00:00,97.071377750312,67.44500000000001
2025-12-24 07:00:00,99.27364890966935,81.0
2025-12-24 08:00:00,100.66654331474943,82.47
2025-12-24 09:00:00,98.34280249394503,76.02250000000001
2025-12-24 10:00:00,98.3430508068079,69.2875
2025-12-24 11:00:00,78.01046732106352,68.5125
2025-12-24 12:00:00,35.93090000000001,67.9875
2025-12-24 13:00:00,35.93090000000001,73.7575
2025-12-24 14:00:00,66.90874789617021,83.0525
2025-12-24 15:00:00,96.27261728008682,87.9
2025-12-24 16:00:00,101.58412893179684,89.1325
2025-12-24 17:00:00,101.67829693686724,78.9075
2025-12-24 18:00:00,100.61690625000006,71.77250000000001
2025-12-24 19:00:00,99.27364890966965,68.1575
2025-12-24 20:00:00,98.22129346317297,67.9875
2025-12-24 21:00:00,98.22129346317303,69.0075
2025-12-24 22:00:00,101.82049317168332,65.1625
2025-12-24 23:00:00,99.27364890966953,63.22
2025-12-25 00:00:00,97.85956206066561,58.4425
2025-12-25 01:00:00,97.07137775031276,56.8575
2025-12-25 02:00:00,96.2726172800867,55.845
2025-12-25 03:00:00,96.27261728008676,54.53
2025-12-25 04:00:00,96.27261728008665,52.605000000000004
2025-12-25 05:00:00,96.27261728008659,49.165
2025-12-25 06:00:00,97.07137775031254,54.0275
2025-12-25 07:00:00,98.22129346317297,64.205
2025-12-25 08:00:00,99.27364890966959,64.7075
2025-12-25 09:00:00,96.27261728008676,53.765
2025-12-25 10:00:00,35.93089999999995,48.9825
2025-12-25 11:00:00,14.589225396906215,48.4875
2025-12-25 12:00:00,-5.0,47.865
2025-12-25 13:00:00,-0.0,68.5475
2025-12-25 14:00:00,24.033279835738995,89.41499999999999
2025-12-25 15:00:00,98.22129346317308,92.235
2025-12-25 16:00:00,109.34026748693225,94.005
2025-12-25 17:00:00,109.35856140350899,94.055
2025-12-25 18:00:00,109.35856140350879,91.715
2025-12-25 19:00:00,109.3585614035094,91.0325
2025-12-25 20:00:00,109.35856140350855,92.7
2025-12-25 21:00:00,109.35856140350833,96.1525
2025-12-25 22:00:00,109.35856140350734,91.47
2025-12-25 23:00:00,109.25928711614816,97.1
2025-12-26 00:00:00,108.71278033648412,91.0525
2025-12-26 01:00:00,108.55629548235723,85.8175
2025-12-26 02:00:00,107.14837644051835,83.05250000000001
2025-12-26 03:00:00,107.14837644051835,82.3925
2025-12-26 04:00:00,108.71277421056594,82.83500000000001
2025-12-26 05:00:00,109.331629879508,85.02
2025-12-26 06:00:00,109.3585614035073,93.11500000000001
2025-12-26 07:00:00,109.35856140350919,98.9
2025-12-26 08:00:00,109.35856140350808,96.73
2025-12-26 09:00:00,108.66610995618818,89.25
2025-12-26 10:00:00,100.6169062500005,84.9925
2025-12-26 11:00:00,96.272617280087,82.3125
2025-12-26 12:00:00,30.324172410578512,83.0975
2025-12-26 13:00:00,39.12952195646071,92.7
2025-12-26 14:00:00,98.22129346317304,109.1425
2025-12-26 15:00:00,109.08092729451431,116.77250000000001
2025-12-26 16:00:00,109.45192629123987,120.47
2025-12-26 17:00:00,109.86500924123683,116.9725
2025-12-26 18:00:00,110.7032651240527,116.2625
2025-12-26 19:00:00,109.55243217852428,113.725
2025-12-26 20:00:00,109.35856140350883,111.5
2025-12-26 21:00:00,109.35856140350886,108.255
2025-12-26 22:00:00,109.3585614035087,99.36749999999999
2025-12-26 23:00:00,109.35856140350832,96.69
2025-12-27 00:00:00,109.35856140350857,91.725
2025-12-27 01:00:00,109.32987367888038,84.7075
2025-12-27 02:00:00,109.25695168558809,82.7175
2025-12-27 03:00:00,109.10636426082638,83.9975
2025-12-27 04:00:00,109.10636426082638,83.17
2025-12-27 05:00:00,109.32537744429696,88.015
2025-12-27 06:00:00,109.33284524406054,99.505
2025-12-27 07:00:00,109.35856140350892,102.32
2025-12-27 08:00:00,109.3585614035089,93.81
2025-12-27 09:00:00,101.82848780278232,80.0325
2025-12-27 10:00:00,97.85956206066557,75.395
2025-12-27 11:00:00,35.93090000000004,74.54
2025-12-27 12:00:00,33.68833804771758,76.7375
2025-12-27 13:00:00,35.13547621248424,81.19999999999999
2025-12-27 14:00:00,94.87131662251798,94.5425
2025-12-27 15:00:00,101.79737091120947,103.0075
2025-12-27 16:00:00,109.35379328121174,105.925
2025-12-27 17:00:00,109.34148029873505,108.4275
2025-12-27 18:00:00,109.34379527450263,105.0
2025-12-27 19:00:00,109.34434160304778,102.5875
2025-12-27 20:00:00,109.24408864821979,93.89500000000001
2025-12-27 21:00:00,109.24164693411292,95.4175
2025-12-27 22:00:00,109.07632483195835,91.295
2025-12-27 23:00:00,107.82930014410142,84.33500000000001
2025-12-28 00:00:00,107.23694446362484,83.37
2025-12-28 01:00:00,107.20591479814787,79.96000000000001
2025-12-28 02:00:00,107.20591479814787,78.8175
2025-12-28 03:00:00,107.2369733778287,80.4475
2025-12-28 04:00:00,107.93505537359007,83.61
2025-12-28 05:00:00,108.27564568927781,86.47749999999999
2025-12-28 06:00:00,109.04850545206071,92.15
2025-12-28 07:00:00,109.35833906067201,97.3625
2025-12-28 08:00:00,109.3585070993094,96.565
2025-12-28 09:00:00,109.26597759474862,88.2125
2025-12-28 10:00:00,103.89270836644607,88.3675
2025-12-28 11:00:00,99.27364890966952,80.0225
2025-12-28 12:00:00,96.27261728008658,80.025
2025-12-28 13:00:00,96.27261728008664,86.6775
2025-12-28 14:00:00,100.61690625000011,100.87
2025-12-28 15:00:00,109.290906581366,110.8825
2025-12-28 16:00:00,109.39761752847153,113.7025
2025-12-28 17:00:00,109.45271005905674,114.455
2025-12-28 18:00:00,109.48418498909994,109.33250000000001
2025-12-28 19:00:00,109.35856140350894,105.00999999999999
2025-12-28 20:00:00,109.35856140350884,99.0275
2025-12-28 21:00:00,109.35856140350954,98.2825
2025-12-28 22:00:00,109.35856140350884,88.44
2025-12-28 23:00:00,107.26159102471662,89.88
2025-12-29 00:00:00,103.03684798942042,84.98249999999999
2025-12-29 01:00:00,101.28918869008345,84.1825
2025-12-29 02:00:00,101.30876573313182,82.19
2025-12-29 03:00:00,102.8851131288475,83.6225
2025-12-29 04:00:00,107.2967961678289,90.7925
2025-12-29 05:00:00,109.35856140350894,96.3325
2025-12-29 06:00:00,109.35856140350813,104.7175
2025-12-29 07:00:00,109.45513293379703,113.8775
2025-12-29 08:00:00,109.35856140350829,111.01
2025-12-29 09:00:00,109.35856140350812,97.64500000000001
2025-12-29 10:00:00,103.76915146427427,90.345
2025-12-29 11:00:00,100.61690625000018,87.6575
2025-12-29 12:00:00,98.22129346317317,88.52250000000001
2025-12-29 13:00:00,99.27364890966953,96.10249999999999
2025-12-29 14:00:00,102.5634517657223,103.5075
2025-12-29 15:00:00,109.3584233347181,108.655
2025-12-29 16:00:00,109.50982379106883,107.0075
2025-12-29 17:00:00,110.70326512405268,103.3075
2025-12-29 18:00:00,110.7032651240527,95.14750000000001
2025-12-29 19:00:00,109.39228855733558,90.3725
2025-12-29 20:00:00,109.39639925818896,83.245
2025-12-29 21:00:00,109.33379277848843,87.91499999999999
2025-12-29 22:00:00,109.03821975882498,83.3425
2025-12-29 23:00:00,104.90724344812062,77.8625
2025-12-30 00:00:00,102.97113202502769,73.215
2025-12-30 01:00:00,102.92666692664598,71.855
2025-12-30 02:00:00,101.90027167933827,69.3575
2025-12-30 03:00:00,101.90027167933829,68.5375
2025-12-30 04:00:00,101.81530653014387,71.99
2025-12-30 05:00:00,108.5563137779947,80.02
2025-12-30 06:00:00,109.29112006262216,87.97
2025-12-30 07:00:00,109.33417748362353,94.8775
2025-12-30 08:00:00,109.35856140350867,94.3925
2025-12-30 09:00:00,101.65427133879876,85.82
2025-12-30 10:00:00,98.22129346317334,79.38
2025-12-30 11:00:00,97.07137775031296,76.155
2025-12-30 12:00:00,87.86051344871257,76.7575
2025-12-30 13:00:00,81.6700027624312,88.9675
2025-12-30 14:00:00,97.85956206066581,102.325
2025-12-30 15:00:00,108.1426084014272,109.1
2025-12-30 16:00:00,109.48913210564534,110.715
2025-12-30 17:00:00,110.70326512403444,109.12
2025-12-30 18:00:00,110.70326512404452,105.6075
2025-12-30 19:00:00,109.53044271396074,101.03999999999999
2025-12-30 20:00:00,109.45513297067542,93.3225
2025-12-30 21:00:00,109.35856140350879,92.045
2025-12-30 22:00:00,109.35856140350873,85.8075
2025-12-30 23:00:00,109.35856140350874,88.0825
2025-12-31 00:00:00,109.24508611526878,84.3375
2025-12-31 01:00:00,107.14837644051772,80.2125
2025-12-31 02:00:00,107.14837644051777,76.58
2025-12-31 03:00:00,107.14837644051866,74.9325
2025-12-31 04:00:00,102.93820843723674,77.3775
2025-12-31 05:00:00,101.98506840103195,81.86749999999999
2025-12-31 06:00:00,101.2641341376541,85.2825
2025-12-31 07:00:00,102.86533274213801,95.7925
2025-12-31 08:00:00,101.26595905068176,95.33500000000001
2025-12-31 09:00:00,99.27364890966955,89.26249999999999
2025-12-31 10:00:00,99.72850466431198,83.48
2025-12-31 11:00:00,97.85956206066497,83.0475
2025-12-31 12:00:00,81.86080139670635,85.17
2025-12-31 13:00:00,37.80375152268431,85.17750000000001
2025-12-31 14:00:00,96.27261728008669,90.8325
2025-12-31 15:00:00,100.61690624999933,100.705
2025-12-31 16:00:00,108.88844061820964,110.1
2025-12-31 17:00:00,109.09189698165063,107.5275
2025-12-31 18:00:00,107.65126125540664,95.99000000000001
2025-12-31 19:00:00,107.14837644051802,86.8025
2025-12-31 20:00:00,100.66654331474965,79.7975
2025-12-31 21:00:00,98.2212934631729,81.39
2025-12-31 22:00:00,98.22129346317296,76.4475
2025-12-31 23:00:00,96.27261728008675,
