utc,fixed_hydro_de_eur_mwh,chronological_de_eur_mwh,observed_de_lu_eur_mwh
2025-01-01 00:00:00,8.152135258878467,8.152135258878488,1.6
2025-01-01 01:00:00,7.050105472579837,7.050105472579802,0.0
2025-01-01 02:00:00,-2.1316282072803006e-14,-0.0,-0.01
2025-01-01 03:00:00,-3.5226300295209363,-3.5226300295209327,-0.01
2025-01-01 04:00:00,-3.5321869045108834,-3.532186904510887,-0.06
2025-01-01 05:00:00,-3.5321869045108834,-3.532186904510887,-0.09
2025-01-01 06:00:00,-3.553505255994274,-3.5535053991207626,-0.01
2025-01-01 07:00:00,3.197442310920451e-14,-0.0,-0.01
2025-01-01 08:00:00,-4.618527782440651e-14,-0.0,-0.04
2025-01-01 09:00:00,-3.906076299948875,-3.830775209809377,-0.03
2025-01-01 10:00:00,-4.733809366126689,-4.733809366126675,-0.1
2025-01-01 11:00:00,-0.21553902623450621,-0.2155390262347101,-0.05
2025-01-01 12:00:00,-3.210651824882092e-14,-0.0,-0.1
2025-01-01 13:00:00,-3.907985046680551e-14,-0.0,-1.01
2025-01-01 14:00:00,-3.422625469916696,-3.422625469916655,-0.01
2025-01-01 15:00:00,11.221224736170882,11.221224736170932,-0.01
2025-01-01 16:00:00,26.1824122712976,26.08021135215356,0.07
2025-01-01 17:00:00,48.4346843857255,64.21466780745126,1.01
2025-01-01 18:00:00,35.9309,35.93090000000001,1.48
2025-01-01 19:00:00,25.688674329355024,25.815348355234967,1.0
2025-01-01 20:00:00,20.179071574532067,20.179071574532003,0.07
2025-01-01 21:00:00,19.979914529914534,19.979914529914524,10.05
2025-01-01 22:00:00,19.979914529914502,19.979914529914524,7.01
2025-01-01 23:00:00,8.212063787692571,8.21206378769243,2.55
2025-01-02 00:00:00,7.169433391263681,7.169433391263478,1.56
2025-01-02 01:00:00,14.670298731565492,14.670298731565069,3.45
2025-01-02 02:00:00,19.97991452991449,19.979914529914527,7.02
2025-01-02 03:00:00,25.248921639799224,25.248921639796766,12.75
2025-01-02 04:00:00,87.8605134487129,87.8605134487122,30.07
2025-01-02 05:00:00,98.22129346317328,98.22129346317297,67.13
2025-01-02 06:00:00,101.7549275177087,101.7549275177092,98.83
2025-01-02 07:00:00,109.07118045930386,109.0711804593035,121.53
2025-01-02 08:00:00,109.26466090901584,109.35811092389555,127.23
2025-01-02 09:00:00,109.3451978177228,109.35819933605629,126.35
2025-01-02 10:00:00,109.25002309201187,109.2500230920114,119.97
2025-01-02 11:00:00,108.17733869717564,108.17733869717388,115.95
2025-01-02 12:00:00,105.7776232223999,103.49972977394387,113.9
2025-01-02 13:00:00,101.79596923382799,101.79596923382854,122.21
2025-01-02 14:00:00,107.39390591880816,107.39390591880661,130.11
2025-01-02 15:00:00,109.35840056325722,109.3581763508783,138.59
2025-01-02 16:00:00,109.36842472690901,109.36862527109001,152.87
2025-01-02 17:00:00,109.36088754930219,109.36283880427942,152.94
2025-01-02 18:00:00,109.35115064650356,109.35115064650384,139.15
2025-01-02 19:00:00,109.34490278176307,109.34405834788343,130.0
2025-01-02 20:00:00,109.24188103030205,109.3583399885705,119.78
2025-01-02 21:00:00,109.35856140351255,109.35804698664306,113.42
2025-01-02 22:00:00,109.24209727158649,109.24209727158798,82.47
2025-01-02 23:00:00,107.14837644051786,107.14837644051812,99.56
2025-01-03 00:00:00,101.80852716669213,101.80852716669197,87.53
2025-01-03 01:00:00,100.61690625000016,100.61690625,85.01
2025-01-03 02:00:00,99.05458885915611,99.0545888591176,83.79
2025-01-03 03:00:00,99.03209212849112,99.03209212845272,77.5
2025-01-03 04:00:00,98.22129346317305,98.22129346317297,79.88
2025-01-03 05:00:00,98.22129346317297,98.22129346317297,83.56
2025-01-03 06:00:00,100.61690625,100.61690625,78.43
2025-01-03 07:00:00,100.66654331474969,100.66654331474969,82.57
2025-01-03 08:00:00,100.61690625,100.61690625,80.76
2025-01-03 09:00:00,97.07137775031268,97.07137775031268,77.64
2025-01-03 10:00:00,92.54273178553257,92.54273178553254,70.48
2025-01-03 11:00:00,21.324754617468358,21.324754617468464,69.94
2025-01-03 12:00:00,20.437413077687694,20.437413077687253,77.8
2025-01-03 13:00:00,26.116359558817592,26.07978478002654,78.81
2025-01-03 14:00:00,96.27261728008702,96.27261728008675,85.29
2025-01-03 15:00:00,99.27364890966936,99.27364890966956,105.51
2025-01-03 16:00:00,107.20450075641818,107.3497689549804,116.66
2025-01-03 17:00:00,107.34882110259144,107.34824560090726,115.06
2025-01-03 18:00:00,107.52697357082224,107.96787135275171,114.91
2025-01-03 19:00:00,108.10109259259681,107.7707298572808,113.3
2025-01-03 20:00:00,107.14837644051784,107.14837644051812,107.8
2025-01-03 21:00:00,107.14837644051792,107.14837644051812,98.22
2025-01-03 22:00:00,109.35706983810925,109.35782550284299,88.57
2025-01-03 23:00:00,109.35538066114758,109.35692530264589,90.43
2025-01-04 00:00:00,108.23762642662946,108.25334442366008,90.29
2025-01-04 01:00:00,108.10109259259221,108.23660511913117,90.2
2025-01-04 02:00:00,109.07691370243931,109.07691370243252,91.52
2025-01-04 03:00:00,109.35825591161745,109.35808429398982,95.95
2025-01-04 04:00:00,109.35827363150936,109.35809708456065,102.11
2025-01-04 05:00:00,109.35825646857786,109.35824066869067,110.66
2025-01-04 06:00:00,109.3584781607205,109.35847816070827,119.96
2025-01-04 07:00:00,109.35851406494274,109.35851406498114,128.39
2025-01-04 08:00:00,109.35851502639498,109.3585150263752,130.75
2025-01-04 09:00:00,109.35835708191216,109.3583570819439,130.34
2025-01-04 10:00:00,109.35780232355329,109.3578023235593,128.29
2025-01-04 11:00:00,109.34445070344631,109.34400045682747,130.03
2025-01-04 12:00:00,108.54715033835556,108.54715033833325,129.85
2025-01-04 13:00:00,109.33686493061887,109.33641437989591,136.4
2025-01-04 14:00:00,109.35611903076888,109.35611903076875,138.72
2025-01-04 15:00:00,109.35866964604853,109.35863710548755,142.0
2025-01-04 16:00:00,109.5980657875742,109.8287343598465,151.24
2025-01-04 17:00:00,109.54272182031977,109.75246778464447,143.85
2025-01-04 18:00:00,109.43992612135735,109.45210131704701,137.96
2025-01-04 19:00:00,109.35867173939926,109.35879633073773,129.49
2025-01-04 20:00:00,109.35746018852765,109.35746018852414,122.83
2025-01-04 21:00:00,109.36473966732434,109.36160960270936,118.29
2025-01-04 22:00:00,109.35354892803647,109.35354892803247,109.49
2025-01-04 23:00:00,109.30488905052499,109.3048890505125,113.84
2025-01-05 00:00:00,109.15300774049025,109.15300774047584,100.33
2025-01-05 01:00:00,108.35390000095873,108.3539000009585,93.61
2025-01-05 02:00:00,102.97652798189631,102.9765279818949,93.87
2025-01-05 03:00:00,98.85220557686303,99.17182920600544,89.38
2025-01-05 04:00:00,98.69134424656067,99.08000064117556,83.55
2025-01-05 05:00:00,98.69134424656069,99.0545888591176,83.92
2025-01-05 06:00:00,98.22129346317294,98.22129346317297,82.53
2025-01-05 07:00:00,98.221293463173,98.22129346317297,84.05
2025-01-05 08:00:00,97.85956206066552,97.85956206066555,89.15
2025-01-05 09:00:00,98.22129346317296,98.22129346317297,82.95
2025-01-05 10:00:00,97.85956206066554,97.85956206066555,88.82
2025-01-05 11:00:00,97.85956206066558,97.85956206066555,81.66
2025-01-05 12:00:00,97.07137775031268,97.07137775031268,78.39
2025-01-05 13:00:00,96.27261728008679,96.27261728008675,68.0
2025-01-05 14:00:00,94.87131662251792,94.87131662251792,50.64
2025-01-05 15:00:00,95.66085483293068,95.66011879768395,49.91
2025-01-05 16:00:00,96.27261728008675,96.27261728008675,66.3
2025-01-05 17:00:00,97.85956206066557,97.85956206066555,65.05
2025-01-05 18:00:00,97.85956206066551,97.12600884138037,51.28
2025-01-05 19:00:00,96.27261728008673,96.27261728008675,36.85
2025-01-05 20:00:00,81.6700027624309,81.67000276243094,36.8
2025-01-05 21:00:00,51.6760267925349,50.01525013954206,34.68
2025-01-05 22:00:00,35.93089999999994,35.93089999999999,28.14
2025-01-05 23:00:00,28.228706348857518,28.228706348858104,27.52
2025-01-06 00:00:00,21.358138627579958,21.35813862758196,19.26
2025-01-06 01:00:00,20.179071574531935,20.179071574532003,11.35
2025-01-06 02:00:00,19.97991452991442,19.979914529914524,9.2
2025-01-06 03:00:00,19.979914529914485,19.979914529914524,10.0
2025-01-06 04:00:00,19.97991452991447,19.979914529914527,14.81
2025-01-06 05:00:00,21.324754617468376,21.324754617468464,23.82
2025-01-06 06:00:00,37.86766616285155,37.86766616285209,31.72
2025-01-06 07:00:00,96.27261728008668,96.27261728008675,41.37
2025-01-06 08:00:00,96.2726172800867,96.27261728008675,36.36
2025-01-06 09:00:00,96.27261728008669,96.27261728008675,34.69
2025-01-06 10:00:00,81.67000276243083,81.67000276243094,32.83
2025-01-06 11:00:00,19.9799145299145,19.979914529914524,31.28
2025-01-06 12:00:00,13.995165918914118,13.995165918914545,28.6
2025-01-06 13:00:00,14.938529850068791,14.938529850068349,25.61
2025-01-06 14:00:00,19.979914529914428,19.979914529914524,26.32
2025-01-06 15:00:00,31.8396435303238,31.839643530323478,26.87
2025-01-06 16:00:00,96.27261728008675,96.29483534279173,31.66
2025-01-06 17:00:00,97.07137775031268,97.07137775031268,31.58
2025-01-06 18:00:00,97.07137775031268,97.07137775031268,28.74
2025-01-06 19:00:00,96.27261728008675,96.27261728008675,26.59
2025-01-06 20:00:00,87.8605134487122,87.8605134487122,13.82
2025-01-06 21:00:00,35.9309,35.930899999999994,26.94
2025-01-06 22:00:00,20.21801336529556,20.21801336529556,12.99
2025-01-06 23:00:00,19.979914529914524,19.979914529914527,19.07
2025-01-07 00:00:00,19.979914529914524,19.979914529914527,8.71
2025-01-07 01:00:00,19.979914529914524,19.979914529914524,8.9
2025-01-07 02:00:00,19.979914529914527,19.979914529914524,5.01
2025-01-07 03:00:00,19.97991452991453,19.979914529914524,5.13
2025-01-07 04:00:00,20.77415745999372,20.77415745999376,5.8
2025-01-07 05:00:00,87.86051344871218,87.8605134487122,48.86
2025-01-07 06:00:00,98.221293463173,98.22129346317297,76.83
2025-01-07 07:00:00,100.66654331474963,100.66654331474969,85.08
2025-01-07 08:00:00,100.61690624999991,100.61690625,84.24
2025-01-07 09:00:00,99.27364890966949,99.27364890966956,75.25
2025-01-07 10:00:00,100.61690624999994,100.61690625,62.8
2025-01-07 11:00:00,94.87131662251782,94.87131662251792,62.44
2025-01-07 12:00:00,21.68277801808732,21.682778018087223,63.9
2025-01-07 13:00:00,20.21801336529556,20.21801336529556,72.56
2025-01-07 14:00:00,35.93090000000001,35.9309,78.11
2025-01-07 15:00:00,98.22129346317297,98.22129346317297,79.98
2025-01-07 16:00:00,107.4606751805216,107.4606751805221,96.03
2025-01-07 17:00:00,107.40342267963837,107.40342267963865,101.11
2025-01-07 18:00:00,106.88663632176636,106.88663632176637,86.21
2025-01-07 19:00:00,101.22752853765702,101.22755962364866,78.01
2025-01-07 20:00:00,99.27364890966959,99.27364890966956,72.45
2025-01-07 21:00:00,97.85956206066578,97.87616412682222,72.45
2025-01-07 22:00:00,98.22129346317317,98.22129346317297,50.04
2025-01-07 23:00:00,97.07137775031288,97.07137775031268,71.05
2025-01-08 00:00:00,96.27261728008688,96.27261728008675,68.01
2025-01-08 01:00:00,96.27261728008698,96.27261728008675,63.34
2025-01-08 02:00:00,96.27261728008698,96.27261728008675,57.01
2025-01-08 03:00:00,97.07137775031296,97.07137775031268,66.29
2025-01-08 04:00:00,98.22129346317315,98.22129346317297,72.07
2025-01-08 05:00:00,102.31674946295534,102.31674946295553,82.7
2025-01-08 06:00:00,108.91676893854239,109.08142681461214,100.73
2025-01-08 07:00:00,109.30967902495209,109.30812384725499,128.22
2025-01-08 08:00:00,109.3163904589224,109.31196997938066,108.18
2025-01-08 09:00:00,109.27786570445814,109.30189282230263,94.65
2025-01-08 10:00:00,109.20593884672884,109.23789132551457,100.01
2025-01-08 11:00:00,103.26815204840429,103.26815204840446,89.99
2025-01-08 12:00:00,100.61690624999989,100.61690625,97.2
2025-01-08 13:00:00,100.66654331474976,100.66654331474969,110.19
2025-01-08 14:00:00,109.26718710335551,109.26775542555579,127.8
2025-01-08 15:00:00,109.36746140987493,109.36697657401861,135.82
2025-01-08 16:00:00,109.36797762348124,109.37715834935945,155.46
2025-01-08 17:00:00,109.3823202610126,109.38369702429382,149.23
2025-01-08 18:00:00,109.3824576132961,109.37689029401608,146.48
2025-01-08 19:00:00,109.37864324196082,109.37531934544326,136.86
2025-01-08 20:00:00,109.39790752393307,109.38213121225253,127.86
2025-01-08 21:00:00,109.37504534176385,109.37504534176392,115.92
2025-01-08 22:00:00,109.36036003761116,109.36036003761207,103.59
2025-01-08 23:00:00,109.33635382722996,109.335888434011,101.44
2025-01-09 00:00:00,109.10623084607161,109.10623084607143,100.0
2025-01-09 01:00:00,108.76874492144272,108.76874492144324,98.77
2025-01-09 02:00:00,106.15654720762505,106.1594934839941,95.22
2025-01-09 03:00:00,107.14837644051782,107.14837644051812,98.28
2025-01-09 04:00:00,109.20394251352161,109.20394251354678,102.65
2025-01-09 05:00:00,109.35861714680091,109.35858823839165,133.54
2025-01-09 06:00:00,109.4339821899312,109.43398218992691,148.8
2025-01-09 07:00:00,109.56665506088034,109.6192013805944,164.88
2025-01-09 08:00:00,109.5659483783077,109.56594837828739,156.15
2025-01-09 09:00:00,109.41979755923403,109.41511888345266,147.64
2025-01-09 10:00:00,109.40013471364534,109.40013471366642,140.21
2025-01-09 11:00:00,109.37622148240624,109.36802574192484,128.18
2025-01-09 12:00:00,109.34783659352193,109.34713017805826,121.15
2025-01-09 13:00:00,109.05191567421441,109.05203638156591,123.95
2025-01-09 14:00:00,109.22425026571361,109.2242502657133,127.53
2025-01-09 15:00:00,109.38616729576776,109.40055211198367,123.75
2025-01-09 16:00:00,109.40504691915356,109.4120028409336,130.91
2025-01-09 17:00:00,109.36560469952394,109.3652080863426,134.75
2025-01-09 18:00:00,109.36514581137224,109.36513730907647,125.44
2025-01-09 19:00:00,109.35781503599935,109.3588792627402,119.23
2025-01-09 20:00:00,109.3429374133878,109.34234783212729,104.99
2025-01-09 21:00:00,109.35856140349702,109.26021628898621,101.1
2025-01-09 22:00:00,107.1483764405188,107.14837644051812,88.19
2025-01-09 23:00:00,102.62464605115255,102.62464605115026,84.79
2025-01-10 00:00:00,100.66654331474966,100.66654331474969,80.23
2025-01-10 01:00:00,100.61690625,100.61690625,71.29
2025-01-10 02:00:00,100.61690625000024,100.61690625,69.05
2025-01-10 03:00:00,100.66654331475027,100.66654331474969,69.89
2025-01-10 04:00:00,102.62558659168374,102.62558659168145,83.9
2025-01-10 05:00:00,109.23989481245505,109.23989481241973,99.09
2025-01-10 06:00:00,109.35121190104687,109.35119342149976,123.92
2025-01-10 07:00:00,109.34994878762214,109.36431981666243,139.47
2025-01-10 08:00:00,109.36337291545004,109.36127641944259,136.92
2025-01-10 09:00:00,109.35850978950812,109.35852502646277,123.57
2025-01-10 10:00:00,109.35805879850707,109.35801391759036,113.59
2025-01-10 11:00:00,107.14837644053493,107.47091710497799,107.43
2025-01-10 12:00:00,102.63062409190535,102.62396315833553,105.01
2025-01-10 13:00:00,102.67006042155603,102.67006042154506,110.01
2025-01-10 14:00:00,109.35699353359593,109.35699353359088,128.69
2025-01-10 15:00:00,109.37302206588295,109.37302206586969,134.87
2025-01-10 16:00:00,109.4180341593183,109.39965680905617,142.56
2025-01-10 17:00:00,109.4528459548069,109.39949499606927,144.12
2025-01-10 18:00:00,109.4173467195265,109.39886474228787,141.05
2025-01-10 19:00:00,109.41807272427498,109.38957172790168,134.82
2025-01-10 20:00:00,109.38722763078886,109.37184275808113,122.51
2025-01-10 21:00:00,109.35836873987087,109.35780313815877,119.77
2025-01-10 22:00:00,109.35850720076098,109.3585232019388,111.71
2025-01-10 23:00:00,109.35841288478903,109.35841288478913,106.64
2025-01-11 00:00:00,109.35782680483867,109.35782680483838,98.99
2025-01-11 01:00:00,109.35449133976758,109.22157375717008,95.71
2025-01-11 02:00:00,108.93393695975168,108.93393695975347,89.45
2025-01-11 03:00:00,107.66097724446409,107.65456309538794,88.35
2025-01-11 04:00:00,107.65497746615027,107.64852117130775,88.4
2025-01-11 05:00:00,108.93501205999195,108.93501205999307,88.13
2025-01-11 06:00:00,109.3576154153634,109.33469843586111,94.68
2025-01-11 07:00:00,109.34787650584933,109.34787650584933,107.65
2025-01-11 08:00:00,109.35723130308033,109.35685332984487,103.14
2025-01-11 09:00:00,109.20211348033459,109.20211348033614,101.13
2025-01-11 10:00:00,100.61690624999741,100.61690625,99.56
2025-01-11 11:00:00,97.85956206066363,97.85956206066555,96.74
2025-01-11 12:00:00,96.27261728008601,96.27261728008675,93.15
2025-01-11 13:00:00,96.27261728008722,96.27261728008675,94.9
2025-01-11 14:00:00,97.85956206066574,97.85956206066555,104.89
2025-01-11 15:00:00,100.61690624999977,100.61690625,112.12
2025-01-11 16:00:00,109.21379904421113,109.20979300998106,119.8
2025-01-11 17:00:00,109.23201340444702,109.23201340444793,122.34
2025-01-11 18:00:00,109.26745112345235,109.26897836107074,114.85
2025-01-11 19:00:00,109.28457092260335,109.28318908486362,111.19
2025-01-11 20:00:00,109.23114092050224,109.2185833324475,104.8
2025-01-11 21:00:00,109.24263024174259,109.24263024174654,103.07
2025-01-11 22:00:00,109.35692914426261,109.35692914426194,105.69
2025-01-11 23:00:00,109.22591853604212,109.19170131944557,83.58
2025-01-12 00:00:00,109.03140976929754,109.03220588497891,83.79
2025-01-12 01:00:00,109.10021149818581,109.10021149818473,86.75
2025-01-12 02:00:00,108.53048140507532,108.53048140509502,84.2
2025-01-12 03:00:00,108.25607333799155,108.25607333797397,85.0
2025-01-12 04:00:00,108.53048140508109,108.53048140509502,83.75
2025-01-12 05:00:00,109.11225513595484,109.11225513594185,85.9
2025-01-12 06:00:00,109.3552061738668,109.31033071461327,101.75
2025-01-12 07:00:00,109.35804553323871,109.35804553323858,114.67
2025-01-12 08:00:00,109.35839395361528,109.35839395361526,120.07
2025-01-12 09:00:00,109.35797902602586,109.35797902602555,117.77
2025-01-12 10:00:00,109.35561382610229,109.35561382610192,105.61
2025-01-12 11:00:00,109.00103989176478,108.95455862876734,102.99
2025-01-12 12:00:00,107.14837644051833,107.14837644051812,99.61
2025-01-12 13:00:00,107.14837644051822,107.14837644051812,104.74
2025-01-12 14:00:00,108.27764415561843,108.27764415561171,118.7
2025-01-12 15:00:00,109.31258174982864,109.31330965809649,132.92
2025-01-12 16:00:00,109.36001820261225,109.35882595184037,141.0
2025-01-12 17:00:00,109.43569851061301,109.43569851061292,146.66
2025-01-12 18:00:00,109.43047374826888,109.43083210656408,143.66
2025-01-12 19:00:00,109.43047374826885,109.43048314298626,134.86
2025-01-12 20:00:00,109.43047374826885,109.3905768281485,127.49
2025-01-12 21:00:00,109.35864138538683,109.3586177739593,121.2
2025-01-12 22:00:00,109.35856140352124,109.35861770935823,114.9
2025-01-12 23:00:00,109.35863924807245,109.35863924806988,112.39
2025-01-13 00:00:00,109.36209408242294,109.36209408244444,105.07
2025-01-13 01:00:00,109.36054887745442,109.36054887746185,104.46
2025-01-13 02:00:00,109.36037218122682,109.36120065437899,100.37
2025-01-13 03:00:00,109.35815563291027,109.35815563293347,100.0
2025-01-13 04:00:00,109.35859328404919,109.35859328404867,110.11
2025-01-13 05:00:00,109.45426812744041,109.45435432352095,140.28
2025-01-13 06:00:00,109.55905403065609,109.56654062415079,181.92
2025-01-13 07:00:00,109.7548149746556,109.9365874161846,223.09
2025-01-13 08:00:00,109.71346680544455,109.71346680544421,174.09
2025-01-13 09:00:00,109.38463323645061,109.39652215656302,141.69
2025-01-13 10:00:00,109.35794254791163,109.35805154890748,115.73
2025-01-13 11:00:00,108.97977987325412,108.97977987325434,104.1
2025-01-13 12:00:00,101.77775688797306,101.77381780813465,103.04
2025-01-13 13:00:00,99.2736489096692,99.27364890966956,104.67
2025-01-13 14:00:00,102.18298626510348,102.18298626510366,138.2
2025-01-13 15:00:00,109.10036596822722,109.10037557934223,142.62
2025-01-13 16:00:00,109.37192660629644,109.37774667472658,149.0
2025-01-13 17:00:00,109.37861551790911,109.5357223910544,149.0
2025-01-13 18:00:00,109.3786034242113,109.53541071739969,139.73
2025-01-13 19:00:00,109.37421954142741,109.36789495021151,123.18
2025-01-13 20:00:00,109.30618475552815,109.32411856119757,120.22
2025-01-13 21:00:00,109.23736075836725,109.23982260600242,115.57
2025-01-13 22:00:00,109.08727997067494,109.08592282202049,102.31
2025-01-13 23:00:00,102.11552479325513,102.11552479325583,106.38
2025-01-14 00:00:00,100.66654331474983,100.66654331474969,103.7
2025-01-14 01:00:00,100.61690625000018,100.61690625,99.08
2025-01-14 02:00:00,100.61690624999994,100.61690625,97.99
2025-01-14 03:00:00,99.27364890966977,99.27364890966956,101.88
2025-01-14 04:00:00,100.66654331474979,100.66654331474969,107.64
2025-01-14 05:00:00,109.35856140350802,109.10280684202264,123.4
2025-01-14 06:00:00,109.42468683269774,109.39701456894406,156.62
2025-01-14 07:00:00,109.43456659354142,109.41313336287539,184.03
2025-01-14 08:00:00,109.43456659354162,109.39711616456614,151.86
2025-01-14 09:00:00,109.3578311477716,109.3580467263613,117.62
2025-01-14 10:00:00,107.14837644051798,107.14837644051812,109.31
2025-01-14 11:00:00,100.6169062499997,100.61690625,103.11
2025-01-14 12:00:00,99.27364890966953,99.27364890966956,108.11
2025-01-14 13:00:00,100.61690625000075,100.61690625,115.35
2025-01-14 14:00:00,104.75415799075861,104.77046063266195,125.35
2025-01-14 15:00:00,109.26842965334646,109.28886551843429,141.97
2025-01-14 16:00:00,109.37231602213586,109.37231602213589,165.86
2025-01-14 17:00:00,109.37852246327796,109.39968179618562,170.07
2025-01-14 18:00:00,109.41576539067385,109.39473980364711,158.38
2025-01-14 19:00:00,109.41576539067385,109.39487214021034,135.46
2025-01-14 20:00:00,109.37848871677565,109.36756502111444,117.69
2025-01-14 21:00:00,109.36998177458884,109.36693427561715,121.0
2025-01-14 22:00:00,109.35856140350874,109.35856140350879,121.76
2025-01-14 23:00:00,109.35809271468527,109.35808350257395,108.28
2025-01-15 00:00:00,109.11429346901409,109.11429346901409,107.72
2025-01-15 01:00:00,109.10787804614428,109.10787804614432,108.41
2025-01-15 02:00:00,109.10787804614428,109.10787804614432,108.04
2025-01-15 03:00:00,109.35856140351451,109.3582516560494,108.75
2025-01-15 04:00:00,109.35856140350893,109.35856040451768,114.92
2025-01-15 05:00:00,109.35626771123285,109.35702419972482,134.49
2025-01-15 06:00:00,110.70326512412446,110.64463955514371,191.79
2025-01-15 07:00:00,115.60662378743794,115.60662378739066,307.24
2025-01-15 08:00:00,113.63949367677334,113.63949367666063,315.02
2025-01-15 09:00:00,110.7032651240753,110.70326512405268,311.03
2025-01-15 10:00:00,110.70326512415818,110.70326512405268,304.8
2025-01-15 11:00:00,110.09033906975233,109.83779791513035,311.02
2025-01-15 12:00:00,109.8023190847744,109.80231908465458,309.34
2025-01-15 13:00:00,109.80689644922234,109.82253867692309,285.83
2025-01-15 14:00:00,110.1591161590947,110.20736899725779,301.74
2025-01-15 15:00:00,110.70326512405266,111.00904687629533,333.52
2025-01-15 16:00:00,115.60662378739062,115.60662378739066,377.99
2025-01-15 17:00:00,116.32067208443115,116.32081597773883,324.74
2025-01-15 18:00:00,115.60662378739065,115.60662378739066,270.09
2025-01-15 19:00:00,110.70326512405268,110.70326512405268,181.66
2025-01-15 20:00:00,109.71903063490629,109.71903063490626,150.87
2025-01-15 21:00:00,109.45524685255317,109.44981813282706,141.16
2025-01-15 22:00:00,109.42772595997512,109.35856160910129,123.9
2025-01-15 23:00:00,109.35851286814697,109.35856127908224,126.33
2025-01-16 00:00:00,109.35848996826846,109.35856126802001,119.12
2025-01-16 01:00:00,109.35848996826846,109.35856126560566,117.62
2025-01-16 02:00:00,109.35838820742006,109.35856079280082,115.03
2025-01-16 03:00:00,109.35856140350843,109.35854337795917,115.75
2025-01-16 04:00:00,109.35856140350822,109.35855242017118,123.27
2025-01-16 05:00:00,109.44601787079654,109.44595968605717,138.7
2025-01-16 06:00:00,109.7548232649701,109.75482326497009,173.04
2025-01-16 07:00:00,110.46474242424242,110.67072740669893,199.65
2025-01-16 08:00:00,110.4647424242424,110.6097104491422,175.0
2025-01-16 09:00:00,109.55076448780287,109.44937789656308,151.9
2025-01-16 10:00:00,109.3585698592417,109.3585614251921,140.64
2025-01-16 11:00:00,109.35841432285252,109.3584144047401,131.13
2025-01-16 12:00:00,109.35773546662273,109.35773546662332,130.58
2025-01-16 13:00:00,109.35463212985934,109.3546321744869,138.42
2025-01-16 14:00:00,109.37094221378479,109.3734112081593,163.04
2025-01-16 15:00:00,109.4524063547808,109.4524063547808,179.2
2025-01-16 16:00:00,110.7032651240527,110.70326512405268,191.56
2025-01-16 17:00:00,110.70326512405265,110.70326512405268,184.32
2025-01-16 18:00:00,110.70326512405266,110.65510463455315,179.97
2025-01-16 19:00:00,109.71338531385585,109.71338531385605,159.6
2025-01-16 20:00:00,109.38446785033341,109.38453368935642,141.6
2025-01-16 21:00:00,109.35200416794245,109.35314451280063,135.29
2025-01-16 22:00:00,109.35856140350808,109.35856144022642,123.75
2025-01-16 23:00:00,109.35848241369762,109.35856125146948,118.87
2025-01-17 00:00:00,109.35829919059321,109.35856084000068,118.39
2025-01-17 01:00:00,109.35828627256298,109.35856069817258,115.71
2025-01-17 02:00:00,109.358561403499,109.35856080674415,114.72
2025-01-17 03:00:00,109.35834828521358,109.35856083246287,115.48
2025-01-17 04:00:00,109.35851548569336,109.35856128636176,122.16
2025-01-17 05:00:00,109.50030995673812,109.50030993766165,140.8
2025-01-17 06:00:00,110.63431373970137,110.64463711834748,175.01
2025-01-17 07:00:00,113.63949367665995,113.63949367666063,208.13
2025-01-17 08:00:00,110.70326512405143,110.70326512405268,175.34
2025-01-17 09:00:00,109.54259000869021,109.54650898690187,158.0
2025-01-17 10:00:00,109.35856369840353,109.35856140939293,140.73
2025-01-17 11:00:00,109.35840428981051,109.35840433163575,126.44
2025-01-17 12:00:00,109.24236045166131,109.24236045166269,124.03
2025-01-17 13:00:00,109.08711649258287,109.08711649258406,132.99
2025-01-17 14:00:00,109.35816885795701,109.3581688579578,151.98
2025-01-17 15:00:00,109.40961661848434,109.40912156787795,170.21
2025-01-17 16:00:00,110.70326512405295,110.70326512405268,178.79
2025-01-17 17:00:00,110.70326512405231,110.70326512405268,179.92
2025-01-17 18:00:00,110.70326512405265,110.70326512405268,174.22
2025-01-17 19:00:00,109.75992759551764,109.75992759552037,157.91
2025-01-17 20:00:00,109.50025758132311,109.50025758132335,145.0
2025-01-17 21:00:00,109.44889082185811,109.3913815114312,139.97
2025-01-17 22:00:00,109.35856140350856,109.35856144555578,126.84
2025-01-17 23:00:00,109.35856140351123,109.3585614035088,125.29
2025-01-18 00:00:00,109.35843953115561,109.35856116232006,121.05
2025-01-18 01:00:00,109.35838402236482,109.35856094876975,120.98
2025-01-18 02:00:00,109.35838301594559,109.3585609461897,118.85
2025-01-18 03:00:00,109.35838402236446,109.35856094876856,116.46
2025-01-18 04:00:00,109.35838626800613,109.35856095452674,119.77
2025-01-18 05:00:00,109.35850971525589,109.35856126560515,119.75
2025-01-18 06:00:00,109.35855273363873,109.35856138128251,133.39
2025-01-18 07:00:00,109.44882211016325,109.44882211016478,145.63
2025-01-18 08:00:00,109.35856140351419,109.35856165710051,144.1
2025-01-18 09:00:00,109.35856140349773,109.3585614537232,131.21
2025-01-18 10:00:00,109.35838646681734,109.35838649724931,121.56
2025-01-18 11:00:00,107.78879988076751,107.78879991184613,118.87
2025-01-18 12:00:00,107.14837644051806,107.14837644051812,115.01
2025-01-18 13:00:00,107.14837644051823,107.08973644709185,119.32
2025-01-18 14:00:00,109.06427731753668,109.06427731753676,133.32
2025-01-18 15:00:00,109.35784917043452,109.35784920935087,149.71
2025-01-18 16:00:00,109.43811283405196,109.43887662199943,164.59
2025-01-18 17:00:00,109.55329280236764,109.5532936009863,167.57
2025-01-18 18:00:00,109.55324808912616,109.55324888676749,167.85
2025-01-18 19:00:00,109.44916759999379,109.44916759999363,156.12
2025-01-18 20:00:00,109.35856140350879,109.35856145328636,143.42
2025-01-18 21:00:00,109.35856140350903,109.35856140350879,136.4
2025-01-18 22:00:00,109.358561403509,109.35856140350879,129.36
2025-01-18 23:00:00,109.35856140350907,109.35856140350879,129.73
2025-01-19 00:00:00,109.35846416249656,109.35856115428359,124.2
2025-01-19 01:00:00,109.35856140350926,109.35856103714168,123.05
2025-01-19 02:00:00,109.35839308127656,109.35856097199343,121.24
2025-01-19 03:00:00,109.35839308127701,109.3585609719937,120.18
2025-01-19 04:00:00,109.35839486677943,109.35856097657215,120.0
2025-01-19 05:00:00,109.35844011720643,109.3585610903223,121.57
2025-01-19 06:00:00,109.35851443680066,109.35856128310495,123.33
2025-01-19 07:00:00,109.35851890266949,109.35856129455256,123.6
2025-01-19 08:00:00,109.35855252373011,109.35856138075196,125.16
2025-01-19 09:00:00,109.3584455631833,109.35844556318331,125.19
2025-01-19 10:00:00,109.35498818423912,109.35498818423943,121.56
2025-01-19 11:00:00,106.29241212258103,105.72207579306935,112.25
2025-01-19 12:00:00,100.61690625000051,100.61690625,107.51
2025-01-19 13:00:00,100.61690625000114,100.61690625,116.81
2025-01-19 14:00:00,104.7769233856862,104.96922375054811,126.29
2025-01-19 15:00:00,109.35745368683702,109.35745368683733,140.15
2025-01-19 16:00:00,109.39215928937568,109.38951154875804,149.67
2025-01-19 17:00:00,109.50070076199839,109.50070132467836,159.04
2025-01-19 18:00:00,109.50070076199839,109.50070076598803,156.6
2025-01-19 19:00:00,109.44882211016468,109.4488121618143,149.06
2025-01-19 20:00:00,109.35640392307603,109.35635965675363,139.26
2025-01-19 21:00:00,109.35856140350872,109.35856144303709,130.99
2025-01-19 22:00:00,109.3585310172703,109.35856134337362,122.94
2025-01-19 23:00:00,109.35856140350583,109.35856130304305,122.27
2025-01-20 00:00:00,109.35843987963082,109.35856109196713,119.44
2025-01-20 01:00:00,109.35842136618496,109.35856104450536,116.56
2025-01-20 02:00:00,109.35839643258461,109.35856098058498,114.41
2025-01-20 03:00:00,109.35847191771549,109.35856117408757,115.45
2025-01-20 04:00:00,109.35856140350911,109.35856129454136,127.54
2025-01-20 05:00:00,109.55250387978276,109.50030996723162,161.71
2025-01-20 06:00:00,110.70326512405255,110.70326512405268,276.48
2025-01-20 07:00:00,115.6066237873903,115.60662378739066,431.99
2025-01-20 08:00:00,110.70326512405285,110.70326512405268,291.7
2025-01-20 09:00:00,109.71346530976113,109.71306131605341,236.29
2025-01-20 10:00:00,109.3554067073468,109.35441832980861,187.48
2025-01-20 11:00:00,109.35856140334336,109.35856137959279,176.0
2025-01-20 12:00:00,109.34554329806801,109.35856136478684,171.39
2025-01-20 13:00:00,109.34562457681282,109.3456562279898,191.85
2025-01-20 14:00:00,109.35278676090333,109.35440245818891,277.17
2025-01-20 15:00:00,109.49047086665433,109.49087078406085,402.12
2025-01-20 16:00:00,110.7032651240526,110.79926545080603,583.4
2025-01-20 17:00:00,115.60662378739053,115.60662378739066,473.28
2025-01-20 18:00:00,110.75428718257918,110.75428718257832,295.57
2025-01-20 19:00:00,110.46474242424226,110.63922363971731,220.0
2025-01-20 20:00:00,109.48262326775507,109.48262326775433,170.0
2025-01-20 21:00:00,109.35640392307664,109.35635965675363,152.51
2025-01-20 22:00:00,109.36807704014441,109.35856143359861,137.98
2025-01-20 23:00:00,109.35851797124893,109.35856129216464,127.52
2025-01-21 00:00:00,109.35850971525876,109.35856126560554,121.65
2025-01-21 01:00:00,109.35848996826752,109.35856122037552,116.67
2025-01-21 02:00:00,109.35847427773432,109.35856118015083,113.86
2025-01-21 03:00:00,109.35848405324461,109.3585612602119,113.54
2025-01-21 04:00:00,109.35851228115459,109.35856127757724,122.34
2025-01-21 05:00:00,109.44916636384885,109.4487828705403,142.2
2025-01-21 06:00:00,110.4647424242424,110.64321110481941,190.06
2025-01-21 07:00:00,110.70326512405266,110.70326512405268,248.32
2025-01-21 08:00:00,110.70326512405268,110.70326512405268,211.68
2025-01-21 09:00:00,109.55250372239416,109.50030987127576,198.05
2025-01-21 10:00:00,109.34557084916118,109.35126749455036,161.5
2025-01-21 11:00:00,109.3581974299983,109.35856049056858,147.44
2025-01-21 12:00:00,109.18590710885246,109.16898702669259,142.83
2025-01-21 13:00:00,108.86690239011003,108.31075666286506,150.05
2025-01-21 14:00:00,109.35621285855396,109.34136886643205,173.43
2025-01-21 15:00:00,109.36412899334445,109.3641289933437,212.13
2025-01-21 16:00:00,110.70326512405268,110.70326512405268,301.15
2025-01-21 17:00:00,110.7032651240527,110.70326512405268,251.93
2025-01-21 18:00:00,110.70326512405246,110.70326512405268,202.68
2025-01-21 19:00:00,109.63677829690391,109.636778296904,174.84
2025-01-21 20:00:00,109.4429186603999,109.44681787601765,155.19
2025-01-21 21:00:00,109.35668785575635,109.35643373878764,138.6
2025-01-21 22:00:00,109.35887968857256,109.35856222044465,125.29
2025-01-21 23:00:00,109.3585026890495,109.3585026890494,128.0
2025-01-22 00:00:00,109.35857689170682,109.35859984549414,125.06
2025-01-22 01:00:00,109.35827176226628,109.3582717622661,122.22
2025-01-22 02:00:00,109.34873025584655,109.34882980014866,121.66
2025-01-22 03:00:00,109.34842396466512,109.34842396466503,123.16
2025-01-22 04:00:00,109.37347949554332,109.37333526238234,128.32
2025-01-22 05:00:00,109.39765941792584,109.3999556240218,156.92
2025-01-22 06:00:00,109.60729128951179,109.87132877969685,208.25
2025-01-22 07:00:00,109.61688466974122,109.91910880344929,238.6
2025-01-22 08:00:00,109.60924145958745,109.80883742088338,199.41
2025-01-22 09:00:00,109.32035455253013,109.36099251614965,179.06
2025-01-22 10:00:00,109.34651080635624,109.34923168070748,172.94
2025-01-22 11:00:00,109.34807605297873,109.34880313377198,165.0
2025-01-22 12:00:00,109.34826786160383,109.34880313377197,170.0
2025-01-22 13:00:00,109.3477573143281,109.3488167651915,179.92
2025-01-22 14:00:00,109.35108835679395,109.35275721078901,195.67
2025-01-22 15:00:00,109.37868683385675,109.38104552460356,199.04
2025-01-22 16:00:00,109.38216370353848,109.39914902432838,208.99
2025-01-22 17:00:00,109.39905867113782,109.39952861720838,180.43
2025-01-22 18:00:00,109.39335612337341,109.38723564955899,167.08
2025-01-22 19:00:00,109.30991573833877,109.3098881569889,134.49
2025-01-22 20:00:00,109.3288282008348,109.29939466717038,127.78
2025-01-22 21:00:00,109.17973982365714,109.13336926869927,128.09
2025-01-22 22:00:00,109.24272698899844,109.24150523072588,114.68
2025-01-22 23:00:00,107.14837644051812,107.56674819101228,113.7
2025-01-23 00:00:00,105.45942817341027,105.45942817341026,108.88
2025-01-23 01:00:00,105.56878030701773,105.06266330861655,105.58
2025-01-23 02:00:00,105.56878030701773,104.54724418809398,100.01
2025-01-23 03:00:00,103.80453474913173,103.72997823135468,97.59
2025-01-23 04:00:00,103.66120483508818,104.56590421063763,100.01
2025-01-23 05:00:00,107.14837644051805,107.14837644051812,106.41
2025-01-23 06:00:00,108.6464430233243,108.67595742327254,136.6
2025-01-23 07:00:00,108.90975877917275,108.86299734485159,159.03
2025-01-23 08:00:00,108.90926522071533,108.95739134554351,155.42
2025-01-23 09:00:00,108.7469617050347,108.7352209852144,130.94
2025-01-23 10:00:00,107.85478067092473,107.84917544484225,116.1
2025-01-23 11:00:00,100.66654331474962,100.66654331474695,94.93
2025-01-23 12:00:00,97.85956206066552,97.70157644612446,88.56
2025-01-23 13:00:00,97.07137775031282,97.07137775031268,85.86
2025-01-23 14:00:00,97.85956206066612,97.85956206066555,89.8
2025-01-23 15:00:00,100.61690625000008,100.61690625,89.87
2025-01-23 16:00:00,104.64770819575021,105.48641823323344,106.75
2025-01-23 17:00:00,107.14837644051869,107.14869657758882,112.0
2025-01-23 18:00:00,107.14837644051843,107.14837644051808,101.87
2025-01-23 19:00:00,105.96429703037599,104.60912418935177,86.36
2025-01-23 20:00:00,100.85328968016836,100.85766868638092,74.28
2025-01-23 21:00:00,99.27364890967011,99.27364890966956,75.68
2025-01-23 22:00:00,97.85956206066493,97.85956206066555,58.23
2025-01-23 23:00:00,92.54273178552953,92.54273178553254,69.03
2025-01-24 00:00:00,87.86051344871257,87.8605134487122,58.16
2025-01-24 01:00:00,87.86051344871264,87.8605134487122,45.05
2025-01-24 02:00:00,87.86051344871301,87.8605134487122,40.6
2025-01-24 03:00:00,89.71074390243933,89.71074390243903,50.17
2025-01-24 04:00:00,96.27261728008732,96.27261728008675,73.2
2025-01-24 05:00:00,97.85956206066612,97.85956206066555,85.44
2025-01-24 06:00:00,100.61690625000101,100.61690625000016,109.16
2025-01-24 07:00:00,100.66654331475058,100.72157416982567,116.23
2025-01-24 08:00:00,100.66654331475087,100.73780324393533,96.34
2025-01-24 09:00:00,98.22129346317342,98.22129346317297,88.9
2025-01-24 10:00:00,94.87131662251895,94.87131662251792,78.44
2025-01-24 11:00:00,80.79418247554577,70.28125461541954,76.48
2025-01-24 12:00:00,29.315670336582855,29.315670336583118,74.69
2025-01-24 13:00:00,29.31567033658301,29.315670336583125,74.51
2025-01-24 14:00:00,35.93089999999967,35.93089999999993,74.51
2025-01-24 15:00:00,75.50198007190106,76.33920587277983,75.25
2025-01-24 16:00:00,92.5427317855324,93.50595272593931,83.02
2025-01-24 17:00:00,98.22129346317334,98.22129346317297,88.59
2025-01-24 18:00:00,98.22129346317335,98.22129346317297,91.78
2025-01-24 19:00:00,97.8595620606657,97.85956206066555,84.99
2025-01-24 20:00:00,96.27261728008678,96.27261728008675,80.79
2025-01-24 21:00:00,93.03651237313572,93.20225588382868,91.97
2025-01-24 22:00:00,91.69925752437534,91.45203971894003,86.29
2025-01-24 23:00:00,96.27261728008688,96.27261728008675,59.04
2025-01-25 00:00:00,95.42947253303645,95.40728810903042,64.96
2025-01-25 01:00:00,94.87131662251743,94.8713166225179,63.55
2025-01-25 02:00:00,90.43856691611114,90.42868167574937,67.17
2025-01-25 03:00:00,90.43856691611114,90.42868167574876,76.77
2025-01-25 04:00:00,92.54273178553262,92.54273178553254,76.89
2025-01-25 05:00:00,89.71074390243895,89.71074390243886,79.32
2025-01-25 06:00:00,97.07137775031309,96.83383075948169,76.89
2025-01-25 07:00:00,97.07137775031278,97.07137775031423,88.99
2025-01-25 08:00:00,97.07137775031309,97.07137775032548,87.31
2025-01-25 09:00:00,96.27261728008722,96.27261728008675,86.32
2025-01-25 10:00:00,96.27261728008656,96.27261728008675,88.15
2025-01-25 11:00:00,81.67000276243121,81.6700027624109,82.55
2025-01-25 12:00:00,81.67000276243066,76.29986458809323,81.98
2025-01-25 13:00:00,87.86051344871224,87.86051344844064,89.0
2025-01-25 14:00:00,96.27261728008658,96.27261728008675,111.07
2025-01-25 15:00:00,98.22129346317332,98.22129346317297,132.97
2025-01-25 16:00:00,103.3036584582443,104.59749801732991,145.85
2025-01-25 17:00:00,109.10394632933937,109.10394632933296,151.0
2025-01-25 18:00:00,109.3390585297895,109.333073912416,147.53
2025-01-25 19:00:00,109.1011423255719,109.10114232557132,137.6
2025-01-25 20:00:00,109.07436469951914,109.07436469952725,134.61
2025-01-25 21:00:00,108.31254276191547,108.29764484836105,132.26
2025-01-25 22:00:00,107.82098312911863,107.75906692753242,122.03
2025-01-25 23:00:00,100.61690625000084,100.61690624996156,126.21
2025-01-26 00:00:00,100.61690625000372,99.87226916183405,115.79
2025-01-26 01:00:00,99.27364890967685,99.27364890966956,111.3
2025-01-26 02:00:00,99.27364890967667,99.69537366642088,106.85
2025-01-26 03:00:00,99.27364890967353,99.3336800978318,105.43
2025-01-26 04:00:00,99.27364890967988,99.27364890966956,107.86
2025-01-26 05:00:00,99.27364890967092,98.83905248517847,110.6
2025-01-26 06:00:00,99.27364890967118,98.91119699028818,117.62
2025-01-26 07:00:00,100.61690625000512,100.61690625000917,124.17
2025-01-26 08:00:00,102.69656741573056,102.40464754744171,121.97
2025-01-26 09:00:00,100.61690625000018,100.61690625,105.51
2025-01-26 10:00:00,97.85956206067603,97.85956206066555,102.57
2025-01-26 11:00:00,96.27261728010023,96.27261728008675,96.73
2025-01-26 12:00:00,88.67831788114722,88.67831788104579,90.02
2025-01-26 13:00:00,87.86051344871636,87.86051344867835,92.52
2025-01-26 14:00:00,96.27261728008361,96.27261728009117,111.63
2025-01-26 15:00:00,98.2212934631867,98.22129346317297,125.92
2025-01-26 16:00:00,104.10907349381343,104.76321562930913,132.77
2025-01-26 17:00:00,107.1483764405181,104.98682431199762,118.94
2025-01-26 18:00:00,100.66654331474962,100.66654331474969,90.32
2025-01-26 19:00:00,97.85956206066552,97.85956206066555,78.93
2025-01-26 20:00:00,97.07137775031272,96.51820506672702,68.26
2025-01-26 21:00:00,92.54273178553254,90.81502739443577,49.25
2025-01-26 22:00:00,87.86051344871213,87.8605134487122,23.89
2025-01-26 23:00:00,70.68461135360947,70.68461135360934,40.14
2025-01-27 00:00:00,65.95663542259604,65.64156250071163,35.26
2025-01-27 01:00:00,63.02704556288671,63.027045562886556,26.38
2025-01-27 02:00:00,35.930899999999866,35.93090000000003,14.07
2025-01-27 03:00:00,33.366840244428,33.36345358564907,10.1
2025-01-27 04:00:00,35.93089999999986,35.930899999999994,21.52
2025-01-27 05:00:00,63.34153612466813,63.168159950968466,34.1
2025-01-27 06:00:00,63.59376920991123,63.99429896851347,56.99
2025-01-27 07:00:00,81.67000276243095,81.6700027622946,71.76
2025-01-27 08:00:00,87.86051344871228,87.8605134487122,62.96
2025-01-27 09:00:00,68.0389111812413,63.33356770179335,45.57
2025-01-27 10:00:00,63.17697776060897,63.17403976592867,40.11
2025-01-27 11:00:00,61.05945671339266,61.05945671339254,35.66
2025-01-27 12:00:00,57.86878098083846,51.54490903062645,38.37
2025-01-27 13:00:00,63.064379416043394,63.0643794160432,53.95
2025-01-27 14:00:00,63.1131411846771,63.11314118467336,86.79
2025-01-27 15:00:00,87.86051344871214,87.86051344877767,102.46
2025-01-27 16:00:00,98.2212934631728,98.22129346317297,118.56
2025-01-27 17:00:00,99.27364890966952,99.27364890966956,118.67
2025-01-27 18:00:00,98.22129346317283,98.22129346317297,100.05
2025-01-27 19:00:00,97.85956206066547,97.85956206066582,94.07
2025-01-27 20:00:00,96.27261728008666,96.27261728008675,85.08
2025-01-27 21:00:00,82.85868043193443,82.39328243456264,82.26
2025-01-27 22:00:00,82.8586804319343,82.06324122597346,69.28
2025-01-27 23:00:00,81.81761386482559,81.70653989670144,76.92
2025-01-28 00:00:00,81.67000276243094,81.67000276242739,71.53
2025-01-28 01:00:00,81.67000276243093,81.70653989667484,57.33
2025-01-28 02:00:00,86.96403478470835,86.96991808964273,69.28
2025-01-28 03:00:00,87.86051344871201,87.8605134487122,76.92
2025-01-28 04:00:00,89.71074390243888,90.66772191158229,77.59
2025-01-28 05:00:00,97.07137775031264,97.07137775031268,98.22
2025-01-28 06:00:00,100.61690624999993,100.61690625,125.45
2025-01-28 07:00:00,105.07042853381209,104.79611711035325,147.5
2025-01-28 08:00:00,104.68890899131742,104.7447342437508,135.3
2025-01-28 09:00:00,101.97554026291412,101.36357611812835,120.53
2025-01-28 10:00:00,100.61690625000001,100.61690625000001,116.34
2025-01-28 11:00:00,98.22129346317291,98.22129346317297,114.75
2025-01-28 12:00:00,99.27364890966949,99.27364890966956,117.39
2025-01-28 13:00:00,100.66654331474965,100.66654331474969,121.33
2025-01-28 14:00:00,104.44240098349991,104.06100494127887,139.91
2025-01-28 15:00:00,107.14837644051804,107.14837644051812,147.0
2025-01-28 16:00:00,108.79049036416468,108.81384383271698,149.6
2025-01-28 17:00:00,108.77625309692844,108.78159476073921,134.94
2025-01-28 18:00:00,106.5934958109023,106.7644894271277,128.9
2025-01-28 19:00:00,103.88948170061875,104.00173439584174,94.76
2025-01-28 20:00:00,99.27364890966955,99.92876544094844,87.26
2025-01-28 21:00:00,96.88513153932108,96.28892402292061,79.8
2025-01-28 22:00:00,96.2726172800865,96.27261728008675,64.43
2025-01-28 23:00:00,96.27261728008664,96.27261728008675,87.72
2025-01-29 00:00:00,96.27261728008668,96.27261728008675,83.39
2025-01-29 01:00:00,94.89945932899526,94.9018571868877,78.16
2025-01-29 02:00:00,92.58065116068653,92.57850846130464,75.64
2025-01-29 03:00:00,92.57525455434815,92.57850846130464,79.01
2025-01-29 04:00:00,96.27261728008666,96.27261728008675,86.98
2025-01-29 05:00:00,97.85956206066551,97.85956206066555,93.14
2025-01-29 06:00:00,98.22129346317291,98.22129346317297,141.42
2025-01-29 07:00:00,103.30365845824444,103.78487924441468,142.54
2025-01-29 08:00:00,103.84269088576394,103.84269088576346,130.45
2025-01-29 09:00:00,97.85956206066557,97.85956206066555,105.05
2025-01-29 10:00:00,96.2726172800868,96.27261728008675,89.25
2025-01-29 11:00:00,73.90155650083817,72.68323634278596,85.0
2025-01-29 12:00:00,62.072142532695345,62.43817132158236,85.53
2025-01-29 13:00:00,52.21823485288492,52.21823485288469,87.67
2025-01-29 14:00:00,65.94804890637825,66.00999563331273,102.75
2025-01-29 15:00:00,96.27261728008678,96.27261728008675,132.66
2025-01-29 16:00:00,100.61690624999999,100.61690625,149.57
2025-01-29 17:00:00,107.64010222018634,107.62930322440712,150.09
2025-01-29 18:00:00,108.90482933448766,108.90071190110115,146.3
2025-01-29 19:00:00,107.70332553283868,107.70204804408009,131.95
2025-01-29 20:00:00,107.03640547295798,107.03703974278648,119.65
2025-01-29 21:00:00,106.21176970229415,105.98973061740527,111.99
2025-01-29 22:00:00,105.04767460086232,104.24833307482096,99.33
2025-01-29 23:00:00,103.29862616844888,103.29862616844657,92.41
2025-01-30 00:00:00,98.22129346317297,98.22129346317297,92.43
2025-01-30 01:00:00,98.22129346317297,98.22129346317297,93.33
2025-01-30 02:00:00,99.27364890966959,99.27364890966956,92.95
2025-01-30 03:00:00,99.3013793964453,99.32373003739572,92.43
2025-01-30 04:00:00,100.61690625,100.61690625,108.65
2025-01-30 05:00:00,102.18579712067654,102.18629971914443,139.83
2025-01-30 06:00:00,109.01363021124575,109.03493438422545,152.64
2025-01-30 07:00:00,109.33678608459782,109.33678608459799,160.3
2025-01-30 08:00:00,109.35601529442891,109.3456238903321,151.51
2025-01-30 09:00:00,109.00056926409812,109.00056926409813,135.09
2025-01-30 10:00:00,107.82594702935047,107.82594702935049,123.25
2025-01-30 11:00:00,105.47035415315386,105.40026621480061,115.89
2025-01-30 12:00:00,103.3036584582438,103.23948116232486,113.3
2025-01-30 13:00:00,102.42655829006983,102.57648713208707,129.41
2025-01-30 14:00:00,105.99641975009914,105.1933725023945,153.22
2025-01-30 15:00:00,107.14837644051758,107.14837644051812,160.87
2025-01-30 16:00:00,109.33573136353664,109.33597246299247,180.36
2025-01-30 17:00:00,109.33918724390799,109.33918724390804,176.58
2025-01-30 18:00:00,109.35676179180336,109.35725115108218,161.28
2025-01-30 19:00:00,109.3632004076918,109.36319512893746,150.2
2025-01-30 20:00:00,109.33962303331519,109.33962303331519,134.17
2025-01-30 21:00:00,108.96055232835462,108.96055232835616,126.46
2025-01-30 22:00:00,107.14837644051815,107.14837644051812,120.2
2025-01-30 23:00:00,107.03777409084218,107.03777409084208,120.0
2025-01-31 00:00:00,105.72807602068269,105.24559111343584,117.08
2025-01-31 01:00:00,104.90276193424519,105.25654244798679,113.89
2025-01-31 02:00:00,105.51903604454162,105.2724185161549,113.12
2025-01-31 03:00:00,104.96986067316195,104.96986067316213,115.98
2025-01-31 04:00:00,105.44480967450339,105.25254488493032,120.74
2025-01-31 05:00:00,108.1327269902519,108.13272699018074,131.87
2025-01-31 06:00:00,109.33291071674292,109.33033047346322,157.97
2025-01-31 07:00:00,109.34740588590522,109.3474058859025,163.7
2025-01-31 08:00:00,109.34541883471505,109.34541883471734,154.82
2025-01-31 09:00:00,109.03300634123656,109.03300634118948,130.1
2025-01-31 10:00:00,106.47520651272447,106.47520651270423,126.2
2025-01-31 11:00:00,103.39781245048626,103.44397663509253,120.06
2025-01-31 12:00:00,99.27364890966483,99.27364890966956,121.19
2025-01-31 13:00:00,98.22129346317698,98.22129346317297,119.76
2025-01-31 14:00:00,100.6169062500102,100.61690625,149.87
2025-01-31 15:00:00,106.13081151713065,106.12913782039985,168.26
2025-01-31 16:00:00,109.34222313581478,109.34260385643022,185.26
2025-01-31 17:00:00,109.38593319487269,109.39858411425111,184.48
2025-01-31 18:00:00,109.39153535336234,109.38622739381782,178.99
2025-01-31 19:00:00,109.35317600458073,109.35320777210654,162.66
2025-01-31 20:00:00,109.35103350499979,109.35134432712275,152.7
2025-01-31 21:00:00,109.35856140350867,109.35856140350879,144.31
2025-01-31 22:00:00,109.35845038508083,109.35845038508081,131.41
2025-01-31 23:00:00,109.21377412579919,109.21377412579888,136.93
2025-02-01 00:00:00,109.35845792673756,109.35845792673874,129.42
2025-02-01 01:00:00,109.34904859022677,109.34904859022603,124.24
2025-02-01 02:00:00,109.34337875629484,109.34337875629524,119.12
2025-02-01 03:00:00,109.35499407551005,109.35712372665127,118.86
2025-02-01 04:00:00,109.35808315373279,109.3577526285577,120.54
2025-02-01 05:00:00,109.36447122692016,109.36094245939033,127.1
2025-02-01 06:00:00,109.40002784076938,109.43302846756757,144.74
2025-02-01 07:00:00,110.12531674614394,110.25333669106796,153.46
2025-02-01 08:00:00,109.42738007059707,109.42738007058281,142.44
2025-02-01 09:00:00,109.35849997491269,109.35849997492303,128.4
2025-02-01 10:00:00,109.33285172220151,109.30075013349956,120.08
2025-02-01 11:00:00,107.14837644049555,107.14837644051812,110.29
2025-02-01 12:00:00,100.61690625,100.61690625,103.4
2025-02-01 13:00:00,97.85956206066561,97.85956206066555,113.7
2025-02-01 14:00:00,98.22129346317297,98.22129346317297,129.49
2025-02-01 15:00:00,108.96529451388984,108.96529451388973,154.43
2025-02-01 16:00:00,109.58745280600375,109.98540098314739,168.27
2025-02-01 17:00:00,110.46474242424226,110.55678283810292,167.51
2025-02-01 18:00:00,110.46474242424232,110.37419768152161,162.98
2025-02-01 19:00:00,110.4647424242423,110.38748536168796,156.6
2025-02-01 20:00:00,109.90357470311737,109.89109473031533,145.24
2025-02-01 21:00:00,109.50077859586784,109.50077859586779,141.73
2025-02-01 22:00:00,109.3621969298731,109.36219692987082,131.74
2025-02-01 23:00:00,109.35815748577241,109.35815748577181,133.26
2025-02-02 00:00:00,109.35706674639559,109.35706674639526,126.91
2025-02-02 01:00:00,109.35706674639559,109.35706674639526,122.99
2025-02-02 02:00:00,109.35795538171034,109.35795538172184,120.66
2025-02-02 03:00:00,109.35761862830297,109.35792077270024,122.34
2025-02-02 04:00:00,109.36592081195455,109.36375029877445,123.41
2025-02-02 05:00:00,109.3675935356883,109.36220043126703,128.09
2025-02-02 06:00:00,109.36353053772832,109.36353053772872,135.9
2025-02-02 07:00:00,109.39374275865814,109.39374275865787,137.3
2025-02-02 08:00:00,109.360303778477,109.36030196175541,137.7
2025-02-02 09:00:00,109.33325889133319,109.30351345902146,130.04
2025-02-02 10:00:00,108.23774517713107,108.23774517717929,129.33
2025-02-02 11:00:00,100.61690625000138,100.61690625,122.24
2025-02-02 12:00:00,97.07137775031285,97.07137775031268,111.88
2025-02-02 13:00:00,87.86051344871184,87.8605134487122,116.42
2025-02-02 14:00:00,98.22129346317578,98.22129346317297,127.97
2025-02-02 15:00:00,109.08490438077791,109.08490438077621,151.21
2025-02-02 16:00:00,109.42817491234871,109.66205979699292,164.03
2025-02-02 17:00:00,110.46474242424237,110.55678283810292,172.49
2025-02-02 18:00:00,110.46474242424243,110.37419768152157,173.95
2025-02-02 19:00:00,110.46474242424247,110.37087158596786,165.5
2025-02-02 20:00:00,110.46474242424244,110.24365774250734,155.77
2025-02-02 21:00:00,109.65225515320775,109.65225515320785,148.44
2025-02-02 22:00:00,109.3585978724459,109.3585978724458,133.24
2025-02-02 23:00:00,109.35865479533179,109.35865479533156,129.54
2025-02-03 00:00:00,109.36298262685332,109.36298262685348,126.63
2025-02-03 01:00:00,109.3615792146223,109.3615792146228,124.72
2025-02-03 02:00:00,109.3579777800514,109.35797778005117,120.04
2025-02-03 03:00:00,109.37064558956133,109.36343009759122,123.24
2025-02-03 04:00:00,109.44851807880394,109.50214674712913,127.77
2025-02-03 05:00:00,110.7032651240557,110.53569993597694,159.18
2025-02-03 06:00:00,110.7032651240549,110.85460128399052,207.88
2025-02-03 07:00:00,115.60662378739143,115.60662378739066,243.23
2025-02-03 08:00:00,110.70326512405119,110.67034772297328,178.04
2025-02-03 09:00:00,109.49843625446634,109.49843625446219,149.95
2025-02-03 10:00:00,109.35831187680559,109.35831187680569,126.05
2025-02-03 11:00:00,108.3406750570267,108.34067505702664,117.27
2025-02-03 12:00:00,100.61690624999976,100.61690625,115.29
2025-02-03 13:00:00,99.28371961064782,99.28371961064782,124.18
2025-02-03 14:00:00,101.79933939560102,101.79691910461602,145.86
2025-02-03 15:00:00,109.36327436241599,109.36464874225754,170.71
2025-02-03 16:00:00,110.46474242424223,110.68112545537392,216.0
2025-02-03 17:00:00,113.63949367666036,113.63949367666063,200.73
2025-02-03 18:00:00,110.70326512405231,110.70326512405268,201.1
2025-02-03 19:00:00,110.70326512405242,110.70326512405268,167.74
2025-02-03 20:00:00,110.4647424242421,110.37264134882194,153.0
2025-02-03 21:00:00,109.97823776050821,109.98109930401813,144.23
2025-02-03 22:00:00,109.4949146143787,109.49491461437985,135.81
2025-02-03 23:00:00,109.35850978950802,109.35851249811425,132.4
2025-02-04 00:00:00,109.35503152874372,109.35503152874412,125.54
2025-02-04 01:00:00,109.35628462752706,109.35628462752781,123.18
2025-02-04 02:00:00,109.35167566378128,109.35167566378101,123.99
2025-02-04 03:00:00,109.3416522805955,109.3517487521391,123.25
2025-02-04 04:00:00,109.35856140350879,109.35375856882155,127.63
2025-02-04 05:00:00,109.75610053599347,109.94268657119703,155.42
2025-02-04 06:00:00,109.71349670012056,110.32714623925351,192.24
2025-02-04 07:00:00,109.75502081864981,110.40127717361109,211.99
2025-02-04 08:00:00,109.75867271289397,109.96960692016592,163.31
2025-02-04 09:00:00,109.35856140350828,109.35851548569407,136.53
2025-02-04 10:00:00,109.25002309201146,109.19306671178435,126.57
2025-02-04 11:00:00,101.81005115551874,101.81005115551875,116.89
2025-02-04 12:00:00,97.85956206066547,97.85956206066555,113.17
2025-02-04 13:00:00,96.27261728008686,96.27261728008675,120.09
2025-02-04 14:00:00,97.07137775031266,97.07137775031268,127.47
2025-02-04 15:00:00,105.64844263658085,105.49229464971988,164.81
2025-02-04 16:00:00,109.39652818694148,109.45707457278182,168.99
2025-02-04 17:00:00,109.68348739087834,110.31312053651484,175.0
2025-02-04 18:00:00,110.27767062370962,109.98587002892918,162.04
2025-02-04 19:00:00,110.46474242424236,109.94971928750078,145.01
2025-02-04 20:00:00,109.32584464405876,109.3270059149182,132.43
2025-02-04 21:00:00,109.3037605860015,109.3037605860016,129.42
2025-02-04 22:00:00,109.35856140350882,109.35856140350879,120.62
2025-02-04 23:00:00,109.24188103030222,109.18672795603358,113.34
2025-02-05 00:00:00,107.14837644051804,107.14837644051812,109.67
2025-02-05 01:00:00,103.30365845824484,103.15062664838858,109.4
2025-02-05 02:00:00,101.98684584759455,101.98684584759555,108.18
2025-02-05 03:00:00,105.00869391552015,105.00844080003648,115.17
2025-02-05 04:00:00,108.96476051014473,109.13176671074996,122.42
2025-02-05 05:00:00,109.30731761390824,109.117763312367,139.81
2025-02-05 06:00:00,109.75992609786174,109.78333365209812,165.32
2025-02-05 07:00:00,109.75867271289262,110.12651591614964,180.81
2025-02-05 08:00:00,109.55329198170595,109.55329198170872,159.33
2025-02-05 09:00:00,109.35848296479433,109.35848296479737,132.19
2025-02-05 10:00:00,109.35780404265219,109.35825626435518,119.96
2025-02-05 11:00:00,108.9960449392956,108.60813791814039,115.46
2025-02-05 12:00:00,107.5306289366261,107.53062893662032,118.8
2025-02-05 13:00:00,108.57695648573713,108.57695648574138,128.85
2025-02-05 14:00:00,109.32378443401083,109.30704177494957,144.12
2025-02-05 15:00:00,109.37156117443725,109.37800348485482,160.58
2025-02-05 16:00:00,110.70326512405263,110.70326512405268,177.19
2025-02-05 17:00:00,110.70326512405265,110.83055076339433,189.9
2025-02-05 18:00:00,110.70326512405262,110.70326512405268,189.63
2025-02-05 19:00:00,110.70326512405263,110.70326512405268,170.0
2025-02-05 20:00:00,110.70326512405263,110.48937390270085,155.42
2025-02-05 21:00:00,110.46474242424242,110.35699702381659,143.7
2025-02-05 22:00:00,109.65356242627958,109.65356242627912,133.21
2025-02-05 23:00:00,109.35856140350887,109.41101858472251,133.67
2025-02-06 00:00:00,109.35858076801111,109.35858076801132,129.57
2025-02-06 01:00:00,109.35856227797913,109.35856227797922,125.87
2025-02-06 02:00:00,109.35852190173499,109.35852190173517,125.0
2025-02-06 03:00:00,109.36511849637962,109.36511849637984,125.01
2025-02-06 04:00:00,109.45392812067044,109.45392812067172,135.28
2025-02-06 05:00:00,110.46474242424243,110.526209661126,156.12
2025-02-06 06:00:00,112.23765827762684,110.70338974125062,180.09
2025-02-06 07:00:00,112.23723969957555,110.84003234440614,219.42
2025-02-06 08:00:00,110.70326512405273,110.70326512405268,178.99
2025-02-06 09:00:00,110.46474242424246,110.40889176266168,160.14
2025-02-06 10:00:00,109.67273688751922,109.6727368875201,152.56
2025-02-06 11:00:00,109.35863522375946,109.35863522375945,147.89
2025-02-06 12:00:00,109.3605098990761,109.36398224535414,145.48
2025-02-06 13:00:00,109.33386685364583,109.30503100586228,137.79
2025-02-06 14:00:00,109.28737503976545,109.33568858612293,150.8
2025-02-06 15:00:00,109.5809930298006,109.84473418417984,164.89
2025-02-06 16:00:00,109.9671871318374,110.41618412931928,171.59
2025-02-06 17:00:00,110.464742424243,110.5526574207619,170.48
2025-02-06 18:00:00,110.46474242424225,110.3911659079322,162.95
2025-02-06 19:00:00,110.46474242424159,109.95090808998664,141.33
2025-02-06 20:00:00,110.46474242424173,109.84353147575705,131.26
2025-02-06 21:00:00,109.36397313567221,109.3639731356736,134.0
2025-02-06 22:00:00,109.33873501162348,109.33873501162374,121.95
2025-02-06 23:00:00,108.98698436211556,108.98698436211933,126.05
2025-02-07 00:00:00,106.32592912204021,106.32592912204031,112.7
2025-02-07 01:00:00,103.8145759072137,103.81457590721182,108.82
2025-02-07 02:00:00,101.81344008499534,101.81344008499748,105.0
2025-02-07 03:00:00,101.81344008499718,101.81344008499748,104.81
2025-02-07 04:00:00,101.7863221464319,101.7863221464323,105.07
2025-02-07 05:00:00,108.77896557275297,108.72645159181175,112.39
2025-02-07 06:00:00,109.13163651624662,109.11285562601849,141.66
2025-02-07 07:00:00,109.27195263749809,109.26255209782887,164.21
2025-02-07 08:00:00,109.33073557426103,109.33321309245781,150.36
2025-02-07 09:00:00,108.9039339991469,108.92719096222083,133.88
2025-02-07 10:00:00,101.32130297923399,101.41565148703673,115.14
2025-02-07 11:00:00,99.27364890966972,99.27364890966956,111.49
2025-02-07 12:00:00,98.22129346317308,98.22129346317297,106.77
2025-02-07 13:00:00,97.85956206066547,97.85956206066555,109.59
2025-02-07 14:00:00,99.2683285458391,99.24452164178659,111.68
2025-02-07 15:00:00,103.94958646062918,103.87000548363012,126.61
2025-02-07 16:00:00,108.79898758242692,108.76948704724222,142.85
2025-02-07 17:00:00,109.31062910369629,109.2498182969679,149.05
2025-02-07 18:00:00,109.05633265796337,108.88652866145395,144.32
2025-02-07 19:00:00,108.92881346407833,108.77376383535163,126.93
2025-02-07 20:00:00,108.73023599400099,108.73023599400085,100.0
2025-02-07 21:00:00,108.3871790523919,108.386574538055,98.72
2025-02-07 22:00:00,107.14837644051728,107.14837644051812,100.14
2025-02-07 23:00:00,101.80500770401089,101.80500770401191,81.34
2025-02-08 00:00:00,100.61690624999859,100.61690625,84.85
2025-02-08 01:00:00,99.2736489096681,99.27364890966956,85.8
2025-02-08 02:00:00,98.22129346317381,98.22129346317294,87.08
2025-02-08 03:00:00,98.22129346317371,98.22129346317294,89.69
2025-02-08 04:00:00,99.05398980384709,99.05398980384749,90.99
2025-02-08 05:00:00,100.66654331474781,100.66654331474969,90.8
2025-02-08 06:00:00,106.23785980623221,106.22210328519567,95.31
2025-02-08 07:00:00,109.0519733703734,109.04585558436466,111.11
2025-02-08 08:00:00,107.14837644051659,107.14837644051818,92.68
2025-02-08 09:00:00,99.27364890966774,99.27364890966957,79.42
2025-02-08 10:00:00,97.85956206066528,97.85956206066624,68.75
2025-02-08 11:00:00,96.27261728008565,96.27261728008675,67.71
2025-02-08 12:00:00,87.86051344871052,87.8605134487122,79.85
2025-02-08 13:00:00,87.86051344871068,87.8605134487122,89.85
2025-02-08 14:00:00,97.07137775031119,97.07137775031268,118.0
2025-02-08 15:00:00,100.66654331474895,100.66654331474969,140.87
2025-02-08 16:00:00,109.36074850758925,109.36076161090398,150.0
2025-02-08 17:00:00,109.44141218730856,109.44141218730819,160.49
2025-02-08 18:00:00,109.3705784871747,109.37259513604751,161.1
2025-02-08 19:00:00,109.35735646689604,109.35735646689622,156.42
2025-02-08 20:00:00,109.35745950066993,109.35767323832629,149.0
2025-02-08 21:00:00,109.35856140350867,109.35856140350879,144.0
2025-02-08 22:00:00,109.3585089762135,109.35850897621268,136.31
2025-02-08 23:00:00,109.35848694294259,109.35848694294329,135.0
2025-02-09 00:00:00,109.35819217069175,109.35819217068969,134.51
2025-02-09 01:00:00,109.34029303257242,109.34029303257574,130.18
2025-02-09 02:00:00,109.33797800671078,109.33797800672922,119.3
2025-02-09 03:00:00,109.33618752945259,109.33618752942402,116.79
2025-02-09 04:00:00,109.33618752945259,109.33618752942408,117.0
2025-02-09 05:00:00,109.3361548500823,109.33615485007086,117.0
2025-02-09 06:00:00,109.34566153254818,109.34556059141791,133.43
2025-02-09 07:00:00,109.35067136833142,109.35067136833753,136.77
2025-02-09 08:00:00,109.33134373931583,109.3313437393159,123.97
2025-02-09 09:00:00,109.01718558409691,109.01718558409694,114.79
2025-02-09 10:00:00,100.6169062500001,100.61690625,105.65
2025-02-09 11:00:00,98.22129346317297,98.22129346317297,98.71
2025-02-09 12:00:00,97.07137775031275,97.07137775031268,95.53
2025-02-09 13:00:00,96.27261728008682,96.27261728008675,109.9
2025-02-09 14:00:00,97.85956206066555,97.85956206066555,120.4
2025-02-09 15:00:00,104.98466020695916,104.98277894059392,141.96
2025-02-09 16:00:00,109.35871175853588,109.36097095348372,148.58
2025-02-09 17:00:00,109.37142908958747,109.37142908958745,161.93
2025-02-09 18:00:00,109.3716126694448,109.37125821335802,156.13
2025-02-09 19:00:00,109.36564192684972,109.36561450491192,150.65
2025-02-09 20:00:00,109.35552518950144,109.35552518950156,142.92
2025-02-09 21:00:00,109.35856140350913,109.35412062698434,143.0
2025-02-09 22:00:00,109.30744544741911,109.30744544741914,127.97
2025-02-09 23:00:00,109.10848406816172,109.22231689999889,118.58
2025-02-10 00:00:00,107.14837644051813,107.14837644051815,111.82
2025-02-10 01:00:00,106.32655963221515,106.40576668387195,109.22
2025-02-10 02:00:00,105.6580223248352,105.65802232448658,106.29
2025-02-10 03:00:00,105.65802232483522,105.65802232483642,105.85
2025-02-10 04:00:00,108.73501477615335,108.73505521735754,112.0
2025-02-10 05:00:00,109.33944185737263,109.17451573752878,145.38
2025-02-10 06:00:00,109.37224527640564,109.38584755441069,162.02
2025-02-10 07:00:00,109.51555353286,109.62211769471627,181.36
2025-02-10 08:00:00,109.42361220582025,109.42361220582049,163.18
2025-02-10 09:00:00,109.34449481357912,109.34449481357916,135.9
2025-02-10 10:00:00,109.2423712949363,109.22261028969638,115.28
2025-02-10 11:00:00,101.92094587905719,101.7031680744404,109.36
2025-02-10 12:00:00,100.61690625000011,100.61690625,109.74
2025-02-10 13:00:00,99.27364890966972,99.27364890966956,123.07
2025-02-10 14:00:00,100.61690625000018,100.61690625,128.54
2025-02-10 15:00:00,107.14837644051836,107.148376440518,133.58
2025-02-10 16:00:00,109.06445277371844,108.98328358030885,133.82
2025-02-10 17:00:00,109.30681055246914,109.27607850075307,142.11
2025-02-10 18:00:00,108.44317955018774,109.14943418732305,114.85
2025-02-10 19:00:00,108.51347853462545,108.9210105006903,94.37
2025-02-10 20:00:00,103.03500190726734,102.99262838040583,91.48
2025-02-10 21:00:00,100.66654331475063,100.66654331486383,88.87
2025-02-10 22:00:00,101.27166025161543,101.35672140532006,87.38
2025-02-10 23:00:00,99.27364890966814,99.27364890966956,77.45
2025-02-11 00:00:00,97.859562060665,97.85956206066555,71.1
2025-02-11 01:00:00,97.8595620606645,97.85956206066555,71.62
2025-02-11 02:00:00,97.85956206066423,97.85956206066555,74.89
2025-02-11 03:00:00,98.22129346317206,98.22129346317297,77.45
2025-02-11 04:00:00,100.61690624999876,100.61690625,87.44
2025-02-11 05:00:00,107.1483764405188,107.14837644052794,100.46
2025-02-11 06:00:00,108.94248959025454,108.92067946545495,134.93
2025-02-11 07:00:00,109.22087844559044,109.1510383894048,155.53
2025-02-11 08:00:00,109.31634604608341,109.31634604607892,141.42
2025-02-11 09:00:00,109.29179126825142,109.29179126825146,96.65
2025-02-11 10:00:00,109.17034079574121,109.1397803733711,92.78
2025-02-11 11:00:00,100.61690624993815,100.61690625,97.68
2025-02-11 12:00:00,100.61690625001172,100.61690625,111.11
2025-02-11 13:00:00,102.60459596299955,102.60459596300723,123.46
2025-02-11 14:00:00,109.25164564917033,109.27253889775761,143.69
2025-02-11 15:00:00,109.33665936881005,109.33407370425967,144.47
2025-02-11 16:00:00,109.38715197802928,109.3874395168543,159.97
2025-02-11 17:00:00,109.4056751877969,109.63034191778611,168.19
2025-02-11 18:00:00,109.45478483229452,109.3905011699158,167.45
2025-02-11 19:00:00,109.3862219539385,109.38781355175011,162.63
2025-02-11 20:00:00,109.38376567867833,109.37300426755519,148.75
2025-02-11 21:00:00,109.35735646689413,109.3573552019315,142.95
2025-02-11 22:00:00,109.35853504376522,109.35853504377017,128.24
2025-02-11 23:00:00,109.34145890031716,109.34145890068434,129.13
2025-02-12 00:00:00,109.244085379256,109.24408537939985,127.77
2025-02-12 01:00:00,109.24411410073547,109.22415017572821,126.82
2025-02-12 02:00:00,109.26253504560526,109.23694018263164,126.59
2025-02-12 03:00:00,109.30379098908841,109.27834924704628,128.74
2025-02-12 04:00:00,109.34046214237925,109.35126924786888,131.24
2025-02-12 05:00:00,109.54276932850738,109.69423242805846,151.13
2025-02-12 06:00:00,109.78456400416302,110.15966403145238,163.64
2025-02-12 07:00:00,110.4647424242425,110.30237358288113,180.0
2025-02-12 08:00:00,110.46474242424247,110.0870445953617,174.92
2025-02-12 09:00:00,109.46880028661683,109.56638449325554,162.05
2025-02-12 10:00:00,109.41325824165911,109.41325824165908,144.01
2025-02-12 11:00:00,109.35850906368468,109.35850906368428,137.28
2025-02-12 12:00:00,109.35839831468274,109.35839831468435,142.03
2025-02-12 13:00:00,109.36001661893773,109.35999683297761,149.4
2025-02-12 14:00:00,109.40259964508971,109.40259964511878,159.67
2025-02-12 15:00:00,109.7800258820993,109.7413575260626,173.21
2025-02-12 16:00:00,110.7032651240543,110.70326512405268,184.59
2025-02-12 17:00:00,110.70326512405285,110.70326512405268,197.13
2025-02-12 18:00:00,110.70326512405357,110.70326512405268,192.57
2025-02-12 19:00:00,110.70326512405254,110.66809882528808,173.9
2025-02-12 20:00:00,110.4647424242433,110.22498275651316,155.78
2025-02-12 21:00:00,110.46474242424397,110.16160847051016,150.38
2025-02-12 22:00:00,109.63749709409468,109.62603281585255,141.81
2025-02-12 23:00:00,109.42745166065505,109.42648556356431,140.33
2025-02-13 00:00:00,109.35872761070344,109.35872761070883,137.75
2025-02-13 01:00:00,109.35507330684152,109.3550733068425,140.79
2025-02-13 02:00:00,109.35507330684152,109.3550733068425,136.59
2025-02-13 03:00:00,109.34990388500854,109.3550733068425,140.0
2025-02-13 04:00:00,109.50026980993536,109.5002698096235,142.0
2025-02-13 05:00:00,110.3229981824172,110.27161406167392,159.99
2025-02-13 06:00:00,110.70326512405273,110.70326512405268,190.33
2025-02-13 07:00:00,110.70326512405221,110.70326512405268,222.36
2025-02-13 08:00:00,110.70326512405288,110.70326512405268,220.05
2025-02-13 09:00:00,110.4647424242435,110.2440836811212,203.89
2025-02-13 10:00:00,110.14086971367749,110.14086971277293,184.68
2025-02-13 11:00:00,109.42411566592381,109.4241156659195,174.52
2025-02-13 12:00:00,109.41179811243721,109.41179811243482,170.1
2025-02-13 13:00:00,109.43105923730681,109.431482310964,166.7
2025-02-13 14:00:00,109.94208773141632,109.57333595158266,170.1
2025-02-13 15:00:00,109.58960650860226,109.75651164422104,182.0
2025-02-13 16:00:00,110.70326512405265,110.70326512404986,213.05
2025-02-13 17:00:00,110.70326512405265,110.70326512405268,207.17
2025-02-13 18:00:00,110.70326512405256,110.62668732497347,196.52
2025-02-13 19:00:00,110.46474242424262,110.2548911780028,177.03
2025-02-13 20:00:00,110.46474242424235,110.16273108244296,162.92
2025-02-13 21:00:00,110.4647424242424,110.02134691279913,153.12
2025-02-13 22:00:00,109.6374970945384,109.6245692401054,138.97
2025-02-13 23:00:00,109.42745166067961,109.42648556356421,139.21
2025-02-14 00:00:00,109.37608975306729,109.3760897530673,132.8
2025-02-14 01:00:00,109.34990388500883,109.35507330684251,128.5
2025-02-14 02:00:00,109.3581493233189,109.3581493233193,127.65
2025-02-14 03:00:00,109.36339821679508,109.3633982167956,129.58
2025-02-14 04:00:00,109.50133559969284,109.52176093324064,139.59
2025-02-14 05:00:00,110.20755697347904,110.3361464873654,162.89
2025-02-14 06:00:00,110.70326512405354,110.72045609765206,227.08
2025-02-14 07:00:00,113.63949367666174,115.35951114500813,265.64
2025-02-14 08:00:00,110.70326512405357,110.70326512405268,215.11
2025-02-14 09:00:00,110.46474242424351,110.15721785705954,181.03
2025-02-14 10:00:00,109.4106455326107,109.41064553261035,163.01
2025-02-14 11:00:00,109.33796079304568,109.3477607766494,149.86
2025-02-14 12:00:00,109.28309361238902,109.28309361238881,148.61
2025-02-14 13:00:00,109.35996394178508,109.35996394178639,155.8
2025-02-14 14:00:00,110.01167880811147,110.01167880811153,175.06
2025-02-14 15:00:00,110.50339741424574,110.48099567000044,200.0
2025-02-14 16:00:00,110.70326512405383,110.812302030861,298.91
2025-02-14 17:00:00,115.6066237873916,115.60662378739839,293.06
2025-02-14 18:00:00,113.63949367666221,113.63949367666063,225.7
2025-02-14 19:00:00,110.70326512405433,110.70326512405268,183.55
2025-02-14 20:00:00,110.46474242424318,110.36466864899987,163.79
2025-02-14 21:00:00,110.34233843695326,110.27991032690468,153.0
2025-02-14 22:00:00,110.34233843695202,110.16210249940606,140.03
2025-02-14 23:00:00,109.83220443119589,109.88939313611392,135.29
2025-02-15 00:00:00,109.38153223515774,109.38153223515782,130.34
2025-02-15 01:00:00,109.37015235454186,109.36414885189393,120.0
2025-02-15 02:00:00,109.37015235454227,109.36414885189392,118.24
2025-02-15 03:00:00,109.37018051420844,109.36416242633494,118.45
2025-02-15 04:00:00,109.36329874730679,109.36422946134113,120.37
2025-02-15 05:00:00,109.48113712725907,109.48229735468036,133.74
2025-02-15 06:00:00,110.46474242424414,110.56015400961559,148.58
2025-02-15 07:00:00,110.46474242424391,110.61096543454421,150.67
2025-02-15 08:00:00,109.39249133357579,109.39249133357583,137.01
2025-02-15 09:00:00,109.34108730285398,109.33765428397562,124.59
2025-02-15 10:00:00,107.14837644051809,107.14837644051812,118.36
2025-02-15 11:00:00,100.66654331474966,100.66654331474969,112.39
2025-02-15 12:00:00,100.61690625,100.61690625,110.01
2025-02-15 13:00:00,99.2736489096695,99.27364890966956,116.15
2025-02-15 14:00:00,100.96695873531074,100.96695873531068,128.83
2025-02-15 15:00:00,109.33671704044905,109.29492795348838,145.89
2025-02-15 16:00:00,110.70326512405268,110.70326512405268,164.54
2025-02-15 17:00:00,110.7032651240527,110.74462765224237,174.7
2025-02-15 18:00:00,110.70326512405263,110.70326512405268,164.76
2025-02-15 19:00:00,110.70326512405263,110.70326512405265,149.65
2025-02-15 20:00:00,110.70326512405252,110.5264015141803,128.31
2025-02-15 21:00:00,110.46474242424227,109.82552155772724,132.37
2025-02-15 22:00:00,109.35867826982417,109.35867826982388,124.54
2025-02-15 23:00:00,109.35853602936291,109.35853602936288,134.11
2025-02-16 00:00:00,109.34425409036939,109.34144322890846,128.9
2025-02-16 01:00:00,109.34239257131581,109.33921598974278,123.57
2025-02-16 02:00:00,109.33693692120687,109.3326885047987,119.9
2025-02-16 03:00:00,109.28278098829779,109.32203125535021,119.57
2025-02-16 04:00:00,109.18531799012408,109.19864531621646,120.18
2025-02-16 05:00:00,109.26463438018962,109.26463438017902,119.92
2025-02-16 06:00:00,109.27601536829586,109.31876987045607,127.51
2025-02-16 07:00:00,109.28895886925037,109.3250093190833,129.6
2025-02-16 08:00:00,109.07776224283556,109.0777976230392,130.49
2025-02-16 09:00:00,100.61690625000202,100.61690625,127.7
2025-02-16 10:00:00,98.22129346317257,98.22129346317297,124.03
2025-02-16 11:00:00,81.86080139670645,81.86080139670645,124.67
2025-02-16 12:00:00,41.22205166089064,41.19974172445487,118.77
2025-02-16 13:00:00,81.86080139670642,81.86080139670645,121.02
2025-02-16 14:00:00,94.59074684407764,94.55367737465366,129.55
2025-02-16 15:00:00,97.85956206066564,97.85956206066555,137.68
2025-02-16 16:00:00,108.83220493731798,108.91173098485528,153.98
2025-02-16 17:00:00,109.81335523622184,109.95241691275555,169.98
2025-02-16 18:00:00,109.65684208720279,109.9794854727279,160.29
2025-02-16 19:00:00,110.4647424242425,109.95763671624314,153.72
2025-02-16 20:00:00,110.4647424242425,109.9061164758639,139.34
2025-02-16 21:00:00,109.53098377844759,109.53098377844655,137.62
2025-02-16 22:00:00,109.37608975306739,109.3760897530673,131.51
2025-02-16 23:00:00,109.35539327190796,109.35703419735084,128.05
2025-02-17 00:00:00,109.35731054903351,109.35706480207844,121.06
2025-02-17 01:00:00,109.3573105490334,109.35706480207843,120.34
2025-02-17 02:00:00,109.35576600839025,109.35706480207838,125.52
2025-02-17 03:00:00,109.35916692763992,109.35928589088807,128.94
2025-02-17 04:00:00,109.55713640588002,109.61741003701812,131.54
2025-02-17 05:00:00,110.7032651240525,110.70326512405268,153.16
2025-02-17 06:00:00,115.60662378739042,115.60662378739066,204.74
2025-02-17 07:00:00,115.6066237873906,115.60662378739066,209.79
2025-02-17 08:00:00,110.70326512405236,110.70326512405268,171.3
2025-02-17 09:00:00,109.38793301551101,109.38793301551449,139.67
2025-02-17 10:00:00,108.96791313088075,108.96791313088077,117.19
2025-02-17 11:00:00,100.61690624999994,100.61690625,109.47
2025-02-17 12:00:00,98.98966663361725,98.98966663361733,106.78
2025-02-17 13:00:00,99.27364890966953,99.27364890966956,111.89
2025-02-17 14:00:00,102.18289609482893,102.18289609482909,132.27
2025-02-17 15:00:00,109.23609066378191,109.23081512414207,158.96
2025-02-17 16:00:00,110.70326512405273,110.70326512405268,222.92
2025-02-17 17:00:00,116.64938355451142,116.64938355451135,271.0
2025-02-17 18:00:00,116.64938355451133,116.64938355451135,215.36
2025-02-17 19:00:00,113.6394936766606,113.63949367666063,177.86
2025-02-17 20:00:00,110.7032651240526,110.70326512405268,155.19
2025-02-17 21:00:00,110.70326512405266,110.70326512405268,139.39
2025-02-17 22:00:00,110.46474242424246,110.44416309000614,129.57
2025-02-17 23:00:00,109.58746186864462,109.58746186864484,132.95
2025-02-18 00:00:00,109.56094502854499,109.5612719165854,125.0
2025-02-18 01:00:00,109.49605025353502,109.45487159397837,123.56
2025-02-18 02:00:00,109.36143110506629,109.35994475068063,117.11
2025-02-18 03:00:00,109.43905713892966,109.45487159397796,115.66
2025-02-18 04:00:00,109.8572914090801,109.89223073257408,121.93
2025-02-18 05:00:00,110.70326512405286,110.70326512405268,143.61
2025-02-18 06:00:00,110.87274557123762,110.9949080592865,190.34
2025-02-18 07:00:00,113.6394936766609,113.63949367666063,193.8
2025-02-18 08:00:00,109.75502513471874,110.01174015521813,143.53
2025-02-18 09:00:00,109.08012651261457,109.08012081973577,124.24
2025-02-18 10:00:00,99.23388069843425,99.24311413368552,109.71
2025-02-18 11:00:00,89.71074390243905,89.71074390243903,96.41
2025-02-18 12:00:00,20.413318937907597,20.41331893790761,88.53
2025-02-18 13:00:00,21.324754617468503,21.324754617468464,98.35
2025-02-18 14:00:00,36.627533689532406,36.62753368953243,110.0
2025-02-18 15:00:00,97.85956206066551,97.85956206066555,128.16
2025-02-18 16:00:00,108.87961907533618,108.489134371079,177.61
2025-02-18 17:00:00,110.70326512405272,110.70326512405268,174.32
2025-02-18 18:00:00,110.70326512405266,110.5329652116942,155.91
2025-02-18 19:00:00,110.46474242424253,110.04162150143132,142.42
2025-02-18 20:00:00,110.4647424242426,109.94361133382209,129.41
2025-02-18 21:00:00,109.3869097929581,109.43207131909398,121.9
2025-02-18 22:00:00,109.25561437405293,109.255618467641,114.45
2025-02-18 23:00:00,108.89383599225916,108.89376748323616,104.54
2025-02-19 00:00:00,107.14837644051815,104.97112422059666,99.29
2025-02-19 01:00:00,103.3036584582441,103.80307114638978,99.6
2025-02-19 02:00:00,103.79044872177106,103.79044872177144,97.29
2025-02-19 03:00:00,104.9711242205974,104.97112422059666,94.5
2025-02-19 04:00:00,105.45832535243463,105.54995400365017,97.48
2025-02-19 05:00:00,109.40893358963577,109.41986382124266,115.0
2025-02-19 06:00:00,109.4923350657797,109.91216778128407,149.5
2025-02-19 07:00:00,110.46474242424391,109.86214633186572,166.37
2025-02-19 08:00:00,109.09408279325253,109.09408279325211,128.76
2025-02-19 09:00:00,99.27364890966956,99.27364890966956,107.91
2025-02-19 10:00:00,97.07137775031264,97.07137775031268,89.28
2025-02-19 11:00:00,35.93089999999992,35.93089999999999,81.52
2025-02-19 12:00:00,16.51842979571245,16.518429795712297,82.74
2025-02-19 13:00:00,8.345605436021076,8.345605436020836,85.2
2025-02-19 14:00:00,35.93089999999998,35.9309,90.63
2025-02-19 15:00:00,97.85956206066565,97.78706342716637,110.03
2025-02-19 16:00:00,101.75603891347254,101.75501009693573,131.28
2025-02-19 17:00:00,109.26176308257635,109.16875967768887,142.98
2025-02-19 18:00:00,109.20893586799896,109.1677356795122,144.42
2025-02-19 19:00:00,109.18956107400979,109.18957220952846,120.9
2025-02-19 20:00:00,108.85360816663264,108.77901059664111,113.75
2025-02-19 21:00:00,106.0695446545436,106.06252687708967,107.13
2025-02-19 22:00:00,100.66654331474963,101.01611698962238,99.81
2025-02-19 23:00:00,100.61690624999989,100.61690625,86.17
2025-02-20 00:00:00,100.61690624999983,100.61690625,85.2
2025-02-20 01:00:00,100.61690625000008,100.61690625,84.56
2025-02-20 02:00:00,100.61690625000008,100.61690625,83.64
2025-02-20 03:00:00,100.61690624999989,100.61690625,82.18
2025-02-20 04:00:00,100.6665433147495,100.66654331474969,83.84
2025-02-20 05:00:00,104.86509779783495,104.54659113454288,86.31
2025-02-20 06:00:00,108.83415557817612,109.10336797156556,110.41
2025-02-20 07:00:00,108.88537633062808,109.10275912759063,127.98
2025-02-20 08:00:00,103.30365845824383,102.9635071119575,105.87
2025-02-20 09:00:00,98.40559431154874,98.95786890560687,93.72
2025-02-20 10:00:00,97.85956206066675,97.85956206066555,87.23
2025-02-20 11:00:00,64.14984488528441,53.57154718323229,86.87
2025-02-20 12:00:00,35.93089999999945,35.93090000000001,84.51
2025-02-20 13:00:00,53.571547183229086,53.571547183232305,84.78
2025-02-20 14:00:00,87.39346271506798,87.39346271508224,90.05
2025-02-20 15:00:00,97.07137775031687,97.07137775031268,98.34
2025-02-20 16:00:00,102.84212954345345,102.77272236936737,110.13
2025-02-20 17:00:00,108.7929423995287,108.80385786759636,112.38
2025-02-20 18:00:00,108.74382253109972,108.68673575574827,122.45
2025-02-20 19:00:00,107.55451040302113,107.7237727066728,105.91
2025-02-20 20:00:00,102.69656741572904,102.59239208941476,92.41
2025-02-20 21:00:00,100.66654331474928,100.66654331474969,90.84
2025-02-20 22:00:00,100.66654331475009,100.66654331474969,83.0
2025-02-20 23:00:00,99.27364890966955,99.27364890966956,75.51
2025-02-21 00:00:00,98.22129346317332,98.221293463173,74.99
2025-02-21 01:00:00,98.2212934631743,98.22129346317297,79.8
2025-02-21 02:00:00,98.22129346317297,98.22129346317297,83.4
2025-02-21 03:00:00,98.22129346317297,98.22129346317297,82.4
2025-02-21 04:00:00,100.61690625,100.61690625,82.03
2025-02-21 05:00:00,107.14837644051818,107.14837644051813,106.47
2025-02-21 06:00:00,108.10109259259272,108.28354146315536,152.5
2025-02-21 07:00:00,108.10109259259282,109.15820447934274,145.21
2025-02-21 08:00:00,105.38363076107039,104.8126090736486,120.98
2025-02-21 09:00:00,97.85956206066577,97.85956206066555,98.68
2025-02-21 10:00:00,96.27261728008702,96.27261728008675,83.4
2025-02-21 11:00:00,81.86080139670672,81.86080139670645,78.0
2025-02-21 12:00:00,22.117674289359243,22.117674289359837,76.41
2025-02-21 13:00:00,19.979914529914282,19.979914529914524,79.52
2025-02-21 14:00:00,21.48865201693302,21.488652016933287,82.94
2025-02-21 15:00:00,64.42997125708618,64.42997125708501,103.47
2025-02-21 16:00:00,97.071377750313,97.07137775031268,103.45
2025-02-21 17:00:00,100.66654331474969,100.66654331474994,101.98
2025-02-21 18:00:00,100.66654331474969,101.86997121184439,81.95
2025-02-21 19:00:00,98.22129346317297,98.22129346317297,80.25
2025-02-21 20:00:00,96.27261728008675,96.27261728008675,70.85
2025-02-21 21:00:00,94.87131662251792,94.87131662251792,70.64
2025-02-21 22:00:00,92.54273178553258,92.1255257795668,64.33
2025-02-21 23:00:00,87.86051344871224,87.8605134487122,50.99
2025-02-22 00:00:00,89.12174847060206,89.12174847060206,48.62
2025-02-22 01:00:00,89.12174847060207,89.12174847060206,47.96
2025-02-22 02:00:00,87.86051344871218,87.8605134487122,42.62
2025-02-22 03:00:00,87.86051344871217,87.8605134487122,41.2
2025-02-22 04:00:00,92.5427317855325,92.54273178553254,49.15
2025-02-22 05:00:00,94.44650845894009,94.43531264573228,49.11
2025-02-22 06:00:00,94.87131662251788,94.87131662251792,61.22
2025-02-22 07:00:00,94.45030406893088,94.45047856531767,68.25
2025-02-22 08:00:00,87.86051344871221,87.8605134487122,67.74
2025-02-22 09:00:00,37.761728272985565,37.760987765987366,53.21
2025-02-22 10:00:00,38.96708004525237,39.10564791978727,47.13
2025-02-22 11:00:00,32.84720916705236,32.84720916705241,40.4
2025-02-22 12:00:00,23.794586273487223,23.794586273487255,52.69
2025-02-22 13:00:00,26.50695006031287,26.507911705784693,68.0
2025-02-22 14:00:00,81.86080139670645,81.86080139670645,85.6
2025-02-22 15:00:00,97.07137775031244,97.07137775031268,100.95
2025-02-22 16:00:00,99.27364890966967,99.27364890966956,108.38
2025-02-22 17:00:00,108.52127155114023,108.6069868295469,106.98
2025-02-22 18:00:00,108.70859928285252,108.69279198782718,115.18
2025-02-22 19:00:00,102.18144712509279,102.18711197012166,103.0
2025-02-22 20:00:00,102.31408183005904,102.17928957750787,101.58
2025-02-22 21:00:00,100.61690625000004,100.61690625,94.27
2025-02-22 22:00:00,98.22129346317278,98.22129346317297,83.51
2025-02-22 23:00:00,97.07137775031268,97.07137775031268,91.1
2025-02-23 00:00:00,96.27261728008676,96.27261728008675,84.99
2025-02-23 01:00:00,96.30559834105763,96.30538565065072,86.21
2025-02-23 02:00:00,97.07137775031266,97.07137775031268,83.63
2025-02-23 03:00:00,97.07137775031264,97.07137775031268,85.77
2025-02-23 04:00:00,97.85956206066552,97.85956206066555,87.33
2025-02-23 05:00:00,98.22129346317297,98.22129346317297,87.7
2025-02-23 06:00:00,100.21534016710297,100.21512161404573,108.0
2025-02-23 07:00:00,100.6665433147495,100.66654331474969,112.24
2025-02-23 08:00:00,99.2736489096694,99.27364890966956,99.35
2025-02-23 09:00:00,97.07137775031262,97.07137775031268,83.0
2025-02-23 10:00:00,97.07137775031262,97.07137775031268,81.5
2025-02-23 11:00:00,93.73235737565075,93.73235737565017,71.12
2025-02-23 12:00:00,70.56402449526281,70.56402449526199,69.2
2025-02-23 13:00:00,70.55488958342572,70.55488958342508,64.75
2025-02-23 14:00:00,81.67000276243083,81.67000276243094,69.11
2025-02-23 15:00:00,96.27261728008668,96.27261728008675,84.7
2025-02-23 16:00:00,98.22129346317271,98.22129346317297,150.45
2025-02-23 17:00:00,103.30365845824372,104.25806716968053,154.69
2025-02-23 18:00:00,104.9787614859699,106.4102256643,117.02
2025-02-23 19:00:00,102.69656741573004,101.1544643987738,96.03
2025-02-23 20:00:00,99.27364890966939,99.27364890966956,77.32
2025-02-23 21:00:00,97.85956206066543,97.85956206066555,73.81
2025-02-23 22:00:00,97.07137775031235,97.07137775031268,65.99
2025-02-23 23:00:00,96.27261728008675,96.27261728008675,70.83
2025-02-24 00:00:00,96.27261728008675,96.27261728008675,67.99
2025-02-24 01:00:00,94.87131662251792,94.87131662251792,40.98
2025-02-24 02:00:00,94.87131662251792,94.87131662251792,37.1
2025-02-24 03:00:00,94.44250728768796,94.4620182996525,65.34
2025-02-24 04:00:00,96.27261728008673,96.27261728008675,70.03
2025-02-24 05:00:00,97.07137775031265,97.07137775031268,81.0
2025-02-24 06:00:00,98.22129346317297,98.22129346317297,84.8
2025-02-24 07:00:00,98.22129346317297,98.22129346317297,106.68
2025-02-24 08:00:00,97.85956206066552,97.85956206066555,93.26
2025-02-24 09:00:00,89.71074390243905,89.71074390243903,79.04
2025-02-24 10:00:00,70.79569279559215,70.79229916995459,83.44
2025-02-24 11:00:00,32.978594639211195,32.91714367799696,81.63
2025-02-24 12:00:00,19.97991452991448,19.979914529914524,83.0
2025-02-24 13:00:00,20.437413077687324,20.437413077687253,86.4
2025-02-24 14:00:00,63.13144049943443,63.156518238454765,92.55
2025-02-24 15:00:00,92.47970254371612,92.38997533030407,100.7
2025-02-24 16:00:00,97.0713777503127,97.07137775031268,112.94
2025-02-24 17:00:00,102.13635503625959,102.17421463248712,137.81
2025-02-24 18:00:00,105.64319579578027,105.8729888310049,148.71
2025-02-24 19:00:00,101.75613178993393,101.75613178993385,129.27
2025-02-24 20:00:00,100.66654331474966,100.66654331474969,112.29
2025-02-24 21:00:00,100.04738411007995,99.76625973872805,112.9
2025-02-24 22:00:00,100.61690624999999,100.61690625,106.48
2025-02-24 23:00:00,98.22129346317298,98.22129346317297,90.6
2025-02-25 00:00:00,97.85956206066555,97.85956206066555,89.91
2025-02-25 01:00:00,98.22129346317303,98.22129346317297,93.39
2025-02-25 02:00:00,98.92635273584852,98.92533677865609,93.86
2025-02-25 03:00:00,100.6169062500005,100.61690625,97.43
2025-02-25 04:00:00,106.17718868889206,106.17718868890015,105.78
2025-02-25 05:00:00,109.25012492086175,109.35737866166005,144.87
2025-02-25 06:00:00,109.41560284804662,109.4563116496185,167.16
2025-02-25 07:00:00,109.43459160829492,109.4373122316044,173.34
2025-02-25 08:00:00,109.43398218994973,109.43398218992691,153.73
2025-02-25 09:00:00,109.33923467367815,109.33886882133264,140.36
2025-02-25 10:00:00,109.20504177433314,109.23829831125906,126.75
2025-02-25 11:00:00,106.55747952430042,106.48378012959148,124.63
2025-02-25 12:00:00,103.62736809012267,103.62736809014775,125.81
2025-02-25 13:00:00,103.99255510823056,104.04615754068787,134.38
2025-02-25 14:00:00,109.61087154749437,109.6632777296845,148.34
2025-02-25 15:00:00,110.05865710233783,110.13485726583666,170.68
2025-02-25 16:00:00,110.70326512405268,110.70326512405268,207.97
2025-02-25 17:00:00,110.70326512405268,110.70326512405268,233.05
2025-02-25 18:00:00,110.70326512405268,110.70326512405268,188.09
2025-02-25 19:00:00,109.80532768968786,109.77597772199495,156.96
2025-02-25 20:00:00,109.5602192386822,109.69925167886305,142.47
2025-02-25 21:00:00,109.60528371285153,109.53382010161688,129.46
2025-02-25 22:00:00,109.35853763932573,109.35853763932627,115.13
2025-02-25 23:00:00,109.35703940860813,109.35703940861619,122.99
2025-02-26 00:00:00,109.3707986124115,109.36694375502913,119.82
2025-02-26 01:00:00,109.29778123816513,109.28786379935009,116.94
2025-02-26 02:00:00,109.0433094989649,109.04330949897323,115.98
2025-02-26 03:00:00,109.19950255174709,109.19950255174867,116.56
2025-02-26 04:00:00,109.33468772473307,109.3346877247322,117.27
2025-02-26 05:00:00,109.51379907823673,109.53603288054066,132.65
2025-02-26 06:00:00,109.92279317489213,109.77467807941044,159.93
2025-02-26 07:00:00,109.8983454608786,109.78083217480781,175.19
2025-02-26 08:00:00,109.56532599577523,109.5653259957061,160.22
2025-02-26 09:00:00,109.3880212217097,109.39136179374937,141.37
2025-02-26 10:00:00,109.19954200833678,109.1995420083369,129.95
2025-02-26 11:00:00,101.27496178354941,101.03305224710871,120.53
2025-02-26 12:00:00,100.66654331474969,100.66654331474969,119.89
2025-02-26 13:00:00,100.6169062499999,100.61690624999999,125.12
2025-02-26 14:00:00,100.66654331474963,100.66654331474969,132.9
2025-02-26 15:00:00,110.70326512405262,110.70326512405268,149.75
2025-02-26 16:00:00,110.7032651240526,110.70326512405268,165.01
2025-02-26 17:00:00,110.46474242424225,109.91256114372176,172.57
2025-02-26 18:00:00,109.89595061872654,109.76378963855286,162.82
2025-02-26 19:00:00,109.44127579879387,109.48018621793781,147.38
2025-02-26 20:00:00,109.42441186177359,109.40660121601348,118.44
2025-02-26 21:00:00,109.28733323220669,109.28733323220682,120.94
2025-02-26 22:00:00,109.22742866529626,109.22742515945824,112.46
2025-02-26 23:00:00,108.97042462127767,108.95152917396027,101.48
2025-02-27 00:00:00,108.27220868092283,108.36965133397506,103.81
2025-02-27 01:00:00,108.27220868092286,108.21896891709363,101.24
2025-02-27 02:00:00,105.89360970144972,105.81693240460879,99.6
2025-02-27 03:00:00,107.14837644051815,107.14837644051812,100.43
2025-02-27 04:00:00,109.26847052545475,109.27185649746251,105.87
2025-02-27 05:00:00,109.41852615262218,109.41852615262258,115.18
2025-02-27 06:00:00,109.48552325918904,109.5219640481983,152.32
2025-02-27 07:00:00,109.65381599998251,109.62855410757614,159.05
2025-02-27 08:00:00,109.53680853768707,109.49019155609673,142.58
2025-02-27 09:00:00,109.35301425296853,109.35301425296858,129.94
2025-02-27 10:00:00,109.32898336540674,109.32898336540671,110.0
2025-02-27 11:00:00,105.43420486815945,103.33158402036575,101.1
2025-02-27 12:00:00,98.22129346317304,98.22129346317253,109.25
2025-02-27 13:00:00,98.94767382712935,98.967691093293,110.0
2025-02-27 14:00:00,99.74922659610883,99.8220300123491,123.0
2025-02-27 15:00:00,107.46362807974218,107.51228105796359,142.62
2025-02-27 16:00:00,109.52379522953252,109.56614077248356,158.69
2025-02-27 17:00:00,109.80532768979636,109.86935280553837,174.71
2025-02-27 18:00:00,109.86167337595109,109.86167337595073,163.17
2025-02-27 19:00:00,109.65017164842511,109.62669616935159,144.61
2025-02-27 20:00:00,109.48688373302537,109.4868837330253,136.54
2025-02-27 21:00:00,109.4197846498077,109.4197846498076,124.69
2025-02-27 22:00:00,109.37608975306743,109.37608975306733,114.89
2025-02-27 23:00:00,109.35320334684651,109.35320334684626,115.47
2025-02-28 00:00:00,109.31193633118673,109.3119363311864,110.54
2025-02-28 01:00:00,109.30736479534816,109.30736479534797,109.38
2025-02-28 02:00:00,109.30488905051278,109.30488905051249,106.93
2025-02-28 03:00:00,109.30736479534816,109.30736479534797,112.03
2025-02-28 04:00:00,109.34526261075304,109.3452626107529,112.63
2025-02-28 05:00:00,109.40618952889164,109.40618952889037,135.99
2025-02-28 06:00:00,109.46308958417616,109.48473392046355,150.0
2025-02-28 07:00:00,109.50827730917038,109.5096003399648,161.82
2025-02-28 08:00:00,109.42648556356465,109.42648556356441,145.5
2025-02-28 09:00:00,109.35447704993389,109.35447704993365,127.7
2025-02-28 10:00:00,109.1510937054378,109.27176742078267,115.97
2025-02-28 11:00:00,108.74939648087901,108.74820600976777,109.51
2025-02-28 12:00:00,100.66654331474969,100.66654331474969,108.57
2025-02-28 13:00:00,97.85956206066501,97.85956206066555,111.58
2025-02-28 14:00:00,99.27364890965919,99.27364890966956,125.57
2025-02-28 15:00:00,106.39363050513921,106.3936305051379,135.05
2025-02-28 16:00:00,109.36803966600253,109.36333583459188,152.85
2025-02-28 17:00:00,109.57035695202154,109.57035695201647,161.24
2025-02-28 18:00:00,109.5652522724178,109.56521986346253,158.86
2025-02-28 19:00:00,109.50537145840104,109.48663839942921,143.96
2025-02-28 20:00:00,109.42075807118691,109.43128635011695,132.94
2025-02-28 21:00:00,109.41056501343054,109.41056501342891,127.43
2025-02-28 22:00:00,109.36568018678489,109.36568018678474,119.03
2025-02-28 23:00:00,109.34463919581407,109.34463919581133,128.19
2025-03-01 00:00:00,109.32150420669792,109.32150420670047,120.38
2025-03-01 01:00:00,109.31848901134879,109.31848901134623,117.09
2025-03-01 02:00:00,109.35283332120862,109.35168453717664,112.15
2025-03-01 03:00:00,109.35108102282112,109.3520751148853,109.75
2025-03-01 04:00:00,109.35108102282112,109.35207511488527,114.38
2025-03-01 05:00:00,109.35256546747881,109.35404247673277,118.86
2025-03-01 06:00:00,109.35024781688428,109.35014927115641,135.79
2025-03-01 07:00:00,109.35094796382144,109.35044989990318,138.79
2025-03-01 08:00:00,109.337048766578,109.34944968080313,137.74
2025-03-01 09:00:00,109.08804943965514,109.08804943965512,125.08
2025-03-01 10:00:00,108.42753287672508,108.25410024102915,112.11
2025-03-01 11:00:00,99.2736489096697,99.27364890966956,102.21
2025-03-01 12:00:00,98.22129346317324,98.22129346317297,97.27
2025-03-01 13:00:00,98.22129346317318,98.22129346317297,99.39
2025-03-01 14:00:00,98.22129346317317,98.22129346317297,109.23
2025-03-01 15:00:00,100.66654331474973,100.66654331474969,125.41
2025-03-01 16:00:00,109.31169780057625,109.30198281875036,145.0
2025-03-01 17:00:00,109.36125213587495,109.35986290176685,158.55
2025-03-01 18:00:00,109.34326367729727,109.35237927708836,150.78
2025-03-01 19:00:00,109.34959599536468,109.35090789056711,137.29
2025-03-01 20:00:00,109.34853856386601,109.3506572194265,128.6
2025-03-01 21:00:00,109.34059376453183,109.34990388500918,123.57
2025-03-01 22:00:00,109.33870311000962,109.34914805484775,119.92
2025-03-01 23:00:00,109.29271591411842,109.30449774485123,123.94
2025-03-02 00:00:00,109.0914324365289,109.0914324365289,107.54
2025-03-02 01:00:00,109.07895910335368,109.0789591033537,99.32
2025-03-02 02:00:00,107.48360031692991,107.48360031692985,93.01
2025-03-02 03:00:00,107.14837644051822,107.14837644051812,94.23
2025-03-02 04:00:00,107.14837644051816,107.14837644051812,93.98
2025-03-02 05:00:00,107.14837644051818,107.14837644051812,95.89
2025-03-02 06:00:00,108.71800869042826,108.7180086904284,102.6
2025-03-02 07:00:00,109.06683258382391,109.066832583824,103.11
2025-03-02 08:00:00,106.37774606063314,105.83878173490943,89.0
2025-03-02 09:00:00,98.22129346317298,98.22129346317297,68.3
2025-03-02 10:00:00,81.86080139670624,81.86080139670645,49.0
2025-03-02 11:00:00,21.26444295286667,21.264442952866435,27.5
2025-03-02 12:00:00,14.718779608737181,14.718779608736849,3.13
2025-03-02 13:00:00,-1.3880120370691844e-13,-0.0,2.84
2025-03-02 14:00:00,2.469570172407647,2.479428250602439,50.73
2025-03-02 15:00:00,33.295907673772746,33.29590767377302,80.43
2025-03-02 16:00:00,98.22129346317259,98.22129346317297,126.55
2025-03-02 17:00:00,109.27215117396369,109.32351464950963,143.09
2025-03-02 18:00:00,109.34762527421027,109.34840385706119,146.1
2025-03-02 19:00:00,109.34415393323975,109.34361144748357,132.98
2025-03-02 20:00:00,109.32074321028604,109.32074321028723,120.0
2025-03-02 21:00:00,109.30267582027838,109.30394120075225,120.79
2025-03-02 22:00:00,109.07445840212122,109.07445840212094,112.78
2025-03-02 23:00:00,107.14837644051863,107.14837644051812,108.01
2025-03-03 00:00:00,106.17884827900649,105.76672953863913,103.69
2025-03-03 01:00:00,105.76672953864386,105.76672953863918,102.79
2025-03-03 02:00:00,105.76672953864386,105.76672953863937,99.7
2025-03-03 03:00:00,105.75863154839568,105.75346184066748,103.37
2025-03-03 04:00:00,109.03107847266561,109.03107847251678,116.7
2025-03-03 05:00:00,109.34999272956978,109.34999272992522,137.51
2025-03-03 06:00:00,109.35866808044258,109.35864577564475,163.0
2025-03-03 07:00:00,109.35717041967054,109.35841352336132,147.52
2025-03-03 08:00:00,109.2439981020046,109.24399810200089,106.74
2025-03-03 09:00:00,99.79352820445715,99.61285346680468,72.39
2025-03-03 10:00:00,96.2726172800863,96.27261728008675,6.4
2025-03-03 11:00:00,19.979914529913305,19.979914529914527,0.33
2025-03-03 12:00:00,19.979914529913223,19.979914529914527,0.01
2025-03-03 13:00:00,-1.9374609906247837e-12,-0.0,61.4
2025-03-03 14:00:00,16.872681297568374,16.872681297568057,84.1
2025-03-03 15:00:00,89.12174847060206,89.12174847060206,106.36
2025-03-03 16:00:00,105.7356900440571,105.71072437856485,148.79
2025-03-03 17:00:00,109.35461195678505,109.35100145459063,183.95
2025-03-03 18:00:00,109.37562939310027,109.37135684131601,175.93
2025-03-03 19:00:00,109.37362677305447,109.3610936151787,150.49
2025-03-03 20:00:00,109.35410595481994,109.35624137646487,128.21
2025-03-03 21:00:00,109.35420041979233,109.35408738865532,124.93
2025-03-03 22:00:00,109.21857376194038,109.21857376194045,122.46
2025-03-03 23:00:00,109.03451524067667,109.03451524067705,121.0
2025-03-04 00:00:00,107.14837644051899,107.14837644051812,109.44
2025-03-04 01:00:00,106.37495008437735,106.37495008437645,103.79
2025-03-04 02:00:00,105.79540770589334,105.79754666990765,104.82
2025-03-04 03:00:00,107.14837644051869,107.14837644051812,100.28
2025-03-04 04:00:00,109.07759738965554,109.07759738965554,111.51
2025-03-04 05:00:00,109.35093133484102,109.35185402814737,141.86
2025-03-04 06:00:00,109.35131567514148,109.35267258327778,169.61
2025-03-04 07:00:00,109.36089528270924,109.35892744295911,141.95
2025-03-04 08:00:00,109.07934670622932,109.07934670622936,110.98
2025-03-04 09:00:00,100.61690624999999,100.61690625,80.02
2025-03-04 10:00:00,87.86051344871214,87.8605134487122,48.58
2025-03-04 11:00:00,27.322803680981544,27.322803680981593,20.53
2025-03-04 12:00:00,19.97991452991451,19.979914529914527,14.34
2025-03-04 13:00:00,19.97991452991453,19.979914529914524,52.31
2025-03-04 14:00:00,-5.949895524187676e-14,-0.0,81.29
2025-03-04 15:00:00,65.22226279665607,65.22711976931353,111.15
2025-03-04 16:00:00,100.61690624999967,100.61690625,148.61
2025-03-04 17:00:00,109.34479327635613,109.34710985977573,180.92
2025-03-04 18:00:00,109.35086091612898,109.35331768962298,163.67
2025-03-04 19:00:00,109.35262353148987,109.35195994288658,134.13
2025-03-04 20:00:00,109.34318588392628,109.33869657486026,114.38
2025-03-04 21:00:00,109.07218120793577,109.07218120793657,114.41
2025-03-04 22:00:00,101.80668185039409,101.80668185039428,106.81
2025-03-04 23:00:00,100.61690625000077,100.61690625,90.05
2025-03-05 00:00:00,99.05414562391915,99.05414562391833,83.07
2025-03-05 01:00:00,98.94035387343641,98.22129346317297,83.01
2025-03-05 02:00:00,98.22129346317367,98.22129346317297,79.71
2025-03-05 03:00:00,98.2212934631736,98.22129346317297,81.63
2025-03-05 04:00:00,99.0320921284545,99.02342699681701,91.94
2025-03-05 05:00:00,101.80331035321402,101.80240799526722,115.57
2025-03-05 06:00:00,108.10109259259403,108.89899403396683,140.16
2025-03-05 07:00:00,106.23316639015675,106.24538783546723,85.64
2025-03-05 08:00:00,98.22129346317426,98.22129346317297,41.63
2025-03-05 09:00:00,19.979914529915302,19.979914529914524,0.02
2025-03-05 10:00:00,8.872069745535782e-13,-0.0,-0.07
2025-03-05 11:00:00,-3.429187213942949,-3.4291872139443482,-4.28
2025-03-05 12:00:00,-4.999999999999666,-5.0,-3.7
2025-03-05 13:00:00,-3.7489041447659406,-3.748904144767307,0.05
2025-03-05 14:00:00,-5.0,-5.0,48.5
2025-03-05 15:00:00,19.979914529914527,19.97991452991453,89.89
2025-03-05 16:00:00,97.07137775031245,97.07137775031268,133.13
2025-03-05 17:00:00,109.20815284781375,109.26388602011355,146.23
2025-03-05 18:00:00,109.3502130268558,109.3500617289879,145.89
2025-03-05 19:00:00,109.33602474050646,109.33213132438033,123.0
2025-03-05 20:00:00,109.2729718277033,109.26647756332203,108.12
2025-03-05 21:00:00,107.14837644051822,107.14837644051812,109.12
2025-03-05 22:00:00,101.8065242338049,101.8065158282449,96.98
2025-03-05 23:00:00,100.6169062500002,100.61690625,83.9
2025-03-06 00:00:00,99.28509510876009,99.28176160588531,84.84
2025-03-06 01:00:00,99.05869225610826,99.05629140372564,87.0
2025-03-06 02:00:00,98.35745057491269,98.39662722528898,88.12
2025-03-06 03:00:00,98.35745057491339,98.39662722528892,94.56
2025-03-06 04:00:00,102.41897800184968,102.24459968265269,95.91
2025-03-06 05:00:00,108.09841564414285,107.36733988295049,139.28
2025-03-06 06:00:00,109.20593314474088,109.27288229494322,151.32
2025-03-06 07:00:00,109.23445717844686,109.23445717837227,108.5
2025-03-06 08:00:00,99.27364890966847,99.27364890966956,78.7
2025-03-06 09:00:00,41.71298076712847,41.734783103333996,50.47
2025-03-06 10:00:00,27.60522668965132,27.60522668965132,4.02
2025-03-06 11:00:00,20.17474302101239,20.174743021012397,0.08
2025-03-06 12:00:00,2.581256328851751,2.5812563288517514,0.02
2025-03-06 13:00:00,19.97991452991452,19.979914529914527,13.16
2025-03-06 14:00:00,19.979914529914517,19.979914529914527,71.0
2025-03-06 15:00:00,65.22226279665617,65.22226279665618,116.52
2025-03-06 16:00:00,98.221293463173,98.22129346317297,148.95
2025-03-06 17:00:00,109.16953176504266,109.09113199367728,165.36
2025-03-06 18:00:00,109.34265738561847,109.34265738561855,149.1
2025-03-06 19:00:00,109.35428299380752,109.29396936082377,125.64
2025-03-06 20:00:00,108.8798758837603,108.96287732955842,106.63
2025-03-06 21:00:00,106.17763234626251,106.49794714081126,101.47
2025-03-06 22:00:00,104.08158524804814,104.08160490128644,91.11
2025-03-06 23:00:00,100.66654331474955,100.66654331474969,90.27
2025-03-07 00:00:00,100.61690624999986,100.61690625,90.27
2025-03-07 01:00:00,99.0826430606279,99.08628408229701,91.38
2025-03-07 02:00:00,99.27364890966916,99.27364890966956,91.69
2025-03-07 03:00:00,100.66654331474969,100.66654331474969,99.0
2025-03-07 04:00:00,108.1010925925926,107.31176383996196,115.17
2025-03-07 05:00:00,108.67924200825921,109.02165357289242,135.67
2025-03-07 06:00:00,109.34459289239749,109.34713334970179,147.7
2025-03-07 07:00:00,109.31768426408706,109.30754725908851,122.23
2025-03-07 08:00:00,106.500752558795,106.48597608402179,83.0
2025-03-07 09:00:00,97.85956206066551,97.85956206066555,65.3
2025-03-07 10:00:00,81.8608013967065,81.86080139670645,31.81
2025-03-07 11:00:00,22.853087434597523,23.77461896400358,12.79
2025-03-07 12:00:00,20.174743021012475,20.174743021012397,8.08
2025-03-07 13:00:00,19.979914529914378,19.97991452991453,37.06
2025-03-07 14:00:00,35.930900000000165,35.93089999999999,90.15
2025-03-07 15:00:00,95.94842176566083,94.92969601677727,126.99
2025-03-07 16:00:00,106.83890037476483,106.83703998621405,149.91
2025-03-07 17:00:00,109.51110796512162,109.4694439365986,216.64
2025-03-07 18:00:00,109.5101671762414,109.47673803625351,178.68
2025-03-07 19:00:00,109.40623820970421,109.41791684268802,148.7
2025-03-07 20:00:00,109.50744402897283,109.4724074052797,132.4
2025-03-07 21:00:00,109.37431967877696,109.37114146285566,119.11
2025-03-07 22:00:00,108.60008509251116,108.97668002724137,111.83
2025-03-07 23:00:00,107.14837644051798,107.14837644051812,124.97
2025-03-08 00:00:00,105.38581414183697,105.15101194639158,113.94
2025-03-08 01:00:00,100.61690625,100.61690625,117.22
2025-03-08 02:00:00,100.61690625,100.61690625,116.76
2025-03-08 03:00:00,100.90118514007217,100.94304060618538,118.42
2025-03-08 04:00:00,100.98875415274824,101.02519326608935,121.3
2025-03-08 05:00:00,104.9149912516923,104.91427457673679,127.82
2025-03-08 06:00:00,108.38414517986985,108.25153605432598,120.59
2025-03-08 07:00:00,99.27364890966828,99.27364890966956,98.04
2025-03-08 08:00:00,96.27261728008443,96.27261728008675,72.54
2025-03-08 09:00:00,35.93090000000052,35.9309,18.05
2025-03-08 10:00:00,27.322803680983725,27.322803680981597,2.07
2025-03-08 11:00:00,19.425542282179208,19.433001898716327,-0.34
2025-03-08 12:00:00,-3.4736257819029284,-3.473625781903607,-0.1
2025-03-08 13:00:00,-3.3732966547705345,-3.373296654771214,0.07
2025-03-08 14:00:00,19.979914529913913,19.979914529914524,56.2
2025-03-08 15:00:00,29.07884878429267,29.0788449598449,100.86
2025-03-08 16:00:00,87.86051344871227,87.8605134487122,145.58
2025-03-08 17:00:00,97.85956206066581,97.85956206066555,174.05
2025-03-08 18:00:00,100.66654331474983,100.66654331474969,140.03
2025-03-08 19:00:00,100.61690625000004,100.61690625,111.21
2025-03-08 20:00:00,99.27364890966943,98.72383726465684,100.0
2025-03-08 21:00:00,98.22129346317296,98.22129346317297,99.24
2025-03-08 22:00:00,98.20306700586258,98.11192784871601,97.94
2025-03-08 23:00:00,98.20306700586251,98.20559271174054,95.19
2025-03-09 00:00:00,96.97428786329563,96.96134734807764,94.81
2025-03-09 01:00:00,97.0713777503126,97.07137775031268,94.44
2025-03-09 02:00:00,97.07137775031254,97.07137775031268,96.51
2025-03-09 03:00:00,97.07137775031251,97.07137775031268,98.67
2025-03-09 04:00:00,97.8595620606653,97.85956206066555,101.51
2025-03-09 05:00:00,97.85956206066535,97.85956206066555,100.0
2025-03-09 06:00:00,98.22129346317355,98.22129346317297,93.01
2025-03-09 07:00:00,98.66839250032723,98.52830034028483,65.4
2025-03-09 08:00:00,96.27261728008712,96.27261728008675,29.27
2025-03-09 09:00:00,27.32280368098195,27.322803680981586,10.1
2025-03-09 10:00:00,27.322803680982606,27.322803680981593,0.03
2025-03-09 11:00:00,16.219983496308917,16.219983496308366,-2.26
2025-03-09 12:00:00,-3.7590366068130394,-3.759036606813069,-2.04
2025-03-09 13:00:00,1.0696634736454925e-13,-0.0,0.09
2025-03-09 14:00:00,19.979914529914613,19.979914529914524,17.39
2025-03-09 15:00:00,35.930899999999994,35.93090000000001,90.56
2025-03-09 16:00:00,96.27261728008675,96.27261728008675,125.74
2025-03-09 17:00:00,103.62573066515222,103.59584361356481,135.37
2025-03-09 18:00:00,109.3151187696326,109.29541738365708,136.7
2025-03-09 19:00:00,109.30556706869669,109.30585946238814,130.2
2025-03-09 20:00:00,109.29076854286339,109.28595042246047,122.7
2025-03-09 21:00:00,109.28743691544655,109.28743691544567,112.8
2025-03-09 22:00:00,109.05145908247776,109.05145908247732,106.83
2025-03-09 23:00:00,108.74228539647684,108.74228539647653,96.83
2025-03-10 00:00:00,108.31922040412191,108.31592609614842,94.92
2025-03-10 01:00:00,107.14837644051704,107.50762215574059,96.7
2025-03-10 02:00:00,107.07674794021739,107.07674794021734,96.87
2025-03-10 03:00:00,107.37840686771621,107.35630821517387,94.65
2025-03-10 04:00:00,108.61333240490467,108.61333240490487,106.37
2025-03-10 05:00:00,109.36725012512207,109.3677698506535,148.49
2025-03-10 06:00:00,109.36197850462048,109.36087628176817,159.75
2025-03-10 07:00:00,109.35630359154992,109.35630359154491,133.96
2025-03-10 08:00:00,109.06588953928039,109.06588425946399,98.88
2025-03-10 09:00:00,100.66654331474975,100.66654331474969,84.38
2025-03-10 10:00:00,97.07137775031245,97.07137775031268,77.88
2025-03-10 11:00:00,94.87131662251805,94.56453018994414,76.02
2025-03-10 12:00:00,54.17481547869326,54.47595207036129,77.32
2025-03-10 13:00:00,87.86051344871298,87.8605134487122,83.91
2025-03-10 14:00:00,95.09309676831022,95.09309676831015,97.47
2025-03-10 15:00:00,97.85956206066545,97.85956206066555,127.47
2025-03-10 16:00:00,105.07549529015333,105.38951240955872,147.97
2025-03-10 17:00:00,109.31046084292079,109.30253776640605,174.92
2025-03-10 18:00:00,109.3467220608473,109.34835984821137,160.24
2025-03-10 19:00:00,109.35204424823137,109.35112480404852,142.14
2025-03-10 20:00:00,109.33940729109617,109.33126114227053,126.59
2025-03-10 21:00:00,109.22732837553748,109.22819330939583,106.88
2025-03-10 22:00:00,108.7800756409815,108.78007564098161,97.97
2025-03-10 23:00:00,106.73576900967615,106.62250453853821,104.39
2025-03-11 00:00:00,105.13698199860171,104.71685043226928,101.8
2025-03-11 01:00:00,105.22523925284725,105.3562860359859,99.73
2025-03-11 02:00:00,105.6908022387968,105.69220001780756,100.5
2025-03-11 03:00:00,105.68970960979011,106.89097132775605,102.53
2025-03-11 04:00:00,107.14837644051828,107.14837644051812,110.86
2025-03-11 05:00:00,109.14613926464534,109.14613926464078,148.04
2025-03-11 06:00:00,109.35756068252508,109.3577483972905,152.98
2025-03-11 07:00:00,109.35801508644279,109.35988963354129,146.49
2025-03-11 08:00:00,109.3570250063512,109.35714473053912,128.53
2025-03-11 09:00:00,109.01516596030301,109.015165960303,102.0
2025-03-11 10:00:00,103.83411469201889,103.83411469201889,97.48
2025-03-11 11:00:00,99.27364890966952,99.27364890966956,96.44
2025-03-11 12:00:00,98.22129346317296,98.22129346317297,98.38
2025-03-11 13:00:00,96.27261728008712,96.27261728008675,102.35
2025-03-11 14:00:00,97.07137775031254,97.07137775031268,112.84
2025-03-11 15:00:00,100.61690625000035,100.61690625,132.86
2025-03-11 16:00:00,107.14837644051809,107.82739065534226,171.95
2025-03-11 17:00:00,109.35824886070486,109.36076983634624,205.02
2025-03-11 18:00:00,109.35965097616385,109.3607061721291,180.95
2025-03-11 19:00:00,109.35476989836569,109.35866236702593,149.43
2025-03-11 20:00:00,109.35416650661398,109.35603393310163,133.0
2025-03-11 21:00:00,109.34854225623445,109.34833369114325,121.25
2025-03-11 22:00:00,109.3310135113615,109.3148110094302,107.34
2025-03-11 23:00:00,109.1282373319475,109.12914530285482,101.73
2025-03-12 00:00:00,107.9868823846773,107.98750782221563,100.09
2025-03-12 01:00:00,106.61769567276463,106.61769567276691,97.79
2025-03-12 02:00:00,104.99942403821994,104.84204655602478,97.38
2025-03-12 03:00:00,104.999424038221,104.96459046113213,101.8
2025-03-12 04:00:00,107.14837644051786,107.14837644051812,110.31
2025-03-12 05:00:00,109.35793303524419,109.35948999643489,144.54
2025-03-12 06:00:00,109.35808807076107,109.35923608762774,161.64
2025-03-12 07:00:00,109.35678568468914,109.35830972135815,148.41
2025-03-12 08:00:00,109.34674975035654,109.34674975035628,125.0
2025-03-12 09:00:00,108.89526234555896,108.89526234555949,102.62
2025-03-12 10:00:00,100.66654331474982,100.66654331474969,99.69
2025-03-12 11:00:00,100.66654331474979,100.66654331474969,98.07
2025-03-12 12:00:00,100.61690625000006,100.61690625,99.91
2025-03-12 13:00:00,100.66654331474984,100.66654331474969,101.65
2025-03-12 14:00:00,102.69656741573137,103.1523654860456,117.74
2025-03-12 15:00:00,106.64423908495401,106.9685563502419,142.1
2025-03-12 16:00:00,109.36403260763046,109.3624198834464,157.03
2025-03-12 17:00:00,109.35615366547289,109.35837096351501,199.75
2025-03-12 18:00:00,109.35856140350876,109.36767736425446,179.49
2025-03-12 19:00:00,109.36047304378302,109.35857551637123,148.05
2025-03-12 20:00:00,109.3585614035066,109.35856140350879,132.2
2025-03-12 21:00:00,109.3585614035087,109.3585614035088,120.0
2025-03-12 22:00:00,109.35851269260826,109.35852863525574,109.91
2025-03-12 23:00:00,109.32011279534527,109.32011279534625,108.52
2025-03-13 00:00:00,109.20589938823349,109.20312966995537,102.25
2025-03-13 01:00:00,109.05188476589613,109.0518847658984,98.98
2025-03-13 02:00:00,108.95430951469633,108.9543095146978,96.71
2025-03-13 03:00:00,109.02030556932827,109.0203055693318,98.35
2025-03-13 04:00:00,109.35696300982026,109.35668026068228,105.88
2025-03-13 05:00:00,109.35758354055189,109.35758354055197,132.99
2025-03-13 06:00:00,109.35951151860111,109.35878535644672,159.87
2025-03-13 07:00:00,109.35843188360151,109.3584668479632,158.03
2025-03-13 08:00:00,109.35853783007403,109.35853783007421,148.13
2025-03-13 09:00:00,109.28857416438795,109.2885741643882,123.77
2025-03-13 10:00:00,109.05636951205439,109.05636951205435,110.7
2025-03-13 11:00:00,103.62939004661955,103.62939004661955,110.01
2025-03-13 12:00:00,102.84200169902132,102.72697246931443,108.22
2025-03-13 13:00:00,100.61690625,100.61690625,107.54
2025-03-13 14:00:00,100.66654331474969,100.66654331474969,109.99
2025-03-13 15:00:00,104.07661234201525,104.5486284094408,121.47
2025-03-13 16:00:00,109.3558040075869,109.35594806125432,142.65
2025-03-13 17:00:00,109.35855802465711,109.35860162791619,166.05
2025-03-13 18:00:00,109.3596079752124,109.36090449075567,173.47
2025-03-13 19:00:00,109.35856686902332,109.35857868182266,149.0
2025-03-13 20:00:00,109.35855875704442,109.3585615952658,135.69
2025-03-13 21:00:00,109.35853453305295,109.35853453305202,123.48
2025-03-13 22:00:00,109.35845164370896,109.35844952257203,111.63
2025-03-13 23:00:00,109.35788011650683,109.35788011650726,109.09
2025-03-14 00:00:00,109.35590260939544,109.3543296924984,106.0
2025-03-14 01:00:00,109.13968687943455,109.1396868794592,105.9
2025-03-14 02:00:00,109.1498856670625,109.14481425128137,103.83
2025-03-14 03:00:00,109.16476180823044,109.16476180823797,105.3
2025-03-14 04:00:00,109.35561597364224,109.35561597364551,113.99
2025-03-14 05:00:00,109.35853362595947,109.35853716261789,143.02
2025-03-14 06:00:00,109.35856425061537,109.35856763003511,155.11
2025-03-14 07:00:00,109.35855200618659,109.35855293281304,155.0
2025-03-14 08:00:00,109.35853436071555,109.3585343607154,132.09
2025-03-14 09:00:00,109.1292541297614,109.12925412976055,112.0
2025-03-14 10:00:00,104.6777994606468,104.17361267212077,106.35
2025-03-14 11:00:00,100.61690624999807,100.61690625,104.5
2025-03-14 12:00:00,99.26863311529596,98.66988017476608,104.59
2025-03-14 13:00:00,98.91804985318873,98.96629528835474,105.38
2025-03-14 14:00:00,99.27364890966047,99.27364890966956,109.39
2025-03-14 15:00:00,101.06918200339008,100.98902909293403,124.84
2025-03-14 16:00:00,107.2188122684067,107.49637184360799,146.44
2025-03-14 17:00:00,109.35814800332119,109.3529671701777,155.33
2025-03-14 18:00:00,109.35847104654894,109.35847102382728,150.91
2025-03-14 19:00:00,109.3585614035088,109.35856140350877,130.01
2025-03-14 20:00:00,109.34844404721439,109.34841448148306,111.39
2025-03-14 21:00:00,109.33866700725532,109.3386670072579,114.0
2025-03-14 22:00:00,109.3376771392632,109.33767713926333,105.17
2025-03-14 23:00:00,109.08040219877098,109.08040219877091,112.15
2025-03-15 00:00:00,108.8592546888368,108.7426261168974,103.14
2025-03-15 01:00:00,107.14837644051799,107.14837644051812,96.0
2025-03-15 02:00:00,105.01187761383926,104.0852262302671,89.9
2025-03-15 03:00:00,103.53568521219498,103.53704702205249,86.9
2025-03-15 04:00:00,103.53568521219546,103.53704702205246,90.55
2025-03-15 05:00:00,103.59644637498354,104.20830285858621,97.01
2025-03-15 06:00:00,108.20992993339513,108.3123153282031,99.42
2025-03-15 07:00:00,107.48225405787983,107.48225405804118,98.77
2025-03-15 08:00:00,100.61690625000202,100.61690625,86.4
2025-03-15 09:00:00,94.99756499198197,94.94410079732974,72.39
2025-03-15 10:00:00,62.62984763819534,62.62984763819594,67.16
2025-03-15 11:00:00,36.1613565469035,36.539990264840014,57.32
2025-03-15 12:00:00,31.43094974074263,31.40695301097301,48.0
2025-03-15 13:00:00,35.930899999998196,35.9309,54.51
2025-03-15 14:00:00,71.59693287870047,71.59693287869497,70.8
2025-03-15 15:00:00,94.87131662251527,94.87131662251791,84.24
2025-03-15 16:00:00,97.85956206066555,97.85956206066555,121.91
2025-03-15 17:00:00,105.81784576970979,105.72238404854335,130.3
2025-03-15 18:00:00,109.08085680524756,109.06905421165031,132.96
2025-03-15 19:00:00,109.02826569769964,109.03590313351488,121.46
2025-03-15 20:00:00,109.10305305438412,108.83345723041366,108.5
2025-03-15 21:00:00,108.98803023710005,108.86846764923017,105.02
2025-03-15 22:00:00,108.98625287427467,108.8687032582109,95.25
2025-03-15 23:00:00,108.48262453542378,108.48262453542398,90.01
2025-03-16 00:00:00,107.47627193542695,107.47627193542681,85.79
2025-03-16 01:00:00,105.46842522050417,105.56331025417754,79.62
2025-03-16 02:00:00,103.2385112306752,103.27507328317562,78.18
2025-03-16 03:00:00,103.23851123067504,103.27507328317563,78.6
2025-03-16 04:00:00,103.23851123067507,103.2750732831756,80.51
2025-03-16 05:00:00,105.46842522050446,105.46842522050432,85.14
2025-03-16 06:00:00,107.14837644051792,107.14837644051812,82.07
2025-03-16 07:00:00,105.49926411821733,105.26882846797369,77.95
2025-03-16 08:00:00,100.61690624999999,99.67634593582791,56.9
2025-03-16 09:00:00,44.98366875522125,37.09765746005098,24.09
2025-03-16 10:00:00,27.322803680981135,27.322803680981597,2.9
2025-03-16 11:00:00,20.38396759832327,20.38396759832327,1.01
2025-03-16 12:00:00,19.979914529914517,19.979914529914524,0.19
2025-03-16 13:00:00,20.75345646374772,20.764758583892863,2.53
2025-03-16 14:00:00,27.288931457274657,27.31887106636154,31.0
2025-03-16 15:00:00,41.17897221501336,41.178972215013346,71.11
2025-03-16 16:00:00,97.07137775031273,97.07137775031268,116.81
2025-03-16 17:00:00,108.1629578214674,108.20023164404601,130.84
2025-03-16 18:00:00,109.035990528971,109.03591339718669,140.0
2025-03-16 19:00:00,108.99719213750318,108.99711115628455,125.28
2025-03-16 20:00:00,108.98803023710013,108.86840758106409,107.73
2025-03-16 21:00:00,107.14837644051809,107.14837644051812,100.8
2025-03-16 22:00:00,102.78081024844725,102.78081954846625,79.71
2025-03-16 23:00:00,101.83893049670104,101.83893049670091,78.1
2025-03-17 00:00:00,100.61690625000001,100.61690625,79.01
2025-03-17 01:00:00,100.61690625,100.61690625,78.79
2025-03-17 02:00:00,100.61690624999996,100.61690625,80.91
2025-03-17 03:00:00,100.66654331474973,100.66654331474969,85.85
2025-03-17 04:00:00,107.14837644051813,107.14837644051812,103.3
2025-03-17 05:00:00,109.06589012249763,109.065933350651,135.18
2025-03-17 06:00:00,109.29985140361565,109.29985140361546,152.87
2025-03-17 07:00:00,109.25822785939683,109.2293553131787,135.24
2025-03-17 08:00:00,106.72797117816758,106.55448611731637,100.73
2025-03-17 09:00:00,97.8595620606655,97.85956206066555,68.21
2025-03-17 10:00:00,94.87131662251792,94.80946061989584,50.56
2025-03-17 11:00:00,35.83109618151126,35.88535687755394,31.17
2025-03-17 12:00:00,28.298053210081676,27.829614894520336,27.95
2025-03-17 13:00:00,26.972767024057774,26.907642085843293,50.14
2025-03-17 14:00:00,60.994219459943096,59.75713330220957,70.01
2025-03-17 15:00:00,94.87131662251804,94.8713166225178,98.55
2025-03-17 16:00:00,100.6665433147497,100.66654331474969,143.05
2025-03-17 17:00:00,109.29961981449597,109.29961981449601,177.33
2025-03-17 18:00:00,109.35738249377013,109.35738249377039,170.0
2025-03-17 19:00:00,109.35856140350872,109.35856140350874,141.5
2025-03-17 20:00:00,109.33176266979818,109.34062669256531,118.85
2025-03-17 21:00:00,109.28857416438805,109.28659171796076,107.86
2025-03-17 22:00:00,109.08049313666734,109.08042139659496,93.5
2025-03-17 23:00:00,108.74229643732446,108.74229643732563,92.2
2025-03-18 00:00:00,105.01187761386886,105.01187761386873,89.99
2025-03-18 01:00:00,103.5356852121967,103.53704702205246,92.37
2025-03-18 02:00:00,103.53568521219677,103.53568521219671,89.2
2025-03-18 03:00:00,103.59644637498357,103.70899206606019,95.25
2025-03-18 04:00:00,107.1483764405183,107.14837644051812,110.74
2025-03-18 05:00:00,109.14199606771744,109.13378283170735,138.9
2025-03-18 06:00:00,109.36959307823894,109.36959307823916,136.68
2025-03-18 07:00:00,109.07010851912973,109.0702476031147,106.52
2025-03-18 08:00:00,100.21114537488505,100.21114537488532,71.53
2025-03-18 09:00:00,35.93090000000002,35.930899999999994,25.27
2025-03-18 10:00:00,27.36459449964133,27.358413675471017,0.68
2025-03-18 11:00:00,19.9799145299145,19.979914529914524,-1.46
2025-03-18 12:00:00,16.514866815086933,16.514866815086915,-0.3
2025-03-18 13:00:00,19.97991452991452,19.979914529914524,5.72
2025-03-18 14:00:00,20.32884618333241,20.32971128850834,50.28
2025-03-18 15:00:00,40.17280846190452,40.18069793422457,95.94
2025-03-18 16:00:00,96.27261728008675,96.27261728008675,140.9
2025-03-18 17:00:00,106.05228281576561,105.54441425639008,170.91
2025-03-18 18:00:00,109.33101351136288,109.3310135113626,167.46
2025-03-18 19:00:00,109.28591568562716,109.28591568562649,142.39
2025-03-18 20:00:00,109.12908248496801,109.12885403343226,123.04
2025-03-18 21:00:00,109.08040115121322,109.08040115121294,115.97
2025-03-18 22:00:00,108.74239059199797,108.74238849277252,103.29
2025-03-18 23:00:00,107.14837644051815,107.14837644051813,107.29
2025-03-19 00:00:00,103.59691649346668,103.59691649346698,102.4
2025-03-19 01:00:00,103.5991301109148,103.68484755555895,101.19
2025-03-19 02:00:00,102.85404281314337,103.247767487935,102.0
2025-03-19 03:00:00,104.96401575570306,105.79428577555369,106.59
2025-03-19 04:00:00,109.01774525250802,108.96217863284544,122.52
2025-03-19 05:00:00,109.36067854691683,109.36069050352036,158.05
2025-03-19 06:00:00,109.38735305814666,109.39055051079079,147.74
2025-03-19 07:00:00,109.10193299774042,109.09837478619102,108.23
2025-03-19 08:00:00,101.72061681976055,101.73798568136617,79.5
2025-03-19 09:00:00,76.39504609926448,71.88935972007282,26.52
2025-03-19 10:00:00,27.322803680981806,27.32280368098159,-0.04
2025-03-19 11:00:00,20.413318937907643,20.41331893790761,-0.56
2025-03-19 12:00:00,19.97991452991476,19.979914529914524,-0.25
2025-03-19 13:00:00,24.26035895930902,24.039907098840004,0.99
2025-03-19 14:00:00,27.29162277518309,27.29790038804693,66.73
2025-03-19 15:00:00,72.86649723679608,73.26972277477282,109.85
2025-03-19 16:00:00,99.27364890966955,99.27364890966956,147.56
2025-03-19 17:00:00,109.87739806429408,109.88023857604236,248.18
2025-03-19 18:00:00,109.38354782515117,109.38017354074982,220.3
2025-03-19 19:00:00,109.35654054557166,109.35534959736258,176.68
2025-03-19 20:00:00,109.33928510017643,109.33928510017614,138.24
2025-03-19 21:00:00,108.67837313310095,108.60663435499752,124.45
2025-03-19 22:00:00,108.58675205662686,108.15908329296121,111.14
2025-03-19 23:00:00,107.90064938888611,107.90064938888591,117.17
2025-03-20 00:00:00,107.14837644051818,107.14837644051812,102.86
2025-03-20 01:00:00,102.17085025048478,102.14233293038134,99.56
2025-03-20 02:00:00,101.38047201477151,101.30208987874211,100.08
2025-03-20 03:00:00,102.12882562745658,102.09480657614814,102.83
2025-03-20 04:00:00,107.78614923819939,107.85221436973177,119.7
2025-03-20 05:00:00,108.62364359495966,108.80053930320409,144.84
2025-03-20 06:00:00,109.45162579547716,109.45162579547709,141.21
2025-03-20 07:00:00,108.75028577476155,108.66570734505216,99.87
2025-03-20 08:00:00,99.27364890966957,98.31380460577321,79.45
2025-03-20 09:00:00,87.86051344871191,87.8605134487122,37.51
2025-03-20 10:00:00,27.32280368098159,27.322803680981593,3.42
2025-03-20 11:00:00,26.993089186340242,26.993089186340228,0.43
2025-03-20 12:00:00,26.932752315627567,26.932752315627567,0.65
2025-03-20 13:00:00,27.155611591510226,27.155611591510215,16.6
2025-03-20 14:00:00,35.93089999999994,35.930899999999994,79.42
2025-03-20 15:00:00,87.86051344871204,87.8605134487122,120.76
2025-03-20 16:00:00,100.61690624999987,100.61690625,155.14
2025-03-20 17:00:00,110.7032651240525,110.70326512405268,280.07
2025-03-20 18:00:00,109.74309018347827,109.74309018347799,253.85
2025-03-20 19:00:00,109.41161787606522,109.41161787606497,164.0
2025-03-20 20:00:00,109.43055060007495,109.43055060007491,136.82
2025-03-20 21:00:00,109.59036750932205,109.74402389522763,125.03
2025-03-20 22:00:00,108.10109259259247,108.15025463607218,117.91
2025-03-20 23:00:00,102.69656741573031,102.0595292340637,125.07
2025-03-21 00:00:00,101.99177914975873,101.99111829485993,116.41
2025-03-21 01:00:00,101.99177914975887,101.99052457548845,112.74
2025-03-21 02:00:00,102.164120436788,102.16287071710248,105.81
2025-03-21 03:00:00,102.55174041946765,102.5517404194809,109.1
2025-03-21 04:00:00,103.30365845824406,102.69939770828562,127.49
2025-03-21 05:00:00,107.92453878586815,107.92453878586429,156.0
2025-03-21 06:00:00,107.27575361716163,107.2757536172274,148.27
2025-03-21 07:00:00,100.66654331474959,100.66654331474969,110.73
2025-03-21 08:00:00,96.71568189520706,96.71568189520983,73.31
2025-03-21 09:00:00,35.930900000000086,35.93090000000001,43.25
2025-03-21 10:00:00,27.32280368097808,27.322803680981593,7.35
2025-03-21 11:00:00,-3.474163231403926e-15,7.105427357601002e-15,0.81
2025-03-21 12:00:00,-4.250298977364189,-4.256309455873348,0.0
2025-03-21 13:00:00,-4.525790609416804,-4.499045848083387,2.49
2025-03-21 14:00:00,-4.999999999999581,-5.0,12.36
2025-03-21 15:00:00,19.979914529914524,19.97991452991453,46.22
2025-03-21 16:00:00,35.93089999999997,35.9309,100.24
2025-03-21 17:00:00,95.8998862320737,95.70571378762013,120.65
2025-03-21 18:00:00,96.2726172800872,96.27261728008675,83.5
2025-03-21 19:00:00,87.86051344871187,87.8605134487122,70.0
2025-03-21 20:00:00,81.67000276243053,71.88935972007272,47.19
2025-03-21 21:00:00,72.34656264668705,68.26288645263874,27.13
2025-03-21 22:00:00,37.98560569857151,37.970562906789254,18.45
2025-03-21 23:00:00,33.294772856770024,33.29448796655627,26.93
2025-03-22 00:00:00,21.712141643354503,21.678450191221042,12.57
2025-03-22 01:00:00,21.731053767928508,21.76379289278162,9.07
2025-03-22 02:00:00,29.143823060445538,29.157099431589316,6.88
2025-03-22 03:00:00,29.143823060445445,29.157099431589252,10.12
2025-03-22 04:00:00,33.10189754790258,33.07675087497751,12.95
2025-03-22 05:00:00,33.38467376288782,33.38261354280919,13.01
2025-03-22 06:00:00,35.93089999999948,35.930899999999994,13.04
2025-03-22 07:00:00,19.97991452991413,19.979914529914524,3.11
2025-03-22 08:00:00,-5.096128597240068e-13,-7.105427357601002e-15,0.0
2025-03-22 09:00:00,-5.000000000000391,-5.0,-1.86
2025-03-22 10:00:00,-5.000000000000294,-5.0,-6.31
2025-03-22 11:00:00,-5.000000000000493,-5.0,-15.18
2025-03-22 12:00:00,-5.000000000000374,-5.0,-15.04
2025-03-22 13:00:00,-5.000000000000178,-5.0,-6.79
2025-03-22 14:00:00,-5.000000000000308,-5.0,-1.51
2025-03-22 15:00:00,-5.000000000000112,-5.0,1.01
2025-03-22 16:00:00,19.979914529913636,19.97991452991453,34.99
2025-03-22 17:00:00,68.93240869889799,69.58625523946871,60.03
2025-03-22 18:00:00,89.71074390243837,89.71074390243903,50.95
2025-03-22 19:00:00,92.54273178553254,92.54273178553254,42.15
2025-03-22 20:00:00,87.8605134487122,87.8605134487122,36.12
2025-03-22 21:00:00,87.8605134487122,87.84651434646258,37.14
2025-03-22 22:00:00,87.8605134487122,87.8605134487122,35.69
2025-03-22 23:00:00,71.79194974440455,65.37160170796864,13.69
2025-03-23 00:00:00,66.17006934561863,60.76267339482465,19.01
2025-03-23 01:00:00,61.15544074633137,60.76333912847957,23.65
2025-03-23 02:00:00,66.17460206963067,61.206648438208575,23.49
2025-03-23 03:00:00,69.0590461338388,64.68838133074931,24.82
2025-03-23 04:00:00,65.3672940282747,65.3443857033583,25.01
2025-03-23 05:00:00,67.9822958345668,67.95724042688646,24.84
2025-03-23 06:00:00,72.37877357666464,69.5862552394687,24.26
2025-03-23 07:00:00,70.77067154735228,66.6584045078569,18.99
2025-03-23 08:00:00,52.897812088450685,47.82316174384375,23.09
2025-03-23 09:00:00,27.32280368098159,27.322803680981593,13.78
2025-03-23 10:00:00,27.322803680981597,27.322803680981593,9.6
2025-03-23 11:00:00,27.322803680981654,27.215911634704657,13.49
2025-03-23 12:00:00,20.395037243019342,20.39553677565359,5.01
2025-03-23 13:00:00,27.22228862351386,27.238441045972774,11.46
2025-03-23 14:00:00,27.33248372101543,27.3309239182406,42.5
2025-03-23 15:00:00,81.86080139670638,81.86080139670645,84.42
2025-03-23 16:00:00,98.22129346317294,98.22129346317294,124.23
2025-03-23 17:00:00,100.66654331474963,100.66654331474952,140.0
2025-03-23 18:00:00,109.07973109907576,109.07973518796,142.51
2025-03-23 19:00:00,109.09003043514927,109.12389521108568,140.58
2025-03-23 20:00:00,109.10224102615274,109.1187934804631,130.0
2025-03-23 21:00:00,109.07352177356067,109.09457186009332,126.47
2025-03-23 22:00:00,109.07789601706364,109.07744961065266,114.24
2025-03-23 23:00:00,108.31498525848552,108.31491409607547,110.45
2025-03-24 00:00:00,103.18197529243321,103.18456144841367,107.29
2025-03-24 01:00:00,100.61690625000003,100.61690625,101.91
2025-03-24 02:00:00,100.61690624999997,100.61690625,98.94
2025-03-24 03:00:00,100.66654331474966,100.66654331474969,101.99
2025-03-24 04:00:00,106.18480124547892,106.14585400889577,119.82
2025-03-24 05:00:00,109.38102138878224,109.3886001095027,141.5
2025-03-24 06:00:00,109.36892663874744,109.36991933301474,164.28
2025-03-24 07:00:00,109.36151483700678,109.36155510549257,161.86
2025-03-24 08:00:00,109.28749203975758,109.28749203975737,135.38
2025-03-24 09:00:00,100.66654331474976,100.66654331474969,111.16
2025-03-24 10:00:00,96.27261728008666,96.27261728008675,107.36
2025-03-24 11:00:00,94.87131662251787,94.87131662251792,100.75
2025-03-24 12:00:00,87.8605134487122,87.8605134487122,100.87
2025-03-24 13:00:00,87.86051344871238,87.8605134487122,106.57
2025-03-24 14:00:00,94.8713166225182,95.13943255448513,115.85
2025-03-24 15:00:00,97.07137775031305,97.07137775031268,130.95
2025-03-24 16:00:00,100.61690625000016,100.61690625,154.15
2025-03-24 17:00:00,109.33793708470034,109.33793708470013,211.99
2025-03-24 18:00:00,109.3586095237252,109.35860952372502,193.0
2025-03-24 19:00:00,109.35856140350855,109.35856140350879,161.84
2025-03-24 20:00:00,109.3605459831026,109.3605459831023,138.55
2025-03-24 21:00:00,109.28749203975813,109.31991671298773,125.58
2025-03-24 22:00:00,109.19600053400488,109.1960153805474,115.16
2025-03-24 23:00:00,109.05156415463729,109.05161023577635,102.07
2025-03-25 00:00:00,105.77721936904823,105.77720897128913,101.76
2025-03-25 01:00:00,103.30603915890681,103.3060391589067,100.2
2025-03-25 02:00:00,100.61690624999959,100.61690625,102.67
2025-03-25 03:00:00,100.61690624999969,100.61690625,101.96
2025-03-25 04:00:00,103.75406830896627,103.73488993661122,107.39
2025-03-25 05:00:00,109.22689670174427,109.23040652557088,136.05
2025-03-25 06:00:00,109.36378712772157,109.361831333074,142.13
2025-03-25 07:00:00,109.3017697346965,109.29895583929205,133.36
2025-03-25 08:00:00,108.69228911055973,108.6922891105596,106.41
2025-03-25 09:00:00,96.27261728008675,96.27261728008675,92.03
2025-03-25 10:00:00,81.67000276243094,80.27006680578477,78.8
2025-03-25 11:00:00,72.1525778499757,44.20311418987789,68.45
2025-03-25 12:00:00,72.12112873757997,44.20224872185573,69.23
2025-03-25 13:00:00,56.311546837168784,51.82787414795665,81.7
2025-03-25 14:00:00,72.6445071303763,72.64762086549572,95.52
2025-03-25 15:00:00,97.07137775031266,97.07137775031268,108.84
2025-03-25 16:00:00,100.61690625000003,100.61690625,138.81
2025-03-25 17:00:00,109.34583597605749,109.34583597605815,161.14
2025-03-25 18:00:00,109.35021376888244,109.35021376888231,166.36
2025-03-25 19:00:00,109.35090216097203,109.35090216097151,148.6
2025-03-25 20:00:00,109.33537944746539,109.33456195847533,122.36
2025-03-25 21:00:00,109.22309500473102,109.22307252901132,114.83
2025-03-25 22:00:00,109.10641687420042,109.12992311157959,102.05
2025-03-25 23:00:00,106.95410057677212,106.9540997940052,101.02
2025-03-26 00:00:00,102.22184652838754,102.22193493299109,97.96
2025-03-26 01:00:00,100.61690625,100.61690625,97.36
2025-03-26 02:00:00,99.27364890966956,99.27364890966956,97.39
2025-03-26 03:00:00,99.27364890966956,99.27364890966956,95.72
2025-03-26 04:00:00,103.00772423930462,103.00761515314565,98.85
2025-03-26 05:00:00,109.00215041540534,109.00215918954113,128.76
2025-03-26 06:00:00,109.30919767578958,109.30924007783379,141.95
2025-03-26 07:00:00,109.33168181861201,109.33168181861228,137.09
2025-03-26 08:00:00,109.07782008498906,109.077824727088,111.86
2025-03-26 09:00:00,100.61690624999989,100.61690625,100.0
2025-03-26 10:00:00,100.61690624999981,100.61690625,96.39
2025-03-26 11:00:00,99.27364890966925,98.8785878800727,94.81
2025-03-26 12:00:00,98.22129346317256,98.22129346317297,84.5
2025-03-26 13:00:00,97.85956206066531,97.85956206066555,90.79
2025-03-26 14:00:00,97.859562060665,97.85956206066555,94.36
2025-03-26 15:00:00,100.61690624999964,100.61690625,101.45
2025-03-26 16:00:00,103.26034690288553,103.22752883247222,135.16
2025-03-26 17:00:00,109.41462309520574,109.41462309521498,162.0
2025-03-26 18:00:00,109.36212188962428,109.3621218896352,169.54
2025-03-26 19:00:00,109.3599725738787,109.35997257388954,153.27
2025-03-26 20:00:00,109.35782183992396,109.35782183992158,129.4
2025-03-26 21:00:00,109.31451746691069,109.31451746948211,120.27
2025-03-26 22:00:00,109.17430112041573,109.17431836546668,108.91
2025-03-26 23:00:00,109.04944017965447,109.04948595401986,104.93
2025-03-27 00:00:00,107.14837644051819,107.14837644051812,98.98
2025-03-27 01:00:00,103.30365845824409,103.24971480334125,97.8
2025-03-27 02:00:00,100.66654331475013,100.66654331474975,98.85
2025-03-27 03:00:00,100.66654331474972,100.66654331474955,97.07
2025-03-27 04:00:00,107.1483764405183,107.14837644051812,104.9
2025-03-27 05:00:00,109.18265283985717,109.17780562833421,129.83
2025-03-27 06:00:00,109.3332300128495,109.33196559395115,140.0
2025-03-27 07:00:00,109.31454034691028,109.3145293980766,123.5
2025-03-27 08:00:00,108.41387838538017,108.41387872631796,89.92
2025-03-27 09:00:00,96.27261728008676,96.27261728008675,77.61
2025-03-27 10:00:00,95.28499724325378,95.12500878509192,45.48
2025-03-27 11:00:00,60.15422664026917,61.9874787736583,24.81
2025-03-27 12:00:00,35.93090000000006,35.93089999999999,6.67
2025-03-27 13:00:00,35.930900000000015,35.9309,30.34
2025-03-27 14:00:00,41.60843315811454,43.28679677893546,74.93
2025-03-27 15:00:00,93.88619298727042,93.48144108090625,93.74
2025-03-27 16:00:00,98.22129346317308,98.22129346317297,127.25
2025-03-27 17:00:00,104.5184104666721,105.35586358238659,157.9
2025-03-27 18:00:00,109.37417665928379,109.37417665928344,170.7
2025-03-27 19:00:00,109.37264110169457,109.37234756014361,141.61
2025-03-27 20:00:00,109.18072215169805,109.24141350217012,124.42
2025-03-27 21:00:00,108.22966892984832,108.23012430971643,113.1
2025-03-27 22:00:00,103.10528965087937,103.10528965087883,100.91
2025-03-27 23:00:00,98.22129346317308,98.55041022264125,90.0
2025-03-28 00:00:00,98.22129346317293,98.22129346317297,79.38
2025-03-28 01:00:00,98.22129346317304,98.22129346317297,79.02
2025-03-28 02:00:00,98.22129346317313,98.22129346317297,79.38
2025-03-28 03:00:00,98.22129346317313,98.22129346317297,79.84
2025-03-28 04:00:00,98.61440700967394,98.81574822407983,103.51
2025-03-28 05:00:00,103.01587013474105,103.01587160777285,128.52
2025-03-28 06:00:00,103.2018514713992,103.23828438090442,122.2
2025-03-28 07:00:00,98.38693582097879,99.1632563963235,102.08
2025-03-28 08:00:00,94.35069242298611,93.2506727122155,75.57
2025-03-28 09:00:00,21.93117695572471,21.931789706121155,25.77
2025-03-28 10:00:00,16.958900241624654,13.607978176118785,1.68
2025-03-28 11:00:00,-4.560119113706804,-4.540434104195519,-0.01
2025-03-28 12:00:00,-5.0000000000001386,-5.0,-0.03
2025-03-28 13:00:00,-4.211465182409749,-4.199765007723599,14.48
2025-03-28 14:00:00,20.174743021012304,20.174743021012397,70.1
2025-03-28 15:00:00,65.84471211171962,65.84471211171841,104.19
2025-03-28 16:00:00,97.07137775031266,97.07137775031262,132.0
2025-03-28 17:00:00,103.30365845824389,103.3036584582441,165.99
2025-03-28 18:00:00,109.16209627496464,109.15704410603644,165.9
2025-03-28 19:00:00,108.40411298323482,108.40416307823926,148.03
2025-03-28 20:00:00,104.2068698387941,103.98069406197261,124.56
2025-03-28 21:00:00,103.33851088431648,103.33917707094255,117.94
2025-03-28 22:00:00,100.61690625000048,100.61690625,110.12
2025-03-28 23:00:00,98.22129346317328,98.22129346317297,113.62
2025-03-29 00:00:00,97.85956206066595,97.85956206066555,103.91
2025-03-29 01:00:00,97.07137775031255,97.07137775031268,96.54
2025-03-29 02:00:00,96.27261728008732,96.27261728008675,96.22
2025-03-29 03:00:00,97.07137775031273,97.07137775031268,96.5
2025-03-29 04:00:00,96.27261728008725,96.27261728008675,92.74
2025-03-29 05:00:00,97.07137775031326,97.07137775031268,96.73
2025-03-29 06:00:00,97.07137775031268,97.07137775031268,98.44
2025-03-29 07:00:00,96.27261728008696,96.27261728008675,91.86
2025-03-29 08:00:00,96.27261728008712,95.03753802196688,76.14
2025-03-29 09:00:00,67.80423929816358,67.80423929816362,65.67
2025-03-29 10:00:00,55.38029459219786,53.80905344356056,65.34
2025-03-29 11:00:00,33.550698431591194,28.357192922785536,65.33
2025-03-29 12:00:00,19.979914529915057,19.979914529914527,2.06
2025-03-29 13:00:00,19.97991452991461,19.979914529914524,3.94
2025-03-29 14:00:00,19.979914529914645,19.979914529914527,25.27
2025-03-29 15:00:00,38.99562031310629,39.990226329510065,66.26
2025-03-29 16:00:00,81.86080139670673,81.86080139670645,100.1
2025-03-29 17:00:00,97.07137775031357,97.07137775031268,146.91
2025-03-29 18:00:00,100.66654331474999,100.66654331474969,152.22
2025-03-29 19:00:00,99.27364890966993,99.27364890966956,121.07
2025-03-29 20:00:00,98.2212934631732,98.22129346317297,100.42
2025-03-29 21:00:00,97.859562060666,97.85956206066555,82.75
2025-03-29 22:00:00,96.27261728008719,96.27261728008675,68.27
2025-03-29 23:00:00,94.87131662251835,94.748816856151,46.31
2025-03-30 00:00:00,89.12174847060237,89.12174847060206,15.89
2025-03-30 01:00:00,61.458847561009016,61.45884756100852,5.1
2025-03-30 02:00:00,46.164116267554654,45.32118644816397,1.2
2025-03-30 03:00:00,35.93090000000021,35.9309,0.09
2025-03-30 04:00:00,33.31535485085682,33.3153548508601,0.03
2025-03-30 05:00:00,21.846318127263785,21.841591415629612,0.0
2025-03-30 06:00:00,21.975532266800514,21.98950403991821,-0.01
2025-03-30 07:00:00,19.979914529914957,19.979914529914524,-0.04
2025-03-30 08:00:00,-0.0,-0.0,-3.47
2025-03-30 09:00:00,-5.0,-5.0,-11.34
2025-03-30 10:00:00,-5.0,-5.0,-18.5
2025-03-30 11:00:00,-5.0,-5.0,-25.76
2025-03-30 12:00:00,-5.0,-5.0,-26.07
2025-03-30 13:00:00,-5.0,-5.0,-12.96
2025-03-30 14:00:00,-5.0,-5.0,-4.01
2025-03-30 15:00:00,-5.0,-5.0,-0.01
2025-03-30 16:00:00,-0.3829442360173363,-0.4879425535911535,14.41
2025-03-30 17:00:00,20.21801336529555,20.21801336529556,60.83
2025-03-30 18:00:00,61.120218659575855,61.16199042115557,58.86
2025-03-30 19:00:00,87.86051344871211,87.8605134487122,50.01
2025-03-30 20:00:00,87.86051344871217,87.8605134487122,61.71
2025-03-30 21:00:00,87.86051344871208,87.8605134487122,56.44
2025-03-30 22:00:00,81.67000276243098,80.31153741750444,65.57
2025-03-30 23:00:00,66.31902477589382,66.31902477589318,63.25
2025-03-31 00:00:00,71.64611160619147,71.64611160619107,64.41
2025-03-31 01:00:00,71.64611160619147,71.64611160619104,67.22
2025-03-31 02:00:00,87.86051344871224,82.82766463887013,68.97
2025-03-31 03:00:00,94.87131662251791,93.96428383448952,88.0
2025-03-31 04:00:00,98.22129346317287,98.22129346317297,109.27
2025-03-31 05:00:00,101.82567974342629,101.82567974342638,143.54
2025-03-31 06:00:00,109.00603275152757,109.00603275152834,174.23
2025-03-31 07:00:00,106.63986669891031,103.80179518179261,133.17
2025-03-31 08:00:00,97.07137775031262,97.07137775031268,110.27
2025-03-31 09:00:00,89.71074390243902,89.71074390243903,99.04
2025-03-31 10:00:00,64.3864827155024,65.51710626843585,83.54
2025-03-31 11:00:00,39.87530644632853,39.25133803369966,74.1
2025-03-31 12:00:00,26.8396220208921,26.839622020892033,73.58
2025-03-31 13:00:00,35.92123164019386,35.921231640194314,69.55
2025-03-31 14:00:00,44.03005255979648,48.64057478674313,76.24
2025-03-31 15:00:00,79.9174577787738,80.47227164282508,100.83
2025-03-31 16:00:00,96.71434091291712,96.89367311340854,131.57
2025-03-31 17:00:00,107.14837644051813,107.14837644051812,183.96
2025-03-31 18:00:00,109.27964096039898,109.27964096039896,172.73
2025-03-31 19:00:00,108.85981549076143,108.79853730256427,135.03
2025-03-31 20:00:00,107.14837644051815,107.14837644051812,115.25
2025-03-31 21:00:00,102.69656741573039,102.47071933205089,102.34
2025-03-31 22:00:00,102.08453444678355,101.94743187671824,101.56
2025-03-31 23:00:00,100.61690625000011,100.61690625,95.02
2025-04-01 00:00:00,107.14837644051823,107.14837644051812,92.91
2025-04-01 01:00:00,107.41372827771593,107.14837644051809,93.5
2025-04-01 02:00:00,107.41372827771592,107.4139701666468,91.43
2025-04-01 03:00:00,107.6721563681555,107.7506496001556,100.71
2025-04-01 04:00:00,109.3509917158651,109.3475079813281,129.46
2025-04-01 05:00:00,109.3768719268952,109.37687192689536,179.96
2025-04-01 06:00:00,109.37670689583902,109.37679340299213,159.37
2025-04-01 07:00:00,108.65408858398062,108.500724145305,108.47
2025-04-01 08:00:00,98.22129346317283,98.22129346317297,86.17
2025-04-01 09:00:00,89.7107439024391,89.71074390243903,70.26
2025-04-01 10:00:00,35.93089999999999,35.9309,53.15
2025-04-01 11:00:00,19.979914529914346,19.979914529914524,11.57
2025-04-01 12:00:00,19.97991452991443,19.979914529914524,10.89
2025-04-01 13:00:00,19.979914529914865,19.979914529914527,26.7
2025-04-01 14:00:00,35.930899999999895,35.9309,65.23
2025-04-01 15:00:00,87.8605134487122,87.8605134487122,82.8
2025-04-01 16:00:00,96.27261728008668,96.62407727418022,122.39
2025-04-01 17:00:00,98.22129346317291,98.22129346317297,155.72
2025-04-01 18:00:00,99.42098149799361,99.46020283168785,138.0
2025-04-01 19:00:00,98.221293463173,98.22129346317297,110.9
2025-04-01 20:00:00,97.07137775031273,97.27614508453904,95.64
2025-04-01 21:00:00,97.07137775031276,97.07137775031268,79.45
2025-04-01 22:00:00,96.27261728008685,96.27261728008675,68.06
2025-04-01 23:00:00,96.27261728008688,96.27261728008675,66.93
2025-04-02 00:00:00,96.27261728008679,96.27261728008675,66.8
2025-04-02 01:00:00,96.2726172800869,96.27261728008675,67.97
2025-04-02 02:00:00,96.27261728008688,96.49156707789973,68.9
2025-04-02 03:00:00,97.07137775031296,97.63564705945389,82.18
2025-04-02 04:00:00,100.61690625000008,100.61690625,113.84
2025-04-02 05:00:00,101.13196941261327,101.07014198452863,150.31
2025-04-02 06:00:00,100.61690624999991,100.61690625,124.7
2025-04-02 07:00:00,97.85956206066552,97.85956206066555,84.74
2025-04-02 08:00:00,95.10920135024739,95.10920135024683,48.38
2025-04-02 09:00:00,20.174743021012386,20.174743021012397,0.0
2025-04-02 10:00:00,-5.000000000000097,-5.0,-4.92
2025-04-02 11:00:00,-4.999999999999996,-5.0,-20.06
2025-04-02 12:00:00,-4.999999999999987,-5.0,-21.02
2025-04-02 13:00:00,-5.000000000000049,-5.0,-10.0
2025-04-02 14:00:00,-4.999999999999951,-5.0,-1.73
2025-04-02 15:00:00,-4.890120186033851,-4.890203258199143,15.37
2025-04-02 16:00:00,35.93090000000007,35.93090000000001,88.84
2025-04-02 17:00:00,96.27261728008654,96.27261728008675,125.35
2025-04-02 18:00:00,97.07137775031255,97.07137775031268,114.0
2025-04-02 19:00:00,97.07137775031242,96.78776702811656,96.07
2025-04-02 20:00:00,96.27261728008683,96.27261728008675,82.63
2025-04-02 21:00:00,96.27261728008679,96.27261728008675,71.43
2025-04-02 22:00:00,94.87131662251784,94.87131662251792,67.0
2025-04-02 23:00:00,96.27261728008672,96.27261728008675,67.0
2025-04-03 00:00:00,96.27261728008664,96.27261728008675,67.0
2025-04-03 01:00:00,96.27261728008666,96.27261728008675,68.95
2025-04-03 02:00:00,97.07137775031256,97.07137775031268,71.0
2025-04-03 03:00:00,97.85956206066543,97.87795429442507,86.22
2025-04-03 04:00:00,100.61690625000004,100.61690625,129.71
2025-04-03 05:00:00,103.30365845824413,103.4989888431709,162.77
2025-04-03 06:00:00,103.62555381312752,104.0287922921588,133.3
2025-04-03 07:00:00,98.22129346317286,98.22129346317297,79.11
2025-04-03 08:00:00,94.87131662251808,94.87131662251792,40.47
2025-04-03 09:00:00,28.356520196885096,28.356520196885093,-0.16
2025-04-03 10:00:00,19.979914529914517,19.979914529914524,-1.19
2025-04-03 11:00:00,-3.083573273399185,-3.083573273399174,-8.4
2025-04-03 12:00:00,-3.5812212046694256,-3.5812212046694336,-5.85
2025-04-03 13:00:00,-3.5016179900647577,-3.5016179900647844,-0.27
2025-04-03 14:00:00,6.416380965996397,6.0565530320358985,16.09
2025-04-03 15:00:00,20.5417567141252,20.542245826191227,75.0
2025-04-03 16:00:00,89.71074390243783,89.71074390243903,138.0
2025-04-03 17:00:00,98.22129346317294,98.22129346317297,163.48
2025-04-03 18:00:00,107.14837644051754,107.14837644051812,155.88
2025-04-03 19:00:00,103.3036584582436,103.30288507913887,137.03
2025-04-03 20:00:00,103.30365845824377,103.34151546685848,113.21
2025-04-03 21:00:00,98.22129346317259,98.22129346317297,104.63
2025-04-03 22:00:00,98.22129346317264,97.87753674604566,108.34
2025-04-03 23:00:00,97.85956206066516,97.86540522542965,103.04
2025-04-04 00:00:00,97.85956206066517,98.13121693757904,102.89
2025-04-04 01:00:00,99.27364890966926,99.27364890966956,103.61
2025-04-04 02:00:00,100.6169062499995,100.61690625,105.95
2025-04-04 03:00:00,107.14837644051794,107.14837644051812,112.55
2025-04-04 04:00:00,109.41785125964897,109.41967954122697,152.67
2025-04-04 05:00:00,109.70005514993936,109.69939046649195,180.17
2025-04-04 06:00:00,109.39861040958061,109.39822459049064,139.4
2025-04-04 07:00:00,103.23328758828964,103.23440247385041,95.68
2025-04-04 08:00:00,94.25854752634041,94.2585475263404,65.0
2025-04-04 09:00:00,27.322803680981604,27.322803680981593,7.82
2025-04-04 10:00:00,20.279067421399805,20.279067421399798,0.0
2025-04-04 11:00:00,2.0239886155959397e-15,-0.0,-1.31
2025-04-04 12:00:00,-3.630600097927562,-3.6306000979276067,-1.21
2025-04-04 13:00:00,-3.3903004367993645,-3.3903004367993654,-0.13
2025-04-04 14:00:00,6.374083502405166,6.124322327808955,29.7
2025-04-04 15:00:00,21.207440837143437,21.20739245499065,79.87
2025-04-04 16:00:00,95.00107237367813,94.94664307349656,126.35
2025-04-04 17:00:00,97.85956206066564,98.05750882811421,167.64
2025-04-04 18:00:00,100.66654331474989,100.66654331474969,155.99
2025-04-04 19:00:00,98.22129346317293,98.22129346317297,120.67
2025-04-04 20:00:00,97.85956206066548,97.85956206066555,106.15
2025-04-04 21:00:00,97.85956206066565,97.85956206066555,96.97
2025-04-04 22:00:00,97.85956206066577,97.78234129118833,109.23
2025-04-04 23:00:00,97.85956206066571,97.78257700791242,102.76
2025-04-05 00:00:00,97.07137775031278,97.07137775031268,99.39
2025-04-05 01:00:00,97.07137775031285,97.07137775031268,99.4
2025-04-05 02:00:00,97.07137775031285,97.07137775031268,98.31
2025-04-05 03:00:00,97.07137775031282,97.07137775031268,97.5
2025-04-05 04:00:00,97.07137775031278,97.07137775031268,102.98
2025-04-05 05:00:00,97.85956206066578,97.85956206066555,105.9
2025-04-05 06:00:00,97.85956206066574,97.78234129118833,98.3
2025-04-05 07:00:00,96.27261728008688,96.27261728008675,57.16
2025-04-05 08:00:00,28.356520196885093,28.356520196885093,0.66
2025-04-05 09:00:00,-3.684257503893047,-3.684257503893033,-0.94
2025-04-05 10:00:00,-5.000000000000003,-5.0,-24.09
2025-04-05 11:00:00,-5.000000000000003,-5.0,-47.73
2025-04-05 12:00:00,-5.000000000000003,-5.0,-49.1
2025-04-05 13:00:00,-5.000000000000006,-5.0,-29.91
2025-04-05 14:00:00,-5.0000000000000036,-5.0,-4.3
2025-04-05 15:00:00,-3.4160778576455835,-3.416077857645581,0.0
2025-04-05 16:00:00,19.979914529914524,19.979914529914524,70.0
2025-04-05 17:00:00,87.86051344871213,87.8605134487122,99.4
2025-04-05 18:00:00,94.94761966086554,95.01708667595743,98.9
2025-04-05 19:00:00,94.94888937048488,95.01467600611429,84.25
2025-04-05 20:00:00,94.94888937048488,95.03599751459538,78.99
2025-04-05 21:00:00,94.87131662251792,94.87131662251792,68.75
2025-04-05 22:00:00,95.31080067073209,95.31080067073198,70.45
2025-04-05 23:00:00,96.27261728008682,96.27261728008675,61.0
2025-04-06 00:00:00,96.27261728008676,96.55099685017281,62.72
2025-04-06 01:00:00,96.74503562285084,96.74503562285051,68.28
2025-04-06 02:00:00,96.7450356228507,96.74503562285051,69.95
2025-04-06 03:00:00,97.07137775031248,97.07137775031268,77.43
2025-04-06 04:00:00,97.0713777503125,97.46655984441091,76.54
2025-04-06 05:00:00,97.4145570031354,97.78582145127763,78.11
2025-04-06 06:00:00,97.85956206066527,97.46655984441091,41.79
2025-04-06 07:00:00,93.51927041955895,93.51927041955813,0.1
2025-04-06 08:00:00,27.488791695777465,27.48879169577749,-2.0
2025-04-06 09:00:00,16.85997487660857,16.85466595999887,-27.56
2025-04-06 10:00:00,-3.1661249815381036,-3.1661249815381107,-60.01
2025-04-06 11:00:00,-5.000000000000018,-5.0,-106.31
2025-04-06 12:00:00,-5.00000000000001,-5.0,-114.57
2025-04-06 13:00:00,-5.00000000000001,-5.0,-70.0
2025-04-06 14:00:00,-4.782336751281201,-4.782336751281125,-18.95
2025-04-06 15:00:00,26.770349432517747,26.770349432517804,1.76
2025-04-06 16:00:00,89.12174847060213,89.12174847060206,112.41
2025-04-06 17:00:00,97.0713777503127,97.07137775031268,131.56
2025-04-06 18:00:00,104.90338837181127,104.95044975598222,132.9
2025-04-06 19:00:00,104.8780970611589,104.86139420958088,121.38
2025-04-06 20:00:00,101.5621949864098,101.03579757406982,111.84
2025-04-06 21:00:00,100.66654331474959,100.61946477181604,100.03
2025-04-06 22:00:00,99.27364890966962,98.55197949549476,86.71
2025-04-06 23:00:00,99.27364890966967,99.27364890966956,85.0
2025-04-07 00:00:00,100.61690624999984,100.61690625,81.73
2025-04-07 01:00:00,100.74643236129802,100.74643236129897,83.53
2025-04-07 02:00:00,104.99771172027528,104.90190669926017,85.45
2025-04-07 03:00:00,106.45605102412719,106.72777797870913,98.74
2025-04-07 04:00:00,109.38563361271275,109.385529498446,131.1
2025-04-07 05:00:00,109.36666880962898,109.36666880962943,175.97
2025-04-07 06:00:00,109.36135761384199,109.36166237914289,144.61
2025-04-07 07:00:00,108.54277999018356,108.5139290941471,107.1
2025-04-07 08:00:00,98.22129346317314,98.22129346317297,83.37
2025-04-07 09:00:00,57.67458587417612,51.86598628623615,65.0
2025-04-07 10:00:00,21.28866950906931,21.288669509070967,11.8
2025-04-07 11:00:00,17.801887927338253,17.93083018415099,2.19
2025-04-07 12:00:00,-0.27284184374945397,-0.4076827295822734,3.94
2025-04-07 13:00:00,17.711411855096618,17.711411855107603,60.98
2025-04-07 14:00:00,20.218013365294922,20.21801336529556,72.0
2025-04-07 15:00:00,81.86080139670659,81.86080139670645,102.43
2025-04-07 16:00:00,96.76875058351507,97.05096002860105,127.6
2025-04-07 17:00:00,107.14837644051818,107.14837644051812,168.45
2025-04-07 18:00:00,109.42055748128612,109.42055748128628,165.05
2025-04-07 19:00:00,109.33966244932232,109.33911635128521,138.2
2025-04-07 20:00:00,108.56094948971437,108.55744399500357,121.02
2025-04-07 21:00:00,108.1010925925927,107.25628629147536,105.21
2025-04-07 22:00:00,106.64673967026982,106.60656084538941,94.93
2025-04-07 23:00:00,105.90900626944521,106.17625511849377,87.83
2025-04-08 00:00:00,103.30365845824406,102.85707675428269,89.06
2025-04-08 01:00:00,103.30365845824414,102.86784017117074,89.9
2025-04-08 02:00:00,103.30365845824406,105.56105347893075,91.62
2025-04-08 03:00:00,107.7083315598032,107.72643719778797,105.73
2025-04-08 04:00:00,109.39267455647276,109.39267455647118,142.97
2025-04-08 05:00:00,109.36344276860979,109.36415561709295,180.55
2025-04-08 06:00:00,109.36147904797902,109.36154078347458,136.77
2025-04-08 07:00:00,108.54277999018998,108.53090000627176,91.3
2025-04-08 08:00:00,99.27364890966973,98.87749377036685,76.47
2025-04-08 09:00:00,68.15390227837219,68.15390227837307,61.09
2025-04-08 10:00:00,27.322803680981607,27.322803680981593,19.57
2025-04-08 11:00:00,20.436382259533836,20.436382259533836,16.83
2025-04-08 12:00:00,26.726846450086434,26.726846450086455,28.59
2025-04-08 13:00:00,27.36541443367046,27.365414433670466,57.47
2025-04-08 14:00:00,67.58521077377178,66.24241264271322,73.33
2025-04-08 15:00:00,87.86051344871218,87.8605134487122,90.34
2025-04-08 16:00:00,96.27261728008664,96.27261728008675,118.26
2025-04-08 17:00:00,105.81139708342346,106.55339551493167,180.4
2025-04-08 18:00:00,109.42965914442703,109.42965914442716,171.31
2025-04-08 19:00:00,109.36778790620508,109.3678138600181,140.0
2025-04-08 20:00:00,109.06522841145716,109.06522526767078,120.47
2025-04-08 21:00:00,106.64692216276957,106.64477593468982,105.12
2025-04-08 22:00:00,103.0544942896212,102.96747061340382,104.99
2025-04-08 23:00:00,105.45454039174015,103.43860444245665,95.99
2025-04-09 00:00:00,103.30365845824409,102.86784017117078,94.67
2025-04-09 01:00:00,103.30365845824417,102.86784017117077,94.45
2025-04-09 02:00:00,107.14837644051812,107.14837644051812,95.79
2025-04-09 03:00:00,108.3989987250389,108.39892368271293,109.45
2025-04-09 04:00:00,109.57016550768057,109.42414735135019,152.68
2025-04-09 05:00:00,109.40029904221797,109.4002990422179,175.56
2025-04-09 06:00:00,109.35770342888435,109.3577034288845,131.56
2025-04-09 07:00:00,107.93141439424618,107.93119786301844,99.51
2025-04-09 08:00:00,97.8595620606656,97.85956206066555,82.71
2025-04-09 09:00:00,37.86548701696157,37.86548701696155,59.69
2025-04-09 10:00:00,27.322803680981597,27.322803680981593,13.61
2025-04-09 11:00:00,24.780212135403996,23.982982905794653,6.72
2025-04-09 12:00:00,27.216873575891405,27.2092572901585,13.27
2025-04-09 13:00:00,27.277283837788833,27.27728383778884,34.87
2025-04-09 14:00:00,38.596284805728786,39.1958115320307,62.98
2025-04-09 15:00:00,71.49450352470821,71.49491611809842,83.5
2025-04-09 16:00:00,92.60677221026111,94.35917791011188,103.48
2025-04-09 17:00:00,98.22129346317277,98.22129346317297,131.57
2025-04-09 18:00:00,105.96107595235074,105.96223260177811,138.73
2025-04-09 19:00:00,103.30365845824412,102.79844201286868,111.23
2025-04-09 20:00:00,100.61690624999983,100.61690625,101.94
2025-04-09 21:00:00,98.61506418673667,98.61493103452163,98.51
2025-04-09 22:00:00,99.27364890966962,99.27364890966956,92.9
2025-04-09 23:00:00,99.27364890966928,99.27364890966956,89.55
2025-04-10 00:00:00,99.27364890966925,99.27364890966956,88.9
2025-04-10 01:00:00,99.84971409486907,99.85196414672453,87.92
2025-04-10 02:00:00,99.86751926046648,99.86981153657312,90.0
2025-04-10 03:00:00,102.14111464767855,102.13713123232331,97.54
2025-04-10 04:00:00,107.38977800406775,107.82436981848846,132.44
2025-04-10 05:00:00,109.42494697224096,109.42490865659475,170.59
2025-04-10 06:00:00,109.3575844065397,109.35758440653998,135.44
2025-04-10 07:00:00,106.14332957218798,106.14335374570621,102.4
2025-04-10 08:00:00,98.2212934631729,98.22129346317297,85.71
2025-04-10 09:00:00,87.8605134487121,85.663144354847,66.34
2025-04-10 10:00:00,31.12191957816803,30.650989359385548,34.95
2025-04-10 11:00:00,27.322803680981508,27.322803680981593,2.18
2025-04-10 12:00:00,27.22228862351404,27.21783213728891,0.08
2025-04-10 13:00:00,27.207276626238478,27.20727662623831,1.18
2025-04-10 14:00:00,26.78511366083088,26.81910962612255,54.44
2025-04-10 15:00:00,37.85048649179046,37.850486491790406,70.0
2025-04-10 16:00:00,81.86080139670655,81.86080139670645,101.68
2025-04-10 17:00:00,98.22129346317291,98.22129346317297,140.42
2025-04-10 18:00:00,101.63249116639983,101.2221323847074,137.17
2025-04-10 19:00:00,101.76099348828191,101.7250886370905,97.56
2025-04-10 20:00:00,99.27364890966949,99.27364890966956,92.05
2025-04-10 21:00:00,97.85956206066548,97.85956206066555,81.11
2025-04-10 22:00:00,96.27261728008668,96.27261728008675,65.32
2025-04-10 23:00:00,87.8605134487121,87.8605134487122,60.75
2025-04-11 00:00:00,87.86051344871217,85.81432914490986,58.44
2025-04-11 01:00:00,87.8605134487122,85.81432914490995,58.43
2025-04-11 02:00:00,87.86051344871217,85.81432914490986,61.93
2025-04-11 03:00:00,87.86051344871213,85.98010496709783,71.99
2025-04-11 04:00:00,97.07137775031255,97.40729369430588,94.2
2025-04-11 05:00:00,99.07163274770613,99.09779357848382,111.4
2025-04-11 06:00:00,99.27364890966949,99.27364890966956,85.9
2025-04-11 07:00:00,97.07137775031248,97.07137775031268,58.89
2025-04-11 08:00:00,49.49486174245459,49.48851366638036,11.31
2025-04-11 09:00:00,19.41988115112879,19.422361376246737,0.0
2025-04-11 10:00:00,-2.2413143212084954,-2.2413143212084683,-3.0
2025-04-11 11:00:00,-4.9999999999999964,-5.0,-4.99
2025-04-11 12:00:00,-4.999999999999986,-5.0,-3.61
2025-04-11 13:00:00,-4.9999999999999964,-5.0,-0.1
2025-04-11 14:00:00,19.97991452991449,19.979914529914524,0.0
2025-04-11 15:00:00,26.40320620751308,26.403090122255627,70.15
2025-04-11 16:00:00,81.86080139670648,86.52591733345234,110.69
2025-04-11 17:00:00,100.61690624999997,100.61690625,133.4
2025-04-11 18:00:00,107.14837644051795,107.14837644051812,155.0
2025-04-11 19:00:00,107.14373473629297,106.88316998776185,130.46
2025-04-11 20:00:00,107.12440689879568,105.18857189392581,119.1
2025-04-11 21:00:00,101.87640880511415,101.8726167317377,105.49
2025-04-11 22:00:00,100.66654331474962,100.66654331474969,107.84
2025-04-11 23:00:00,100.61690624999973,100.61690625,104.41
2025-04-12 00:00:00,99.2736489096693,99.27364890966956,100.93
2025-04-12 01:00:00,99.2736489096693,99.27364890966956,98.15
2025-04-12 02:00:00,99.27364890966929,99.27364890966956,98.99
2025-04-12 03:00:00,100.61690624999969,100.61690625,99.08
2025-04-12 04:00:00,100.66654331474956,100.66654331474969,104.42
2025-04-12 05:00:00,102.69656741573013,103.24723929919364,99.74
2025-04-12 06:00:00,102.69656741573009,102.77596022698222,95.49
2025-04-12 07:00:00,96.27261728008641,96.27261728008675,67.26
2025-04-12 08:00:00,62.828795472241495,62.81156901167727,20.19
2025-04-12 09:00:00,27.46300728761733,27.462246907105257,0.0
2025-04-12 10:00:00,19.979914529914456,19.97991452991453,-9.23
2025-04-12 11:00:00,-4.8061201598435535,-4.806120159843493,-40.04
2025-04-12 12:00:00,-3.580396398600688,-3.580396398600593,-42.01
2025-04-12 13:00:00,-3.715592746817615,-3.715592746817503,-18.68
2025-04-12 14:00:00,-3.86668359564824,-3.8666835956482744,-0.08
2025-04-12 15:00:00,19.979914529914392,19.979914529914524,59.47
2025-04-12 16:00:00,64.06509475226068,66.90834486013627,111.31
2025-04-12 17:00:00,89.12174847060231,88.68912810536698,150.06
2025-04-12 18:00:00,97.07137775031289,97.07137775031268,120.89
2025-04-12 19:00:00,96.27261728008689,96.27261728008675,91.0
2025-04-12 20:00:00,89.71074390243932,89.71074390243903,86.27
2025-04-12 21:00:00,89.12174847060237,88.68333312745719,64.27
2025-04-12 22:00:00,73.7408354994632,73.72604437013742,63.99
2025-04-12 23:00:00,73.68892335182701,70.69605178027668,56.0
2025-04-13 00:00:00,66.86316536127302,66.8441854852722,42.36
2025-04-13 01:00:00,66.27549069175267,66.1983814220259,29.5
2025-04-13 02:00:00,66.14087467997385,66.12377983640701,32.06
2025-04-13 03:00:00,66.14087467997378,65.59284551812459,34.48
2025-04-13 04:00:00,68.01919220445147,65.6872135566184,29.41
2025-04-13 05:00:00,65.60095845702129,71.45228589267526,27.75
2025-04-13 06:00:00,64.17137550790858,66.69936124984922,12.87
2025-04-13 07:00:00,64.8707084192196,64.86363365417711,8.43
2025-04-13 08:00:00,20.17474302101268,20.177769727111823,0.0
2025-04-13 09:00:00,-1.990704587540196e-14,-0.0,-0.02
2025-04-13 10:00:00,-6.315024478288829e-13,-0.0,-3.02
2025-04-13 11:00:00,-4.999999999999869,-5.0,-18.84
2025-04-13 12:00:00,-4.999999999999794,-5.0,-25.38
2025-04-13 13:00:00,-4.999999999999473,-5.0,-9.93
2025-04-13 14:00:00,-3.815432221715335,-3.8154322217144916,-0.01
2025-04-13 15:00:00,19.979914529914524,19.979914529914527,17.56
2025-04-13 16:00:00,65.43840539794517,65.43840539794519,98.63
2025-04-13 17:00:00,92.54273178553255,91.98147690722188,120.65
2025-04-13 18:00:00,98.22129346317335,98.22129346317297,118.01
2025-04-13 19:00:00,100.61690625000034,100.61690625,108.06
2025-04-13 20:00:00,100.6169062500004,100.61690625,103.35
2025-04-13 21:00:00,99.62281632944774,99.44144845572677,94.98
2025-04-13 22:00:00,97.07137775031303,97.07137775031268,87.56
2025-04-13 23:00:00,96.27261728008709,96.27261728008675,82.69
2025-04-14 00:00:00,96.27261728008709,96.27261728008675,82.11
2025-04-14 01:00:00,96.27261728008705,96.27261728008675,82.29
2025-04-14 02:00:00,97.14694859713371,97.81415842012525,84.52
2025-04-14 03:00:00,98.22129346317331,98.22129346317297,97.1
2025-04-14 04:00:00,104.45732646846403,104.7616802959924,124.34
2025-04-14 05:00:00,107.14837644051829,107.14837644051812,152.03
2025-04-14 06:00:00,108.46662271306,108.4804597032952,143.7
2025-04-14 07:00:00,102.53811428617688,102.5401471590611,104.7
2025-04-14 08:00:00,96.27261728008675,96.27261728008675,91.02
2025-04-14 09:00:00,89.12174847060213,88.14510225189228,77.07
2025-04-14 10:00:00,63.61881818207736,65.07277089210956,62.35
2025-04-14 11:00:00,35.930900000000065,35.9309,61.64
2025-04-14 12:00:00,35.93090000000005,35.93090000000001,64.36
2025-04-14 13:00:00,70.49462613606093,70.49462613606117,75.29
2025-04-14 14:00:00,80.05352208613694,80.117698003106,84.6
2025-04-14 15:00:00,96.2726172800869,96.27261728008675,97.02
2025-04-14 16:00:00,99.27364890966962,99.27364890966956,119.35
2025-04-14 17:00:00,105.28901923753857,105.45298401462847,180.0
2025-04-14 18:00:00,109.29759749765358,109.30915847279253,140.61
2025-04-14 19:00:00,106.94506249119435,106.94506249119421,102.83
2025-04-14 20:00:00,100.6665433147491,100.66654331474969,82.59
2025-04-14 21:00:00,97.07137775031183,97.07137775031268,76.0
2025-04-14 22:00:00,89.71074390243861,89.71074390243903,72.93
2025-04-14 23:00:00,87.86051344871186,87.86051344871213,73.2
2025-04-15 00:00:00,87.86051344871211,84.74685302044644,67.38
2025-04-15 01:00:00,87.86051344871217,84.6951801994797,64.29
2025-04-15 02:00:00,87.860513448712,84.74685302044645,66.3
2025-04-15 03:00:00,89.71074390243874,89.71074390243903,70.42
2025-04-15 04:00:00,97.07137775031248,97.07137775031268,83.03
2025-04-15 05:00:00,98.2212934631723,98.22129346317297,96.99
2025-04-15 06:00:00,98.22129346317244,98.22129346317297,98.56
2025-04-15 07:00:00,96.27261728008605,96.27261728008675,65.0
2025-04-15 08:00:00,74.25498986934893,74.21598866884727,48.93
2025-04-15 09:00:00,19.979914529914403,19.979914529914524,2.92
2025-04-15 10:00:00,17.611339815477407,17.488015075350738,0.08
2025-04-15 11:00:00,-1.9893808822502024e-13,-0.0,0.0
2025-04-15 12:00:00,15.504219890475357,15.50093892189157,0.1
2025-04-15 13:00:00,20.17907157453181,20.179071574532003,29.27
2025-04-15 14:00:00,62.24913559897138,61.99015880983121,68.08
2025-04-15 15:00:00,77.81954708329229,79.52485943427493,86.57
2025-04-15 16:00:00,97.07137775031268,97.07137775031268,105.28
2025-04-15 17:00:00,99.89151441631417,99.91373975483197,133.58
2025-04-15 18:00:00,101.40030349455348,101.78901894480545,141.54
2025-04-15 19:00:00,100.66654331474966,100.66654331474969,110.58
2025-04-15 20:00:00,100.44186930276602,100.44186930276612,102.21
2025-04-15 21:00:00,100.50061909091383,100.50305191787109,93.76
2025-04-15 22:00:00,98.2212934631729,98.22129346317297,88.01
2025-04-15 23:00:00,98.22129346317286,98.22129346317297,82.04
2025-04-16 00:00:00,98.22129346317291,98.01716922891843,82.2
2025-04-16 01:00:00,97.8595620606655,97.85956206066555,81.4
2025-04-16 02:00:00,97.85956206066551,97.85956206066555,82.99
2025-04-16 03:00:00,98.2212934631729,98.22129346317297,99.4
2025-04-16 04:00:00,100.61690625000003,100.61690625,121.0
2025-04-16 05:00:00,102.2816812601055,102.44194955851614,135.14
2025-04-16 06:00:00,102.28168126010547,101.41614661324562,109.94
2025-04-16 07:00:00,100.61690624999997,100.40286328716005,94.82
2025-04-16 08:00:00,98.22129346317303,98.08126514803202,79.75
2025-04-16 09:00:00,81.67000276243085,81.67000276243094,64.08
2025-04-16 10:00:00,40.35126313290265,65.8857390916663,35.3
2025-04-16 11:00:00,27.318105539993127,27.31810553999327,22.4
2025-04-16 12:00:00,27.339165209551716,27.339165209555123,24.94
2025-04-16 13:00:00,37.536206698326524,37.536206698328726,55.0
2025-04-16 14:00:00,73.50058219013883,73.17073112775482,68.0
2025-04-16 15:00:00,92.73707026670272,92.70865347829044,93.16
2025-04-16 16:00:00,98.22129346317297,97.8885727711915,118.0
2025-04-16 17:00:00,100.61690624999997,100.61690625,146.52
2025-04-16 18:00:00,104.00953753076783,103.52440620679701,136.48
2025-04-16 19:00:00,108.02421189888884,107.96173775394713,121.0
2025-04-16 20:00:00,102.39901761035533,102.39318643563146,109.69
2025-04-16 21:00:00,100.66654331474969,100.66654331474969,98.59
2025-04-16 22:00:00,98.22129346317318,98.16580351440376,88.99
2025-04-16 23:00:00,98.22129346317305,98.22129346317297,83.99
2025-04-17 00:00:00,98.2212934631731,97.98247477167425,81.67
2025-04-17 01:00:00,98.2212934631731,97.85997743497936,80.07
2025-04-17 02:00:00,98.22129346317311,98.10535920101253,81.28
2025-04-17 03:00:00,98.22129346317323,98.22129346317297,87.43
2025-04-17 04:00:00,100.61690625000061,100.61690625,108.02
2025-04-17 05:00:00,100.87808582396097,100.97758938026465,122.8
2025-04-17 06:00:00,107.96021165301148,107.95571655261224,130.0
2025-04-17 07:00:00,102.45882085782189,102.45882085782307,121.0
2025-04-17 08:00:00,98.22129346317347,98.22129346317297,110.0
2025-04-17 09:00:00,96.27261728008726,96.27261728008675,95.03
2025-04-17 10:00:00,78.93916398066575,72.40819402467544,80.84
2025-04-17 11:00:00,27.322803680981593,27.322803680981593,81.04
2025-04-17 12:00:00,27.344864308596417,27.344864308596424,77.75
2025-04-17 13:00:00,35.93090000000003,35.93089999999999,77.65
2025-04-17 14:00:00,72.65296167884546,74.64774466762455,83.87
2025-04-17 15:00:00,96.27261728008693,96.27261728008675,97.63
2025-04-17 16:00:00,98.22129346317296,98.22129346317297,112.65
2025-04-17 17:00:00,99.68163109115538,99.68046227006168,129.0
2025-04-17 18:00:00,100.04642096816535,99.89626821553477,122.79
2025-04-17 19:00:00,101.65474783719367,102.26589210856581,114.76
2025-04-17 20:00:00,100.66654331474986,100.66654331474969,98.9
2025-04-17 21:00:00,100.61690624999997,100.61690625,96.52
2025-04-17 22:00:00,98.22129346317347,98.22129346317297,91.0
2025-04-17 23:00:00,98.22129346317374,98.22129346317297,81.3
2025-04-18 00:00:00,98.22129346317385,98.22129346317297,79.12
2025-04-18 01:00:00,97.85956206066633,97.85956206066555,77.94
2025-04-18 02:00:00,97.8595620606661,97.85956206066555,76.34
2025-04-18 03:00:00,97.85956206066633,97.85956206066555,76.35
2025-04-18 04:00:00,97.85956206066638,97.83963018071032,79.39
2025-04-18 05:00:00,97.85956206066616,97.85348576381736,87.98
2025-04-18 06:00:00,98.22129346317367,98.22129346317297,91.25
2025-04-18 07:00:00,98.22129346317362,98.22129346317297,90.14
2025-04-18 08:00:00,98.22129346317357,97.91758266599534,88.3
2025-04-18 09:00:00,97.07137775031325,97.07137775031268,83.28
2025-04-18 10:00:00,97.07137775031315,97.07137775031268,75.03
2025-04-18 11:00:00,89.12174847060241,89.12174847060206,63.75
2025-04-18 12:00:00,81.67000276243135,78.0675622762511,62.64
2025-04-18 13:00:00,81.67000276243168,80.38098874074447,65.36
2025-04-18 14:00:00,92.5427317855332,92.54273178553254,76.61
2025-04-18 15:00:00,96.27261728008733,96.27261728008675,88.64
2025-04-18 16:00:00,97.07137775031316,97.07137775031268,103.5
2025-04-18 17:00:00,98.22129346317342,98.22129346317297,123.12
2025-04-18 18:00:00,100.63401829665075,100.65488854524187,126.52
2025-04-18 19:00:00,100.6169062500004,100.61690625,116.52
2025-04-18 20:00:00,99.27364890967007,99.27364890966956,106.35
2025-04-18 21:00:00,98.22129346317337,98.22129346317297,99.12
2025-04-18 22:00:00,98.22129346317331,98.1739297305491,89.32
2025-04-18 23:00:00,98.22129346317347,98.01716922891842,80.01
2025-04-19 00:00:00,97.85956206066601,97.85956206066555,84.45
2025-04-19 01:00:00,97.85956206066615,98.0055503922083,82.39
2025-04-19 02:00:00,97.85956206066584,97.95354677229707,84.98
2025-04-19 03:00:00,98.22129346317345,98.22129346317297,90.62
2025-04-19 04:00:00,98.22129346317354,98.22129346317297,95.2
2025-04-19 05:00:00,98.22129346317342,98.22129346317297,91.67
2025-04-19 06:00:00,98.22129346317341,98.22129346317297,83.89
2025-04-19 07:00:00,98.22129346317354,98.17449334669888,76.43
2025-04-19 08:00:00,87.86051344871254,87.8605134487122,29.99
2025-04-19 09:00:00,27.33618234023608,27.336182340236075,4.54
2025-04-19 10:00:00,26.84083384998185,26.840833849981838,0.0
2025-04-19 11:00:00,26.71264287574523,26.712642875745217,-3.01
2025-04-19 12:00:00,20.413318937907622,20.41331893790761,-7.26
2025-04-19 13:00:00,20.19504144319922,20.19504144319921,-0.86
2025-04-19 14:00:00,20.66916736438347,20.722989554152594,0.2
2025-04-19 15:00:00,34.05447007039447,34.05447007039449,64.01
2025-04-19 16:00:00,76.85895589905529,79.0055443112845,102.77
2025-04-19 17:00:00,97.07137775031265,97.07137775031268,126.84
2025-04-19 18:00:00,99.27364890966957,99.27364890966956,142.71
2025-04-19 19:00:00,100.5985524544774,100.59875526345452,127.36
2025-04-19 20:00:00,99.27364890966946,98.77328570283352,109.55
2025-04-19 21:00:00,99.27364890966943,98.76468643330834,98.27
2025-04-19 22:00:00,99.27364890966956,98.76468643330836,100.41
2025-04-19 23:00:00,98.22129346317294,98.22129346317297,94.9
2025-04-20 00:00:00,98.22129346317294,98.22129346317297,98.98
2025-04-20 01:00:00,98.22129346317294,98.22129346317297,97.41
2025-04-20 02:00:00,98.22129346317298,98.22129346317297,98.83
2025-04-20 03:00:00,98.22129346317296,98.22129346317297,108.64
2025-04-20 04:00:00,98.22129346317296,98.22129346317297,109.38
2025-04-20 05:00:00,98.22129346317296,98.22247405071803,94.32
2025-04-20 06:00:00,98.22129346317294,98.22129346317297,68.6
2025-04-20 07:00:00,81.86080139670642,81.86080139670645,18.63
2025-04-20 08:00:00,27.32280368098156,27.322803680981593,0.0
2025-04-20 09:00:00,19.97991452991453,19.979914529914527,-5.72
2025-04-20 10:00:00,-5.000000000000029,-5.0,-34.99
2025-04-20 11:00:00,-5.00000000000004,-5.0,-52.42
2025-04-20 12:00:00,-5.000000000000004,-5.0,-40.05
2025-04-20 13:00:00,-5.0,-5.0,-4.76
2025-04-20 14:00:00,1.839520368644536,1.83952036864458,0.0
2025-04-20 15:00:00,26.848791944978743,26.848791944978746,72.42
2025-04-20 16:00:00,81.86080139670645,81.86080139670645,106.81
2025-04-20 17:00:00,97.8595620606655,98.12837955390815,119.94
2025-04-20 18:00:00,101.00661064785889,101.00648641338178,144.95
2025-04-20 19:00:00,101.39163293889477,101.71746706044196,137.56
2025-04-20 20:00:00,101.54994674199396,101.54994674199385,121.82
2025-04-20 21:00:00,100.82329414961458,100.87678403885813,110.68
2025-04-20 22:00:00,100.87713242470933,100.68526434264743,108.58
2025-04-20 23:00:00,100.66654331474966,100.66654331474969,97.59
2025-04-21 00:00:00,100.66654331474965,100.66654331474969,96.47
2025-04-21 01:00:00,100.61690624999996,100.61690625,96.84
2025-04-21 02:00:00,100.61690624999996,100.61690625,97.98
2025-04-21 03:00:00,100.61690624999996,100.61690625,98.54
2025-04-21 04:00:00,100.66654331474963,100.66654331474969,97.07
2025-04-21 05:00:00,101.66032491225337,100.71082703068497,91.31
2025-04-21 06:00:00,100.61690625000001,100.61690625,88.5
2025-04-21 07:00:00,97.85956206066555,97.85956206066555,87.99
2025-04-21 08:00:00,78.87095357724803,73.66611791519898,65.24
2025-04-21 09:00:00,27.322803680981604,27.322803680981597,33.88
2025-04-21 10:00:00,27.322803680981337,27.322803680981593,17.19
2025-04-21 11:00:00,13.897942135743168,13.867197576575935,8.91
2025-04-21 12:00:00,19.979914529914502,19.979914529914524,8.43
2025-04-21 13:00:00,27.322803680981988,27.32280368098159,10.01
2025-04-21 14:00:00,27.32280368098158,27.322803680981597,50.05
2025-04-21 15:00:00,73.97349576811091,71.44615359002123,88.77
2025-04-21 16:00:00,97.85956206066555,98.01716922891843,101.95
2025-04-21 17:00:00,100.66654331474967,100.66654331474969,121.95
2025-04-21 18:00:00,107.5294764626483,107.54968445240976,139.14
2025-04-21 19:00:00,108.18048952172867,108.19059991776845,132.1
2025-04-21 20:00:00,106.99356937904642,107.11064699298846,122.77
2025-04-21 21:00:00,101.97112286598767,102.03776791580687,106.54
2025-04-21 22:00:00,101.82977504353967,101.64065028129356,96.21
2025-04-21 23:00:00,100.61690625000004,100.61690625,88.8
2025-04-22 00:00:00,98.22129346317296,98.22129346317297,87.4
2025-04-22 01:00:00,98.22129346317296,98.22129346317301,85.01
2025-04-22 02:00:00,99.27364890966957,99.27364890966956,84.58
2025-04-22 03:00:00,100.66654331474973,100.66654331474972,97.39
2025-04-22 04:00:00,103.3036584582442,104.35572643550375,120.76
2025-04-22 05:00:00,109.07239587985333,109.07239587985329,151.54
2025-04-22 06:00:00,108.70347227656131,108.70347227656113,147.0
2025-04-22 07:00:00,102.69844916878205,102.69844916878213,111.88
2025-04-22 08:00:00,96.27261728008673,96.27261728008675,95.2
2025-04-22 09:00:00,46.06121414303783,66.3246150802251,89.97
2025-04-22 10:00:00,35.77047537250783,33.25758625360894,79.92
2025-04-22 11:00:00,27.322803680981128,27.322803680981604,67.66
2025-04-22 12:00:00,27.322803680981213,27.322803680981597,71.47
2025-04-22 13:00:00,27.322803680981526,27.322803680981593,78.45
2025-04-22 14:00:00,35.93089999999993,35.93089999999999,83.07
2025-04-22 15:00:00,41.89475429569981,72.4045443490421,100.04
2025-04-22 16:00:00,97.85956206066489,97.85956206066555,122.38
2025-04-22 17:00:00,102.17334005259399,102.13664056962487,192.32
2025-04-22 18:00:00,109.68764200485342,109.68764200485161,263.2
2025-04-22 19:00:00,109.50038639500322,109.50038639499985,157.28
2025-04-22 20:00:00,108.67348354073404,108.67348354073408,122.28
2025-04-22 21:00:00,103.30365845824413,103.09570880129938,109.6
2025-04-22 22:00:00,102.3045259254009,102.1827486208759,106.72
2025-04-22 23:00:00,102.15442864818694,102.14786608069083,99.4
2025-04-23 00:00:00,102.10965869624036,102.10783692490335,96.84
2025-04-23 01:00:00,103.303658458244,103.30365845824397,96.7
2025-04-23 02:00:00,103.30365845824417,103.53619024559056,101.2
2025-04-23 03:00:00,103.30365845824429,103.5361764843285,108.23
2025-04-23 04:00:00,108.40002005105563,110.459033542775,137.09
2025-04-23 05:00:00,110.70326512405254,110.70326512405268,152.0
2025-04-23 06:00:00,108.3942841576664,108.3733586011536,128.84
2025-04-23 07:00:00,104.91351355243067,104.91351355242918,100.0
2025-04-23 08:00:00,97.85956206066534,97.85956206066555,92.0
2025-04-23 09:00:00,87.86051344871231,87.8605134487122,94.39
2025-04-23 10:00:00,31.321525960772494,33.155648625086016,81.04
2025-04-23 11:00:00,27.3893780924027,27.38937809240318,80.29
2025-04-23 12:00:00,27.982939557683995,27.982939557680563,88.0
2025-04-23 13:00:00,40.34940981790479,42.37741044206495,92.35
2025-04-23 14:00:00,46.750805838382405,68.1148509073978,99.05
2025-04-23 15:00:00,96.27261728008675,96.27261728008675,108.28
2025-04-23 16:00:00,98.22129346317297,98.2212934631732,128.9
2025-04-23 17:00:00,100.66654331474966,100.66654331474969,155.97
2025-04-23 18:00:00,102.70525353753442,102.70432709813451,148.67
2025-04-23 19:00:00,106.98111783635254,106.9811178363526,126.11
2025-04-23 20:00:00,102.11609130453323,102.1160913045333,108.2
2025-04-23 21:00:00,102.65712231979994,100.77607799226244,97.15
2025-04-23 22:00:00,100.61690624999986,100.61690625,94.17
2025-04-23 23:00:00,97.85956206066587,98.20936675120115,88.3
2025-04-24 00:00:00,97.8595620606659,97.85956206066555,86.7
2025-04-24 01:00:00,97.8595620606659,97.85956206066555,85.65
2025-04-24 02:00:00,97.07137775031296,97.07137775031268,84.35
2025-04-24 03:00:00,98.22129346317325,98.22129346317304,90.93
2025-04-24 04:00:00,100.61690625000027,100.61690625,110.34
2025-04-24 05:00:00,107.14837644051859,107.14837644051812,118.51
2025-04-24 06:00:00,107.33187308060285,107.33187308060297,117.65
2025-04-24 07:00:00,102.1420423211158,102.36551854793873,108.91
2025-04-24 08:00:00,99.27364890966989,99.27364890966956,96.67
2025-04-24 09:00:00,96.27261728008726,96.27261728008686,93.55
2025-04-24 10:00:00,92.54273178553284,92.18823590095516,81.56
2025-04-24 11:00:00,81.86080139670673,81.86080139670645,78.95
2025-04-24 12:00:00,81.67000276243127,67.34376712056923,78.04
2025-04-24 13:00:00,81.67000276243122,68.02428217524006,78.72
2025-04-24 14:00:00,81.67000276243127,68.50272907378086,83.37
2025-04-24 15:00:00,96.27261728008712,96.27261728008675,95.36
2025-04-24 16:00:00,98.22129346317341,98.8211666719672,101.02
2025-04-24 17:00:00,100.66654331475021,100.66654331474969,114.64
2025-04-24 18:00:00,104.00648747871838,104.00648747871851,121.61
2025-04-24 19:00:00,103.58965287955621,103.58965287955635,114.48
2025-04-24 20:00:00,102.0254294958447,102.02542949584456,106.53
2025-04-24 21:00:00,100.61690625000033,100.61690625,93.1
2025-04-24 22:00:00,100.61690625000051,100.61690624999996,91.03
2025-04-24 23:00:00,99.27364890966992,98.29188449524322,82.92
2025-04-25 00:00:00,98.22129346317342,98.22129346317297,82.23
2025-04-25 01:00:00,98.22129346317342,98.221293463173,83.4
2025-04-25 02:00:00,98.22129346317335,98.51352361433563,84.95
2025-04-25 03:00:00,100.61690625000044,100.61690625,94.64
2025-04-25 04:00:00,102.7615765337761,102.76363125018557,104.41
2025-04-25 05:00:00,108.1099816622162,108.10998166221643,113.39
2025-04-25 06:00:00,108.10885333521881,108.10885333521897,111.0
2025-04-25 07:00:00,102.7877523360334,102.78775233603382,99.41
2025-04-25 08:00:00,99.27364890966989,99.27364890966956,88.17
2025-04-25 09:00:00,97.07137775031302,97.07137775031268,75.45
2025-04-25 10:00:00,81.86080139670672,81.86080139670645,66.61
2025-04-25 11:00:00,35.78121162595746,33.88396357212254,48.03
2025-04-25 12:00:00,29.38978649426691,29.307704073363187,40.99
2025-04-25 13:00:00,35.98561965677089,36.97750034571974,59.47
2025-04-25 14:00:00,42.258780576056125,42.25878057605607,73.04
2025-04-25 15:00:00,81.67000276243093,81.67000276243094,84.19
2025-04-25 16:00:00,97.85956206066557,97.85956206066555,99.43
2025-04-25 17:00:00,101.28712379496815,101.676203417101,115.99
2025-04-25 18:00:00,107.45284649630406,107.45284649630402,123.78
2025-04-25 19:00:00,107.14837644051816,107.14837644051812,109.63
2025-04-25 20:00:00,101.77833363110291,101.69335919626522,100.37
2025-04-25 21:00:00,100.66654331474977,100.66654331474969,92.09
2025-04-25 22:00:00,100.61690625000006,100.61690625,100.0
2025-04-25 23:00:00,99.2736489096696,98.46139601937364,92.19
2025-04-26 00:00:00,98.22129346317308,98.22129346317449,91.02
2025-04-26 01:00:00,98.22129346317293,98.22129346317297,89.66
2025-04-26 02:00:00,98.2212934631729,98.22129346317278,89.01
2025-04-26 03:00:00,98.22129346317296,98.46139601937259,90.86
2025-04-26 04:00:00,99.27364890966946,99.27364890966956,93.01
2025-04-26 05:00:00,100.61690624999996,100.61690625,86.33
2025-04-26 06:00:00,99.2736489096697,99.2736489096696,72.19
2025-04-26 07:00:00,97.07137775031273,97.07137775031268,34.45
2025-04-26 08:00:00,47.130553380148704,41.77490937497027,2.55
2025-04-26 09:00:00,27.322803680982002,27.322803680981597,-0.01
2025-04-26 10:00:00,26.77725754749117,26.777257547493345,-7.63
2025-04-26 11:00:00,9.765799280359033e-14,-0.0,-14.85
2025-04-26 12:00:00,-4.8524396418533655,-4.886770344444202,-10.77
2025-04-26 13:00:00,7.856379214001699,7.856379214002136,-2.19
2025-04-26 14:00:00,26.942564243688956,26.942564243689493,-0.02
2025-04-26 15:00:00,27.368263057565905,27.36826305756573,30.99
2025-04-26 16:00:00,66.43158636845813,66.3478922881362,79.0
2025-04-26 17:00:00,89.71074390244011,89.71074390243885,99.81
2025-04-26 18:00:00,97.8595620606658,97.85956206066555,107.4
2025-04-26 19:00:00,97.85956206066638,97.85956206066555,96.85
2025-04-26 20:00:00,96.27261728008641,96.27261728008675,85.26
2025-04-26 21:00:00,81.8608013967066,81.8608013967067,72.31
2025-04-26 22:00:00,70.58067743274067,70.58067743273736,67.71
2025-04-26 23:00:00,66.99929906398418,68.50272907378101,62.91
2025-04-27 00:00:00,68.02647373648199,68.4568041111476,57.96
2025-04-27 01:00:00,68.46852876879753,68.86944963375161,59.12
2025-04-27 02:00:00,81.8608013967063,81.86080139670642,61.94
2025-04-27 03:00:00,87.86051344870998,87.86051344871208,69.05
2025-04-27 04:00:00,96.27261728008604,96.27261728008675,69.14
2025-04-27 05:00:00,96.27261728008594,96.27261728008675,63.72
2025-04-27 06:00:00,96.27261728008646,96.27261728008675,34.95
2025-04-27 07:00:00,40.50880275257638,48.666738234395176,0.04
2025-04-27 08:00:00,27.322803680981593,27.322803680981597,-3.0
2025-04-27 09:00:00,-8.744632622181836e-15,1.8730676731859575e-15,-33.88
2025-04-27 10:00:00,-5.000000000000009,-5.0,-101.04
2025-04-27 11:00:00,-5.000000000000002,-5.0,-129.81
2025-04-27 12:00:00,-5.000000000000002,-5.0,-116.61
2025-04-27 13:00:00,-5.000000000000003,-5.0,-50.0
2025-04-27 14:00:00,-4.728650967981404,-4.728650967981407,-5.17
2025-04-27 15:00:00,26.790720189323945,26.790720189324055,18.35
2025-04-27 16:00:00,57.257427075601406,57.8945177460082,91.98
2025-04-27 17:00:00,96.2726172800868,96.27261728008675,110.83
2025-04-27 18:00:00,100.66654331474956,100.66654331474969,124.23
2025-04-27 19:00:00,101.61465519400016,101.70650824292191,109.24
2025-04-27 20:00:00,100.6665433147497,100.66654331474967,99.0
2025-04-27 21:00:00,100.61690625000003,99.88801550547964,93.77
2025-04-27 22:00:00,99.27364890966955,99.2736489096695,92.24
2025-04-27 23:00:00,99.27364890966955,99.25805106042648,86.49
2025-04-28 00:00:00,98.75299254441485,98.74843252849236,83.1
2025-04-28 01:00:00,99.27364890966943,99.27364890966956,85.41
2025-04-28 02:00:00,100.61690624999989,100.61690625,91.19
2025-04-28 03:00:00,102.10720904480202,102.10628536326676,99.49
2025-04-28 04:00:00,108.10109259259258,108.41772450393707,140.0
2025-04-28 05:00:00,108.11223491451352,108.11223491451288,131.09
2025-04-28 06:00:00,107.14837644051802,104.32974658706208,96.85
2025-04-28 07:00:00,98.22129346317283,98.22129346317297,67.37
2025-04-28 08:00:00,66.11691250009537,47.320795682146525,10.03
2025-04-28 09:00:00,27.322803680981437,27.322803680981593,-0.01
2025-04-28 10:00:00,19.979914529914524,19.979914529914524,-4.02
2025-04-28 11:00:00,-4.654598709863889,-4.6545987098638895,-5.9
2025-04-28 12:00:00,-4.722981606781792,-4.722981606781787,-6.18
2025-04-28 13:00:00,-0.0,-0.0,-1.54
2025-04-28 14:00:00,26.67260226290907,26.672602262909116,2.01
2025-04-28 15:00:00,32.718989269521714,33.41194838201161,71.83
2025-04-28 16:00:00,70.61027562478766,71.03852021893641,101.92
2025-04-28 17:00:00,98.22129346317291,98.22129346317297,149.9
2025-04-28 18:00:00,107.14837644051802,107.09208996410823,194.81
2025-04-28 19:00:00,107.14837644051809,107.08791734834631,128.83
2025-04-28 20:00:00,101.94870975422268,101.92108960665054,106.24
2025-04-28 21:00:00,100.61690624999987,100.61690625,96.83
2025-04-28 22:00:00,100.43253979600496,100.33235807342156,90.64
2025-04-28 23:00:00,100.61690624999989,100.61690625,86.86
2025-04-29 00:00:00,99.27364890966956,99.27364890966956,81.76
2025-04-29 01:00:00,99.27364890966942,99.27364890966956,79.17
2025-04-29 02:00:00,100.61690624999991,100.61690625,80.03
2025-04-29 03:00:00,100.66654331474959,101.38314249594367,90.57
2025-04-29 04:00:00,104.75878214097797,104.68746354559293,107.0
2025-04-29 05:00:00,107.06345025681854,107.06348727482877,113.13
2025-04-29 06:00:00,104.91441673752209,104.91441673752256,99.98
2025-04-29 07:00:00,97.85956206066544,97.85956206066555,78.0
2025-04-29 08:00:00,27.32280368098089,27.322803680981593,9.31
2025-04-29 09:00:00,27.3228036809816,27.322803680981593,0.0
2025-04-29 10:00:00,19.97991452991453,18.02184926439819,-0.76
2025-04-29 11:00:00,-0.0013975971544581242,-0.0013975971544581238,-1.9
2025-04-29 12:00:00,-0.0017025085904799385,-0.0017025085904799637,-1.67
2025-04-29 13:00:00,0.022195811706845224,0.044975014304944036,-0.01
2025-04-29 14:00:00,20.218013365295562,20.21801336529556,14.82
2025-04-29 15:00:00,27.31976780617114,27.319767806171118,77.6
2025-04-29 16:00:00,69.96776533106825,70.41866907173278,102.0
2025-04-29 17:00:00,97.85956206066555,97.85956206066555,139.83
2025-04-29 18:00:00,107.14837644051818,107.14837644051812,174.75
2025-04-29 19:00:00,104.68313988025398,104.68313988025403,129.11
2025-04-29 20:00:00,100.61690624999997,100.61690625,108.83
2025-04-29 21:00:00,100.61690624999997,100.61690625,97.82
2025-04-29 22:00:00,98.22129346317291,98.22129346317297,95.0
2025-04-29 23:00:00,98.22129346317293,98.22129346317297,90.0
2025-04-30 00:00:00,98.22129346317293,98.22129346317297,87.59
2025-04-30 01:00:00,98.22129346317298,98.22129346317297,88.25
2025-04-30 02:00:00,99.27364890966963,99.27364890966956,91.4
2025-04-30 03:00:00,101.45668864480638,101.45304083084251,95.83
2025-04-30 04:00:00,107.14837644051812,107.14837644051812,115.27
2025-04-30 05:00:00,108.39310646360157,108.39310646360137,120.3
2025-04-30 06:00:00,105.57420049261404,105.52688027534425,99.9
2025-04-30 07:00:00,98.2212934631729,98.22129346317297,76.7
2025-04-30 08:00:00,27.32280368098152,27.322803680981593,7.08
2025-04-30 09:00:00,27.322803680981593,27.322803680981593,0.0
2025-04-30 10:00:00,19.979914529914513,19.979914529914524,-1.0
2025-04-30 11:00:00,2.2364533361456354,2.2259764288528725,-6.21
2025-04-30 12:00:00,1.608512950815735,1.589125820569015,-3.0
2025-04-30 13:00:00,-0.0,0.10996037523782407,-0.02
2025-04-30 14:00:00,27.21687357589148,27.216873575891476,19.91
2025-04-30 15:00:00,27.32280368098143,27.322803680981593,78.39
2025-04-30 16:00:00,69.69711543735457,75.46372253217817,101.8
2025-04-30 17:00:00,98.22129346317296,98.22129346317297,130.37
2025-04-30 18:00:00,107.14837644051806,107.14837644051812,176.43
2025-04-30 19:00:00,107.00062668890922,107.0006634324369,128.0
2025-04-30 20:00:00,104.75294562804798,104.67219541110747,108.33
2025-04-30 21:00:00,100.66654331474973,100.66654331474969,98.68
2025-04-30 22:00:00,99.27364890966949,99.27364890966956,97.51
2025-04-30 23:00:00,98.22129346317296,98.22129346317297,91.78
2025-05-01 00:00:00,98.22129346317297,98.22129346317297,90.46
2025-05-01 01:00:00,99.27364890966952,99.27364890966956,90.63
2025-05-01 02:00:00,99.27364890966952,99.27364890966956,90.5
2025-05-01 03:00:00,99.27364890966953,99.27364890966956,84.16
2025-05-01 04:00:00,100.61690625000003,100.61690625,83.94
2025-05-01 05:00:00,100.61690624999999,100.61690625,78.04
2025-05-01 06:00:00,99.27364890966957,99.27364890966956,62.1
2025-05-01 07:00:00,89.12174847060204,88.67746008057382,0.0
2025-05-01 08:00:00,28.298053210081434,28.294069385656712,-3.0
2025-05-01 09:00:00,18.083265126303697,18.02566009854646,-40.1
2025-05-01 10:00:00,-3.3804385222310582,-3.3804385222310707,-85.01
2025-05-01 11:00:00,-5.000000000000006,-5.0,-129.99
2025-05-01 12:00:00,-5.000000000000007,-4.999999999999999,-118.11
2025-05-01 13:00:00,-4.9999999999998614,-5.0,-49.99
2025-05-01 14:00:00,-2.109880222514848,-2.1098802225148243,-5.17
2025-05-01 15:00:00,26.790720189324304,26.790720189324052,40.77
2025-05-01 16:00:00,69.46698836306726,69.4669883630673,96.14
2025-05-01 17:00:00,97.85956206066557,97.85956206066555,129.87
2025-05-01 18:00:00,100.66654331474969,100.66654331474969,164.38
2025-05-01 19:00:00,101.86101883842612,101.85645214344429,122.45
2025-05-01 20:00:00,100.43759845214514,100.57453146567406,100.73
2025-05-01 21:00:00,98.22129346317304,98.22129346317297,87.1
2025-05-01 22:00:00,97.07137775031276,97.07137775031268,89.92
2025-05-01 23:00:00,96.2726172800868,96.27261728008675,77.12
2025-05-02 00:00:00,96.27261728008676,96.27261728008675,66.9
2025-05-02 01:00:00,96.27261728008685,96.27261728008675,63.91
2025-05-02 02:00:00,96.27261728008676,96.27261728008675,66.0
2025-05-02 03:00:00,96.27261728008682,96.27261728008675,74.01
2025-05-02 04:00:00,97.0713777503127,97.07137775031268,86.83
2025-05-02 05:00:00,98.22129346317305,98.22129346317297,88.55
2025-05-02 06:00:00,97.85956206066558,97.85956206066555,84.9
2025-05-02 07:00:00,87.86051344871225,87.8605134487122,55.0
2025-05-02 08:00:00,28.298053210081534,28.294069385656712,0.85
2025-05-02 09:00:00,27.322803680981604,27.322803680981576,-0.01
2025-05-02 10:00:00,2.8484681163432852,2.8484681163432723,-0.8
2025-05-02 11:00:00,-5.000000000000014,-5.0,-3.0
2025-05-02 12:00:00,-4.999999999999986,-5.0,-4.0
2025-05-02 13:00:00,-1.6785796668881585,-1.6785796668881756,-0.08
2025-05-02 14:00:00,19.974256874531005,19.97425687453102,0.3
2025-05-02 15:00:00,27.055386037169402,27.02659777670438,67.5
2025-05-02 16:00:00,67.54797152053013,66.53644029567893,99.9
2025-05-02 17:00:00,96.27261728008688,96.27261728008675,118.39
2025-05-02 18:00:00,99.27364890966959,99.27364890966956,150.4
2025-05-02 19:00:00,100.47191625159934,100.59082854932686,121.24
2025-05-02 20:00:00,98.22129346317294,98.22129346317297,106.72
2025-05-02 21:00:00,97.85956206066541,97.07137775031268,96.44
2025-05-02 22:00:00,97.0713777503128,97.07137775031268,97.81
2025-05-02 23:00:00,97.07137775031282,97.07137775031268,93.34
2025-05-03 00:00:00,97.07137775031278,97.07137775031268,92.2
2025-05-03 01:00:00,97.07137775031276,97.07137775031268,92.0
2025-05-03 02:00:00,97.07137775031276,97.07137775031268,91.23
2025-05-03 03:00:00,97.07137775031251,97.70742129962073,91.84
2025-05-03 04:00:00,97.8595620606659,97.85956206066555,92.86
2025-05-03 05:00:00,98.2212934631731,98.22129346317297,87.73
2025-05-03 06:00:00,97.85956206066558,97.23350067780429,79.9
2025-05-03 07:00:00,87.86051344871231,87.8605134487122,13.53
2025-05-03 08:00:00,29.04366515532549,29.036543485515885,0.01
2025-05-03 09:00:00,27.322803680981696,27.322803680981593,-0.01
2025-05-03 10:00:00,20.44176531628439,20.441765316284364,-1.16
2025-05-03 11:00:00,-6.025930597146835e-14,-0.0,-3.04
2025-05-03 12:00:00,-6.569594685361225e-14,-0.0,-2.69
2025-05-03 13:00:00,0.02104264043737429,0.021042640437430038,-0.03
2025-05-03 14:00:00,26.822829853778416,27.05026821674653,0.0
2025-05-03 15:00:00,26.859047275562745,27.026597776704385,28.87
2025-05-03 16:00:00,65.26934546834319,63.33686114022701,68.11
2025-05-03 17:00:00,72.81626834118099,73.17530159054397,77.54
2025-05-03 18:00:00,81.86080139670645,82.10769017617157,90.27
2025-05-03 19:00:00,81.86080139670631,81.99718673679047,87.02
2025-05-03 20:00:00,73.19646276248068,73.19844449673364,78.63
2025-05-03 21:00:00,73.07871356536383,73.05210387002772,65.91
2025-05-03 22:00:00,68.04997115276615,67.03537236050383,60.3
2025-05-03 23:00:00,65.91689851552619,63.315407965153796,44.9
2025-05-04 00:00:00,65.91689851552619,63.3154079651538,31.47
2025-05-04 01:00:00,65.91689851552573,63.31540796515377,20.39
2025-05-04 02:00:00,65.91689851552566,63.31540796515377,20.02
2025-05-04 03:00:00,57.78846270230203,57.83689702606753,15.58
2025-05-04 04:00:00,49.14899617557734,41.8615197961316,13.62
2025-05-04 05:00:00,57.84211340629152,63.31540796515381,7.83
2025-05-04 06:00:00,35.93089999999891,34.71913076238992,2.93
2025-05-04 07:00:00,28.312759862484633,28.298927544615015,0.0
2025-05-04 08:00:00,20.21801336529513,20.21801336529556,-0.01
2025-05-04 09:00:00,16.238755646217555,16.23875564621787,-0.01
2025-05-04 10:00:00,-4.522421446283753,-4.482215626393562,-0.02
2025-05-04 11:00:00,-5.000000000000031,-5.0,-2.0
2025-05-04 12:00:00,-5.000000000000035,-5.0,-5.01
2025-05-04 13:00:00,-4.849799244591783,-4.849996805482637,-1.59
2025-05-04 14:00:00,-3.895260684816832,-3.8952606848170053,-0.01
2025-05-04 15:00:00,21.324754617468262,25.475285246183752,10.07
2025-05-04 16:00:00,40.730124940897596,41.849733746783805,80.08
2025-05-04 17:00:00,76.07740243672555,80.20967619202915,95.95
2025-05-04 18:00:00,96.2726172800867,96.27261728008675,109.0
2025-05-04 19:00:00,97.85956206066558,97.85956206066555,112.38
2025-05-04 20:00:00,97.85956206066558,97.85956206066555,101.79
2025-05-04 21:00:00,97.0713777503127,97.07137775031268,87.35
2025-05-04 22:00:00,96.27261728008683,96.27261728008675,75.18
2025-05-04 23:00:00,96.27261728008678,96.27261728008675,70.51
2025-05-05 00:00:00,96.27261728008679,96.27261728008675,72.25
2025-05-05 01:00:00,96.27261728008685,96.27261728008675,75.15
2025-05-05 02:00:00,96.2726172800868,96.27261728008675,74.98
2025-05-05 03:00:00,97.07137775031275,97.07137775031268,89.49
2025-05-05 04:00:00,98.22129346317303,98.22129346317297,110.92
2025-05-05 05:00:00,100.272605218929,100.4205193438826,122.57
2025-05-05 06:00:00,98.22129346317304,98.22129346317297,106.69
2025-05-05 07:00:00,94.87131662251792,94.87131662251792,90.82
2025-05-05 08:00:00,65.66319620585416,64.48693049399698,80.0
2025-05-05 09:00:00,35.93090000000026,35.9309,61.65
2025-05-05 10:00:00,31.250967133757946,31.250967133757893,53.83
2025-05-05 11:00:00,24.75454700331634,24.76967638871081,49.66
2025-05-05 12:00:00,30.27445622172572,30.274456221726037,59.3
2025-05-05 13:00:00,38.64780341839746,43.1415953581167,70.42
2025-05-05 14:00:00,69.1467939152265,69.21898959226394,78.88
2025-05-05 15:00:00,75.19545430585681,75.21158759880555,89.22
2025-05-05 16:00:00,72.7365042582589,79.44310477456753,100.1
2025-05-05 17:00:00,96.27261728008705,97.04928839308782,128.92
2025-05-05 18:00:00,98.22129346317305,98.22129346317297,128.0
2025-05-05 19:00:00,100.61690625000021,100.61690625,113.17
2025-05-05 20:00:00,98.22129346317338,98.22129346317297,101.52
2025-05-05 21:00:00,97.07137775031312,97.07137775031268,94.46
2025-05-05 22:00:00,97.0713777503131,97.07137775031268,87.22
2025-05-05 23:00:00,97.07137775031322,97.07137775031268,81.68
2025-05-06 00:00:00,96.27261728008713,96.27261728008675,81.29
2025-05-06 01:00:00,96.27261728008716,96.27261728008675,79.96
2025-05-06 02:00:00,97.071377750313,97.07137775031268,82.39
2025-05-06 03:00:00,98.22129346317325,98.22129346317297,97.08
2025-05-06 04:00:00,100.59955864402193,100.59268704071681,114.57
2025-05-06 05:00:00,102.07595677982795,101.54788963557394,121.86
2025-05-06 06:00:00,100.61690625000043,100.61690625,108.37
2025-05-06 07:00:00,97.07137775031303,97.07137775031268,83.08
2025-05-06 08:00:00,67.03593861812948,67.03373753133667,72.27
2025-05-06 09:00:00,35.93090000000001,35.9309,59.89
2025-05-06 10:00:00,35.93090000000001,35.93090000000001,42.81
2025-05-06 11:00:00,34.588122480856626,34.41539015859294,38.17
2025-05-06 12:00:00,23.19197676284281,23.149568787470372,45.44
2025-05-06 13:00:00,33.96098614658781,34.823731636992406,65.0
2025-05-06 14:00:00,35.930900000000044,35.9309,73.73
2025-05-06 15:00:00,63.76406039428293,64.42618556719276,89.99
2025-05-06 16:00:00,81.86080139670659,81.86080139670645,106.89
2025-05-06 17:00:00,97.07137775031275,97.07137775031268,134.09
2025-05-06 18:00:00,100.61690625000058,100.61690625,161.18
2025-05-06 19:00:00,102.25400157501126,102.18288629345496,136.6
2025-05-06 20:00:00,100.61690625000126,100.61690625,118.28
2025-05-06 21:00:00,99.27364890967078,99.27364890966956,101.27
2025-05-06 22:00:00,99.27364890967094,99.27364890966956,92.67
2025-05-06 23:00:00,99.27364890967102,99.23049349583542,87.05
2025-05-07 00:00:00,99.27364890967102,99.27364890966956,85.63
2025-05-07 01:00:00,99.2736489096709,99.91903749467549,88.6
2025-05-07 02:00:00,100.61690625000111,100.61690625,95.16
2025-05-07 03:00:00,100.66654331475112,100.66654331474969,108.57
2025-05-07 04:00:00,107.14837644051958,107.14837644051812,131.68
2025-05-07 05:00:00,108.23869343742233,108.23909813979189,143.95
2025-05-07 06:00:00,107.53833453160277,107.52900986224635,125.0
2025-05-07 07:00:00,100.6169062500012,100.61690625,96.43
2025-05-07 08:00:00,89.71074390244023,89.71074390243903,82.41
2025-05-07 09:00:00,67.83202348478127,63.249027703318994,73.3
2025-05-07 10:00:00,34.00610953594537,31.966525452214352,64.43
2025-05-07 11:00:00,27.32280368098158,27.32280368098159,63.92
2025-05-07 12:00:00,31.56833587669943,32.68033260017061,68.04
2025-05-07 13:00:00,35.93090000000051,35.9309,75.0
2025-05-07 14:00:00,64.29626036698791,64.2962603669896,81.8
2025-05-07 15:00:00,72.64450713037438,73.83871922340397,95.85
2025-05-07 16:00:00,94.87131662251895,94.93624883473849,108.49
2025-05-07 17:00:00,98.22129346317396,98.22129346317297,128.93
2025-05-07 18:00:00,100.6665433147506,100.66654331474969,147.15
2025-05-07 19:00:00,101.13339607858995,101.11249076440536,125.18
2025-05-07 20:00:00,100.44976804821157,100.56918822403594,108.49
2025-05-07 21:00:00,98.22129346317392,98.22129346317297,96.59
2025-05-07 22:00:00,97.85956206066652,97.85956206066555,95.86
2025-05-07 23:00:00,97.85956206066663,97.85956206066555,91.66
2025-05-08 00:00:00,97.85956206066618,97.85956206066555,91.51
2025-05-08 01:00:00,97.85956206066614,97.85956206066555,93.18
2025-05-08 02:00:00,98.22129346317365,98.22129346317297,96.09
2025-05-08 03:00:00,99.27364890967034,99.27364890966956,109.25
2025-05-08 04:00:00,102.1121507311471,102.11168254231143,124.27
2025-05-08 05:00:00,107.87946904854299,107.87720446491207,138.73
2025-05-08 06:00:00,107.14837644051885,107.10580293281572,124.11
2025-05-08 07:00:00,99.2736489096704,99.27364890966956,101.13
2025-05-08 08:00:00,81.6700027624317,81.67000276243104,87.81
2025-05-08 09:00:00,29.514307748395172,30.23519615136708,75.34
2025-05-08 10:00:00,27.322803680981593,27.322803680981593,64.25
2025-05-08 11:00:00,27.322803680981593,27.322803680981597,63.75
2025-05-08 12:00:00,27.322803680981664,27.322803680981554,70.05
2025-05-08 13:00:00,27.322803680982354,27.322803680981593,78.77
2025-05-08 14:00:00,28.853064380381472,28.85306438038325,85.3
2025-05-08 15:00:00,68.73735085790496,71.16709759682014,91.63
2025-05-08 16:00:00,87.86051344871294,87.8605134487122,109.09
2025-05-08 17:00:00,98.22129346317372,98.22129346317297,134.96
2025-05-08 18:00:00,102.35416654059938,102.35367978001702,185.08
2025-05-08 19:00:00,102.78406128452559,102.73461345287683,143.18
2025-05-08 20:00:00,100.66654331475027,100.66654331474969,114.77
2025-05-08 21:00:00,100.61690625000081,100.61690625,106.48
2025-05-08 22:00:00,98.22129346317362,98.22129346317297,102.27
2025-05-08 23:00:00,98.22129346317365,98.22129346317297,96.55
2025-05-09 00:00:00,98.22129346317355,98.22129346317297,93.76
2025-05-09 01:00:00,98.22129346317355,98.22129346317297,95.09
2025-05-09 02:00:00,99.27364890967023,99.27364890966956,100.28
2025-05-09 03:00:00,100.61690625000062,100.61690625,112.4
2025-05-09 04:00:00,107.14837644051883,107.14837644051815,141.0
2025-05-09 05:00:00,108.53462339769206,108.53073076567996,136.03
2025-05-09 06:00:00,101.58466513324846,101.77172608758994,100.61
2025-05-09 07:00:00,97.07137775031327,97.07137775031268,82.0
2025-05-09 08:00:00,36.609408993598386,36.60944919243907,51.6
2025-05-09 09:00:00,27.296819655202057,27.29718824071935,0.1
2025-05-09 10:00:00,27.322803680977575,27.32280368098159,-0.74
2025-05-09 11:00:00,19.97991452991456,19.979914529914527,-0.04
2025-05-09 12:00:00,19.979914529914627,19.979914529914527,-0.01
2025-05-09 13:00:00,20.8538904048169,21.208491730704324,0.09
2025-05-09 14:00:00,21.885622718114362,21.885622718113687,52.66
2025-05-09 15:00:00,27.81188933237623,27.803297114745057,79.06
2025-05-09 16:00:00,74.38708878882308,77.71858899554186,98.9
2025-05-09 17:00:00,96.27261728008743,96.27261728008675,120.0
2025-05-09 18:00:00,99.27364890966957,99.27364890966956,149.13
2025-05-09 19:00:00,100.61690625,100.61690625,130.35
2025-05-09 20:00:00,98.63603482190706,98.63603482190695,107.32
2025-05-09 21:00:00,97.85956206066555,97.85956206066555,98.32
2025-05-09 22:00:00,97.07137775031268,97.07137775031268,105.22
2025-05-09 23:00:00,96.27261728008675,96.27261728008675,102.91
2025-05-10 00:00:00,96.27261728008675,96.27261728008675,98.78
2025-05-10 01:00:00,97.07137775031268,97.07137775031268,96.28
2025-05-10 02:00:00,97.07137775031268,97.07137775031268,100.9
2025-05-10 03:00:00,97.85956206066555,97.85956206066555,100.47
2025-05-10 04:00:00,98.22129346317297,98.22129346317297,97.73
2025-05-10 05:00:00,98.22129346317297,98.22129346317297,93.91
2025-05-10 06:00:00,97.85956206066555,97.85956206066555,73.72
2025-05-10 07:00:00,64.45199414482065,74.56397798203365,9.02
2025-05-10 08:00:00,28.256090232737357,28.242897437960007,-0.07
2025-05-10 09:00:00,27.32280368098158,27.322803680981593,-22.88
2025-05-10 10:00:00,19.572396361913096,19.57239636191312,-58.48
2025-05-10 11:00:00,-4.9999999999999885,-5.0,-114.53
2025-05-10 12:00:00,-4.9999999999999885,-5.0,-110.51
2025-05-10 13:00:00,-4.999999999999987,-5.0,-49.52
2025-05-10 14:00:00,-4.036486887529005,-4.0364868875290085,-5.94
2025-05-10 15:00:00,21.06594725109514,21.255918894053366,23.99
2025-05-10 16:00:00,28.097338430156334,28.10148663121653,95.27
2025-05-10 17:00:00,71.11195462962876,78.54694372878464,124.04
2025-05-10 18:00:00,97.0713777503126,97.07137775031268,163.2
2025-05-10 19:00:00,97.85956206066552,97.85956206066555,129.49
2025-05-10 20:00:00,97.07137775031268,97.07137775031268,107.72
2025-05-10 21:00:00,96.27261728008678,96.27261728008675,94.49
2025-05-10 22:00:00,87.86051344871173,87.8605134487122,97.8
2025-05-10 23:00:00,81.86080139670705,81.86080139670645,95.1
2025-05-11 00:00:00,76.83530135358623,81.00926854672656,94.51
2025-05-11 01:00:00,81.36464577334175,80.50051243921523,95.42
2025-05-11 02:00:00,81.66453186234325,81.00926854672682,95.39
2025-05-11 03:00:00,81.6700027624313,81.67000276243094,95.45
2025-05-11 04:00:00,81.86080139670696,81.86080139670645,87.61
2025-05-11 05:00:00,87.86051344871255,87.8605134487122,65.76
2025-05-11 06:00:00,81.6227577798338,77.90401468138005,4.96
2025-05-11 07:00:00,28.31275986248499,28.298768766915803,-0.1
2025-05-11 08:00:00,27.322803680981274,27.322803680981597,-12.02
2025-05-11 09:00:00,-3.8381117731847496,-3.8381117731846515,-51.95
2025-05-11 10:00:00,-5.000000000000046,-5.0,-212.82
2025-05-11 11:00:00,-5.0000000000000275,-5.0,-250.32
2025-05-11 12:00:00,-5.000000000000025,-5.0,-230.98
2025-05-11 13:00:00,-5.00000000000002,-5.0,-110.06
2025-05-11 14:00:00,-5.000000000000023,-5.0,-18.52
2025-05-11 15:00:00,20.17907157453217,20.179071574532003,-0.08
2025-05-11 16:00:00,27.86267419769945,27.862674197699448,85.96
2025-05-11 17:00:00,71.11195462962866,71.72159179952224,117.11
2025-05-11 18:00:00,96.27261728008675,96.27261728008675,124.86
2025-05-11 19:00:00,96.27261728008673,96.27261728008675,109.55
2025-05-11 20:00:00,87.8605134487122,87.8605134487122,98.45
2025-05-11 21:00:00,72.11966228536805,72.16598780479556,84.68
2025-05-11 22:00:00,37.69704203147084,37.734939058756424,86.0
2025-05-11 23:00:00,37.941214673255956,37.14337956580859,81.28
2025-05-12 00:00:00,38.80067256542572,38.80017794824578,80.95
2025-05-12 01:00:00,62.5744319033125,64.46762508990639,81.48
2025-05-12 02:00:00,71.34140090526026,71.95507527767863,84.65
2025-05-12 03:00:00,72.11966228536798,76.80923128671849,97.71
2025-05-12 04:00:00,96.27261728008676,96.27261728008675,137.05
2025-05-12 05:00:00,98.22129346317287,98.22129346317297,141.15
2025-05-12 06:00:00,98.22129346317293,98.22129346317297,108.49
2025-05-12 07:00:00,81.67000276243098,77.83171604398325,69.74
2025-05-12 08:00:00,27.622366999750206,27.234993443309314,0.49
2025-05-12 09:00:00,22.177631368964718,22.176547831091725,-3.91
2025-05-12 10:00:00,3.6100584787704406,3.6100584787705152,-25.0
2025-05-12 11:00:00,-3.1782330317677907,-3.1782330317678453,-35.0
2025-05-12 12:00:00,-4.999999999999973,-5.0,-29.9
2025-05-12 13:00:00,-3.6036398834916454,-3.603639883491486,-8.59
2025-05-12 14:00:00,-5.000000000000057,-5.0,-0.01
2025-05-12 15:00:00,19.979914529914474,19.979914529914524,72.58
2025-05-12 16:00:00,29.032728011144084,28.972549294776655,107.12
2025-05-12 17:00:00,81.67000276243064,81.67000276243088,141.41
2025-05-12 18:00:00,98.22129346317288,98.22129346317297,172.7
2025-05-12 19:00:00,100.61690625000011,99.89003711394248,117.25
2025-05-12 20:00:00,98.22129346317246,98.22129346317297,100.11
2025-05-12 21:00:00,96.27261728008628,96.27261728008675,92.97
2025-05-12 22:00:00,87.86051344871179,87.8605134487122,89.87
2025-05-12 23:00:00,87.86051344871171,87.8605134487122,88.55
2025-05-13 00:00:00,87.86051344871213,87.8605134487122,89.2
2025-05-13 01:00:00,92.54273178553221,94.32204896927186,93.94
2025-05-13 02:00:00,96.27261728008635,96.27261728008675,96.71
2025-05-13 03:00:00,97.07137775031232,97.07137775031268,104.0
2025-05-13 04:00:00,100.61690624999949,100.61690625,136.77
2025-05-13 05:00:00,103.94654891857196,105.7928414956121,128.33
2025-05-13 06:00:00,102.54000486840044,102.53834875934456,100.42
2025-05-13 07:00:00,96.27261728008662,96.27261728008675,79.36
2025-05-13 08:00:00,35.74704311284384,35.817582131303524,16.09
2025-05-13 09:00:00,27.29534158644768,27.29573095204759,-0.75
2025-05-13 10:00:00,21.324754617468482,21.32475461746853,-6.0
2025-05-13 11:00:00,11.67618594854986,11.445830734543538,-16.0
2025-05-13 12:00:00,-4.3725279812040635e-14,-0.0,-6.55
2025-05-13 13:00:00,4.551353911701245,4.551353911701278,-3.83
2025-05-13 14:00:00,19.979914529914538,19.979914529914527,0.55
2025-05-13 15:00:00,20.21801336529572,20.21801336529556,74.0
2025-05-13 16:00:00,35.93090000000027,35.9309,105.23
2025-05-13 17:00:00,81.8608013967065,82.53341768821768,151.07
2025-05-13 18:00:00,98.22129346317297,98.22129346317297,223.58
2025-05-13 19:00:00,100.61690624999996,100.61690625,148.96
2025-05-13 20:00:00,99.27364890966956,99.27364890966956,111.97
2025-05-13 21:00:00,97.07137775031258,97.07137775031268,102.63
2025-05-13 22:00:00,96.2726172800868,96.27261728008675,102.78
2025-05-13 23:00:00,96.27261728008682,96.27261728008675,97.3
2025-05-14 00:00:00,97.07137775031283,97.07137775031268,95.41
2025-05-14 01:00:00,97.07137775031285,97.07137775031268,96.96
2025-05-14 02:00:00,97.85956206066571,97.85956206066555,98.56
2025-05-14 03:00:00,98.22129346317314,98.22129346317297,103.94
2025-05-14 04:00:00,100.61690625000006,100.61690625,128.58
2025-05-14 05:00:00,101.73503429559463,101.78515948873122,122.51
2025-05-14 06:00:00,100.61690625000016,100.61690625,99.56
2025-05-14 07:00:00,87.86051344871231,87.8605134487122,70.92
2025-05-14 08:00:00,26.86677488259036,26.322396692001217,0.2
2025-05-14 09:00:00,24.4416764170631,21.846521732255518,-1.67
2025-05-14 10:00:00,17.459344361540655,17.459344361540538,-18.16
2025-05-14 11:00:00,-5.0,-5.0,-29.91
2025-05-14 12:00:00,-5.000000000000051,-5.0,-31.82
2025-05-14 13:00:00,-5.000000000000021,-5.0,-12.79
2025-05-14 14:00:00,-4.99999999999997,-5.0,-1.33
2025-05-14 15:00:00,2.2947925015664654,1.1659023096087715,30.94
2025-05-14 16:00:00,22.584726294632006,22.54230906570114,91.6
2025-05-14 17:00:00,74.81194298468003,74.71460877183195,114.0
2025-05-14 18:00:00,96.2726172800867,96.27261728008675,158.45
2025-05-14 19:00:00,97.07137775031265,97.07137775031268,132.59
2025-05-14 20:00:00,96.27261728008683,96.27261728008675,109.08
2025-05-14 21:00:00,87.86051344871211,87.8605134487122,99.86
2025-05-14 22:00:00,81.86080139670644,81.86080139670625,98.06
2025-05-14 23:00:00,80.30163881082929,80.99293203110238,89.88
2025-05-15 00:00:00,75.16760622110687,77.61694736341653,87.8
2025-05-15 01:00:00,75.167606221107,77.9772813632145,87.63
2025-05-15 02:00:00,80.25622805316885,80.3202081199539,90.28
2025-05-15 03:00:00,87.86051344871221,87.8605134487122,98.94
2025-05-15 04:00:00,97.07137775031272,97.07137775031268,119.9
2025-05-15 05:00:00,98.22129346317296,98.22129346317297,119.91
2025-05-15 06:00:00,97.07137775031262,97.07137775031268,102.06
2025-05-15 07:00:00,67.94000774918648,72.7277740500201,75.65
2025-05-15 08:00:00,25.07169082768303,25.67450668576549,4.58
2025-05-15 09:00:00,19.979914529914506,19.979914529914524,-0.08
2025-05-15 10:00:00,-2.1316282072803006e-14,-0.0,-4.97
2025-05-15 11:00:00,-5.000000000000011,-5.0,-14.76
2025-05-15 12:00:00,-5.0,-5.0,-14.25
2025-05-15 13:00:00,-4.9999999999999964,-5.0,-6.62
2025-05-15 14:00:00,-4.999999999999936,-5.0,-0.6
2025-05-15 15:00:00,-4.999999999999957,-5.0,3.83
2025-05-15 16:00:00,19.979914529914552,19.979914529914527,76.11
2025-05-15 17:00:00,63.22028587581049,61.737085090330446,108.97
2025-05-15 18:00:00,96.27261728008676,96.27261728008675,130.74
2025-05-15 19:00:00,98.221293463173,98.22129346317297,125.13
2025-05-15 20:00:00,97.85956206066565,97.85956206066555,110.49
2025-05-15 21:00:00,96.27261728008685,96.27261728008675,101.0
2025-05-15 22:00:00,96.27261728008685,96.27261728008675,94.5
2025-05-15 23:00:00,96.27261728008682,96.27261728008675,88.47
2025-05-16 00:00:00,96.27261728008673,96.27261728008675,84.91
2025-05-16 01:00:00,96.27261728008673,96.27261728008675,85.0
2025-05-16 02:00:00,96.2726172800868,96.27261728008664,88.76
2025-05-16 03:00:00,97.0713777503126,97.07137775031268,98.26
2025-05-16 04:00:00,98.22129346317313,98.22129346317297,113.18
2025-05-16 05:00:00,100.61690625000011,100.61690625,117.6
2025-05-16 06:00:00,99.27364890966959,99.27364890967942,106.66
2025-05-16 07:00:00,87.86051344871223,85.04426312235451,78.99
2025-05-16 08:00:00,25.637381132832544,24.952534392113144,11.11
2025-05-16 09:00:00,19.979914529914538,19.979914529914545,-0.01
2025-05-16 10:00:00,19.979914529914534,19.97991452991453,-3.15
2025-05-16 11:00:00,18.96191198836329,19.017705032058615,-1.97
2025-05-16 12:00:00,-3.6542001752429454,-3.6180982407905375,-1.55
2025-05-16 13:00:00,-4.487257274218198,-4.8174577486307575,-0.01
2025-05-16 14:00:00,-1.4731742514165795,-1.474916219864633,2.98
2025-05-16 15:00:00,20.41331893790725,20.41331893790761,69.79
2025-05-16 16:00:00,23.710057845089434,26.151818944301255,100.05
2025-05-16 17:00:00,74.75799900575743,78.28227533985459,111.81
2025-05-16 18:00:00,96.27261728008655,96.27261728008675,154.91
2025-05-16 19:00:00,97.85956206066562,97.85956206066555,143.23
2025-05-16 20:00:00,97.07137775031259,97.07137775031268,116.08
2025-05-16 21:00:00,97.07137775031222,97.07137775031268,102.08
2025-05-16 22:00:00,94.87131662251807,96.27261728008675,93.0
2025-05-16 23:00:00,87.860513448712,87.8605134487125,93.48
2025-05-17 00:00:00,87.86051344871156,87.8605134487122,88.93
2025-05-17 01:00:00,78.10777859565579,79.93457226564855,88.9
2025-05-17 02:00:00,78.10777859565701,78.2258031788088,89.89
2025-05-17 03:00:00,75.07525865941183,77.58718645068669,93.46
2025-05-17 04:00:00,81.86080139670729,81.86080139670644,91.56
2025-05-17 05:00:00,87.86051344871197,87.8605134487122,89.85
2025-05-17 06:00:00,81.860801396706,81.86080139670645,59.11
2025-05-17 07:00:00,37.145312051762254,37.14568007101938,0.86
2025-05-17 08:00:00,22.878548959285762,24.605834100617496,-0.06
2025-05-17 09:00:00,19.979914529914524,19.979914529914524,-4.49
2025-05-17 10:00:00,-3.4199458288938365,-3.405894555533196,-4.96
2025-05-17 11:00:00,-5.000000000000009,-5.0,-10.02
2025-05-17 12:00:00,-4.999999999999989,-5.0,-11.27
2025-05-17 13:00:00,-5.000000000000002,-4.999999999999995,-5.8
2025-05-17 14:00:00,-4.282639860089742,-4.315660688366953,-0.8
2025-05-17 15:00:00,20.179071574532003,20.179071574532006,5.01
2025-05-17 16:00:00,24.27167384628654,23.82503267009852,78.77
2025-05-17 17:00:00,67.41346724446,74.05062234200436,99.64
2025-05-17 18:00:00,87.86051344871217,87.8605134487122,121.38
2025-05-17 19:00:00,96.27261728008673,96.27261728008675,130.21
2025-05-17 20:00:00,97.07137775031283,97.07137775031268,129.9
2025-05-17 21:00:00,97.07137775031285,97.07137775031268,111.6
2025-05-17 22:00:00,96.2726172800869,96.27261728008675,106.73
2025-05-17 23:00:00,96.27261728008686,96.27261728008675,101.49
2025-05-18 00:00:00,96.2726172800868,96.27261728008672,98.57
2025-05-18 01:00:00,96.27261728008693,95.16890532194039,97.4
2025-05-18 02:00:00,96.27261728008688,95.16890532194017,98.41
2025-05-18 03:00:00,94.87131662251807,94.8713166225179,97.98
2025-05-18 04:00:00,94.87131662251814,94.87131662251792,91.3
2025-05-18 05:00:00,94.8713166225182,96.27261728008699,87.16
2025-05-18 06:00:00,89.71074390243925,89.71074390243903,67.86
2025-05-18 07:00:00,81.67000276243112,76.3706088510554,10.1
2025-05-18 08:00:00,27.322803680981664,27.322803680981593,0.0
2025-05-18 09:00:00,25.08036464245965,24.19575697139324,-0.2
2025-05-18 10:00:00,27.322803680981654,24.04963898870164,-2.0
2025-05-18 11:00:00,-1.6660806395998067,-1.3593522647516254,-7.37
2025-05-18 12:00:00,-5.000000000000055,-5.0,-15.0
2025-05-18 13:00:00,-4.502382111991523,-4.502382111991535,-8.97
2025-05-18 14:00:00,-2.6134671623316185e-14,-0.0,-0.2
2025-05-18 15:00:00,20.86125368589727,20.86125368589708,9.67
2025-05-18 16:00:00,34.37634157969992,34.376341579699826,91.38
2025-05-18 17:00:00,73.73894660898537,77.82101034095818,108.4
2025-05-18 18:00:00,97.07137775031248,97.07137775031268,125.17
2025-05-18 19:00:00,99.27364890966965,99.27364890966956,130.47
2025-05-18 20:00:00,98.22129346317307,98.22129346317297,118.41
2025-05-18 21:00:00,97.85956206066564,97.85956206066555,103.62
2025-05-18 22:00:00,97.85956206066558,97.85956206066555,110.48
2025-05-18 23:00:00,97.07137775031265,97.07137775031268,102.62
2025-05-19 00:00:00,97.07137775031262,97.07137775031268,96.1
2025-05-19 01:00:00,97.85956206066567,97.85956206066555,92.95
2025-05-19 02:00:00,98.22129346317297,98.22129346317297,98.03
2025-05-19 03:00:00,98.22129346317291,98.22129346317297,109.39
2025-05-19 04:00:00,101.61995115869776,101.78897954887667,131.22
2025-05-19 05:00:00,107.14837644051838,107.14837644051829,137.22
2025-05-19 06:00:00,101.58619823163157,101.78438451969276,113.41
2025-05-19 07:00:00,97.85956206066585,97.85956206066555,93.69
2025-05-19 08:00:00,64.87070841922046,64.8490600968565,69.59
2025-05-19 09:00:00,24.76418945201341,25.158230800193117,28.56
2025-05-19 10:00:00,26.34029337551849,25.65738700829138,12.77
2025-05-19 11:00:00,26.141812035100322,24.550261240641625,5.0
2025-05-19 12:00:00,24.33110942077863,24.67533608095015,8.0
2025-05-19 13:00:00,25.536497742753493,25.423605702323066,28.15
2025-05-19 14:00:00,35.92611474655153,35.926114746551406,72.98
2025-05-19 15:00:00,75.6096473116329,77.67923927212806,97.09
2025-05-19 16:00:00,87.86051344871227,87.8605134487122,114.49
2025-05-19 17:00:00,98.22129346317344,98.22129346317297,148.45
2025-05-19 18:00:00,107.14837644051804,107.26280830393709,229.11
2025-05-19 19:00:00,107.46899680981447,107.46639553987634,154.86
2025-05-19 20:00:00,102.18443792902117,102.18416943443145,126.81
2025-05-19 21:00:00,100.61690624999994,100.61690625,111.88
2025-05-19 22:00:00,99.27364890966956,99.27364890966956,114.95
2025-05-19 23:00:00,98.22129346317321,98.22129346317297,106.03
2025-05-20 00:00:00,98.22129346317341,98.22129346317297,102.5
2025-05-20 01:00:00,98.22129346317317,98.22129346317297,104.04
2025-05-20 02:00:00,98.22129346317313,98.22129346317297,109.14
2025-05-20 03:00:00,100.61690625,100.61690625,118.96
2025-05-20 04:00:00,107.14837644051802,107.1483764405185,143.21
2025-05-20 05:00:00,107.8352928690726,107.82513018966537,130.81
2025-05-20 06:00:00,106.90509978998045,105.81801706669867,100.0
2025-05-20 07:00:00,97.85956206066525,97.85956206066555,85.2
2025-05-20 08:00:00,72.46770254490406,68.1434816855551,61.58
2025-05-20 09:00:00,21.77432233732107,22.93454807944103,15.95
2025-05-20 10:00:00,24.033887693590305,23.852919643520526,0.17
2025-05-20 11:00:00,25.106883138428923,23.466838497502575,0.01
2025-05-20 12:00:00,19.979914529914552,20.047397263336737,0.09
2025-05-20 13:00:00,24.33617950799971,22.891441228244595,7.61
2025-05-20 14:00:00,26.63102812408672,25.018105748282746,67.87
2025-05-20 15:00:00,64.78954241518426,64.78954241518436,97.15
2025-05-20 16:00:00,73.21405750462789,78.99422901502757,111.79
2025-05-20 17:00:00,97.85956206066544,97.85956206066555,141.23
2025-05-20 18:00:00,100.6665433147497,100.66654331474969,192.25
2025-05-20 19:00:00,100.86757163938748,100.86757163938799,148.97
2025-05-20 20:00:00,100.66654331474953,100.66654331474969,120.0
2025-05-20 21:00:00,99.27364890966906,99.27364890966956,107.93
2025-05-20 22:00:00,97.8595620606656,97.85956206066555,107.93
2025-05-20 23:00:00,97.07137775031258,97.07137775031268,102.33
2025-05-21 00:00:00,97.07137775031272,97.07137775031268,97.9
2025-05-21 01:00:00,97.0713777503128,97.07137775031268,94.9
2025-05-21 02:00:00,97.07137775031283,96.99126187542164,93.7
2025-05-21 03:00:00,97.07137775031264,97.07137775031268,102.49
2025-05-21 04:00:00,98.22129346317273,98.22129346317297,112.48
2025-05-21 05:00:00,99.27364890966953,99.2736489096695,116.54
2025-05-21 06:00:00,98.2212934631727,98.22129346317297,107.82
2025-05-21 07:00:00,81.86080139670656,81.8608013967066,84.82
2025-05-21 08:00:00,27.187145137952832,25.19592569850351,42.22
2025-05-21 09:00:00,19.979914529914502,19.979914529914524,0.15
2025-05-21 10:00:00,19.979914529914502,19.979914529914524,-0.1
2025-05-21 11:00:00,-3.5668257284942797,-3.5668257284942406,-2.2
2025-05-21 12:00:00,-4.9999999999999485,-5.0,-1.53
2025-05-21 13:00:00,-4.168948816088328,-4.178456911165294,-0.01
2025-05-21 14:00:00,-4.999999999999936,-5.0,2.06
2025-05-21 15:00:00,16.885672265844427,16.915576314641967,49.08
2025-05-21 16:00:00,21.815731702565746,25.843876426947894,86.32
2025-05-21 17:00:00,65.32822595691871,65.70217309148285,100.1
2025-05-21 18:00:00,87.86051344871238,87.8605134487122,114.35
2025-05-21 19:00:00,96.27261728008673,96.27261728008675,110.27
2025-05-21 20:00:00,96.27261728008685,96.27261728008675,100.72
2025-05-21 21:00:00,96.27261728008689,95.88540315500889,90.0
2025-05-21 22:00:00,81.8608013967067,81.86080139670645,98.54
2025-05-21 23:00:00,75.9836342944514,77.61052442962851,88.28
2025-05-22 00:00:00,65.39115235736232,65.15332086284255,83.65
2025-05-22 01:00:00,65.61389361232777,64.73892123950093,81.5
2025-05-22 02:00:00,65.61389361232771,65.27647146109203,83.34
2025-05-22 03:00:00,65.61389361232777,65.2764714612649,90.0
2025-05-22 04:00:00,81.86080139670666,86.66768889508018,107.67
2025-05-22 05:00:00,87.86051344871234,87.8605134487122,106.01
2025-05-22 06:00:00,65.39115235736244,64.80461665832739,98.16
2025-05-22 07:00:00,33.98781330804985,33.6667425050157,54.54
2025-05-22 08:00:00,20.43741307768731,20.617720180917985,1.66
2025-05-22 09:00:00,15.345861501654205,15.102601885301866,0.01
2025-05-22 10:00:00,1.3485991896025382,0.9628021249067487,-1.91
2025-05-22 11:00:00,-0.0,-0.0,-12.77
2025-05-22 12:00:00,-5.0,-5.0,-15.4
2025-05-22 13:00:00,-5.0,-5.0,-10.9
2025-05-22 14:00:00,-5.0,-5.0,-2.99
2025-05-22 15:00:00,-5.0,-5.000000002027338,-0.01
2025-05-22 16:00:00,19.979914529914495,19.979914529914524,50.0
2025-05-22 17:00:00,29.210344022490798,29.21034402249084,106.84
2025-05-22 18:00:00,71.95879857725255,71.96027809972982,115.0
2025-05-22 19:00:00,97.07137775031265,97.07137775031268,127.25
2025-05-22 20:00:00,97.85956206066545,97.85956206066555,117.48
2025-05-22 21:00:00,97.07137775031262,97.07137775031268,103.23
2025-05-22 22:00:00,96.27261728008669,96.27261728008675,101.1
2025-05-22 23:00:00,96.27261728008668,96.27261728008675,93.16
2025-05-23 00:00:00,87.86051344871213,87.8605134487122,87.12
2025-05-23 01:00:00,81.86080139670642,81.86080139670645,86.56
2025-05-23 02:00:00,81.67000276243087,78.99796034751711,93.08
2025-05-23 03:00:00,87.86051344871214,87.8605134487122,106.82
2025-05-23 04:00:00,97.07137775031268,97.07137775031268,128.49
2025-05-23 05:00:00,98.22129346317284,98.22129346317297,132.8
2025-05-23 06:00:00,97.85956206066538,97.85956206066555,114.67
2025-05-23 07:00:00,64.84735588884256,64.85003925598176,85.9
2025-05-23 08:00:00,28.87871200753991,28.40675381585927,70.0
2025-05-23 09:00:00,20.286843412311583,20.286843412311566,54.05
2025-05-23 10:00:00,20.86216699235334,20.501338421511367,13.44
2025-05-23 11:00:00,19.97991452991437,19.979914529914524,0.62
2025-05-23 12:00:00,3.8232204137631918,3.664050218050266,0.0
2025-05-23 13:00:00,1.9583409012255748,1.9583409012255757,0.0
2025-05-23 14:00:00,5.176441040370099,5.176441040160576,25.33
2025-05-23 15:00:00,19.97991452991451,19.979914529914524,71.91
2025-05-23 16:00:00,20.413318937907395,20.25170596314738,97.6
2025-05-23 17:00:00,64.48564282176477,64.79534204480346,114.36
2025-05-23 18:00:00,96.27261728008722,96.27261728008675,130.47
2025-05-23 19:00:00,98.22129346317323,98.22129346317297,139.29
2025-05-23 20:00:00,97.85956206066572,97.85956206066555,126.93
2025-05-23 21:00:00,96.27261728008715,96.27261728008675,108.0
2025-05-23 22:00:00,89.71074390243935,89.71074390243903,98.99
2025-05-23 23:00:00,87.86051344871245,87.8605134487122,94.76
2025-05-24 00:00:00,69.55510677292952,68.97906208214141,88.74
2025-05-24 01:00:00,69.55510677292871,70.1854408251623,84.22
2025-05-24 02:00:00,62.80716195461982,67.41479828100302,82.93
2025-05-24 03:00:00,62.807161954619104,67.41479828100302,80.71
2025-05-24 04:00:00,69.55510677292924,70.18522088430556,82.07
2025-05-24 05:00:00,69.55510677292904,71.96433950738971,76.9
2025-05-24 06:00:00,62.80716195461909,53.37868825323126,62.09
2025-05-24 07:00:00,22.280661058863846,21.65381268092955,12.26
2025-05-24 08:00:00,20.306130698429367,20.30613069842957,-0.01
2025-05-24 09:00:00,19.97991452991283,19.979914529914524,-0.11
2025-05-24 10:00:00,-0.0,-0.0,-0.15
2025-05-24 11:00:00,-2.9473467269553115,-2.947346726955312,-0.19
2025-05-24 12:00:00,-4.60099195356152,-4.60099195356152,-0.39
2025-05-24 13:00:00,-4.4527651202126535,-4.452765120212663,-1.77
2025-05-24 14:00:00,-2.7810338122594516,-2.781033812259434,-0.39
2025-05-24 15:00:00,20.43741307768725,20.861253685897058,48.67
2025-05-24 16:00:00,21.24399712297864,21.276098873039484,85.34
2025-05-24 17:00:00,28.481013242071906,28.189149158468854,109.08
2025-05-24 18:00:00,62.901469663086324,65.97302199867305,111.0
2025-05-24 19:00:00,62.90146966308633,65.97303362494102,107.92
2025-05-24 20:00:00,35.9309,35.93090000000093,92.06
2025-05-24 21:00:00,26.43780907924069,26.18015787994856,79.67
2025-05-24 22:00:00,20.780478035443103,20.454915116681825,23.82
2025-05-24 23:00:00,20.780478035443096,20.4661502227816,22.9
2025-05-25 00:00:00,20.881714142513204,20.88168118845718,14.39
2025-05-25 01:00:00,20.881714142513204,20.9284151648925,8.38
2025-05-25 02:00:00,20.881714142513214,20.92841516489263,3.9
2025-05-25 03:00:00,20.881714142513125,20.928415164919286,2.11
2025-05-25 04:00:00,20.88171414251322,20.928415164919173,1.17
2025-05-25 05:00:00,20.881714142513236,20.928415164919187,1.21
2025-05-25 06:00:00,22.34880262802523,22.53635138049767,0.03
2025-05-25 07:00:00,27.07706176842818,27.043455499307893,0.0
2025-05-25 08:00:00,19.97991452991452,19.9799145299146,-0.61
2025-05-25 09:00:00,16.039536085798304,16.039536085798275,-0.6
2025-05-25 10:00:00,9.470985998547587,9.470985998547585,-0.25
2025-05-25 11:00:00,-4.9066515808161295,-4.9066515808161295,-3.19
2025-05-25 12:00:00,-4.601814854964854,-4.601814854964847,-5.05
2025-05-25 13:00:00,-4.2252129763887325,-4.225212976388728,-4.95
2025-05-25 14:00:00,-4.181442166252507,-4.181442166252481,-1.37
2025-05-25 15:00:00,-2.917531430552597e-15,3.119432656525852,0.0
2025-05-25 16:00:00,21.302944639230947,21.30984385164138,11.72
2025-05-25 17:00:00,23.628844371861792,24.586159773742963,92.95
2025-05-25 18:00:00,54.05354203275009,68.85233884180244,100.0
2025-05-25 19:00:00,87.86051344871223,87.8605134487122,107.41
2025-05-25 20:00:00,87.86051344871223,87.8605134487122,102.23
2025-05-25 21:00:00,87.86051344871218,87.86051344866429,92.92
2025-05-25 22:00:00,81.67000276243095,81.67000276243094,88.13
2025-05-25 23:00:00,81.58100767884142,73.10187712258374,79.12
2025-05-26 00:00:00,81.57993349466669,66.45650063671727,73.21
2025-05-26 01:00:00,62.90146966308562,53.4175016697157,71.83
2025-05-26 02:00:00,62.90146966308559,53.49877598181277,76.7
2025-05-26 03:00:00,62.901469663085564,67.03948360368851,85.48
2025-05-26 04:00:00,94.87131662251801,96.22068036735786,116.2
2025-05-26 05:00:00,97.07137775031273,97.07137775031268,143.17
2025-05-26 06:00:00,97.07137775031269,97.07137775031268,129.91
2025-05-26 07:00:00,49.236551414115056,67.3155485819059,91.41
2025-05-26 08:00:00,24.26253348579968,24.26254759092063,16.17
2025-05-26 09:00:00,21.32475461746849,21.324754617468457,0.05
2025-05-26 10:00:00,20.437413077687253,20.437413077687186,-0.42
2025-05-26 11:00:00,-2.6611726258606166e-15,3.552713678800501e-15,-1.45
2025-05-26 12:00:00,-3.436123952465007,-3.436123952465043,-1.18
2025-05-26 13:00:00,-3.183469493649898,-3.1834694936498984,-0.82
2025-05-26 14:00:00,-2.3085351055681755,-2.3085351055681795,0.0
2025-05-26 15:00:00,16.385082449587607,16.38508244952668,17.65
2025-05-26 16:00:00,20.791802960645036,20.4651916578296,95.76
2025-05-26 17:00:00,66.43264248810092,66.43264248810642,119.33
2025-05-26 18:00:00,96.2726172800864,96.27261728008675,169.87
2025-05-26 19:00:00,98.22129346317108,98.22129346317297,161.57
2025-05-26 20:00:00,97.85956206066543,97.85956206066555,119.38
2025-05-26 21:00:00,96.27261728008479,96.27261728008675,98.86
2025-05-26 22:00:00,81.67000276243103,76.11616874696116,88.51
2025-05-26 23:00:00,80.6578470387398,65.58611116006291,73.92
2025-05-27 00:00:00,64.22346834373771,54.545661338645424,62.02
2025-05-27 01:00:00,64.05424775361992,54.49270486524053,61.98
2025-05-27 02:00:00,38.91321831100691,39.566361304643905,67.7
2025-05-27 03:00:00,64.22346834373963,64.22471310504274,62.2
2025-05-27 04:00:00,66.43264248810158,66.4350788508237,67.7
2025-05-27 05:00:00,66.45650063604074,66.45650063604643,73.9
2025-05-27 06:00:00,66.45650063604012,64.51980489683021,68.63
2025-05-27 07:00:00,20.4133189379121,20.2603277188348,50.17
2025-05-27 08:00:00,19.979914529915256,18.959620166865477,4.26
2025-05-27 09:00:00,6.635175987364023,3.807686040748422,3.19
2025-05-27 10:00:00,20.00469152073377,20.004691520733857,0.03
2025-05-27 11:00:00,19.979914529914534,19.979914529914527,0.02
2025-05-27 12:00:00,19.979914529914524,19.979914529914524,0.09
2025-05-27 13:00:00,20.34044976448317,20.340449764483214,3.14
2025-05-27 14:00:00,21.32475461746867,21.305116823746797,55.17
2025-05-27 15:00:00,20.437413077687275,20.697234463784003,84.55
2025-05-27 16:00:00,46.9685440968796,64.92557475847266,103.0
2025-05-27 17:00:00,87.86051344871234,87.8605134487122,122.64
2025-05-27 18:00:00,96.27261728008668,96.27261728008675,137.6
2025-05-27 19:00:00,96.2726172800873,96.27261728008675,111.16
2025-05-27 20:00:00,89.12174847060234,89.12174847060206,100.34
2025-05-27 21:00:00,64.87070841922144,64.87070841922046,82.41
2025-05-27 22:00:00,36.60886610866636,36.60886610866646,76.43
2025-05-27 23:00:00,28.816256658860116,28.638238418344343,69.01
2025-05-28 00:00:00,21.589428303420867,21.76324104416131,67.39
2025-05-28 01:00:00,20.413318937908414,20.41331893785896,61.01
2025-05-28 02:00:00,21.324754617469107,21.324754617482206,65.19
2025-05-28 03:00:00,34.25834469238594,33.919116832588905,72.52
2025-05-28 04:00:00,64.84735588884381,64.85003925598022,92.85
2025-05-28 05:00:00,64.87070841922053,67.31554858190776,100.09
2025-05-28 06:00:00,81.86080139670639,81.86080139670645,95.0
2025-05-28 07:00:00,68.18015622838502,67.45543386944874,90.0
2025-05-28 08:00:00,48.94109172961311,43.91747939897176,76.48
2025-05-28 09:00:00,28.29805321008172,28.298053210081527,71.46
2025-05-28 10:00:00,27.322803680981885,27.32280368098159,65.67
2025-05-28 11:00:00,27.322803680981796,27.322803680981593,58.03
2025-05-28 12:00:00,21.32475461746855,21.3088754034443,53.21
2025-05-28 13:00:00,21.324754617468564,21.308875403444215,42.1
2025-05-28 14:00:00,21.324754617468855,21.64008410527244,67.28
2025-05-28 15:00:00,21.32475461746855,21.32475461746847,83.7
2025-05-28 16:00:00,35.93090000000071,35.930900000005536,94.99
2025-05-28 17:00:00,69.33674643092363,69.40167793742745,114.83
2025-05-28 18:00:00,97.07137775031293,97.07137775031268,134.83
2025-05-28 19:00:00,98.22129346317334,98.22129346317297,139.91
2025-05-28 20:00:00,98.22129346317394,98.22129346317297,124.29
2025-05-28 21:00:00,97.85956206066567,97.85956206066555,104.27
2025-05-28 22:00:00,97.07137775031305,97.07137775031268,99.13
2025-05-28 23:00:00,96.27261728008739,96.27261728008675,94.8
2025-05-29 00:00:00,87.86051344871271,87.8605134487122,92.06
2025-05-29 01:00:00,89.12174847060191,89.12174847060206,91.55
2025-05-29 02:00:00,94.87131662251844,94.87131662251792,91.54
2025-05-29 03:00:00,96.27261728008625,96.27261728008675,91.36
2025-05-29 04:00:00,96.27261728008703,96.27261728008675,89.46
2025-05-29 05:00:00,96.27261728008695,96.27261728008675,86.49
2025-05-29 06:00:00,87.86051344871223,87.8605134487122,82.95
2025-05-29 07:00:00,37.43411457492501,37.2757870737023,62.83
2025-05-29 08:00:00,28.137906298628934,28.137804412169245,19.93
2025-05-29 09:00:00,22.95831921355979,22.565782079020316,1.71
2025-05-29 10:00:00,20.23339027111167,20.233390271111716,0.03
2025-05-29 11:00:00,19.979914529914673,19.979914529914524,-1.68
2025-05-29 12:00:00,19.979914529825248,19.979914529914527,-1.99
2025-05-29 13:00:00,19.979914529914556,19.979914529914524,-1.98
2025-05-29 14:00:00,20.2180133652957,20.25084198236118,-1.09
2025-05-29 15:00:00,27.322803680981288,27.32280368098159,23.13
2025-05-29 16:00:00,20.437413077687204,21.23684037727965,65.5
2025-05-29 17:00:00,22.52841065976752,24.55283948214318,80.2
2025-05-29 18:00:00,43.02364210036747,43.271330470884536,77.17
2025-05-29 19:00:00,69.59042076639592,68.88861051170969,73.73
2025-05-29 20:00:00,36.29032527940651,37.01034739818261,76.66
2025-05-29 21:00:00,30.357042695268873,30.405334220279833,57.5
2025-05-29 22:00:00,20.437413077692607,20.821245817275805,45.42
2025-05-29 23:00:00,20.437413077687655,20.809138419366857,25.67
2025-05-30 00:00:00,20.437413077687626,21.23240357910807,32.99
2025-05-30 01:00:00,20.43741307769105,21.232403579108063,33.95
2025-05-30 02:00:00,21.232403579106744,21.232403579108066,37.39
2025-05-30 03:00:00,24.099234181660062,24.09923418165701,55.08
2025-05-30 04:00:00,35.93090000000119,35.930899999999994,69.73
2025-05-30 05:00:00,36.767016422785865,37.12480423563441,68.38
2025-05-30 06:00:00,35.93089999999939,35.930899999999994,53.01
2025-05-30 07:00:00,22.335901632734846,21.33994957765064,29.13
2025-05-30 08:00:00,20.477893415213273,20.47879679055838,1.83
2025-05-30 09:00:00,12.163057865961143,12.161057774807125,-0.02
2025-05-30 10:00:00,19.22403131186217,19.22403131186217,-1.01
2025-05-30 11:00:00,-5.0,-5.0,-3.1
2025-05-30 12:00:00,-5.0,-5.0,-3.0
2025-05-30 13:00:00,-5.000000000000007,-5.0,-1.34
2025-05-30 14:00:00,-4.9999999999999964,-5.0,-0.04
2025-05-30 15:00:00,16.748770287191082,16.53223063452901,5.88
2025-05-30 16:00:00,21.255112330460953,21.23683586432186,73.52
2025-05-30 17:00:00,37.11524338611214,37.113295209802004,111.84
2025-05-30 18:00:00,96.2726172800867,96.27261728008675,136.95
2025-05-30 19:00:00,98.22129346317298,98.22129346317297,145.89
2025-05-30 20:00:00,100.61690624999999,100.61690625,130.19
2025-05-30 21:00:00,100.61690625000001,100.61690625,108.15
2025-05-30 22:00:00,97.85956206066557,97.85956206066555,107.0
2025-05-30 23:00:00,97.85956206066558,97.85956206066555,99.94
2025-05-31 00:00:00,97.0713777503127,97.07137775031268,98.75
2025-05-31 01:00:00,97.0713777503127,97.07137775031268,99.07
2025-05-31 02:00:00,97.07137775031265,97.07137775031268,99.91
2025-05-31 03:00:00,97.07137775031268,97.07137775031268,98.29
2025-05-31 04:00:00,97.85956206066548,97.85956206066555,94.79
2025-05-31 05:00:00,97.85956206066548,97.85956206066555,84.61
2025-05-31 06:00:00,96.27261728008675,96.27261728008675,55.0
2025-05-31 07:00:00,28.356520196884915,28.356520196885093,1.0
2025-05-31 08:00:00,27.31635939373779,27.3156634922226,-0.02
2025-05-31 09:00:00,20.039976487106795,20.03997648710671,-1.0
2025-05-31 10:00:00,19.743275315400915,19.735556888053306,-3.07
2025-05-31 11:00:00,10.38180608839985,10.381806088399872,-13.17
2025-05-31 12:00:00,-2.5892049718062976e-12,-0.0,-7.75
2025-05-31 13:00:00,9.902327188619637e-14,-0.0,-3.0
2025-05-31 14:00:00,19.979914529914414,19.979914529914524,-0.05
2025-05-31 15:00:00,27.322803680981416,27.322803680981593,41.4
2025-05-31 16:00:00,35.78724556954281,35.74694028735027,88.85
2025-05-31 17:00:00,97.07137775031174,97.07137775031268,131.41
2025-05-31 18:00:00,98.22129346317243,98.22129346317297,192.35
2025-05-31 19:00:00,100.6169062499991,100.61690625,192.37
2025-05-31 20:00:00,98.22129346317213,98.22129346317297,133.49
2025-05-31 21:00:00,97.07137775031256,97.07137775031268,102.06
2025-05-31 22:00:00,96.27261728008595,96.27261728008675,92.53
2025-05-31 23:00:00,89.12174847060149,89.12174847060206,85.22
2025-06-01 00:00:00,87.86051344871176,87.8605134487122,77.13
2025-06-01 01:00:00,81.67000276243073,81.67000276243094,74.09
2025-06-01 02:00:00,81.67000276243044,72.57361860661614,72.66
2025-06-01 03:00:00,81.67000276243044,72.5736186066161,66.11
2025-06-01 04:00:00,81.67000276243067,74.60827796325371,35.84
2025-06-01 05:00:00,81.67000276243037,72.57361860661617,13.0
2025-06-01 06:00:00,81.67000276243037,72.57361860661615,2.4
2025-06-01 07:00:00,28.356520196885036,28.356520196885093,-0.01
2025-06-01 08:00:00,26.648041285956342,26.648041285955934,-0.6
2025-06-01 09:00:00,19.103841071132784,17.401844615918854,-2.11
2025-06-01 10:00:00,1.3794453139695793,1.379445313969558,-5.48
2025-06-01 11:00:00,-4.649415347741669,-4.649415347741671,-12.93
2025-06-01 12:00:00,-5.000000000000001,-5.0,-20.41
2025-06-01 13:00:00,-5.0,-5.0,-15.61
2025-06-01 14:00:00,-5.000000000000005,-5.0,-6.0
2025-06-01 15:00:00,15.303088768270165,16.636530018138906,-0.99
2025-06-01 16:00:00,19.979914529914524,19.979914529914524,19.23
2025-06-01 17:00:00,35.9309,35.9309,78.85
2025-06-01 18:00:00,87.86051344871221,87.73815576821339,93.66
2025-06-01 19:00:00,92.54273178553255,91.65276570911477,106.86
2025-06-01 20:00:00,96.27261728008676,96.27261728008675,105.93
2025-06-01 21:00:00,90.76766049382714,91.63593774878328,90.49
2025-06-01 22:00:00,87.86051344871218,87.8605134487122,81.76
2025-06-01 23:00:00,87.86051344871223,87.8605134487122,75.31
2025-06-02 00:00:00,87.86051344871224,87.32977472279799,75.0
2025-06-02 01:00:00,87.28477394136937,86.09467248221432,77.75
2025-06-02 02:00:00,87.86051344871228,87.8605134487122,83.05
2025-06-02 03:00:00,94.87131662251798,95.60981987573508,91.93
2025-06-02 04:00:00,97.85956206066558,97.85956206066555,108.15
2025-06-02 05:00:00,99.27364890966953,99.27364890966956,117.9
2025-06-02 06:00:00,99.48025744958134,99.48025744958123,102.36
2025-06-02 07:00:00,97.8595620606655,97.85956206066555,85.6
2025-06-02 08:00:00,81.670002762431,77.14009451893163,57.47
2025-06-02 09:00:00,28.298053210081463,28.298053210081527,33.21
2025-06-02 10:00:00,27.322803680981544,27.322803680981593,20.0
2025-06-02 11:00:00,20.43741307768726,20.437413077687253,12.78
2025-06-02 12:00:00,19.979914529914524,19.979914529914527,11.0
2025-06-02 13:00:00,19.979914529914527,19.97991452991453,19.75
2025-06-02 14:00:00,19.979914529914534,19.979914529914527,55.84
2025-06-02 15:00:00,28.14420448090165,25.610081661674386,82.8
2025-06-02 16:00:00,87.86051344871163,87.8605134487122,94.95
2025-06-02 17:00:00,98.22129346317394,98.22129346317297,109.32
2025-06-02 18:00:00,102.26792808412804,102.23450732975057,195.91
2025-06-02 19:00:00,107.14837644051913,107.41663820395439,245.37
2025-06-02 20:00:00,107.14837644051916,107.14837644051812,141.66
2025-06-02 21:00:00,101.84420155164202,100.99777378092341,110.04
2025-06-02 22:00:00,99.27364890967011,99.27364890966956,111.49
2025-06-02 23:00:00,99.05866288376764,99.04505293572541,109.91
2025-06-03 00:00:00,98.22129346317332,98.22129346317297,102.02
2025-06-03 01:00:00,97.8595620606661,97.85956206066555,99.23
2025-06-03 02:00:00,97.07137775031312,97.07137775031268,94.89
2025-06-03 03:00:00,97.82880080283783,97.72955039051851,107.6
2025-06-03 04:00:00,98.221293463173,98.22129346317297,130.76
2025-06-03 05:00:00,99.27364890967009,99.27364890966956,116.85
2025-06-03 06:00:00,97.07137775031494,97.5885760012109,85.98
2025-06-03 07:00:00,81.96592244133153,86.08613124705307,59.46
2025-06-03 08:00:00,24.926542028680256,25.675893514735648,2.0
2025-06-03 09:00:00,19.399276750754645,18.231241439297246,-0.05
2025-06-03 10:00:00,4.777156378964491,4.7568562988077865,-1.01
2025-06-03 11:00:00,-3.3667563750958713,-3.3667563750958767,-3.0
2025-06-03 12:00:00,-3.5200161969269432,-3.5200161969269503,-4.32
2025-06-03 13:00:00,15.943007465289591,13.444864938838137,-1.33
2025-06-03 14:00:00,12.733372902363435,14.445285084566708,0.0
2025-06-03 15:00:00,19.97991452991463,18.026558401122507,66.0
2025-06-03 16:00:00,35.9309000000007,35.9309,87.79
2025-06-03 17:00:00,81.86080139670618,81.86080139670645,109.41
2025-06-03 18:00:00,96.27261728008712,96.27261728008675,132.9
2025-06-03 19:00:00,97.85956206066544,97.85956206066555,112.29
2025-06-03 20:00:00,97.07137775031272,97.07137775031268,106.12
2025-06-03 21:00:00,89.71074390243908,89.71074390243903,95.49
2025-06-03 22:00:00,81.67000276243114,81.67000276243094,74.95
2025-06-03 23:00:00,81.67000276243107,81.04626090404128,67.25
2025-06-04 00:00:00,79.33379743925805,79.86272078039629,64.78
2025-06-04 01:00:00,78.72581794838004,79.32256948313949,65.0
2025-06-04 02:00:00,76.69786929810321,80.44740529904455,68.32
2025-06-04 03:00:00,79.80650150387066,81.45848872605542,80.32
2025-06-04 04:00:00,94.87131662251811,95.03422237177242,99.77
2025-06-04 05:00:00,97.07137775031292,97.07137775031268,113.74
2025-06-04 06:00:00,97.07137775031313,97.07137775031268,112.4
2025-06-04 07:00:00,78.60807976399781,78.70917623416919,79.08
2025-06-04 08:00:00,20.17907157453173,20.179071574532003,72.4
2025-06-04 09:00:00,19.469290923840493,16.54643537700389,48.36
2025-06-04 10:00:00,16.360025916666896,18.415950519499745,20.12
2025-06-04 11:00:00,16.86052713501,18.023357080163205,9.69
2025-06-04 12:00:00,11.92478903931129,16.058398699963384,18.26
2025-06-04 13:00:00,16.068123167240845,16.068123167246284,43.35
2025-06-04 14:00:00,16.642568525884315,16.653978986759782,72.4
2025-06-04 15:00:00,24.990602417260778,23.880528762520484,91.45
2025-06-04 16:00:00,78.87337528655144,78.86413985541866,108.91
2025-06-04 17:00:00,96.27261728008689,96.27261728008675,145.98
2025-06-04 18:00:00,99.27364890966973,99.27364890966956,192.85
2025-06-04 19:00:00,100.61690625000017,100.61690625,138.82
2025-06-04 20:00:00,100.61690625000017,100.61690625,112.43
2025-06-04 21:00:00,99.27364890966967,99.27364890966956,94.08
2025-06-04 22:00:00,98.22129346317296,98.22129346317297,97.67
2025-06-04 23:00:00,97.07137775031273,97.07137775031268,92.7
2025-06-05 00:00:00,96.2726172800869,96.27261728008675,86.84
2025-06-05 01:00:00,96.27261728008695,96.27261728008675,86.1
2025-06-05 02:00:00,94.87131662251792,93.97989580508973,87.01
2025-06-05 03:00:00,94.87131662251798,94.3505118003655,88.09
2025-06-05 04:00:00,97.07137775031269,97.07137775031268,113.78
2025-06-05 05:00:00,97.8595620606656,97.85956206066555,129.03
2025-06-05 06:00:00,97.07137775031279,97.07137775031268,116.6
2025-06-05 07:00:00,81.86080139670644,81.86080139670645,83.03
2025-06-05 08:00:00,65.64066922245644,65.640253587581,66.0
2025-06-05 09:00:00,20.413318937907704,20.41331893790761,46.18
2025-06-05 10:00:00,27.32280368098238,27.322803680981593,20.0
2025-06-05 11:00:00,20.174743021013086,20.174743021012397,11.03
2025-06-05 12:00:00,19.97991452991444,19.979914529914524,7.07
2025-06-05 13:00:00,19.979914529914552,18.762855930998956,19.87
2025-06-05 14:00:00,19.979914529914716,19.97991452991453,57.5
2025-06-05 15:00:00,19.9799145299148,19.979914529914524,81.08
2025-06-05 16:00:00,29.53910477232016,30.86072539454939,100.94
2025-06-05 17:00:00,73.66965137552508,73.66965137552492,112.19
2025-06-05 18:00:00,96.27261728008672,96.27261728008675,136.4
2025-06-05 19:00:00,97.07137775031269,97.07137775031268,106.95
2025-06-05 20:00:00,96.27261728008672,96.27261728008675,96.37
2025-06-05 21:00:00,81.67000276243097,81.67000276243094,81.36
2025-06-05 22:00:00,53.78211112947136,50.33397933695373,76.29
2025-06-05 23:00:00,35.930900000000065,35.930899999999994,66.12
2025-06-06 00:00:00,28.73515360236608,27.197699485019847,60.86
2025-06-06 01:00:00,20.17907157453207,20.179071574532003,55.27
2025-06-06 02:00:00,19.979914529914534,19.979914529914527,52.78
2025-06-06 03:00:00,19.97991452991442,19.979914529914524,63.7
2025-06-06 04:00:00,19.979914529914513,19.979914529914527,67.02
2025-06-06 05:00:00,20.218013365295576,20.21801336529556,74.43
2025-06-06 06:00:00,20.174743021012247,20.174743021012397,59.61
2025-06-06 07:00:00,19.979914529914428,17.843544805853178,3.94
2025-06-06 08:00:00,-5.0000000000002185,-5.0,-0.01
2025-06-06 09:00:00,-5.0,-5.0,-0.27
2025-06-06 10:00:00,-3.4634417087223217,-3.4561564113258982,-2.07
2025-06-06 11:00:00,-5.000000000000003,-5.0,-4.93
2025-06-06 12:00:00,-5.0,-5.0,-5.06
2025-06-06 13:00:00,-5.000000000000002,-5.0,-4.96
2025-06-06 14:00:00,-5.000000000000004,-5.0,-1.0
2025-06-06 15:00:00,-5.000000000000001,-5.0,0.0
2025-06-06 16:00:00,17.78319333129038,17.873321500650672,50.47
2025-06-06 17:00:00,33.28008768605906,34.19059279047584,84.19
2025-06-06 18:00:00,87.86051344871167,87.8605134487122,112.57
2025-06-06 19:00:00,97.0713777503133,97.07137775031268,129.29
2025-06-06 20:00:00,97.85956206066592,97.85956206066555,125.72
2025-06-06 21:00:00,97.07137775031293,97.07137775031268,103.24
2025-06-06 22:00:00,96.27261728008666,96.27261728008675,87.61
2025-06-06 23:00:00,94.87131662251828,94.58648478147657,83.5
2025-06-07 00:00:00,87.86051344871235,87.8605134487122,78.02
2025-06-07 01:00:00,87.8605134487121,87.8605134487122,81.89
2025-06-07 02:00:00,87.8605134487121,87.8605134487122,82.27
2025-06-07 03:00:00,89.71074390243933,89.71074390243903,81.99
2025-06-07 04:00:00,96.27261728008669,96.27261728008675,85.47
2025-06-07 05:00:00,96.27261728008669,96.27261728008675,86.74
2025-06-07 06:00:00,96.27261728008712,96.27261728008675,79.86
2025-06-07 07:00:00,87.8605134487124,87.8605134487122,65.3
2025-06-07 08:00:00,28.35652019688694,28.356520196885093,30.53
2025-06-07 09:00:00,27.32280368097996,27.322803680981586,9.44
2025-06-07 10:00:00,27.32280368098044,27.322803680981593,1.19
2025-06-07 11:00:00,19.97991452991467,19.979914529914524,-0.01
2025-06-07 12:00:00,18.06300696106067,15.71493301292533,-0.02
2025-06-07 13:00:00,19.889647335428787,13.010392734031637,-0.02
2025-06-07 14:00:00,6.807702487138414,14.319016845889205,-0.87
2025-06-07 15:00:00,19.521404245278397,19.538724727878378,26.91
2025-06-07 16:00:00,24.56623377770309,23.89904375571219,70.1
2025-06-07 17:00:00,70.76446265451409,71.51289044078291,85.01
2025-06-07 18:00:00,94.8713166225178,94.87131662251792,109.9
2025-06-07 19:00:00,97.0713777503126,97.07137775031268,110.26
2025-06-07 20:00:00,97.07137775031264,97.07137775031268,98.01
2025-06-07 21:00:00,96.27261728008656,96.27261728008675,80.09
2025-06-07 22:00:00,94.87131662251782,94.87131662251792,93.84
2025-06-07 23:00:00,81.86080139670639,81.86080139670645,83.0
2025-06-08 00:00:00,71.22184321172766,69.97028104800835,76.86
2025-06-08 01:00:00,35.93089999999988,35.930899999999994,69.74
2025-06-08 02:00:00,27.44231693236793,27.02427990769613,67.02
2025-06-08 03:00:00,20.437413077687225,20.437413077687253,55.66
2025-06-08 04:00:00,20.21801336529543,20.29477163795672,39.02
2025-06-08 05:00:00,19.979914529914527,19.979914529914527,3.71
2025-06-08 06:00:00,15.198730013543964,15.019513831436928,0.0
2025-06-08 07:00:00,19.979914529914456,19.979914529914527,-0.5
2025-06-08 08:00:00,-9.727490397737729e-14,-0.0,-2.0
2025-06-08 09:00:00,-5.000000000000097,-5.0,-8.21
2025-06-08 10:00:00,-5.0,-5.0,-19.92
2025-06-08 11:00:00,-5.0,-5.0,-39.98
2025-06-08 12:00:00,-5.0,-5.0,-52.56
2025-06-08 13:00:00,-5.0,-5.0,-53.06
2025-06-08 14:00:00,-5.0,-5.0,-38.89
2025-06-08 15:00:00,-5.0,-5.0,-16.71
2025-06-08 16:00:00,-5.000000000000167,-5.0,-0.01
2025-06-08 17:00:00,-5.000000000000327,-5.0,39.65
2025-06-08 18:00:00,13.38622153468062,12.220405261639613,60.88
2025-06-08 19:00:00,19.97991452991468,19.979914529914524,69.55
2025-06-08 20:00:00,20.62731724758683,21.22293665143541,65.07
2025-06-08 21:00:00,20.179071574532266,20.179071574532003,51.13
2025-06-08 22:00:00,19.97991452991482,19.979914529914527,4.8
2025-06-08 23:00:00,19.838192966043806,19.83847918945768,4.15
2025-06-09 00:00:00,18.35097552473273,18.2220316973089,4.19
2025-06-09 01:00:00,19.979914529914808,19.979914529914527,4.27
2025-06-09 02:00:00,19.97991452991478,19.979914529914524,13.42
2025-06-09 03:00:00,20.218013365295878,20.21801336529556,32.2
2025-06-09 04:00:00,35.93090000000062,35.9309,44.97
2025-06-09 05:00:00,72.99449818103558,72.99449818103436,40.04
2025-06-09 06:00:00,70.5865581857805,62.419633503400625,2.97
2025-06-09 07:00:00,19.979914529914918,18.81698533235258,-0.62
2025-06-09 08:00:00,-0.1276987693984658,-2.343012812606826,-1.14
2025-06-09 09:00:00,-5.000000000000767,-5.0,-4.14
2025-06-09 10:00:00,-3.6292105644834542,-3.629210564483257,-10.0
2025-06-09 11:00:00,-5.00000000000153,-5.0,-19.33
2025-06-09 12:00:00,-5.000000000001574,-5.0,-15.76
2025-06-09 13:00:00,-5.000000000001608,-5.0,-4.5
2025-06-09 14:00:00,-5.000000000000669,-5.0,-1.0
2025-06-09 15:00:00,-2.573618353871968,-2.5736183538718818,0.09
2025-06-09 16:00:00,19.97991452991453,19.979914529914527,69.54
2025-06-09 17:00:00,71.25346933765587,71.30611143939313,117.79
2025-06-09 18:00:00,96.27261728008679,96.27261728008675,141.4
2025-06-09 19:00:00,98.221293463173,98.22129346317297,148.42
2025-06-09 20:00:00,98.22129346317304,98.22129346317297,126.52
2025-06-09 21:00:00,97.07137775031265,97.07137775031268,101.19
2025-06-09 22:00:00,94.87131662251801,94.87131662251792,86.65
2025-06-09 23:00:00,81.8608013967065,81.86080139670645,78.07
2025-06-10 00:00:00,71.9815192207585,71.98151922075844,69.66
2025-06-10 01:00:00,60.72162266312419,57.56005334957251,59.95
2025-06-10 02:00:00,71.65123022659903,71.65123022659904,54.16
2025-06-10 03:00:00,72.85526185690246,72.85526185690247,62.18
2025-06-10 04:00:00,94.33875013668035,94.25237040174686,74.62
2025-06-10 05:00:00,96.27261728008678,96.26263004181564,82.79
2025-06-10 06:00:00,87.86051344871224,87.8605134487122,83.17
2025-06-10 07:00:00,33.141684811737505,32.761103332966,69.0
2025-06-10 08:00:00,18.67305127181412,18.688614094693975,22.21
2025-06-10 09:00:00,15.269510451162628,15.269510451162871,0.1
2025-06-10 10:00:00,18.29432893465176,18.29432893465162,-0.19
2025-06-10 11:00:00,5.072964819860687,4.723257345730474,-2.33
2025-06-10 12:00:00,4.6095321495696115,0.9431802349373317,-4.26
2025-06-10 13:00:00,6.9392500676451085,6.939250067646315,-1.04
2025-06-10 14:00:00,-1.459936786354382e-14,-0.1598989758447189,0.03
2025-06-10 15:00:00,6.836321941876982,6.854450254105814,53.99
2025-06-10 16:00:00,13.161907825191065,13.129332140297985,69.6
2025-06-10 17:00:00,20.174743021012503,20.174743021012397,82.08
2025-06-10 18:00:00,35.930900000000236,35.9309,83.97
2025-06-10 19:00:00,81.86080139670719,81.86080139670645,91.28
2025-06-10 20:00:00,89.7107439024397,89.71074390243903,97.94
2025-06-10 21:00:00,87.86051344871287,87.8605134487122,85.31
2025-06-10 22:00:00,87.70727617509007,84.40619854945898,73.01
2025-06-10 23:00:00,87.17688808914733,84.4226098069906,71.38
2025-06-11 00:00:00,81.86080139670756,81.84915293007063,70.58
2025-06-11 01:00:00,77.24634246360148,77.1399561653636,69.86
2025-06-11 02:00:00,77.38238119128471,77.3823811912793,73.59
2025-06-11 03:00:00,89.71074390243976,89.71074390243903,83.6
2025-06-11 04:00:00,97.85956206066643,97.85956206066555,101.26
2025-06-11 05:00:00,99.54538714901848,99.6341793412412,107.8
2025-06-11 06:00:00,98.22129346317297,98.22129346317297,85.09
2025-06-11 07:00:00,87.86051344871474,87.8605134487122,66.7
2025-06-11 08:00:00,35.93090000000116,35.93090000000001,22.98
2025-06-11 09:00:00,20.1747430210124,20.174743021012397,1.3
2025-06-11 10:00:00,20.41331893790761,20.41331893790761,-0.36
2025-06-11 11:00:00,18.766280350186047,18.766280350186065,-0.97
2025-06-11 12:00:00,10.541644191226796,0.2558757697276887,-3.4
2025-06-11 13:00:00,5.1514348342607263e-14,-1.6450733911878608,-2.4
2025-06-11 14:00:00,-4.2811311645462435,-4.281131164546216,-0.01
2025-06-11 15:00:00,5.722028829911244,5.51694365569815,66.47
2025-06-11 16:00:00,28.97943725464898,30.80108821698867,89.34
2025-06-11 17:00:00,92.54273178553247,92.54273178553252,132.28
2025-06-11 18:00:00,99.27364890966906,99.27364890966956,217.0
2025-06-11 19:00:00,100.6169062499994,100.61690625,180.0
2025-06-11 20:00:00,99.27364890966881,99.27364890966956,119.34
2025-06-11 21:00:00,97.85956206066535,97.85956206066555,94.07
2025-06-11 22:00:00,96.27261728008685,96.27261728008672,92.91
2025-06-11 23:00:00,96.27261728008612,96.27261728008675,87.7
2025-06-12 00:00:00,96.27261728008617,96.27261728008675,85.43
2025-06-12 01:00:00,96.27261728008627,96.27261728008675,84.85
2025-06-12 02:00:00,96.27261728008627,96.27261728008675,89.06
2025-06-12 03:00:00,96.32871904138018,96.2941723531365,92.0
2025-06-12 04:00:00,97.85956206066497,97.85956206066555,114.85
2025-06-12 05:00:00,98.22129346317254,98.22129346317297,104.3
2025-06-12 06:00:00,97.07137775031212,97.07137775031268,78.86
2025-06-12 07:00:00,81.8608013967057,82.45049722341716,36.09
2025-06-12 08:00:00,19.97991452991386,19.979914529914524,0.0
2025-06-12 09:00:00,1.4988010832439613e-15,-2.470814071943674,-2.0
2025-06-12 10:00:00,-4.75301566804499,-4.753015668044988,-15.91
2025-06-12 11:00:00,-4.999999999999986,-5.0,-27.9
2025-06-12 12:00:00,-4.9999999999999964,-5.0,-25.47
2025-06-12 13:00:00,-4.9999999999999805,-5.0,-11.57
2025-06-12 14:00:00,-4.999999999999977,-5.0,-2.78
2025-06-12 15:00:00,-4.999999999999923,-5.0,14.9
2025-06-12 16:00:00,13.101622965344735,13.107332153862131,79.96
2025-06-12 17:00:00,35.93089999999998,35.9309,112.55
2025-06-12 18:00:00,92.5427317855325,92.54273178553254,132.0
2025-06-12 19:00:00,89.71074390243876,89.71074390243903,111.0
2025-06-12 20:00:00,87.86051344871208,87.8605134487122,105.0
2025-06-12 21:00:00,35.93089999999979,35.93090000000006,86.9
2025-06-12 22:00:00,35.93089999999978,35.77437323695141,70.29
2025-06-12 23:00:00,33.26856075206417,33.249454476449046,55.25
2025-06-13 00:00:00,33.58273175562712,35.6456377938412,58.61
2025-06-13 01:00:00,33.255923655640885,35.81190880653388,63.42
2025-06-13 02:00:00,35.93089999999983,35.930899999999994,63.84
2025-06-13 03:00:00,81.86080139670625,81.86080139670645,70.71
2025-06-13 04:00:00,96.27261728008651,96.27261728008675,83.68
2025-06-13 05:00:00,96.27261728008646,96.27261728008675,87.26
2025-06-13 06:00:00,96.27261728008641,96.27261728008675,77.39
2025-06-13 07:00:00,35.93089999999991,35.930899999999994,40.03
2025-06-13 08:00:00,12.652813481051098,12.652813481050977,4.1
2025-06-13 09:00:00,-2.3548567471675934,-2.3548567471692774,-0.03
2025-06-13 10:00:00,-5.000000000000149,-5.0,-2.05
2025-06-13 11:00:00,-5.000000000000133,-5.0,-6.09
2025-06-13 12:00:00,-5.0000000000001545,-5.0,-6.01
2025-06-13 13:00:00,-5.000000000000208,-5.0,-2.38
2025-06-13 14:00:00,-5.000000000000264,-5.0,-0.01
2025-06-13 15:00:00,-0.42437321274433487,-0.42487984009225954,35.9
2025-06-13 16:00:00,19.97991452991478,19.979914529914524,80.04
2025-06-13 17:00:00,37.575627596804196,39.83489951673129,108.9
2025-06-13 18:00:00,96.27261728008777,96.27261728008675,111.19
2025-06-13 19:00:00,96.2726172800877,96.27261728008675,94.9
2025-06-13 20:00:00,89.71074390243982,89.71074390243939,90.0
2025-06-13 21:00:00,55.34507293593443,46.179425964886725,71.3
2025-06-13 22:00:00,59.0993673112301,48.97806489117866,73.99
2025-06-13 23:00:00,35.93090000000026,35.93090000000108,71.2
2025-06-14 00:00:00,35.93090000000009,35.930899999999994,66.15
2025-06-14 01:00:00,35.93090000000009,35.9309,66.88
2025-06-14 02:00:00,35.930900000000236,35.97973532637899,68.06
2025-06-14 03:00:00,39.37912234041456,41.46196629273493,64.52
2025-06-14 04:00:00,72.99449818103221,72.78130393068317,54.68
2025-06-14 05:00:00,71.4619893946191,71.46198939462013,20.3
2025-06-14 06:00:00,35.93090000000017,35.9309,7.74
2025-06-14 07:00:00,19.979914529914726,19.979914529914524,0.0
2025-06-14 08:00:00,-1.6843410882269647,-1.8857825695125463,-2.02
2025-06-14 09:00:00,-5.000000000000014,-5.0,-9.08
2025-06-14 10:00:00,-5.000000000000019,-5.0,-35.72
2025-06-14 11:00:00,-5.000000000000016,-5.0,-38.0
2025-06-14 12:00:00,-5.000000000000006,-5.0,-25.75
2025-06-14 13:00:00,-4.8433839303162145,-4.8433839303161985,-6.7
2025-06-14 14:00:00,-4.697447087341141,-4.697447087341148,-0.37
2025-06-14 15:00:00,-1.6480292114330126,-1.6480292114330037,8.86
2025-06-14 16:00:00,21.324754617468404,24.232246633917512,83.38
2025-06-14 17:00:00,80.47380158914521,80.45494767029855,121.55
2025-06-14 18:00:00,96.27261728008668,95.1924181586475,127.27
2025-06-14 19:00:00,96.27261728008662,96.27261728008675,117.68
2025-06-14 20:00:00,96.19449563526919,96.03899783383719,121.39
2025-06-14 21:00:00,90.7676604938271,90.4608630740905,109.0
2025-06-14 22:00:00,92.54273178553247,93.6125270470469,91.93
2025-06-14 23:00:00,92.54273178553237,92.54273178553254,88.87
2025-06-15 00:00:00,87.86051344871213,87.8605134487122,87.23
2025-06-15 01:00:00,87.86051344871221,88.36299748458292,90.94
2025-06-15 02:00:00,94.87131662251784,93.88749991609458,91.99
2025-06-15 03:00:00,96.27261728008658,96.27261728008675,92.15
2025-06-15 04:00:00,96.27261728008676,96.27261728008675,84.99
2025-06-15 05:00:00,96.2726172800868,96.27261728008675,66.21
2025-06-15 06:00:00,87.86051344871211,87.8605134487122,53.86
2025-06-15 07:00:00,35.930899999999895,35.930899999999994,5.55
2025-06-15 08:00:00,27.335682069061942,27.335682069062024,0.0
2025-06-15 09:00:00,19.97991452991448,19.97991452991453,-0.02
2025-06-15 10:00:00,0.5092009243530895,0.5092009243530979,-1.22
2025-06-15 11:00:00,-4.433071629822215,-4.433071629822273,-5.61
2025-06-15 12:00:00,-4.369765316326622,-4.369765316326596,-5.0
2025-06-15 13:00:00,-1.0219958712842157,-1.021995871284252,-2.0
2025-06-15 14:00:00,11.430324385475569,11.43032438547589,-0.01
2025-06-15 15:00:00,18.837637765389857,18.76163628790465,54.79
2025-06-15 16:00:00,33.29853205250302,33.298532052502985,96.43
2025-06-15 17:00:00,73.41893020691325,79.06874279221282,109.0
2025-06-15 18:00:00,94.87131662251768,94.871316622518,114.59
2025-06-15 19:00:00,96.27261728008682,96.27261728008675,135.43
2025-06-15 20:00:00,96.27261728008685,96.27261728008675,127.63
2025-06-15 21:00:00,96.27261728008675,96.27261728008675,106.54
2025-06-15 22:00:00,96.27261728008678,96.27261728008675,105.72
2025-06-15 23:00:00,89.71074390243896,89.71074390243909,91.64
2025-06-16 00:00:00,87.86051344871242,87.8605134487122,86.94
2025-06-16 01:00:00,87.86051344871257,87.86051344871231,84.0
2025-06-16 02:00:00,87.86051344871221,87.8605134487122,83.28
2025-06-16 03:00:00,96.27261728008666,96.27261728008676,88.39
2025-06-16 04:00:00,97.85956206066571,97.85956206066555,112.43
2025-06-16 05:00:00,99.27364890966967,99.27364890966956,123.49
2025-06-16 06:00:00,99.2736489096697,99.27364890966956,108.92
2025-06-16 07:00:00,96.27261728008682,96.27261728008675,84.49
2025-06-16 08:00:00,65.2695943573356,65.26959435733538,60.28
2025-06-16 09:00:00,20.174743021012443,20.174743021012397,14.02
2025-06-16 10:00:00,19.979914529914552,19.979914529914527,1.62
2025-06-16 11:00:00,7.354260373959617,4.858269478655074,0.07
2025-06-16 12:00:00,4.768260246522663,3.1908238878047404,0.0
2025-06-16 13:00:00,19.979914529914478,19.979914529914527,0.0
2025-06-16 14:00:00,20.17474302101248,20.174743021012397,13.61
2025-06-16 15:00:00,35.930900000000086,35.9309,70.0
2025-06-16 16:00:00,77.20694810703569,76.93413652872262,89.24
2025-06-16 17:00:00,97.07137775031269,97.07137775031268,116.0
2025-06-16 18:00:00,99.7083484256845,99.7083484256849,186.1
2025-06-16 19:00:00,102.61829602164254,102.6182960216428,190.0
2025-06-16 20:00:00,102.58352832031572,102.58444445075968,129.18
2025-06-16 21:00:00,100.66654331474967,100.66654331474969,106.9
2025-06-16 22:00:00,99.74966268871333,99.85518999881874,103.98
2025-06-16 23:00:00,98.22129346317271,98.22129346317297,98.26
2025-06-17 00:00:00,97.8595620606654,97.85956206066555,94.95
2025-06-17 01:00:00,97.85956206066555,97.85956206066555,94.19
2025-06-17 02:00:00,98.22129346317274,98.22129346317297,95.24
2025-06-17 03:00:00,98.221293463173,98.22129346317297,102.51
2025-06-17 04:00:00,100.61690624999969,100.61690625,118.76
2025-06-17 05:00:00,100.61690624999959,100.61690625,107.01
2025-06-17 06:00:00,99.81968596849484,99.83007950532408,98.59
2025-06-17 07:00:00,94.87131662251795,94.87131662251801,70.74
2025-06-17 08:00:00,32.392472354780395,32.39247235477809,4.34
2025-06-17 09:00:00,-2.6290081223123707e-13,-0.0,-0.61
2025-06-17 10:00:00,3.552713678800501e-14,-1.737344825378253,-0.86
2025-06-17 11:00:00,-5.000000000000277,-5.0,-4.91
2025-06-17 12:00:00,-4.999999999999453,-5.0,-6.2
2025-06-17 13:00:00,-5.0,-5.0,-2.56
2025-06-17 14:00:00,-4.999999999999999,-5.0,8.65
2025-06-17 15:00:00,10.935480069482743,10.938201083334176,79.23
2025-06-17 16:00:00,35.93090000000141,35.93090000000001,103.36
2025-06-17 17:00:00,96.27261728006414,96.27261728008675,129.08
2025-06-17 18:00:00,103.71008901870752,103.71008901870537,241.8
2025-06-17 19:00:00,108.36740106667291,108.36740106671736,241.38
2025-06-17 20:00:00,108.3523041637404,108.34978891765255,138.19
2025-06-17 21:00:00,102.94866891165651,102.9441496953581,116.36
2025-06-17 22:00:00,100.61690624999935,100.61690625,113.0
2025-06-17 23:00:00,99.27364890967146,99.27364890966956,106.8
2025-06-18 00:00:00,98.22129346317183,98.22129346317297,101.5
2025-06-18 01:00:00,98.22129346317445,98.22129346317297,95.84
2025-06-18 02:00:00,98.22129346317267,98.22129346317297,97.01
2025-06-18 03:00:00,99.27364890966858,99.27364890966956,103.57
2025-06-18 04:00:00,100.6665433147552,100.66654331474969,112.35
2025-06-18 05:00:00,106.59414515360946,106.59445336544077,114.9
2025-06-18 06:00:00,102.29922146667022,102.30551336605112,111.39
2025-06-18 07:00:00,97.85956206066554,97.85956206066555,78.97
2025-06-18 08:00:00,37.14080992432347,37.14080992432346,21.77
2025-06-18 09:00:00,9.023533717077093,8.41502068032811,1.17
2025-06-18 10:00:00,3.4649495717162664e-15,-1.7115845712554059,-0.23
2025-06-18 11:00:00,-2.0272926336717974e-14,-1.646637856003576,-1.04
2025-06-18 12:00:00,-3.979384788078639,-3.979384788078692,-2.3
2025-06-18 13:00:00,-4.262981028380499,-4.262981028380495,-2.17
2025-06-18 14:00:00,-1.6421348155284086,-1.642134815528291,0.99
2025-06-18 15:00:00,18.77389623276705,18.765878775469446,74.0
2025-06-18 16:00:00,70.33143315857374,68.8848860931674,107.15
2025-06-18 17:00:00,97.07137775031306,97.07137775031269,116.4
2025-06-18 18:00:00,102.22984223630651,102.22959744297735,140.99
2025-06-18 19:00:00,107.82109992121593,107.82109992121593,175.32
2025-06-18 20:00:00,107.38017480038499,107.38017480038486,133.06
2025-06-18 21:00:00,100.66654331474969,100.66654331474969,115.35
2025-06-18 22:00:00,99.63530910102537,99.82900326684214,112.2
2025-06-18 23:00:00,99.27364890966956,99.27364890966959,106.4
2025-06-19 00:00:00,98.2212934631731,98.22129346317297,105.29
2025-06-19 01:00:00,97.85956206066564,97.85956206066555,99.51
2025-06-19 02:00:00,97.85956206066564,97.85956206066555,100.94
2025-06-19 03:00:00,97.85956206066564,97.85956206066555,95.68
2025-06-19 04:00:00,98.22129346317304,98.22129346317297,101.51
2025-06-19 05:00:00,98.40096638625619,98.40390168745806,89.25
2025-06-19 06:00:00,97.85956206066565,97.85956206066555,71.25
2025-06-19 07:00:00,81.67000276243101,81.67000276243094,0.86
2025-06-19 08:00:00,-6.217248937900877e-14,-1.7391607307985897,-1.33
2025-06-19 09:00:00,-4.9999999999999565,-5.0,-29.98
2025-06-19 10:00:00,-4.999999999999992,-5.0,-52.21
2025-06-19 11:00:00,-4.999999999999955,-5.0,-65.44
2025-06-19 12:00:00,-4.99999999999997,-5.0,-64.95
2025-06-19 13:00:00,-5.000000000000061,-5.0,-39.79
2025-06-19 14:00:00,-5.000000000000021,-5.0,-4.95
2025-06-19 15:00:00,-2.9359333871246873,-2.9359333871254147,2.3
2025-06-19 16:00:00,8.028260054184216,7.723724867234729,80.33
2025-06-19 17:00:00,70.0197934789714,70.02209523054964,118.47
2025-06-19 18:00:00,97.8595620606656,97.85956206066555,138.85
2025-06-19 19:00:00,100.01206167858436,100.012061678584,141.8
2025-06-19 20:00:00,100.13286034141804,100.16722544136424,129.66
2025-06-19 21:00:00,98.22129346317308,98.22129346317297,108.89
2025-06-19 22:00:00,97.85956206066575,97.85956206066555,109.49
2025-06-19 23:00:00,97.07137775031288,97.07137775031268,104.57
2025-06-20 00:00:00,97.07137775031285,97.07137775031268,103.24
2025-06-20 01:00:00,97.07137775031289,97.07137775031268,105.01
2025-06-20 02:00:00,97.8595620606655,97.85956206066555,104.27
2025-06-20 03:00:00,98.22129346317298,98.22129346317297,109.04
2025-06-20 04:00:00,99.87107114078009,99.87107114078002,120.9
2025-06-20 05:00:00,100.61690625000008,100.61690625,118.66
2025-06-20 06:00:00,100.6762462874176,100.6698779346596,110.98
2025-06-20 07:00:00,96.2726172800867,96.27261728008675,81.69
2025-06-20 08:00:00,24.07221677728565,24.072216777285725,15.83
2025-06-20 09:00:00,-2.0751396126728925e-13,-1.737704444256794,4.03
2025-06-20 10:00:00,-1.5631383985228973e-13,-1.9067807473479537,0.0
2025-06-20 11:00:00,-5.000000000000177,-5.0,-1.0
2025-06-20 12:00:00,-5.000000000000169,-5.0,-0.17
2025-06-20 13:00:00,-5.000000000000257,-5.0,0.91
2025-06-20 14:00:00,-4.268182870746058,-4.26818287074699,28.99
2025-06-20 15:00:00,-1.7839539058121591e-13,3.552713678800501e-15,87.35
2025-06-20 16:00:00,35.930900000000086,35.9309,111.01
2025-06-20 17:00:00,96.27261728008673,96.27261728008675,136.13
2025-06-20 18:00:00,99.2736489096696,99.27364890966956,201.29
2025-06-20 19:00:00,102.58891261520648,102.58891261520641,178.63
2025-06-20 20:00:00,102.5802843012648,102.58028430126487,137.05
2025-06-20 21:00:00,100.61690625000011,100.61690625,121.38
2025-06-20 22:00:00,98.2212934631732,98.22129346317297,118.52
2025-06-20 23:00:00,98.22129346317313,98.22129346317297,110.48
2025-06-21 00:00:00,97.85956206066531,97.85956206066555,108.15
2025-06-21 01:00:00,97.85956206066551,97.85956206066555,106.76
2025-06-21 02:00:00,97.85956206066561,97.85956206066555,109.1
2025-06-21 03:00:00,97.85956206066561,97.85956206066555,104.45
2025-06-21 04:00:00,97.85956206066562,97.85956206066555,100.71
2025-06-21 05:00:00,97.85956206066561,97.85956206066555,90.74
2025-06-21 06:00:00,97.07137775031283,97.07137775031268,75.93
2025-06-21 07:00:00,67.67374277974085,67.67374277974037,23.4
2025-06-21 08:00:00,19.102870698684534,19.022841975075686,0.19
2025-06-21 09:00:00,2.124594648867855,0.6760596554157896,-2.01
2025-06-21 10:00:00,-4.396151354629977,-4.39615135462995,-13.96
2025-06-21 11:00:00,-5.000000000000015,-5.0,-29.98
2025-06-21 12:00:00,-5.000000000000015,-5.0,-26.31
2025-06-21 13:00:00,-4.841528214434757,-4.841528214434762,-4.42
2025-06-21 14:00:00,-2.6976153892212788e-14,7.402390332644782e-16,0.09
2025-06-21 15:00:00,2.1342659728935372e-14,-1.6419708091109548,59.99
2025-06-21 16:00:00,23.026218886669547,23.10727657201366,100.95
2025-06-21 17:00:00,94.87131662251791,94.87131662251792,127.9
2025-06-21 18:00:00,99.72342806912812,99.84014499017745,156.74
2025-06-21 19:00:00,100.61690624999997,100.61690625,165.3
2025-06-21 20:00:00,100.6665433147497,100.66654331474969,140.78
2025-06-21 21:00:00,99.27364890966977,99.27364890966956,119.2
2025-06-21 22:00:00,97.07137775031278,97.07137775031268,108.15
2025-06-21 23:00:00,96.27261728008683,96.27261728008675,101.07
2025-06-22 00:00:00,87.86051344871215,87.8605134487122,97.46
2025-06-22 01:00:00,87.86051344871217,84.82360582817935,92.12
2025-06-22 02:00:00,81.86080139670662,81.86080139670644,89.69
2025-06-22 03:00:00,81.67000276243097,81.6700027624526,87.95
2025-06-22 04:00:00,81.67000276243114,81.83482879273232,71.98
2025-06-22 05:00:00,81.67000276243077,81.67000276244225,26.44
2025-06-22 06:00:00,64.60849904433091,64.60849904433138,0.0
2025-06-22 07:00:00,19.979914529914478,19.979914529914527,-0.09
2025-06-22 08:00:00,1.7563856288843063,0.7852812009870256,-11.11
2025-06-22 09:00:00,-4.786182031517031,-4.78618203151704,-38.56
2025-06-22 10:00:00,-4.9999999999999725,-5.0,-67.41
2025-06-22 11:00:00,-4.99999999999998,-5.0,-99.01
2025-06-22 12:00:00,-4.9999999999999885,-5.0,-81.0
2025-06-22 13:00:00,-4.999999999999999,-5.0,-40.09
2025-06-22 14:00:00,-4.999999999999991,-5.0,-7.68
2025-06-22 15:00:00,-5.000000000000002,-5.0,-0.01
2025-06-22 16:00:00,13.006885164049855,7.3338916232592535,69.75
2025-06-22 17:00:00,35.93090000000286,35.93090000000024,109.33
2025-06-22 18:00:00,74.93778700418879,77.12972570663645,123.9
2025-06-22 19:00:00,89.71074390243729,89.71074390243903,134.33
2025-06-22 20:00:00,96.27261728008698,96.27261728008675,126.32
2025-06-22 21:00:00,81.86080139670572,81.86080139671321,101.63
2025-06-22 22:00:00,87.86051344871196,87.8605134487122,70.3
2025-06-22 23:00:00,81.6700027624305,77.19759794012468,63.8
2025-06-23 00:00:00,72.14332030152731,72.14332030151307,63.79
2025-06-23 01:00:00,60.74082158832249,58.12181340165118,64.51
2025-06-23 02:00:00,35.93090000000056,35.93090000000002,72.5
2025-06-23 03:00:00,37.77090032746795,44.6365863140344,84.92
2025-06-23 04:00:00,74.93786762768383,77.11036566380544,89.12
2025-06-23 05:00:00,81.6700027624314,81.67000276244819,92.24
2025-06-23 06:00:00,75.38592364830797,75.35242648277391,78.96
2025-06-23 07:00:00,16.837720669063472,16.83772066906267,18.64
2025-06-23 08:00:00,-4.999999999998714,-5.0,-0.01
2025-06-23 09:00:00,-4.999999999999005,-5.0,-6.11
2025-06-23 10:00:00,-4.999999999998959,-5.0,-12.76
2025-06-23 11:00:00,-4.999999999999027,-5.0,-26.45
2025-06-23 12:00:00,-4.999999999999044,-5.0,-32.75
2025-06-23 13:00:00,-4.9999999999988525,-5.0,-32.69
2025-06-23 14:00:00,-4.99999999999887,-5.0,-25.0
2025-06-23 15:00:00,-5.0,-5.0,-13.11
2025-06-23 16:00:00,-5.0,-5.0,-1.01
2025-06-23 17:00:00,-3.3070177340550924,-3.3070177340550515,20.0
2025-06-23 18:00:00,19.979914529914748,19.979914529914524,83.5
2025-06-23 19:00:00,35.93090000000047,35.93090000000001,90.0
2025-06-23 20:00:00,35.930900000000314,35.930900000000015,97.78
2025-06-23 21:00:00,35.930900000000314,35.93090000000001,89.53
2025-06-23 22:00:00,35.930899999999944,35.9309,77.08
2025-06-23 23:00:00,34.94287529254165,34.915735059320454,66.79
2025-06-24 00:00:00,35.93090000000038,35.118327003438374,63.79
2025-06-24 01:00:00,35.93090000000038,35.11832700343997,58.12
2025-06-24 02:00:00,35.93090000000017,35.11832700343894,66.52
2025-06-24 03:00:00,35.93090000000046,35.93089999999999,69.75
2025-06-24 04:00:00,70.01734513456296,71.39389238718336,88.15
2025-06-24 05:00:00,75.04128528975924,75.02309729218655,88.02
2025-06-24 06:00:00,35.9309000000006,35.930900000000186,41.27
2025-06-24 07:00:00,4.690402049087523,0.6601843707570486,-0.01
2025-06-24 08:00:00,-4.999999999999979,-5.0,-4.01
2025-06-24 09:00:00,-5.0,-5.0,-12.41
2025-06-24 10:00:00,-4.999999999999995,-5.0,-20.09
2025-06-24 11:00:00,-4.9999999999999805,-5.0,-22.75
2025-06-24 12:00:00,-4.9999999999999964,-5.0,-19.27
2025-06-24 13:00:00,-4.999999999999995,-5.0,-7.56
2025-06-24 14:00:00,-4.999999999999966,-5.0,-3.06
2025-06-24 15:00:00,-4.999999999999991,-5.0,2.09
2025-06-24 16:00:00,1.6124850775163129,1.604957201583943,61.77
2025-06-24 17:00:00,20.17907157453203,20.17907157453201,97.25
2025-06-24 18:00:00,37.23575846374092,37.33221148858959,123.9
2025-06-24 19:00:00,87.86051344871218,87.8605134487122,122.49
2025-06-24 20:00:00,87.86051344871214,87.8605134487122,97.41
2025-06-24 21:00:00,81.6700027624309,81.670002762443,98.02
2025-06-24 22:00:00,40.56152841846761,40.19531414445394,78.85
2025-06-24 23:00:00,35.93090000000001,35.9309,67.63
2025-06-25 00:00:00,35.93090000000007,34.754486227627666,70.02
2025-06-25 01:00:00,35.9309,34.75448622762765,69.07
2025-06-25 02:00:00,35.930899999999994,35.930900000000086,70.01
2025-06-25 03:00:00,42.03491485988712,42.062821646744545,82.77
2025-06-25 04:00:00,81.86080139670648,87.65976813377938,105.72
2025-06-25 05:00:00,97.07137775031268,97.07137775031268,112.36
2025-06-25 06:00:00,97.07137775031268,97.07137775031268,97.87
2025-06-25 07:00:00,81.67000276243094,81.67000276243093,70.02
2025-06-25 08:00:00,19.979914529914524,19.97991452991453,10.07
2025-06-25 09:00:00,-0.0,-1.7377044442567975,0.07
2025-06-25 10:00:00,-2.220446049250313e-16,-2.4438880889263306,-0.02
2025-06-25 11:00:00,-4.999999999999999,-5.0,-0.14
2025-06-25 12:00:00,-4.999999999999998,-5.0,-0.51
2025-06-25 13:00:00,-4.999999999999997,-5.0,0.0
2025-06-25 14:00:00,-4.999999999999989,-5.0,17.84
2025-06-25 15:00:00,12.820623171969908,12.744784655880874,84.47
2025-06-25 16:00:00,38.59914438219201,38.889010649851166,105.8
2025-06-25 17:00:00,98.22129346317291,98.22129346317297,134.19
2025-06-25 18:00:00,108.44093482582016,108.44093482582154,200.0
2025-06-25 19:00:00,109.18753070544889,109.18792536391766,247.02
2025-06-25 20:00:00,109.24390147705329,109.24342264619371,173.62
2025-06-25 21:00:00,108.43884665352995,108.43884665353256,126.84
2025-06-25 22:00:00,102.94111920277795,102.9410812419271,119.95
2025-06-25 23:00:00,100.61690624999714,100.61690625000006,107.63
2025-06-26 00:00:00,99.27364890966886,99.27364890966956,102.83
2025-06-26 01:00:00,98.2212934631742,98.22129346317297,98.62
2025-06-26 02:00:00,99.27364890967004,99.27364890966956,98.79
2025-06-26 03:00:00,99.83105612066764,99.71594090701132,102.91
2025-06-26 04:00:00,100.62652222395977,100.63811161236733,119.9
2025-06-26 05:00:00,100.62355990903286,100.62355990903457,120.91
2025-06-26 06:00:00,99.8591398072381,99.78993871497322,106.79
2025-06-26 07:00:00,97.85956206066702,97.85956206066297,96.45
2025-06-26 08:00:00,77.68266913677081,77.16948319467537,88.95
2025-06-26 09:00:00,28.37807088450706,28.28587812924008,77.88
2025-06-26 10:00:00,20.17474302101272,20.174743021012397,70.25
2025-06-26 11:00:00,18.760897174953083,18.7608971749566,59.25
2025-06-26 12:00:00,-1.2874675018152368,-1.292787637272541,51.12
2025-06-26 13:00:00,3.1122806129941982,0.7263050056998779,48.99
2025-06-26 14:00:00,3.3238972409803766,1.9305735493522655,63.04
2025-06-26 15:00:00,13.974159076564815,15.095387592365043,70.3
2025-06-26 16:00:00,20.961229936657016,20.961229936654448,89.23
2025-06-26 17:00:00,30.65820231506114,31.195012175900565,93.95
2025-06-26 18:00:00,35.93090000000042,35.93089999999104,99.14
2025-06-26 19:00:00,67.66087667209236,67.66087667209219,100.0
2025-06-26 20:00:00,69.15696207346481,70.47278141326126,108.64
2025-06-26 21:00:00,38.99435879304369,39.166279010822706,97.23
2025-06-26 22:00:00,60.21972104605879,70.09229694005805,84.5
2025-06-26 23:00:00,50.722320500191785,44.197881469686486,78.83
2025-06-27 00:00:00,78.00776724809378,77.84231525231851,75.67
2025-06-27 01:00:00,80.25305828951764,80.0999220448885,80.41
2025-06-27 02:00:00,80.20576256408228,80.08810016602142,82.39
2025-06-27 03:00:00,81.67000276243063,81.66191027440766,88.9
2025-06-27 04:00:00,96.27261728008675,96.27261728008675,105.58
2025-06-27 05:00:00,96.27261728008654,96.27261728008675,113.2
2025-06-27 06:00:00,94.66189525829527,94.6528775125107,107.7
2025-06-27 07:00:00,81.8608013967065,81.86080139670652,90.94
2025-06-27 08:00:00,22.23780397173595,22.23780397173595,79.12
2025-06-27 09:00:00,19.979914529914495,19.979914529914524,67.45
2025-06-27 10:00:00,19.97991452991458,19.979914529914524,54.53
2025-06-27 11:00:00,19.97991452991455,19.979914529914527,28.3
2025-06-27 12:00:00,5.476281651713694,0.5528313733196087,7.87
2025-06-27 13:00:00,-9.338439206135681e-14,2.441102875394563e-14,9.88
2025-06-27 14:00:00,1.4457354867491325,1.4457354867496548,29.92
2025-06-27 15:00:00,19.979914529914527,19.979914529914524,70.68
2025-06-27 16:00:00,36.31989441842362,44.335982636784706,91.73
2025-06-27 17:00:00,79.41049645400922,76.22709971547317,107.15
2025-06-27 18:00:00,96.272617280086,96.27261728008675,124.86
2025-06-27 19:00:00,97.85956206066508,97.85956206066557,134.94
2025-06-27 20:00:00,98.22129346317269,98.22129346317297,126.24
2025-06-27 21:00:00,97.07137775031224,97.0713777503127,107.7
2025-06-27 22:00:00,87.86051344871179,87.8605134487122,94.7
2025-06-27 23:00:00,74.93786762769786,76.29406555997261,89.61
2025-06-28 00:00:00,74.97273536780918,76.11214443109347,82.02
2025-06-28 01:00:00,75.56063794532633,75.51115168632361,76.59
2025-06-28 02:00:00,73.05504117970756,72.90323604288581,70.27
2025-06-28 03:00:00,72.78794636262259,70.45521610286012,75.4
2025-06-28 04:00:00,73.29913186928115,73.30182622219556,74.0
2025-06-28 05:00:00,73.06304159888153,73.06308382376889,58.84
2025-06-28 06:00:00,64.4826865933027,53.48809663704426,27.8
2025-06-28 07:00:00,13.808699106145754,13.808699106145191,2.34
2025-06-28 08:00:00,-4.18136073307214,-4.181360733072131,0.01
2025-06-28 09:00:00,-4.999999999999993,-5.0,-0.04
2025-06-28 10:00:00,-3.7786143359473314,-3.778614335947303,-1.0
2025-06-28 11:00:00,-5.000000000000007,-5.0,-2.01
2025-06-28 12:00:00,-3.885285849624047,-3.88528584962402,-3.09
2025-06-28 13:00:00,-4.106147235056881,-4.10614723505685,-1.01
2025-06-28 14:00:00,-5.0,-5.0,-1.0
2025-06-28 15:00:00,-4.999999999999993,-5.0,2.97
2025-06-28 16:00:00,13.515409376701022,7.345465097593479,62.73
2025-06-28 17:00:00,30.0593310158424,35.655322192130264,95.03
2025-06-28 18:00:00,73.6508000960082,73.49856052794723,108.99
2025-06-28 19:00:00,76.99710239220171,77.13376985762486,123.86
2025-06-28 20:00:00,79.24101827921056,79.46735388850875,119.84
2025-06-28 21:00:00,77.24884959343487,77.1305794326666,103.5
2025-06-28 22:00:00,77.24884959343458,77.16185781445668,95.07
2025-06-28 23:00:00,73.59006932175186,75.87058195651855,89.42
2025-06-29 00:00:00,73.58961337643322,73.42627408684135,89.66
2025-06-29 01:00:00,73.58961337643304,73.42627408684137,86.82
2025-06-29 02:00:00,73.6090628313342,73.42643359792778,85.31
2025-06-29 03:00:00,73.61293066357239,73.4264648343681,85.3
2025-06-29 04:00:00,76.97651994201013,76.83064102266559,86.39
2025-06-29 05:00:00,87.86051344871235,87.8605134487122,74.92
2025-06-29 06:00:00,81.67000276243093,81.67000276243094,47.52
2025-06-29 07:00:00,29.36002794021712,29.36002794021677,1.99
2025-06-29 08:00:00,20.174743021012397,20.174743021012397,0.0
2025-06-29 09:00:00,0.8460968218154408,0.8460968218154479,-0.26
2025-06-29 10:00:00,-3.6779342654387905,-3.6779342654388114,-5.4
2025-06-29 11:00:00,-5.0,-5.0,-20.1
2025-06-29 12:00:00,-5.0000000000000036,-5.0,-24.01
2025-06-29 13:00:00,-5.000000000000004,-5.0,-15.45
2025-06-29 14:00:00,-4.9999999999999964,-5.0,-2.69
2025-06-29 15:00:00,-5.000000000000005,-5.0,0.01
2025-06-29 16:00:00,4.150535393116143,0.19077337939185068,77.44
2025-06-29 17:00:00,36.87546915106397,37.09392989873566,102.14
2025-06-29 18:00:00,97.07137775031268,97.07137775031268,111.98
2025-06-29 19:00:00,98.22129346317294,98.22129346317297,118.07
2025-06-29 20:00:00,100.25065886458977,100.27839005148607,113.73
2025-06-29 21:00:00,98.22129346317297,98.22129346317297,101.0
2025-06-29 22:00:00,97.07137775031246,97.07137775031268,98.73
2025-06-29 23:00:00,97.07137775031248,97.07137775031268,89.03
2025-06-30 00:00:00,97.0713777503124,97.07137775031268,85.03
2025-06-30 01:00:00,97.07137775031241,97.07137775031268,84.13
2025-06-30 02:00:00,97.85956206066528,97.85956206066555,86.51
2025-06-30 03:00:00,98.22129346317261,98.22129346317297,97.41
2025-06-30 04:00:00,100.45442507401755,100.45442507401765,114.9
2025-06-30 05:00:00,103.83030338606814,103.83132358876986,111.7
2025-06-30 06:00:00,102.48111806900712,102.48111806900707,108.52
2025-06-30 07:00:00,99.2736489096697,99.27364890966956,91.77
2025-06-30 08:00:00,69.32264252756406,69.32264252756434,74.65
2025-06-30 09:00:00,18.673051271813833,18.673051271813907,43.73
2025-06-30 10:00:00,2.788880237858393e-13,-1.661683526834213,19.05
2025-06-30 11:00:00,-2.7348463118753585,-2.7348463118742936,9.96
2025-06-30 12:00:00,-4.999999999999835,-5.0,19.65
2025-06-30 13:00:00,-4.17832639115127,-4.178326391150169,60.0
2025-06-30 14:00:00,-1.650630689172429,-1.6506306891725178,80.5
2025-06-30 15:00:00,19.97991452991464,19.979914529914527,91.98
2025-06-30 16:00:00,83.15026228459337,83.97123606934733,110.01
2025-06-30 17:00:00,100.16626012771953,100.16626012771914,178.94
2025-06-30 18:00:00,108.54313208115849,108.54313208115825,288.97
2025-06-30 19:00:00,109.00577522445396,109.00577522445401,233.35
2025-06-30 20:00:00,108.54358752252611,108.5435875225259,157.0
2025-06-30 21:00:00,102.21734341048057,102.21734341048037,122.65
2025-06-30 22:00:00,100.39851606765171,100.43040989204877,111.28
2025-06-30 23:00:00,100.10332659309746,99.3288032216866,95.29
2025-07-01 00:00:00,100.6665433147497,100.66654331474969,89.1
2025-07-01 01:00:00,100.6169062499999,100.61690625,88.08
2025-07-01 02:00:00,100.61690624999997,100.61690625,90.01
2025-07-01 03:00:00,101.94312531772114,101.8696468811351,96.5
2025-07-01 04:00:00,107.48967008340787,107.48964095817234,114.97
2025-07-01 05:00:00,108.63566714899608,108.63566714899555,120.11
2025-07-01 06:00:00,108.49935688381693,108.44616452259667,114.72
2025-07-01 07:00:00,105.25846076329694,105.23426715184891,91.19
2025-07-01 08:00:00,98.22129346317293,98.22129346317297,84.31
2025-07-01 09:00:00,35.930899999999674,35.93090000000001,69.56
2025-07-01 10:00:00,21.530718856042554,21.530718856042547,44.54
2025-07-01 11:00:00,19.9799145299146,19.97991452991453,42.47
2025-07-01 12:00:00,19.97991452991459,19.979914529914524,57.65
2025-07-01 13:00:00,19.979914529914222,19.979914529914527,78.14
2025-07-01 14:00:00,25.519103617749966,26.28323303582596,90.8
2025-07-01 15:00:00,87.86051344871258,87.8605134487122,102.02
2025-07-01 16:00:00,99.2736489096696,99.27364890966956,152.08
2025-07-01 17:00:00,107.14837644051855,107.14837644051812,307.27
2025-07-01 18:00:00,109.33902063762993,109.33870596791999,476.19
2025-07-01 19:00:00,109.33902063762997,109.3390206376299,406.81
2025-07-01 20:00:00,109.33758611151198,109.337586111512,250.01
2025-07-01 21:00:00,108.46229490762526,108.44597010291368,147.65
2025-07-01 22:00:00,108.27444481408467,108.309947349662,119.29
2025-07-01 23:00:00,106.86159675900703,106.49053204959266,102.7
2025-07-02 00:00:00,106.86159675900703,106.36478991156024,92.54
2025-07-02 01:00:00,103.30365845824416,103.26140542392164,92.08
2025-07-02 02:00:00,101.8408251930584,101.83404434598556,91.71
2025-07-02 03:00:00,106.17419665370511,106.36469682978685,100.55
2025-07-02 04:00:00,108.32102232145506,108.35185049848236,116.43
2025-07-02 05:00:00,109.0617501538645,109.06045500694367,110.42
2025-07-02 06:00:00,108.96107765711392,108.94717444825231,104.52
2025-07-02 07:00:00,107.14837644051812,106.57749140646915,92.62
2025-07-02 08:00:00,100.20574545477515,100.20574545477513,81.06
2025-07-02 09:00:00,96.27261728008688,96.27261728008675,69.93
2025-07-02 10:00:00,25.476320655964436,25.47632065596466,36.12
2025-07-02 11:00:00,20.413318937907707,20.41331893790761,32.59
2025-07-02 12:00:00,19.9799145299146,19.979914529914524,46.61
2025-07-02 13:00:00,21.156928008562456,21.156928008562588,71.49
2025-07-02 14:00:00,26.311321618781346,26.311321618781413,79.6
2025-07-02 15:00:00,34.71292985751265,34.77625496147273,89.27
2025-07-02 16:00:00,87.86051344871264,87.8605134487122,113.99
2025-07-02 17:00:00,99.27364890967011,99.27364890966956,186.01
2025-07-02 18:00:00,102.84647332979404,102.84647332979442,240.07
2025-07-02 19:00:00,107.14837644051805,107.14837644051812,180.21
2025-07-02 20:00:00,102.69656741573078,102.70020456622049,134.93
2025-07-02 21:00:00,100.66654331475026,100.62540873131887,108.5
2025-07-02 22:00:00,100.61690625000018,100.61690625,83.49
2025-07-02 23:00:00,98.22129346317367,98.22129346317297,81.15
2025-07-03 00:00:00,97.07137775031289,97.07137775031268,79.0
2025-07-03 01:00:00,96.27261728008754,96.27261728008675,78.93
2025-07-03 02:00:00,92.54273178553294,92.54273178553254,80.88
2025-07-03 03:00:00,96.27261728008729,96.27261728008675,86.45
2025-07-03 04:00:00,98.71145170826172,98.67447136796122,104.92
2025-07-03 05:00:00,100.61690625000071,100.61690625,108.03
2025-07-03 06:00:00,100.6169062500007,100.62140559856617,104.9
2025-07-03 07:00:00,98.22129346317338,98.22129346317297,90.45
2025-07-03 08:00:00,89.12174847060247,89.12174847060206,75.06
2025-07-03 09:00:00,26.2264718967957,26.226471896795847,57.35
2025-07-03 10:00:00,21.254037246808064,21.254037246808682,42.16
2025-07-03 11:00:00,16.26260259308106,16.262602593081027,33.91
2025-07-03 12:00:00,-3.9793847880775592,-3.979384788078669,24.72
2025-07-03 13:00:00,-4.99999999999972,-5.0,37.86
2025-07-03 14:00:00,2.278177646530821e-13,0.347449881320697,58.57
2025-07-03 15:00:00,21.698276698464937,21.698276698465047,81.0
2025-07-03 16:00:00,65.0136168574393,65.01361685744028,95.19
2025-07-03 17:00:00,98.81885472304194,99.01525518862563,107.2
2025-07-03 18:00:00,103.02489061015977,102.98335752594657,146.96
2025-07-03 19:00:00,108.10109259259264,107.55979099121758,166.67
2025-07-03 20:00:00,108.28002285810611,108.27992755843798,133.3
2025-07-03 21:00:00,107.1483764405183,107.14837644051812,117.03
2025-07-03 22:00:00,106.34317429495691,103.67191431784052,111.01
2025-07-03 23:00:00,102.79857126619268,102.79153259948268,105.45
2025-07-04 00:00:00,102.38581973546424,101.4911070462664,101.31
2025-07-04 01:00:00,100.61690625000018,100.50167960354379,98.44
2025-07-04 02:00:00,100.61690624999922,100.35402376180012,103.2
2025-07-04 03:00:00,100.66654331474955,100.66654331474969,106.63
2025-07-04 04:00:00,107.14837644051714,107.14837644051812,122.38
2025-07-04 05:00:00,108.44311270293272,108.48566645719417,116.46
2025-07-04 06:00:00,107.44976902533094,107.44976902533203,100.0
2025-07-04 07:00:00,99.27364890966868,99.27833805941249,91.15
2025-07-04 08:00:00,87.86051344871152,87.8605134487122,70.01
2025-07-04 09:00:00,29.27465279708393,29.274652797082688,6.69
2025-07-04 10:00:00,20.413318937907135,20.41331893790761,-0.05
2025-07-04 11:00:00,-1.6320972351380192e-13,-0.0,-1.56
2025-07-04 12:00:00,-4.5526575095501425,-4.552657509552818,-1.37
2025-07-04 13:00:00,-5.000000000002752,-5.0,-0.61
2025-07-04 14:00:00,19.827197683145897,19.826410525263586,2.39
2025-07-04 15:00:00,28.93443530073851,28.91490425696585,62.04
2025-07-04 16:00:00,74.71873407571636,76.8124895026356,88.68
2025-07-04 17:00:00,96.27261728008676,96.27261728008675,110.0
2025-07-04 18:00:00,100.61690625000004,100.61690625,130.74
2025-07-04 19:00:00,104.80645239644002,104.73348492354233,150.1
2025-07-04 20:00:00,101.9391806422992,102.04293049752224,129.68
2025-07-04 21:00:00,100.61690624999989,100.61690625,107.99
2025-07-04 22:00:00,98.22129346317301,98.22129346317297,104.2
2025-07-04 23:00:00,93.05355890192718,93.05482327656676,94.98
2025-07-05 00:00:00,84.56926862950219,84.63528751826665,96.5
2025-07-05 01:00:00,81.86080139670568,81.796679056471,93.4
2025-07-05 02:00:00,76.84099391436656,76.84099391436659,94.5
2025-07-05 03:00:00,76.84099391436659,76.84099391436659,83.49
2025-07-05 04:00:00,76.84099391436656,76.84099391436659,84.47
2025-07-05 05:00:00,76.84099391436659,76.84099391436659,43.77
2025-07-05 06:00:00,67.62360328054432,67.62360328054353,17.86
2025-07-05 07:00:00,28.43566911922189,28.435549876908983,3.34
2025-07-05 08:00:00,-3.199353995519849,-3.1993539955198536,0.0
2025-07-05 09:00:00,-4.999999999999977,-5.0,-0.08
2025-07-05 10:00:00,-5.000000000000001,-5.0,-1.01
2025-07-05 11:00:00,-5.000000000000001,-5.0,-2.05
2025-07-05 12:00:00,-5.000000000000005,-5.0,-2.11
2025-07-05 13:00:00,-4.99999999999999,-5.0,-2.01
2025-07-05 14:00:00,-4.999999999999986,-5.0,-2.26
2025-07-05 15:00:00,-4.999999999999961,-5.0,0.0
2025-07-05 16:00:00,-3.617750408243918,-3.6177504082439356,41.25
2025-07-05 17:00:00,29.113486072711975,29.113990895556046,85.0
2025-07-05 18:00:00,81.86080139670659,81.81370270691126,111.01
2025-07-05 19:00:00,81.8608013967067,81.86080139670645,122.96
2025-07-05 20:00:00,87.8605134487124,87.8605134487122,117.14
2025-07-05 21:00:00,91.41287976134413,91.39018554319144,108.21
2025-07-05 22:00:00,87.86051344871235,82.63595393666694,95.15
2025-07-05 23:00:00,87.86051344871227,82.63595393666694,89.5
2025-07-06 00:00:00,87.86051344871228,82.63595393666694,85.94
2025-07-06 01:00:00,81.8608013967066,81.86080139670645,83.95
2025-07-06 02:00:00,80.88489980407485,80.88489980407513,82.6
2025-07-06 03:00:00,80.88489980407488,80.88489980407513,82.0
2025-07-06 04:00:00,81.86080139670645,81.86080139670645,78.46
2025-07-06 05:00:00,81.86080139670658,82.6945051798738,77.57
2025-07-06 06:00:00,73.72829449095677,73.6471499235598,70.57
2025-07-06 07:00:00,35.93090000000005,35.93090000000001,38.81
2025-07-06 08:00:00,26.226471896797158,26.226471896795843,19.21
2025-07-06 09:00:00,27.3228036809816,27.322803680981593,13.19
2025-07-06 10:00:00,27.322803680981597,27.322803680981593,10.26
2025-07-06 11:00:00,27.32280368098147,27.322803680981586,5.85
2025-07-06 12:00:00,27.322803680981597,27.322803680981593,11.2
2025-07-06 13:00:00,27.322803680981693,27.322803680981597,50.57
2025-07-06 14:00:00,29.462198367657244,26.37485499706501,70.77
2025-07-06 15:00:00,83.53783633895631,83.93022248996415,100.29
2025-07-06 16:00:00,96.27261728008591,96.27261728008675,107.37
2025-07-06 17:00:00,98.22129346317206,98.22129346317297,112.16
2025-07-06 18:00:00,99.36928317672354,99.44433040455951,120.32
2025-07-06 19:00:00,103.26261346168322,103.26071970812954,125.04
2025-07-06 20:00:00,107.14837644051812,107.14837644051812,122.21
2025-07-06 21:00:00,102.5769446218784,102.57608839162151,110.78
2025-07-06 22:00:00,98.81763634567247,98.76310286786395,118.84
2025-07-06 23:00:00,98.221293463173,98.22129346317297,107.42
2025-07-07 00:00:00,97.07137775031259,97.07137775031268,101.92
2025-07-07 01:00:00,97.0713777503126,97.07137775031268,99.12
2025-07-07 02:00:00,97.8595620606656,97.85956206066555,101.0
2025-07-07 03:00:00,98.22129346317304,98.22129346317297,108.22
2025-07-07 04:00:00,100.66654331474957,100.66654331474969,134.2
2025-07-07 05:00:00,103.80186204854533,104.73348492354233,143.67
2025-07-07 06:00:00,102.96886223969491,102.96886223970205,152.29
2025-07-07 07:00:00,100.61690624999905,100.63508405256724,131.99
2025-07-07 08:00:00,97.85956206066489,97.85956206066555,108.64
2025-07-07 09:00:00,95.30964323079802,95.54816333999672,108.98
2025-07-07 10:00:00,81.8608013967059,83.91593133321282,90.24
2025-07-07 11:00:00,33.54082520689815,33.540825206898646,71.0
2025-07-07 12:00:00,28.732621872069217,28.732621872072958,53.02
2025-07-07 13:00:00,20.218013365294933,20.21801336529556,50.67
2025-07-07 14:00:00,27.74660432138117,27.7561360593066,52.51
2025-07-07 15:00:00,33.75888858296408,33.77266116910324,72.3
2025-07-07 16:00:00,71.88970331756246,72.25422270915213,87.95
2025-07-07 17:00:00,94.87131662251706,94.87131662251792,92.27
2025-07-07 18:00:00,96.27261728008352,96.23855291954926,97.28
2025-07-07 19:00:00,98.22129346317297,98.22129346317297,109.92
2025-07-07 20:00:00,99.92564294463418,99.59659894284894,110.09
2025-07-07 21:00:00,99.2510940411753,98.58571507941544,95.82
2025-07-07 22:00:00,97.65815727091407,97.6581572709142,103.83
2025-07-07 23:00:00,97.07137775031272,97.07137775031268,92.9
2025-07-08 00:00:00,96.27261728008682,96.27261728008675,86.13
2025-07-08 01:00:00,96.27261728008688,96.27261728008675,84.78
2025-07-08 02:00:00,96.27261728008688,96.27261728008675,85.37
2025-07-08 03:00:00,96.27261728008683,96.27261728008664,91.14
2025-07-08 04:00:00,98.22129346317311,98.22129346317297,107.99
2025-07-08 05:00:00,100.61690625000011,100.61690625,118.65
2025-07-08 06:00:00,100.6169062500001,100.61690625,117.76
2025-07-08 07:00:00,97.07137775031288,97.07137775031268,94.06
2025-07-08 08:00:00,74.19816706138397,75.50245638349219,81.78
2025-07-08 09:00:00,29.37916069077214,29.368194510798375,78.44
2025-07-08 10:00:00,28.945795208303558,28.94579520830378,60.15
2025-07-08 11:00:00,20.17907157453201,20.179071574532003,54.72
2025-07-08 12:00:00,19.979914529914453,19.979914529914524,53.04
2025-07-08 13:00:00,19.97991452991465,19.979914529914524,54.65
2025-07-08 14:00:00,20.21801336529561,20.21801336529556,65.2
2025-07-08 15:00:00,25.480406684852746,29.16052991341985,79.98
2025-07-08 16:00:00,37.34366854795946,37.33186967746789,83.92
2025-07-08 17:00:00,97.0713777503126,97.07137775031268,102.1
2025-07-08 18:00:00,99.27364890966973,99.7577629813279,122.77
2025-07-08 19:00:00,100.61690625000011,100.61690625,123.34
2025-07-08 20:00:00,101.50148916912738,100.94652465336216,116.65
2025-07-08 21:00:00,100.66654331474973,100.75479775901643,100.95
2025-07-08 22:00:00,100.75741562294697,100.79802240294956,97.15
2025-07-08 23:00:00,100.6665433147503,100.66654331474969,86.85
2025-07-09 00:00:00,100.61690625000004,100.61690625,83.86
2025-07-09 01:00:00,99.27364890967006,99.27364890966962,84.65
2025-07-09 02:00:00,100.61690625000027,100.61690625,85.1
2025-07-09 03:00:00,100.87348723599179,100.79267662958097,96.15
2025-07-09 04:00:00,102.37272024289116,102.3638074196122,113.66
2025-07-09 05:00:00,107.1483764405181,104.46787725677332,116.46
2025-07-09 06:00:00,102.55867310229509,102.62914864790444,113.59
2025-07-09 07:00:00,100.61690625000038,100.61690625,95.66
2025-07-09 08:00:00,97.85956206066567,97.85956206066555,84.68
2025-07-09 09:00:00,37.66006961532499,37.716716402646384,77.77
2025-07-09 10:00:00,30.47526654688263,31.364529291251607,65.67
2025-07-09 11:00:00,28.41668135560456,28.416681355601952,46.69
2025-07-09 12:00:00,26.22046275997745,26.22046275997705,37.78
2025-07-09 13:00:00,25.935948704619765,25.93594870464114,48.32
2025-07-09 14:00:00,27.973363662596885,28.354898289585662,71.13
2025-07-09 15:00:00,67.73569615792914,67.73596268648483,84.73
2025-07-09 16:00:00,97.07137775031269,97.07137775031268,99.01
2025-07-09 17:00:00,100.61690625,100.61690625,115.98
2025-07-09 18:00:00,103.30365845824593,102.7296878023745,135.34
2025-07-09 19:00:00,108.44910100083854,108.4490648593936,138.24
2025-07-09 20:00:00,108.38075236002274,108.38075236002197,119.79
2025-07-09 21:00:00,107.14837644051958,104.81964833648493,104.9
2025-07-09 22:00:00,103.30365845824713,103.1214790539327,100.91
2025-07-09 23:00:00,102.61831661279636,102.57364015536375,95.73
2025-07-10 00:00:00,102.59453183833664,102.55229578700974,89.1
2025-07-10 01:00:00,102.55414172662776,102.42570226028313,86.45
2025-07-10 02:00:00,102.49771472211718,102.49501374557268,87.97
2025-07-10 03:00:00,102.554141726628,102.57364015536369,98.62
2025-07-10 04:00:00,107.14837644052055,107.14837644051813,107.61
2025-07-10 05:00:00,108.66764494822773,108.66759444060273,107.23
2025-07-10 06:00:00,108.32132737269856,108.3213273726983,105.35
2025-07-10 07:00:00,102.11887401826706,102.11887401826888,88.9
2025-07-10 08:00:00,99.27364890967073,99.27364890966956,82.0
2025-07-10 09:00:00,35.93090000000051,35.93089999999999,65.33
2025-07-10 10:00:00,28.35652019688541,28.356520196885096,45.22
2025-07-10 11:00:00,27.322803680983245,27.322803680981593,39.51
2025-07-10 12:00:00,27.322803680979632,27.322803680981618,39.55
2025-07-10 13:00:00,27.32280368098195,27.322803680981547,56.71
2025-07-10 14:00:00,27.21506839136946,27.215068391369467,76.8
2025-07-10 15:00:00,37.47981935948759,37.47914070696385,86.4
2025-07-10 16:00:00,97.07137775031262,97.07137775031268,100.2
2025-07-10 17:00:00,100.91360973236671,100.78311960867168,114.39
2025-07-10 18:00:00,103.30365845824407,103.28027084506128,134.67
2025-07-10 19:00:00,108.33466031136462,108.33471139542031,132.7
2025-07-10 20:00:00,107.1483764405182,107.1483764405181,120.88
2025-07-10 21:00:00,102.59453183833648,102.48149985218939,107.69
2025-07-10 22:00:00,102.56303223270714,102.48149985218934,104.75
2025-07-10 23:00:00,102.5066177087959,102.48017477658884,99.57
2025-07-11 00:00:00,102.44981810804532,102.44981810804516,95.0
2025-07-11 01:00:00,102.44340972496143,102.46248179606908,90.69
2025-07-11 02:00:00,102.44340972496143,102.4624748410215,91.53
2025-07-11 03:00:00,102.44412156270361,102.47995303435755,99.4
2025-07-11 04:00:00,103.30365845824403,106.58140474181295,107.41
2025-07-11 05:00:00,108.46169588260345,108.45982522525641,105.92
2025-07-11 06:00:00,107.33067600245813,107.33067600245856,105.18
2025-07-11 07:00:00,102.11438881306384,101.73931070123328,93.3
2025-07-11 08:00:00,98.22129346317253,98.22129346317297,82.9
2025-07-11 09:00:00,35.93089999999995,35.93090000000007,73.15
2025-07-11 10:00:00,27.478939259525454,27.519156446036487,63.82
2025-07-11 11:00:00,27.322803680981615,27.322803680981607,42.16
2025-07-11 12:00:00,27.322803680981533,27.3228036809816,32.04
2025-07-11 13:00:00,25.752278454790293,25.75227845479035,38.1
2025-07-11 14:00:00,27.778779098472533,27.778779098472413,59.55
2025-07-11 15:00:00,34.139871973548786,34.13991971135301,83.15
2025-07-11 16:00:00,81.67000276243128,81.67000276243094,86.44
2025-07-11 17:00:00,98.2212934631727,98.22129346317297,101.93
2025-07-11 18:00:00,100.66654331474943,100.66654331474969,117.5
2025-07-11 19:00:00,102.21815425907582,101.73595470153018,118.08
2025-07-11 20:00:00,101.7057435085201,101.70337187410196,113.8
2025-07-11 21:00:00,100.89270438491809,100.74510285311543,103.82
2025-07-11 22:00:00,100.8588616281407,100.78272550680524,112.23
2025-07-11 23:00:00,100.85886162814045,100.78272550680538,104.57
2025-07-12 00:00:00,100.66654331474955,100.66654331474969,103.68
2025-07-12 01:00:00,100.61690625000004,100.61690625,97.4
2025-07-12 02:00:00,99.27364890966945,99.27364890966956,93.33
2025-07-12 03:00:00,98.22129346317314,98.22129346317297,89.94
2025-07-12 04:00:00,98.22129346317323,98.22129346317297,85.27
2025-07-12 05:00:00,100.61690625000008,99.70458912494398,87.98
2025-07-12 06:00:00,99.27364890966972,99.18052441191021,83.8
2025-07-12 07:00:00,97.07137775031264,97.07137775031268,59.86
2025-07-12 08:00:00,32.99593601103982,32.9959360110428,18.19
2025-07-12 09:00:00,27.39015256582441,27.390152565824405,3.0
2025-07-12 10:00:00,27.322803680981604,27.322803680981593,0.22
2025-07-12 11:00:00,20.41958237802898,20.419582378028974,0.0
2025-07-12 12:00:00,20.35842904016339,20.358429040163347,0.0
2025-07-12 13:00:00,20.437413077687236,20.43741307768726,0.22
2025-07-12 14:00:00,27.322803680981632,27.322803680981593,19.73
2025-07-12 15:00:00,27.575313950132948,27.57371090049903,73.89
2025-07-12 16:00:00,75.96785952216725,76.05392267109933,106.2
2025-07-12 17:00:00,87.86051344871224,87.8605134487122,109.2
2025-07-12 18:00:00,100.53763000031135,100.51454526230037,120.0
2025-07-12 19:00:00,100.66654331474965,100.74729246468785,125.02
2025-07-12 20:00:00,100.66654331474956,100.94103010785715,125.0
2025-07-12 21:00:00,100.66654331475004,100.66654331474969,115.42
2025-07-12 22:00:00,100.66654331474949,100.66654331474969,115.35
2025-07-12 23:00:00,100.66654331474977,100.66654331474969,109.14
2025-07-13 00:00:00,100.61690625000001,100.57236993724241,108.42
2025-07-13 01:00:00,99.27364890966885,99.27364890966956,107.35
2025-07-13 02:00:00,98.22129346317242,98.22129346317297,104.64
2025-07-13 03:00:00,98.22129346317242,98.22129346317297,100.85
2025-07-13 04:00:00,98.22129346317244,98.22129346317297,95.8
2025-07-13 05:00:00,99.27364890966842,99.27364890966956,92.18
2025-07-13 06:00:00,99.31273265485623,100.04816522578022,87.94
2025-07-13 07:00:00,96.27261728008664,96.27261728008675,57.62
2025-07-13 08:00:00,28.30370960516939,28.303709605169374,4.28
2025-07-13 09:00:00,27.322803680981355,27.322803680981593,0.05
2025-07-13 10:00:00,27.322803680981647,27.322803680981593,0.0
2025-07-13 11:00:00,27.322803680981185,27.322803680981593,0.0
2025-07-13 12:00:00,26.99308918634023,26.993089186340228,0.0
2025-07-13 13:00:00,26.93275231562757,26.932752315627567,0.0
2025-07-13 14:00:00,27.18959955255979,27.18959955255978,2.36
2025-07-13 15:00:00,28.687758298903663,28.68775829890369,73.4
2025-07-13 16:00:00,72.97902083808113,73.03806428135319,100.61
2025-07-13 17:00:00,99.2736489096697,99.27364890966956,113.74
2025-07-13 18:00:00,101.88332531793803,102.46247484102149,120.0
2025-07-13 19:00:00,107.14837644051823,107.14837644051806,127.7
2025-07-13 20:00:00,107.14837644051829,107.14837644051812,126.94
2025-07-13 21:00:00,102.61136083139142,102.57364015536368,115.41
2025-07-13 22:00:00,102.6113608313913,102.57364015536366,114.02
2025-07-13 23:00:00,102.5165504571772,102.51655045717725,104.01
2025-07-14 00:00:00,102.1533931947016,102.09471120750824,98.17
2025-07-14 01:00:00,100.38590905724045,100.385885500466,94.94
2025-07-14 02:00:00,100.31852707672505,99.89124425797677,99.32
2025-07-14 03:00:00,100.44993593497372,99.94677283091748,108.93
2025-07-14 04:00:00,103.30365845824399,103.53196220846644,117.87
2025-07-14 05:00:00,109.38081048527376,109.38788396292323,121.62
2025-07-14 06:00:00,106.77745710833622,105.21250875791019,112.06
2025-07-14 07:00:00,99.27364890966929,99.27364890966956,92.43
2025-07-14 08:00:00,97.07137775031318,96.8256424591744,84.58
2025-07-14 09:00:00,68.18015622838546,68.18015622838443,79.67
2025-07-14 10:00:00,27.31082501228372,27.310825012283633,70.98
2025-07-14 11:00:00,27.322803680981913,27.32280368098159,64.17
2025-07-14 12:00:00,27.322803680981586,27.322803680981576,57.15
2025-07-14 13:00:00,26.308358245557937,26.308358245557955,55.82
2025-07-14 14:00:00,32.241539460579446,32.241539460578004,71.1
2025-07-14 15:00:00,87.86051344871188,87.860513448712,84.58
2025-07-14 16:00:00,96.27261728008686,96.27261728008675,98.94
2025-07-14 17:00:00,97.07137775031265,97.30760167038149,110.11
2025-07-14 18:00:00,100.61690624999977,100.61690625000003,139.99
2025-07-14 19:00:00,104.11139643587599,104.10956110305494,141.57
2025-07-14 20:00:00,102.74129759456477,102.73910472891627,126.14
2025-07-14 21:00:00,102.53216639222846,102.3638074196123,115.15
2025-07-14 22:00:00,101.42856162384517,101.18687754820041,106.1
2025-07-14 23:00:00,97.85956206066598,97.85956206066555,103.06
2025-07-15 00:00:00,96.81359818729827,96.78549497159557,93.86
2025-07-15 01:00:00,96.27261728008706,96.27261728008675,88.28
2025-07-15 02:00:00,96.27261728008735,96.27261728008675,87.12
2025-07-15 03:00:00,97.07137775031327,97.07137775031332,93.0
2025-07-15 04:00:00,99.2736489096696,100.53041013103517,110.33
2025-07-15 05:00:00,102.33027572039657,102.50413667681194,113.41
2025-07-15 06:00:00,102.31387237190826,102.24184617360271,106.86
2025-07-15 07:00:00,99.27364890966963,99.27364890966956,90.82
2025-07-15 08:00:00,96.27261728008673,96.27261728008699,77.67
2025-07-15 09:00:00,35.93090000000002,35.9309,65.0
2025-07-15 10:00:00,27.22335385273318,27.223353852733172,59.19
2025-07-15 11:00:00,27.32280368098145,27.32280368098159,47.26
2025-07-15 12:00:00,20.174743021012404,20.174743021012397,40.2
2025-07-15 13:00:00,20.437413077687246,20.437413077687253,42.57
2025-07-15 14:00:00,27.712004478845017,28.684637573318764,65.0
2025-07-15 15:00:00,24.082286899220165,29.31766242603068,84.87
2025-07-15 16:00:00,81.860801396706,81.86080139670788,101.54
2025-07-15 17:00:00,96.36590146025137,96.55057294018458,108.15
2025-07-15 18:00:00,100.66654331474865,100.66654331474986,119.78
2025-07-15 19:00:00,102.57866749507623,102.57832594762586,141.99
2025-07-15 20:00:00,102.5428043210658,102.54280432106471,121.28
2025-07-15 21:00:00,101.0591850894614,100.66654331475091,112.45
2025-07-15 22:00:00,97.07137775031237,97.07137775031268,97.63
2025-07-15 23:00:00,96.27261728008676,96.2726172800867,93.99
2025-07-16 00:00:00,96.27261728008712,96.27261728008678,86.67
2025-07-16 01:00:00,96.7855760307672,96.40353905398621,83.43
2025-07-16 02:00:00,96.78557603077869,96.40353905398575,84.26
2025-07-16 03:00:00,97.07137775031278,97.07137775031264,90.41
2025-07-16 04:00:00,99.27364890966999,99.2736489096697,105.74
2025-07-16 05:00:00,102.61216043821359,102.62364179375288,112.63
2025-07-16 06:00:00,102.89490546497908,102.8953443296328,111.92
2025-07-16 07:00:00,100.66654331474987,100.66654331474938,104.21
2025-07-16 08:00:00,97.85956206066606,97.85956206066555,89.8
2025-07-16 09:00:00,89.12174847060216,89.04135500422996,85.65
2025-07-16 10:00:00,81.86080139670692,81.86080139670645,81.96
2025-07-16 11:00:00,31.2304739540172,31.23047395401752,78.62
2025-07-16 12:00:00,27.094143357997105,27.094143357997336,68.06
2025-07-16 13:00:00,26.305533107730525,26.28653246337068,69.2
2025-07-16 14:00:00,35.93090000000015,35.930899999999994,80.86
2025-07-16 15:00:00,81.86080139670658,81.86080139670644,89.09
2025-07-16 16:00:00,97.07137775031308,97.07137775031268,95.49
2025-07-16 17:00:00,100.66654331475016,100.66654331474969,108.37
2025-07-16 18:00:00,106.75690406230379,106.39320296388459,119.72
2025-07-16 19:00:00,108.441165121933,108.44116512193182,129.04
2025-07-16 20:00:00,107.14837644051875,107.14837644051825,120.71
2025-07-16 21:00:00,103.3036584582445,103.0918452133468,110.55
2025-07-16 22:00:00,102.20251375244189,101.95440070634187,103.76
2025-07-16 23:00:00,100.66654331474973,100.6665433147497,98.33
2025-07-17 00:00:00,100.61690625000044,100.61690625,89.96
2025-07-17 01:00:00,100.61690625000044,100.6651247951534,84.81
2025-07-17 02:00:00,100.61690625000048,100.66512479515355,85.76
2025-07-17 03:00:00,100.66654331475029,100.66654331474969,89.0
2025-07-17 04:00:00,102.6951655061657,102.57384959162286,104.05
2025-07-17 05:00:00,102.69656741573057,103.04506123664777,110.33
2025-07-17 06:00:00,101.91895363140259,101.91895363140398,105.92
2025-07-17 07:00:00,100.26129310956641,100.53041013103555,93.1
2025-07-17 08:00:00,98.22129346317347,98.22129346317297,85.0
2025-07-17 09:00:00,96.27261728008696,96.27261728008675,77.07
2025-07-17 10:00:00,35.93090000000028,35.93090000000011,70.17
2025-07-17 11:00:00,27.778779098471823,27.77877909847234,55.26
2025-07-17 12:00:00,27.77877909847253,27.778779098472416,49.78
2025-07-17 13:00:00,27.778781533724764,27.778781533724597,66.18
2025-07-17 14:00:00,27.778781533724782,27.778781533724597,74.79
2025-07-17 15:00:00,65.13776018488885,65.33293220075215,82.71
2025-07-17 16:00:00,97.07137775031268,97.07137775031268,94.98
2025-07-17 17:00:00,99.56960968402717,100.53041013103378,109.73
2025-07-17 18:00:00,107.14837644051818,107.09686590228387,120.75
2025-07-17 19:00:00,108.46439097915048,108.46439097915048,132.0
2025-07-17 20:00:00,108.45544541566456,108.45544541566456,125.07
2025-07-17 21:00:00,107.14837644051809,107.14837644051794,114.18
2025-07-17 22:00:00,102.87574467651606,102.88120372162102,106.8
2025-07-17 23:00:00,102.61136083139115,102.60348001733834,99.15
2025-07-18 00:00:00,102.61136083139115,102.60348001734073,95.36
2025-07-18 01:00:00,102.69656741573036,102.8184333174405,96.37
2025-07-18 02:00:00,102.69656741573036,102.81843331744167,98.66
2025-07-18 03:00:00,103.44752703495269,105.7974828386252,108.23
2025-07-18 04:00:00,108.2754592401849,108.27545924018509,115.92
2025-07-18 05:00:00,109.3592047328844,109.31643611595904,116.17
2025-07-18 06:00:00,109.10527223365068,109.10527223365071,109.39
2025-07-18 07:00:00,107.14837644051809,107.148376440518,98.13
2025-07-18 08:00:00,100.66654331474966,100.66654331474969,84.98
2025-07-18 09:00:00,98.22129346317298,98.22129346317297,82.02
2025-07-18 10:00:00,36.525775740032984,36.525775740032955,80.0
2025-07-18 11:00:00,33.04589504063223,33.045895040632175,73.02
2025-07-18 12:00:00,31.96893358425183,31.968933584251854,71.2
2025-07-18 13:00:00,32.67648523053121,32.70247377895366,72.68
2025-07-18 14:00:00,68.60138074245617,68.60138074245616,79.99
2025-07-18 15:00:00,87.86051344871213,87.86051344871252,84.07
2025-07-18 16:00:00,99.27364890966953,99.27364890966946,99.92
2025-07-18 17:00:00,102.89411451892902,102.89411451892899,120.0
2025-07-18 18:00:00,108.71326073507225,108.71326073507223,146.55
2025-07-18 19:00:00,109.08303969262445,109.08315859883592,144.44
2025-07-18 20:00:00,109.02541938895077,109.02541938895067,125.88
2025-07-18 21:00:00,107.47255754497687,107.47255754497787,113.48
2025-07-18 22:00:00,102.59307532487966,102.60274508775824,107.6
2025-07-18 23:00:00,102.46772240994035,102.45161501887335,105.35
2025-07-19 00:00:00,101.47661776804861,101.1908135485583,103.19
2025-07-19 01:00:00,101.9270421703425,101.31182625418765,101.63
2025-07-19 02:00:00,99.27364890966949,99.27364890966956,98.38
2025-07-19 03:00:00,99.2736489096696,99.27364890966946,93.69
2025-07-19 04:00:00,100.61690624999993,100.61690625000001,98.39
2025-07-19 05:00:00,101.66689001525934,101.30864221286907,86.89
2025-07-19 06:00:00,100.6665433147495,100.68492477091245,78.89
2025-07-19 07:00:00,98.22129346317305,98.22129346317297,52.98
2025-07-19 08:00:00,35.93089999999991,35.93089999999997,10.0
2025-07-19 09:00:00,27.32280368098168,27.32280368098159,0.65
2025-07-19 10:00:00,27.322803680981597,27.32280368098159,0.0
2025-07-19 11:00:00,19.979914529914634,19.979914529914524,-0.01
2025-07-19 12:00:00,-3.6006369625250834,-3.600636962524943,0.0
2025-07-19 13:00:00,19.97991452991461,19.979914529914524,2.08
2025-07-19 14:00:00,19.979914529914396,19.979914529914524,29.33
2025-07-19 15:00:00,26.75811727120576,26.75811727120537,76.85
2025-07-19 16:00:00,37.03291284948372,37.032912849481846,98.4
2025-07-19 17:00:00,87.86051344871215,87.8605134487122,114.47
2025-07-19 18:00:00,100.04228996556037,100.05466458110817,112.87
2025-07-19 19:00:00,100.6169062499992,100.61690625000001,108.08
2025-07-19 20:00:00,100.30806780296014,100.15456065413179,105.63
2025-07-19 21:00:00,99.27364890967138,99.10083588052663,98.07
2025-07-19 22:00:00,97.8595620606656,97.85956206066557,91.29
2025-07-19 23:00:00,97.85956206066473,97.85956206066555,88.94
2025-07-20 00:00:00,97.85956206066597,97.68103328944913,89.27
2025-07-20 01:00:00,96.27261728008637,96.27261728008675,100.41
2025-07-20 02:00:00,94.87131662251763,94.87131662251792,101.7
2025-07-20 03:00:00,96.27261728008644,96.27261728008675,98.27
2025-07-20 04:00:00,96.27261728008644,96.27261728008533,97.2
2025-07-20 05:00:00,97.07137775031259,97.07137775031264,80.59
2025-07-20 06:00:00,96.27261728008625,96.27261728008675,77.86
2025-07-20 07:00:00,87.86051344871207,87.8605134487122,44.58
2025-07-20 08:00:00,27.407162704888478,27.40716270488525,9.04
2025-07-20 09:00:00,27.32280368097779,27.322803680981593,2.07
2025-07-20 10:00:00,27.322803680980133,27.32280368098159,0.0
2025-07-20 11:00:00,19.979914529914527,19.979914529914524,-0.01
2025-07-20 12:00:00,19.979914529914524,19.979914529914524,0.0
2025-07-20 13:00:00,19.979914529914524,19.979914529914524,9.09
2025-07-20 14:00:00,27.20126939014153,27.201269390141587,69.33
2025-07-20 15:00:00,26.297625195821134,26.297625195821812,92.74
2025-07-20 16:00:00,73.38677648177085,73.38677648177278,100.26
2025-07-20 17:00:00,95.18991641719792,95.19983123051864,112.0
2025-07-20 18:00:00,99.79205106467701,99.79205106467246,116.0
2025-07-20 19:00:00,100.98110313867656,101.11298204132845,115.01
2025-07-20 20:00:00,100.66654331475014,100.66654331474969,114.85
2025-07-20 21:00:00,99.5467332015687,100.16069379908122,105.05
2025-07-20 22:00:00,99.15938216224627,98.9133454802966,87.08
2025-07-20 23:00:00,96.27261728008918,96.27261728008676,79.73
2025-07-21 00:00:00,96.27261728008851,96.27261728008675,83.48
2025-07-21 01:00:00,95.26842503834084,95.11906677237702,83.3
2025-07-21 02:00:00,95.26842503834084,95.11906677236571,83.49
2025-07-21 03:00:00,96.2726172800853,96.27261728008672,96.22
2025-07-21 04:00:00,98.2212934631779,98.22129346317296,113.96
2025-07-21 05:00:00,107.1483764405161,107.14837644051812,126.56
2025-07-21 06:00:00,104.10720078384648,104.87089630385621,123.91
2025-07-21 07:00:00,99.2736489096549,99.80698638581178,109.64
2025-07-21 08:00:00,97.85956206066544,97.85956206066552,105.99
2025-07-21 09:00:00,96.2726172800867,96.27261728008675,98.88
2025-07-21 10:00:00,94.29629842565419,93.66620075937831,84.9
2025-07-21 11:00:00,94.29397657348119,93.66333969452378,81.73
2025-07-21 12:00:00,93.19379791917424,93.11979798888842,85.79
2025-07-21 13:00:00,87.86051344871225,88.75508664717248,87.96
2025-07-21 14:00:00,94.10310207088082,93.65477185652811,90.95
2025-07-21 15:00:00,95.29709602238006,95.33604098897344,104.3
2025-07-21 16:00:00,97.85956206066544,97.85956206066555,105.82
2025-07-21 17:00:00,100.61690624999994,100.61690625000011,119.69
2025-07-21 18:00:00,102.13721496022242,102.27583656318495,123.25
2025-07-21 19:00:00,102.97048635152441,103.12681021707205,120.09
2025-07-21 20:00:00,102.63147640317868,102.61198600924294,108.76
2025-07-21 21:00:00,100.66654331474967,100.66654331474969,100.04
2025-07-21 22:00:00,98.22129346317286,98.22129346317271,92.79
2025-07-21 23:00:00,97.85956206066555,97.85956206066555,87.2
2025-07-22 00:00:00,97.07137775031265,97.07137775031276,85.48
2025-07-22 01:00:00,97.07137775031265,97.0713777503129,82.0
2025-07-22 02:00:00,97.07137775031265,97.07137775031295,81.0
2025-07-22 03:00:00,97.07137775031288,97.38707283473495,89.28
2025-07-22 04:00:00,98.22129346317308,98.22129346317297,108.8
2025-07-22 05:00:00,100.61690625000006,100.61690625,109.28
2025-07-22 06:00:00,100.67718208714041,100.67708635879157,102.49
2025-07-22 07:00:00,97.07137775031288,97.07137775031268,91.29
2025-07-22 08:00:00,72.04742531595161,71.97847771952806,81.73
2025-07-22 09:00:00,31.007562161311625,30.363801103316675,68.41
2025-07-22 10:00:00,26.293449340234815,26.293449340234663,39.63
2025-07-22 11:00:00,19.979914529914595,19.979914529914524,10.0
2025-07-22 12:00:00,6.471773124404535,6.4717731244020715,0.17
2025-07-22 13:00:00,6.151457989958317,6.111768902825759,4.16
2025-07-22 14:00:00,19.979914529915163,19.97991452991453,36.9
2025-07-22 15:00:00,22.77183987384649,23.449441742634054,75.79
2025-07-22 16:00:00,36.26437657070392,36.26139442944085,88.98
2025-07-22 17:00:00,97.07137775031322,97.07137775031268,108.57
2025-07-22 18:00:00,99.27364890966999,99.27364890966956,112.56
2025-07-22 19:00:00,100.61690625000051,100.61690625,113.22
2025-07-22 20:00:00,98.22129346317354,98.22129346317297,108.48
2025-07-22 21:00:00,97.0713777503131,97.25109813501953,102.93
2025-07-22 22:00:00,96.2726172800875,96.27261728008675,87.65
2025-07-22 23:00:00,87.86051344871282,87.86051344871161,79.47
2025-07-23 00:00:00,81.67000276243118,81.67000276243094,78.5
2025-07-23 01:00:00,35.930900000000406,35.9309,76.04
2025-07-23 02:00:00,35.93090000000018,35.9309,77.69
2025-07-23 03:00:00,87.8605134487122,87.8605134487122,80.64
2025-07-23 04:00:00,96.27261728008682,96.27261728008675,91.35
2025-07-23 05:00:00,97.07137775031282,97.07137775031268,99.87
2025-07-23 06:00:00,97.07137775031282,97.07137775031268,96.5
2025-07-23 07:00:00,92.54273178553257,92.54273178553254,81.69
2025-07-23 08:00:00,26.858722378436767,26.85867967251077,67.3
2025-07-23 09:00:00,19.97991452991451,19.979914529914524,53.5
2025-07-23 10:00:00,20.218013365295548,20.21801336529556,33.72
2025-07-23 11:00:00,11.79872148863251,11.798721488632328,23.73
2025-07-23 12:00:00,-0.39403648405959757,-0.5925852422205509,26.82
2025-07-23 13:00:00,4.193755249401647,3.371140536380728,40.3
2025-07-23 14:00:00,5.67698749822668,6.1493486891961275,67.81
2025-07-23 15:00:00,21.3247546174687,21.32475461746846,78.05
2025-07-23 16:00:00,46.698552115356506,46.36659752360914,86.07
2025-07-23 17:00:00,97.8595620606657,97.85956206066692,105.0
2025-07-23 18:00:00,100.66654331474984,100.66654331474969,112.98
2025-07-23 19:00:00,102.92239359374989,102.92239359375051,119.74
2025-07-23 20:00:00,102.48809860109924,102.48809860109733,110.54
2025-07-23 21:00:00,101.05074106819038,101.0314637915118,103.06
2025-07-23 22:00:00,100.66654331474956,100.66654331474969,97.82
2025-07-23 23:00:00,100.6169062500006,100.61690625,94.08
2025-07-24 00:00:00,100.6169062500008,100.61690625000006,89.29
2025-07-24 01:00:00,100.6169062500017,99.70952481824254,89.29
2025-07-24 02:00:00,99.27364890967127,99.27364890966956,93.45
2025-07-24 03:00:00,100.616906250001,100.61690625000001,102.65
2025-07-24 04:00:00,103.46289339921333,103.50655421808106,112.05
2025-07-24 05:00:00,106.53161202397774,106.58665388031785,117.22
2025-07-24 06:00:00,106.57724852907438,105.65338021824866,110.4
2025-07-24 07:00:00,102.05967354561824,102.11954891014459,96.22
2025-07-24 08:00:00,100.61690624999999,100.61690625,89.17
2025-07-24 09:00:00,97.85956206066558,97.85956206066555,84.39
2025-07-24 10:00:00,75.87087097324725,75.87087097324739,82.17
2025-07-24 11:00:00,37.31632780510383,37.86883594434334,80.43
2025-07-24 12:00:00,35.93089999999997,35.9309,82.05
2025-07-24 13:00:00,67.20155516329186,67.20155516329204,84.77
2025-07-24 14:00:00,70.9485343489056,71.55059065456338,93.34
2025-07-24 15:00:00,81.86080139670632,81.86080139670645,100.6
2025-07-24 16:00:00,97.07137775031269,97.07137775031268,109.2
2025-07-24 17:00:00,102.69656741573034,102.13242240638175,130.0
2025-07-24 18:00:00,107.14837644051813,107.14837644051812,154.16
2025-07-24 19:00:00,109.0243952808266,109.02439528082652,140.64
2025-07-24 20:00:00,108.42615430202254,108.42615430202235,118.38
2025-07-24 21:00:00,106.52218670636096,106.48466555793885,109.39
2025-07-24 22:00:00,102.57648686925505,102.21598889171649,111.27
2025-07-24 23:00:00,100.79321469854715,100.77377890664124,103.67
2025-07-25 00:00:00,100.79321469854715,100.77377890664032,97.05
2025-07-25 01:00:00,100.79321469854715,100.77377890664053,92.94
2025-07-25 02:00:00,100.77908469736414,100.77377890664057,96.97
2025-07-25 03:00:00,100.77908469736414,100.77377890664091,98.2
2025-07-25 04:00:00,102.62331810337163,102.67933917337777,108.87
2025-07-25 05:00:00,106.63884468354163,106.63884468354075,112.95
2025-07-25 06:00:00,108.26135735527492,108.26136864151212,110.85
2025-07-25 07:00:00,102.41547470200035,102.42106776214612,98.2
2025-07-25 08:00:00,99.27364890966957,99.27364890966956,94.08
2025-07-25 09:00:00,96.2726172800867,96.27261728008675,85.15
2025-07-25 10:00:00,35.930899999999994,35.930899999999994,83.09
2025-07-25 11:00:00,27.384238420978082,27.279917788974323,78.7
2025-07-25 12:00:00,26.614127070412607,26.569729913576467,76.31
2025-07-25 13:00:00,26.80366513495661,26.803665134956677,79.27
2025-07-25 14:00:00,30.034074850237637,30.03407485023762,81.09
2025-07-25 15:00:00,72.33074803372757,72.27567087096168,84.02
2025-07-25 16:00:00,89.12174847060216,89.12174847060206,90.45
2025-07-25 17:00:00,98.22129346317286,98.22129346317297,101.81
2025-07-25 18:00:00,102.74460711706993,102.74898504460079,109.28
2025-07-25 19:00:00,107.14837644051849,107.14837644051812,121.21
2025-07-25 20:00:00,107.14837644051816,107.40882031769304,112.6
2025-07-25 21:00:00,102.33502005945768,102.14897082309048,110.25
2025-07-25 22:00:00,100.7936331596808,100.77401849046963,106.76
2025-07-25 23:00:00,100.66654331475011,100.66654331474969,100.7
2025-07-26 00:00:00,99.27364890966967,99.27364890967033,97.73
2025-07-26 01:00:00,99.27364890967004,99.27364890966973,96.65
2025-07-26 02:00:00,99.27364890967004,99.27364890967091,96.45
2025-07-26 03:00:00,99.27364890967004,99.27364890966956,94.89
2025-07-26 04:00:00,99.2736489096699,99.27364890966972,97.13
2025-07-26 05:00:00,99.27364890966963,99.27364890966997,96.1
2025-07-26 06:00:00,100.61690625000038,99.37320628213355,87.96
2025-07-26 07:00:00,98.14260934861454,98.1238968710015,85.85
2025-07-26 08:00:00,87.86051344871233,87.8605134487122,79.59
2025-07-26 09:00:00,67.28717207189003,67.2871720721902,75.2
2025-07-26 10:00:00,32.463216683063244,32.463216682959576,66.42
2025-07-26 11:00:00,30.29378384405924,30.217599556264354,49.87
2025-07-26 12:00:00,27.327611041514068,27.32761104151407,50.09
2025-07-26 13:00:00,27.327494085293573,27.32344421557462,68.07
2025-07-26 14:00:00,28.98680167199756,28.304722278261373,74.81
2025-07-26 15:00:00,70.94853434890582,71.57388323964807,84.2
2025-07-26 16:00:00,81.8608013967064,82.29883382625286,98.2
2025-07-26 17:00:00,97.0713777503127,97.07137775031268,106.6
2025-07-26 18:00:00,100.61690625000001,100.61690625,121.95
2025-07-26 19:00:00,103.30365845824409,102.74458972489934,127.07
2025-07-26 20:00:00,103.03014954935742,102.71691751238805,116.72
2025-07-26 21:00:00,102.120636905668,102.09846631786658,108.8
2025-07-26 22:00:00,100.6665433147496,100.66654331474969,104.64
2025-07-26 23:00:00,98.22129346317303,98.22129346317297,99.47
2025-07-27 00:00:00,97.8595620606656,97.85956206066555,95.01
2025-07-27 01:00:00,97.07137775031272,97.07137775031268,92.07
2025-07-27 02:00:00,97.07137775031262,97.07137775031049,91.99
2025-07-27 03:00:00,97.07137775031273,96.96528844888884,89.88
2025-07-27 04:00:00,97.0713777503127,97.07137775031255,88.79
2025-07-27 05:00:00,97.07137775031262,97.07137775031268,86.58
2025-07-27 06:00:00,97.07137775031268,97.07137775031268,83.76
2025-07-27 07:00:00,96.27261728008673,96.27261728008675,81.71
2025-07-27 08:00:00,46.51936354572456,46.519363545725376,75.91
2025-07-27 09:00:00,27.651425564730573,27.519765511696182,70.52
2025-07-27 10:00:00,27.322803680981437,27.32280368098159,45.93
2025-07-27 11:00:00,27.255573966389296,27.255573966389047,15.04
2025-07-27 12:00:00,26.9974784292064,26.9974784292064,8.85
2025-07-27 13:00:00,26.997478429206453,26.997478429206403,17.3
2025-07-27 14:00:00,23.883041645608344,23.76871380997774,45.74
2025-07-27 15:00:00,28.62652946439973,28.621020887600295,82.36
2025-07-27 16:00:00,35.930899999999994,35.9309,95.66
2025-07-27 17:00:00,81.86080139670648,81.86080139670645,102.47
2025-07-27 18:00:00,97.85956206066528,97.85956206066555,107.95
2025-07-27 19:00:00,100.61690624999956,100.61690625,114.71
2025-07-27 20:00:00,100.61690624999983,100.61690625,107.33
2025-07-27 21:00:00,99.27364890966938,99.27364890966956,102.69
2025-07-27 22:00:00,98.22129346317264,98.22129346317297,100.0
2025-07-27 23:00:00,97.0713777503129,96.81467451052771,88.77
2025-07-28 00:00:00,93.4849896348769,93.33408276855316,83.5
2025-07-28 01:00:00,93.49275115221306,93.22856835887559,79.67
2025-07-28 02:00:00,93.48620135402798,93.32949030198365,79.51
2025-07-28 03:00:00,95.60325212491664,96.17316473665164,89.52
2025-07-28 04:00:00,96.43304707330522,96.436022017004,108.88
2025-07-28 05:00:00,99.62882863454657,99.70667856585258,121.97
2025-07-28 06:00:00,101.17359001235803,100.89781245211964,118.37
2025-07-28 07:00:00,99.27364890966955,99.27364890966903,105.45
2025-07-28 08:00:00,97.07137775031265,97.07137775031268,97.25
2025-07-28 09:00:00,64.80258846293677,64.80258846293606,90.96
2025-07-28 10:00:00,29.567404320993795,27.826386481357066,81.79
2025-07-28 11:00:00,27.36927282712481,26.288981784493238,77.52
2025-07-28 12:00:00,20.218013365295608,20.21801336529556,68.33
2025-07-28 13:00:00,19.979914529914602,19.979914529914524,73.97
2025-07-28 14:00:00,19.979914529914563,19.979914529914524,77.28
2025-07-28 15:00:00,23.464140079828496,23.464976077535248,88.12
2025-07-28 16:00:00,32.68672938635071,32.70173244008561,97.2
2025-07-28 17:00:00,81.7350466401936,81.73504664019384,103.59
2025-07-28 18:00:00,97.85956206066561,97.85956206066555,114.14
2025-07-28 19:00:00,98.22129346317301,98.2212934631732,114.34
2025-07-28 20:00:00,98.221293463173,98.22129346317297,105.26
2025-07-28 21:00:00,97.85956206066562,97.85956206066555,92.43
2025-07-28 22:00:00,97.85956206066567,97.85956206066555,87.51
2025-07-28 23:00:00,97.07137775031264,97.07137775031268,84.1
2025-07-29 00:00:00,90.7676604938271,90.00193149022853,82.9
2025-07-29 01:00:00,90.76766049382715,90.52782697003344,82.1
2025-07-29 02:00:00,90.7676604938271,90.60389967306678,83.89
2025-07-29 03:00:00,96.27261728008666,96.27261728008675,92.88
2025-07-29 04:00:00,98.2212934631734,98.22129346317297,101.07
2025-07-29 05:00:00,100.66654331475117,100.66654331474969,109.25
2025-07-29 06:00:00,100.56879530871146,100.56879530871115,99.02
2025-07-29 07:00:00,96.27261728008732,96.27261728008675,80.2
2025-07-29 08:00:00,35.93090000000204,35.9309,66.37
2025-07-29 09:00:00,20.413318937907523,20.41331893790761,54.0
2025-07-29 10:00:00,19.979914529914232,19.979914529914527,25.6
2025-07-29 11:00:00,19.97991452991422,19.97991452991453,4.34
2025-07-29 12:00:00,7.960975063681615e-13,-0.0,1.07
2025-07-29 13:00:00,-3.785271916731532e-13,-0.0,6.2
2025-07-29 14:00:00,18.86074424431243,18.8555089870488,44.41
2025-07-29 15:00:00,20.179071574530745,20.179071574532003,78.24
2025-07-29 16:00:00,35.930900000000236,35.9309,94.81
2025-07-29 17:00:00,97.07137775031332,96.41769094901322,105.32
2025-07-29 18:00:00,100.61690625000028,100.61690625,123.56
2025-07-29 19:00:00,101.41348951383205,101.40577070304307,126.01
2025-07-29 20:00:00,100.66654331475107,100.66654331474969,111.94
2025-07-29 21:00:00,99.27364890967098,99.27364890966956,102.07
2025-07-29 22:00:00,98.22129346317223,98.22129346317297,94.92
2025-07-29 23:00:00,97.85956206066552,97.85956206066555,90.88
2025-07-30 00:00:00,97.07137775031329,97.07137775031268,86.93
2025-07-30 01:00:00,97.07137775031329,97.07137775031268,83.24
2025-07-30 02:00:00,97.07137775031326,97.07137775031268,84.89
2025-07-30 03:00:00,97.07137775031268,97.07137775031258,94.72
2025-07-30 04:00:00,98.22129346317337,98.22129346317297,100.38
2025-07-30 05:00:00,100.66654331474942,100.66654331474969,97.47
2025-07-30 06:00:00,100.6169062500004,100.61690625,93.88
2025-07-30 07:00:00,97.07137775031224,96.81229526897373,79.02
2025-07-30 08:00:00,81.86080139670717,81.86080139670645,63.29
2025-07-30 09:00:00,25.68632693458964,23.407892718620374,40.43
2025-07-30 10:00:00,27.322803680981593,27.32280368098159,24.79
2025-07-30 11:00:00,27.3228036809816,27.322803680981593,17.69
2025-07-30 12:00:00,21.036649879211176,21.05977096906948,10.7
2025-07-30 13:00:00,19.979914529914616,19.97991452991453,28.03
2025-07-30 14:00:00,18.80538859895423,18.6949908285458,45.61
2025-07-30 15:00:00,19.979914529914673,19.979914529914524,75.68
2025-07-30 16:00:00,33.513047305482935,33.175896676652464,93.97
2025-07-30 17:00:00,94.8713166225181,94.87131662251792,101.86
2025-07-30 18:00:00,97.85956206066564,97.85956206066555,109.07
2025-07-30 19:00:00,99.27364890966965,99.27364890966956,109.0
2025-07-30 20:00:00,98.22129346317297,98.22129346317297,104.0
2025-07-30 21:00:00,97.0713777503129,97.07137775031268,92.41
2025-07-30 22:00:00,96.2726172800869,96.27261728008675,88.93
2025-07-30 23:00:00,87.86051344871237,87.8605134487122,82.11
2025-07-31 00:00:00,35.93090000000018,35.93090000000001,79.0
2025-07-31 01:00:00,35.93090000000025,35.9309,77.27
2025-07-31 02:00:00,35.93090000000013,35.93089999999999,78.51
2025-07-31 03:00:00,87.8605134487123,87.8605134487122,85.43
2025-07-31 04:00:00,96.27261728008676,96.27261728008675,98.14
2025-07-31 05:00:00,98.221293463173,98.22129346317297,100.46
2025-07-31 06:00:00,98.221293463173,98.22129346317297,94.09
2025-07-31 07:00:00,96.27261728008682,96.27261728008675,88.91
2025-07-31 08:00:00,35.930900000001,35.93090000000001,74.17
2025-07-31 09:00:00,27.57934693544607,27.864967066316588,70.04
2025-07-31 10:00:00,27.322803680981586,27.322803680981593,61.15
2025-07-31 11:00:00,27.322803680981597,27.322803680981593,48.05
2025-07-31 12:00:00,27.322803680981583,27.3228036809816,35.06
2025-07-31 13:00:00,27.322803680981625,27.242061150584988,55.07
2025-07-31 14:00:00,24.265463680868656,24.25872976202091,72.43
2025-07-31 15:00:00,28.41061120973564,28.473871519864883,84.56
2025-07-31 16:00:00,35.930900000000165,35.930899999999994,96.9
2025-07-31 17:00:00,96.27261728008715,96.27261728008675,111.92
2025-07-31 18:00:00,99.27364890966956,99.27364890966956,128.27
2025-07-31 19:00:00,102.77650946906586,102.73284347475449,125.11
2025-07-31 20:00:00,102.22066795239469,102.220667952394,114.16
2025-07-31 21:00:00,100.61690624999987,100.61690625,102.79
2025-07-31 22:00:00,98.2212934631732,98.51288574378904,105.31
2025-07-31 23:00:00,98.22129346317301,98.22129346317297,98.54
2025-08-01 00:00:00,98.22129346317297,98.22129346317297,92.15
2025-08-01 01:00:00,97.85956206066558,97.85956206066555,89.17
2025-08-01 02:00:00,97.8595620606652,97.85956206066555,94.21
2025-08-01 03:00:00,98.06163324490828,98.22129346317297,100.58
2025-08-01 04:00:00,100.61690625000006,100.61690625,106.69
2025-08-01 05:00:00,102.67552756108869,102.64940526769108,110.71
2025-08-01 06:00:00,102.42936063882878,102.36938472006177,106.64
2025-08-01 07:00:00,100.61690625000008,100.61690625,103.67
2025-08-01 08:00:00,97.07137775031195,97.07137775031268,97.95
2025-08-01 09:00:00,87.86051344871218,85.24044956153233,84.1
2025-08-01 10:00:00,37.50815054039578,37.28081037716113,77.05
2025-08-01 11:00:00,27.322803680981593,27.322803680981593,61.97
2025-08-01 12:00:00,26.646301128782852,26.5171782544358,49.06
2025-08-01 13:00:00,21.218788260375316,21.218788260375323,49.1
2025-08-01 14:00:00,27.552186123173797,27.55218612317376,69.93
2025-08-01 15:00:00,40.02794612354036,40.02794612354038,83.59
2025-08-01 16:00:00,87.86051344871217,86.79101535681168,96.45
2025-08-01 17:00:00,94.92861921110101,95.36059704899385,109.51
2025-08-01 18:00:00,98.2212934631731,98.22129346317297,119.23
2025-08-01 19:00:00,102.56952407284197,101.16395026655816,117.51
2025-08-01 20:00:00,100.66654331474972,100.66654331474969,110.72
2025-08-01 21:00:00,100.61690624999984,100.61690625,102.73
2025-08-01 22:00:00,99.27364890966942,99.00195318250276,104.47
2025-08-01 23:00:00,97.07137775031285,97.07137775031268,100.32
2025-08-02 00:00:00,96.2588575656977,95.95014899879769,97.79
2025-08-02 01:00:00,95.25220034526257,95.25220034526232,92.16
2025-08-02 02:00:00,95.25220034526252,95.25220034526228,91.29
2025-08-02 03:00:00,95.2522003452625,95.2522003452623,90.77
2025-08-02 04:00:00,95.25220034526265,95.25220034526228,89.67
2025-08-02 05:00:00,95.20816867571779,95.25289508919718,84.7
2025-08-02 06:00:00,95.31097120349574,95.80512136086386,78.4
2025-08-02 07:00:00,89.71074390243903,89.18867464985703,65.68
2025-08-02 08:00:00,68.1588567579957,81.21751710870728,31.09
2025-08-02 09:00:00,27.32280368098183,27.322803680981593,5.68
2025-08-02 10:00:00,27.322803680981217,27.322803680981593,2.95
2025-08-02 11:00:00,20.291142524576486,20.291142524576564,0.0
2025-08-02 12:00:00,20.179071574531992,20.179071574532003,0.0
2025-08-02 13:00:00,19.979914529914492,19.979914529914527,0.0
2025-08-02 14:00:00,20.41331893790764,20.41331893790761,5.3
2025-08-02 15:00:00,23.649935157443927,23.64993515744392,60.69
2025-08-02 16:00:00,72.87316410386731,72.84151661475177,91.32
2025-08-02 17:00:00,81.86080139670645,84.8745526824174,102.0
2025-08-02 18:00:00,97.07137775031276,97.07137775031268,109.49
2025-08-02 19:00:00,98.22129346317303,98.22129346317297,108.42
2025-08-02 20:00:00,98.22129346317305,98.67976898015615,104.34
2025-08-02 21:00:00,98.22129346317301,98.22129346317297,95.0
2025-08-02 22:00:00,96.27261728008682,96.27261728008675,85.09
2025-08-02 23:00:00,87.86051344871223,87.01153675115945,77.52
2025-08-03 00:00:00,87.86051344871225,84.80638889214718,71.95
2025-08-03 01:00:00,87.8605134487122,84.0037259423271,68.14
2025-08-03 02:00:00,87.86051344871225,84.00372594232715,65.77
2025-08-03 03:00:00,87.86051344871221,84.00372594232715,59.98
2025-08-03 04:00:00,87.86051344871223,84.00372594232715,46.8
2025-08-03 05:00:00,87.86051344871223,84.80677690848286,26.0
2025-08-03 06:00:00,87.86051344871217,84.80679516433918,6.16
2025-08-03 07:00:00,81.86080139670649,81.86080139670645,0.0
2025-08-03 08:00:00,27.889638715632135,28.00939529479284,-1.01
2025-08-03 09:00:00,27.32280368098159,27.322803680981593,-2.1
2025-08-03 10:00:00,27.322803680981586,27.32280368098159,-3.0
2025-08-03 11:00:00,19.512733591071342,19.512733591071243,-9.9
2025-08-03 12:00:00,-4.102526021025571,-4.102526021025556,-10.08
2025-08-03 13:00:00,2.220446049250313e-14,-0.0,-4.98
2025-08-03 14:00:00,19.613087432341437,19.53638046229348,-1.5
2025-08-03 15:00:00,21.324754617468557,21.324754617468464,3.61
2025-08-03 16:00:00,33.356362973575386,35.65681102372004,71.13
2025-08-03 17:00:00,87.86051344871261,85.0293127078115,88.13
2025-08-03 18:00:00,87.8605134487125,87.8605134487122,97.87
2025-08-03 19:00:00,97.07137775031313,97.07137775031268,95.99
2025-08-03 20:00:00,97.07137775031298,97.07137775031268,97.3
2025-08-03 21:00:00,96.27261728008698,96.27261728008675,85.09
2025-08-03 22:00:00,94.87131662251832,94.87131662251792,81.05
2025-08-03 23:00:00,87.86051344871238,87.8373776624176,70.07
2025-08-04 00:00:00,87.8605134487123,83.4381140579927,69.97
2025-08-04 01:00:00,81.86080139670693,81.86080139670645,70.62
2025-08-04 02:00:00,81.86080139670693,83.8486720105769,74.03
2025-08-04 03:00:00,81.86080139670678,85.29368348760947,82.94
2025-08-04 04:00:00,96.27261728008729,96.27261728008675,95.12
2025-08-04 05:00:00,97.85956206066615,97.85956206066555,102.72
2025-08-04 06:00:00,97.85956206066612,97.85956206066555,101.44
2025-08-04 07:00:00,97.85956206066618,97.22602878906257,97.05
2025-08-04 08:00:00,96.27261728008727,96.27261728008675,80.05
2025-08-04 09:00:00,87.86051344871221,85.8452275892046,56.33
2025-08-04 10:00:00,87.6106789900398,86.51485514743712,14.84
2025-08-04 11:00:00,26.61068186162507,26.61068186162506,4.05
2025-08-04 12:00:00,26.859375474881453,26.907572893308306,0.66
2025-08-04 13:00:00,19.97991452991456,19.979914529914527,0.02
2025-08-04 14:00:00,19.979914529914588,19.979914529914527,22.09
2025-08-04 15:00:00,35.93089999999993,35.9309,67.24
2025-08-04 16:00:00,81.86080139670621,85.0480067404227,80.91
2025-08-04 17:00:00,87.86051344871201,87.8605134487122,84.54
2025-08-04 18:00:00,89.71074390243882,90.40630121678403,80.21
2025-08-04 19:00:00,89.71074390243882,90.40630121678396,72.7
2025-08-04 20:00:00,81.86080139670628,84.74169167906899,66.63
2025-08-04 21:00:00,49.37311518225559,44.11132795521047,47.69
2025-08-04 22:00:00,31.95631529545746,31.92019117309661,21.52
2025-08-04 23:00:00,31.955986089797083,31.787318176667327,15.34
2025-08-05 00:00:00,35.93089999999988,35.9309,15.9
2025-08-05 01:00:00,54.04785873541233,55.135483817321386,23.96
2025-08-05 02:00:00,68.70503503829211,68.79944443392328,54.47
2025-08-05 03:00:00,87.86051344871203,86.02962066965534,76.19
2025-08-05 04:00:00,87.86051344871198,88.33902130286803,92.25
2025-08-05 05:00:00,96.2726172800866,96.27261728008675,92.08
2025-08-05 06:00:00,94.48037418837261,94.5167431995689,74.74
2025-08-05 07:00:00,87.86051344871204,85.26764237394768,3.89
2025-08-05 08:00:00,46.449801143325224,42.678781984656226,-0.21
2025-08-05 09:00:00,27.713838900781447,26.954831897745166,-2.01
2025-08-05 10:00:00,21.180299669862574,21.115444578956986,-4.94
2025-08-05 11:00:00,10.154530293680175,9.978643844122537,-9.5
2025-08-05 12:00:00,-3.1523364716220446,-3.1523364716220748,-11.83
2025-08-05 13:00:00,-2.3699964420742763,-2.36999644207431,-9.92
2025-08-05 14:00:00,-4.999999999999991,-5.0,-5.07
2025-08-05 15:00:00,-5.000000000000026,-5.0,-0.52
2025-08-05 16:00:00,2.0493234601940296e-14,-0.0,1.07
2025-08-05 17:00:00,33.335803190560384,35.5234967624433,72.48
2025-08-05 18:00:00,81.86080139670646,81.86080139670645,89.97
2025-08-05 19:00:00,87.86051344871224,87.8605134487122,107.15
2025-08-05 20:00:00,87.86051344871223,87.8605134487122,87.18
2025-08-05 21:00:00,81.86080139670649,81.86080139670645,81.0
2025-08-05 22:00:00,78.70993734976379,76.0053646445185,75.13
2025-08-05 23:00:00,81.67000276243095,76.03832096309213,59.89
2025-08-06 00:00:00,81.67000276243097,76.03832096309111,60.76
2025-08-06 01:00:00,73.67760536174221,73.31861735933582,61.01
2025-08-06 02:00:00,73.67760536174221,81.04754730390009,60.35
2025-08-06 03:00:00,87.8605134487123,86.0297808201012,81.7
2025-08-06 04:00:00,92.87649347611473,94.52673749360837,103.77
2025-08-06 05:00:00,97.85956206066558,97.85956206066555,102.94
2025-08-06 06:00:00,97.8595620606656,97.85956206066555,83.94
2025-08-06 07:00:00,87.86051344871223,83.72656954364209,27.74
2025-08-06 08:00:00,19.97991452991453,19.979914529914524,-0.01
2025-08-06 09:00:00,-2.3548567471675317,-2.354856747169281,-2.05
2025-08-06 10:00:00,2.0300410835809872e-14,-0.0,-8.47
2025-08-06 11:00:00,-3.7860689563661967,-3.7860689563662357,-11.79
2025-08-06 12:00:00,-3.825900863417295,-3.8259008634173304,-6.0
2025-08-06 13:00:00,-9.498278040368716e-15,-0.0,-3.11
2025-08-06 14:00:00,19.979914529914524,19.97991452991453,-1.01
2025-08-06 15:00:00,24.40279906130288,24.347361655253376,52.15
2025-08-06 16:00:00,65.41608615710733,68.67589933853698,97.19
2025-08-06 17:00:00,97.85956206066537,97.85956206066555,113.7
2025-08-06 18:00:00,101.95773071803522,102.06582518559748,170.16
2025-08-06 19:00:00,108.30874966121061,108.30874966121044,157.08
2025-08-06 20:00:00,107.14837644051782,107.14837644051812,110.0
2025-08-06 21:00:00,102.54273338193414,102.3557085406847,101.6
2025-08-06 22:00:00,102.20408546696956,102.20778153332589,97.58
2025-08-06 23:00:00,100.66654331474983,100.66654331474969,97.04
2025-08-07 00:00:00,98.22129346317267,98.22129346317297,91.44
2025-08-07 01:00:00,97.8595620606655,97.85956206066555,88.79
2025-08-07 02:00:00,97.85956206066605,97.85956206066555,88.93
2025-08-07 03:00:00,98.22129346317287,98.22129346317297,92.85
2025-08-07 04:00:00,99.27364890966929,99.27364890966956,107.46
2025-08-07 05:00:00,102.92499224274846,102.71704335683482,106.5
2025-08-07 06:00:00,102.0983839244476,101.3882313280397,100.48
2025-08-07 07:00:00,97.07137775031248,97.07137775031268,77.63
2025-08-07 08:00:00,68.18263126718325,68.18263126718406,22.23
2025-08-07 09:00:00,27.37603928971778,27.37603928971778,0.0
2025-08-07 10:00:00,20.21801336529556,20.21801336529556,-0.12
2025-08-07 11:00:00,-3.6842575038930434,-3.684257503893032,-1.99
2025-08-07 12:00:00,-3.653005989752696,-3.653005989752694,-0.29
2025-08-07 13:00:00,-3.552434342398104,-3.5524343423981026,-0.01
2025-08-07 14:00:00,2.613274270107513e-14,-0.0,2.0
2025-08-07 15:00:00,19.979914529914534,19.979914529914527,65.59
2025-08-07 16:00:00,83.41114985833352,85.22711473066337,94.23
2025-08-07 17:00:00,97.07137775031269,96.88622398005782,111.95
2025-08-07 18:00:00,100.6665433147508,100.66654331474969,141.94
2025-08-07 19:00:00,102.66865249249265,102.66941549950783,127.5
2025-08-07 20:00:00,101.3808581985145,101.6957093190471,110.0
2025-08-07 21:00:00,100.66654331475075,100.66654331474969,101.28
2025-08-07 22:00:00,98.22129346317392,98.22129346317297,93.9
2025-08-07 23:00:00,97.07137775031538,97.07137775031268,89.49
2025-08-08 00:00:00,96.27261728008675,96.27261728008637,86.13
2025-08-08 01:00:00,96.27261728008675,96.27261728008669,82.66
2025-08-08 02:00:00,96.27261728008675,96.27261728008673,81.45
2025-08-08 03:00:00,97.07137775031265,97.0713777503128,91.14
2025-08-08 04:00:00,98.22129346317291,98.22129346317297,100.43
2025-08-08 05:00:00,102.39656549847322,101.96157500073991,103.05
2025-08-08 06:00:00,100.91368067804352,100.91368067804355,109.14
2025-08-08 07:00:00,98.22129346317291,98.22129346317296,89.9
2025-08-08 08:00:00,81.86080139670636,81.86080139670642,66.0
2025-08-08 09:00:00,28.356520196884816,28.356520196885096,8.39
2025-08-08 10:00:00,27.32280368098161,27.322803680981593,0.0
2025-08-08 11:00:00,27.32280368098114,27.322803680981586,-0.01
2025-08-08 12:00:00,19.979914529914552,19.979914529914524,-0.02
2025-08-08 13:00:00,19.979914529914556,19.979914529914524,-0.01
2025-08-08 14:00:00,20.179071574532003,20.179071574532003,10.49
2025-08-08 15:00:00,27.778779098472853,27.778002305461495,71.74
2025-08-08 16:00:00,87.86051344871277,87.8605134487122,103.86
2025-08-08 17:00:00,98.221293463173,98.22129346317297,113.97
2025-08-08 18:00:00,102.36794204670187,102.31322385144878,144.62
2025-08-08 19:00:00,107.14837644051791,107.14837644051809,151.51
2025-08-08 20:00:00,106.46787953766288,107.01200923752975,121.59
2025-08-08 21:00:00,101.82799258803188,101.82207990022741,108.46
2025-08-08 22:00:00,100.66654331474965,100.66654331474966,101.93
2025-08-08 23:00:00,100.66654331474896,100.66654331474967,100.43
2025-08-09 00:00:00,99.42646757781287,99.42790612017181,99.94
2025-08-09 01:00:00,99.38483092629947,99.37771538309859,97.8
2025-08-09 02:00:00,99.27364890966956,99.27364890967068,96.87
2025-08-09 03:00:00,99.27364890966956,99.27364890967208,97.01
2025-08-09 04:00:00,99.85387700808441,99.85384434601036,97.26
2025-08-09 05:00:00,99.85583355196526,99.85599934710173,93.45
2025-08-09 06:00:00,98.22129346317297,98.22129346317298,70.19
2025-08-09 07:00:00,96.27261728008675,96.27261728008682,15.34
2025-08-09 08:00:00,28.356520196885203,28.356520196885093,-0.02
2025-08-09 09:00:00,27.322803680981576,27.322803680981593,-1.0
2025-08-09 10:00:00,18.78176239098495,18.781762390984973,-6.63
2025-08-09 11:00:00,-4.348907653597174,-4.34890765359719,-15.14
2025-08-09 12:00:00,-4.348697621235598,-4.34869762123562,-15.37
2025-08-09 13:00:00,-3.6318066561765283,-3.6318066561764284,-4.1
2025-08-09 14:00:00,-3.5046810523463128,-3.504681052346207,-0.04
2025-08-09 15:00:00,4.05909360711955,3.994423069430204,6.29
2025-08-09 16:00:00,28.917582715617417,28.960256049027226,85.9
2025-08-09 17:00:00,76.99579122754423,77.3719830601329,104.2
2025-08-09 18:00:00,97.07137775031278,97.07137775031279,127.62
2025-08-09 19:00:00,98.221293463173,98.22129346317297,119.31
2025-08-09 20:00:00,97.85956206066574,97.85956206066555,107.89
2025-08-09 21:00:00,96.2726172800869,96.27261728008676,94.97
2025-08-09 22:00:00,94.87131662251792,94.80054398332622,84.79
2025-08-09 23:00:00,89.71074390243898,89.71074390243903,83.23
2025-08-10 00:00:00,87.86051344871237,87.8605134487122,83.1
2025-08-10 01:00:00,87.86051344871257,82.07990748123818,77.95
2025-08-10 02:00:00,81.86080139670649,81.86080139670688,80.68
2025-08-10 03:00:00,81.86080139670646,81.8608013967059,83.69
2025-08-10 04:00:00,96.27261728008696,96.27261728008652,82.27
2025-08-10 05:00:00,96.27261728008686,96.27261728008675,74.7
2025-08-10 06:00:00,97.07137775031308,97.07137775031262,26.36
2025-08-10 07:00:00,68.18263126718429,68.18263126718405,-0.01
2025-08-10 08:00:00,27.366150334253675,27.366150334253675,-3.11
2025-08-10 09:00:00,16.2546452764366,16.254645276436605,-15.6
2025-08-10 10:00:00,-4.999999999999996,-5.0,-40.03
2025-08-10 11:00:00,-5.000000000000003,-5.0,-61.08
2025-08-10 12:00:00,-4.999999999999989,-5.0,-50.94
2025-08-10 13:00:00,-4.999999999999982,-5.0,-22.12
2025-08-10 14:00:00,-5.000000000000009,-5.0,-1.21
2025-08-10 15:00:00,7.398882128930058,7.398882128929747,2.13
2025-08-10 16:00:00,30.867823727174518,28.06112953009879,82.64
2025-08-10 17:00:00,87.86051344871211,87.8605134487122,108.55
2025-08-10 18:00:00,100.66654331474923,100.66654331474969,118.95
2025-08-10 19:00:00,102.33667849835469,102.36414270067485,122.45
2025-08-10 20:00:00,102.33680510861977,102.32909311812067,106.98
2025-08-10 21:00:00,102.11207706290838,102.1294743205381,98.9
2025-08-10 22:00:00,100.61690625,100.61690625,99.82
2025-08-10 23:00:00,97.07137775031268,97.0713777503129,91.97
2025-08-11 00:00:00,97.07137775031265,97.07137775031269,87.44
2025-08-11 01:00:00,97.85956206066552,97.85956206066436,85.19
2025-08-11 02:00:00,98.22129346317294,98.22129346317237,92.85
2025-08-11 03:00:00,99.27364890966953,99.27364890966864,103.51
2025-08-11 04:00:00,102.82418164796388,102.73316371134794,129.22
2025-08-11 05:00:00,106.61139776374256,106.6896969673684,133.49
2025-08-11 06:00:00,107.14837644051809,106.36993653502397,105.35
2025-08-11 07:00:00,102.08620354971924,100.79656631017977,90.75
2025-08-11 08:00:00,94.87131662251791,94.87131662251792,50.0
2025-08-11 09:00:00,27.469213079469426,27.469213079469547,2.54
2025-08-11 10:00:00,27.322803680981686,27.32280368098159,0.0
2025-08-11 11:00:00,20.179071574531864,20.179071574532003,0.0
2025-08-11 12:00:00,19.979914529914502,19.979914529914524,0.0
2025-08-11 13:00:00,20.18787436784519,20.187874367845208,9.0
2025-08-11 14:00:00,19.9799145299145,19.97991452991453,56.14
2025-08-11 15:00:00,28.95549917681707,28.984257082145998,92.25
2025-08-11 16:00:00,96.27261728008673,96.27261728008675,108.26
2025-08-11 17:00:00,102.2295974429773,102.32669456180125,154.0
2025-08-11 18:00:00,108.3103083512807,108.31010905875526,191.95
2025-08-11 19:00:00,108.7327623608433,108.73275595133578,138.88
2025-08-11 20:00:00,107.14837644051809,106.82567824785296,108.87
2025-08-11 21:00:00,102.55756642123269,102.55321286134125,96.0
2025-08-11 22:00:00,100.66654331474993,100.66654331474969,93.0
2025-08-11 23:00:00,99.27364890966969,99.27364890967083,89.67
2025-08-12 00:00:00,98.2212934631732,98.22129346317296,85.41
2025-08-12 01:00:00,96.27261728008708,96.27261728008675,85.13
2025-08-12 02:00:00,97.07137775031262,97.07137775031248,86.48
2025-08-12 03:00:00,100.66654331474976,100.66654331474973,93.97
2025-08-12 04:00:00,106.61139776374274,106.6896969673684,106.91
2025-08-12 05:00:00,107.14837644051728,107.14837644051818,104.63
2025-08-12 06:00:00,107.14837644051826,107.14837644051798,98.71
2025-08-12 07:00:00,102.21818408673276,102.22641975048484,92.49
2025-08-12 08:00:00,97.0713777503126,97.07137775031268,79.53
2025-08-12 09:00:00,27.41221103634864,27.252030774181858,40.41
2025-08-12 10:00:00,27.27567341660906,27.2717225752348,8.38
2025-08-12 11:00:00,20.4133189379074,20.41331893790761,3.0
2025-08-12 12:00:00,19.979914529914474,19.97991452991453,5.15
2025-08-12 13:00:00,19.9799145299144,19.979914529914527,35.05
2025-08-12 14:00:00,19.979914529914403,19.979914529914527,73.12
2025-08-12 15:00:00,29.04453376172195,28.97987721223383,94.06
2025-08-12 16:00:00,96.27261728008641,96.27261728008675,106.1
2025-08-12 17:00:00,100.66654331474936,100.66654331474966,149.31
2025-08-12 18:00:00,107.95532666163963,107.94657837496365,156.16
2025-08-12 19:00:00,107.95019245819498,107.9505759565637,140.4
2025-08-12 20:00:00,106.4640819707603,106.64791980366414,114.07
2025-08-12 21:00:00,100.61690624999969,100.6583781995952,97.73
2025-08-12 22:00:00,100.61690624999949,100.61690625,95.72
2025-08-12 23:00:00,100.61690624999979,100.61690625,90.0
2025-08-13 00:00:00,100.6169062499996,100.61690625000011,86.89
2025-08-13 01:00:00,100.61690624999969,100.61690625,84.71
2025-08-13 02:00:00,100.66654331474923,100.66654331474979,87.07
2025-08-13 03:00:00,102.33445508244155,102.37297362190434,93.3
2025-08-13 04:00:00,108.29837705199934,108.27273200121502,108.87
2025-08-13 05:00:00,108.68452171744148,108.68457614788367,107.52
2025-08-13 06:00:00,108.33613148901644,108.3358225601002,105.87
2025-08-13 07:00:00,102.11737326552034,102.11719494532707,93.6
2025-08-13 08:00:00,98.22129346317382,98.22129346317308,89.26
2025-08-13 09:00:00,27.605226689650472,27.60522668965132,68.2
2025-08-13 10:00:00,27.42204354864871,27.37105087198777,44.29
2025-08-13 11:00:00,27.322803680981586,27.322803680981576,27.89
2025-08-13 12:00:00,20.179071574532024,20.179071574532003,41.66
2025-08-13 13:00:00,19.979914529914527,19.979914529914524,70.9
2025-08-13 14:00:00,19.979914529914566,19.979914529914524,84.3
2025-08-13 15:00:00,35.212040127915984,35.82359751867591,96.64
2025-08-13 16:00:00,97.85956206066564,97.85956206066558,115.34
2025-08-13 17:00:00,102.7267272489324,102.75387725745341,193.3
2025-08-13 18:00:00,109.14702739616455,109.14702739616388,226.64
2025-08-13 19:00:00,109.07065949704823,109.07065949704749,154.52
2025-08-13 20:00:00,108.41494309025444,108.365933210991,123.21
2025-08-13 21:00:00,108.22335679786768,108.17056124810725,106.27
2025-08-13 22:00:00,101.07238090904526,101.38836190198616,98.1
2025-08-13 23:00:00,100.70357459088508,100.70370069011199,92.0
2025-08-14 00:00:00,100.97552699940627,101.02830982904467,88.45
2025-08-14 01:00:00,102.18942778834639,102.18942778834915,88.2
2025-08-14 02:00:00,102.41833563829843,102.41855094273265,88.53
2025-08-14 03:00:00,103.30365845824402,103.25256821903501,97.52
2025-08-14 04:00:00,108.28393616700465,108.27105462597338,107.94
2025-08-14 05:00:00,109.46075442253053,109.4607544225294,109.92
2025-08-14 06:00:00,109.0741682827646,108.87386849857964,99.51
2025-08-14 07:00:00,102.27696375028897,102.27696375028897,91.1
2025-08-14 08:00:00,99.27364890966957,99.27364890967081,81.26
2025-08-14 09:00:00,36.08681426142335,36.08681426142336,67.57
2025-08-14 10:00:00,27.32280368098159,27.32280368098159,54.09
2025-08-14 11:00:00,27.322803680981586,27.322803680981593,41.02
2025-08-14 12:00:00,27.322803680981607,27.322803680981583,54.9
2025-08-14 13:00:00,27.32280368098154,27.322803680981515,69.43
2025-08-14 14:00:00,28.67969798039003,28.561842763262796,78.99
2025-08-14 15:00:00,65.06489338029193,65.60824929237653,97.22
2025-08-14 16:00:00,98.22129346317317,98.22129346317558,115.54
2025-08-14 17:00:00,108.10109259259264,108.21884586436589,233.8
2025-08-14 18:00:00,109.3596631417397,109.35967781753129,283.89
2025-08-14 19:00:00,109.36148160489108,109.36148160489002,155.84
2025-08-14 20:00:00,108.99135716200276,108.8637937759746,120.71
2025-08-14 21:00:00,108.3087323461399,108.30874966121044,105.95
2025-08-14 22:00:00,102.74371593468582,102.76529896439892,99.59
2025-08-14 23:00:00,102.15935870057035,102.1852241119958,98.97
2025-08-15 00:00:00,102.15935870057021,102.1593587005689,93.9
2025-08-15 01:00:00,101.94916986827978,101.99499305907426,90.33
2025-08-15 02:00:00,100.6169062500004,100.61690625,92.0
2025-08-15 03:00:00,100.66654331475027,100.66654331474969,96.91
2025-08-15 04:00:00,102.6515670769757,102.65131712092969,101.66
2025-08-15 05:00:00,103.30365845824467,103.61342838045441,101.31
2025-08-15 06:00:00,103.3036584582442,103.71119645327333,96.6
2025-08-15 07:00:00,102.10252562840293,102.09934157256208,83.47
2025-08-15 08:00:00,89.71074390243919,89.71074390243903,43.9
2025-08-15 09:00:00,27.32280368098151,27.322803680981593,3.0
2025-08-15 10:00:00,27.322803680981693,27.322803680981576,0.08
2025-08-15 11:00:00,16.243549805430554,16.2435498054306,0.0
2025-08-15 12:00:00,-3.656875320399127,-3.6568753203991364,0.0
2025-08-15 13:00:00,17.51863409705513,17.518634097055052,1.72
2025-08-15 14:00:00,20.17907157453204,20.179071574532003,27.66
2025-08-15 15:00:00,29.85937104166048,30.203563961069264,77.96
2025-08-15 16:00:00,52.75561862133759,67.5559375917692,105.89
2025-08-15 17:00:00,98.22129346317311,98.22129346317297,114.38
2025-08-15 18:00:00,102.17131199558928,102.25501752676337,124.01
2025-08-15 19:00:00,102.17131199558926,102.26863094514783,111.5
2025-08-15 20:00:00,100.66654331474977,101.30084804371309,105.94
2025-08-15 21:00:00,100.66654331474979,100.66654331474969,95.96
2025-08-15 22:00:00,100.66654331474963,100.66654331474969,96.11
2025-08-15 23:00:00,99.27364890966967,99.27364890966903,90.92
2025-08-16 00:00:00,97.85956206066501,97.85956206066555,89.78
2025-08-16 01:00:00,96.27261728008382,96.27261728008675,85.35
2025-08-16 02:00:00,94.87131662252008,94.87131662252011,84.05
2025-08-16 03:00:00,90.23557721057342,90.23557721055695,87.09
2025-08-16 04:00:00,94.94643832709771,94.93607586083414,91.01
2025-08-16 05:00:00,96.27261728008811,95.55649158300626,90.02
2025-08-16 06:00:00,97.85956206066761,97.85956206066555,80.99
2025-08-16 07:00:00,96.27261728008818,96.27261728008675,67.94
2025-08-16 08:00:00,37.234073794049564,37.234073794050026,25.12
2025-08-16 09:00:00,28.298053210081523,28.29805321008148,3.8
2025-08-16 10:00:00,24.815558206349625,24.802007005219604,0.17
2025-08-16 11:00:00,19.74417571977848,19.744175719778465,-0.01
2025-08-16 12:00:00,-3.885285849624156,-3.8852858496240223,-0.01
2025-08-16 13:00:00,-4.366426792646073,-4.366426792645946,-0.01
2025-08-16 14:00:00,-4.307142887277213,-4.307142887277459,0.71
2025-08-16 15:00:00,18.816667966587254,19.275003779746037,16.21
2025-08-16 16:00:00,33.14518717563004,33.23627458935815,69.92
2025-08-16 17:00:00,68.90291091311124,68.9672013842416,95.0
2025-08-16 18:00:00,98.22129346317499,98.22129346317297,102.62
2025-08-16 19:00:00,99.27364890966943,99.27364890966939,100.61
2025-08-16 20:00:00,99.27364890967004,99.20285735358152,95.0
2025-08-16 21:00:00,98.22129346317398,99.1954580630344,90.0
2025-08-16 22:00:00,99.27364890967006,99.06144767754608,91.28
2025-08-16 23:00:00,98.22129346317375,98.22129346317297,85.34
2025-08-17 00:00:00,97.07137775031235,97.07137775031268,86.86
2025-08-17 01:00:00,96.27261728008763,96.27261728008675,86.63
2025-08-17 02:00:00,96.2726172800863,96.17468177008081,87.73
2025-08-17 03:00:00,94.9288369746964,94.9360758608324,89.93
2025-08-17 04:00:00,94.92639399593544,94.93604284150359,89.89
2025-08-17 05:00:00,97.07137775031265,97.07137775031268,81.03
2025-08-17 06:00:00,97.8595620606663,97.85956206066555,76.24
2025-08-17 07:00:00,87.86051344871215,87.8605134487122,32.59
2025-08-17 08:00:00,35.930900000000165,35.9309,9.96
2025-08-17 09:00:00,27.322803680980943,27.322803680981597,0.1
2025-08-17 10:00:00,27.322803680981593,27.322803680981593,-0.2
2025-08-17 11:00:00,27.322803680981593,27.322803680981593,-0.93
2025-08-17 12:00:00,27.32280368098159,27.322803680981593,-1.25
2025-08-17 13:00:00,27.322803680981597,27.322803680981593,0.65
2025-08-17 14:00:00,27.322803680981593,27.322803680981593,13.81
2025-08-17 15:00:00,33.88041113201636,33.7729210942876,72.4
2025-08-17 16:00:00,87.86051344871245,87.8605134487122,96.69
2025-08-17 17:00:00,96.65751487415116,96.64983305200194,110.0
2025-08-17 18:00:00,102.89494688321145,102.88370822693923,110.66
2025-08-17 19:00:00,106.86593218688792,103.59147579786531,110.14
2025-08-17 20:00:00,102.82936058498689,102.81354617895914,105.1
2025-08-17 21:00:00,102.3073589918204,102.30735899182035,102.54
2025-08-17 22:00:00,102.41891442568588,102.418914425686,91.99
2025-08-17 23:00:00,102.17985841830964,102.17985841830914,87.13
2025-08-18 00:00:00,101.91256515096825,101.90231344845219,84.33
2025-08-18 01:00:00,100.66654331474976,100.66654331474969,83.85
2025-08-18 02:00:00,100.66654331474976,100.66654331474967,89.46
2025-08-18 03:00:00,103.55773523913997,103.55834927211176,99.27
2025-08-18 04:00:00,106.60350097419607,106.88726469417901,118.51
2025-08-18 05:00:00,109.69933254457825,109.65850894825877,130.13
2025-08-18 06:00:00,108.66983215214127,108.67666406607246,109.87
2025-08-18 07:00:00,102.24584008745414,102.2536611067333,88.84
2025-08-18 08:00:00,97.85956206066567,97.85956206066558,72.06
2025-08-18 09:00:00,35.930900000000456,35.9309,45.93
2025-08-18 10:00:00,25.765560973233345,22.35907864058937,20.04
2025-08-18 11:00:00,20.2180133652958,20.21801336529556,14.23
2025-08-18 12:00:00,20.650250486825353,20.65025048682458,18.34
2025-08-18 13:00:00,20.218013365295565,20.21801336529556,54.56
2025-08-18 14:00:00,30.6540989396833,30.65409893968329,70.94
2025-08-18 15:00:00,40.816673572192144,40.70565351254462,90.32
2025-08-18 16:00:00,97.07137775031262,97.07137775031268,109.87
2025-08-18 17:00:00,102.69656741573033,102.67128946301312,185.5
2025-08-18 18:00:00,108.75170142495828,108.75170142495875,197.42
2025-08-18 19:00:00,108.44900182810125,108.4490018281012,124.67
2025-08-18 20:00:00,106.60237723481502,106.88476195433209,107.49
2025-08-18 21:00:00,107.14837644051819,104.02213930423714,102.0
2025-08-18 22:00:00,102.3053524878999,102.24099870811126,101.01
2025-08-18 23:00:00,102.18661755515532,102.18661755515434,94.82
2025-08-19 00:00:00,102.15435645019689,102.15435645019696,88.2
2025-08-19 01:00:00,102.13933642082793,102.1393364208278,86.37
2025-08-19 02:00:00,102.13933642082816,102.11829283379286,90.09
2025-08-19 03:00:00,102.55549800858232,102.55485008155974,102.5
2025-08-19 04:00:00,107.09243582095503,106.84532404659728,111.1
2025-08-19 05:00:00,107.1483764405184,106.89231693923409,109.95
2025-08-19 06:00:00,107.14837644051799,106.84583162022764,98.05
2025-08-19 07:00:00,102.06843924404787,101.51781823647217,88.57
2025-08-19 08:00:00,96.27261728008673,96.27261728008675,69.64
2025-08-19 09:00:00,29.490531495784747,29.4546504725641,43.23
2025-08-19 10:00:00,27.32280368098157,27.322803680981586,22.85
2025-08-19 11:00:00,19.97991452991454,19.979914529914524,8.97
2025-08-19 12:00:00,2.5966279490947812,2.5815088761571015,15.26
2025-08-19 13:00:00,-4.999999999999972,-4.999999999999996,30.89
2025-08-19 14:00:00,12.265789388069713,12.074733273336363,60.6
2025-08-19 15:00:00,30.051796665111254,30.101482482177033,91.48
2025-08-19 16:00:00,77.95662291032085,78.80359209907951,101.91
2025-08-19 17:00:00,100.61690625,100.61690624999976,120.51
2025-08-19 18:00:00,106.52554867714275,103.76992961515718,128.62
2025-08-19 19:00:00,106.13577733851577,103.74333204384656,111.06
2025-08-19 20:00:00,102.14612334383244,102.27102844360438,104.41
2025-08-19 21:00:00,102.1461233438325,102.27016942453102,97.2
2025-08-19 22:00:00,100.61690624999986,100.61690625,97.7
2025-08-19 23:00:00,97.07137775031296,97.07137775031268,93.18
2025-08-20 00:00:00,97.07137775031289,97.07137775031268,87.64
2025-08-20 01:00:00,97.07137775031282,97.06046416569995,85.78
2025-08-20 02:00:00,97.0713777503124,97.10372556871225,89.66
2025-08-20 03:00:00,98.2212934631728,98.22129346317297,98.8
2025-08-20 04:00:00,100.6665433147497,100.80697296864923,108.84
2025-08-20 05:00:00,104.23958199099448,103.8199026014222,110.12
2025-08-20 06:00:00,102.31485213235045,102.44195306668502,103.91
2025-08-20 07:00:00,100.61690625000003,100.61690624999993,90.05
2025-08-20 08:00:00,96.27261728008678,96.27261728008675,80.98
2025-08-20 09:00:00,28.520048216012896,34.671270061861755,69.06
2025-08-20 10:00:00,27.322803680981753,27.322803680981593,49.07
2025-08-20 11:00:00,27.322803680981607,27.322803680981593,35.0
2025-08-20 12:00:00,27.322803680981572,27.322803680981593,42.03
2025-08-20 13:00:00,27.44225930145866,27.45921850840854,73.02
2025-08-20 14:00:00,36.89132020830376,36.594532429094656,81.45
2025-08-20 15:00:00,69.09677665110422,70.36244747496498,101.69
2025-08-20 16:00:00,94.871316622518,94.87131662251791,109.16
2025-08-20 17:00:00,97.07137775031288,97.64185039042013,135.15
2025-08-20 18:00:00,102.48392809813005,102.47642210751076,126.11
2025-08-20 19:00:00,102.17214784003548,102.33914600263331,114.95
2025-08-20 20:00:00,102.14594409199188,102.25501752676374,103.49
2025-08-20 21:00:00,100.66654331474967,100.66654331474749,97.34
2025-08-20 22:00:00,100.82635499441716,100.82635499441768,96.11
2025-08-20 23:00:00,99.27364890966962,99.27364890966984,90.73
2025-08-21 00:00:00,97.85956206066537,97.85956206066555,87.52
2025-08-21 01:00:00,97.07137775031276,97.07137775031268,90.88
2025-08-21 02:00:00,97.49258683260047,97.4158215944194,92.37
2025-08-21 03:00:00,97.85956206066561,97.85956206066635,108.59
2025-08-21 04:00:00,100.61690625000008,100.61690625,115.6
2025-08-21 05:00:00,104.09329557251267,104.09329557251367,116.89
2025-08-21 06:00:00,103.8342635884115,103.76927833448826,107.79
2025-08-21 07:00:00,99.92511953418838,100.13447090286675,97.32
2025-08-21 08:00:00,87.86051344871234,87.8605134487122,85.85
2025-08-21 09:00:00,36.098785541061176,36.09878554106099,77.64
2025-08-21 10:00:00,30.49928842087536,29.925330023611625,69.49
2025-08-21 11:00:00,23.21755918291977,22.72497154609442,66.09
2025-08-21 12:00:00,23.21747298697752,22.721500742337597,56.26
2025-08-21 13:00:00,33.508326746237,32.2430501743142,68.2
2025-08-21 14:00:00,35.930900000000065,35.93089999999998,72.39
2025-08-21 15:00:00,37.99993570208319,37.92418651900554,92.88
2025-08-21 16:00:00,67.09258717732827,66.98049593637927,103.2
2025-08-21 17:00:00,96.27261728008698,96.27261728008675,106.39
2025-08-21 18:00:00,100.61690625000016,100.61690625,110.73
2025-08-21 19:00:00,100.66654331475003,100.66654331474729,110.73
2025-08-21 20:00:00,100.61690625000033,100.61690625000051,105.0
2025-08-21 21:00:00,100.61690625,100.61690625,95.78
2025-08-21 22:00:00,100.17824792991527,100.17830250029931,89.27
2025-08-21 23:00:00,98.22129346317327,98.22129346317297,81.99
2025-08-22 00:00:00,98.22129346317314,98.22129346317297,78.59
2025-08-22 01:00:00,98.2212934631732,98.22129346317297,77.52
2025-08-22 02:00:00,97.85956206066564,97.85956206066555,77.65
2025-08-22 03:00:00,100.61690625000013,100.46014536836147,87.9
2025-08-22 04:00:00,100.66654331474984,100.66654331474865,105.76
2025-08-22 05:00:00,102.49346889016142,102.49091135623783,107.45
2025-08-22 06:00:00,102.16327145163736,100.6935049224005,102.32
2025-08-22 07:00:00,100.6046366895625,100.40775345208714,90.02
2025-08-22 08:00:00,97.07137775031299,96.54095401832245,72.44
2025-08-22 09:00:00,27.401098873918766,27.40109887391877,42.5
2025-08-22 10:00:00,27.322803680981604,27.322803680981604,14.07
2025-08-22 11:00:00,27.322803680981597,27.322803680981593,3.84
2025-08-22 12:00:00,27.322803680981472,27.322803680981615,0.02
2025-08-22 13:00:00,27.32280368098153,27.322803680981593,4.01
2025-08-22 14:00:00,26.54378825070414,26.54378825070391,40.64
2025-08-22 15:00:00,29.08724845021797,29.0872003867492,73.14
2025-08-22 16:00:00,37.82462421424641,37.785300662258734,95.17
2025-08-22 17:00:00,98.22129346317286,98.22129346317297,106.07
2025-08-22 18:00:00,100.45303705259217,100.26734287471156,113.0
2025-08-22 19:00:00,100.56480385034786,100.55369722331227,107.63
2025-08-22 20:00:00,100.5648080105634,100.37603674577443,103.09
2025-08-22 21:00:00,99.91669424248155,99.70947818787305,94.37
2025-08-22 22:00:00,99.709478187866,99.70947818787445,95.33
2025-08-22 23:00:00,99.27364890966953,99.27364890966956,89.32
2025-08-23 00:00:00,98.22129346317257,98.22129346317297,87.76
2025-08-23 01:00:00,97.85956206066518,97.85956206065758,85.21
2025-08-23 02:00:00,97.07137775031264,97.07137775031268,85.56
2025-08-23 03:00:00,97.07137775031163,97.07137775031268,85.6
2025-08-23 04:00:00,97.85956206066479,97.85956206066555,86.67
2025-08-23 05:00:00,98.22129346317257,98.22129346317297,86.78
2025-08-23 06:00:00,98.22129346317267,98.22129346317298,83.57
2025-08-23 07:00:00,96.27261728008662,96.27261728008675,62.9
2025-08-23 08:00:00,27.305977671589677,27.25203077418185,14.69
2025-08-23 09:00:00,27.322803680981618,27.322803680981593,3.29
2025-08-23 10:00:00,27.32280368098156,27.322803680981593,1.32
2025-08-23 11:00:00,19.979914529914495,19.979914529914524,0.06
2025-08-23 12:00:00,19.979914529914506,19.979914529914524,0.07
2025-08-23 13:00:00,20.218013365295544,20.218013365295576,3.52
2025-08-23 14:00:00,27.322803680981405,27.322803680981593,12.1
2025-08-23 15:00:00,26.04112469729132,26.04273912181013,72.19
2025-08-23 16:00:00,72.92915392861492,72.95238335787329,100.31
2025-08-23 17:00:00,98.22129346317286,98.22129346317297,112.22
2025-08-23 18:00:00,100.66654331475023,100.69590616691801,123.67
2025-08-23 19:00:00,100.99971910252619,101.15664690960242,120.43
2025-08-23 20:00:00,100.66654331474956,100.66654331475652,111.16
2025-08-23 21:00:00,100.6665433147496,100.66654331475124,105.28
2025-08-23 22:00:00,100.61690624999976,100.6169062499991,100.5
2025-08-23 23:00:00,100.61690624999979,100.61690625,95.13
2025-08-24 00:00:00,100.61690625000017,100.61690625001616,94.41
2025-08-24 01:00:00,98.22129346316271,98.22129346317297,92.13
2025-08-24 02:00:00,98.22129346316333,98.22129346317297,91.2
2025-08-24 03:00:00,98.22129346316315,98.22129346317297,90.97
2025-08-24 04:00:00,98.22129346316363,98.22129346317297,90.0
2025-08-24 05:00:00,99.27364890966938,99.27364890966959,85.01
2025-08-24 06:00:00,99.27364890967029,99.27364890966979,72.84
2025-08-24 07:00:00,87.86051344871201,87.8605134487122,4.8
2025-08-24 08:00:00,27.352787862769713,27.35278786276975,-0.01
2025-08-24 09:00:00,27.322803680981597,27.32280368098165,-0.07
2025-08-24 10:00:00,19.72344651875766,19.72344651875766,-1.98
2025-08-24 11:00:00,-3.6350036799452266,-3.6350036799451986,-7.45
2025-08-24 12:00:00,-4.999999999999939,-5.0,-7.4
2025-08-24 13:00:00,14.949866048762772,14.94986604876254,-0.1
2025-08-24 14:00:00,27.322803680981696,27.322803680981583,0.0
2025-08-24 15:00:00,27.32280368098131,27.32280368098159,63.36
2025-08-24 16:00:00,39.91100497463539,40.43892969703246,99.81
2025-08-24 17:00:00,97.8595620606656,97.85956206066555,110.5
2025-08-24 18:00:00,100.66654331474976,100.66654331475242,117.31
2025-08-24 19:00:00,101.65504320755342,101.61329122499198,114.32
2025-08-24 20:00:00,100.66654331474966,100.66654331474719,107.5
2025-08-24 21:00:00,100.66654331474973,100.66654331475313,100.52
2025-08-24 22:00:00,100.66654331474973,100.66654331474969,95.28
2025-08-24 23:00:00,100.61690625000017,100.61690625,87.03
2025-08-25 00:00:00,97.85956206066571,97.85956206066555,84.02
2025-08-25 01:00:00,97.07137775031268,97.07137775031268,82.9
2025-08-25 02:00:00,97.85956206066557,97.85956206066555,83.46
2025-08-25 03:00:00,98.22129346317317,98.22129346317291,102.46
2025-08-25 04:00:00,102.05018221605533,102.12517953827071,115.38
2025-08-25 05:00:00,107.14837644051816,107.14837644051812,125.0
2025-08-25 06:00:00,102.14218900053869,102.1560567966285,110.04
2025-08-25 07:00:00,100.21347089280906,99.70947818789816,91.97
2025-08-25 08:00:00,68.18263126718419,68.18263126718405,72.98
2025-08-25 09:00:00,27.204490335044678,27.204490335042532,35.02
2025-08-25 10:00:00,27.081439062168407,27.08143906216805,10.0
2025-08-25 11:00:00,20.218013365296038,20.21801336529556,5.93
2025-08-25 12:00:00,19.97991452991479,19.979914529914524,6.78
2025-08-25 13:00:00,19.979914529914755,19.979914529914524,25.2
2025-08-25 14:00:00,19.97991452991447,19.979914529914524,56.43
2025-08-25 15:00:00,28.935295651318512,28.93624084075507,86.67
2025-08-25 16:00:00,94.87131662251795,94.87131662200068,111.54
2025-08-25 17:00:00,100.61690625000007,100.61690625,159.03
2025-08-25 18:00:00,108.26130044597025,108.2613004459702,232.82
2025-08-25 19:00:00,108.66219433486263,108.78225501307995,138.04
2025-08-25 20:00:00,107.14837644051762,107.14837644051813,115.04
2025-08-25 21:00:00,101.70574350848787,101.70153869545338,105.15
2025-08-25 22:00:00,102.08111452859288,102.03336421203325,105.8
2025-08-25 23:00:00,98.22129346317239,98.22129346317354,100.44
2025-08-26 00:00:00,98.2212934631725,98.16911354560392,96.58
2025-08-26 01:00:00,98.16994267798883,98.1691135456036,94.79
2025-08-26 02:00:00,98.22129346317323,98.22129346317294,96.27
2025-08-26 03:00:00,99.27364890967021,99.34948618599039,106.6
2025-08-26 04:00:00,101.93495085275079,101.13750672753793,124.59
2025-08-26 05:00:00,105.30398861665223,105.37116936752213,123.45
2025-08-26 06:00:00,104.02635965150976,104.03474620647646,106.79
2025-08-26 07:00:00,100.61690625000097,100.61690625,90.0
2025-08-26 08:00:00,87.86051344871294,87.8605134487122,77.47
2025-08-26 09:00:00,27.41221103634903,27.25203077418185,61.6
2025-08-26 10:00:00,27.322803680976026,27.3228036809816,41.95
2025-08-26 11:00:00,27.32280368097863,27.32280368098163,26.28
2025-08-26 12:00:00,20.179071574532003,20.179071574532003,38.05
2025-08-26 13:00:00,20.174743021012393,20.174743021012397,72.39
2025-08-26 14:00:00,20.17474302101241,20.17474302101239,88.26
2025-08-26 15:00:00,35.930899999999994,35.9309,105.05
2025-08-26 16:00:00,96.27261728008675,96.27261728008712,131.09
2025-08-26 17:00:00,102.46520741294019,102.42128000736092,196.88
2025-08-26 18:00:00,107.14837644051794,106.22509075389655,180.17
2025-08-26 19:00:00,102.92968412551721,102.93111456417452,123.3
2025-08-26 20:00:00,100.6169062500005,100.61690625,109.47
2025-08-26 21:00:00,100.60463668956095,100.41888903784844,97.67
2025-08-26 22:00:00,97.85956206066473,97.85956206066555,96.59
2025-08-26 23:00:00,97.07137775031207,97.07137775031268,89.98
2025-08-27 00:00:00,97.07137775031194,97.07137775031268,86.52
2025-08-27 01:00:00,96.27261728008621,96.27261728008675,87.25
2025-08-27 02:00:00,95.31821037483081,95.28664461801338,90.0
2025-08-27 03:00:00,97.07137775031089,97.07137775031268,97.73
2025-08-27 04:00:00,100.61690624999963,100.61690625,110.0
2025-08-27 05:00:00,102.33023644550134,102.33023644550116,115.19
2025-08-27 06:00:00,102.19176057215071,102.39879639539726,113.64
2025-08-27 07:00:00,100.6665433147493,100.66654331474969,101.63
2025-08-27 08:00:00,98.22129346317323,98.22129346317297,86.0
2025-08-27 09:00:00,27.628177552240025,26.866540036801446,79.29
2025-08-27 10:00:00,27.322803680982876,27.322803680981593,64.38
2025-08-27 11:00:00,27.32280368098765,27.322803680981593,50.68
2025-08-27 12:00:00,27.32280368098181,27.322803680981593,50.94
2025-08-27 13:00:00,20.21801336529506,20.21801336529556,76.18
2025-08-27 14:00:00,29.349791360498244,28.731367052709263,85.1
2025-08-27 15:00:00,81.86080139673177,83.89055828568915,104.94
2025-08-27 16:00:00,98.22129346317297,98.22129346317297,134.63
2025-08-27 17:00:00,105.88788888029207,106.04643143636537,222.07
2025-08-27 18:00:00,109.38813169843343,109.38813169843412,222.04
2025-08-27 19:00:00,109.29625842315906,109.29635535061249,128.87
2025-08-27 20:00:00,108.29900666896242,108.29900666896191,113.63
2025-08-27 21:00:00,103.30365845824397,103.22152200994657,103.57
2025-08-27 22:00:00,102.61343417717305,102.61083491935982,97.15
2025-08-27 23:00:00,102.23355814626034,102.2308213642538,91.92
2025-08-28 00:00:00,102.18492576989438,102.17797166941288,87.89
2025-08-28 01:00:00,101.37765509139254,100.83173083993631,87.09
2025-08-28 02:00:00,101.88226863918779,101.12645697570282,90.23
2025-08-28 03:00:00,102.13933642082765,102.16609531052192,98.72
2025-08-28 04:00:00,106.53451206936461,106.56444561934468,121.63
2025-08-28 05:00:00,108.87692969859597,108.93746530626451,143.79
2025-08-28 06:00:00,108.37491831980518,108.37491831980243,143.95
2025-08-28 07:00:00,107.14837644051778,103.64517756391021,121.84
2025-08-28 08:00:00,102.32706971853275,102.14572894284272,112.27
2025-08-28 09:00:00,98.22129346317314,98.22129346317297,108.13
2025-08-28 10:00:00,96.27261728008645,96.27261728008675,100.89
2025-08-28 11:00:00,81.67000276243118,81.67000276243094,100.96
2025-08-28 12:00:00,73.97919495887166,73.97919495887092,100.89
2025-08-28 13:00:00,87.86051344871262,87.8605134487122,100.66
2025-08-28 14:00:00,94.87131662251798,94.87131662251792,96.1
2025-08-28 15:00:00,96.28031313807779,96.28031313807767,129.84
2025-08-28 16:00:00,97.85956206066538,97.85956206066555,160.85
2025-08-28 17:00:00,100.66654331475016,100.66654331474969,210.0
2025-08-28 18:00:00,105.0755740311464,104.01666833959793,153.16
2025-08-28 19:00:00,102.54976407386845,102.54976407386889,124.18
2025-08-28 20:00:00,100.61690625,100.61690624999856,107.11
2025-08-28 21:00:00,98.29807684262178,98.29807684264831,92.15
2025-08-28 22:00:00,97.07137775031275,97.36936839962921,85.04
2025-08-28 23:00:00,97.07137775031288,97.07137775031157,83.27
2025-08-29 00:00:00,97.07137775031264,97.07137775031268,83.1
2025-08-29 01:00:00,96.27261728008652,96.27261728008675,81.59
2025-08-29 02:00:00,96.27261728008652,96.27261728008675,83.01
2025-08-29 03:00:00,97.07137775031264,97.07137775031268,91.0
2025-08-29 04:00:00,98.22129346317291,98.22129346317297,117.55
2025-08-29 05:00:00,100.66654331474972,100.66654331474969,121.39
2025-08-29 06:00:00,100.66654331474965,100.66654331474969,120.0
2025-08-29 07:00:00,99.27364890966949,99.27364890966956,110.36
2025-08-29 08:00:00,96.27261728008669,96.27261728008675,84.25
2025-08-29 09:00:00,64.59747553418036,66.31084898208775,78.08
2025-08-29 10:00:00,44.13169268882039,44.11909314498705,67.44
2025-08-29 11:00:00,34.83638734572211,35.72715173197199,53.96
2025-08-29 12:00:00,28.52889210359563,28.617967418202348,59.64
2025-08-29 13:00:00,35.930900000000015,35.9309,73.06
2025-08-29 14:00:00,49.6787279100235,43.96657063423452,85.0
2025-08-29 15:00:00,72.2083158727871,72.26303272070656,104.82
2025-08-29 16:00:00,73.36331285164754,73.3633128516505,118.51
2025-08-29 17:00:00,97.8595620606655,97.85956206066555,147.68
2025-08-29 18:00:00,100.61690625000007,100.61690625,116.5
2025-08-29 19:00:00,98.22129346317377,98.22129346317297,111.96
2025-08-29 20:00:00,97.07137775031339,97.07137775031268,95.7
2025-08-29 21:00:00,96.27261728008712,96.27261728008675,86.07
2025-08-29 22:00:00,87.86051344871262,87.8605134487122,92.5
2025-08-29 23:00:00,81.86080139670634,81.86080139670645,86.56
2025-08-30 00:00:00,73.69169106491181,76.85726027547209,83.3
2025-08-30 01:00:00,81.86080139670653,86.32584675075071,81.51
2025-08-30 02:00:00,87.86051344871242,87.8605134487122,83.39
2025-08-30 03:00:00,87.86051344871242,88.06431428990538,87.72
2025-08-30 04:00:00,96.27261728008698,96.27261728008675,95.02
2025-08-30 05:00:00,96.27261728008702,96.27261728008675,98.09
2025-08-30 06:00:00,96.27261728008702,96.27261728008675,89.64
2025-08-30 07:00:00,81.67000276243077,81.67000276243094,78.6
2025-08-30 08:00:00,47.47563160075732,43.66750668157741,36.46
2025-08-30 09:00:00,23.64774302814687,23.647743028148497,5.23
2025-08-30 10:00:00,26.048246568771063,26.048246568769017,0.0
2025-08-30 11:00:00,8.75553176245457,5.655302167639172,-0.01
2025-08-30 12:00:00,-5.000000000000018,-5.0,-0.01
2025-08-30 13:00:00,-5.000000000000021,-5.0,-0.38
2025-08-30 14:00:00,19.979914529914502,19.979914529914527,9.48
2025-08-30 15:00:00,27.125053633990774,28.129025516702672,81.1
2025-08-30 16:00:00,46.36660115803091,45.584453579925565,103.9
2025-08-30 17:00:00,96.27261728008676,96.27261728008675,127.07
2025-08-30 18:00:00,99.27364890966956,99.27364890966956,129.98
2025-08-30 19:00:00,98.22129346317301,98.22129346317297,120.39
2025-08-30 20:00:00,97.07137775031268,97.07137775031268,104.94
2025-08-30 21:00:00,96.27261728008678,96.27261728008675,90.3
2025-08-30 22:00:00,81.0428560090366,80.79400073402365,88.74
2025-08-30 23:00:00,69.90953540304571,69.22739741014098,78.91
2025-08-31 00:00:00,46.534692378861024,44.97082632734223,70.53
2025-08-31 01:00:00,46.615521699645306,43.697803443628345,67.02
2025-08-31 02:00:00,46.615521699645385,43.697803443628345,63.79
2025-08-31 03:00:00,46.61552169964539,43.69780344362836,64.56
2025-08-31 04:00:00,46.61552169964536,43.69780344362836,65.0
2025-08-31 05:00:00,46.561424375492116,44.721938765012894,62.13
2025-08-31 06:00:00,46.5346923788612,44.96736968871778,22.3
2025-08-31 07:00:00,47.06653269750919,43.75228284672752,5.2
2025-08-31 08:00:00,22.359078640589477,22.359078640589384,-0.01
2025-08-31 09:00:00,20.43741307768722,20.554830116715692,-0.02
2025-08-31 10:00:00,19.97991452991458,19.979914529914524,-0.11
2025-08-31 11:00:00,-5.000000000000001,-5.0,-1.0
2025-08-31 12:00:00,0.11790449753790211,0.1179044975377499,-0.61
2025-08-31 13:00:00,20.17474302101236,20.174743021012397,0.0
2025-08-31 14:00:00,26.123440119281774,25.506765598868036,25.47
2025-08-31 15:00:00,36.21933514652984,36.21933514652967,79.74
2025-08-31 16:00:00,81.86080139670676,81.86080139670645,117.59
2025-08-31 17:00:00,97.07137775031276,97.07137775031268,135.1
2025-08-31 18:00:00,99.27364890966977,99.27364890966956,132.07
2025-08-31 19:00:00,98.22129346317311,98.22129346317297,114.15
2025-08-31 20:00:00,97.74250438959004,97.75147876445209,102.63
2025-08-31 21:00:00,96.27261728008696,96.27261728008675,89.76
2025-08-31 22:00:00,93.66845155097015,93.66261220058082,84.08
2025-08-31 23:00:00,93.13859010150179,93.04137933471402,81.43
2025-09-01 00:00:00,97.07137775031288,96.57482284651235,80.97
2025-09-01 01:00:00,96.81120824474058,96.27261728008679,80.03
2025-09-01 02:00:00,96.27261728008712,96.27261728008675,81.37
2025-09-01 03:00:00,97.07137775031278,97.07137775031268,92.58
2025-09-01 04:00:00,99.27364890966963,98.6334611061516,120.43
2025-09-01 05:00:00,99.27364890966999,99.27364890966956,125.67
2025-09-01 06:00:00,100.66654331474976,100.66654331474969,116.1
2025-09-01 07:00:00,98.8712974333765,98.23834979043558,98.19
2025-09-01 08:00:00,94.87131662251798,96.0280744654676,82.0
2025-09-01 09:00:00,90.76766049382726,90.2051888740821,69.4
2025-09-01 10:00:00,81.86080139670645,81.86080139670645,38.27
2025-09-01 11:00:00,27.2916227751831,27.291622775183097,25.03
2025-09-01 12:00:00,27.2991997379511,27.21658777462088,42.73
2025-09-01 13:00:00,79.01079695475573,79.01079695475575,67.76
2025-09-01 14:00:00,83.90101471651855,83.90101471651796,84.67
2025-09-01 15:00:00,93.98784392749428,93.77805479192165,109.7
2025-09-01 16:00:00,97.07137775031276,97.07137775031268,155.32
2025-09-01 17:00:00,102.76161851035948,102.88579111772144,250.65
2025-09-01 18:00:00,108.1010925925928,108.18185989186708,210.56
2025-09-01 19:00:00,102.94845220409053,102.95105317794655,125.2
2025-09-01 20:00:00,100.61690625000006,100.61690625,112.4
2025-09-01 21:00:00,98.22129346317325,97.9525698960765,100.53
2025-09-01 22:00:00,97.85956206068067,97.83835234764372,95.01
2025-09-01 23:00:00,97.07137775031214,97.07137775031268,90.11
2025-09-02 00:00:00,96.27261728008625,96.27261728008675,90.84
2025-09-02 01:00:00,96.76363928188579,96.76363928187492,92.5
2025-09-02 02:00:00,97.07137775031225,97.07137775031268,94.8
2025-09-02 03:00:00,97.07137775031214,97.6021236003127,106.85
2025-09-02 04:00:00,100.61690624999943,100.61690625,134.39
2025-09-02 05:00:00,104.09320289878758,104.734181139834,153.67
2025-09-02 06:00:00,104.09329557251465,104.1490714028801,147.48
2025-09-02 07:00:00,99.27364890966896,99.27364890966956,121.05
2025-09-02 08:00:00,96.27261728008631,96.27261728008675,102.14
2025-09-02 09:00:00,94.63604372382883,93.4587483405208,84.66
2025-09-02 10:00:00,87.3229944165218,82.10622378969754,78.94
2025-09-02 11:00:00,70.5715212257802,70.57152122578057,79.73
2025-09-02 12:00:00,35.93089999999958,35.9309,78.54
2025-09-02 13:00:00,61.961467735713256,61.96146773571329,84.37
2025-09-02 14:00:00,73.3108050082401,73.31080500822696,95.0
2025-09-02 15:00:00,87.86051344871203,87.8605134487122,108.97
2025-09-02 16:00:00,96.27261728008631,96.27261728008675,173.16
2025-09-02 17:00:00,100.61690624999943,100.61690625,311.51
2025-09-02 18:00:00,109.2458933998945,109.24589339989326,263.79
2025-09-02 19:00:00,107.69011792422668,107.69011792421978,140.92
2025-09-02 20:00:00,99.89469301501975,99.58481580234867,110.47
2025-09-02 21:00:00,97.85956206066493,97.85956206066555,91.21
2025-09-02 22:00:00,96.2726172800862,96.27261728008675,97.25
2025-09-02 23:00:00,90.76766049382678,90.52094093908407,90.74
2025-09-03 00:00:00,90.7676604938261,90.520940939084,85.95
2025-09-03 01:00:00,90.7676604938261,90.52094093908401,81.72
2025-09-03 02:00:00,90.76766049382627,91.78385176202576,81.23
2025-09-03 03:00:00,90.76766049382638,91.78385176202575,86.97
2025-09-03 04:00:00,92.52585635134011,91.72232366790612,103.2
2025-09-03 05:00:00,96.27261728008614,96.27261728008675,112.34
2025-09-03 06:00:00,96.27261728008608,96.27261728008675,109.13
2025-09-03 07:00:00,90.76766049382715,90.34100021598772,85.3
2025-09-03 08:00:00,35.930900000000015,35.930899999999994,29.04
2025-09-03 09:00:00,10.073388456118446,10.073388456118458,0.03
2025-09-03 10:00:00,19.979914529914513,19.979914529914527,-0.1
2025-09-03 11:00:00,-3.2558699567207174,-3.2558699567207197,-0.1
2025-09-03 12:00:00,-3.76094203076703,-3.760942030767019,-0.28
2025-09-03 13:00:00,7.187264078067443,7.187264078067386,0.0
2025-09-03 14:00:00,2.6645352591003757e-14,-0.0,3.89
2025-09-03 15:00:00,19.979914529914517,19.979914529914527,63.46
2025-09-03 16:00:00,50.293043768756704,54.04350464482906,102.35
2025-09-03 17:00:00,81.8608013967063,83.6492154475434,110.92
2025-09-03 18:00:00,90.76766049382702,90.40304381713418,104.0
2025-09-03 19:00:00,89.12174847060184,89.12174847060206,94.17
2025-09-03 20:00:00,68.4538299530771,68.42520897706338,80.68
2025-09-03 21:00:00,40.719133502947294,37.870688992895126,54.25
2025-09-03 22:00:00,36.347599272679744,36.34808741315334,21.65
2025-09-03 23:00:00,37.15049939598772,36.3474276621124,17.7
2025-09-04 00:00:00,37.15061082483062,36.3480908805838,17.87
2025-09-04 01:00:00,37.15061082483058,36.34809088058368,30.02
2025-09-04 02:00:00,39.91401654565667,39.888322345046475,59.92
2025-09-04 03:00:00,68.92797652742719,68.92797652742729,83.89
2025-09-04 04:00:00,92.54273178553254,91.72230953585289,107.87
2025-09-04 05:00:00,97.07137775031268,97.07137775031268,120.0
2025-09-04 06:00:00,98.22129346317294,98.22129346317297,108.09
2025-09-04 07:00:00,97.07137775031265,96.66957689512584,77.81
2025-09-04 08:00:00,57.02096722217985,57.02096722218027,41.45
2025-09-04 09:00:00,27.54789150951858,27.556796187644203,5.79
2025-09-04 10:00:00,20.437413077687253,20.437413077687253,3.2
2025-09-04 11:00:00,19.979914529914527,19.979914529914524,3.36
2025-09-04 12:00:00,19.979914529914524,19.979914529914524,34.89
2025-09-04 13:00:00,27.32280368098044,26.812912287530345,71.0
2025-09-04 14:00:00,37.0485589661661,37.073356837592385,90.05
2025-09-04 15:00:00,89.12174847060201,87.8802559092127,109.13
2025-09-04 16:00:00,97.46281341579909,97.51260642430127,191.8
2025-09-04 17:00:00,102.9702112845531,102.97021128455306,350.0
2025-09-04 18:00:00,107.14837644051758,107.14837644051812,218.82
2025-09-04 19:00:00,104.10985073550573,103.99149922777335,124.93
2025-09-04 20:00:00,100.66654331474925,100.66654331474969,112.14
2025-09-04 21:00:00,99.27364890966903,99.27364890966956,101.3
2025-09-04 22:00:00,98.43149400234213,98.22151967558938,95.25
2025-09-04 23:00:00,98.22129346317244,98.22129346317297,86.1
2025-09-05 00:00:00,97.85956206066491,97.85956206066555,85.26
2025-09-05 01:00:00,97.85956206066491,97.85956206066555,85.2
2025-09-05 02:00:00,97.07137775031217,96.9037409276582,85.6
2025-09-05 03:00:00,98.22129346317254,98.22129346317297,97.36
2025-09-05 04:00:00,100.61690624999945,100.61690625,119.16
2025-09-05 05:00:00,104.09898178891103,104.09924900095058,132.13
2025-09-05 06:00:00,108.29742656415924,108.29742656415957,125.75
2025-09-05 07:00:00,102.27310318407528,102.34482221977564,100.4
2025-09-05 08:00:00,99.27364890966955,99.27364890966956,87.83
2025-09-05 09:00:00,96.27261728008676,95.21764153848436,84.15
2025-09-05 10:00:00,94.54840987787122,93.54107271478226,78.25
2025-09-05 11:00:00,35.9309,35.9309,72.19
2025-09-05 12:00:00,35.9309,35.9309,70.17
2025-09-05 13:00:00,73.02313238638611,74.54986771630982,77.53
2025-09-05 14:00:00,87.86051344871215,87.93970271430173,85.0
2025-09-05 15:00:00,93.15471988979364,93.15471988979341,90.96
2025-09-05 16:00:00,98.2212934631729,98.22129346317297,108.95
2025-09-05 17:00:00,106.05008483248344,106.07868971481544,154.53
2025-09-05 18:00:00,109.16989012068,109.21171339919616,150.75
2025-09-05 19:00:00,108.48190740634902,108.48190740634902,117.1
2025-09-05 20:00:00,107.75593044872458,107.75593044872323,107.71
2025-09-05 21:00:00,103.29555052936826,103.1349770778893,100.7
2025-09-05 22:00:00,101.741107827071,101.8142377651559,101.21
2025-09-05 23:00:00,100.66654331474436,100.66654331474969,100.59
2025-09-06 00:00:00,100.66654331474578,100.66654331474969,99.57
2025-09-06 01:00:00,99.61582857055271,99.60892796577674,97.84
2025-09-06 02:00:00,98.62785312278017,98.50833320412123,96.96
2025-09-06 03:00:00,98.85072883069527,98.90422694026748,98.01
2025-09-06 04:00:00,99.27364890966957,99.27364890966956,102.6
2025-09-06 05:00:00,100.61690624999974,100.61690625,100.91
2025-09-06 06:00:00,100.61690624999997,99.27364890966956,95.98
2025-09-06 07:00:00,97.07137775031258,97.07137775031268,79.11
2025-09-06 08:00:00,89.12174847060207,89.12174847060206,11.35
2025-09-06 09:00:00,21.302422758689595,21.302422758689808,0.0
2025-09-06 10:00:00,19.97991452991478,19.979914529914524,-0.02
2025-09-06 11:00:00,-4.999999999999813,-5.0,-0.86
2025-09-06 12:00:00,-5.000000000000196,-5.0,-0.99
2025-09-06 13:00:00,-5.000000000000109,-5.0,-0.01
2025-09-06 14:00:00,19.979914529914193,19.979914529914524,40.99
2025-09-06 15:00:00,73.31080500822569,73.3426456162463,87.6
2025-09-06 16:00:00,90.14447421008421,90.14447421008684,116.47
2025-09-06 17:00:00,97.85956206066572,97.85956206066555,158.39
2025-09-06 18:00:00,99.27364890967004,99.27364890966956,139.54
2025-09-06 19:00:00,97.85956206066572,97.67486368925437,109.95
2025-09-06 20:00:00,97.07137775031292,97.07137775031268,92.95
2025-09-06 21:00:00,96.27261728008672,96.27261728008675,82.56
2025-09-06 22:00:00,94.87131662251826,93.04877998628392,89.72
2025-09-06 23:00:00,93.04656379741871,93.02938206313155,85.02
2025-09-07 00:00:00,93.4366775717243,92.99833753379772,80.77
2025-09-07 01:00:00,93.27474711866566,93.00995485607358,83.4
2025-09-07 02:00:00,93.02987889074933,93.03033350371139,82.92
2025-09-07 03:00:00,93.10868975730024,93.03033350371145,82.67
2025-09-07 04:00:00,93.04656379741847,93.03689422128154,81.5
2025-09-07 05:00:00,94.87131662251821,93.05737194613968,55.48
2025-09-07 06:00:00,94.87131662252438,93.0220137469536,0.0
2025-09-07 07:00:00,87.86051344871369,87.48790320545818,-0.09
2025-09-07 08:00:00,23.021992543371844,23.02199254336915,-4.0
2025-09-07 09:00:00,-3.22106403456185,-3.2210640345618664,-20.09
2025-09-07 10:00:00,-5.000000000000007,-5.0,-40.02
2025-09-07 11:00:00,-5.000000000000005,-5.0,-53.4
2025-09-07 12:00:00,-5.000000000000003,-5.0,-49.99
2025-09-07 13:00:00,-5.000000000000004,-5.0,-21.21
2025-09-07 14:00:00,-5.000000000000011,-5.0,-2.47
2025-09-07 15:00:00,-5.00000000000001,-5.0,3.36
2025-09-07 16:00:00,21.182015993876004,21.182015993875734,95.91
2025-09-07 17:00:00,89.12174847060204,89.12174847060206,108.3
2025-09-07 18:00:00,94.87131662251798,92.58860326680644,96.25
2025-09-07 19:00:00,90.49637266985562,90.44749056113908,86.02
2025-09-07 20:00:00,90.51998627731115,90.47133218407349,85.01
2025-09-07 21:00:00,90.44124503571408,90.4412450357143,86.06
2025-09-07 22:00:00,90.76766049382738,89.76157886039286,79.66
2025-09-07 23:00:00,91.99382061114244,91.22125412380046,85.74
2025-09-08 00:00:00,81.86080139670717,81.8608013967064,84.7
2025-09-08 01:00:00,87.86051344871291,87.86051344871211,82.27
2025-09-08 02:00:00,87.8605134487122,87.8605134487122,83.79
2025-09-08 03:00:00,96.27261728008675,96.27261728008679,95.6
2025-09-08 04:00:00,98.22129346317297,98.22129346317297,109.9
2025-09-08 05:00:00,102.52622440796993,102.52622440796996,148.14
2025-09-08 06:00:00,107.12714817920103,107.06656825688688,125.53
2025-09-08 07:00:00,100.47033732739159,100.47033732737657,102.05
2025-09-08 08:00:00,97.07137775031254,97.07137775031268,85.83
2025-09-08 09:00:00,34.253398343007696,34.253398343007554,76.14
2025-09-08 10:00:00,27.407162704885305,27.256025775188917,65.35
2025-09-08 11:00:00,27.322803680981686,27.32280368098159,60.84
2025-09-08 12:00:00,27.322803680981128,27.322803680981576,69.65
2025-09-08 13:00:00,27.78253651974687,27.782536519746934,78.46
2025-09-08 14:00:00,77.83331207683274,77.83331207683256,99.72
2025-09-08 15:00:00,96.27261728008916,96.27261728007677,124.28
2025-09-08 16:00:00,100.61690625000004,99.84037837369348,196.61
2025-09-08 17:00:00,109.24518067403112,109.24518067403253,413.66
2025-09-08 18:00:00,109.35629686381742,109.35629686381783,308.52
2025-09-08 19:00:00,109.33352696299252,109.33352696299228,152.0
2025-09-08 20:00:00,108.46174506601372,108.49304201705873,123.93
2025-09-08 21:00:00,106.49730266656307,103.52240468209942,113.12
2025-09-08 22:00:00,103.30365845824403,103.43658687066677,114.52
2025-09-08 23:00:00,100.61690624999997,100.61690625,112.46
2025-09-09 00:00:00,99.27364890966967,99.27364890966972,110.35
2025-09-09 01:00:00,99.27364890966919,99.57691017048681,109.8
2025-09-09 02:00:00,99.2736489096692,99.57691017048612,110.86
2025-09-09 03:00:00,100.66654331474935,100.66654331474969,118.18
2025-09-09 04:00:00,108.60586028705828,108.95447032980347,182.39
2025-09-09 05:00:00,109.37296007347868,109.37296007347913,300.0
2025-09-09 06:00:00,109.35548002542755,109.35548002542723,196.98
2025-09-09 07:00:00,108.68534146938967,108.68726289830872,127.59
2025-09-09 08:00:00,100.6665433147489,100.66654331474948,101.73
2025-09-09 09:00:00,98.22129346317219,98.22129346317297,99.25
2025-09-09 10:00:00,96.27261728008659,96.27261728008675,87.18
2025-09-09 11:00:00,87.86051344871198,87.86051344871218,85.69
2025-09-09 12:00:00,81.86080139670588,81.86080139670642,85.51
2025-09-09 13:00:00,88.06943750980135,88.06943750980918,92.49
2025-09-09 14:00:00,96.2726172800864,96.27261728008676,103.35
2025-09-09 15:00:00,98.22129346317297,98.22129346317297,127.41
2025-09-09 16:00:00,100.61690625000097,100.61690625000026,192.68
2025-09-09 17:00:00,109.34155767515212,109.34155767515406,386.4
2025-09-09 18:00:00,109.35482708555314,109.3548270855482,215.59
2025-09-09 19:00:00,108.44900182810422,108.44996227006791,133.37
2025-09-09 20:00:00,105.80559039490608,105.38507549078122,115.79
2025-09-09 21:00:00,102.41792911512589,100.91393984069644,109.3
2025-09-09 22:00:00,100.61690625000226,100.61690625,106.93
2025-09-09 23:00:00,99.27364890966966,98.91054298886897,107.29
2025-09-10 00:00:00,98.22129346317186,98.22129346321204,103.73
2025-09-10 01:00:00,98.22129346317297,98.22129346317297,104.81
2025-09-10 02:00:00,98.22129346317297,98.22129346317534,104.55
2025-09-10 03:00:00,99.27364890966956,99.47513453968237,114.28
2025-09-10 04:00:00,103.80188122361943,103.80429939141301,133.35
2025-09-10 05:00:00,109.26717497979234,108.92354304919,223.39
2025-09-10 06:00:00,110.70326512405325,110.70326512405268,171.94
2025-09-10 07:00:00,102.2555585239142,102.28901849176086,129.46
2025-09-10 08:00:00,99.27364890967027,99.27364890966962,107.33
2025-09-10 09:00:00,96.27261728008692,96.27261728008666,102.39
2025-09-10 10:00:00,93.83969071405903,94.03870145155028,88.85
2025-09-10 11:00:00,88.33927554641639,88.30301601296745,86.09
2025-09-10 12:00:00,81.8608013967065,81.86080139670645,87.8
2025-09-10 13:00:00,87.66803419117798,87.67573092372844,90.8
2025-09-10 14:00:00,87.86051344871119,89.11851363048937,105.07
2025-09-10 15:00:00,96.27261728008615,96.27261728008675,127.78
2025-09-10 16:00:00,98.22129346317274,98.2212934631723,170.59
2025-09-10 17:00:00,103.48892573118577,103.43807935439152,275.19
2025-09-10 18:00:00,108.10109259259099,108.54262794398088,169.07
2025-09-10 19:00:00,100.66654331474922,100.66654331474969,122.94
2025-09-10 20:00:00,97.85956206066551,97.85956206066555,101.58
2025-09-10 21:00:00,96.27261728008719,96.27261728008675,87.63
2025-09-10 22:00:00,96.27261728008675,96.27261728008662,88.21
2025-09-10 23:00:00,96.2726172800869,96.25959792829684,85.0
2025-09-11 00:00:00,92.54273178553157,90.90462321060585,77.13
2025-09-11 01:00:00,90.76766049382795,90.75941991959144,70.67
2025-09-11 02:00:00,89.71074390243857,89.66358888321851,70.67
2025-09-11 03:00:00,90.76766049382753,91.1718733475867,79.05
2025-09-11 04:00:00,96.27261728008716,96.2726172800867,111.18
2025-09-11 05:00:00,96.3759834014923,96.39420535408895,125.33
2025-09-11 06:00:00,96.8634275337523,96.86349272081169,120.36
2025-09-11 07:00:00,94.45631438222904,93.89177888669043,102.05
2025-09-11 08:00:00,35.9309000000007,35.9309,73.64
2025-09-11 09:00:00,19.979914529914524,19.979914529914524,8.23
2025-09-11 10:00:00,-1.8315083235254548,-1.7827976729225945,-0.01
2025-09-11 11:00:00,-4.999999999999897,-5.0,-0.07
2025-09-11 12:00:00,-4.999999999999929,-5.0,-0.72
2025-09-11 13:00:00,-4.999999999999957,-5.0,0.0
2025-09-11 14:00:00,-4.999999999999918,-5.0,8.96
2025-09-11 15:00:00,20.17474302101242,20.174743021012397,75.82
2025-09-11 16:00:00,35.93090000000027,35.9309,118.57
2025-09-11 17:00:00,89.12174847060278,89.12174847060206,132.86
2025-09-11 18:00:00,96.27261728008585,96.27261728008675,125.25
2025-09-11 19:00:00,92.19542580919322,90.85639183525657,111.45
2025-09-11 20:00:00,87.86051344871743,87.86051344871215,84.81
2025-09-11 21:00:00,87.86051344871623,87.45840632508816,63.89
2025-09-11 22:00:00,57.30560243665799,57.21868269646936,32.83
2025-09-11 23:00:00,35.93090000000282,35.9309,33.23
2025-09-12 00:00:00,35.930900000002836,35.93090000000001,20.94
2025-09-12 01:00:00,35.930900000004684,35.930899999999994,16.35
2025-09-12 02:00:00,35.93090000000423,35.9309,29.15
2025-09-12 03:00:00,68.35887946481223,68.35887946481267,51.84
2025-09-12 04:00:00,86.57371201540901,85.88260184791787,95.29
2025-09-12 05:00:00,87.86051344871578,87.8605134487122,105.73
2025-09-12 06:00:00,89.71074390244486,89.71074390243551,102.01
2025-09-12 07:00:00,81.67000276243503,81.67000276243094,48.07
2025-09-12 08:00:00,20.437413077687285,20.437413077687253,1.85
2025-09-12 09:00:00,-4.30691057052348,-4.306910570523655,-1.66
2025-09-12 10:00:00,-5.0000000000000195,-4.999999999999988,-5.11
2025-09-12 11:00:00,-5.000000000000126,-5.0,-8.66
2025-09-12 12:00:00,-5.000000000000054,-5.0,-6.19
2025-09-12 13:00:00,-4.999999999999979,-5.0,-4.0
2025-09-12 14:00:00,-5.000000000000242,-5.0,-0.01
2025-09-12 15:00:00,16.940264551137048,17.01633466344473,57.69
2025-09-12 16:00:00,35.93090000000001,35.930899999999994,108.71
2025-09-12 17:00:00,89.12174847060217,89.14640708364091,155.36
2025-09-12 18:00:00,97.85956206066558,97.8595620606658,152.24
2025-09-12 19:00:00,96.98028254657217,97.02988371519942,113.96
2025-09-12 20:00:00,96.27261728008676,96.27261728008675,102.85
2025-09-12 21:00:00,87.86051344871227,87.8605134487122,96.66
2025-09-12 22:00:00,79.20333254657716,76.79857370506514,85.89
2025-09-12 23:00:00,76.84049896790818,76.80057132360746,72.75
2025-09-13 00:00:00,76.86611646150563,76.92104883261419,72.45
2025-09-13 01:00:00,77.02005613486371,76.89806611871829,72.45
2025-09-13 02:00:00,77.02005613486358,76.92104883261483,69.79
2025-09-13 03:00:00,77.02005613486389,76.9210488326148,72.75
2025-09-13 04:00:00,77.02005613486361,76.92846513196014,74.71
2025-09-13 05:00:00,80.5541737600754,81.61716470418013,74.11
2025-09-13 06:00:00,80.5541737600754,81.61716470418125,72.45
2025-09-13 07:00:00,76.75041321407451,73.7561158025137,53.85
2025-09-13 08:00:00,29.28217500377019,29.274652797082727,14.3
2025-09-13 09:00:00,21.291236973804907,21.29123697380493,2.37
2025-09-13 10:00:00,19.515414055940035,19.515414055940123,0.0
2025-09-13 11:00:00,-4.999999999999973,-5.0,-0.01
2025-09-13 12:00:00,-5.000000000000007,-5.0,-0.01
2025-09-13 13:00:00,-5.000000000000101,-5.0,-0.01
2025-09-13 14:00:00,-5.000000000000206,-5.0,3.88
2025-09-13 15:00:00,21.109209141287334,21.10985527603391,74.11
2025-09-13 16:00:00,67.86142117674518,67.86142117674572,108.1
2025-09-13 17:00:00,87.86051344871221,87.8605134487122,121.9
2025-09-13 18:00:00,90.76766049382705,91.37495691479455,118.77
2025-09-13 19:00:00,89.12174847060179,87.86431609812148,111.17
2025-09-13 20:00:00,87.86051344871197,87.86051344871221,100.0
2025-09-13 21:00:00,87.86051344871174,87.79608866141564,87.18
2025-09-13 22:00:00,87.86051344871237,84.97015953562978,85.69
2025-09-13 23:00:00,87.86051344871237,83.04112746652751,77.57
2025-09-14 00:00:00,81.8608013967065,81.86080139670645,80.61
2025-09-14 01:00:00,81.86080139670634,84.77659300614806,85.93
2025-09-14 02:00:00,81.86080139670644,84.77659300614793,93.77
2025-09-14 03:00:00,81.86080139670642,84.77659300614806,99.82
2025-09-14 04:00:00,87.86051344871187,87.86051344871217,100.75
2025-09-14 05:00:00,94.87131662251778,95.63348329972246,105.36
2025-09-14 06:00:00,96.27261728008648,96.27261728008675,108.48
2025-09-14 07:00:00,96.27261728008678,96.27261728008675,87.78
2025-09-14 08:00:00,81.86080139670652,83.43306953948293,61.68
2025-09-14 09:00:00,28.555977139948457,28.55597713994821,17.58
2025-09-14 10:00:00,21.287119228358996,21.287119228359014,6.52
2025-09-14 11:00:00,19.979914529914513,19.979914529914517,0.0
2025-09-14 12:00:00,6.441864846741981e-14,-0.0,-0.01
2025-09-14 13:00:00,15.481625774455061,15.481625774454976,0.0
2025-09-14 14:00:00,20.8612536858971,20.861253685897076,19.33
2025-09-14 15:00:00,32.915686178243426,29.095773590870568,98.2
2025-09-14 16:00:00,89.12174847060197,89.09133594046341,124.34
2025-09-14 17:00:00,97.8595620606655,97.85956206066686,153.29
2025-09-14 18:00:00,98.22129346317291,98.22129346317313,126.01
2025-09-14 19:00:00,96.27261728008666,96.27261728008678,97.37
2025-09-14 20:00:00,87.8605134487123,87.8605134487125,77.02
2025-09-14 21:00:00,81.8608013967064,81.86080139670648,14.27
2025-09-14 22:00:00,35.930900000000065,35.9309,20.0
2025-09-14 23:00:00,30.089232072921988,29.183727197074287,3.87
2025-09-15 00:00:00,29.633752029423373,29.1437107053485,1.39
2025-09-15 01:00:00,21.668044937544014,21.661000370549782,0.01
2025-09-15 02:00:00,20.179071574534202,20.179071574532003,0.0
2025-09-15 03:00:00,20.179071574533285,20.179071574532003,0.9
2025-09-15 04:00:00,25.244349809776875,29.125736640277225,20.27
2025-09-15 05:00:00,29.114327177911882,29.11394496628168,54.31
2025-09-15 06:00:00,29.113951297929656,29.105790369780145,40.4
2025-09-15 07:00:00,29.11716529740182,29.112607574140238,0.9
2025-09-15 08:00:00,19.979914529916147,19.979914529914524,-0.47
2025-09-15 09:00:00,-4.999999999999795,-5.0,-2.61
2025-09-15 10:00:00,-4.042288050859167,-4.042288050859223,-8.0
2025-09-15 11:00:00,-4.999999999999983,-5.0,-14.27
2025-09-15 12:00:00,-4.999999999999988,-5.0,-13.7
2025-09-15 13:00:00,-4.999999999999985,-5.0,-8.9
2025-09-15 14:00:00,-4.999999999999947,-5.0,-5.24
2025-09-15 15:00:00,-4.9999999999999964,-5.0,-0.53
2025-09-15 16:00:00,10.746793870047721,10.74675670635499,14.01
2025-09-15 17:00:00,25.904663195433717,27.846490453834893,53.93
2025-09-15 18:00:00,29.06932961203249,29.085560582553803,47.37
2025-09-15 19:00:00,29.07028139181375,29.089487518283278,5.33
2025-09-15 20:00:00,22.62802853772145,22.6150406282537,2.91
2025-09-15 21:00:00,19.97991452991375,19.979914529914524,0.06
2025-09-15 22:00:00,17.001304330608793,16.95115425710255,-0.01
2025-09-15 23:00:00,-3.4549487657428912,-3.574969243653401,-0.09
2025-09-16 00:00:00,-5.000000000001204,-5.0,-0.23
2025-09-16 01:00:00,-5.000000000000448,-5.0,-1.05
2025-09-16 02:00:00,-5.000000000000448,-5.0,-1.33
2025-09-16 03:00:00,-3.5199730263408107,-3.4550623235175806,-0.01
2025-09-16 04:00:00,20.17474302101148,20.174743021012397,2.32
2025-09-16 05:00:00,21.91047140685833,21.91047140685838,16.21
2025-09-16 06:00:00,22.479592275043615,23.271003742444623,3.81
2025-09-16 07:00:00,19.979914529914108,19.979914529914527,-1.01
2025-09-16 08:00:00,-5.000000000000573,-5.0,-5.11
2025-09-16 09:00:00,-5.000000000000194,-5.0,-10.38
2025-09-16 10:00:00,-4.999999999999781,-5.0,-20.05
2025-09-16 11:00:00,-5.000000000000104,-5.0,-18.03
2025-09-16 12:00:00,-5.000000000000103,-5.0,-11.17
2025-09-16 13:00:00,-5.0000000000001075,-5.0,-9.99
2025-09-16 14:00:00,-5.0,-5.0,-3.24
2025-09-16 15:00:00,-5.0,-5.0,0.0
2025-09-16 16:00:00,19.979914529914527,19.979914529914524,72.64
2025-09-16 17:00:00,32.90241803533116,29.374769731204676,103.33
2025-09-16 18:00:00,43.536225333382156,39.16683724817761,112.97
2025-09-16 19:00:00,35.930899999999575,35.93090000000001,92.97
2025-09-16 20:00:00,28.741980784550133,28.25139161882182,80.55
2025-09-16 21:00:00,28.741980784550133,28.2573730884215,65.44
2025-09-16 22:00:00,29.137804304248533,29.140354188589605,70.8
2025-09-16 23:00:00,29.141669326605484,29.140354188589672,63.47
2025-09-17 00:00:00,29.141669326605726,29.140354188589804,50.95
2025-09-17 01:00:00,29.141669326603356,29.140354188589725,48.53
2025-09-17 02:00:00,29.141669326605864,29.14035418858977,60.01
2025-09-17 03:00:00,33.743166100884686,33.74135478855785,73.82
2025-09-17 04:00:00,79.92132734866321,79.79792863668499,98.85
2025-09-17 05:00:00,96.27261728008577,96.27261728008675,117.34
2025-09-17 06:00:00,97.07137775031316,97.07137775031268,112.74
2025-09-17 07:00:00,87.86051344871241,87.8605134487122,95.14
2025-09-17 08:00:00,28.570474903248147,28.57047490324414,69.14
2025-09-17 09:00:00,19.979914529914495,19.979914529914524,41.38
2025-09-17 10:00:00,26.8002436427589,26.80024364273672,10.5
2025-09-17 11:00:00,27.32280368097041,27.3228036809816,7.88
2025-09-17 12:00:00,19.979914529914378,19.979914529914524,10.59
2025-09-17 13:00:00,19.979914529914634,19.979914529914524,43.09
2025-09-17 14:00:00,21.127391786610865,21.12739178661117,81.17
2025-09-17 15:00:00,33.4811827595042,32.89096375140433,110.0
2025-09-17 16:00:00,81.67000276243085,81.20912395909025,123.31
2025-09-17 17:00:00,96.27261728008659,96.27261728008675,142.58
2025-09-17 18:00:00,97.07137775031259,97.07137775031268,123.52
2025-09-17 19:00:00,94.87131662251781,94.43551455529297,94.2
2025-09-17 20:00:00,87.86051344871217,87.09533164462393,86.1
2025-09-17 21:00:00,35.930899999999866,35.9309,73.07
2025-09-17 22:00:00,33.552093522735454,32.52699419806563,53.12
2025-09-17 23:00:00,33.247564930731485,29.1197319166087,48.29
2025-09-18 00:00:00,28.928551335780682,29.10548163158966,38.47
2025-09-18 01:00:00,29.02957434367672,29.126839801392308,37.96
2025-09-18 02:00:00,29.02957434368453,29.16340813054461,48.12
2025-09-18 03:00:00,33.530673497767104,32.59512938933153,74.15
2025-09-18 04:00:00,81.86080139670659,81.86080139670734,105.81
2025-09-18 05:00:00,87.86051344871214,87.86051344871221,117.21
2025-09-18 06:00:00,96.27261728008658,96.27261728008675,111.28
2025-09-18 07:00:00,87.86051344871231,83.16539922910033,90.8
2025-09-18 08:00:00,33.32941274424974,32.988609786662735,65.1
2025-09-18 09:00:00,27.07459784925356,27.074597849253568,5.89
2025-09-18 10:00:00,27.32280368098158,27.322803680981597,0.2
2025-09-18 11:00:00,19.979914529914527,19.979914529914524,0.0
2025-09-18 12:00:00,-3.8578135068463166,-3.8497756407546193,0.0
2025-09-18 13:00:00,-5.000000000000007,-5.0,0.52
2025-09-18 14:00:00,-5.000000000000015,-5.0,15.31
2025-09-18 15:00:00,21.17093238718797,21.138584992214437,89.79
2025-09-18 16:00:00,33.52727001200354,32.77070071838002,115.45
2025-09-18 17:00:00,90.7676604938272,92.28979716944676,134.23
2025-09-18 18:00:00,97.0713777503125,97.07137775031268,128.68
2025-09-18 19:00:00,96.27261728008678,96.27261728008675,110.0
2025-09-18 20:00:00,87.8605134487121,84.15167944272325,98.94
2025-09-18 21:00:00,35.93089999999829,42.24945571805051,88.2
2025-09-18 22:00:00,46.748416239071176,53.96130166549706,74.09
2025-09-18 23:00:00,35.93090000000258,35.93090000000001,72.47
2025-09-19 00:00:00,35.93090000000147,35.93090000000001,73.45
2025-09-19 01:00:00,35.930900000001586,35.930899999999994,73.7
2025-09-19 02:00:00,60.383278782450574,51.58043128652922,74.02
2025-09-19 03:00:00,77.02663250991492,77.13210583117997,89.59
2025-09-19 04:00:00,96.27261728008651,96.27261728008675,118.92
2025-09-19 05:00:00,98.22129346317456,98.22129346317297,143.42
2025-09-19 06:00:00,99.27364890966841,99.27364890966956,118.29
2025-09-19 07:00:00,96.27261728008799,96.27261728008675,95.18
2025-09-19 08:00:00,35.930899999997294,35.93089999999993,53.7
2025-09-19 09:00:00,27.063054250926182,27.063054250926186,13.03
2025-09-19 10:00:00,26.929074450990456,26.92907445099047,0.99
2025-09-19 11:00:00,19.97991452991452,19.979914529914527,0.0
2025-09-19 12:00:00,-2.042810365310288e-14,7.105427357601002e-15,0.0
2025-09-19 13:00:00,7.248827350770004,7.248827350769999,11.97
2025-09-19 14:00:00,14.524490445038538,13.295462375943892,74.46
2025-09-19 15:00:00,28.963875540938197,29.13321951878977,119.44
2025-09-19 16:00:00,87.86051344871231,87.8605134487122,255.21
2025-09-19 17:00:00,100.61690624999952,100.61690625,409.24
2025-09-19 18:00:00,103.39524165951192,103.39524165951175,167.59
2025-09-19 19:00:00,97.85956206066506,97.85956206066555,111.82
2025-09-19 20:00:00,96.27261728008622,95.17802906052862,86.04
2025-09-19 21:00:00,87.8605134487118,87.86051344871223,78.93
2025-09-19 22:00:00,37.577038618658,37.42891374443258,87.24
2025-09-19 23:00:00,35.93089999999967,35.93090000000001,77.91
2025-09-20 00:00:00,35.93089999999977,35.930899999999994,74.99
2025-09-20 01:00:00,35.93089999999971,35.93090000000001,74.8
2025-09-20 02:00:00,35.93089999999975,35.9309,74.79
2025-09-20 03:00:00,36.86273897204176,36.50704103661679,80.21
2025-09-20 04:00:00,46.267406244190205,53.013018189588365,88.51
2025-09-20 05:00:00,72.92514388865014,73.16242604854789,86.97
2025-09-20 06:00:00,72.98808772127518,72.98808772127487,75.29
2025-09-20 07:00:00,64.87344603098329,60.49954723442124,24.9
2025-09-20 08:00:00,27.203649190027893,27.20364919002789,3.02
2025-09-20 09:00:00,21.324754617468443,21.324754617468468,-0.28
2025-09-20 10:00:00,-4.5639385791081235,-4.563938579108116,-6.1
2025-09-20 11:00:00,-4.999999999999989,-5.0,-10.86
2025-09-20 12:00:00,-5.0,-5.0,-5.1
2025-09-20 13:00:00,-5.000000000000002,-5.0,-0.04
2025-09-20 14:00:00,19.97991452991454,19.979914529914524,26.36
2025-09-20 15:00:00,20.21801336529556,20.218013365295565,93.84
2025-09-20 16:00:00,35.9309,36.312666347330094,124.58
2025-09-20 17:00:00,89.71074390243928,89.71074390243903,134.1
2025-09-20 18:00:00,96.272617280087,95.15863781886105,99.08
2025-09-20 19:00:00,78.07499175939017,80.19258836037865,81.95
2025-09-20 20:00:00,72.08614093929461,73.18758067910584,74.5
2025-09-20 21:00:00,42.63760276847486,51.891763098977826,48.3
2025-09-20 22:00:00,33.5824526195594,33.5670299298197,8.07
2025-09-20 23:00:00,33.656922999738875,32.401294633695464,3.7
2025-09-21 00:00:00,33.86512588262671,32.400903084611926,3.46
2025-09-21 01:00:00,31.787260112599807,28.968598132156423,1.65
2025-09-21 02:00:00,31.787260112599792,28.968523525570653,2.08
2025-09-21 03:00:00,31.7872601125999,28.962725194027577,3.23
2025-09-21 04:00:00,31.78726011260005,29.17804337739578,4.41
2025-09-21 05:00:00,31.78726011259958,29.178043377395817,5.23
2025-09-21 06:00:00,32.83428178208551,29.221769897664277,3.01
2025-09-21 07:00:00,24.615131064234703,24.61513106423664,1.31
2025-09-21 08:00:00,20.218013365295818,20.21801336529556,0.0
2025-09-21 09:00:00,-4.396151354629392,-4.39615135462996,-0.09
2025-09-21 10:00:00,-4.999999999999903,-5.0,-1.2
2025-09-21 11:00:00,-5.000000000000029,-5.0,-2.02
2025-09-21 12:00:00,-4.999999999999911,-5.0,-1.31
2025-09-21 13:00:00,-4.999999999999985,-5.0,-0.01
2025-09-21 14:00:00,19.97991452991443,19.979914529914524,9.47
2025-09-21 15:00:00,27.775919134695496,27.775919134695517,85.18
2025-09-21 16:00:00,35.930900000000015,35.9309,113.96
2025-09-21 17:00:00,81.96473068085963,81.8662596358728,120.57
2025-09-21 18:00:00,94.87131662251788,95.15863781886159,118.84
2025-09-21 19:00:00,87.86051344871217,87.86051344871237,104.68
2025-09-21 20:00:00,87.86051344871217,82.8009801185117,96.35
2025-09-21 21:00:00,80.89272318876066,80.91134629956157,91.68
2025-09-21 22:00:00,81.8608013967064,82.87667413409272,87.33
2025-09-21 23:00:00,81.8608013967064,81.86080139670577,83.57
2025-09-22 00:00:00,82.08987098850558,82.64941178912066,79.21
2025-09-22 01:00:00,82.69505424028236,82.69505424028209,79.21
2025-09-22 02:00:00,87.86051344871208,87.86051344871174,80.35
2025-09-22 03:00:00,87.86051344871228,87.86051344871217,93.59
2025-09-22 04:00:00,96.27261728008673,96.2726172800868,118.69
2025-09-22 05:00:00,97.8595620606655,98.09067246745757,130.0
2025-09-22 06:00:00,100.61690625000003,100.10127890351146,130.0
2025-09-22 07:00:00,98.22129346317291,98.22129346317297,108.57
2025-09-22 08:00:00,88.3786333968102,87.92863202100231,91.82
2025-09-22 09:00:00,80.8693463127407,80.8693463127407,77.86
2025-09-22 10:00:00,69.99522507199659,69.84835357619248,74.04
2025-09-22 11:00:00,69.87750160237636,69.73092755995225,71.17
2025-09-22 12:00:00,65.9590536013795,61.1300008319579,70.23
2025-09-22 13:00:00,67.50555998858388,67.50555998858364,78.39
2025-09-22 14:00:00,75.11248282116915,75.21862805739629,84.79
2025-09-22 15:00:00,85.92164158964549,85.93364193909338,100.13
2025-09-22 16:00:00,96.2726172800868,96.27261728008679,128.08
2025-09-22 17:00:00,100.61690624999962,100.61690624999999,140.92
2025-09-22 18:00:00,102.96868645390222,102.92833360367968,130.0
2025-09-22 19:00:00,100.61690624999953,100.61690625000004,114.24
2025-09-22 20:00:00,99.27364890966922,99.2736489096676,97.72
2025-09-22 21:00:00,98.22129346317274,98.22129346317087,89.99
2025-09-22 22:00:00,98.22129346317263,98.22129346317297,88.6
2025-09-22 23:00:00,97.85956206066525,97.85956206066555,90.0
2025-09-23 00:00:00,97.85956206066535,97.85956206066558,89.73
2025-09-23 01:00:00,97.8595620606654,97.85956206066558,89.93
2025-09-23 02:00:00,97.85956206066548,97.85956206066555,91.34
2025-09-23 03:00:00,98.22129346317276,98.22129346317294,98.11
2025-09-23 04:00:00,103.303658458244,103.3899214953582,122.01
2025-09-23 05:00:00,109.29509329316532,109.18052664322691,172.36
2025-09-23 06:00:00,109.62229311727981,109.6222931172679,162.8
2025-09-23 07:00:00,107.14837644051948,107.14837644051812,125.76
2025-09-23 08:00:00,100.61690625,100.61690625,93.92
2025-09-23 09:00:00,89.12174847060207,89.31355991842199,85.51
2025-09-23 10:00:00,60.5397075629096,60.53970756290957,77.54
2025-09-23 11:00:00,60.426760002862295,60.42676000286232,74.24
2025-09-23 12:00:00,39.57527019755234,39.21756544288215,74.25
2025-09-23 13:00:00,66.18462952377283,66.18462952377264,84.11
2025-09-23 14:00:00,72.86649723679598,73.13794785540206,85.76
2025-09-23 15:00:00,87.86051344871194,87.8605134487122,102.9
2025-09-23 16:00:00,98.22129346317266,98.221293463173,136.83
2025-09-23 17:00:00,105.13094073682174,103.85103118284091,149.58
2025-09-23 18:00:00,103.40086993566456,103.40086993566449,115.81
2025-09-23 19:00:00,100.61690624999918,100.61690624999991,94.0
2025-09-23 20:00:00,98.22129346317257,98.22129346317294,84.91
2025-09-23 21:00:00,97.07137775031238,97.07137775031268,84.1
2025-09-23 22:00:00,96.27261728008673,96.27261728008675,82.67
2025-09-23 23:00:00,94.8713166225177,94.87131662252783,82.32
2025-09-24 00:00:00,89.12174847060162,89.12174847060206,81.61
2025-09-24 01:00:00,89.12174847060112,89.57725750626206,77.95
2025-09-24 02:00:00,89.12174847060155,89.57752096847683,78.59
2025-09-24 03:00:00,94.8713166225176,94.87131662250961,82.67
2025-09-24 04:00:00,98.22129346317212,98.22129346317303,109.76
2025-09-24 05:00:00,102.69656741573033,101.18399600305527,118.01
2025-09-24 06:00:00,103.66051788375253,103.66051788375177,120.45
2025-09-24 07:00:00,98.7847764194889,99.01596601656362,107.0
2025-09-24 08:00:00,94.87131662251771,94.87131662251785,85.54
2025-09-24 09:00:00,33.17669488786037,33.176694887860215,70.09
2025-09-24 10:00:00,26.36493448775807,26.368662809442704,27.1
2025-09-24 11:00:00,16.626033680940047,16.626033680933567,10.66
2025-09-24 12:00:00,-3.1702732863836403,-3.1702732863858127,9.9
2025-09-24 13:00:00,-1.4210854715202004e-13,1.4210854715202004e-14,15.0
2025-09-24 14:00:00,19.97991452991411,19.97991452991449,66.1
2025-09-24 15:00:00,29.24698780657201,29.34124413687823,85.69
2025-09-24 16:00:00,81.86080139670639,81.86080139670582,113.08
2025-09-24 17:00:00,97.07137775031265,97.07137775031268,115.93
2025-09-24 18:00:00,97.07137775031258,97.07137775031268,113.95
2025-09-24 19:00:00,89.71074390243906,89.71074390243903,91.29
2025-09-24 20:00:00,87.86051344871217,84.07419068457307,85.5
2025-09-24 21:00:00,81.67000276243091,48.775240479101605,69.68
2025-09-24 22:00:00,35.93090000000002,35.930899999999994,73.3
2025-09-24 23:00:00,35.930899999999994,35.93090000000001,69.69
2025-09-25 00:00:00,33.333774522457304,33.33606355829302,67.81
2025-09-25 01:00:00,33.33377452245726,35.62202406318402,68.09
2025-09-25 02:00:00,35.72640752121218,35.77096995579081,71.69
2025-09-25 03:00:00,35.93090000000001,35.930899999999966,77.33
2025-09-25 04:00:00,89.12174847060207,88.69511064815167,108.55
2025-09-25 05:00:00,97.07137775031269,97.07137775031268,124.26
2025-09-25 06:00:00,97.8595620606656,97.85956206066555,124.99
2025-09-25 07:00:00,97.07137775031269,97.07137775031268,104.88
2025-09-25 08:00:00,87.86051344871215,85.30900073695534,77.95
2025-09-25 09:00:00,28.490735477228053,28.490735477227876,69.24
2025-09-25 10:00:00,26.77703793037117,26.777037930371076,38.18
2025-09-25 11:00:00,18.944392684367227,18.944392684367322,16.03
2025-09-25 12:00:00,13.55249002286482,14.12347262779711,20.1
2025-09-25 13:00:00,18.476017164389642,18.479071066561417,43.66
2025-09-25 14:00:00,20.218013365295516,20.21801336529556,75.0
2025-09-25 15:00:00,29.319559923372058,30.424518314907235,88.79
2025-09-25 16:00:00,89.12174847060203,88.82748803344978,117.04
2025-09-25 17:00:00,98.22129346317298,98.22129346317303,121.47
2025-09-25 18:00:00,98.22129346317301,98.22129346317297,123.75
2025-09-25 19:00:00,97.07137775031259,97.07137775031268,105.83
2025-09-25 20:00:00,96.27261728008689,96.27261728008675,94.77
2025-09-25 21:00:00,92.54273178553255,92.54273178552994,81.09
2025-09-25 22:00:00,89.12174847060216,88.29389739334934,78.48
2025-09-25 23:00:00,87.86051344871211,87.8605134487122,75.0
2025-09-26 00:00:00,87.86051344871203,87.86051344871248,73.17
2025-09-26 01:00:00,87.86051344871218,87.8605134487123,73.18
2025-09-26 02:00:00,89.71074390243908,89.71074390243903,74.93
2025-09-26 03:00:00,96.27261728008688,96.27261728008675,82.0
2025-09-26 04:00:00,97.85956206066557,97.85956206066554,107.74
2025-09-26 05:00:00,100.66654331474959,100.66654331474969,120.33
2025-09-26 06:00:00,102.6971248622812,102.69712486228106,123.56
2025-09-26 07:00:00,100.6665433147497,100.66654331474969,110.41
2025-09-26 08:00:00,98.22129346317291,98.22129346317297,89.84
2025-09-26 09:00:00,87.86051344871224,87.62650851844546,85.36
2025-09-26 10:00:00,35.930899999999994,35.930899999999994,78.96
2025-09-26 11:00:00,29.304039821714895,29.304039821715172,73.16
2025-09-26 12:00:00,33.44551254042838,33.44551254042838,75.05
2025-09-26 13:00:00,38.8916110040818,38.89161100408339,79.99
2025-09-26 14:00:00,68.20379993017667,68.98477139517345,98.81
2025-09-26 15:00:00,90.76766049382705,92.41853983964805,109.8
2025-09-26 16:00:00,98.22129346317269,98.22129346317297,123.65
2025-09-26 17:00:00,103.48461187511391,103.4846118751138,133.02
2025-09-26 18:00:00,100.61690624999999,100.61690625,119.61
2025-09-26 19:00:00,99.27364890966939,99.27364890966957,106.21
2025-09-26 20:00:00,98.22129346317276,98.22129346317297,96.9
2025-09-26 21:00:00,97.07137775031256,97.07137775031268,89.9
2025-09-26 22:00:00,94.87131662251784,94.8713166225178,84.99
2025-09-26 23:00:00,94.87131662251781,92.95537244269313,83.26
2025-09-27 00:00:00,94.87131662251781,92.92540251448884,82.7
2025-09-27 01:00:00,94.87131662251787,94.57989275462086,82.51
2025-09-27 02:00:00,96.27261728008655,96.27261728008678,85.28
2025-09-27 03:00:00,95.62672791061448,95.62672791061709,89.19
2025-09-27 04:00:00,96.2726172800867,96.27261728008672,90.57
2025-09-27 05:00:00,97.07137775031242,97.07137775031268,105.45
2025-09-27 06:00:00,98.22129346317277,98.22129346317297,109.71
2025-09-27 07:00:00,97.85956206066527,97.85956206066555,96.92
2025-09-27 08:00:00,96.2726172800866,96.2726172800866,87.86
2025-09-27 09:00:00,35.9309,35.930900000000015,75.0
2025-09-27 10:00:00,27.322803680981604,27.322803680981593,59.77
2025-09-27 11:00:00,27.314086156524755,27.3140861565248,36.11
2025-09-27 12:00:00,27.286377169219936,27.283258019090695,48.54
2025-09-27 13:00:00,27.32727429648709,27.32727429648721,78.22
2025-09-27 14:00:00,76.17050075170522,75.08027726799143,93.1
2025-09-27 15:00:00,96.2726172800866,96.27261728008675,112.01
2025-09-27 16:00:00,98.2212934631727,98.22129346317293,133.35
2025-09-27 17:00:00,102.78482557749078,102.82734827769231,148.61
2025-09-27 18:00:00,102.41063929779375,102.41002614688766,122.53
2025-09-27 19:00:00,100.61690624999991,100.12532223452777,114.4
2025-09-27 20:00:00,99.27364890966953,99.27364890967073,107.56
2025-09-27 21:00:00,98.22129346317293,98.22129346317269,99.54
2025-09-27 22:00:00,98.22129346317179,98.22129346317297,97.56
2025-09-27 23:00:00,97.85956206066565,97.85956206066606,95.31
2025-09-28 00:00:00,97.85956206066565,97.57235338951115,94.32
2025-09-28 01:00:00,97.8595620606658,97.56687782038719,91.47
2025-09-28 02:00:00,97.8595620606657,97.81793986650021,97.77
2025-09-28 03:00:00,97.85956206066568,97.85956206066555,97.58
2025-09-28 04:00:00,98.22129346317308,98.22129346317308,100.91
2025-09-28 05:00:00,99.27364890966953,99.38030845283731,105.79
2025-09-28 06:00:00,100.6169062500004,100.46946128547627,98.77
2025-09-28 07:00:00,98.22129346317337,98.22129346317087,95.04
2025-09-28 08:00:00,96.27261728008713,95.01611519300225,82.08
2025-09-28 09:00:00,27.32280368098165,27.322803680981583,37.47
2025-09-28 10:00:00,27.322803680981735,27.32280368098159,17.11
2025-09-28 11:00:00,27.322803680981607,27.32280368098157,8.53
2025-09-28 12:00:00,27.322803680981686,27.322803680981597,13.0
2025-09-28 13:00:00,27.322803680981576,27.32280368098159,61.33
2025-09-28 14:00:00,35.12965973408548,35.12965973408438,86.0
2025-09-28 15:00:00,89.12174847060257,89.12174847060206,105.89
2025-09-28 16:00:00,100.61690625000044,100.61690624999997,131.02
2025-09-28 17:00:00,108.33834561572046,108.33834561572463,137.97
2025-09-28 18:00:00,108.34835335354275,108.34835335354677,125.93
2025-09-28 19:00:00,100.66654331474923,100.77823568198477,113.51
2025-09-28 20:00:00,100.66654331474938,100.77823975974165,102.29
2025-09-28 21:00:00,100.66654331474949,100.66654331475006,95.74
2025-09-28 22:00:00,100.66654331474895,100.66654331474919,90.95
2025-09-28 23:00:00,100.66654331474984,101.4917082882563,88.76
2025-09-29 00:00:00,100.61690624999919,100.61690625,87.88
2025-09-29 01:00:00,100.6169062499996,100.61690625,87.94
2025-09-29 02:00:00,100.6169062500008,100.61839369259982,88.31
2025-09-29 03:00:00,102.7436282250908,102.7436282232644,98.37
2025-09-29 04:00:00,109.13380894742201,109.13374912261261,134.98
2025-09-29 05:00:00,109.3617486236105,109.36175060284222,222.1
2025-09-29 06:00:00,109.36131854444639,109.36131854443259,166.91
2025-09-29 07:00:00,109.35299033215475,109.35299086459437,122.06
2025-09-29 08:00:00,102.25813823184251,102.25945141644607,90.21
2025-09-29 09:00:00,99.273648909669,98.35515500638357,84.95
2025-09-29 10:00:00,81.67000276243094,81.67000276243094,78.71
2025-09-29 11:00:00,29.925927250004374,29.925927250004364,77.08
2025-09-29 12:00:00,28.856787183009267,28.856787183009274,83.33
2025-09-29 13:00:00,35.930900000000015,35.93090000000001,87.4
2025-09-29 14:00:00,87.86051344871218,87.8605134487122,99.98
2025-09-29 15:00:00,98.22129346317286,98.22129346317297,140.79
2025-09-29 16:00:00,108.44684363125498,108.46147817440237,302.65
2025-09-29 17:00:00,109.36045224442995,109.36045224442977,406.78
2025-09-29 18:00:00,109.35925355108051,109.3592492534697,167.6
2025-09-29 19:00:00,109.32683460034599,109.3268346003456,123.85
2025-09-29 20:00:00,108.36613149197245,108.36603007169585,108.3
2025-09-29 21:00:00,106.70742204669206,106.69630514821117,93.68
2025-09-29 22:00:00,102.6110834034477,102.61108340344839,101.1
2025-09-29 23:00:00,102.51451066279415,102.51451012422045,98.43
2025-09-30 00:00:00,102.17587177335831,102.17587041835499,98.93
2025-09-30 01:00:00,102.17076297792947,102.17067271880772,94.99
2025-09-30 02:00:00,101.89560207444642,101.89345990166169,99.12
2025-09-30 03:00:00,106.58656712115533,106.58656568648416,112.08
2025-09-30 04:00:00,109.35550834319223,109.35552611128797,141.86
2025-09-30 05:00:00,109.36184836287376,109.36185143394006,244.0
2025-09-30 06:00:00,109.36322900720496,109.36322900720138,209.23
2025-09-30 07:00:00,109.35788184327888,109.35788129825136,141.85
2025-09-30 08:00:00,108.30969287284879,108.30920281274246,115.2
2025-09-30 09:00:00,98.22129346317318,98.22129346317297,96.72
2025-09-30 10:00:00,81.86080139670628,81.86080139670645,87.91
2025-09-30 11:00:00,35.9308999999999,35.9309,86.04
2025-09-30 12:00:00,35.93090000000044,35.930899999999994,87.26
2025-09-30 13:00:00,54.53133224599285,54.5313322459927,96.8
2025-09-30 14:00:00,81.67000276243161,81.67000276243094,104.03
2025-09-30 15:00:00,97.07137775031266,97.07137775031268,142.64
2025-09-30 16:00:00,107.14837644051755,107.14837644051812,294.54
2025-09-30 17:00:00,109.3600122317248,109.36001223172485,357.77
2025-09-30 18:00:00,109.3581086022809,109.35811013292653,147.28
2025-09-30 19:00:00,109.0737770675331,109.07380591210553,116.04
2025-09-30 20:00:00,107.58042027797272,107.55613673229838,101.63
2025-09-30 21:00:00,102.39360895957408,102.38541879608906,92.54
2025-09-30 22:00:00,100.6169062500015,100.5794237008845,91.565
2025-09-30 23:00:00,99.2736489096692,99.27364890966956,86.285
2025-10-01 00:00:00,102.22707652143366,102.22760035953755,84.8725
2025-10-01 01:00:00,102.7683863550544,102.76249330137028,88.325
2025-10-01 02:00:00,102.76841112660786,102.76841112660811,87.655
2025-10-01 03:00:00,107.14837644051799,107.14837644051812,95.3275
2025-10-01 04:00:00,109.3585614035088,109.3585614035088,124.96
2025-10-01 05:00:00,109.35856140350884,109.35856140350879,173.29999999999998
2025-10-01 06:00:00,109.35856140350903,109.35856140350877,139.0875
2025-10-01 07:00:00,109.35856140350886,109.35856140350877,105.25
2025-10-01 08:00:00,106.87731426412002,106.64725716226572,86.035
2025-10-01 09:00:00,97.85956206066538,97.85956206066555,70.5675
2025-10-01 10:00:00,38.00816357748246,38.00816357748247,66.025
2025-10-01 11:00:00,37.950046291989324,37.95004629198929,68.4
2025-10-01 12:00:00,37.95096882408524,37.95096882408517,72.6275
2025-10-01 13:00:00,63.87077530017375,63.870775300173705,81.7225
2025-10-01 14:00:00,94.89807381401118,94.89807381401127,92.87
2025-10-01 15:00:00,98.221293463173,98.22129346317297,135.4
2025-10-01 16:00:00,109.24392680913625,109.2439701215033,253.2375
2025-10-01 17:00:00,109.35592552458415,109.35592953493419,339.9925
2025-10-01 18:00:00,109.35856140351042,109.3585614035088,152.0225
2025-10-01 19:00:00,109.35856140350806,109.3585614035088,113.035
2025-10-01 20:00:00,109.06725565317213,109.067255653169,98.51
2025-10-01 21:00:00,107.14837644051794,107.14837644051812,90.6475
2025-10-01 22:00:00,101.81057066853606,101.81057066853731,90.805
2025-10-01 23:00:00,100.66654331474876,100.66654331474969,88.0
2025-10-02 00:00:00,100.66654331474916,100.66654331474969,86.52499999999999
2025-10-02 01:00:00,100.61690625000155,100.61690625,88.56
2025-10-02 02:00:00,100.61690624999943,100.61690625,90.8075
2025-10-02 03:00:00,105.86555765645039,105.86555765645028,95.9725
2025-10-02 04:00:00,109.34286539784726,109.34286539784729,128.72
2025-10-02 05:00:00,109.35856140350883,109.3585614035088,181.0875
2025-10-02 06:00:00,109.35856140350923,109.35856140350876,136.67749999999998
2025-10-02 07:00:00,109.35856140350914,109.35856140350879,100.505
2025-10-02 08:00:00,100.61690625,100.61690625,91.48
2025-10-02 09:00:00,94.87131662251797,94.87131662251792,78.285
2025-10-02 10:00:00,36.56002241417354,36.56448059046498,65.77
2025-10-02 11:00:00,30.072748672732004,29.56289474431217,60.5
2025-10-02 12:00:00,35.930900000000015,35.930899999999994,71.28999999999999
2025-10-02 13:00:00,35.93090000000006,36.282856665735466,80.6625
2025-10-02 14:00:00,37.910265764247,37.91026576424701,91.445
2025-10-02 15:00:00,96.27261728008689,96.27261728008675,113.32
2025-10-02 16:00:00,100.66654331474986,100.66654331474969,167.925
2025-10-02 17:00:00,109.33345363730277,109.3334536373165,176.8375
2025-10-02 18:00:00,109.3585614035084,109.35856140350876,109.92
2025-10-02 19:00:00,102.26965044207782,102.27965630494379,90.855
2025-10-02 20:00:00,99.27364890966969,99.27364890966956,96.6575
2025-10-02 21:00:00,97.8595620606657,97.85956206066555,82.0925
2025-10-02 22:00:00,92.54273178556518,92.75626693410057,85.9325
2025-10-02 23:00:00,92.5529900907586,92.62133230346194,77.14
2025-10-03 00:00:00,90.76766049387972,90.76766049382715,71.75
2025-10-03 01:00:00,89.71074390249106,89.71074390243903,73.9075
2025-10-03 02:00:00,91.11124406354958,91.20407942226224,76.2875
2025-10-03 03:00:00,90.76766049381962,91.14289577631692,77.98
2025-10-03 04:00:00,96.27261728015337,96.27261728008675,93.78
2025-10-03 05:00:00,98.22129346323324,98.22129346317297,100.4175
2025-10-03 06:00:00,98.22129346323347,98.22129346317297,103.68
2025-10-03 07:00:00,97.07137775036988,97.07137775031268,83.9025
2025-10-03 08:00:00,36.914263142104346,36.914263142100296,59.9975
2025-10-03 09:00:00,26.905930879335987,26.90593087933594,40.5025
2025-10-03 10:00:00,27.259956661984976,27.25995666198505,26.3525
2025-10-03 11:00:00,19.97991452991454,19.979914529914524,16.5025
2025-10-03 12:00:00,-3.3294625785392746,-3.3294625785392564,26.2025
2025-10-03 13:00:00,17.033990782645724,17.033990782645663,49.8825
2025-10-03 14:00:00,19.979914529914485,19.979914529914527,63.3925
2025-10-03 15:00:00,29.990628752060516,30.070567636855547,89.9
2025-10-03 16:00:00,41.40491051043419,41.40491051043432,120.75999999999999
2025-10-03 17:00:00,87.86051344871214,87.8605134487122,109.00999999999999
2025-10-03 18:00:00,63.2197424154186,63.39026167501181,75.03999999999999
2025-10-03 19:00:00,35.930900000000044,35.93090000000001,43.4425
2025-10-03 20:00:00,32.92935395570667,32.92935395570653,25.4025
2025-10-03 21:00:00,21.91047140685521,21.89664782125012,11.1075
2025-10-03 22:00:00,19.979914529914524,19.979914529914527,0.7250000000000001
2025-10-03 23:00:00,1.254552017826427e-13,-0.0,-0.01
2025-10-04 00:00:00,-3.3070177340573372,-3.3070177340550906,-0.0425
2025-10-04 01:00:00,-3.5123501625401197,-3.5123501625376434,-0.0975
2025-10-04 02:00:00,-3.512350162537787,-3.5123250233225747,-1.1275
2025-10-04 03:00:00,-3.307017734054716,-3.3070177340550906,-1.905
2025-10-04 04:00:00,-3.3070177340543987,-3.3070112328723518,-1.915
2025-10-04 05:00:00,-3.307017734054452,-3.2992583280522965,-0.775
2025-10-04 06:00:00,-3.307017734055294,-3.299258328052339,-0.3
2025-10-04 07:00:00,-3.3070177340535505,-3.257324389521578,-0.1625
2025-10-04 08:00:00,5.40606208693907,5.390578997938446,-0.09000000000000001
2025-10-04 09:00:00,20.437413077687257,20.437413077687253,-0.0975
2025-10-04 10:00:00,20.334203427491843,20.33420342749183,-0.08
2025-10-04 11:00:00,-4.999999999999995,-5.0,-0.44
2025-10-04 12:00:00,-4.999999999999978,-5.0,-2.045
2025-10-04 13:00:00,-4.9999999999999964,-5.0,-2.605
2025-10-04 14:00:00,-5.000000000000023,-5.0,-0.095
2025-10-04 15:00:00,-4.999999999999975,-5.0,-0.09250000000000003
2025-10-04 16:00:00,-2.895212961806188,-2.86480446919607,1.105
2025-10-04 17:00:00,19.979914529914502,19.979914529914524,3.23
2025-10-04 18:00:00,19.979914529914566,19.97991452991453,0.3225
2025-10-04 19:00:00,-2.070800732291481e-14,-0.0,-0.09499999999999999
2025-10-04 20:00:00,-3.5123501625376656,-3.5123501625377003,-0.0525
2025-10-04 21:00:00,-4.999999999999866,-5.0,-0.3425
2025-10-04 22:00:00,-5.0000000000000995,-5.0,-0.7474999999999999
2025-10-04 23:00:00,-4.999999999999936,-5.0,-1.4024999999999999
2025-10-05 00:00:00,-5.000000000000021,-5.0,-4.19
2025-10-05 01:00:00,-5.000000000000035,-5.0,-4.3775
2025-10-05 02:00:00,-5.000000000000019,-5.0,-4.98
2025-10-05 03:00:00,-5.000000000000013,-5.0,-4.4575
2025-10-05 04:00:00,-5.000000000000064,-5.0,-3.76
2025-10-05 05:00:00,-3.512103218589211,-3.512314071244994,-1.505
2025-10-05 06:00:00,-3.5123140712449232,-3.512314071244994,-0.0875
2025-10-05 07:00:00,-3.5123140712450223,-3.5123140712450773,-1.3925
2025-10-05 08:00:00,-5.0,-5.0,-3.33
2025-10-05 09:00:00,-5.0,-5.0,-2.0175
2025-10-05 10:00:00,-4.999999999999999,-5.0,-3.415
2025-10-05 11:00:00,-5.000000000000001,-5.0,-3.3875
2025-10-05 12:00:00,-5.000000000000001,-5.0,-2.9425
2025-10-05 13:00:00,-5.0,-5.0,-2.3925
2025-10-05 14:00:00,-5.000000000000001,-5.0,-0.6875
2025-10-05 15:00:00,-4.999999999999995,-5.0,0.8525
2025-10-05 16:00:00,20.825961945714866,20.839647544896224,16.0825
2025-10-05 17:00:00,35.93090000000001,35.9309,35.0475
2025-10-05 18:00:00,35.93090000000002,35.93089999999999,19.83
2025-10-05 19:00:00,24.206303409475062,22.845148236016968,5.4775
2025-10-05 20:00:00,21.55674144582794,21.553246128171203,5.202500000000001
2025-10-05 21:00:00,20.984778602782637,20.98477860278328,4.075
2025-10-05 22:00:00,21.32475461746838,21.324754617468464,20.845
2025-10-05 23:00:00,19.979914529914133,19.979914529914527,10.0475
2025-10-06 00:00:00,19.979914529914133,19.979914529914524,9.1025
2025-10-06 01:00:00,19.9799145299141,19.979914529914524,10.7325
2025-10-06 02:00:00,19.97991452991411,19.979914529914524,16.8
2025-10-06 03:00:00,21.557116655760254,21.557116655760417,22.6025
2025-10-06 04:00:00,36.879863941094996,37.10170526782885,68.585
2025-10-06 05:00:00,96.27261728008675,96.27261728008675,105.0525
2025-10-06 06:00:00,97.85956206066555,97.85956206066555,121.7675
2025-10-06 07:00:00,98.22129346317297,98.22129346317297,121.11749999999999
2025-10-06 08:00:00,96.27261728008675,96.8365546924826,100.5275
2025-10-06 09:00:00,40.43955238315584,40.40765182453747,89.3025
2025-10-06 10:00:00,36.7545853543088,36.754585354309846,87.325
2025-10-06 11:00:00,36.28386755258816,36.28386755258752,84.5975
2025-10-06 12:00:00,36.73071979535416,36.73071979535787,92.3275
2025-10-06 13:00:00,37.88420699139306,37.74247713075587,94.5475
2025-10-06 14:00:00,89.12174847060169,89.12174847060206,104.77250000000001
2025-10-06 15:00:00,98.22129346317297,98.22129346317297,120.29
2025-10-06 16:00:00,107.41068866938667,107.35002751269532,141.5875
2025-10-06 17:00:00,109.35856140350825,109.35856140350877,168.315
2025-10-06 18:00:00,109.35856140350643,109.3585614035088,133.6775
2025-10-06 19:00:00,108.66518553238711,108.66518510234971,120.2025
2025-10-06 20:00:00,108.48995103111338,108.48995103111496,118.66499999999999
2025-10-06 21:00:00,106.99417463095097,106.78991225201806,105.5
2025-10-06 22:00:00,106.42292561726526,106.4229256172645,100.2625
2025-10-06 23:00:00,101.95773071803706,101.95773071803521,93.9875
2025-10-07 00:00:00,102.32284996508088,102.32284996508115,89.8175
2025-10-07 01:00:00,102.91031100122154,102.91031100121849,89.55
2025-10-07 02:00:00,103.61080845722972,103.61080845723079,92.975
2025-10-07 03:00:00,104.82088182266534,105.86626224972304,96.74
2025-10-07 04:00:00,109.35856140350892,109.35856140350876,134.885
2025-10-07 05:00:00,109.35856140350853,109.35856140350879,228.555
2025-10-07 06:00:00,109.35856140350847,109.35856140350876,287.67
2025-10-07 07:00:00,109.3585614035091,109.35856140350879,212.1825
2025-10-07 08:00:00,109.35856140350867,109.35856140350879,154.66
2025-10-07 09:00:00,107.33254444027446,107.35791108954842,129.9075
2025-10-07 10:00:00,99.27364890966963,99.27364890966956,110.94
2025-10-07 11:00:00,97.07137775031268,97.07137775031268,106.1825
2025-10-07 12:00:00,97.07137775031268,97.07137775031268,105.35249999999999
2025-10-07 13:00:00,97.8595620606655,97.85956206066555,113.16
2025-10-07 14:00:00,99.27364890966956,99.27364890966956,122.105
2025-10-07 15:00:00,105.11817019130501,104.75803268133764,151.84
2025-10-07 16:00:00,109.3455769241699,109.34557692416875,202.41750000000002
2025-10-07 17:00:00,109.35856140350867,109.35856140350874,213.28
2025-10-07 18:00:00,109.35856140350859,109.35856140350877,146.34
2025-10-07 19:00:00,109.35856140350961,109.35856140350879,123.2425
2025-10-07 20:00:00,109.35856140350833,109.35856140350879,107.4225
2025-10-07 21:00:00,108.559526073256,108.5595260732544,97.4825
2025-10-07 22:00:00,106.99417463094656,106.78991225201806,93.4525
2025-10-07 23:00:00,106.37035619783975,106.37035619783761,88.4375
2025-10-08 00:00:00,101.87676485682039,101.89330125156084,87.56
2025-10-08 01:00:00,102.28432179014179,102.28409698300085,86.975
2025-10-08 02:00:00,102.33499100609117,102.33579167528465,89.6725
2025-10-08 03:00:00,107.14837644051806,107.14837644051812,97.395
2025-10-08 04:00:00,109.34450796013452,109.34280894432948,117.10749999999999
2025-10-08 05:00:00,109.35856140350879,109.3585614035088,155.58
2025-10-08 06:00:00,109.35856140350882,109.35856140350876,166.395
2025-10-08 07:00:00,109.35856140350892,109.35856140350879,135.17499999999998
2025-10-08 08:00:00,109.28952686591019,109.35856140350876,118.44500000000001
2025-10-08 09:00:00,108.72698706798849,108.63694307461361,103.325
2025-10-08 10:00:00,102.6965674157301,102.69656741573036,90.82249999999999
2025-10-08 11:00:00,97.85956206066574,97.85956206066555,89.33500000000001
2025-10-08 12:00:00,97.07137775031231,97.07137775031268,90.4425
2025-10-08 13:00:00,98.2212934631726,98.22129346317297,99.4275
2025-10-08 14:00:00,100.50021361482007,100.50021361482078,117.465
2025-10-08 15:00:00,108.73388257025734,108.73388257026143,149.48000000000002
2025-10-08 16:00:00,109.36395667408534,109.36395667407476,183.8075
2025-10-08 17:00:00,109.35856140351596,109.35856140350876,199.0025
2025-10-08 18:00:00,109.3585614034865,109.35856140350876,141.695
2025-10-08 19:00:00,109.35856140350067,109.35856140350879,114.74
2025-10-08 20:00:00,109.25655914052972,109.33296647808098,108.24000000000001
2025-10-08 21:00:00,108.4900065590452,108.49000655904513,97.83250000000001
2025-10-08 22:00:00,106.42238848548038,106.42238848548034,97.215
2025-10-08 23:00:00,104.37387618542972,103.88708300575782,92.5825
2025-10-09 00:00:00,103.20498873180465,103.17632977860798,93.2625
2025-10-09 01:00:00,103.61080845723059,103.59916813579699,90.8175
2025-10-09 02:00:00,102.79309354603497,102.79311263016957,92.7
2025-10-09 03:00:00,107.14837644051718,107.14837644051812,101.1525
2025-10-09 04:00:00,109.34983676423393,109.3498367642334,125.58
2025-10-09 05:00:00,109.35856140350903,109.35856140350877,145.0
2025-10-09 06:00:00,109.35856140350822,109.35856140350877,149.9
2025-10-09 07:00:00,109.35856140350866,109.35856140350879,132.4875
2025-10-09 08:00:00,109.34184685021825,109.34184685021764,109.6875
2025-10-09 09:00:00,107.14837644051632,107.14837644051812,96.9625
2025-10-09 10:00:00,97.07137775031096,97.07137775031268,91.02250000000001
2025-10-09 11:00:00,81.31676524711516,80.84817771346025,83.3525
2025-10-09 12:00:00,68.48211573971888,68.48211573971953,83.2
2025-10-09 13:00:00,81.86080139670624,81.86080139670645,88.8275
2025-10-09 14:00:00,96.27261728008631,96.27261728008675,92.075
2025-10-09 15:00:00,98.22129346317215,98.22129346317297,110.00999999999999
2025-10-09 16:00:00,107.72189483202405,107.72189483202399,122.9075
2025-10-09 17:00:00,109.16274244888479,109.16274244888523,123.1125
2025-10-09 18:00:00,108.94526289816096,108.94521998210854,112.3625
2025-10-09 19:00:00,107.39948888736113,107.3994888873606,98.0925
2025-10-09 20:00:00,101.80852716669133,101.80881186103227,96.83250000000001
2025-10-09 21:00:00,98.94386522484308,98.94386522484325,88.7
2025-10-09 22:00:00,98.94386522484342,98.94386522484324,88.01
2025-10-09 23:00:00,98.22129346317291,98.22129346317297,84.9675
2025-10-10 00:00:00,97.07137775031264,97.07137775031268,80.0875
2025-10-10 01:00:00,97.0713777503129,97.07137775031268,78.285
2025-10-10 02:00:00,97.0713777503126,97.07137775031268,79.21000000000001
2025-10-10 03:00:00,98.22129346317296,98.22129346317297,86.0725
2025-10-10 04:00:00,100.66654331474962,100.66654331474969,102.6375
2025-10-10 05:00:00,107.39948888736113,107.41466552975892,119.325
2025-10-10 06:00:00,108.97164086632341,108.97164086632355,122.6125
2025-10-10 07:00:00,107.14837644051784,107.14837644051812,107.765
2025-10-10 08:00:00,100.66654331474982,100.66654331474969,93.0075
2025-10-10 09:00:00,97.85956206066547,97.85956206066555,82.1175
2025-10-10 10:00:00,81.86080139670668,81.86080139670645,77.5325
2025-10-10 11:00:00,35.930900000000015,35.93089999999999,75.69
2025-10-10 12:00:00,35.93089999999999,35.93090000000001,77.2575
2025-10-10 13:00:00,71.23497921333922,71.23497921333922,88.89500000000001
2025-10-10 14:00:00,87.8605134487122,87.8605134487122,97.8575
2025-10-10 15:00:00,97.85956206066557,97.87567516359945,118.2
2025-10-10 16:00:00,105.76997114194877,105.86936649176043,120.605
2025-10-10 17:00:00,108.43670633644938,108.43670633644881,123.29
2025-10-10 18:00:00,107.644507681042,107.99271541849855,115.38999999999999
2025-10-10 19:00:00,104.00915893980661,104.00689401374775,103.915
2025-10-10 20:00:00,100.61690625000051,100.61690625,97.7375
2025-10-10 21:00:00,99.27364890966996,99.27364890966956,93.35
2025-10-10 22:00:00,100.61690625000013,100.61690625,92.9675
2025-10-10 23:00:00,99.27364890967029,99.27364890966956,88.83500000000001
2025-10-11 00:00:00,98.22129346317325,98.22129346317297,87.3875
2025-10-11 01:00:00,98.22129346317382,98.22129346317297,84.175
2025-10-11 02:00:00,98.22129346317351,98.22129346317297,82.0275
2025-10-11 03:00:00,98.22129346317396,98.22129346317297,84.755
2025-10-11 04:00:00,99.2736489096694,99.27364890966956,90.265
2025-10-11 05:00:00,100.61690624999964,100.61690625,96.7525
2025-10-11 06:00:00,100.6665433147498,100.88517964837347,100.4
2025-10-11 07:00:00,100.61690624999997,100.61690625,92.96
2025-10-11 08:00:00,99.27364890967004,99.27364890966956,82.4325
2025-10-11 09:00:00,87.86051344871217,87.8605134487122,74.02
2025-10-11 10:00:00,35.10852866201242,35.10852866201236,55.417500000000004
2025-10-11 11:00:00,27.32280368098163,27.32280368098159,46.7725
2025-10-11 12:00:00,27.322803680983245,27.322803680981593,51.03
2025-10-11 13:00:00,27.322803680981583,27.322803680981586,76.9425
2025-10-11 14:00:00,73.28981135844447,73.28981135844427,83.65
2025-10-11 15:00:00,97.85956206066568,97.85956206066555,114.005
2025-10-11 16:00:00,103.30365845824423,103.72063072824518,126.4375
2025-10-11 17:00:00,108.49008885243305,108.49008885243379,130.1725
2025-10-11 18:00:00,108.35561477077911,108.3556147707802,120.63499999999999
2025-10-11 19:00:00,107.14837644051828,107.14837644051812,112.545
2025-10-11 20:00:00,106.42238848548044,106.42238848548034,106.9075
2025-10-11 21:00:00,101.93343519912884,101.93343519912789,95.0975
2025-10-11 22:00:00,100.66654331475341,101.43508173372093,96.1775
2025-10-11 23:00:00,100.61690625000011,100.61690625,92.16749999999999
2025-10-12 00:00:00,100.6169062499999,100.61690625,88.86
2025-10-12 01:00:00,100.21606063211479,100.21538426211778,85.13
2025-10-12 02:00:00,99.27364890966989,99.27364890966956,86.4125
2025-10-12 03:00:00,98.48003361698706,98.4800336169887,86.6575
2025-10-12 04:00:00,99.66447240454144,99.66447240454544,88.3
2025-10-12 05:00:00,99.85947379623158,99.64095885954758,89.1725
2025-10-12 06:00:00,100.61690624999997,100.61690625,88.66
2025-10-12 07:00:00,100.17437018169986,100.17437018170169,83.0625
2025-10-12 08:00:00,97.85956206066557,97.85956206066555,76.205
2025-10-12 09:00:00,30.789408544922747,27.322803680981593,71.9
2025-10-12 10:00:00,27.32280368098125,27.32280368098159,66.8875
2025-10-12 11:00:00,27.32280368098062,27.322803680981597,52.16
2025-10-12 12:00:00,27.32280368098116,27.322803680981593,62.475
2025-10-12 13:00:00,27.322803680981593,27.32280368098159,79.985
2025-10-12 14:00:00,72.85309788501965,72.85309788501962,88.0025
2025-10-12 15:00:00,97.8595620606656,97.85956206066555,105.55
2025-10-12 16:00:00,105.86063312873148,105.86063312873155,108.9
2025-10-12 17:00:00,109.21216300201243,109.21216300201296,116.64
2025-10-12 18:00:00,109.2565591405296,109.12577289713191,115.5275
2025-10-12 19:00:00,108.3556147707799,108.35561477078019,110.44749999999999
2025-10-12 20:00:00,108.35513711883972,108.35560278544045,107.78999999999999
2025-10-12 21:00:00,108.31084558540074,108.31084558539985,93.445
2025-10-12 22:00:00,107.88971671659377,107.6890100867349,93.4525
2025-10-12 23:00:00,107.14837644051762,107.14837644051812,90.26
2025-10-13 00:00:00,105.77702030245798,105.56009775500775,90.8325
2025-10-13 01:00:00,106.34376565036503,106.47152874034275,89.1225
2025-10-13 02:00:00,107.14837644051859,107.14837644051812,93.4525
2025-10-13 03:00:00,108.33466036420334,108.33347376939645,98.095
2025-10-13 04:00:00,109.36064190014358,109.36064190014359,131.41
2025-10-13 05:00:00,109.3585614035094,109.35856140350879,218.6375
2025-10-13 06:00:00,109.35856140350883,109.35856140350877,199.5575
2025-10-13 07:00:00,109.35856140350859,109.35856140350879,150.185
2025-10-13 08:00:00,109.35856140350877,109.35856140350879,125.0975
2025-10-13 09:00:00,107.16476678958952,107.16476678958904,110.0
2025-10-13 10:00:00,106.73377822186336,106.55173069029661,95.1
2025-10-13 11:00:00,99.57306723033643,99.57306723033665,89.8575
2025-10-13 12:00:00,99.27364890966987,99.27364890966956,92.0975
2025-10-13 13:00:00,99.27364890966987,99.27364890966956,101.8425
2025-10-13 14:00:00,100.22211611060092,100.22211611060104,117.9025
2025-10-13 15:00:00,108.71615437603376,108.71457767821941,180.6
2025-10-13 16:00:00,109.36190368126456,109.36190368126464,305.74
2025-10-13 17:00:00,109.40332775164993,109.40330591899871,306.575
2025-10-13 18:00:00,109.35856140350884,109.35856140350879,186.9525
2025-10-13 19:00:00,109.35856140350894,109.35856140350879,137.175
2025-10-13 20:00:00,109.35856140350877,109.35856140350877,121.9875
2025-10-13 21:00:00,109.35856140350955,109.35856140350882,111.275
2025-10-13 22:00:00,108.35561477078022,108.35561477078018,109.1825
2025-10-13 23:00:00,108.31084558539982,108.31084558539986,103.015
2025-10-14 00:00:00,108.31084558539982,108.31084558539983,99.52
2025-10-14 01:00:00,107.47703921409503,107.47703921409568,98.8675
2025-10-14 02:00:00,108.2753697923012,108.27569367200826,100.0475
2025-10-14 03:00:00,108.72268286516277,108.72267128656671,101.44749999999999
2025-10-14 04:00:00,109.35856140350897,109.35856140350879,123.29249999999999
2025-10-14 05:00:00,109.35856140350863,109.35856140350877,160.195
2025-10-14 06:00:00,109.35856140350914,109.35856140350874,190.82
2025-10-14 07:00:00,109.35856140350866,109.3585614035088,156.445
2025-10-14 08:00:00,109.35856140350923,109.35856140350883,134.725
2025-10-14 09:00:00,108.28353769930688,108.28353769930678,119.845
2025-10-14 10:00:00,100.61690624999994,100.61690625,107.64750000000001
2025-10-14 11:00:00,97.07137775031268,97.07137775031268,102.9975
2025-10-14 12:00:00,96.27261728008675,96.27261728008675,105.265
2025-10-14 13:00:00,98.22129346317294,98.22129346317297,122.275
2025-10-14 14:00:00,100.02839250151868,99.7825459752808,146.6
2025-10-14 15:00:00,107.22063314755246,107.22063314755249,219.195
2025-10-14 16:00:00,109.35808478494009,109.35885730807608,404.9575
2025-10-14 17:00:00,109.4272942918722,109.42729429187193,407.205
2025-10-14 18:00:00,109.35856140350876,109.3585614035088,225.48
2025-10-14 19:00:00,109.35856140350914,109.35856140350877,163.04
2025-10-14 20:00:00,109.35856140350927,109.35856140350879,129.85750000000002
2025-10-14 21:00:00,109.35856140350862,109.35856140350877,115.36
2025-10-14 22:00:00,109.29858710069892,109.29858710069928,115.4625
2025-10-14 23:00:00,109.07082943772784,109.07082943772802,111.865
2025-10-15 00:00:00,109.0652675239671,109.06526752396731,107.68
2025-10-15 01:00:00,108.39939268421149,108.43005904501614,103.6175
2025-10-15 02:00:00,108.73154097788883,108.73188607328564,106.48
2025-10-15 03:00:00,109.16133911691402,109.16151484658563,114.3975
2025-10-15 04:00:00,109.36250958265038,109.36735357370675,151.96
2025-10-15 05:00:00,109.35856140350877,109.35856140350879,278.74
2025-10-15 06:00:00,109.35856140350889,109.35856140350899,276.1975
2025-10-15 07:00:00,109.35856140351328,109.35856140350886,181.0525
2025-10-15 08:00:00,109.3585614035087,109.35856140350879,142.3575
2025-10-15 09:00:00,109.29887838977429,109.2989019130385,126.105
2025-10-15 10:00:00,106.95152396546021,107.01948171436091,119.425
2025-10-15 11:00:00,99.50092980956259,99.50092980956242,112.8775
2025-10-15 12:00:00,99.86605572512461,99.86605572512477,115.39250000000001
2025-10-15 13:00:00,100.22337511141711,100.22337511141724,122.64250000000001
2025-10-15 14:00:00,102.03386477850563,102.03375226265513,135.6925
2025-10-15 15:00:00,109.3057631981877,109.30576319818817,170.0
2025-10-15 16:00:00,109.36267603240113,109.36027467713747,221.8775
2025-10-15 17:00:00,109.3585614035084,109.3585614035088,220.0
2025-10-15 18:00:00,109.35856140350765,109.3585614035088,152.845
2025-10-15 19:00:00,109.35856140350866,109.35856140350876,124.3425
2025-10-15 20:00:00,109.35856140350624,109.3585614035088,98.21
2025-10-15 21:00:00,109.03749711655989,109.03749711655969,88.17
2025-10-15 22:00:00,107.14837644051792,107.14837644051812,88.16499999999999
2025-10-15 23:00:00,106.14584920799622,105.76957029806842,85.8075
2025-10-16 00:00:00,101.81031251363717,101.81031251363818,88.0
2025-10-16 01:00:00,101.82145528471578,101.82145528471762,86.655
2025-10-16 02:00:00,101.810312513636,101.81031251363817,88.335
2025-10-16 03:00:00,104.77814351572857,105.717195057837,85.045
2025-10-16 04:00:00,109.29457828280115,109.21489076080562,96.1925
2025-10-16 05:00:00,109.35856140350882,109.35856140350879,116.1225
2025-10-16 06:00:00,109.35856140350896,109.3585614035088,132.76749999999998
2025-10-16 07:00:00,109.35856140350853,109.35856140350879,119.93
2025-10-16 08:00:00,109.35856140350828,109.35856140350876,92.2375
2025-10-16 09:00:00,101.81031251363989,101.81031251363821,88.3075
2025-10-16 10:00:00,100.61690624999801,100.61690625,83.4025
2025-10-16 11:00:00,96.27261728008595,96.27261728008675,81.47500000000001
2025-10-16 12:00:00,89.71969116358113,89.71969116358112,82.98
2025-10-16 13:00:00,94.8713166225164,94.87131662251792,83.0275
2025-10-16 14:00:00,97.07137775031151,97.07137775031268,89.0275
2025-10-16 15:00:00,102.20837663623834,102.20837663623736,120.91499999999999
2025-10-16 16:00:00,109.33521924949467,109.33521924949483,130.0
2025-10-16 17:00:00,109.35856140350883,109.3585614035088,140.59
2025-10-16 18:00:00,109.35856140350872,109.35856140350873,125.595
2025-10-16 19:00:00,109.35856140350882,109.35856140350877,102.2325
2025-10-16 20:00:00,109.35856140351072,109.16922132897155,99.855
2025-10-16 21:00:00,107.14837644050355,107.14837644051812,93.3625
2025-10-16 22:00:00,106.14584920799557,105.71208980705534,88.14750000000001
2025-10-16 23:00:00,102.79146129910505,102.79146129910495,88.3125
2025-10-17 00:00:00,101.8105706685373,101.81057066853732,89.0575
2025-10-17 01:00:00,101.82148864201378,101.82148864201392,88.4575
2025-10-17 02:00:00,101.81031251363838,101.81031251363818,90.5875
2025-10-17 03:00:00,106.42238848547996,106.4222035672594,94.50999999999999
2025-10-17 04:00:00,109.10259937893872,109.22818403112018,107.91
2025-10-17 05:00:00,109.35856140350869,109.35856140350879,129.485
2025-10-17 06:00:00,109.3585614035045,109.35856140350876,144.835
2025-10-17 07:00:00,109.35856140350953,109.35856140350879,129.02
2025-10-17 08:00:00,109.35856140349533,109.35856140350873,117.18
2025-10-17 09:00:00,106.39023524332433,106.3902352433244,99.0375
2025-10-17 10:00:00,98.22129346317296,98.22129346317297,88.14
2025-10-17 11:00:00,89.71969116358125,89.71969116358116,86.7175
2025-10-17 12:00:00,82.98830064638314,82.98830064638312,87.805
2025-10-17 13:00:00,87.86051344871228,87.8605134487122,88.6425
2025-10-17 14:00:00,97.07137775031268,97.07137775031268,95.0
2025-10-17 15:00:00,100.66654331474979,100.66654331474969,117.1675
2025-10-17 16:00:00,109.30682769153584,109.31162502683995,129.31
2025-10-17 17:00:00,109.35856140350866,109.3585614035088,130.69
2025-10-17 18:00:00,109.35856140350877,109.35856140350879,116.98750000000001
2025-10-17 19:00:00,109.35856140349851,109.35856140350873,104.055
2025-10-17 20:00:00,108.48997566080561,108.48995103111494,102.1825
2025-10-17 21:00:00,108.31124215958482,108.31084558539985,92.4975
2025-10-17 22:00:00,108.31084558539982,108.31084558539986,94.61500000000001
2025-10-17 23:00:00,106.4042240972442,106.4580559802403,89.86
2025-10-18 00:00:00,105.74390089684883,104.24523722980764,89.8125
2025-10-18 01:00:00,105.43640301896193,104.25831898211028,88.33500000000001
2025-10-18 02:00:00,105.47070906652374,104.45455073987254,88.35
2025-10-18 03:00:00,104.52016797171147,104.44424183686853,88.315
2025-10-18 04:00:00,106.47378417671841,106.16312054271279,91.955
2025-10-18 05:00:00,108.36735847724073,108.315129005176,109.4725
2025-10-18 06:00:00,108.57170269122633,108.56742466227246,114.545
2025-10-18 07:00:00,108.3112671369261,108.31084558539985,102.2425
2025-10-18 08:00:00,100.66654331473882,100.66654331474969,91.4675
2025-10-18 09:00:00,84.04112507648124,84.06447376165329,80.7875
2025-10-18 10:00:00,28.334075096636283,28.336207922740343,73.94
2025-10-18 11:00:00,27.515638641823667,27.42104455700118,67.5325
2025-10-18 12:00:00,27.436850970079217,27.40767356465681,72.2975
2025-10-18 13:00:00,28.36550201026505,28.04839394822256,83.5
2025-10-18 14:00:00,73.36292550879524,69.09729386364916,96.55000000000001
2025-10-18 15:00:00,96.27261728008718,96.27261728008675,120.64
2025-10-18 16:00:00,108.31333461336604,108.31329107534985,133.235
2025-10-18 17:00:00,109.26946212840245,109.26946212840234,124.82249999999999
2025-10-18 18:00:00,108.45004953498866,108.44952606439486,112.995
2025-10-18 19:00:00,103.6526240799872,103.52536501919892,92.5525
2025-10-18 20:00:00,100.6169062500007,100.61690625,95.5775
2025-10-18 21:00:00,98.22129346317354,98.22129346317297,94.355
2025-10-18 22:00:00,96.27261728008712,96.27261728008675,92.3425
2025-10-18 23:00:00,96.27261728008708,96.27261728008675,87.58500000000001
2025-10-19 00:00:00,96.27261728008726,96.27261728008675,82.2925
2025-10-19 01:00:00,96.27261728008725,95.50543732946109,82.14
2025-10-19 02:00:00,96.27261728008729,95.50948502904751,83.2125
2025-10-19 03:00:00,96.27261728008725,95.253970975833,83.4975
2025-10-19 04:00:00,96.27261728008745,95.50948502904795,85.25
2025-10-19 05:00:00,96.27261728008722,95.55179716304542,85.255
2025-10-19 06:00:00,96.2726172800872,96.27261728008675,87.1575
2025-10-19 07:00:00,94.87131662251842,95.07727385648462,78.4325
2025-10-19 08:00:00,81.67000276243135,81.67000276243094,69.6375
2025-10-19 09:00:00,27.322803680980062,27.32280368098159,60.3
2025-10-19 10:00:00,26.98772025168344,26.987720251683534,34.567499999999995
2025-10-19 11:00:00,19.97991452991457,19.97991452991453,20.295
2025-10-19 12:00:00,-4.253065779383486,-4.2530657793834346,36.2175
2025-10-19 13:00:00,-2.4531679636608406,-2.4531679636608734,66.77250000000001
2025-10-19 14:00:00,19.979914529914563,19.979914529914524,89.93
2025-10-19 15:00:00,29.316676376734154,29.316676376734073,106.07249999999999
2025-10-19 16:00:00,87.8605134487122,87.8605134487122,107.6875
2025-10-19 17:00:00,94.27668044035418,92.89309669234267,85.62
2025-10-19 18:00:00,87.86051344871217,87.8605134487122,75.5025
2025-10-19 19:00:00,81.67000276243083,81.67000276243094,73.15
2025-10-19 20:00:00,78.08225404937072,78.08248287087392,74.74249999999999
2025-10-19 21:00:00,68.35608568355791,65.34911038038518,60.855000000000004
2025-10-19 22:00:00,68.33223247565377,65.32546327437973,70.03750000000001
2025-10-19 23:00:00,35.93090000000002,35.93090000000001,63.975
2025-10-20 00:00:00,35.93090000000006,35.930899999999994,60.980000000000004
2025-10-20 01:00:00,33.68349996450957,33.6834999645097,60.0025
2025-10-20 02:00:00,35.28344931480941,35.35681736511125,60.6025
2025-10-20 03:00:00,64.8267725102907,64.82677251028981,74.81
2025-10-20 04:00:00,86.1220214479769,86.11650863732321,76.2525
2025-10-20 05:00:00,96.27261728008666,96.27261728008675,91.8675
2025-10-20 06:00:00,98.22129346317283,98.22129346317297,125.0975
2025-10-20 07:00:00,97.85956206066584,97.85956206066555,92.185
2025-10-20 08:00:00,96.27261728008669,94.90894537424435,73.15
2025-10-20 09:00:00,35.930900000000086,35.9309,69.935
2025-10-20 10:00:00,33.01235218591826,33.01235218591805,60.2875
2025-10-20 11:00:00,28.35285691413312,26.287192410548094,65.2725
2025-10-20 12:00:00,26.28898178449298,26.28898178449324,76.08500000000001
2025-10-20 13:00:00,33.48975706693797,33.48975706693745,97.14
2025-10-20 14:00:00,66.15130027448909,66.1513002744873,119.51
2025-10-20 15:00:00,73.51030120237054,73.71105200587252,131.1225
2025-10-20 16:00:00,94.87131662251862,95.6106011091856,125.08999999999999
2025-10-20 17:00:00,97.51137932903839,97.50493528908873,103.0
2025-10-20 18:00:00,96.27261728008676,96.27261728008675,82.29
2025-10-20 19:00:00,87.86051344871234,87.8605134487122,76.2525
2025-10-20 20:00:00,66.50355417002014,66.43685295539842,68.3775
2025-10-20 21:00:00,63.60160486214692,63.53927350939152,51.0
2025-10-20 22:00:00,37.985734994015765,37.98573499401694,61.480000000000004
2025-10-20 23:00:00,33.98793603590379,33.98793603590419,43.8325
2025-10-21 00:00:00,30.594787730344308,29.310853214536756,33.0725
2025-10-21 01:00:00,29.31085321453635,29.31085321453675,22.2775
2025-10-21 02:00:00,29.310925469114395,29.310925469115247,25.9125
2025-10-21 03:00:00,29.310853214535836,29.310853214536785,47.46
2025-10-21 04:00:00,37.43831640922761,37.43302900376784,75.095
2025-10-21 05:00:00,89.12174847060223,89.12174847060206,88.1225
2025-10-21 06:00:00,96.27261728008675,96.27261728008675,91.5825
2025-10-21 07:00:00,96.27261728008675,95.88598647131367,84.7175
2025-10-21 08:00:00,35.93089999999999,35.93090000000001,74.27
2025-10-21 09:00:00,20.179071574532053,20.179071574532003,65.1125
2025-10-21 10:00:00,21.56995659507707,21.567175129564248,47.455
2025-10-21 11:00:00,3.452498305309284,3.5623810346666076,31.5825
2025-10-21 12:00:00,-3.5010402632640094,-3.500446103370706,33.06
2025-10-21 13:00:00,8.329279999632565,8.329279999633158,60.230000000000004
2025-10-21 14:00:00,20.82869069583756,20.828690695837544,68.2025
2025-10-21 15:00:00,35.930899999999674,35.58070216403774,100.0
2025-10-21 16:00:00,97.07137775031254,97.07137775031268,121.8
2025-10-21 17:00:00,100.61690624999959,100.61690625,115.38499999999999
2025-10-21 18:00:00,98.89328844868487,98.96119830587655,99.6725
2025-10-21 19:00:00,97.85956206066521,97.85956206066555,81.055
2025-10-21 20:00:00,96.27261728008628,96.27261728008675,81.68
2025-10-21 21:00:00,87.86051344871217,87.8605134487122,74.33
2025-10-21 22:00:00,81.86080139670582,81.86080139670645,87.8375
2025-10-21 23:00:00,81.67000276243034,81.67000276243094,87.4925
2025-10-22 00:00:00,76.83962839526785,74.41583262879712,85.405
2025-10-22 01:00:00,76.83962839526772,74.42377401022866,89.3475
2025-10-22 02:00:00,76.82966901481203,77.05991885548816,89.5025
2025-10-22 03:00:00,87.86051344871137,87.86051344871802,90.175
2025-10-22 04:00:00,97.0713777503121,97.07137775031268,99.3925
2025-10-22 05:00:00,100.6169062499985,100.61690625,100.1825
2025-10-22 06:00:00,107.14837644051707,107.1483764405182,113.7575
2025-10-22 07:00:00,107.4046275537853,107.47467004554606,125.7175
2025-10-22 08:00:00,100.6665433147487,100.66654331474969,105.72749999999999
2025-10-22 09:00:00,97.07137775031144,97.07137775031268,91.215
2025-10-22 10:00:00,96.27261728008574,96.27261728008644,87.1
2025-10-22 11:00:00,87.86051344871059,87.86051344871439,86.0
2025-10-22 12:00:00,81.86080139670533,81.86080139670389,93.46000000000001
2025-10-22 13:00:00,94.87131662251635,94.87131662251792,110.655
2025-10-22 14:00:00,97.85956206066423,97.85956206066555,135.0
2025-10-22 15:00:00,101.09898526107852,101.10587702300545,198.0525
2025-10-22 16:00:00,110.70326512405113,110.70326512405266,296.48249999999996
2025-10-22 17:00:00,109.46152883069388,109.4615288306943,279.76
2025-10-22 18:00:00,109.77435798333485,109.77435798333713,185.31
2025-10-22 19:00:00,110.70326512405163,110.70326512405272,133.9475
2025-10-22 20:00:00,107.61944967766107,107.6150421907823,122.065
2025-10-22 21:00:00,101.17692795817821,101.16699378565843,108.0925
2025-10-22 22:00:00,99.2736489096684,99.27364890966956,101.375
2025-10-22 23:00:00,97.07137775031141,97.07137775031268,98.745
2025-10-23 00:00:00,87.86051344871157,87.86051344871126,95.0675
2025-10-23 01:00:00,73.38677648177416,73.38677648177301,79.9225
2025-10-23 02:00:00,65.95663542259686,65.95663542259585,70.9975
2025-10-23 03:00:00,63.11472760488496,63.114727604884365,67.52
2025-10-23 04:00:00,61.54940987704273,61.54940987704142,72.25
2025-10-23 05:00:00,61.623514064304935,61.623514064303606,82.2825
2025-10-23 06:00:00,61.66239447395995,61.66239447395925,90.0
2025-10-23 07:00:00,41.386482845322696,41.41132784257503,83.0175
2025-10-23 08:00:00,29.326908962296766,29.33153486862132,79.7025
2025-10-23 09:00:00,29.362033951065698,29.362033951066334,69.6
2025-10-23 10:00:00,35.93090000000001,35.93089999999976,66.0975
2025-10-23 11:00:00,29.428758496226905,29.428758496227044,64.105
2025-10-23 12:00:00,21.324754617468344,21.324754617468457,63.535000000000004
2025-10-23 13:00:00,28.18795509257518,29.346879286430728,75.605
2025-10-23 14:00:00,28.248661062561652,29.343051921570673,85.4975
2025-10-23 15:00:00,34.744338850667184,34.74535452695935,98.1175
2025-10-23 16:00:00,37.96092148008242,37.95379732921238,114.93
2025-10-23 17:00:00,57.31520799547996,57.31520799547472,107.9125
2025-10-23 18:00:00,35.93089999999984,35.93090000000001,87.7125
2025-10-23 19:00:00,29.33322873892274,29.337881481750905,82.8125
2025-10-23 20:00:00,29.333228738922806,29.132693244589444,77.655
2025-10-23 21:00:00,20.73726214713146,20.72192137962426,60.0775
2025-10-23 22:00:00,20.437413077687133,20.7219886383996,14.335
2025-10-23 23:00:00,19.979914529914424,19.979914529914527,9.835
2025-10-24 00:00:00,-4.973799150320701e-13,4.80878843689414e-11,6.5249999999999995
2025-10-24 01:00:00,-0.8646599095989274,-0.864597247278914,1.025
2025-10-24 02:00:00,-0.8646599095989984,-0.8645972472792522,2.19
2025-10-24 03:00:00,11.856919445778232,11.752358702074506,7.525
2025-10-24 04:00:00,20.43741307768721,20.723342693861593,23.2775
2025-10-24 05:00:00,23.266852815971355,24.44209040524028,64.985
2025-10-24 06:00:00,29.006041128895205,29.33788147917469,84.87
2025-10-24 07:00:00,29.012094336304095,29.132684348519884,76.5475
2025-10-24 08:00:00,21.324754617467903,21.32475461746896,58.3025
2025-10-24 09:00:00,-3.52628255053893,-3.526282550538582,33.0
2025-10-24 10:00:00,19.979914529914822,19.979914529914527,1.2525
2025-10-24 11:00:00,-4.999999999999673,-5.0,-0.01
2025-10-24 12:00:00,-4.999999999999647,-5.0,-0.01
2025-10-24 13:00:00,-4.999999999999421,-5.0,1.81
2025-10-24 14:00:00,-5.000000000000838,-5.0,37.32
2025-10-24 15:00:00,-3.2887648241094922,-3.288764824109002,66.26
2025-10-24 16:00:00,21.324754617470397,21.32857417024615,74.61
2025-10-24 17:00:00,29.119379864582307,29.1195109427809,74.61250000000001
2025-10-24 18:00:00,24.98821410119745,24.951315886472077,57.05
2025-10-24 19:00:00,21.32475461746892,21.324754617468464,41.5075
2025-10-24 20:00:00,20.771179825241738,20.7711798252521,28.9225
2025-10-24 21:00:00,19.979914529913735,19.979914529914524,9.9675
2025-10-24 22:00:00,19.979914529914694,19.979914529914527,3.525
2025-10-24 23:00:00,19.979914529914723,19.979914529914524,1.3199999999999998
2025-10-25 00:00:00,19.979914529914964,19.97991452991062,0.9249999999999999
2025-10-25 01:00:00,17.001550824961654,16.958506442589606,-0.0025
2025-10-25 02:00:00,3.3788158721764745,3.36870191450239,-0.0075
2025-10-25 03:00:00,11.944493901890539,11.926920541983584,0.16499999999999998
2025-10-25 04:00:00,16.893555133723325,16.61647982310382,0.5225000000000001
2025-10-25 05:00:00,19.979914529914083,19.979914529914755,0.99
2025-10-25 06:00:00,20.218013365295803,20.25974854398904,3.995
2025-10-25 07:00:00,19.979914529914097,19.979914529914524,7.5825000000000005
2025-10-25 08:00:00,16.83772066906296,16.837720669062648,6.7275
2025-10-25 09:00:00,19.979914529914524,19.979914529914524,4.765000000000001
2025-10-25 10:00:00,19.979914529914527,19.979914529914524,6.095000000000001
2025-10-25 11:00:00,-0.0,-3.552713678800501e-15,4.37
2025-10-25 12:00:00,-0.0,-0.0,4.03
2025-10-25 13:00:00,-0.0,-8.881784197001252e-16,3.945
2025-10-25 14:00:00,-3.1794561528119183,-3.1794561528119196,5.5575
2025-10-25 15:00:00,19.979914529914645,19.979914529914534,25.3075
2025-10-25 16:00:00,29.09252926230235,29.077849660171115,55.2525
2025-10-25 17:00:00,29.09222254851082,29.117026863648697,61.265
2025-10-25 18:00:00,29.09222254851182,29.117033246703425,33.995
2025-10-25 19:00:00,29.09222254851087,29.098529009278984,14.1075
2025-10-25 20:00:00,29.092222548510378,29.105782963340143,16.682499999999997
2025-10-25 21:00:00,24.04943604023182,22.63779343932324,8.17
2025-10-25 22:00:00,22.628084460085766,22.60893249257434,5.5725
2025-10-25 23:00:00,21.696609916350027,21.71624866646609,3.6975
2025-10-26 00:00:00,20.413318937907242,20.41331893789512,3.19
2025-10-26 01:00:00,19.979914529912673,19.979914529914524,2.015
2025-10-26 02:00:00,19.97991452991264,19.979914529914524,0.34249999999999997
2025-10-26 03:00:00,17.001761012070094,16.96069819646463,0.10250000000000001
2025-10-26 04:00:00,17.001761012070094,16.960863668244613,0.10500000000000001
2025-10-26 05:00:00,17.001761012070094,16.9644960583813,0.1075
2025-10-26 06:00:00,19.97991452990987,19.979914529914524,0.10250000000000001
2025-10-26 07:00:00,19.979914529913422,19.979914529914524,-0.01
2025-10-26 08:00:00,-3.472008392425073,-3.499323086325128,-0.3125
2025-10-26 09:00:00,-4.999999999999719,-5.0,-0.065
2025-10-26 10:00:00,-5.0,-5.0,-0.08
2025-10-26 11:00:00,-5.0,-5.0,-0.065
2025-10-26 12:00:00,-5.0,-5.0,-0.545
2025-10-26 13:00:00,-5.0,-5.0,-0.7325
2025-10-26 14:00:00,-5.0,-5.0,-0.009999999999999995
2025-10-26 15:00:00,-5.0,-5.00000000000175,3.0375
2025-10-26 16:00:00,19.979914529914527,19.979914529915632,30.002499999999998
2025-10-26 17:00:00,20.774157459993596,20.774157459993695,42.0225
2025-10-26 18:00:00,20.174743021012205,20.174743021012382,34.730000000000004
2025-10-26 19:00:00,19.979914529914517,19.979914529914527,16.642500000000002
2025-10-26 20:00:00,19.979914529914527,19.979914529914524,3.065
2025-10-26 21:00:00,19.979914529914524,19.979914529914527,14.907499999999999
2025-10-26 22:00:00,17.001373983550437,16.964225690092995,5.0600000000000005
2025-10-26 23:00:00,-3.5996193093592876,-3.592312894922838,1.3424999999999998
2025-10-27 00:00:00,-4.438814820594843,-4.443014198766582,1.8250000000000002
2025-10-27 01:00:00,-4.438780461261724,-4.442979813908686,1.25
2025-10-27 02:00:00,-4.43878046126104,-4.442979813907272,-0.0025
2025-10-27 03:00:00,-4.438780461261268,-4.442979813908076,1.3074999999999999
2025-10-27 04:00:00,19.979914529913707,19.979914528435017,10.782499999999999
2025-10-27 05:00:00,28.49996535414701,29.132678607161072,55.0
2025-10-27 06:00:00,29.114333483467895,29.337881481813792,86.065
2025-10-27 07:00:00,35.93090000000033,35.93089999999998,100.14750000000001
2025-10-27 08:00:00,35.930900000000555,35.875478116814946,101.86
2025-10-27 09:00:00,29.352648152423935,29.336290905344914,96.7375
2025-10-27 10:00:00,33.44174731552436,33.44174731533387,94.6325
2025-10-27 11:00:00,29.936491403551912,30.044373625447086,82.6975
2025-10-27 12:00:00,29.936491403559415,30.0443736254473,81.1225
2025-10-27 13:00:00,29.284297131768707,29.37898611437076,83.3475
2025-10-27 14:00:00,29.16664395481387,29.154336933217728,83.66499999999999
2025-10-27 15:00:00,29.203405840677735,29.46358682731995,99.2325
2025-10-27 16:00:00,81.86080139670692,81.86080139670644,110.71000000000001
2025-10-27 17:00:00,97.07137775031245,97.07137775031264,126.5375
2025-10-27 18:00:00,96.2726172800868,96.27261728008675,113.4975
2025-10-27 19:00:00,81.67000276243127,71.806276548547,95.035
2025-10-27 20:00:00,32.973184920074296,32.92831668175612,77.94
2025-10-27 21:00:00,29.11451822655231,29.13501362314793,74.48
2025-10-27 22:00:00,29.352420006601662,29.134600819175652,62.425
2025-10-27 23:00:00,20.958166788947562,20.951800373316196,44.11
2025-10-28 00:00:00,19.979914529914627,19.97991452991453,28.8825
2025-10-28 01:00:00,19.979914529915085,19.979914529914524,18.5425
2025-10-28 02:00:00,20.174743021011437,20.174743021012425,10.2225
2025-10-28 03:00:00,20.179071574531857,20.179071574531953,10.9525
2025-10-28 04:00:00,22.602046260866793,22.60849446040086,30.4075
2025-10-28 05:00:00,29.114524531423235,29.132684352785287,59.5225
2025-10-28 06:00:00,33.83585510681019,33.82717319544706,80.3825
2025-10-28 07:00:00,35.930899999999866,35.93089999999993,89.395
2025-10-28 08:00:00,32.668932477728525,32.020446453245526,87.36500000000001
2025-10-28 09:00:00,27.721237218552346,27.721237218444728,81.0025
2025-10-28 10:00:00,27.32280368098159,27.322803680981597,75.41499999999999
2025-10-28 11:00:00,27.322803680981586,27.322803680981593,67.56
2025-10-28 12:00:00,21.288669509070946,21.288669509070967,62.3025
2025-10-28 13:00:00,18.000862074310565,18.000862074310685,64.42
2025-10-28 14:00:00,18.186085752959986,17.997775533632122,73.0975
2025-10-28 15:00:00,20.774157459993702,20.77415745999373,80.07249999999999
2025-10-28 16:00:00,29.003906364846817,31.402374947935947,93.8325
2025-10-28 17:00:00,35.930900000000065,35.95013422145256,110.22999999999999
2025-10-28 18:00:00,37.42389884101616,38.23617424039654,106.91250000000001
2025-10-28 19:00:00,35.846572429934916,35.88390330051346,91.925
2025-10-28 20:00:00,31.29257871649706,29.71691435003677,80.8375
2025-10-28 21:00:00,31.292578716497015,29.135013623149113,79.58
2025-10-28 22:00:00,32.928277722015075,29.12692776859956,73.2225
2025-10-28 23:00:00,32.90120328763519,29.094971019557462,58.8025
2025-10-29 00:00:00,28.86189864580625,28.697349731415184,54.035
2025-10-29 01:00:00,28.895800637638185,28.69779841954025,54.155
2025-10-29 02:00:00,28.8958006376369,28.697798419540216,56.3475
2025-10-29 03:00:00,28.921649527463153,28.923213311179897,54.725
2025-10-29 04:00:00,35.26947238126685,35.304327337545004,66.6175
2025-10-29 05:00:00,81.86080139670673,81.86080139670645,95.4325
2025-10-29 06:00:00,96.27261728008709,96.27261728008675,107.5325
2025-10-29 07:00:00,96.2726172800867,96.27261728008675,100.265
2025-10-29 08:00:00,81.67000276243097,75.05400043553513,85.805
2025-10-29 09:00:00,35.930900000000115,35.93089999999999,71.9525
2025-10-29 10:00:00,27.628187682153058,26.22639533779945,70.2125
2025-10-29 11:00:00,27.26950088395295,27.252824480257978,70.8375
2025-10-29 12:00:00,27.20449033504247,27.12242979016321,77.1125
2025-10-29 13:00:00,27.232535005400702,27.72123721844475,88.8525
2025-10-29 14:00:00,62.593410308544854,62.59341030854505,116.3575
2025-10-29 15:00:00,97.07137775031255,97.07137775031268,126.23249999999999
2025-10-29 16:00:00,101.67704591892151,101.67785962572144,126.975
2025-10-29 17:00:00,106.32185002195862,106.32185002195845,128.7425
2025-10-29 18:00:00,101.82615216634248,101.82615216634215,113.5425
2025-10-29 19:00:00,99.27364890966871,99.27364890966956,102.65
2025-10-29 20:00:00,97.07137775031225,97.07137775031268,96.5025
2025-10-29 21:00:00,96.27261728008628,96.27261728008675,94.4225
2025-10-29 22:00:00,89.12174847060162,89.12174847060206,87.1425
2025-10-29 23:00:00,76.6142769693191,80.99050312963722,75.245
2025-10-30 00:00:00,38.784694745145316,38.78467167465498,70.105
2025-10-30 01:00:00,35.93089999999969,35.9309,65.525
2025-10-30 02:00:00,29.006403854759863,28.908511833737226,60.4175
2025-10-30 03:00:00,29.006403854759906,28.9172830821687,57.1525
2025-10-30 04:00:00,28.923518973053497,28.937645629719633,60.0125
2025-10-30 05:00:00,32.837715296662,29.116216727579797,69.1775
2025-10-30 06:00:00,35.93089999999949,35.93090000000001,79.9375
2025-10-30 07:00:00,81.67000276243094,69.24302794893332,85.2975
2025-10-30 08:00:00,28.249557077049538,28.2495570770495,66.7225
2025-10-30 09:00:00,19.97991452991469,19.979914529914524,42.902499999999996
2025-10-30 10:00:00,-3.6303822130795815,-3.618829757633418,7.0825000000000005
2025-10-30 11:00:00,-4.9999999999999325,-5.0,-0.0025
2025-10-30 12:00:00,-4.9999999999999325,-5.0,0.002499999999999999
2025-10-30 13:00:00,-4.9999999999999325,-5.0,31.2925
2025-10-30 14:00:00,15.298050944388173,15.303644671758965,69.8
2025-10-30 15:00:00,29.262106703759443,29.112780728196782,85.295
2025-10-30 16:00:00,96.27261728008685,96.27261728008675,117.93
2025-10-30 17:00:00,99.27364890966973,99.27364890966956,117.6975
2025-10-30 18:00:00,99.85827204444519,99.85499825118157,117.6725
2025-10-30 19:00:00,98.22129346317308,98.22129346317297,105.2875
2025-10-30 20:00:00,98.22129346317308,98.22129346317297,98.035
2025-10-30 21:00:00,97.0713777503126,97.07137775031268,98.44
2025-10-30 22:00:00,97.0713777503127,97.07137775031268,84.8325
2025-10-30 23:00:00,97.0713777503128,97.07137775031268,87.74000000000001
2025-10-31 00:00:00,97.0713777503128,97.07137775031268,78.1575
2025-10-31 01:00:00,97.0713777503128,97.04628743467178,74.74
2025-10-31 02:00:00,96.27261728008685,96.27261728008675,75.675
2025-10-31 03:00:00,96.27261728008705,96.27261728008675,79.7625
2025-10-31 04:00:00,97.0713777503127,97.07137775031268,91.825
2025-10-31 05:00:00,97.54361921798849,97.53675956056772,120.385
2025-10-31 06:00:00,98.22129346317288,98.22129346317297,119.5725
2025-10-31 07:00:00,98.22129346317288,98.22129346317297,108.765
2025-10-31 08:00:00,94.8713166225179,94.87131662251792,83.0125
2025-10-31 09:00:00,35.9309,35.93089999999999,75.67
2025-10-31 10:00:00,33.78319129656471,34.15827297292877,74.0875
2025-10-31 11:00:00,30.432461748155358,27.782431559279154,75.99000000000001
2025-10-31 12:00:00,30.43697478691377,27.78253651974692,84.2075
2025-10-31 13:00:00,30.445970606989675,31.72247852403221,106.69999999999999
2025-10-31 14:00:00,67.79567402942253,67.91821498134321,127.0775
2025-10-31 15:00:00,96.2726172800869,96.27261728008675,132.0475
2025-10-31 16:00:00,98.22129346317303,98.22129346317297,122.17500000000001
2025-10-31 17:00:00,97.85956206066581,97.85956206066555,107.28
2025-10-31 18:00:00,96.27261728008685,96.27261728008675,90.005
2025-10-31 19:00:00,87.86051344871242,87.8605134487122,86.0475
2025-10-31 20:00:00,87.86051344871223,87.48720103968414,87.465
2025-10-31 21:00:00,79.2039787802606,76.95030032116978,81.845
2025-10-31 22:00:00,50.02403897873539,43.59387195127963,67.60249999999999
2025-10-31 23:00:00,35.93089999999891,35.9309,54.707499999999996
2025-11-01 00:00:00,94.87131662251483,94.87131662251792,38.115
2025-11-01 01:00:00,94.73425208933403,94.76751582589246,28.2725
2025-11-01 02:00:00,94.73425208933372,94.76751582589243,29.9575
2025-11-01 03:00:00,94.73425208933372,94.76751582589243,19.9025
2025-11-01 04:00:00,94.60093661038212,94.5468887270086,15.3275
2025-11-01 05:00:00,94.53685266556528,94.49754774526943,11.6275
2025-11-01 06:00:00,94.46081977419243,94.46081977419546,17.605
2025-11-01 07:00:00,89.12174847059862,89.12174847060206,29.95
2025-11-01 08:00:00,35.930899999996925,35.930899999999994,27.045
2025-11-01 09:00:00,19.979914529910904,19.979914529914527,18.299999999999997
2025-11-01 10:00:00,27.322803680981583,27.322803680981597,15.7575
2025-11-01 11:00:00,20.25070227819913,20.250702278199142,21.015
2025-11-01 12:00:00,27.322803680981583,27.322803680981593,31.740000000000002
2025-11-01 13:00:00,26.85904727556037,26.855759845392384,54.0025
2025-11-01 14:00:00,35.93090000000011,35.930899999999994,59.0725
2025-11-01 15:00:00,87.86051344871255,87.8605134487122,76.58500000000001
2025-11-01 16:00:00,96.27261728008669,96.27261728008675,88.78999999999999
2025-11-01 17:00:00,98.22129346317297,98.22129346317297,89.055
2025-11-01 18:00:00,98.22129346317297,98.22129346317297,86.4
2025-11-01 19:00:00,97.5213672261702,97.36289267442311,86.1975
2025-11-01 20:00:00,94.87131662251794,94.87131662251792,83.2825
2025-11-01 21:00:00,94.6045292195728,94.60452921957278,82.93
2025-11-01 22:00:00,94.73524886668824,94.8663108637048,77.5075
2025-11-01 23:00:00,94.73554644392458,94.76492685241138,64.285
2025-11-02 00:00:00,94.73554644392458,94.76492685241143,60.3275
2025-11-02 01:00:00,94.7390018724204,94.75578296833444,60.9775
2025-11-02 02:00:00,93.80350857035052,93.80350857034959,62.7325
2025-11-02 03:00:00,93.80350857035052,93.80350857034959,67.0175
2025-11-02 04:00:00,94.79618728567013,94.76691942090892,68.81
2025-11-02 05:00:00,94.79618728567026,94.76691942090892,70.3475
2025-11-02 06:00:00,96.2726172800867,96.27261728008675,75.53
2025-11-02 07:00:00,97.07137775031273,97.07137775031268,77.12
2025-11-02 08:00:00,97.07137775031273,97.63352035820844,78.4575
2025-11-02 09:00:00,96.27261728008688,96.27261728008675,74.99
2025-11-02 10:00:00,97.07137775031278,97.07137775031268,74.97999999999999
2025-11-02 11:00:00,96.27261728008683,95.20065604663475,75.2125
2025-11-02 12:00:00,96.27261728008672,96.27261728008675,83.1625
2025-11-02 13:00:00,96.27261728008682,96.27261728008675,92.55
2025-11-02 14:00:00,96.27261728008672,96.27261728008675,110.6525
2025-11-02 15:00:00,99.27364890966962,99.27364890966956,116.5025
2025-11-02 16:00:00,103.30365845824412,104.18761877279317,132.0725
2025-11-02 17:00:00,108.10109259259258,108.56016452868698,130.4075
2025-11-02 18:00:00,108.10109259259258,107.57590171519344,113.6075
2025-11-02 19:00:00,102.51535666297751,102.51535666297748,98.6
2025-11-02 20:00:00,100.6665433147496,100.66654331474969,95.33
2025-11-02 21:00:00,100.61690625000021,100.61690625,93.17750000000001
2025-11-02 22:00:00,98.22129346317315,98.22129346317297,85.04249999999999
2025-11-02 23:00:00,97.85956206066577,97.85956206066555,82.44
2025-11-03 00:00:00,97.07137775031221,97.07137775031268,80.105
2025-11-03 01:00:00,97.0713777503121,97.07137775031268,74.9975
2025-11-03 02:00:00,97.07137775031205,97.07137775031268,73.14
2025-11-03 03:00:00,96.27261728008627,96.27261728008675,74.9725
2025-11-03 04:00:00,97.85956206066537,97.85956206066555,75.0
2025-11-03 05:00:00,99.27364890966916,99.27364890966956,95.33
2025-11-03 06:00:00,102.19874318826155,102.20172294467038,117.255
2025-11-03 07:00:00,101.81518946920067,102.14658513122595,105.0
2025-11-03 08:00:00,98.22129346317264,98.22129346317297,85.7625
2025-11-03 09:00:00,87.86051344871149,87.8605134487122,75.44500000000001
2025-11-03 10:00:00,81.86080139670958,81.86080139670645,71.675
2025-11-03 11:00:00,29.430093315725117,29.4300933157187,67.99000000000001
2025-11-03 12:00:00,35.930900000005195,35.930899999999994,71.925
2025-11-03 13:00:00,35.9309000000055,35.93090000000001,74.975
2025-11-03 14:00:00,74.06685610388935,74.06685610388415,82.60499999999999
2025-11-03 15:00:00,96.27261728008818,96.27261728008675,92.735
2025-11-03 16:00:00,98.2212934631725,98.22129346317297,92.52
2025-11-03 17:00:00,100.66654331474969,100.66654331474969,90.555
2025-11-03 18:00:00,100.61690625,100.61690625,81.57499999999999
2025-11-03 19:00:00,98.22129346317297,98.01044842555841,71.63250000000001
2025-11-03 20:00:00,96.27261728008675,96.27261728008675,60.00749999999999
2025-11-03 21:00:00,96.27261728008675,96.27261728008675,52.7125
2025-11-03 22:00:00,94.46219740752187,94.46219740752133,28.715
2025-11-03 23:00:00,89.12174847060209,89.12174847060206,16.53
2025-11-04 00:00:00,87.8605134487124,87.8605134487122,7.2575
2025-11-04 01:00:00,81.86080139670659,81.86080139670645,4.925
2025-11-04 02:00:00,87.8605134487124,87.8605134487122,6.3125
2025-11-04 03:00:00,89.12174847060223,89.12174847060206,21.1975
2025-11-04 04:00:00,94.7035803746486,94.79990111968597,58.4325
2025-11-04 05:00:00,98.22129346317328,98.22129346317297,81.0375
2025-11-04 06:00:00,100.66654331474993,100.66654331474969,114.3075
2025-11-04 07:00:00,100.66654331474979,100.66654331474969,110.0
2025-11-04 08:00:00,97.58933005646213,97.6182593959315,80.8475
2025-11-04 09:00:00,94.8713166225167,94.68138021349928,60.6475
2025-11-04 10:00:00,45.48218461292973,45.575780662483474,52.87
2025-11-04 11:00:00,26.528421799615774,26.5285798601531,50.1525
2025-11-04 12:00:00,25.419798843802806,25.419798843802777,66.9375
2025-11-04 13:00:00,35.09836516841262,35.098365168412634,81.05
2025-11-04 14:00:00,65.95663542259544,65.95663542259588,116.265
2025-11-04 15:00:00,96.27261728008585,96.27261728008675,127.475
2025-11-04 16:00:00,100.61690624999504,100.61690625,129.1
2025-11-04 17:00:00,104.95959208778939,106.3831630044088,122.7625
2025-11-04 18:00:00,103.30365845824446,103.25133833327418,106.6975
2025-11-04 19:00:00,100.66654331474987,100.66654331474969,96.7525
2025-11-04 20:00:00,99.27364890966928,98.55118900321735,91.36500000000001
2025-11-04 21:00:00,97.8595620606652,97.85956206066555,86.2375
2025-11-04 22:00:00,96.27261728008638,96.27261728008675,76.1225
2025-11-04 23:00:00,87.86051344871242,86.46099123444597,77.33
2025-11-05 00:00:00,87.86051344871139,86.46099123444597,75.8225
2025-11-05 01:00:00,87.86051344871139,86.46099123444598,74.35499999999999
2025-11-05 02:00:00,87.86051344871139,86.46099123444603,74.6825
2025-11-05 03:00:00,87.86051344871225,87.8605134487122,78.885
2025-11-05 04:00:00,94.87131662251731,94.91857515773427,85.0
2025-11-05 05:00:00,97.07137775031272,97.4429519661471,91.3625
2025-11-05 06:00:00,99.27364890966935,98.6066629000336,115.9
2025-11-05 07:00:00,100.66654331475112,100.66654331474969,107.115
2025-11-05 08:00:00,96.27261728008607,96.27261728008675,74.54
2025-11-05 09:00:00,59.10020858785876,59.10020858786169,62.8825
2025-11-05 10:00:00,35.930900000000534,35.93090000000001,62.0075
2025-11-05 11:00:00,20.498021534436244,20.508989496323263,62.07
2025-11-05 12:00:00,20.070898787677706,20.08193701659125,77.3325
2025-11-05 13:00:00,35.93090000000041,35.9309,96.1925
2025-11-05 14:00:00,73.38677648177132,73.38677648177301,115.39500000000001
2025-11-05 15:00:00,97.07137775031332,97.07137775031268,141.3825
2025-11-05 16:00:00,105.60169692868423,105.49677381156903,147.4175
2025-11-05 17:00:00,108.772846381771,108.77338741186824,127.58
2025-11-05 18:00:00,108.69647435840243,108.5690891163844,114.755
2025-11-05 19:00:00,105.08297235077266,105.17342427366005,104.79
2025-11-05 20:00:00,100.66654331474929,102.42197746516047,98.9175
2025-11-05 21:00:00,102.69656741572962,102.10005001121972,88.8475
2025-11-05 22:00:00,100.66654331474766,100.66654331474969,87.7
2025-11-05 23:00:00,97.85956206066474,97.85956206066555,93.3725
2025-11-06 00:00:00,97.07137775031195,97.07137775031268,90.83
2025-11-06 01:00:00,97.07137775031143,97.07137775031268,91.39750000000001
2025-11-06 02:00:00,97.0713777503113,97.75694830380934,90.505
2025-11-06 03:00:00,98.22129346317293,98.22129346317297,91.9
2025-11-06 04:00:00,99.27364890966994,99.39431530623864,92.17
2025-11-06 05:00:00,108.14194210168256,108.60443697842254,118.35
2025-11-06 06:00:00,109.30610317537997,109.31132796842313,130.2325
2025-11-06 07:00:00,109.34393206266944,109.3439320626681,119.68
2025-11-06 08:00:00,108.70730607566648,108.57085069049292,93.2125
2025-11-06 09:00:00,100.61690625000003,100.61690625,85.1575
2025-11-06 10:00:00,98.22129346317297,98.22129346317297,83.7
2025-11-06 11:00:00,96.27261728008683,96.27261728008675,83.9925
2025-11-06 12:00:00,96.27261728008683,95.44618038275307,87.17999999999999
2025-11-06 13:00:00,96.27261728008676,96.27261728008675,99.485
2025-11-06 14:00:00,98.22129346317296,98.22129346317297,128.24
2025-11-06 15:00:00,108.10109259259235,108.20549149516285,147.495
2025-11-06 16:00:00,109.38102946774569,109.3784999253979,154.255
2025-11-06 17:00:00,109.38806281376029,109.39019626554752,137.4475
2025-11-06 18:00:00,109.37678471246257,109.37675285024334,126.4625
2025-11-06 19:00:00,109.35766030984563,109.34995511082077,114.97
2025-11-06 20:00:00,109.34167387487716,109.3392910732717,100.98
2025-11-06 21:00:00,109.21669136126071,109.21669136126003,97.485
2025-11-06 22:00:00,108.99508962630044,108.99505524896664,90.55250000000001
2025-11-06 23:00:00,108.55406464617465,108.75104910820743,90.1775
2025-11-07 00:00:00,108.56930253105546,108.5703032159819,88.8225
2025-11-07 01:00:00,108.56978169855229,108.56960678835478,89.6
2025-11-07 02:00:00,108.3104949057007,108.54902703080485,89.61250000000001
2025-11-07 03:00:00,108.4356161053508,108.54978521049325,90.41
2025-11-07 04:00:00,108.7790272522374,108.74787816874752,94.21000000000001
2025-11-07 05:00:00,109.3406821983003,109.34929519615244,112.265
2025-11-07 06:00:00,109.39423609683074,109.39423609683037,133.8825
2025-11-07 07:00:00,109.38022744972687,109.38081193460637,128.0475
2025-11-07 08:00:00,109.33369370023662,109.33369370023878,108.10499999999999
2025-11-07 09:00:00,108.5400596838403,108.53959067251706,93.38
2025-11-07 10:00:00,102.14281087499235,102.14115352048692,89.9875
2025-11-07 11:00:00,100.61690625,100.61690625,88.80250000000001
2025-11-07 12:00:00,98.221293463173,98.22129346317297,92.05250000000001
2025-11-07 13:00:00,98.221293463173,98.22129346317297,103.1
2025-11-07 14:00:00,102.32328247398972,102.1119712361785,129.6225
2025-11-07 15:00:00,109.21810103528301,109.20634371824518,165.1225
2025-11-07 16:00:00,109.41683116403667,109.41683116403834,178.5375
2025-11-07 17:00:00,109.41578895267806,109.41594978258611,145.6825
2025-11-07 18:00:00,109.39368019354224,109.39368019354343,131.4825
2025-11-07 19:00:00,109.37724549416626,109.37453516611694,119.42750000000001
2025-11-07 20:00:00,109.37724549416626,109.37333414443225,106.6525
2025-11-07 21:00:00,109.34931319468829,109.34931319468907,98.275
2025-11-07 22:00:00,109.3409194835218,109.34091948352193,92.0525
2025-11-07 23:00:00,109.22519666991501,109.23582591399655,96.53
2025-11-08 00:00:00,109.14167734828999,109.1272915035628,96.325
2025-11-08 01:00:00,109.07067383667268,109.07070362165716,93.9975
2025-11-08 02:00:00,109.08531286462528,109.03249401323686,93.9725
2025-11-08 03:00:00,109.02295294373938,109.00544049822878,95.0375
2025-11-08 04:00:00,109.02530007497367,109.04027603026147,94.195
2025-11-08 05:00:00,109.02798555433598,109.13756735901386,95.2775
2025-11-08 06:00:00,109.34546751043582,109.34546751043666,103.8425
2025-11-08 07:00:00,109.36370573051941,109.36294254071433,105.5
2025-11-08 08:00:00,109.15181998089409,109.15181998089409,103.62
2025-11-08 09:00:00,108.65748373117194,108.66196464478607,102.1775
2025-11-08 10:00:00,100.66654331474963,100.85562958581458,96.94749999999999
2025-11-08 11:00:00,100.61690624999999,99.54712050307292,95.16
2025-11-08 12:00:00,98.22129346317298,99.13226998518375,95.9125
2025-11-08 13:00:00,99.92376162231214,99.92181002304328,101.54249999999999
2025-11-08 14:00:00,100.66654331474962,100.66654331474969,117.6175
2025-11-08 15:00:00,110.70326512405288,110.70326512405275,124.63499999999999
2025-11-08 16:00:00,109.6528111098862,109.65536521690316,134.915
2025-11-08 17:00:00,109.3889773843764,109.383803728076,136.5325
2025-11-08 18:00:00,109.38115402497364,109.37915431901948,131.98000000000002
2025-11-08 19:00:00,109.34686236496955,109.3468623649697,122.9675
2025-11-08 20:00:00,109.33779059266624,109.33779059266601,113.305
2025-11-08 21:00:00,109.28656694305337,109.28656694305349,106.26
2025-11-08 22:00:00,109.28277569415702,109.28277569415714,96.905
2025-11-08 23:00:00,109.14174858784915,109.11992949209248,96.345
2025-11-09 00:00:00,109.07362191887546,109.04666752703754,94.555
2025-11-09 01:00:00,108.58270662376363,108.5827066237627,92.8325
2025-11-09 02:00:00,107.93063507516466,107.9306350751659,91.1325
2025-11-09 03:00:00,107.14837644051907,107.14837644051812,91.64750000000001
2025-11-09 04:00:00,107.14837644051808,107.14837644051812,91.685
2025-11-09 05:00:00,108.64676850506046,108.64667572512468,89.9375
2025-11-09 06:00:00,108.98696071830854,108.98858329347144,88.615
2025-11-09 07:00:00,109.22289946746469,109.28867612281776,97.27250000000001
2025-11-09 08:00:00,109.13455814272689,109.28656694305462,97.6175
2025-11-09 09:00:00,108.10109259259347,108.0270299960832,97.0325
2025-11-09 10:00:00,100.66654331474969,101.43223034345652,97.305
2025-11-09 11:00:00,100.61690625,100.61690625,97.8375
2025-11-09 12:00:00,100.66654331474969,100.66654331474969,96.4025
2025-11-09 13:00:00,102.40366044176648,100.79012462315815,97.315
2025-11-09 14:00:00,100.66654331475019,100.6665433147497,97.795
2025-11-09 15:00:00,110.25809062762173,110.25486703199589,109.8475
2025-11-09 16:00:00,109.3487974989726,109.34879749897217,125.1
2025-11-09 17:00:00,109.35139670874335,109.35227085334371,126.1
2025-11-09 18:00:00,109.34605148802004,109.34766553117363,117.955
2025-11-09 19:00:00,109.34325358635553,109.34648988003917,106.0
2025-11-09 20:00:00,109.33139752007328,109.33640757376368,93.5375
2025-11-09 21:00:00,109.2820004776279,109.2820004776275,92.315
2025-11-09 22:00:00,109.09905744322295,109.09981089055947,89.93
2025-11-09 23:00:00,108.7279030869775,108.72790308697931,88.98
2025-11-10 00:00:00,104.99008487904999,104.99008487904642,87.63499999999999
2025-11-10 01:00:00,103.09033075960662,103.14131927267223,88.9025
2025-11-10 02:00:00,102.69656741573044,101.9015628856151,87.5225
2025-11-10 03:00:00,102.6457860016612,102.50923054967417,87.1775
2025-11-10 04:00:00,104.91405023800455,106.40943954220917,92.3125
2025-11-10 05:00:00,109.16590619463696,109.16635125691951,113.4525
2025-11-10 06:00:00,109.34479327635731,109.35725206025957,142.995
2025-11-10 07:00:00,109.37576586277642,109.37573789987347,157.875
2025-11-10 08:00:00,109.36078454881854,109.36078454881823,144.29749999999999
2025-11-10 09:00:00,109.32581745014524,109.32581745014689,126.27250000000001
2025-11-10 10:00:00,109.18775747567084,109.03889226100108,115.245
2025-11-10 11:00:00,104.54186392195004,104.55670043315504,105.9225
2025-11-10 12:00:00,103.30365845824412,103.01797915851984,108.41
2025-11-10 13:00:00,103.30365845824412,103.01797915851995,115.565
2025-11-10 14:00:00,103.30365845824413,103.30365845824404,126.2525
2025-11-10 15:00:00,109.19023744681049,109.19024149787755,133.35500000000002
2025-11-10 16:00:00,109.36205167138905,109.36704557117645,139.4025
2025-11-10 17:00:00,109.37724549416679,109.37745266344352,120.725
2025-11-10 18:00:00,109.3620724084696,109.36053606678549,103.6625
2025-11-10 19:00:00,109.3428215624604,109.34138994667592,90.11
2025-11-10 20:00:00,109.31763249760984,109.2881713671229,88.9875
2025-11-10 21:00:00,108.91185694685457,108.79999719323276,88.39250000000001
2025-11-10 22:00:00,106.28641983075235,106.28641983075241,83.87
2025-11-10 23:00:00,100.66654331474976,101.10877059283222,83.19
2025-11-11 00:00:00,100.6169062500001,99.97792766814152,79.9825
2025-11-11 01:00:00,100.61690625000024,99.37045888336019,75.80250000000001
2025-11-11 02:00:00,99.27364890966972,99.27364890966956,74.87
2025-11-11 03:00:00,99.27364890966929,98.67559004715844,75.495
2025-11-11 04:00:00,99.27364890966956,99.27364890966956,77.07249999999999
2025-11-11 05:00:00,100.6169062500004,100.61690625,86.7875
2025-11-11 06:00:00,102.93103929502672,102.93099996722066,105.21
2025-11-11 07:00:00,107.14837644051828,107.31218065526764,113.7975
2025-11-11 08:00:00,104.69941421657674,104.69941421657614,103.11500000000001
2025-11-11 09:00:00,100.61690625000041,100.49487092671642,91.4725
2025-11-11 10:00:00,98.22129346317297,98.22129346317297,87.9225
2025-11-11 11:00:00,97.07137775031268,97.07137775031268,86.66
2025-11-11 12:00:00,96.27261728008675,96.27261728008675,89.93
2025-11-11 13:00:00,97.85956206066555,97.85956206066555,101.235
2025-11-11 14:00:00,99.27364890966956,98.4602336716482,124.275
2025-11-11 15:00:00,103.30365845824413,103.16407387789829,143.0725
2025-11-11 16:00:00,109.46553149909592,109.27887324167078,143.2575
2025-11-11 17:00:00,109.31744901516761,109.31571303432493,114.9975
2025-11-11 18:00:00,109.05167943465514,109.04563877122987,105.0325
2025-11-11 19:00:00,105.39503152888597,103.34701442216402,98.17500000000001
2025-11-11 20:00:00,102.69656741573024,101.77160317202224,96.3825
2025-11-11 21:00:00,100.66654331474938,100.66654331474969,92.06
2025-11-11 22:00:00,98.22129346317274,98.22129346317297,75.5
2025-11-11 23:00:00,97.85956206066521,97.85956206066555,74.9775
2025-11-12 00:00:00,97.07137775031248,97.07137775031268,68.315
2025-11-12 01:00:00,97.07137775031234,97.07137775031268,64.41
2025-11-12 02:00:00,97.07137775031241,96.58722169616539,62.4
2025-11-12 03:00:00,97.07137775031245,96.79382703606338,62.3
2025-11-12 04:00:00,97.0713777503124,97.07137775031268,69.3
2025-11-12 05:00:00,98.22129346317284,98.22129346317297,76.9975
2025-11-12 06:00:00,99.27364890966933,100.43191548598912,107.25999999999999
2025-11-12 07:00:00,100.6665433147116,100.66654331474969,100.7225
2025-11-12 08:00:00,98.78312407381924,98.74740772841825,78.1125
2025-11-12 09:00:00,87.86051344871241,87.8605134487122,71.5275
2025-11-12 10:00:00,63.08928566474906,63.08928566474947,60.005
2025-11-12 11:00:00,32.81843510932322,32.81843510932241,59.135
2025-11-12 12:00:00,21.932353033506114,21.933764207687787,73.7675
2025-11-12 13:00:00,35.93090000000002,35.9309,80.425
2025-11-12 14:00:00,63.025292436743584,63.025292436744124,104.97
2025-11-12 15:00:00,96.2726172800867,96.27261728008675,113.625
2025-11-12 16:00:00,100.61690624999977,99.72943174753833,115.395
2025-11-12 17:00:00,101.15672751445257,101.15672751445241,104.8675
2025-11-12 18:00:00,100.61690624999979,100.61690625000018,88.9275
2025-11-12 19:00:00,98.22129346317286,98.22129346317297,80.945
2025-11-12 20:00:00,96.2726172800867,96.27261728008675,76.905
2025-11-12 21:00:00,87.6812657448025,83.19172497562373,75.545
2025-11-12 22:00:00,81.67000276243108,81.67000276243094,56.934999999999995
2025-11-12 23:00:00,63.5112793626556,63.511279362656374,32.917500000000004
2025-11-13 00:00:00,49.15228558910062,49.1346854224328,18.9725
2025-11-13 01:00:00,37.993536546556015,37.99430019795614,11.1875
2025-11-13 02:00:00,43.62253335750813,43.63368023906686,7.78
2025-11-13 03:00:00,40.401465127523196,49.12522220854692,6.0
2025-11-13 04:00:00,81.86080139670628,81.86080139670645,25.9725
2025-11-13 05:00:00,90.76766049382714,90.90675789345163,50.885000000000005
2025-11-13 06:00:00,96.27261728008686,96.27261728008676,76.845
2025-11-13 07:00:00,98.17900112922307,98.18229763548646,66.0825
2025-11-13 08:00:00,81.86080139670706,81.86080139670645,53.61
2025-11-13 09:00:00,19.97991452991511,19.979914529914524,50.3225
2025-11-13 10:00:00,16.641639675273584,16.690287742464204,42.96
2025-11-13 11:00:00,-3.282664550132021,-3.282664550132253,48.089999999999996
2025-11-13 12:00:00,-4.082173864264293,-4.095861728872428,60.5725
2025-11-13 13:00:00,11.190623228785988,11.190623228787189,77.335
2025-11-13 14:00:00,41.38460420604029,41.384604206046376,101.66499999999999
2025-11-13 15:00:00,97.07137775031268,97.07137775031268,111.5125
2025-11-13 16:00:00,101.74708352087454,101.75243621031517,130.1
2025-11-13 17:00:00,107.14837644051774,107.14837644051812,131.8025
2025-11-13 18:00:00,104.34865605061958,104.23420182302952,129.8875
2025-11-13 19:00:00,104.01483554365359,104.01480540134646,111.845
2025-11-13 20:00:00,102.93627407069069,102.72747700426879,116.60749999999999
2025-11-13 21:00:00,102.90789364643891,102.90789364643886,110.58500000000001
2025-11-13 22:00:00,103.06868923919902,103.0701501905675,102.77250000000001
2025-11-13 23:00:00,100.61690625,100.61690625,98.4425
2025-11-14 00:00:00,100.61690625,100.61690625,95.8025
2025-11-14 01:00:00,99.27364890966957,99.27364890966959,94.9325
2025-11-14 02:00:00,99.27364890966957,99.87549274217427,91.53
2025-11-14 03:00:00,100.61690625000003,100.61690625,92.13
2025-11-14 04:00:00,100.66654331474972,100.66654331474969,91.60249999999999
2025-11-14 05:00:00,105.60851000228716,105.48786674415274,112.7775
2025-11-14 06:00:00,107.2487997879031,107.2480671600565,138.3475
2025-11-14 07:00:00,109.27628374663746,109.28867612280655,136.385
2025-11-14 08:00:00,103.30365845824655,103.4436481972253,120.9025
2025-11-14 09:00:00,100.66654331474983,100.66654331474969,112.0275
2025-11-14 10:00:00,100.61690624999909,99.74477452583055,106.035
2025-11-14 11:00:00,98.22129346317197,98.22129346317297,101.225
2025-11-14 12:00:00,98.22129346317547,97.90223567359249,105.4225
2025-11-14 13:00:00,98.22129346317178,97.90824753941621,107.0625
2025-11-14 14:00:00,98.46589885670093,98.98723356598467,115.3925
2025-11-14 15:00:00,100.66654331474966,100.66654331474969,115.965
2025-11-14 16:00:00,107.14837644051805,107.14837644051812,131.57
2025-11-14 17:00:00,109.04436244531102,109.0541633610399,119.81
2025-11-14 18:00:00,107.14837644051809,107.14837644051812,106.49
2025-11-14 19:00:00,103.03978913196318,102.99863630133376,98.91499999999999
2025-11-14 20:00:00,100.61690625000003,100.61690625,93.1625
2025-11-14 21:00:00,100.61690624999997,100.09999428116659,97.015
2025-11-14 22:00:00,99.5082716291082,99.28625045757683,78.65
2025-11-14 23:00:00,97.85956206066673,97.85956206066554,77.3775
2025-11-15 00:00:00,97.0713777503122,97.07137775031268,77.95
2025-11-15 01:00:00,96.27261728008618,96.27261728008675,74.7175
2025-11-15 02:00:00,96.27261728008635,96.27261728008675,73.03
2025-11-15 03:00:00,96.27261728008646,96.27261728008675,72.2
2025-11-15 04:00:00,96.27261728008648,96.27261728008675,70.615
2025-11-15 05:00:00,97.10850423201587,97.1098245226019,68.1575
2025-11-15 06:00:00,97.85956206066547,97.85956206066555,77.055
2025-11-15 07:00:00,100.61690624999989,100.56393402788714,80.065
2025-11-15 08:00:00,100.61690624999972,100.40972967145824,85.235
2025-11-15 09:00:00,100.61690624999954,100.57385821884434,85.6125
2025-11-15 10:00:00,97.85956206066486,97.85956206066555,85.4225
2025-11-15 11:00:00,96.27261728008617,96.27261728008675,84.1925
2025-11-15 12:00:00,89.71074390243865,89.71074390243903,90.6675
2025-11-15 13:00:00,96.2726172800862,96.27261728008675,94.6525
2025-11-15 14:00:00,98.22129346317273,98.22129346317297,101.1925
2025-11-15 15:00:00,102.07781656822212,100.87351579044599,109.7925
2025-11-15 16:00:00,107.14837644051813,107.14837644051812,121.8
2025-11-15 17:00:00,108.19133178119635,108.3793413540017,121.52250000000001
2025-11-15 18:00:00,108.10109259259247,107.44618725402655,114.065
2025-11-15 19:00:00,107.148376440518,106.23471083191855,109.125
2025-11-15 20:00:00,107.148376440518,106.25460487735404,102.885
2025-11-15 21:00:00,106.31229829868141,106.3122982986815,101.7175
2025-11-15 22:00:00,106.30141579787191,106.30141579787183,97.8675
2025-11-15 23:00:00,101.8180723167771,101.81832275581192,93.7475
2025-11-16 00:00:00,101.43133470224915,101.29321315103542,95.0
2025-11-16 01:00:00,100.66654331474733,100.66654331474969,93.35
2025-11-16 02:00:00,100.66654331474814,100.66654331474969,91.45
2025-11-16 03:00:00,100.61690625000044,100.61690625,88.215
2025-11-16 04:00:00,100.61690624999858,100.61690625,91.13
2025-11-16 05:00:00,100.61690624999858,100.61690625,85.6725
2025-11-16 06:00:00,102.53291800131271,102.53291800131183,92.4875
2025-11-16 07:00:00,106.15670834716798,106.56999212203287,98.49
2025-11-16 08:00:00,106.60900483020883,106.3890467815744,101.185
2025-11-16 09:00:00,101.26256194940161,100.69012929017872,99.2775
2025-11-16 10:00:00,100.61690624999926,100.53854020323617,102.5675
2025-11-16 11:00:00,100.61690625000026,99.59008430001637,102.4675
2025-11-16 12:00:00,99.27364890966967,99.27364890966956,103.9975
2025-11-16 13:00:00,99.96275541375455,99.83639465555008,109.265
2025-11-16 14:00:00,100.61690625000182,99.90115331911538,116.72
2025-11-16 15:00:00,105.93239313985862,105.91601687729072,124.495
2025-11-16 16:00:00,109.34304298492304,109.34304298492302,129.3725
2025-11-16 17:00:00,109.3084551497661,109.30845514976583,125.21
2025-11-16 18:00:00,109.15851687797705,109.15846061594962,115.33
2025-11-16 19:00:00,108.72136408305383,108.61340050828967,102.7175
2025-11-16 20:00:00,107.48313608974888,107.48627091220597,91.41
2025-11-16 21:00:00,105.76997114195137,105.76696654281425,94.38499999999999
2025-11-16 22:00:00,101.81031251363913,101.31642718372403,86.5275
2025-11-16 23:00:00,99.285403492369,100.3995332865612,88.29
2025-11-17 00:00:00,100.61690625000007,100.61690625,80.5575
2025-11-17 01:00:00,98.22129346317247,98.94898404441639,74.0875
2025-11-17 02:00:00,98.22129346317254,98.22129346317297,71.32249999999999
2025-11-17 03:00:00,98.22129346317246,98.22129346317297,74.095
2025-11-17 04:00:00,99.27364890966918,99.27364890966956,83.6
2025-11-17 05:00:00,102.69906485759977,102.69906485759822,89.59
2025-11-17 06:00:00,108.3185444820874,108.48602113983712,114.8675
2025-11-17 07:00:00,109.03169049389338,109.03039733108633,126.9925
2025-11-17 08:00:00,108.74453320076849,108.74453320076825,121.6875
2025-11-17 09:00:00,105.51768843096565,107.13340415152653,105.215
2025-11-17 10:00:00,102.73777861603018,102.73777861602787,84.3925
2025-11-17 11:00:00,100.6169062500005,100.61690625,77.805
2025-11-17 12:00:00,97.07137775031217,97.07137775031268,77.785
2025-11-17 13:00:00,97.07137775031198,97.07137775031268,87.035
2025-11-17 14:00:00,98.22129346317269,98.22129346317297,97.52
2025-11-17 15:00:00,102.90063301501914,102.90063301501883,107.32000000000001
2025-11-17 16:00:00,109.33486875523953,109.33568243127513,117.355
2025-11-17 17:00:00,109.34384270524305,109.34702720273958,116.49249999999999
2025-11-17 18:00:00,109.3583809565436,109.35375795825307,110.7025
2025-11-17 19:00:00,109.35426534088373,109.35143995004547,102.89
2025-11-17 20:00:00,109.18122373423208,109.2068748253531,92.69749999999999
2025-11-17 21:00:00,108.98395901744075,108.78533766702158,89.7075
2025-11-17 22:00:00,108.10109259259268,107.86590269204152,81.14
2025-11-17 23:00:00,105.25193338039074,105.25193338039084,84.88499999999999
2025-11-18 00:00:00,102.32070459615836,100.83392021453236,82.83
2025-11-18 01:00:00,100.61690625000006,100.61690625,79.0375
2025-11-18 02:00:00,100.61690625000001,100.36788165496084,77.7175
2025-11-18 03:00:00,100.61690625000018,100.37224200653333,80.5125
2025-11-18 04:00:00,100.66654331474973,101.31646891092147,83.4725
2025-11-18 05:00:00,107.14837644051826,107.14837644051812,91.0475
2025-11-18 06:00:00,109.06041004902814,109.05997550202349,104.735
2025-11-18 07:00:00,109.35563041842396,109.32992412019263,119.84
2025-11-18 08:00:00,108.92230649019461,108.87615094894014,107.45
2025-11-18 09:00:00,100.6169062500019,100.61690625,92.1275
2025-11-18 10:00:00,100.61690625000031,100.61690625,88.7975
2025-11-18 11:00:00,99.0812100626958,99.12216536423146,89.2
2025-11-18 12:00:00,97.89341876737983,97.97641331377014,90.6
2025-11-18 13:00:00,97.85956206066697,97.85956206066555,96.575
2025-11-18 14:00:00,100.61690625000085,100.45476364976768,120.595
2025-11-18 15:00:00,107.14837644051948,107.05053412362946,141.9125
2025-11-18 16:00:00,109.33872489030206,109.33924359686308,151.66
2025-11-18 17:00:00,109.34394699002493,109.34438745445703,143.8025
2025-11-18 18:00:00,109.32301387563462,109.32221800186989,131.15
2025-11-18 19:00:00,109.18552979634659,109.18680680745213,107.13
2025-11-18 20:00:00,108.44185010419193,108.34469130700379,94.6425
2025-11-18 21:00:00,106.2843011854203,106.28138596815727,97.4825
2025-11-18 22:00:00,106.28641983076174,106.28641983075241,89.9625
2025-11-18 23:00:00,101.81031251363781,101.31642718372406,87.3775
2025-11-19 00:00:00,100.61690625000278,100.37249290114717,86.225
2025-11-19 01:00:00,100.61690625000301,100.40812276728694,84.1675
2025-11-19 02:00:00,100.61690624999821,100.54148416408553,83.185
2025-11-19 03:00:00,100.6169062499992,100.64153355219308,84.3925
2025-11-19 04:00:00,100.66654331474906,100.66654331474969,87.0025
2025-11-19 05:00:00,107.50427375531338,107.49968700861595,99.03
2025-11-19 06:00:00,109.34855782024097,109.34901332984376,127.03
2025-11-19 07:00:00,109.35544425463871,109.35567541582729,136.67000000000002
2025-11-19 08:00:00,109.15646038747315,109.15715412456443,115.1625
2025-11-19 09:00:00,106.31707049167355,106.32987391532454,97.52250000000001
2025-11-19 10:00:00,101.81038956600541,101.81038956600278,91.62
2025-11-19 11:00:00,99.27364890966959,99.27364890966956,89.59
2025-11-19 12:00:00,98.22129346317313,98.22129346317297,93.5975
2025-11-19 13:00:00,98.82548323203751,98.82548323203777,104.62
2025-11-19 14:00:00,99.86658420524031,100.60968249692239,113.05
2025-11-19 15:00:00,108.30991594122199,108.30990842132435,117.8075
2025-11-19 16:00:00,109.34689017738286,109.3440006667674,127.5675
2025-11-19 17:00:00,109.3425536794031,109.34255367940402,119.19
2025-11-19 18:00:00,109.352630237992,109.34257180729227,119.05
2025-11-19 19:00:00,109.25990823040293,109.26143764496693,105.6875
2025-11-19 20:00:00,108.73754531713918,108.43363832313592,100.225
2025-11-19 21:00:00,107.14837644051809,107.14837644051812,99.17
2025-11-19 22:00:00,106.27419838544164,106.28641983075244,91.885
2025-11-19 23:00:00,100.66654331474984,100.66654331474969,90.6275
2025-11-20 00:00:00,100.61690625000023,100.61690625,88.0925
2025-11-20 01:00:00,100.61690625000024,100.61690625,87.0325
2025-11-20 02:00:00,100.66654331474973,100.66654331474969,86.795
2025-11-20 03:00:00,100.66654331474993,100.66654331474969,87.125
2025-11-20 04:00:00,105.66001489693403,105.65930985871485,90.5025
2025-11-20 05:00:00,109.27086202408599,109.28485746234786,103.6825
2025-11-20 06:00:00,109.35107909762388,109.35542313894886,144.4075
2025-11-20 07:00:00,109.36961724450033,109.36918755039049,155.715
2025-11-20 08:00:00,109.3588442863321,109.36016504863132,153.655
2025-11-20 09:00:00,109.33989537423504,109.33989537423511,141.27
2025-11-20 10:00:00,108.74493162624981,108.47683574431441,129.3025
2025-11-20 11:00:00,102.58273718454366,102.58273718454359,125.055
2025-11-20 12:00:00,100.6665433147496,100.67965002601153,126.1
2025-11-20 13:00:00,100.66654331474965,101.41810482303104,134.2025
2025-11-20 14:00:00,107.14837644051738,107.14837644051812,149.685
2025-11-20 15:00:00,109.32633150954135,109.32631807170769,175.82999999999998
2025-11-20 16:00:00,109.53620121462114,109.53620121462113,175.4725
2025-11-20 17:00:00,109.57067719733507,109.5676640274829,163.25
2025-11-20 18:00:00,109.43449469274843,109.43449469274867,156.01749999999998
2025-11-20 19:00:00,109.35856140350946,109.39815084787199,137.1025
2025-11-20 20:00:00,109.37706683845829,109.37785762035706,120.7525
2025-11-20 21:00:00,109.35851517631852,109.35851518343269,108.235
2025-11-20 22:00:00,109.35798903783402,109.35798903783409,93.7625
2025-11-20 23:00:00,109.35793050923111,109.35793050923382,101.5525
2025-11-21 00:00:00,109.20835410057117,109.20835410057236,94.14
2025-11-21 01:00:00,109.14168861300267,109.14168861297345,90.2825
2025-11-21 02:00:00,109.06579713311744,109.0657971331084,90.185
2025-11-21 03:00:00,109.0735098310976,109.07350983111529,93.625
2025-11-21 04:00:00,109.31776644842755,109.3177664484286,101.865
2025-11-21 05:00:00,109.35854718270431,109.35854718270515,133.525
2025-11-21 06:00:00,109.36334894295968,109.43303543397376,180.42000000000002
2025-11-21 07:00:00,109.76629937316616,110.08607651388054,205.3825
2025-11-21 08:00:00,109.35859033547814,109.40252502565812,181.82999999999998
2025-11-21 09:00:00,109.35774467383642,109.35969582609555,151.015
2025-11-21 10:00:00,108.91822330335675,108.34841400002486,137.72
2025-11-21 11:00:00,102.69656741573034,102.5837413404534,130.3425
2025-11-21 12:00:00,101.53274663714072,101.37332787537112,135.57500000000002
2025-11-21 13:00:00,102.94081774927677,102.94081774927692,153.7525
2025-11-21 14:00:00,107.86173915798337,107.86056663338755,196.8375
2025-11-21 15:00:00,109.34087138433762,109.34087192208452,251.87
2025-11-21 16:00:00,110.141974935024,110.14197493502327,250.0075
2025-11-21 17:00:00,109.73312931088473,109.73312931088486,205.0875
2025-11-21 18:00:00,109.50994449788259,109.50994449788257,171.3675
2025-11-21 19:00:00,109.40896121866558,109.40723033905563,141.95
2025-11-21 20:00:00,109.35856140350916,109.35856140350879,117.3075
2025-11-21 21:00:00,109.35850998844822,109.35850998844829,104.9
2025-11-21 22:00:00,109.3582374468561,109.35823744685628,95.0325
2025-11-21 23:00:00,109.10802799155522,109.1080279915554,102.2475
2025-11-22 00:00:00,108.30715155705144,108.30739302838435,94.6
2025-11-22 01:00:00,107.07077052776901,107.05887645559278,88.44
2025-11-22 02:00:00,106.08061236001636,105.97614203529429,85.2775
2025-11-22 03:00:00,102.69656741573155,102.5109774547654,86.0975
2025-11-22 04:00:00,102.69656741573144,102.50752328184021,85.2775
2025-11-22 05:00:00,103.30365845824463,105.76441354141757,90.52250000000001
2025-11-22 06:00:00,106.33160785384365,106.32414357209646,106.7475
2025-11-22 07:00:00,106.32049587800935,107.07877939659814,104.21000000000001
2025-11-22 08:00:00,105.76997114195117,105.76997054316509,89.1175
2025-11-22 09:00:00,99.02340676532212,98.67734426409845,82.00999999999999
2025-11-22 10:00:00,96.27261728008676,96.27261728008675,78.58
2025-11-22 11:00:00,87.86051344871221,87.8605134487122,76.2825
2025-11-22 12:00:00,21.932084013027566,21.973335559211023,75.3675
2025-11-22 13:00:00,35.93090000000012,35.93089999999997,81.645
2025-11-22 14:00:00,87.86051344871231,87.8605134487122,88.965
2025-11-22 15:00:00,99.27364890966953,99.27364890966956,105.0
2025-11-22 16:00:00,107.14837644051812,107.07865348140969,114.455
2025-11-22 17:00:00,107.14837644051826,107.14837644051799,109.2525
2025-11-22 18:00:00,107.14837644051804,106.78810564231345,98.33
2025-11-22 19:00:00,106.22430582774925,106.11743275104791,86.61
2025-11-22 20:00:00,102.90546099979032,102.90514789845189,89.2475
2025-11-22 21:00:00,102.67178600068038,102.67178600068057,89.4275
2025-11-22 22:00:00,102.67178600068061,100.98858776965442,82.23
2025-11-22 23:00:00,100.61690625000016,100.61690625,81.5275
2025-11-23 00:00:00,99.27364890966983,99.27364890966959,74.35249999999999
2025-11-23 01:00:00,98.22129346317305,98.22129346317276,70.44
2025-11-23 02:00:00,98.22129346317301,97.99860220340446,63.230000000000004
2025-11-23 03:00:00,97.85956206066587,97.85956206066555,60.885
2025-11-23 04:00:00,97.85956206066587,97.53987627700354,64.21
2025-11-23 05:00:00,97.85956206066601,97.53987627700354,62.03
2025-11-23 06:00:00,97.8595620606662,97.99860220340436,67.9825
2025-11-23 07:00:00,98.22129346317335,98.22129346317297,67.8325
2025-11-23 08:00:00,97.85956206066588,97.85956206066562,65.96
2025-11-23 09:00:00,94.8713166225182,93.00908580109312,65.985
2025-11-23 10:00:00,37.71486922389017,37.73045460614263,66.69
2025-11-23 11:00:00,24.61234691043086,24.612346910431725,67.8625
2025-11-23 12:00:00,20.218013365295786,20.21801336529556,65.4575
2025-11-23 13:00:00,20.174743021012812,20.174743021012397,69.42750000000001
2025-11-23 14:00:00,29.475981779127007,29.475981779126975,77.28999999999999
2025-11-23 15:00:00,75.85414280154255,75.85414280154264,77.8875
2025-11-23 16:00:00,99.27364890966963,99.32879563734986,80.84
2025-11-23 17:00:00,99.27364890966962,99.34784046272351,82.54249999999999
2025-11-23 18:00:00,99.27364890966959,99.27364890966952,83.7975
2025-11-23 19:00:00,98.2212934631729,98.22129346317297,77.4125
2025-11-23 20:00:00,98.22129346317287,98.22129346317298,74.16
2025-11-23 21:00:00,98.22129346317281,98.22129346317297,75.1675
2025-11-23 22:00:00,99.05458885911834,99.25966845052194,71.2625
2025-11-23 23:00:00,98.22129346317283,97.99716520654358,72.4575
2025-11-24 00:00:00,97.07137775031255,97.07137775031268,70.0625
2025-11-24 01:00:00,97.07137775031269,97.07137775031268,72.255
2025-11-24 02:00:00,94.87131662251782,94.87131662251792,73.275
2025-11-24 03:00:00,96.27261728008655,95.77244424563177,73.755
2025-11-24 04:00:00,97.07137775031254,97.07137775031265,80.065
2025-11-24 05:00:00,102.99184320589238,102.91740235491733,90.3075
2025-11-24 06:00:00,108.67965541870879,108.67965541870994,104.3925
2025-11-24 07:00:00,109.23643213971205,109.24190154522441,107.785
2025-11-24 08:00:00,109.23659982728083,109.27737582715915,110.25999999999999
2025-11-24 09:00:00,109.2370168962184,109.23701689622614,117.44749999999999
2025-11-24 10:00:00,109.22268325884109,109.22268325884889,128.0375
2025-11-24 11:00:00,108.91610130843311,108.86380883363532,134.235
2025-11-24 12:00:00,106.96701580478546,106.66786004175981,149.9925
2025-11-24 13:00:00,108.91798912391928,108.91817299958562,173.5375
2025-11-24 14:00:00,109.35563637159045,109.35858367673144,195.8125
2025-11-24 15:00:00,109.35705483733128,109.36298914031292,225.775
2025-11-24 16:00:00,109.52486435495153,109.52388353927738,263.4825
2025-11-24 17:00:00,109.39841277503879,109.39841277503884,230.5875
2025-11-24 18:00:00,109.39853833654541,109.39853833654541,188.305
2025-11-24 19:00:00,109.38006570147799,109.36128315500791,151.185
2025-11-24 20:00:00,109.36566010747795,109.3652751227466,135.235
2025-11-24 21:00:00,109.36741676744555,109.36741676744518,123.035
2025-11-24 22:00:00,109.32288233755618,109.30475148510925,105.405
2025-11-24 23:00:00,108.82819452494454,108.82819452494495,100.9
2025-11-25 00:00:00,107.87095738996207,107.70229357015226,99.1525
2025-11-25 01:00:00,107.8723522559184,107.36949821498432,97.5875
2025-11-25 02:00:00,107.45533311475415,107.57531505059266,96.0975
2025-11-25 03:00:00,107.41825086320782,107.87951739274465,99.50999999999999
2025-11-25 04:00:00,109.29084748503331,109.20794471310303,106.72999999999999
2025-11-25 05:00:00,109.36439659983917,109.36528240538017,122.4075
2025-11-25 06:00:00,109.61267004730661,109.92083283253237,291.02
2025-11-25 07:00:00,110.70326512405279,110.7032651240528,333.275
2025-11-25 08:00:00,110.70326512405214,110.49504359319543,292.65
2025-11-25 09:00:00,109.58935535789622,109.56574476896438,273.085
2025-11-25 10:00:00,109.88682746764148,109.69254011933414,326.6275
2025-11-25 11:00:00,109.54890987075406,109.5459366310627,351.0
2025-11-25 12:00:00,109.48189554590626,109.51067548624533,317.65250000000003
2025-11-25 13:00:00,109.59789230091201,109.61399134269645,300.0
2025-11-25 14:00:00,110.00145763576374,110.0025756492478,309.995
2025-11-25 15:00:00,110.70326512404496,110.70326512405268,325.0825
2025-11-25 16:00:00,110.45541777742979,110.12554724299933,373.3125
2025-11-25 17:00:00,109.41019966637403,109.41019966637387,297.905
2025-11-25 18:00:00,109.41979914390913,109.40900038287056,249.3725
2025-11-25 19:00:00,109.39181800434228,109.39181800434223,172.835
2025-11-25 20:00:00,109.35968281806416,109.35968222714284,135.02
2025-11-25 21:00:00,109.35073053077373,109.3495816630159,119.155
2025-11-25 22:00:00,109.31123350702536,109.31123350702546,102.035
2025-11-25 23:00:00,109.13177575942333,109.1178068155768,92.85499999999999
2025-11-26 00:00:00,109.07066199532149,109.07066199532152,89.94999999999999
2025-11-26 01:00:00,109.06567514590213,108.91620037796288,88.325
2025-11-26 02:00:00,108.70286952639592,108.6547398194562,89.435
2025-11-26 03:00:00,108.72093956651756,108.78054725008404,89.80250000000001
2025-11-26 04:00:00,109.16280886476484,109.16195969873056,97.25
2025-11-26 05:00:00,109.34404933774742,109.34319611502907,129.8225
2025-11-26 06:00:00,109.4208042738803,109.45798200025169,191.17
2025-11-26 07:00:00,110.14763379059248,110.15003891617248,237.2225
2025-11-26 08:00:00,109.8043066578118,109.80552124284246,211.8475
2025-11-26 09:00:00,109.36997654881543,109.36347427506651,197.1375
2025-11-26 10:00:00,109.37138826748793,109.36832070415674,170.4975
2025-11-26 11:00:00,109.34031591321742,109.34031591321752,164.6825
2025-11-26 12:00:00,109.4071843862115,109.40718438621154,168.2375
2025-11-26 13:00:00,109.56008579361783,109.55152540096105,184.49
2025-11-26 14:00:00,109.57835578423119,109.57835578423348,223.7225
2025-11-26 15:00:00,110.70326512405249,110.70326512405266,294.3775
2025-11-26 16:00:00,110.70326512405249,110.70326512405268,294.61
2025-11-26 17:00:00,110.7032651240527,110.70326512405268,228.93
2025-11-26 18:00:00,109.7436060686986,109.74360606869946,183.675
2025-11-26 19:00:00,109.4202917711891,109.43411558040955,141.26
2025-11-26 20:00:00,109.36542999161585,109.35976443247438,114.9475
2025-11-26 21:00:00,109.34916705498243,109.34916819627269,101.9925
2025-11-26 22:00:00,109.10555983994546,108.87391541214033,90.1875
2025-11-26 23:00:00,105.79135778328136,105.76779569287172,89.945
2025-11-27 00:00:00,102.69656741573502,102.51637209352037,84.275
2025-11-27 01:00:00,101.81146050094955,101.8109767318157,79.9475
2025-11-27 02:00:00,100.6169062500007,100.61690625,77.3425
2025-11-27 03:00:00,100.61690625000287,100.61690625,79.94749999999999
2025-11-27 04:00:00,101.81015482803217,101.80967051997237,82.0775
2025-11-27 05:00:00,105.76696654280268,105.7623524701367,112.22
2025-11-27 06:00:00,109.08208310496234,108.73533285549031,122.0
2025-11-27 07:00:00,109.13745119099377,109.13745119100206,123.10499999999999
2025-11-27 08:00:00,106.35030618063408,106.36989346110597,106.9525
2025-11-27 09:00:00,101.6301400016836,101.71568514473117,90.9475
2025-11-27 10:00:00,99.27364890966984,98.85203187162585,88.66499999999999
2025-11-27 11:00:00,96.27261728008675,96.27261728008675,87.0625
2025-11-27 12:00:00,89.71074390243903,89.71074390243899,85.75999999999999
2025-11-27 13:00:00,91.56824430816016,92.01842572915724,89.2475
2025-11-27 14:00:00,97.85956206066567,97.85956206066555,90.6
2025-11-27 15:00:00,100.61690625000018,100.61690625,90.42999999999999
2025-11-27 16:00:00,101.76948716071814,102.55798909360774,97.5075
2025-11-27 17:00:00,105.70571156524227,105.74700489129808,101.3925
2025-11-27 18:00:00,105.6531568694667,103.81101683866142,88.27
2025-11-27 19:00:00,101.59013706492519,101.61549086943859,85.39750000000001
2025-11-27 20:00:00,100.60955390590314,99.40489170521039,80.625
2025-11-27 21:00:00,98.22129346317253,98.54469649282919,85.105
2025-11-27 22:00:00,99.27260182114266,99.26318825723185,69.45750000000001
2025-11-27 23:00:00,98.22129346317415,98.22129346317297,60.84
2025-11-28 00:00:00,97.85956206066703,97.54066546548727,55.0
2025-11-28 01:00:00,97.07137775031345,97.07137775031268,52.93
2025-11-28 02:00:00,97.07137775031345,97.07137775031268,47.8825
2025-11-28 03:00:00,97.07137775031345,97.07137775031268,58.375
2025-11-28 04:00:00,98.2212934631743,98.22129346317297,61.04
2025-11-28 05:00:00,100.66654331474957,100.66654331474967,82.8625
2025-11-28 06:00:00,103.50223269641252,104.77840186091493,87.82
2025-11-28 07:00:00,106.27975611254091,106.28503615272582,100.475
2025-11-28 08:00:00,105.93802140041777,105.8870238023582,103.4
2025-11-28 09:00:00,105.70682113186243,105.70730637387543,97.845
2025-11-28 10:00:00,105.76997114195088,105.7665792370404,102.82
2025-11-28 11:00:00,102.69656741573226,102.4324639819593,98.7125
2025-11-28 12:00:00,100.61690625000102,100.61690625000084,99.44999999999999
2025-11-28 13:00:00,99.2736489096706,99.27364890966956,98.78999999999999
2025-11-28 14:00:00,102.69656741573078,102.63956906311958,104.67
2025-11-28 15:00:00,104.70723992524663,104.96403077840712,103.4
2025-11-28 16:00:00,107.14837644051903,107.1483764405181,96.1575
2025-11-28 17:00:00,108.6178761709532,108.62222383801057,98.125
2025-11-28 18:00:00,107.14837644052001,107.1483764405181,93.32
2025-11-28 19:00:00,105.83796916794927,105.72743646088125,88.45750000000001
2025-11-28 20:00:00,102.69656741573262,102.50446919356632,85.41
2025-11-28 21:00:00,101.8039912163467,101.80399121635499,85.545
2025-11-28 22:00:00,101.8103125136303,101.81031251363821,77.83
2025-11-28 23:00:00,99.05398980384739,99.05398980384746,81.72999999999999
2025-11-29 00:00:00,98.2212934631745,98.22129346317297,80.89750000000001
2025-11-29 01:00:00,98.22129346317415,98.22129346317297,81.33500000000001
2025-11-29 02:00:00,98.22129346317361,98.22129346317297,82.5575
2025-11-29 03:00:00,99.05836774357844,99.05836774357584,85.6975
2025-11-29 04:00:00,99.05848678090439,99.05848678090146,89.9975
2025-11-29 05:00:00,99.27364890967083,99.27364890966956,90.8875
2025-11-29 06:00:00,100.6665433147507,100.83596447623727,96.175
2025-11-29 07:00:00,102.28490839862916,102.20851570344303,89.15
2025-11-29 08:00:00,102.28490839862911,102.208515703443,101.58250000000001
2025-11-29 09:00:00,102.2748370962564,102.22324503049317,101.44
2025-11-29 10:00:00,102.22549528131405,102.38640650657197,95.2625
2025-11-29 11:00:00,100.61690625000159,100.61690625,86.0975
2025-11-29 12:00:00,97.07137775031268,97.07137775031268,87.9575
2025-11-29 13:00:00,96.27261728008675,96.27261728008675,91.72749999999999
2025-11-29 14:00:00,97.07137775031268,97.07137775031268,102.7225
2025-11-29 15:00:00,100.66654331474973,100.66654331474969,102.645
2025-11-29 16:00:00,100.66654331474975,102.20738671340546,107.08500000000001
2025-11-29 17:00:00,101.82348828661058,102.1974805286295,98.13
2025-11-29 18:00:00,101.8259110040075,101.62750193111627,88.43
2025-11-29 19:00:00,100.6169062499999,100.61690625,81.1125
2025-11-29 20:00:00,99.27364890966979,99.27364890966956,80.8
2025-11-29 21:00:00,99.27364890966956,99.05398980384741,83.49000000000001
2025-11-29 22:00:00,98.22129346317239,98.22129346317297,77.72749999999999
2025-11-29 23:00:00,97.07137775031221,97.07137775031268,75.9725
2025-11-30 00:00:00,96.27261728008644,96.27261728008675,69.7825
2025-11-30 01:00:00,92.54273178553227,92.54273178553254,67.4375
2025-11-30 02:00:00,87.86051344871163,87.8605134487122,65.355
2025-11-30 03:00:00,87.86051344871191,87.8605134487122,67.0
2025-11-30 04:00:00,89.71074390243886,89.71074390243903,74.2925
2025-11-30 05:00:00,96.27261728008641,96.27261728008675,75.5775
2025-11-30 06:00:00,97.07137775031228,97.07137775031268,75.975
2025-11-30 07:00:00,98.22129346317273,98.22129346317297,79.84
2025-11-30 08:00:00,99.01901650527809,99.26180497510713,80.65
2025-11-30 09:00:00,98.22129346317226,98.22129346317297,84.4225
2025-11-30 10:00:00,98.22129346317249,98.22129346317297,81.5425
2025-11-30 11:00:00,94.87131662251744,94.87131662251792,80.695
2025-11-30 12:00:00,70.22702006738709,72.34334907928017,82.5175
2025-11-30 13:00:00,81.6700027624308,81.67000276243094,87.5475
2025-11-30 14:00:00,96.2726172800863,96.27261728008675,93.5775
2025-11-30 15:00:00,101.42953628801807,100.80291068442934,92.81
2025-11-30 16:00:00,106.26119287322653,106.26119287322649,104.0475
2025-11-30 17:00:00,106.23316639015795,106.66976967945828,106.2125
2025-11-30 18:00:00,105.74504321029445,106.69846870276156,104.1275
2025-11-30 19:00:00,102.81017895090456,102.81017895090463,97.525
2025-11-30 20:00:00,101.81031251363812,101.81031251363817,92.93
2025-11-30 21:00:00,100.61690625000023,100.61690625,92.5975
2025-11-30 22:00:00,99.27364890966967,99.27364890966956,87.1275
2025-11-30 23:00:00,99.0539898038475,99.05398980384741,87.995
2025-12-01 00:00:00,100.61690625000024,100.61690625,86.02250000000001
2025-12-01 01:00:00,99.05398980384747,99.05398980384741,81.34
2025-12-01 02:00:00,99.0539898038477,99.05398980384741,85.14
2025-12-01 03:00:00,99.27364890966945,99.27364890966956,80.2575
2025-12-01 04:00:00,101.80474882449755,101.80474882449737,88.745
2025-12-01 05:00:00,109.14980549516487,109.1918644655377,88.625
2025-12-01 06:00:00,109.32278901637143,109.30599446499645,127.86
2025-12-01 07:00:00,109.32562587253575,109.31361881131583,139.3325
2025-12-01 08:00:00,109.32562587254296,109.31925903012103,105.095
2025-12-01 09:00:00,109.15345930791383,109.08707722241196,93.7325
2025-12-01 10:00:00,105.49134290646543,105.5079267427694,85.96
2025-12-01 11:00:00,100.61690625000453,100.61690625,85.01750000000001
2025-12-01 12:00:00,97.0713777503189,97.07137775031268,90.07
2025-12-01 13:00:00,97.07137775031497,97.07137775031268,107.2175
2025-12-01 14:00:00,100.66654331475256,100.66654331474969,120.3225
2025-12-01 15:00:00,109.07090966605966,109.08004664760347,112.965
2025-12-01 16:00:00,109.26195897551453,109.20458256171743,94.4125
2025-12-01 17:00:00,109.14221295144155,109.19914658803063,88.9925
2025-12-01 18:00:00,109.14221295144159,109.14221295144165,86.7675
2025-12-01 19:00:00,109.11168188095996,109.01978613133001,82.3
2025-12-01 20:00:00,105.54472520440667,105.54096758793013,75.95
2025-12-01 21:00:00,100.6665433147494,100.66654331474969,76.43
2025-12-01 22:00:00,99.27364890966959,99.27364890966956,71.80250000000001
2025-12-01 23:00:00,97.07137775031202,97.07137775031268,65.7775
2025-12-02 00:00:00,96.27261728008641,96.27261728008675,58.82
2025-12-02 01:00:00,96.27261728008706,96.27261728008675,54.935
2025-12-02 02:00:00,92.2233192978601,91.04659411172855,53.7325
2025-12-02 03:00:00,90.76766049382698,90.93123018371979,50.4675
2025-12-02 04:00:00,97.07137775031237,97.07137775031268,64.585
2025-12-02 05:00:00,100.66654331474942,100.66654331474969,78.5125
2025-12-02 06:00:00,109.08056120242797,109.08808662744143,87.7875
2025-12-02 07:00:00,109.1422129514677,109.14221295144165,87.65
2025-12-02 08:00:00,109.14221295143953,109.16624292873001,88.28
2025-12-02 09:00:00,109.11792928985423,109.09514635737486,85.8325
2025-12-02 10:00:00,109.10909381031925,109.11257182911721,86.7225
2025-12-02 11:00:00,108.73618489950813,108.73618489946739,87.44749999999999
2025-12-02 12:00:00,106.2356512755163,106.2356512755069,97.035
2025-12-02 13:00:00,108.1010925925922,108.52206699817485,105.0075
2025-12-02 14:00:00,109.08114859240965,109.10312620825631,140.37
2025-12-02 15:00:00,109.33969129151,109.34400900385067,136.34
2025-12-02 16:00:00,109.60913801624909,109.58062461076958,151.64
2025-12-02 17:00:00,109.57840781572176,109.57840781572173,162.14249999999998
2025-12-02 18:00:00,109.56992085965038,109.56992085965038,163.2025
2025-12-02 19:00:00,109.56992085965044,109.56992085965035,154.885
2025-12-02 20:00:00,109.48618707643762,109.468144837651,129.3475
2025-12-02 21:00:00,109.35372814727019,109.35433897044172,119.2225
2025-12-02 22:00:00,109.35856140350906,109.3585614035088,99.1375
2025-12-02 23:00:00,109.35856140351078,109.35856140350879,90.83500000000001
2025-12-03 00:00:00,109.35856140350897,109.35856140350879,89.0725
2025-12-03 01:00:00,109.33498304683441,109.33498304684338,90.25750000000001
2025-12-03 02:00:00,109.33498304683441,109.33498304684338,89.8775
2025-12-03 03:00:00,109.33949308988869,109.33949308988598,90.02
2025-12-03 04:00:00,109.35385590455324,109.35385589639529,98.98
2025-12-03 05:00:00,109.53429189382362,109.53968431766668,150.945
2025-12-03 06:00:00,109.57541966417166,109.76607558122593,200.0
2025-12-03 07:00:00,110.70326512406709,110.70326512405268,249.9975
2025-12-03 08:00:00,110.08686083548193,109.91885680754365,219.89
2025-12-03 09:00:00,109.62548683615955,109.62269310061994,187.18
2025-12-03 10:00:00,109.52450930059415,109.52296197786616,173.3725
2025-12-03 11:00:00,109.35851689240866,109.35851698215073,167.725
2025-12-03 12:00:00,109.28874768231081,109.28751943665776,181.4075
2025-12-03 13:00:00,109.28468730091602,109.27609665187731,199.9375
2025-12-03 14:00:00,109.47307388590939,109.54412204842949,242.5625
2025-12-03 15:00:00,110.0903390695247,110.12081686942196,308.35
2025-12-03 16:00:00,110.70326512405268,110.70326512405268,259.6025
2025-12-03 17:00:00,110.70326512405265,110.70326512405268,204.12
2025-12-03 18:00:00,109.90340354494577,109.773453007549,172.6275
2025-12-03 19:00:00,109.50630886590272,109.62783678915855,146.24
2025-12-03 20:00:00,109.67889123928482,109.53968408491734,124.82499999999999
2025-12-03 21:00:00,109.45158062086402,109.43934219203112,113.405
2025-12-03 22:00:00,109.35856140350877,109.35856140350876,104.135
2025-12-03 23:00:00,109.35331372524595,109.35331877221773,97.3825
2025-12-04 00:00:00,109.31123350702244,109.31123350702543,93.8825
2025-12-04 01:00:00,109.29974080725789,109.29974080726168,90.8325
2025-12-04 02:00:00,109.28081780879798,109.28081780879958,90.3575
2025-12-04 03:00:00,109.28350028247941,109.24407114729995,92.3275
2025-12-04 04:00:00,109.30036149913198,109.30036934192424,96.755
2025-12-04 05:00:00,109.51631863490097,109.51631863490229,124.86500000000001
2025-12-04 06:00:00,109.6146902928232,109.64286288583973,128.41
2025-12-04 07:00:00,109.54807088046005,109.675711638763,144.7025
2025-12-04 08:00:00,109.54794673691043,109.61399945287458,163.985
2025-12-04 09:00:00,109.48295284736498,109.48895798824569,138.405
2025-12-04 10:00:00,109.40325533352807,109.40325504256265,148.0925
2025-12-04 11:00:00,109.2717072782188,109.28799686210712,141.9625
2025-12-04 12:00:00,109.09445781536029,109.09635976994134,145.1825
2025-12-04 13:00:00,109.22444139905005,109.21244372152277,152.0675
2025-12-04 14:00:00,109.24686520111412,109.2810002473745,150.9925
2025-12-04 15:00:00,109.5130940753889,109.52100867830546,145.1975
2025-12-04 16:00:00,109.58200805521692,109.6000146083512,144.6975
2025-12-04 17:00:00,109.6788369248698,109.60403662766971,142.33249999999998
2025-12-04 18:00:00,109.59918322490225,109.59909635755362,134.985
2025-12-04 19:00:00,109.59051628576465,109.53845651545842,118.6025
2025-12-04 20:00:00,109.48583165199713,109.46780050642063,103.35249999999999
2025-12-04 21:00:00,109.35697084542181,109.35697084503694,109.0375
2025-12-04 22:00:00,109.35855576352242,109.35855576445041,98.2575
2025-12-04 23:00:00,109.35850762299327,109.35850761771121,95.7425
2025-12-05 00:00:00,109.35829060092931,109.3582906009293,93.8625
2025-12-05 01:00:00,109.35828616292436,109.3582861629244,90.92
2025-12-05 02:00:00,109.35828616292436,109.3582861629244,90.5675
2025-12-05 03:00:00,109.35828756945469,109.3582875694547,94.03
2025-12-05 04:00:00,109.35844825135726,109.35844824388552,100.8725
2025-12-05 05:00:00,109.46919654481293,109.50158632551175,123.99
2025-12-05 06:00:00,109.73154303446134,109.9877445254407,162.4175
2025-12-05 07:00:00,110.70326512405259,110.70326512405268,184.4325
2025-12-05 08:00:00,110.7032651240529,110.70326512405268,184.145
2025-12-05 09:00:00,109.76922405531609,109.81285887914409,171.3475
2025-12-05 10:00:00,109.5351265765404,109.54084318684426,167.51500000000001
2025-12-05 11:00:00,109.5336524662221,109.5002092631588,161.56
2025-12-05 12:00:00,109.40114299276101,109.40114299304341,157.4475
2025-12-05 13:00:00,109.40622743609747,109.40622746818035,161.1775
2025-12-05 14:00:00,109.52971975263091,109.54064890550036,162.3475
2025-12-05 15:00:00,109.53818482974424,109.85561996097131,169.4975
2025-12-05 16:00:00,109.77358805756981,110.14070860453221,158.305
2025-12-05 17:00:00,109.53649213326727,109.6801128832267,147.2475
2025-12-05 18:00:00,109.51387981765554,109.60099730192267,131.54
2025-12-05 19:00:00,109.51209086874842,109.49718218707666,115.15
2025-12-05 20:00:00,109.35834079245966,109.36120339811927,97.55499999999999
2025-12-05 21:00:00,109.35239391498496,109.35239971716919,93.08
2025-12-05 22:00:00,109.22027100795158,109.18803946304479,84.1225
2025-12-05 23:00:00,107.14837644051788,107.14837644051812,82.08
2025-12-06 00:00:00,100.61690625,100.61690625,76.9725
2025-12-06 01:00:00,98.22129346317298,98.22129346317297,73.63
2025-12-06 02:00:00,97.85956206066558,97.85956206066555,70.01
2025-12-06 03:00:00,97.85956206066558,97.85956206066555,67.42750000000001
2025-12-06 04:00:00,97.07137775031269,97.07137775031268,64.9725
2025-12-06 05:00:00,97.07137775031268,97.07137775031268,64.585
2025-12-06 06:00:00,97.07137775031269,97.07137775031268,67.87
2025-12-06 07:00:00,98.22129346317301,98.22129346317297,78.6125
2025-12-06 08:00:00,100.61690625000074,100.61690625,80.94
2025-12-06 09:00:00,100.61690625000338,100.61690625,82.295
2025-12-06 10:00:00,102.21952226294178,102.21842128507481,80.6125
2025-12-06 11:00:00,97.8595620606658,97.85956206066555,80.615
2025-12-06 12:00:00,89.71074390243886,89.71074390243903,81.325
2025-12-06 13:00:00,94.87131662251812,94.87131662251792,86.1725
2025-12-06 14:00:00,96.2726172800869,96.27261728008675,91.02250000000001
2025-12-06 15:00:00,98.22129346317317,98.22129346317297,95.5875
2025-12-06 16:00:00,106.94368675073693,106.54670139402207,95.1175
2025-12-06 17:00:00,107.14837644051872,107.14837644051812,89.1825
2025-12-06 18:00:00,106.93958761493921,106.5445827824791,89.655
2025-12-06 19:00:00,102.79154010137668,102.78946632349881,83.385
2025-12-06 20:00:00,100.616906250004,100.61690625,80.61
2025-12-06 21:00:00,99.55231196492663,99.50489120841671,76.495
2025-12-06 22:00:00,99.27777729862548,99.28472123768785,71.565
2025-12-06 23:00:00,97.85956206066966,97.85956206066555,67.32249999999999
2025-12-07 00:00:00,97.0713777503165,97.07137775031268,60.995000000000005
2025-12-07 01:00:00,96.27261728009096,96.27261728008675,59.4225
2025-12-07 02:00:00,87.86051344871647,87.8605134487122,58.56
2025-12-07 03:00:00,87.86051344871687,87.8605134487122,62.075
2025-12-07 04:00:00,89.71074390244239,89.71074390243903,62.004999999999995
2025-12-07 05:00:00,96.27261728009172,96.27261728008675,63.72
2025-12-07 06:00:00,97.85956206066979,97.85956206066555,71.83500000000001
2025-12-07 07:00:00,102.33189164596132,102.33235440080608,77.9975
2025-12-07 08:00:00,106.88928287935671,106.66815938286217,85.555
2025-12-07 09:00:00,106.35771088209948,106.76242874706209,90.53
2025-12-07 10:00:00,100.61690625000003,100.61690625,91.9225
2025-12-07 11:00:00,97.85956206066565,97.85956206066555,97.4375
2025-12-07 12:00:00,97.07137775031273,97.07137775031268,99.57249999999999
2025-12-07 13:00:00,97.85956206066561,97.85956206066555,104.145
2025-12-07 14:00:00,99.27364890966959,99.27364890966956,105.735
2025-12-07 15:00:00,105.72497560880352,106.54813566502514,109.6075
2025-12-07 16:00:00,108.0294956173831,107.60650509022246,111.82
2025-12-07 17:00:00,108.86288735063907,108.86288735063931,96.88
2025-12-07 18:00:00,107.14837644051902,106.67627096653456,87.4625
2025-12-07 19:00:00,100.61690625000034,100.61690625,83.75999999999999
2025-12-07 20:00:00,97.0713777503132,97.07137775031268,73.72
2025-12-07 21:00:00,87.86051344871237,87.8605134487122,65.5975
2025-12-07 22:00:00,69.53247241132601,71.89833267889028,41.7375
2025-12-07 23:00:00,29.31059382597302,29.31132825810343,19.27
2025-12-08 00:00:00,20.413318937908475,20.41331893790761,11.09
2025-12-08 01:00:00,19.979914529914815,19.979914529914527,11.6625
2025-12-08 02:00:00,19.97991452991534,19.979914529914524,5.59
2025-12-08 03:00:00,19.97991452991437,19.97991452991453,12.89
2025-12-08 04:00:00,35.930900000000456,35.93090000000001,28.655
2025-12-08 05:00:00,96.27261728008708,96.27261728008675,64.3175
2025-12-08 06:00:00,99.27364890966969,99.27364890966956,82.84
2025-12-08 07:00:00,101.78917790569348,101.78883474371808,100.0
2025-12-08 08:00:00,101.78917790569409,101.78845468869392,98.3375
2025-12-08 09:00:00,101.78772251008844,101.7931677701417,86.0375
2025-12-08 10:00:00,101.7677297358114,101.76772973581086,79.99000000000001
2025-12-08 11:00:00,97.0713777503127,97.07137775031268,79.3475
2025-12-08 12:00:00,96.27261728008682,96.27261728008675,86.845
2025-12-08 13:00:00,97.07137775031269,97.07137775031268,94.08
2025-12-08 14:00:00,98.22129346317303,98.22129346317297,100.145
2025-12-08 15:00:00,100.61690624999996,100.61690625,101.075
2025-12-08 16:00:00,106.163964372239,106.15286015988923,109.85
2025-12-08 17:00:00,106.16363503963736,107.08622213379239,100.2625
2025-12-08 18:00:00,106.1658552224036,106.1232194057291,96.63499999999999
2025-12-08 19:00:00,104.77151828727308,104.38841030728395,89.345
2025-12-08 20:00:00,102.69656741573033,102.67388015331184,83.5175
2025-12-08 21:00:00,100.66654331474973,100.66654331474969,80.21
2025-12-08 22:00:00,100.61690624999997,100.61690625,73.2525
2025-12-08 23:00:00,98.9837678810607,98.9974308272894,73.69749999999999
2025-12-09 00:00:00,98.221293463173,98.22129346317297,72.785
2025-12-09 01:00:00,96.27261728008682,96.27261728008675,73.7125
2025-12-09 02:00:00,96.27261728008675,96.27261728008675,74.845
2025-12-09 03:00:00,96.27261728008678,96.76686139644781,73.72
2025-12-09 04:00:00,97.8595620606656,97.85956206066555,80.205
2025-12-09 05:00:00,102.93537591239077,102.93537591238974,98.8475
2025-12-09 06:00:00,107.14837644051809,106.63144194088098,105.78999999999999
2025-12-09 07:00:00,107.14837644051822,108.02569310137903,129.75
2025-12-09 08:00:00,107.14837644051822,107.37270870459575,111.335
2025-12-09 09:00:00,106.9202973893142,105.78166568587908,103.06
2025-12-09 10:00:00,103.28449954143319,103.28449954143177,103.34
2025-12-09 11:00:00,102.55400755486293,102.39868026113815,97.83
2025-12-09 12:00:00,100.61690625000011,100.61690625,101.1
2025-12-09 13:00:00,100.61690624999983,100.61690625000017,100.22
2025-12-09 14:00:00,100.61690624999993,100.61690625,110.88499999999999
2025-12-09 15:00:00,105.28015533663235,105.11665599790406,108.3
2025-12-09 16:00:00,107.148376440518,107.14837644051812,104.5675
2025-12-09 17:00:00,107.1483764405183,107.06715261872685,96.91
2025-12-09 18:00:00,107.14837644051822,106.79022727159212,85.1025
2025-12-09 19:00:00,102.92650658913286,102.93395562363408,83.67
2025-12-09 20:00:00,99.27364890966962,99.27364890966956,79.35499999999999
2025-12-09 21:00:00,97.85956206066574,97.85956206066555,73.3325
2025-12-09 22:00:00,97.8595620606655,97.85956206066555,55.42
2025-12-09 23:00:00,96.27261728008679,96.27261728008675,43.9
2025-12-10 00:00:00,89.12174847060211,89.12174847060206,36.480000000000004
2025-12-10 01:00:00,87.86051344871227,87.8605134487122,31.0
2025-12-10 02:00:00,87.86051344871227,87.8605134487122,35.1125
2025-12-10 03:00:00,87.8605134487123,87.8605134487122,48.089999999999996
2025-12-10 04:00:00,97.07137775031259,97.07137775031268,69.65
2025-12-10 05:00:00,100.66654331474996,100.66654331474969,79.12
2025-12-10 06:00:00,103.30365845824497,105.10223412114247,87.505
2025-12-10 07:00:00,106.14773021852957,106.4537480432728,94.33250000000001
2025-12-10 08:00:00,107.14837644052909,106.5376535003475,94.225
2025-12-10 09:00:00,103.78930864118723,103.42576260912398,87.72749999999999
2025-12-10 10:00:00,103.60782505185618,105.18946375627168,80.9975
2025-12-10 11:00:00,101.8074559871035,101.80745598710585,79.5
2025-12-10 12:00:00,101.81031251363675,101.50591667259258,81.4425
2025-12-10 13:00:00,101.80373220443413,101.8037376586075,90.2225
2025-12-10 14:00:00,103.30365845824383,103.4265750457109,100.665
2025-12-10 15:00:00,107.14837644051873,107.14837644051812,104.0025
2025-12-10 16:00:00,107.36868084073053,107.95530848003524,105.6725
2025-12-10 17:00:00,108.10109259259278,108.43905687480833,104.695
2025-12-10 18:00:00,108.10109259259261,107.95773661674824,96.77250000000001
2025-12-10 19:00:00,107.14837644051754,107.14837644051812,87.75
2025-12-10 20:00:00,104.17431367660319,103.50118220242882,86.31
2025-12-10 21:00:00,101.75135890792015,101.76163753257015,82.485
2025-12-10 22:00:00,100.61690624999943,100.61690625,76.425
2025-12-10 23:00:00,98.22129346317216,98.22129346317297,73.975
2025-12-11 00:00:00,97.85956206066467,97.85956206066555,73.41749999999999
2025-12-11 01:00:00,97.07137775031228,97.07137775031268,72.515
2025-12-11 02:00:00,97.07137775031228,97.07137775031268,75.2075
2025-12-11 03:00:00,97.85956206066483,97.85956206066555,76.9125
2025-12-11 04:00:00,98.98361670183023,98.9595680947425,80.5925
2025-12-11 05:00:00,103.30365845824242,103.4527711544922,90.09
2025-12-11 06:00:00,107.14837644051696,107.92253373330357,98.11
2025-12-11 07:00:00,107.1483764405178,107.94332508854221,110.3575
2025-12-11 08:00:00,107.14837644051724,108.06477235262813,106.1675
2025-12-11 09:00:00,107.14837644051735,107.14837644051812,93.18
2025-12-11 10:00:00,105.92284900650475,105.70382037153422,91.9175
2025-12-11 11:00:00,101.79985381451073,101.79985381451195,89.4
2025-12-11 12:00:00,100.61690624999954,100.61690625,90.22
2025-12-11 13:00:00,100.66654331474832,100.66654331474969,97.7875
2025-12-11 14:00:00,102.8612297481191,103.09624761914213,111.265
2025-12-11 15:00:00,107.14837644051747,107.97300823864738,114.7
2025-12-11 16:00:00,108.83480187578822,109.00772428204026,115.405
2025-12-11 17:00:00,109.00772428204013,109.00772428204026,112.5675
2025-12-11 18:00:00,109.00772428204013,109.00772428204024,107.78999999999999
2025-12-11 19:00:00,108.88814301115072,108.43866372097135,103.6425
2025-12-11 20:00:00,108.10109259259173,108.05518629515846,94.3925
2025-12-11 21:00:00,108.10109259259225,108.06241180323175,93.58500000000001
2025-12-11 22:00:00,108.10109259259217,108.0881735349685,93.735
2025-12-11 23:00:00,106.49646543895854,106.4964654389552,83.78
2025-12-12 00:00:00,105.73238389979815,105.65804118115364,86.22
2025-12-12 01:00:00,105.73238389979805,105.6580411811536,87.9
2025-12-12 02:00:00,106.05166660526739,105.67779002192512,90.1825
2025-12-12 03:00:00,106.90580839313229,106.90580839313051,90.7075
2025-12-12 04:00:00,108.10109259259085,108.47413326137274,92.2125
2025-12-12 05:00:00,109.3384015331945,109.3413247146939,101.22749999999999
2025-12-12 06:00:00,109.36123016597611,109.36714507348147,121.325
2025-12-12 07:00:00,109.53731636254768,109.64356772280343,130.8525
2025-12-12 08:00:00,109.46896395867086,109.45517270866007,126.9025
2025-12-12 09:00:00,109.35507980826307,109.35507980826307,121.955
2025-12-12 10:00:00,109.32801367217449,109.32801367217454,118.30499999999999
2025-12-12 11:00:00,109.06526752396722,109.06526752396728,113.0675
2025-12-12 12:00:00,108.69690805110461,108.55127959630447,118.26
2025-12-12 13:00:00,108.73946869370027,108.64004277822958,126.8225
2025-12-12 14:00:00,109.33135196887004,109.3313519688701,131.9475
2025-12-12 15:00:00,109.50761866562303,109.51154278054354,145.4875
2025-12-12 16:00:00,110.40735870131252,110.40735870130958,146.825
2025-12-12 17:00:00,109.73200770990242,109.73200770990265,133.1
2025-12-12 18:00:00,109.61525549570729,109.58703754542051,128.0575
2025-12-12 19:00:00,109.3603335919559,109.3603335919544,117.0025
2025-12-12 20:00:00,109.35769741792716,109.3567419922285,114.92999999999999
2025-12-12 21:00:00,109.34478562828488,109.34440267755896,103.82
2025-12-12 22:00:00,109.06666392281791,109.06666392281676,91.7525
2025-12-12 23:00:00,108.6436936731936,108.4231763576981,92.2825
2025-12-13 00:00:00,108.72904027309185,108.17773390174996,90.5025
2025-12-13 01:00:00,107.1483764405201,107.14837644051812,87.39
2025-12-13 02:00:00,105.65802232483924,105.65802232483654,87.0425
2025-12-13 03:00:00,105.73269521627331,105.65802232483657,85.0
2025-12-13 04:00:00,105.65802232483398,105.65802232483657,84.66749999999999
2025-12-13 05:00:00,106.26478162421105,106.26478162420949,79.1425
2025-12-13 06:00:00,107.14837644051521,108.08372581471014,81.135
2025-12-13 07:00:00,108.10109259259289,108.42947095155286,95.9525
2025-12-13 08:00:00,108.10109259259531,108.51342100444728,106.77
2025-12-13 09:00:00,108.10109259258485,108.14731830354033,102.58500000000001
2025-12-13 10:00:00,106.26360326868746,106.12321940572919,98.0925
2025-12-13 11:00:00,102.69656741572919,102.75916338938329,93.7575
2025-12-13 12:00:00,98.22129346317297,98.22129346317297,92.935
2025-12-13 13:00:00,98.22129346317297,98.22129346317297,95.75750000000001
2025-12-13 14:00:00,100.61690625000001,100.61690625,114.6575
2025-12-13 15:00:00,107.14837644051812,107.14837644051812,119.7075
2025-12-13 16:00:00,109.28311848377766,109.28311848377831,118.4475
2025-12-13 17:00:00,109.33555756842834,109.33555756842792,112.255
2025-12-13 18:00:00,109.26886436470271,109.16005550649807,103.63
2025-12-13 19:00:00,108.72554855861938,108.42595911809428,91.7075
2025-12-13 20:00:00,107.14837644051818,107.84757741295073,90.5575
2025-12-13 21:00:00,106.24006557010252,106.12321940572919,93.685
2025-12-13 22:00:00,105.68886204466824,105.6575542308931,84.3875
2025-12-13 23:00:00,102.69656741573053,102.65560637754265,91.195
2025-12-14 00:00:00,101.81031251363716,101.81024521710383,90.52250000000001
2025-12-14 01:00:00,100.61690625000018,100.61690625,81.9
2025-12-14 02:00:00,99.28540349236745,99.2854034923695,79.95
2025-12-14 03:00:00,99.0583096067428,99.05830960674263,77.305
2025-12-14 04:00:00,99.05414562391744,99.0541456239183,78.7625
2025-12-14 05:00:00,98.98376788105988,98.98376788106076,77.175
2025-12-14 06:00:00,99.27364890966943,99.27364890966956,77.4725
2025-12-14 07:00:00,100.66654331474929,100.66654331474969,81.76
2025-12-14 08:00:00,101.76483538600858,101.77334874115773,82.345
2025-12-14 09:00:00,100.61690625000008,100.61690625,80.005
2025-12-14 10:00:00,100.61690625000081,100.61690625,84.0775
2025-12-14 11:00:00,97.0713777503133,97.07137775031268,87.27250000000001
2025-12-14 12:00:00,93.4558533383754,93.44898866020644,86.95750000000001
2025-12-14 13:00:00,96.27261728008632,96.27261728008675,88.65
2025-12-14 14:00:00,96.96820561515611,96.96820561515602,92.0975
2025-12-14 15:00:00,100.6169062499999,100.61690625,99.2825
2025-12-14 16:00:00,103.30365845824333,103.50155319563046,102.785
2025-12-14 17:00:00,103.30365845824332,104.99220606386122,103.2925
2025-12-14 18:00:00,103.30365845824332,104.99212290099233,92.99
2025-12-14 19:00:00,102.69656741572936,102.67600020212592,90.39750000000001
2025-12-14 20:00:00,100.66654331474898,100.66781033229044,84.4025
2025-12-14 21:00:00,100.61690625000067,100.61690625,82.65
2025-12-14 22:00:00,101.80042610498786,101.52046362639322,75.75
2025-12-14 23:00:00,98.98361670183131,98.98361670183044,72.5
2025-12-15 00:00:00,97.85956206066506,97.85956206066571,71.8775
2025-12-15 01:00:00,97.0713777503123,97.07137775031268,71.0375
2025-12-15 02:00:00,94.87131662251674,94.87131662251797,70.6675
2025-12-15 03:00:00,94.77518878473217,94.77518878473268,75.28
2025-12-15 04:00:00,97.50337551323427,97.5033755132332,76.8025
2025-12-15 05:00:00,100.6169062500003,100.61690625,86.525
2025-12-15 06:00:00,106.17771516731182,106.18593374111114,98.78999999999999
2025-12-15 07:00:00,108.35134674109857,108.15420543614876,101.1275
2025-12-15 08:00:00,108.35129911378868,108.15792956846889,96.64999999999999
2025-12-15 09:00:00,101.78678700665431,101.76246492520673,89.61500000000001
2025-12-15 10:00:00,100.61690624999983,100.61690625,79.7225
2025-12-15 11:00:00,97.85956206066483,97.85956206066555,79.77
2025-12-15 12:00:00,96.27261728008737,96.51803267311264,88.26
2025-12-15 13:00:00,97.07137775031273,97.07137775031268,95.4375
2025-12-15 14:00:00,98.22129346317269,98.29453347160265,107.3
2025-12-15 15:00:00,106.14801748733261,106.3187244211177,108.655
2025-12-15 16:00:00,109.23510591599387,109.14475833275567,104.21249999999999
2025-12-15 17:00:00,109.20047115356093,109.15766588421215,98.1575
2025-12-15 18:00:00,109.21375354040002,109.11438456432711,90.41749999999999
2025-12-15 19:00:00,108.84506716352662,108.16441263452903,84.25
2025-12-15 20:00:00,106.83421458692061,106.29019031763563,85.17
2025-12-15 21:00:00,101.7772297611437,101.77649521212592,84.9775
2025-12-15 22:00:00,101.78128055140226,101.77471326652021,80.4625
2025-12-15 23:00:00,100.66654331474993,100.66654331474969,80.67
2025-12-16 00:00:00,100.61690625000034,100.61690625,79.05250000000001
2025-12-16 01:00:00,100.61690625000008,100.61690624999994,77.0975
2025-12-16 02:00:00,100.61690625000026,100.6169062499912,79.0525
2025-12-16 03:00:00,100.61690625000026,100.61690625000023,80.3875
2025-12-16 04:00:00,102.03028137845399,101.902355798428,82.3125
2025-12-16 05:00:00,108.10109259259283,108.19166438306887,88.4
2025-12-16 06:00:00,109.16285733098913,109.15766588419231,91.38499999999999
2025-12-16 07:00:00,109.35028033224518,109.34853600698784,100.4675
2025-12-16 08:00:00,109.35636388855238,109.3560644283973,101.265
2025-12-16 09:00:00,108.88268001629876,108.88268001629412,92.345
2025-12-16 10:00:00,104.55720456616865,104.0544187884586,90.6075
2025-12-16 11:00:00,102.59789977785522,102.59912059686201,91.5125
2025-12-16 12:00:00,102.5824880644758,102.58744814292537,99.885
2025-12-16 13:00:00,104.03980174670572,103.60492547141757,124.39750000000001
2025-12-16 14:00:00,108.10109259259353,108.24610736811917,139.3775
2025-12-16 15:00:00,109.35258361428046,109.36392929322712,155.3125
2025-12-16 16:00:00,109.535451759172,109.53545175921887,162.20499999999998
2025-12-16 17:00:00,109.53570469066872,109.51722648000718,142.25
2025-12-16 18:00:00,109.53570469066882,109.50053690562011,137.0975
2025-12-16 19:00:00,109.4744374642598,109.42965830247473,128.85
2025-12-16 20:00:00,109.3569164224203,109.35691642243982,118.9425
2025-12-16 21:00:00,109.35646196880042,109.35649564614216,115.575
2025-12-16 22:00:00,109.35293935697942,109.35293935700973,103.42
2025-12-16 23:00:00,109.29648762276629,109.29648762276655,89.0025
2025-12-17 00:00:00,109.04564247032098,109.0388968945157,89.79
2025-12-17 01:00:00,109.03447777425473,108.86338617937828,86.4925
2025-12-17 02:00:00,108.73779151768545,108.74018624848922,85.025
2025-12-17 03:00:00,108.7877164201364,108.7985421350281,88.0775
2025-12-17 04:00:00,109.35385560965514,109.35666544869831,90.4975
2025-12-17 05:00:00,109.42914365443919,109.42914365443868,95.4875
2025-12-17 06:00:00,110.03194866795026,109.76352236126505,108.825
2025-12-17 07:00:00,110.70326512404941,110.54202107136314,133.46
2025-12-17 08:00:00,110.0499352038504,109.87073204330531,126.295
2025-12-17 09:00:00,109.45271583362108,109.45271583361733,124.535
2025-12-17 10:00:00,109.34286841074875,109.34286841074817,118.15
2025-12-17 11:00:00,108.59320574910078,108.17850938884477,111.895
2025-12-17 12:00:00,107.14837644051815,107.14837644051852,122.6575
2025-12-17 13:00:00,107.9271666321369,107.99351825054121,129.97
2025-12-17 14:00:00,109.27613129193567,109.2722564643829,127.5025
2025-12-17 15:00:00,109.36944215248879,109.3701844590343,126.4975
2025-12-17 16:00:00,109.52871346345566,109.64227539547386,122.825
2025-12-17 17:00:00,109.47225073872963,109.48634805519376,111.4
2025-12-17 18:00:00,109.49847032733653,109.40846885052063,97.505
2025-12-17 19:00:00,109.3395044983405,109.35016635665595,94.71000000000001
2025-12-17 20:00:00,108.75346086169922,108.75346086169682,94.7025
2025-12-17 21:00:00,108.74382484809682,108.1785093888364,93.2175
2025-12-17 22:00:00,104.76682095270733,105.00714987136956,85.0
2025-12-17 23:00:00,100.61690625000094,100.61877459002108,77.755
2025-12-18 00:00:00,98.80772720768046,98.80772720771913,69.065
2025-12-18 01:00:00,97.5179809149534,97.63238131607898,60.1275
2025-12-18 02:00:00,97.07137775031288,97.07137775031268,48.89
2025-12-18 03:00:00,97.07137775031408,96.5774521822794,44.817499999999995
2025-12-18 04:00:00,96.27261728008693,96.27261728008675,50.8275
2025-12-18 05:00:00,98.22129346317352,98.22129346316257,63.2425
2025-12-18 06:00:00,100.61690624999889,100.61690625,81.525
2025-12-18 07:00:00,100.6665433147498,101.29408716032091,90.74249999999999
2025-12-18 08:00:00,100.66654331475209,101.68878411051853,88.5575
2025-12-18 09:00:00,100.61690625000166,100.61690625,78.2825
2025-12-18 10:00:00,99.27029961364765,99.24525620579735,78.2875
2025-12-18 11:00:00,94.87131662251792,94.87131662251792,77.4225
2025-12-18 12:00:00,70.44048192093291,68.13070678387831,79.47749999999999
2025-12-18 13:00:00,66.25273283905105,66.25273283905088,103.755
2025-12-18 14:00:00,81.86080139670645,81.86080139670645,114.4925
2025-12-18 15:00:00,96.27261728008679,96.27261728008675,110.8825
2025-12-18 16:00:00,102.52256100586735,101.61873870762463,103.4175
2025-12-18 17:00:00,101.73479545542136,101.38257364378744,88.255
2025-12-18 18:00:00,99.32650952633325,99.32650952632957,80.14
2025-12-18 19:00:00,97.85956206066558,97.85956206066555,67.6825
2025-12-18 20:00:00,89.71074390243899,89.71074390243928,53.254999999999995
2025-12-18 21:00:00,63.74172979608115,63.433380088202384,51.8
2025-12-18 22:00:00,40.07006363540972,39.26246590399245,18.6525
2025-12-18 23:00:00,29.19682523785393,29.19682523785069,9.84
2025-12-19 00:00:00,21.825366782488203,21.825366782488015,5.8575
2025-12-19 01:00:00,20.218013365295597,20.21801336529568,4.33
2025-12-19 02:00:00,21.324754617468443,21.3247546175817,3.515
2025-12-19 03:00:00,21.825366782488068,21.825366782488047,4.115
2025-12-19 04:00:00,41.93191694443051,42.53650293866269,10.775
2025-12-19 05:00:00,96.27261728008739,96.27261728008675,40.28
2025-12-19 06:00:00,98.34180105148545,98.34180105148465,76.7125
2025-12-19 07:00:00,101.69129789257491,101.4688622929502,89.5425
2025-12-19 08:00:00,101.65260473764961,101.47315316913098,89.38499999999999
2025-12-19 09:00:00,100.66654331474994,100.66654331474969,89.23
2025-12-19 10:00:00,100.66654331475002,101.62749412314383,87.49000000000001
2025-12-19 11:00:00,100.6665433147505,100.66654331474969,84.57249999999999
2025-12-19 12:00:00,99.2613030313326,99.26130303133246,87.625
2025-12-19 13:00:00,99.27364890967021,99.27364890966956,93.3475
2025-12-19 14:00:00,100.6169062500007,100.61690624992525,97.4025
2025-12-19 15:00:00,104.81994842701604,104.74854521076298,100.3325
2025-12-19 16:00:00,108.10109259259319,108.46577518158897,106.905
2025-12-19 17:00:00,108.59825937545246,108.59621200146502,107.48
2025-12-19 18:00:00,108.47364193515367,108.47364193515217,105.1225
2025-12-19 19:00:00,108.38717905239227,108.1695839497764,102.91
2025-12-19 20:00:00,107.14837644051917,107.14837644051812,98.4625
2025-12-19 21:00:00,108.10109259259356,108.19690346263167,96.2775
2025-12-19 22:00:00,107.14837644051948,107.14837644051812,90.18
2025-12-19 23:00:00,106.32856492738523,106.32856492741783,84.8125
2025-12-20 00:00:00,101.80500770401147,101.80500770401191,83.4
2025-12-20 01:00:00,101.8047488244968,101.80585086881659,85.0025
2025-12-20 02:00:00,101.80852716669176,101.80585086881685,87.4875
2025-12-20 03:00:00,101.80852716669176,101.80585086881685,88.46000000000001
2025-12-20 04:00:00,102.79521298001369,102.79521298001491,89.915
2025-12-20 05:00:00,107.14837644051936,107.14837644050726,95.975
2025-12-20 06:00:00,108.10109259259448,108.69981955065943,104.0
2025-12-20 07:00:00,109.32108009956231,109.25780071631553,113.2075
2025-12-20 08:00:00,109.33805376844344,109.35029891888244,114.8
2025-12-20 09:00:00,109.29178609674896,109.22615788884464,112.66749999999999
2025-12-20 10:00:00,108.70759924408797,108.6883478526148,110.9875
2025-12-20 11:00:00,108.63091323832187,108.2785921402529,110.2675
2025-12-20 12:00:00,106.2913762287728,106.269886462363,114.9825
2025-12-20 13:00:00,107.14837644051673,107.14837644051812,119.4825
2025-12-20 14:00:00,109.01058432925498,109.01058432924012,120.6375
2025-12-20 15:00:00,109.35225790411612,109.35307176661071,120.205
2025-12-20 16:00:00,109.49462687423282,109.4946268742331,122.3925
2025-12-20 17:00:00,109.39437973620635,109.391205623347,118.265
2025-12-20 18:00:00,109.33881818732935,109.34404971328414,104.11
2025-12-20 19:00:00,109.17155899175663,109.17155899175665,96.3825
2025-12-20 20:00:00,108.74359707070201,108.74356820822383,93.01
2025-12-20 21:00:00,108.68149286564147,108.459130516309,92.245
2025-12-20 22:00:00,107.14837644051966,107.14837644053772,90.6725
2025-12-20 23:00:00,101.8047488244984,101.80524116679865,95.7
2025-12-21 00:00:00,100.66654331475031,101.33295220275814,90.045
2025-12-21 01:00:00,100.66654331474908,100.66654331474969,86.485
2025-12-21 02:00:00,100.61690624999942,100.61690625,85.39500000000001
2025-12-21 03:00:00,100.61690624999962,100.61690625,85.6275
2025-12-21 04:00:00,100.61690624999962,100.61690625,86.825
2025-12-21 05:00:00,100.66654331474847,100.66654331474969,88.14
2025-12-21 06:00:00,100.66654331474845,101.5097547455649,92.85249999999999
2025-12-21 07:00:00,102.93151057922462,102.93002724916086,102.14750000000001
2025-12-21 08:00:00,106.26235482118334,106.28007248956978,107.00999999999999
2025-12-21 09:00:00,105.59006891837478,105.57332159396253,102.58250000000001
2025-12-21 10:00:00,101.79897718390653,101.79945877765637,101.3
2025-12-21 11:00:00,99.27364890966889,99.27364890966957,98.4825
2025-12-21 12:00:00,97.85956206066349,97.79311338924639,94.8675
2025-12-21 13:00:00,97.85956206066513,97.77613018583415,98.8925
2025-12-21 14:00:00,98.22129346317023,98.22129346317297,100.87
2025-12-21 15:00:00,100.66654331474726,100.66654331474969,97.515
2025-12-21 16:00:00,106.23728998930133,106.22675482917637,97.0675
2025-12-21 17:00:00,106.23947626864454,106.22892291572215,90.795
2025-12-21 18:00:00,101.79109084147902,101.79219845933562,86.14
2025-12-21 19:00:00,100.61690624999913,100.61690624999564,81.655
2025-12-21 20:00:00,99.17207458958558,99.20544620891104,78.8625
2025-12-21 21:00:00,98.22129346317172,98.22129346317297,77.495
2025-12-21 22:00:00,100.61690624999885,100.60825324405478,70.905
2025-12-21 23:00:00,98.22129346317125,97.88095392654338,70.22749999999999
2025-12-22 00:00:00,87.8605134487122,87.86051344870125,68.8275
2025-12-22 01:00:00,81.86080139670645,82.78381612153744,67.785
2025-12-22 02:00:00,81.86080139670645,84.62203698317515,66.31
2025-12-22 03:00:00,81.86080139670645,84.86468355779492,71.5175
2025-12-22 04:00:00,96.27261728008675,96.27261728008675,74.1125
2025-12-22 05:00:00,98.22129346317297,98.22129346317297,78.1875
2025-12-22 06:00:00,100.66654331474969,100.66654331474969,90.4475
2025-12-22 07:00:00,106.2402233414657,105.77527115905875,93.3425
2025-12-22 08:00:00,105.90189273431167,105.79259086370473,90.79249999999999
2025-12-22 09:00:00,105.90189273431442,105.79112711194352,89.2475
2025-12-22 10:00:00,105.61352520162724,105.3958690240494,85.0
2025-12-22 11:00:00,101.71918943111697,100.74323096858222,86.34
2025-12-22 12:00:00,100.61690625000006,100.6169062500046,88.615
2025-12-22 13:00:00,100.61690625000081,100.61720336006432,92.1225
2025-12-22 14:00:00,102.5024049220667,102.54100464200292,99.5375
2025-12-22 15:00:00,106.23618893510817,106.24603939499369,101.18
2025-12-22 16:00:00,109.05891434146089,109.17245924544432,107.8925
2025-12-22 17:00:00,109.16429955356645,109.17864294755385,100.9
2025-12-22 18:00:00,109.12374621382705,109.14448346376774,93.78999999999999
2025-12-22 19:00:00,106.45321929412339,106.39967429593983,89.47749999999999
2025-12-22 20:00:00,105.84504001423657,105.84504001389604,84.86
2025-12-22 21:00:00,105.84504001423609,105.84250082305388,84.8225
2025-12-22 22:00:00,105.65802232481974,105.87958744976821,77.9675
2025-12-22 23:00:00,102.36413132650175,102.31712273246724,72.2325
2025-12-23 00:00:00,100.61690624999922,100.61690625,65.0325
2025-12-23 01:00:00,98.98419233590349,98.98639975724892,62.004999999999995
2025-12-23 02:00:00,98.22129346317277,98.22129346317297,59.06
2025-12-23 03:00:00,97.85956206066437,97.85956206066555,58.1125
2025-12-23 04:00:00,98.22129346317173,98.22129346316702,59.0225
2025-12-23 05:00:00,100.61690624999953,100.61690625,67.8475
2025-12-23 06:00:00,101.87595235663092,101.94813630646718,78.0175
2025-12-23 07:00:00,104.01667237927323,105.76871195308841,83.875
2025-12-23 08:00:00,105.77852798844233,105.77389157139532,85.465
2025-12-23 09:00:00,101.45964562219555,101.63147569744181,83.8375
2025-12-23 10:00:00,102.35005998788462,100.7973436240837,81.86749999999999
2025-12-23 11:00:00,100.61690625000038,100.47486266631259,80.485
2025-12-23 12:00:00,98.2212934631711,98.22129346328862,79.2125
2025-12-23 13:00:00,99.27364890967026,99.2736489096658,79.215
2025-12-23 14:00:00,100.66654331475111,100.83155185373884,81.8275
2025-12-23 15:00:00,100.66654331475203,101.72065705541833,83.6875
2025-12-23 16:00:00,102.69656741572886,102.70591481445618,82.4675
2025-12-23 17:00:00,102.25756236575214,102.25762155936782,83.945
2025-12-23 18:00:00,102.25762605302364,101.20745530074943,82.465
2025-12-23 19:00:00,101.91212300477888,100.93261821040323,78.005
2025-12-23 20:00:00,100.6169062499983,100.61690625,69.93
2025-12-23 21:00:00,98.45544745430695,98.83004829736217,71.83500000000001
2025-12-23 22:00:00,98.45544745430624,98.86151656619774,64.0925
2025-12-23 23:00:00,97.0713777503114,97.07137775031268,60.2475
2025-12-24 00:00:00,89.7107439024389,89.71074390243903,55.8625
2025-12-24 01:00:00,85.18542471550528,82.26511859810049,56.8
2025-12-24 02:00:00,81.86080139670631,81.86080139670645,55.84
2025-12-24 03:00:00,66.38276767582063,66.31874604925544,55.8475
2025-12-24 04:00:00,81.67000276243567,81.67000276243098,55.85
2025-12-24 05:00:00,81.86080139670497,81.86080139670645,57.214999999999996
2025-12-24 06:00:00,87.86051344871098,87.8605134487122,67.44500000000001
2025-12-24 07:00:00,97.07137775031268,97.07137775031268,81.0
2025-12-24 08:00:00,98.22129346317297,98.22129346317415,82.47
2025-12-24 09:00:00,97.07137775031268,97.07137775031268,76.02250000000001
2025-12-24 10:00:00,97.07137775031268,97.07137775031268,69.2875
2025-12-24 11:00:00,62.65357458631445,62.68240465712026,68.5125
2025-12-24 12:00:00,35.93090000000012,35.93090000000001,67.9875
2025-12-24 13:00:00,35.930900000000044,35.930899999999994,73.7575
2025-12-24 14:00:00,41.36174659091422,43.23088669131548,83.0525
2025-12-24 15:00:00,81.86080139670644,82.87340180440047,87.9
2025-12-24 16:00:00,98.22129346317305,98.22224127887506,89.1325
2025-12-24 17:00:00,98.22129346317321,98.22129346320132,78.9075
2025-12-24 18:00:00,98.22129346317304,98.22129346317297,71.77250000000001
2025-12-24 19:00:00,97.07137775031286,97.07137775031268,68.1575
2025-12-24 20:00:00,96.2726172800869,96.27261728008675,67.9875
2025-12-24 21:00:00,96.27261728008686,96.27261728029987,69.0075
2025-12-24 22:00:00,98.22129346317308,98.22129346317881,65.1625
2025-12-24 23:00:00,97.07137775031279,97.07137775031268,63.22
2025-12-25 00:00:00,96.2726172800869,96.27261728008675,58.4425
2025-12-25 01:00:00,87.8605134487121,87.8605134487122,56.8575
2025-12-25 02:00:00,81.67000276243094,81.29867287927617,55.845
2025-12-25 03:00:00,81.86080139670695,83.15648232455958,54.53
2025-12-25 04:00:00,81.86080139670656,83.15648232455962,52.605000000000004
2025-12-25 05:00:00,81.86080139670634,82.29853107685166,49.165
2025-12-25 06:00:00,87.86051344871235,87.8605134487122,54.0275
2025-12-25 07:00:00,96.27261728008699,96.27261728008675,64.205
2025-12-25 08:00:00,97.07137775031278,97.07137775031268,64.7075
2025-12-25 09:00:00,81.67000276243112,79.7625841974793,53.765
2025-12-25 10:00:00,35.93090000000011,35.93090000000001,48.9825
2025-12-25 11:00:00,14.562762986628172,14.772652439871138,48.4875
2025-12-25 12:00:00,-4.999999999999836,-5.0,47.865
2025-12-25 13:00:00,8.304468224196171e-13,-9.686695889854491e-14,68.5475
2025-12-25 14:00:00,24.520560182547122,24.520560182546916,89.41499999999999
2025-12-25 15:00:00,96.27261728008675,96.27261728008675,92.235
2025-12-25 16:00:00,106.2798111490963,105.8385763353205,94.005
2025-12-25 17:00:00,106.2798111490963,105.8385763353208,94.055
2025-12-25 18:00:00,106.2798111490963,105.84004125769783,91.715
2025-12-25 19:00:00,106.2798111490963,105.84004125769778,91.0325
2025-12-25 20:00:00,105.65802232483566,105.84004125769567,92.7
2025-12-25 21:00:00,106.32615421286232,105.8400412576977,96.1525
2025-12-25 22:00:00,106.3254292325928,105.84004125769762,91.47
2025-12-25 23:00:00,101.81600012119247,101.8160001211922,97.1
2025-12-26 00:00:00,100.66654331474865,100.66654331474952,91.0525
2025-12-26 01:00:00,100.66654331474842,100.66654331474969,85.8175
2025-12-26 02:00:00,100.61690624999937,100.61690625,83.05250000000001
2025-12-26 03:00:00,100.61690624999892,100.61690625,82.3925
2025-12-26 04:00:00,100.66654331474842,100.66654331474969,82.83500000000001
2025-12-26 05:00:00,101.80463061169826,101.80520117416563,85.02
2025-12-26 06:00:00,105.6580223248352,105.83857661135293,93.11500000000001
2025-12-26 07:00:00,106.32635604190887,106.32769547730256,98.9
2025-12-26 08:00:00,107.03709171300625,107.03697599425246,96.73
2025-12-26 09:00:00,101.84607361939425,101.84607361939375,89.25
2025-12-26 10:00:00,97.85956206066476,97.85956206066555,84.9925
2025-12-26 11:00:00,81.1429758721149,80.36872873990309,82.3125
2025-12-26 12:00:00,35.930900000000065,35.930899999999994,83.0975
2025-12-26 13:00:00,36.91117974613894,37.06117273667373,92.7
2025-12-26 14:00:00,96.27261728008602,96.27261728008675,109.1425
2025-12-26 15:00:00,105.66099586207156,105.64206228196271,116.77250000000001
2025-12-26 16:00:00,109.14337425549525,109.1433742555171,120.47
2025-12-26 17:00:00,109.35856140350779,109.3585614035088,116.9725
2025-12-26 18:00:00,109.35856140350938,109.35856140350879,116.2625
2025-12-26 19:00:00,109.35856140351143,109.3585614035088,113.725
2025-12-26 20:00:00,109.09919626837586,109.09919626837777,111.5
2025-12-26 21:00:00,109.0991920971012,109.09919209710216,108.255
2025-12-26 22:00:00,109.0171479987373,109.01681960533992,99.36749999999999
2025-12-26 23:00:00,108.3108455854001,108.31087589282328,96.69
2025-12-27 00:00:00,106.95381255279426,106.95381255279375,91.725
2025-12-27 01:00:00,104.75800892808297,105.91029869483977,84.7075
2025-12-27 02:00:00,105.74987333294621,105.89951714204643,82.7175
2025-12-27 03:00:00,105.60214391450859,105.2628968048372,83.9975
2025-12-27 04:00:00,101.81610577988158,101.81691500631126,83.17
2025-12-27 05:00:00,101.80836964015361,101.80836964015245,88.015
2025-12-27 06:00:00,101.80459163637943,101.80415983472881,99.505
2025-12-27 07:00:00,105.73269521629959,105.83871493588599,102.32
2025-12-27 08:00:00,105.76696654277407,105.83876955811014,93.81
2025-12-27 09:00:00,99.01859927492956,99.01859927493616,80.0325
2025-12-27 10:00:00,94.87131662251795,94.87131662251792,75.395
2025-12-27 11:00:00,35.33884279039489,35.33884279039621,74.54
2025-12-27 12:00:00,30.022261054292358,30.008984318465565,76.7375
2025-12-27 13:00:00,31.323041590784896,30.442163093369608,81.19999999999999
2025-12-27 14:00:00,81.6700027623528,79.15929749179972,94.5425
2025-12-27 15:00:00,98.97235584777914,98.97761404154814,103.0075
2025-12-27 16:00:00,105.79020856218945,105.88503607604088,105.925
2025-12-27 17:00:00,107.14837644051823,107.14837644051815,108.4275
2025-12-27 18:00:00,106.77851345510345,106.7692812869008,105.0
2025-12-27 19:00:00,106.35467637802738,106.35605232673281,102.5875
2025-12-27 20:00:00,106.36560165704513,105.9015207732884,93.89500000000001
2025-12-27 21:00:00,106.35744657876826,106.37266859218511,95.4175
2025-12-27 22:00:00,106.6209326590656,106.61894528204547,91.295
2025-12-27 23:00:00,105.78065260927134,105.89545289924736,84.33500000000001
2025-12-28 00:00:00,105.78065260927134,105.89545289943975,83.37
2025-12-28 01:00:00,105.78146367148075,105.84250082301803,79.96000000000001
2025-12-28 02:00:00,105.78146367148075,105.88341329344104,78.8175
2025-12-28 03:00:00,105.78146367148075,105.8834132932441,80.4475
2025-12-28 04:00:00,106.38691740664736,105.89545289924939,83.61
2025-12-28 05:00:00,106.52224842593104,106.48600556227235,86.47749999999999
2025-12-28 06:00:00,106.66525816925582,106.66525816925595,92.15
2025-12-28 07:00:00,108.47301623036486,108.47672426069347,97.3625
2025-12-28 08:00:00,109.01449580859477,109.0119756447182,96.565
2025-12-28 09:00:00,106.69889385770509,106.5656169665972,88.2125
2025-12-28 10:00:00,102.23009617555711,102.2300961755575,88.3675
2025-12-28 11:00:00,97.07137775031258,97.07137775031268,80.0225
2025-12-28 12:00:00,48.35045976607661,47.272654633156755,80.025
2025-12-28 13:00:00,81.67000276243088,81.13689991229347,86.6775
2025-12-28 14:00:00,98.22129346317307,98.22129346317297,100.87
2025-12-28 15:00:00,105.77681925956061,105.7764507549481,110.8825
2025-12-28 16:00:00,109.30500155866785,109.29961646829393,113.7025
2025-12-28 17:00:00,109.35827328850073,109.35827328850075,114.455
2025-12-28 18:00:00,109.35856140350862,109.35856140350866,109.33250000000001
2025-12-28 19:00:00,109.18139100198788,109.18139100198792,105.00999999999999
2025-12-28 20:00:00,107.14837644051848,107.14837644051812,99.0275
2025-12-28 21:00:00,105.03482069267595,105.03500849459772,98.2825
2025-12-28 22:00:00,100.66654331474979,100.66654331474983,88.44
2025-12-28 23:00:00,100.61690625000038,100.61690625,89.88
2025-12-29 00:00:00,99.12923031227093,98.90126569548063,84.98249999999999
2025-12-29 01:00:00,98.96885154686194,98.96885154686161,84.1825
2025-12-29 02:00:00,98.968851546862,98.96885154686161,82.19
2025-12-29 03:00:00,98.96885154686174,98.96885154686157,83.6225
2025-12-29 04:00:00,99.27364890966957,99.27364890966956,90.7925
2025-12-29 05:00:00,100.66654331474955,100.66654331474969,96.3325
2025-12-29 06:00:00,108.3786125023191,108.39940796040291,104.7175
2025-12-29 07:00:00,109.24771457166153,109.24805969423116,113.8775
2025-12-29 08:00:00,108.86151636704327,108.4475982076164,111.01
2025-12-29 09:00:00,100.61690625000014,100.61690625,97.64500000000001
2025-12-29 10:00:00,99.27364890966953,99.27364890966956,90.345
2025-12-29 11:00:00,97.85956206066555,97.85956206066555,87.6575
2025-12-29 12:00:00,97.07137775031245,97.07137775031268,88.52250000000001
2025-12-29 13:00:00,97.07137775031256,97.07137775031268,96.10249999999999
2025-12-29 14:00:00,98.22129346317303,98.22129346317297,103.5075
2025-12-29 15:00:00,100.66654331474942,100.66654331474969,108.655
2025-12-29 16:00:00,109.24231196914036,109.24231196914,107.0075
2025-12-29 17:00:00,109.29961085978917,109.29961085978962,103.3075
2025-12-29 18:00:00,109.3004031789585,109.30040317895843,95.14750000000001
2025-12-29 19:00:00,108.10109259259266,108.03250563108436,90.3725
2025-12-29 20:00:00,107.14837644051826,107.14837644051812,83.245
2025-12-29 21:00:00,101.82114591645791,101.82495218426175,87.91499999999999
2025-12-29 22:00:00,100.66654331474984,100.66654331474969,83.3425
2025-12-29 23:00:00,99.27364890966948,99.27364890966956,77.8625
2025-12-30 00:00:00,99.05818907211543,99.10731076021277,73.215
2025-12-30 01:00:00,99.05822989548622,99.09092080937849,71.855
2025-12-30 02:00:00,99.05822989548605,99.0871094935207,69.3575
2025-12-30 03:00:00,98.22129346317283,98.22129346317297,68.5375
2025-12-30 04:00:00,98.22129346317277,98.22129346317297,71.99
2025-12-30 05:00:00,99.27364890966962,99.27364890966956,80.02
2025-12-30 06:00:00,100.66654331474973,100.66654331474969,87.97
2025-12-30 07:00:00,107.03721490507021,107.03694677350717,94.8775
2025-12-30 08:00:00,107.14837644051818,107.14837644051812,94.3925
2025-12-30 09:00:00,99.27364890966936,99.04189279672751,85.82
2025-12-30 10:00:00,97.07137775031254,97.07137775031268,79.38
2025-12-30 11:00:00,87.86051344871291,87.8605134487122,76.155
2025-12-30 12:00:00,41.98075989549375,41.66537323543892,76.7575
2025-12-30 13:00:00,36.99359880122188,36.33757434793141,88.9675
2025-12-30 14:00:00,96.27261728008675,96.27261728008675,102.325
2025-12-30 15:00:00,99.27364890966956,99.27364890966956,109.1
2025-12-30 16:00:00,108.9821910898903,108.98395901744077,110.715
2025-12-30 17:00:00,109.25443638941516,109.25443638941515,109.12
2025-12-30 18:00:00,109.35856140350899,109.35856140350879,105.6075
2025-12-30 19:00:00,108.50211525108844,108.49939947508231,101.03999999999999
2025-12-30 20:00:00,108.5161780226295,108.51474074527164,93.3225
2025-12-30 21:00:00,108.50083570232574,108.49228789364626,92.045
2025-12-30 22:00:00,106.59944496387655,106.59926546362159,85.8075
2025-12-30 23:00:00,102.11231205227155,102.10951905911554,88.0825
2025-12-31 00:00:00,101.88630654929764,101.77826512196286,84.3375
2025-12-31 01:00:00,100.66654331474936,100.66654331474969,80.2125
2025-12-31 02:00:00,99.37661484955986,99.28763089036758,76.58
2025-12-31 03:00:00,99.27364890966956,99.08141641755245,74.9325
2025-12-31 04:00:00,99.0541456239182,99.05414562391829,77.3775
2025-12-31 05:00:00,99.05398980384729,99.05365409240095,81.86749999999999
2025-12-31 06:00:00,99.02702361358891,98.94958150781002,85.2825
2025-12-31 07:00:00,99.27364890966966,99.27364890966956,95.7925
2025-12-31 08:00:00,99.27364890966928,98.75394500436731,95.33500000000001
2025-12-31 09:00:00,98.22129346317273,98.22129346317297,89.26249999999999
2025-12-31 10:00:00,98.22129346317283,98.22129346317297,83.48
2025-12-31 11:00:00,96.27261728008682,96.27261728008675,83.0475
2025-12-31 12:00:00,45.741842772381005,44.56566263153013,85.17
2025-12-31 13:00:00,37.73119096833889,37.72141975476829,85.17750000000001
2025-12-31 14:00:00,96.27261728008675,96.27261728008675,90.8325
2025-12-31 15:00:00,98.22129346317297,98.22129346317297,100.705
2025-12-31 16:00:00,100.61690625,100.61690625,110.1
2025-12-31 17:00:00,100.66654331474969,100.66654331474969,107.5275
2025-12-31 18:00:00,100.61690625,100.61690625,95.99000000000001
2025-12-31 19:00:00,99.27364890966956,98.91925697721986,86.8025
2025-12-31 20:00:00,99.04253222267914,98.78464244498667,79.7975
2025-12-31 21:00:00,97.07137775031269,97.07137775031268,81.39
2025-12-31 22:00:00,96.27261728008672,96.27261728008675,76.4475
2025-12-31 23:00:00,81.67000276243097,81.10580199339124,
