time_utc,fr_eur_mwh,it_north_eur_mwh,spread_eur_mwh
2025-01-01T00:00:00+00:00,18.92,134.06,115.14
2025-01-01T01:00:00+00:00,16.66,134.41,117.75
2025-01-01T02:00:00+00:00,13.1,131.99,118.89000000000001
2025-01-01T03:00:00+00:00,5.9,131.99,126.09
2025-01-01T04:00:00+00:00,9.27,131.99,122.72000000000001
2025-01-01T05:00:00+00:00,10.04,138.0,127.96000000000001
2025-01-01T06:00:00+00:00,7.23,140.15,132.92000000000002
2025-01-01T07:00:00+00:00,12.83,136.62,123.79
2025-01-01T08:00:00+00:00,13.76,129.82,116.05999999999999
2025-01-01T09:00:00+00:00,17.95,125.57,107.61999999999999
2025-01-01T10:00:00+00:00,20.59,120.22,99.63
2025-01-01T11:00:00+00:00,28.11,121.0,92.89
2025-01-01T12:00:00+00:00,30.0,116.68,86.68
2025-01-01T13:00:00+00:00,21.5,122.43,100.93
2025-01-01T14:00:00+00:00,10.68,134.4,123.72
2025-01-01T15:00:00+00:00,20.18,148.34,128.16
2025-01-01T16:00:00+00:00,35.72,170.0,134.28
2025-01-01T17:00:00+00:00,48.06,174.0,125.94
2025-01-01T18:00:00+00:00,50.14,174.0,123.86
2025-01-01T19:00:00+00:00,41.5,174.0,132.5
2025-01-01T20:00:00+00:00,34.93,163.12,128.19
2025-01-01T21:00:00+00:00,34.69,150.0,115.31
2025-01-01T22:00:00+00:00,28.04,135.99,107.95000000000002
2025-01-01T23:00:00+00:00,39.84,131.0,91.16
2025-01-02T00:00:00+00:00,44.1,126.09,81.99000000000001
2025-01-02T01:00:00+00:00,44.7,117.54,72.84
2025-01-02T02:00:00+00:00,42.92,115.78,72.86
2025-01-02T03:00:00+00:00,40.15,117.4,77.25
2025-01-02T04:00:00+00:00,52.51,124.87,72.36000000000001
2025-01-02T05:00:00+00:00,93.3,134.21,40.91000000000001
2025-01-02T06:00:00+00:00,120.03,155.64,35.609999999999985
2025-01-02T07:00:00+00:00,135.52,164.01,28.48999999999998
2025-01-02T08:00:00+00:00,136.48,160.0,23.52000000000001
2025-01-02T09:00:00+00:00,129.04,142.28,13.240000000000009
2025-01-02T10:00:00+00:00,125.7,134.21,8.510000000000005
2025-01-02T11:00:00+00:00,125.72,131.65,5.930000000000007
2025-01-02T12:00:00+00:00,119.3,130.26,10.959999999999994
2025-01-02T13:00:00+00:00,124.65,132.41,7.759999999999991
2025-01-02T14:00:00+00:00,130.11,135.29,5.179999999999978
2025-01-02T15:00:00+00:00,139.5,159.64,20.139999999999986
2025-01-02T16:00:00+00:00,153.4,170.0,16.599999999999994
2025-01-02T17:00:00+00:00,153.15,159.64,6.489999999999981
2025-01-02T18:00:00+00:00,146.66,159.64,12.97999999999999
2025-01-02T19:00:00+00:00,130.6,150.29,19.689999999999998
2025-01-02T20:00:00+00:00,120.62,134.99,14.370000000000005
2025-01-02T21:00:00+00:00,117.89,132.12,14.230000000000004
2025-01-02T22:00:00+00:00,118.56,124.98,6.420000000000002
2025-01-02T23:00:00+00:00,103.88,117.1,13.219999999999999
2025-01-03T00:00:00+00:00,95.18,105.0,9.819999999999993
2025-01-03T01:00:00+00:00,89.94,97.0,7.060000000000002
2025-01-03T02:00:00+00:00,87.67,97.0,9.329999999999998
2025-01-03T03:00:00+00:00,84.06,99.78,15.719999999999999
2025-01-03T04:00:00+00:00,92.25,105.0,12.75
2025-01-03T05:00:00+00:00,100.14,121.98,21.840000000000003
2025-01-03T06:00:00+00:00,119.27,136.0,16.730000000000004
2025-01-03T07:00:00+00:00,127.28,141.68,14.400000000000006
2025-01-03T08:00:00+00:00,132.97,137.29,4.319999999999993
2025-01-03T09:00:00+00:00,130.52,131.0,0.47999999999998977
2025-01-03T10:00:00+00:00,123.2,123.2,0.0
2025-01-03T11:00:00+00:00,113.51,119.93,6.420000000000002
2025-01-03T12:00:00+00:00,107.6,115.9,8.300000000000011
2025-01-03T13:00:00+00:00,105.88,121.67,15.790000000000006
2025-01-03T14:00:00+00:00,110.22,132.2,21.97999999999999
2025-01-03T15:00:00+00:00,123.2,143.0,19.799999999999997
2025-01-03T16:00:00+00:00,141.2,152.0,10.800000000000011
2025-01-03T17:00:00+00:00,144.48,150.0,5.52000000000001
2025-01-03T18:00:00+00:00,141.43,149.66,8.22999999999999
2025-01-03T19:00:00+00:00,133.2,140.0,6.800000000000011
2025-01-03T20:00:00+00:00,119.9,137.0,17.099999999999994
2025-01-03T21:00:00+00:00,123.58,135.2,11.61999999999999
2025-01-03T22:00:00+00:00,126.09,126.09,0.0
2025-01-03T23:00:00+00:00,109.06,140.0,30.939999999999998
2025-01-04T00:00:00+00:00,101.0,128.11,27.110000000000014
2025-01-04T01:00:00+00:00,95.53,125.3,29.769999999999996
2025-01-04T02:00:00+00:00,94.33,122.36,28.03
2025-01-04T03:00:00+00:00,96.62,122.47,25.849999999999994
2025-01-04T04:00:00+00:00,102.63,126.56,23.930000000000007
2025-01-04T05:00:00+00:00,110.89,140.0,29.11
2025-01-04T06:00:00+00:00,120.25,150.0,29.75
2025-01-04T07:00:00+00:00,128.39,155.0,26.610000000000014
2025-01-04T08:00:00+00:00,130.75,152.8,22.05000000000001
2025-01-04T09:00:00+00:00,130.34,144.8,14.460000000000008
2025-01-04T10:00:00+00:00,128.29,131.6,3.3100000000000023
2025-01-04T11:00:00+00:00,130.03,130.03,0.0
2025-01-04T12:00:00+00:00,129.85,129.85,0.0
2025-01-04T13:00:00+00:00,136.4,137.1,0.6999999999999886
2025-01-04T14:00:00+00:00,138.89,148.33,9.440000000000026
2025-01-04T15:00:00+00:00,133.52,162.17,28.649999999999977
2025-01-04T16:00:00+00:00,136.78,172.67,35.889999999999986
2025-01-04T17:00:00+00:00,145.0,174.0,29.0
2025-01-04T18:00:00+00:00,139.73,174.0,34.27000000000001
2025-01-04T19:00:00+00:00,130.49,169.87,39.379999999999995
2025-01-04T20:00:00+00:00,123.82,158.36,34.54000000000002
2025-01-04T21:00:00+00:00,119.23,148.33,29.10000000000001
2025-01-04T22:00:00+00:00,109.9,145.48,35.579999999999984
2025-01-04T23:00:00+00:00,101.77,155.0,53.230000000000004
2025-01-05T00:00:00+00:00,70.5,141.72,71.22
2025-01-05T01:00:00+00:00,64.81,135.2,70.38999999999999
2025-01-05T02:00:00+00:00,46.7,132.24,85.54
2025-01-05T03:00:00+00:00,43.87,130.05,86.18
2025-01-05T04:00:00+00:00,36.61,130.05,93.44000000000001
2025-01-05T05:00:00+00:00,34.04,135.2,101.16
2025-01-05T06:00:00+00:00,44.0,141.72,97.72
2025-01-05T07:00:00+00:00,51.27,141.72,90.44999999999999
2025-01-05T08:00:00+00:00,50.0,145.0,95.0
2025-01-05T09:00:00+00:00,49.81,141.72,91.91
2025-01-05T10:00:00+00:00,43.05,141.72,98.67
2025-01-05T11:00:00+00:00,45.74,140.0,94.25999999999999
2025-01-05T12:00:00+00:00,35.19,135.2,100.00999999999999
2025-01-05T13:00:00+00:00,30.0,135.2,105.19999999999999
2025-01-05T14:00:00+00:00,28.0,141.72,113.72
2025-01-05T15:00:00+00:00,35.22,155.14,119.91999999999999
2025-01-05T16:00:00+00:00,57.72,160.84,103.12
2025-01-05T17:00:00+00:00,64.81,165.0,100.19
2025-01-05T18:00:00+00:00,59.06,166.0,106.94
2025-01-05T19:00:00+00:00,50.97,159.98,109.00999999999999
2025-01-05T20:00:00+00:00,48.89,150.0,101.11
2025-01-05T21:00:00+00:00,38.22,141.72,103.5
2025-01-05T22:00:00+00:00,20.55,132.42,111.86999999999999
2025-01-05T23:00:00+00:00,13.28,132.24,118.96000000000001
2025-01-06T00:00:00+00:00,8.35,126.59,118.24000000000001
2025-01-06T01:00:00+00:00,5.23,120.3,115.07
2025-01-06T02:00:00+00:00,3.52,110.42,106.9
2025-01-06T03:00:00+00:00,3.52,116.26,112.74000000000001
2025-01-06T04:00:00+00:00,5.61,124.47,118.86
2025-01-06T05:00:00+00:00,11.27,129.58,118.31000000000002
2025-01-06T06:00:00+00:00,37.0,133.52,96.52000000000001
2025-01-06T07:00:00+00:00,58.15,131.42,73.26999999999998
2025-01-06T08:00:00+00:00,51.15,134.44,83.28999999999999
2025-01-06T09:00:00+00:00,40.81,137.75,96.94
2025-01-06T10:00:00+00:00,32.83,138.07,105.24
2025-01-06T11:00:00+00:00,31.28,140.0,108.72
2025-01-06T12:00:00+00:00,28.6,135.2,106.6
2025-01-06T13:00:00+00:00,26.95,138.14,111.18999999999998
2025-01-06T14:00:00+00:00,26.32,144.33,118.01000000000002
2025-01-06T15:00:00+00:00,38.49,148.33,109.84
2025-01-06T16:00:00+00:00,67.5,154.37,86.87
2025-01-06T17:00:00+00:00,88.34,155.0,66.66
2025-01-06T18:00:00+00:00,79.66,153.3,73.64000000000001
2025-01-06T19:00:00+00:00,67.18,150.6,83.41999999999999
2025-01-06T20:00:00+00:00,48.79,147.85,99.06
2025-01-06T21:00:00+00:00,48.02,142.85,94.82999999999998
2025-01-06T22:00:00+00:00,28.8,129.32,100.52
2025-01-06T23:00:00+00:00,20.88,130.14,109.25999999999999
2025-01-07T00:00:00+00:00,6.66,116.26,109.60000000000001
2025-01-07T01:00:00+00:00,12.54,110.1,97.56
2025-01-07T02:00:00+00:00,5.59,109.61,104.02
2025-01-07T03:00:00+00:00,0.4,110.1,109.69999999999999
2025-01-07T04:00:00+00:00,12.49,128.9,116.41000000000001
2025-01-07T05:00:00+00:00,60.01,154.28,94.27000000000001
2025-01-07T06:00:00+00:00,97.56,169.45,71.88999999999999
2025-01-07T07:00:00+00:00,115.0,181.27,66.27000000000001
2025-01-07T08:00:00+00:00,105.18,169.45,64.26999999999998
2025-01-07T09:00:00+00:00,93.49,150.0,56.510000000000005
2025-01-07T10:00:00+00:00,74.93,145.01,70.07999999999998
2025-01-07T11:00:00+00:00,71.25,135.12,63.870000000000005
2025-01-07T12:00:00+00:00,73.12,133.91,60.78999999999999
2025-01-07T13:00:00+00:00,79.76,143.4,63.64
2025-01-07T14:00:00+00:00,85.0,150.8,65.80000000000001
2025-01-07T15:00:00+00:00,100.64,161.46,60.82000000000001
2025-01-07T16:00:00+00:00,118.34,170.0,51.66
2025-01-07T17:00:00+00:00,128.87,162.14,33.26999999999998
2025-01-07T18:00:00+00:00,125.0,163.0,38.0
2025-01-07T19:00:00+00:00,107.24,150.0,42.760000000000005
2025-01-07T20:00:00+00:00,100.55,140.43,39.88000000000001
2025-01-07T21:00:00+00:00,98.53,135.77,37.24000000000001
2025-01-07T22:00:00+00:00,89.27,130.11,40.84000000000002
2025-01-07T23:00:00+00:00,74.23,123.9,49.67
2025-01-08T00:00:00+00:00,69.5,109.73,40.230000000000004
2025-01-08T01:00:00+00:00,59.97,106.48,46.510000000000005
2025-01-08T02:00:00+00:00,53.0,101.25,48.25
2025-01-08T03:00:00+00:00,59.52,106.4,46.88
2025-01-08T04:00:00+00:00,70.2,114.47,44.269999999999996
2025-01-08T05:00:00+00:00,97.41,131.3,33.890000000000015
2025-01-08T06:00:00+00:00,124.39,149.0,24.61
2025-01-08T07:00:00+00:00,135.01,158.26,23.25
2025-01-08T08:00:00+00:00,131.32,149.5,18.180000000000007
2025-01-08T09:00:00+00:00,125.04,138.1,13.059999999999988
2025-01-08T10:00:00+00:00,104.46,133.63,29.17
2025-01-08T11:00:00+00:00,97.57,126.49,28.92
2025-01-08T12:00:00+00:00,100.21,128.6,28.39
2025-01-08T13:00:00+00:00,110.19,135.3,25.110000000000014
2025-01-08T14:00:00+00:00,126.62,144.0,17.379999999999995
2025-01-08T15:00:00+00:00,124.05,152.73,28.679999999999993
2025-01-08T16:00:00+00:00,124.58,154.4,29.820000000000007
2025-01-08T17:00:00+00:00,137.58,151.0,13.419999999999987
2025-01-08T18:00:00+00:00,131.0,150.35,19.349999999999994
2025-01-08T19:00:00+00:00,124.81,139.0,14.189999999999998
2025-01-08T20:00:00+00:00,112.66,135.35,22.689999999999998
2025-01-08T21:00:00+00:00,111.9,132.24,20.340000000000003
2025-01-08T22:00:00+00:00,98.77,125.64,26.870000000000005
2025-01-08T23:00:00+00:00,60.38,113.3,52.919999999999995
2025-01-09T00:00:00+00:00,49.9,106.65,56.75000000000001
2025-01-09T01:00:00+00:00,51.86,104.04,52.18000000000001
2025-01-09T02:00:00+00:00,25.61,102.88,77.27
2025-01-09T03:00:00+00:00,13.01,105.28,92.27
2025-01-09T04:00:00+00:00,30.29,110.36,80.07
2025-01-09T05:00:00+00:00,60.08,134.4,74.32000000000001
2025-01-09T06:00:00+00:00,90.79,142.11,51.32000000000001
2025-01-09T07:00:00+00:00,100.99,154.28,53.290000000000006
2025-01-09T08:00:00+00:00,102.44,150.25,47.81
2025-01-09T09:00:00+00:00,97.45,142.11,44.66000000000001
2025-01-09T10:00:00+00:00,90.41,141.11,50.70000000000002
2025-01-09T11:00:00+00:00,94.75,132.1,37.349999999999994
2025-01-09T12:00:00+00:00,84.19,134.11,49.920000000000016
2025-01-09T13:00:00+00:00,80.89,134.05,53.16000000000001
2025-01-09T14:00:00+00:00,88.11,142.11,54.000000000000014
2025-01-09T15:00:00+00:00,109.4,159.81,50.41
2025-01-09T16:00:00+00:00,131.62,154.42,22.799999999999983
2025-01-09T17:00:00+00:00,135.73,160.0,24.27000000000001
2025-01-09T18:00:00+00:00,135.01,151.22,16.210000000000008
2025-01-09T19:00:00+00:00,120.36,140.13,19.769999999999996
2025-01-09T20:00:00+00:00,105.8,139.3,33.500000000000014
2025-01-09T21:00:00+00:00,101.43,134.35,32.91999999999999
2025-01-09T22:00:00+00:00,94.26,122.0,27.739999999999995
2025-01-09T23:00:00+00:00,86.82,124.5,37.68000000000001
2025-01-10T00:00:00+00:00,80.25,115.99,35.739999999999995
2025-01-10T01:00:00+00:00,72.09,105.71,33.61999999999999
2025-01-10T02:00:00+00:00,69.94,105.3,35.36
2025-01-10T03:00:00+00:00,70.07,105.33,35.260000000000005
2025-01-10T04:00:00+00:00,85.06,120.0,34.94
2025-01-10T05:00:00+00:00,101.8,132.6,30.799999999999997
2025-01-10T06:00:00+00:00,126.12,145.0,18.879999999999995
2025-01-10T07:00:00+00:00,140.33,155.0,14.669999999999987
2025-01-10T08:00:00+00:00,137.22,141.38,4.159999999999997
2025-01-10T09:00:00+00:00,123.57,131.39,7.819999999999993
2025-01-10T10:00:00+00:00,113.59,130.08,16.49000000000001
2025-01-10T11:00:00+00:00,107.43,125.74,18.309999999999988
2025-01-10T12:00:00+00:00,105.01,125.0,19.989999999999995
2025-01-10T13:00:00+00:00,110.01,130.4,20.39
2025-01-10T14:00:00+00:00,128.69,135.0,6.310000000000002
2025-01-10T15:00:00+00:00,135.57,145.99,10.420000000000016
2025-01-10T16:00:00+00:00,142.72,149.64,6.9199999999999875
2025-01-10T17:00:00+00:00,144.28,149.54,5.259999999999991
2025-01-10T18:00:00+00:00,141.27,148.37,7.099999999999994
2025-01-10T19:00:00+00:00,134.83,137.41,2.579999999999984
2025-01-10T20:00:00+00:00,122.51,135.0,12.489999999999995
2025-01-10T21:00:00+00:00,119.79,130.05,10.260000000000005
2025-01-10T22:00:00+00:00,112.0,121.86,9.86
2025-01-10T23:00:00+00:00,112.0,117.99,5.989999999999995
2025-01-11T00:00:00+00:00,100.61,108.6,7.989999999999995
2025-01-11T01:00:00+00:00,96.32,105.45,9.13000000000001
2025-01-11T02:00:00+00:00,92.02,104.74,12.719999999999999
2025-01-11T03:00:00+00:00,90.82,102.0,11.180000000000007
2025-01-11T04:00:00+00:00,92.16,106.36,14.200000000000003
2025-01-11T05:00:00+00:00,95.46,119.21,23.75
2025-01-11T06:00:00+00:00,104.07,126.82,22.75
2025-01-11T07:00:00+00:00,115.85,138.48,22.629999999999995
2025-01-11T08:00:00+00:00,118.19,148.24,30.05000000000001
2025-01-11T09:00:00+00:00,114.24,140.0,25.760000000000005
2025-01-11T10:00:00+00:00,100.58,129.93,29.35000000000001
2025-01-11T11:00:00+00:00,97.14,125.05,27.909999999999997
2025-01-11T12:00:00+00:00,93.15,121.96,28.809999999999988
2025-01-11T13:00:00+00:00,95.74,130.0,34.260000000000005
2025-01-11T14:00:00+00:00,105.05,138.48,33.42999999999999
2025-01-11T15:00:00+00:00,113.29,148.74,35.45
2025-01-11T16:00:00+00:00,120.97,155.2,34.22999999999999
2025-01-11T17:00:00+00:00,123.86,149.64,25.779999999999987
2025-01-11T18:00:00+00:00,123.55,147.64,24.08999999999999
2025-01-11T19:00:00+00:00,119.95,132.25,12.299999999999997
2025-01-11T20:00:00+00:00,116.2,122.41,6.209999999999994
2025-01-11T21:00:00+00:00,113.27,119.0,5.730000000000004
2025-01-11T22:00:00+00:00,106.1,106.1,0.0
2025-01-11T23:00:00+00:00,110.36,110.36,0.0
2025-01-12T00:00:00+00:00,97.57,97.57,0.0
2025-01-12T01:00:00+00:00,90.0,90.0,0.0
2025-01-12T02:00:00+00:00,85.91,85.91,0.0
2025-01-12T03:00:00+00:00,85.0,85.0,0.0
2025-01-12T04:00:00+00:00,85.7,85.7,0.0
2025-01-12T05:00:00+00:00,90.13,90.13,0.0
2025-01-12T06:00:00+00:00,101.75,103.68,1.9300000000000068
2025-01-12T07:00:00+00:00,114.97,118.48,3.510000000000005
2025-01-12T08:00:00+00:00,120.07,120.07,0.0
2025-01-12T09:00:00+00:00,117.77,117.77,0.0
2025-01-12T10:00:00+00:00,105.61,111.77,6.159999999999997
2025-01-12T11:00:00+00:00,102.99,109.59,6.6000000000000085
2025-01-12T12:00:00+00:00,99.61,100.0,0.39000000000000057
2025-01-12T13:00:00+00:00,95.4,105.34,9.939999999999998
2025-01-12T14:00:00+00:00,101.24,120.0,18.760000000000005
2025-01-12T15:00:00+00:00,109.56,135.0,25.439999999999998
2025-01-12T16:00:00+00:00,120.61,142.77,22.16000000000001
2025-01-12T17:00:00+00:00,146.66,146.66,0.0
2025-01-12T18:00:00+00:00,138.07,144.24,6.170000000000016
2025-01-12T19:00:00+00:00,124.0,135.99,11.990000000000009
2025-01-12T20:00:00+00:00,123.67,127.84,4.170000000000002
2025-01-12T21:00:00+00:00,116.73,121.61,4.8799999999999955
2025-01-12T22:00:00+00:00,114.9,114.9,0.0
2025-01-12T23:00:00+00:00,112.39,112.39,0.0
2025-01-13T00:00:00+00:00,105.07,105.07,0.0
2025-01-13T01:00:00+00:00,104.46,104.46,0.0
2025-01-13T02:00:00+00:00,100.37,100.37,0.0
2025-01-13T03:00:00+00:00,100.0,100.0,0.0
2025-01-13T04:00:00+00:00,109.13,110.2,1.0700000000000074
2025-01-13T05:00:00+00:00,127.14,138.88,11.739999999999995
2025-01-13T06:00:00+00:00,150.16,154.67,4.509999999999991
2025-01-13T07:00:00+00:00,186.0,186.0,0.0
2025-01-13T08:00:00+00:00,146.5,175.0,28.5
2025-01-13T09:00:00+00:00,128.38,140.71,12.330000000000013
2025-01-13T10:00:00+00:00,116.13,132.0,15.870000000000005
2025-01-13T11:00:00+00:00,105.69,124.85,19.159999999999997
2025-01-13T12:00:00+00:00,100.81,125.8,24.989999999999995
2025-01-13T13:00:00+00:00,104.91,136.03,31.120000000000005
2025-01-13T14:00:00+00:00,112.59,149.11,36.52000000000001
2025-01-13T15:00:00+00:00,126.64,154.99,28.35000000000001
2025-01-13T16:00:00+00:00,148.7,156.83,8.130000000000024
2025-01-13T17:00:00+00:00,157.07,157.07,0.0
2025-01-13T18:00:00+00:00,158.39,158.39,0.0
2025-01-13T19:00:00+00:00,141.32,141.32,0.0
2025-01-13T20:00:00+00:00,122.59,133.58,10.990000000000009
2025-01-13T21:00:00+00:00,121.41,127.6,6.189999999999998
2025-01-13T22:00:00+00:00,120.1,120.1,0.0
2025-01-13T23:00:00+00:00,122.19,122.19,0.0
2025-01-14T00:00:00+00:00,117.67,117.67,0.0
2025-01-14T01:00:00+00:00,114.53,114.53,0.0
2025-01-14T02:00:00+00:00,112.2,112.2,0.0
2025-01-14T03:00:00+00:00,112.2,112.2,0.0
2025-01-14T04:00:00+00:00,114.34,114.34,0.0
2025-01-14T05:00:00+00:00,138.52,138.52,0.0
2025-01-14T06:00:00+00:00,161.02,161.02,0.0
2025-01-14T07:00:00+00:00,186.54,186.54,0.0
2025-01-14T08:00:00+00:00,152.47,157.51,5.039999999999992
2025-01-14T09:00:00+00:00,133.76,137.85,4.090000000000003
2025-01-14T10:00:00+00:00,114.53,129.18,14.650000000000006
2025-01-14T11:00:00+00:00,112.37,120.0,7.6299999999999955
2025-01-14T12:00:00+00:00,111.63,120.0,8.370000000000005
2025-01-14T13:00:00+00:00,116.44,132.01,15.569999999999993
2025-01-14T14:00:00+00:00,129.11,147.3,18.189999999999998
2025-01-14T15:00:00+00:00,145.13,160.0,14.870000000000005
2025-01-14T16:00:00+00:00,169.66,180.0,10.340000000000003
2025-01-14T17:00:00+00:00,188.31,188.31,0.0
2025-01-14T18:00:00+00:00,189.54,189.54,0.0
2025-01-14T19:00:00+00:00,154.0,167.62,13.620000000000005
2025-01-14T20:00:00+00:00,127.62,150.0,22.379999999999995
2025-01-14T21:00:00+00:00,135.31,145.0,9.689999999999998
2025-01-14T22:00:00+00:00,122.27,133.0,10.730000000000004
2025-01-14T23:00:00+00:00,119.33,129.1,9.769999999999996
2025-01-15T00:00:00+00:00,122.4,125.46,3.059999999999988
2025-01-15T01:00:00+00:00,118.6,125.34,6.740000000000009
2025-01-15T02:00:00+00:00,109.76,125.4,15.64
2025-01-15T03:00:00+00:00,111.77,124.13,12.36
2025-01-15T04:00:00+00:00,118.13,132.62,14.490000000000009
2025-01-15T05:00:00+00:00,135.56,145.75,10.189999999999998
2025-01-15T06:00:00+00:00,192.04,192.04,0.0
2025-01-15T07:00:00+00:00,275.0,275.0,0.0
2025-01-15T08:00:00+00:00,250.0,250.0,0.0
2025-01-15T09:00:00+00:00,179.56,189.01,9.449999999999989
2025-01-15T10:00:00+00:00,169.1,185.0,15.900000000000006
2025-01-15T11:00:00+00:00,166.26,166.26,0.0
2025-01-15T12:00:00+00:00,156.64,157.13,0.4900000000000091
2025-01-15T13:00:00+00:00,143.49,170.0,26.50999999999999
2025-01-15T14:00:00+00:00,140.65,192.3,51.650000000000006
2025-01-15T15:00:00+00:00,135.0,190.27,55.27000000000001
2025-01-15T16:00:00+00:00,191.02,207.58,16.560000000000002
2025-01-15T17:00:00+00:00,221.91,221.91,0.0
2025-01-15T18:00:00+00:00,215.0,215.0,0.0
2025-01-15T19:00:00+00:00,168.78,179.35,10.569999999999993
2025-01-15T20:00:00+00:00,150.97,156.18,5.210000000000008
2025-01-15T21:00:00+00:00,138.77,144.58,5.810000000000002
2025-01-15T22:00:00+00:00,123.9,140.92,17.019999999999982
2025-01-15T23:00:00+00:00,124.33,126.33,2.0
2025-01-16T00:00:00+00:00,118.41,122.83,4.420000000000002
2025-01-16T01:00:00+00:00,114.0,118.88,4.8799999999999955
2025-01-16T02:00:00+00:00,108.58,117.55,8.969999999999999
2025-01-16T03:00:00+00:00,108.59,119.75,11.159999999999997
2025-01-16T04:00:00+00:00,118.1,128.34,10.240000000000009
2025-01-16T05:00:00+00:00,130.8,146.84,16.039999999999992
2025-01-16T06:00:00+00:00,148.04,192.04,44.0
2025-01-16T07:00:00+00:00,199.94,203.85,3.9099999999999966
2025-01-16T08:00:00+00:00,175.0,175.0,0.0
2025-01-16T09:00:00+00:00,151.9,151.9,0.0
2025-01-16T10:00:00+00:00,140.64,140.64,0.0
2025-01-16T11:00:00+00:00,131.13,138.65,7.52000000000001
2025-01-16T12:00:00+00:00,123.84,138.7,14.859999999999985
2025-01-16T13:00:00+00:00,115.14,145.1,29.959999999999994
2025-01-16T14:00:00+00:00,119.64,167.36,47.72000000000001
2025-01-16T15:00:00+00:00,137.69,180.0,42.31
2025-01-16T16:00:00+00:00,164.77,191.55,26.78
2025-01-16T17:00:00+00:00,184.32,184.32,0.0
2025-01-16T18:00:00+00:00,179.97,179.97,0.0
2025-01-16T19:00:00+00:00,159.6,159.6,0.0
2025-01-16T20:00:00+00:00,142.32,148.95,6.6299999999999955
2025-01-16T21:00:00+00:00,136.02,140.55,4.530000000000001
2025-01-16T22:00:00+00:00,124.44,131.09,6.650000000000006
2025-01-16T23:00:00+00:00,124.83,128.79,3.9599999999999937
2025-01-17T00:00:00+00:00,121.32,126.0,4.680000000000007
2025-01-17T01:00:00+00:00,118.2,123.38,5.179999999999993
2025-01-17T02:00:00+00:00,117.49,119.1,1.6099999999999994
2025-01-17T03:00:00+00:00,117.26,118.73,1.4699999999999989
2025-01-17T04:00:00+00:00,119.99,125.07,5.079999999999998
2025-01-17T05:00:00+00:00,140.8,140.8,0.0
2025-01-17T06:00:00+00:00,175.01,175.01,0.0
2025-01-17T07:00:00+00:00,208.13,208.13,0.0
2025-01-17T08:00:00+00:00,175.34,175.34,0.0
2025-01-17T09:00:00+00:00,149.39,149.39,0.0
2025-01-17T10:00:00+00:00,136.0,136.0,0.0
2025-01-17T11:00:00+00:00,126.44,126.44,0.0
2025-01-17T12:00:00+00:00,124.03,124.03,0.0
2025-01-17T13:00:00+00:00,119.51,133.74,14.230000000000004
2025-01-17T14:00:00+00:00,120.02,147.36,27.340000000000018
2025-01-17T15:00:00+00:00,138.02,165.68,27.659999999999997
2025-01-17T16:00:00+00:00,172.31,172.31,0.0
2025-01-17T17:00:00+00:00,179.92,179.92,0.0
2025-01-17T18:00:00+00:00,174.22,174.22,0.0
2025-01-17T19:00:00+00:00,157.91,157.91,0.0
2025-01-17T20:00:00+00:00,145.0,145.0,0.0
2025-01-17T21:00:00+00:00,139.97,139.97,0.0
2025-01-17T22:00:00+00:00,127.05,128.98,1.9299999999999926
2025-01-17T23:00:00+00:00,125.46,132.0,6.540000000000006
2025-01-18T00:00:00+00:00,121.08,128.4,7.320000000000007
2025-01-18T01:00:00+00:00,121.06,128.1,7.039999999999992
2025-01-18T02:00:00+00:00,118.86,127.08,8.219999999999999
2025-01-18T03:00:00+00:00,116.56,126.08,9.519999999999996
2025-01-18T04:00:00+00:00,119.78,128.71,8.930000000000007
2025-01-18T05:00:00+00:00,120.0,133.53,13.530000000000001
2025-01-18T06:00:00+00:00,133.8,145.18,11.379999999999995
2025-01-18T07:00:00+00:00,145.69,152.34,6.650000000000006
2025-01-18T08:00:00+00:00,144.1,150.67,6.569999999999993
2025-01-18T09:00:00+00:00,131.7,140.14,8.439999999999998
2025-01-18T10:00:00+00:00,121.6,131.4,9.800000000000011
2025-01-18T11:00:00+00:00,118.87,125.99,7.11999999999999
2025-01-18T12:00:00+00:00,115.01,124.0,8.989999999999995
2025-01-18T13:00:00+00:00,117.28,126.8,9.519999999999996
2025-01-18T14:00:00+00:00,113.97,138.54,24.569999999999993
2025-01-18T15:00:00+00:00,120.9,154.22,33.31999999999999
2025-01-18T16:00:00+00:00,145.65,165.97,20.319999999999993
2025-01-18T17:00:00+00:00,167.57,167.57,0.0
2025-01-18T18:00:00+00:00,167.85,167.85,0.0
2025-01-18T19:00:00+00:00,156.12,156.12,0.0
2025-01-18T20:00:00+00:00,143.42,144.88,1.460000000000008
2025-01-18T21:00:00+00:00,136.4,143.77,7.3700000000000045
2025-01-18T22:00:00+00:00,129.36,133.86,4.5
2025-01-18T23:00:00+00:00,129.77,134.8,5.030000000000001
2025-01-19T00:00:00+00:00,124.35,130.49,6.140000000000015
2025-01-19T01:00:00+00:00,123.17,128.1,4.929999999999993
2025-01-19T02:00:00+00:00,121.24,128.1,6.859999999999999
2025-01-19T03:00:00+00:00,120.18,127.6,7.4199999999999875
2025-01-19T04:00:00+00:00,120.0,126.62,6.6200000000000045
2025-01-19T05:00:00+00:00,121.59,132.31,10.719999999999999
2025-01-19T06:00:00+00:00,123.47,143.57,20.099999999999994
2025-01-19T07:00:00+00:00,123.61,155.0,31.39
2025-01-19T08:00:00+00:00,125.33,143.57,18.239999999999995
2025-01-19T09:00:00+00:00,125.43,140.14,14.70999999999998
2025-01-19T10:00:00+00:00,122.16,140.0,17.840000000000003
2025-01-19T11:00:00+00:00,112.25,143.57,31.319999999999993
2025-01-19T12:00:00+00:00,107.51,141.39,33.87999999999998
2025-01-19T13:00:00+00:00,116.81,141.37,24.560000000000002
2025-01-19T14:00:00+00:00,113.41,141.34,27.930000000000007
2025-01-19T15:00:00+00:00,120.74,152.73,31.989999999999995
2025-01-19T16:00:00+00:00,143.04,167.73,24.689999999999998
2025-01-19T17:00:00+00:00,159.68,169.81,10.129999999999995
2025-01-19T18:00:00+00:00,157.33,170.0,12.669999999999987
2025-01-19T19:00:00+00:00,150.03,164.79,14.759999999999991
2025-01-19T20:00:00+00:00,140.38,157.0,16.620000000000005
2025-01-19T21:00:00+00:00,131.56,147.64,16.079999999999984
2025-01-19T22:00:00+00:00,123.12,143.17,20.049999999999983
2025-01-19T23:00:00+00:00,122.3,131.95,9.649999999999991
2025-01-20T00:00:00+00:00,119.5,127.69,8.189999999999998
2025-01-20T01:00:00+00:00,116.57,127.63,11.060000000000002
2025-01-20T02:00:00+00:00,114.41,127.73,13.320000000000007
2025-01-20T03:00:00+00:00,115.45,127.75,12.299999999999997
2025-01-20T04:00:00+00:00,116.1,132.92,16.819999999999993
2025-01-20T05:00:00+00:00,137.33,162.18,24.849999999999994
2025-01-20T06:00:00+00:00,190.26,195.43,5.170000000000016
2025-01-20T07:00:00+00:00,289.0,289.0,0.0
2025-01-20T08:00:00+00:00,289.0,289.0,0.0
2025-01-20T09:00:00+00:00,236.29,236.29,0.0
2025-01-20T10:00:00+00:00,188.28,188.28,0.0
2025-01-20T11:00:00+00:00,176.5,176.5,0.0
2025-01-20T12:00:00+00:00,171.39,171.39,0.0
2025-01-20T13:00:00+00:00,182.73,186.5,3.7700000000000102
2025-01-20T14:00:00+00:00,193.39,209.3,15.910000000000025
2025-01-20T15:00:00+00:00,235.0,235.0,0.0
2025-01-20T16:00:00+00:00,276.18,276.18,0.0
2025-01-20T17:00:00+00:00,473.28,289.0,-184.27999999999997
2025-01-20T18:00:00+00:00,295.57,289.0,-6.569999999999993
2025-01-20T19:00:00+00:00,220.0,220.0,0.0
2025-01-20T20:00:00+00:00,170.0,170.0,0.0
2025-01-20T21:00:00+00:00,153.58,153.58,0.0
2025-01-20T22:00:00+00:00,139.0,141.99,2.990000000000009
2025-01-20T23:00:00+00:00,136.0,136.0,0.0
2025-01-21T00:00:00+00:00,130.65,130.65,0.0
2025-01-21T01:00:00+00:00,124.35,125.69,1.3400000000000034
2025-01-21T02:00:00+00:00,117.05,127.98,10.930000000000007
2025-01-21T03:00:00+00:00,115.3,129.27,13.970000000000013
2025-01-21T04:00:00+00:00,123.83,137.62,13.790000000000006
2025-01-21T05:00:00+00:00,138.86,147.17,8.309999999999974
2025-01-21T06:00:00+00:00,190.0,190.0,0.0
2025-01-21T07:00:00+00:00,245.0,245.0,0.0
2025-01-21T08:00:00+00:00,212.22,212.22,0.0
2025-01-21T09:00:00+00:00,200.0,200.0,0.0
2025-01-21T10:00:00+00:00,164.84,164.84,0.0
2025-01-21T11:00:00+00:00,151.36,151.36,0.0
2025-01-21T12:00:00+00:00,145.81,145.81,0.0
2025-01-21T13:00:00+00:00,151.03,151.03,0.0
2025-01-21T14:00:00+00:00,165.48,165.48,0.0
2025-01-21T15:00:00+00:00,160.32,191.43,31.110000000000014
2025-01-21T16:00:00+00:00,199.32,199.32,0.0
2025-01-21T17:00:00+00:00,208.44,208.44,0.0
2025-01-21T18:00:00+00:00,187.72,187.72,0.0
2025-01-21T19:00:00+00:00,160.18,171.0,10.819999999999993
2025-01-21T20:00:00+00:00,147.08,151.5,4.4199999999999875
2025-01-21T21:00:00+00:00,137.0,141.62,4.6200000000000045
2025-01-21T22:00:00+00:00,125.75,135.88,10.129999999999995
2025-01-21T23:00:00+00:00,123.53,132.0,8.469999999999999
2025-01-22T00:00:00+00:00,116.3,126.0,9.700000000000003
2025-01-22T01:00:00+00:00,106.78,126.0,19.22
2025-01-22T02:00:00+00:00,104.45,126.0,21.549999999999997
2025-01-22T03:00:00+00:00,103.6,128.1,24.5
2025-01-22T04:00:00+00:00,107.0,138.2,31.19999999999999
2025-01-22T05:00:00+00:00,120.57,147.3,26.730000000000018
2025-01-22T06:00:00+00:00,140.33,174.57,34.23999999999998
2025-01-22T07:00:00+00:00,200.0,206.17,6.1699999999999875
2025-01-22T08:00:00+00:00,199.41,199.41,0.0
2025-01-22T09:00:00+00:00,179.06,179.06,0.0
2025-01-22T10:00:00+00:00,172.94,172.94,0.0
2025-01-22T11:00:00+00:00,165.0,165.0,0.0
2025-01-22T12:00:00+00:00,170.0,170.0,0.0
2025-01-22T13:00:00+00:00,177.03,177.03,0.0
2025-01-22T14:00:00+00:00,185.0,185.0,0.0
2025-01-22T15:00:00+00:00,165.85,180.0,14.150000000000006
2025-01-22T16:00:00+00:00,149.03,184.06,35.03
2025-01-22T17:00:00+00:00,159.6,180.0,20.400000000000006
2025-01-22T18:00:00+00:00,167.72,167.72,0.0
2025-01-22T19:00:00+00:00,139.49,155.0,15.509999999999991
2025-01-22T20:00:00+00:00,127.94,145.66,17.72
2025-01-22T21:00:00+00:00,129.86,144.62,14.759999999999991
2025-01-22T22:00:00+00:00,116.27,140.0,23.730000000000004
2025-01-22T23:00:00+00:00,114.6,128.65,14.050000000000011
2025-01-23T00:00:00+00:00,109.77,125.0,15.230000000000004
2025-01-23T01:00:00+00:00,105.84,121.31,15.469999999999999
2025-01-23T02:00:00+00:00,100.45,120.5,20.049999999999997
2025-01-23T03:00:00+00:00,98.53,115.28,16.75
2025-01-23T04:00:00+00:00,101.82,126.84,25.02000000000001
2025-01-23T05:00:00+00:00,113.79,145.0,31.209999999999994
2025-01-23T06:00:00+00:00,142.28,159.26,16.97999999999999
2025-01-23T07:00:00+00:00,160.34,171.97,11.629999999999995
2025-01-23T08:00:00+00:00,157.26,167.5,10.240000000000009
2025-01-23T09:00:00+00:00,135.21,155.0,19.789999999999992
2025-01-23T10:00:00+00:00,123.6,152.5,28.900000000000006
2025-01-23T11:00:00+00:00,104.18,142.94,38.75999999999999
2025-01-23T12:00:00+00:00,98.58,144.94,46.36
2025-01-23T13:00:00+00:00,95.4,152.2,56.79999999999998
2025-01-23T14:00:00+00:00,100.26,158.0,57.739999999999995
2025-01-23T15:00:00+00:00,100.97,162.54,61.56999999999999
2025-01-23T16:00:00+00:00,115.69,165.54,49.849999999999994
2025-01-23T17:00:00+00:00,121.78,161.54,39.75999999999999
2025-01-23T18:00:00+00:00,114.79,159.0,44.209999999999994
2025-01-23T19:00:00+00:00,98.44,149.8,51.360000000000014
2025-01-23T20:00:00+00:00,84.21,144.0,59.790000000000006
2025-01-23T21:00:00+00:00,85.09,143.26,58.16999999999999
2025-01-23T22:00:00+00:00,65.01,133.78,68.77
2025-01-23T23:00:00+00:00,75.16,132.9,57.74000000000001
2025-01-24T00:00:00+00:00,63.05,128.0,64.95
2025-01-24T01:00:00+00:00,48.6,126.0,77.4
2025-01-24T02:00:00+00:00,44.37,126.0,81.63
2025-01-24T03:00:00+00:00,16.01,127.94,111.92999999999999
2025-01-24T04:00:00+00:00,30.03,136.5,106.47
2025-01-24T05:00:00+00:00,64.93,155.0,90.07
2025-01-24T06:00:00+00:00,104.09,170.0,65.91
2025-01-24T07:00:00+00:00,105.26,169.0,63.739999999999995
2025-01-24T08:00:00+00:00,97.14,160.12,62.980000000000004
2025-01-24T09:00:00+00:00,93.63,147.72,54.09
2025-01-24T10:00:00+00:00,81.93,139.28,57.349999999999994
2025-01-24T11:00:00+00:00,79.68,127.94,48.25999999999999
2025-01-24T12:00:00+00:00,77.26,125.5,48.239999999999995
2025-01-24T13:00:00+00:00,75.07,133.29,58.22
2025-01-24T14:00:00+00:00,77.26,145.8,68.54
2025-01-24T15:00:00+00:00,77.13,158.0,80.87
2025-01-24T16:00:00+00:00,92.7,165.25,72.55
2025-01-24T17:00:00+00:00,99.64,167.78,68.14
2025-01-24T18:00:00+00:00,101.02,164.23,63.209999999999994
2025-01-24T19:00:00+00:00,93.67,154.34,60.67
2025-01-24T20:00:00+00:00,87.96,159.21,71.25000000000001
2025-01-24T21:00:00+00:00,96.72,146.81,50.09
2025-01-24T22:00:00+00:00,90.7,139.23,48.52999999999999
2025-01-24T23:00:00+00:00,57.03,141.0,83.97
2025-01-25T00:00:00+00:00,35.0,135.0,100.0
2025-01-25T01:00:00+00:00,25.2,130.37,105.17
2025-01-25T02:00:00+00:00,19.71,128.96,109.25
2025-01-25T03:00:00+00:00,16.8,128.84,112.04
2025-01-25T04:00:00+00:00,17.72,130.0,112.28
2025-01-25T05:00:00+00:00,25.0,139.0,114.0
2025-01-25T06:00:00+00:00,49.29,147.94,98.65
2025-01-25T07:00:00+00:00,55.54,147.3,91.76000000000002
2025-01-25T08:00:00+00:00,73.4,143.0,69.6
2025-01-25T09:00:00+00:00,60.73,135.0,74.27000000000001
2025-01-25T10:00:00+00:00,63.25,128.99,65.74000000000001
2025-01-25T11:00:00+00:00,70.17,125.0,54.83
2025-01-25T12:00:00+00:00,76.09,121.0,44.91
2025-01-25T13:00:00+00:00,55.16,125.0,69.84
2025-01-25T14:00:00+00:00,45.09,131.3,86.21000000000001
2025-01-25T15:00:00+00:00,53.77,152.0,98.22999999999999
2025-01-25T16:00:00+00:00,85.21,156.43,71.22000000000001
2025-01-25T17:00:00+00:00,118.32,160.15,41.83000000000001
2025-01-25T18:00:00+00:00,120.74,160.5,39.760000000000005
2025-01-25T19:00:00+00:00,96.37,152.86,56.49000000000001
2025-01-25T20:00:00+00:00,87.38,143.9,56.52000000000001
2025-01-25T21:00:00+00:00,86.5,137.5,51.0
2025-01-25T22:00:00+00:00,81.06,133.97,52.91
2025-01-25T23:00:00+00:00,60.02,134.8,74.78
2025-01-26T00:00:00+00:00,61.36,129.9,68.54
2025-01-26T01:00:00+00:00,29.7,126.7,97.0
2025-01-26T02:00:00+00:00,49.34,118.25,68.91
2025-01-26T03:00:00+00:00,26.21,117.36,91.15
2025-01-26T04:00:00+00:00,33.41,117.36,83.95
2025-01-26T05:00:00+00:00,44.2,123.09,78.89
2025-01-26T06:00:00+00:00,47.96,129.25,81.28999999999999
2025-01-26T07:00:00+00:00,29.54,134.4,104.86000000000001
2025-01-26T08:00:00+00:00,26.21,135.61,109.4
2025-01-26T09:00:00+00:00,25.95,131.9,105.95
2025-01-26T10:00:00+00:00,79.22,128.5,49.28
2025-01-26T11:00:00+00:00,84.83,123.07,38.239999999999995
2025-01-26T12:00:00+00:00,29.81,112.21,82.39999999999999
2025-01-26T13:00:00+00:00,14.98,114.27,99.28999999999999
2025-01-26T14:00:00+00:00,13.46,121.56,108.1
2025-01-26T15:00:00+00:00,13.45,136.41,122.96
2025-01-26T16:00:00+00:00,25.2,144.58,119.38000000000001
2025-01-26T17:00:00+00:00,51.54,146.8,95.26000000000002
2025-01-26T18:00:00+00:00,44.38,150.2,105.82
2025-01-26T19:00:00+00:00,39.06,145.0,105.94
2025-01-26T20:00:00+00:00,33.78,138.0,104.22
2025-01-26T21:00:00+00:00,32.35,134.23,101.88
2025-01-26T22:00:00+00:00,26.32,128.1,101.78
2025-01-26T23:00:00+00:00,15.67,129.15,113.48
2025-01-27T00:00:00+00:00,7.06,118.85,111.78999999999999
2025-01-27T01:00:00+00:00,13.1,110.93,97.83000000000001
2025-01-27T02:00:00+00:00,3.52,109.98,106.46000000000001
2025-01-27T03:00:00+00:00,0.65,110.72,110.07
2025-01-27T04:00:00+00:00,4.94,121.8,116.86
2025-01-27T05:00:00+00:00,19.57,141.2,121.63
2025-01-27T06:00:00+00:00,31.84,159.07,127.22999999999999
2025-01-27T07:00:00+00:00,48.01,160.0,111.99000000000001
2025-01-27T08:00:00+00:00,43.06,155.1,112.03999999999999
2025-01-27T09:00:00+00:00,35.72,157.01,121.28999999999999
2025-01-27T10:00:00+00:00,32.76,151.8,119.04000000000002
2025-01-27T11:00:00+00:00,32.69,143.7,111.00999999999999
2025-01-27T12:00:00+00:00,33.77,141.4,107.63
2025-01-27T13:00:00+00:00,22.54,150.0,127.46000000000001
2025-01-27T14:00:00+00:00,19.9,156.5,136.6
2025-01-27T15:00:00+00:00,22.97,167.8,144.83
2025-01-27T16:00:00+00:00,55.67,170.57,114.89999999999999
2025-01-27T17:00:00+00:00,57.18,171.49,114.31
2025-01-27T18:00:00+00:00,57.1,170.0,112.9
2025-01-27T19:00:00+00:00,40.9,153.0,112.1
2025-01-27T20:00:00+00:00,37.68,142.03,104.35
2025-01-27T21:00:00+00:00,32.0,139.96,107.96000000000001
2025-01-27T22:00:00+00:00,26.23,131.68,105.45
2025-01-27T23:00:00+00:00,16.55,122.5,105.95
2025-01-28T00:00:00+00:00,9.12,110.97,101.85
2025-01-28T01:00:00+00:00,4.56,110.38,105.82
2025-01-28T02:00:00+00:00,5.29,110.37,105.08
2025-01-28T03:00:00+00:00,0.65,109.22,108.57
2025-01-28T04:00:00+00:00,0.65,119.34,118.69
2025-01-28T05:00:00+00:00,16.27,140.0,123.73
2025-01-28T06:00:00+00:00,39.6,151.91,112.31
2025-01-28T07:00:00+00:00,61.83,157.45,95.61999999999999
2025-01-28T08:00:00+00:00,58.32,157.47,99.15
2025-01-28T09:00:00+00:00,23.28,152.42,129.14
2025-01-28T10:00:00+00:00,29.14,141.0,111.86
2025-01-28T11:00:00+00:00,41.44,128.1,86.66
2025-01-28T12:00:00+00:00,25.05,128.09,103.04
2025-01-28T13:00:00+00:00,23.57,131.6,108.03
2025-01-28T14:00:00+00:00,25.56,141.15,115.59
2025-01-28T15:00:00+00:00,30.67,152.81,122.14
2025-01-28T16:00:00+00:00,31.58,155.0,123.42
2025-01-28T17:00:00+00:00,51.46,160.0,108.53999999999999
2025-01-28T18:00:00+00:00,69.5,155.0,85.5
2025-01-28T19:00:00+00:00,60.0,150.0,90.0
2025-01-28T20:00:00+00:00,48.03,141.08,93.05000000000001
2025-01-28T21:00:00+00:00,34.22,139.14,104.91999999999999
2025-01-28T22:00:00+00:00,26.28,130.0,103.72
2025-01-28T23:00:00+00:00,27.74,120.28,92.54
2025-01-29T00:00:00+00:00,25.52,115.45,89.93
2025-01-29T01:00:00+00:00,15.05,116.5,101.45
2025-01-29T02:00:00+00:00,3.52,113.07,109.55
2025-01-29T03:00:00+00:00,3.52,110.74,107.22
2025-01-29T04:00:00+00:00,3.52,123.78,120.26
2025-01-29T05:00:00+00:00,38.16,143.08,104.92000000000002
2025-01-29T06:00:00+00:00,76.68,160.0,83.32
2025-01-29T07:00:00+00:00,103.61,165.88,62.269999999999996
2025-01-29T08:00:00+00:00,69.2,151.76,82.55999999999999
2025-01-29T09:00:00+00:00,45.0,147.05,102.05000000000001
2025-01-29T10:00:00+00:00,46.02,135.0,88.97999999999999
2025-01-29T11:00:00+00:00,72.92,125.08,52.16
2025-01-29T12:00:00+00:00,75.39,125.0,49.61
2025-01-29T13:00:00+00:00,75.16,130.0,54.84
2025-01-29T14:00:00+00:00,85.61,138.67,53.05999999999999
2025-01-29T15:00:00+00:00,102.94,161.14,58.19999999999999
2025-01-29T16:00:00+00:00,147.4,165.94,18.539999999999992
2025-01-29T17:00:00+00:00,140.11,158.37,18.25999999999999
2025-01-29T18:00:00+00:00,146.08,158.4,12.319999999999993
2025-01-29T19:00:00+00:00,134.31,146.42,12.109999999999985
2025-01-29T20:00:00+00:00,118.57,141.0,22.430000000000007
2025-01-29T21:00:00+00:00,99.38,139.08,39.70000000000002
2025-01-29T22:00:00+00:00,91.01,130.0,38.989999999999995
2025-01-29T23:00:00+00:00,66.63,127.56,60.93000000000001
2025-01-30T00:00:00+00:00,65.29,122.95,57.66
2025-01-30T01:00:00+00:00,72.82,121.6,48.78
2025-01-30T02:00:00+00:00,39.15,120.0,80.85
2025-01-30T03:00:00+00:00,30.45,117.9,87.45
2025-01-30T04:00:00+00:00,55.79,120.1,64.31
2025-01-30T05:00:00+00:00,93.26,141.5,48.239999999999995
2025-01-30T06:00:00+00:00,135.85,154.44,18.590000000000003
2025-01-30T07:00:00+00:00,160.3,160.3,0.0
2025-01-30T08:00:00+00:00,143.87,151.92,8.049999999999983
2025-01-30T09:00:00+00:00,134.75,145.0,10.25
2025-01-30T10:00:00+00:00,123.25,136.13,12.879999999999995
2025-01-30T11:00:00+00:00,115.97,130.0,14.030000000000001
2025-01-30T12:00:00+00:00,113.3,131.39,18.08999999999999
2025-01-30T13:00:00+00:00,110.04,133.77,23.730000000000004
2025-01-30T14:00:00+00:00,103.76,153.25,49.489999999999995
2025-01-30T15:00:00+00:00,97.78,160.72,62.94
2025-01-30T16:00:00+00:00,115.9,175.12,59.22
2025-01-30T17:00:00+00:00,143.31,171.6,28.289999999999992
2025-01-30T18:00:00+00:00,161.0,161.28,0.28000000000000114
2025-01-30T19:00:00+00:00,138.91,151.45,12.539999999999992
2025-01-30T20:00:00+00:00,125.0,147.0,22.0
2025-01-30T21:00:00+00:00,122.11,142.66,20.549999999999997
2025-01-30T22:00:00+00:00,120.2,136.28,16.08
2025-01-30T23:00:00+00:00,120.0,129.95,9.949999999999989
2025-01-31T00:00:00+00:00,113.22,125.0,11.780000000000001
2025-01-31T01:00:00+00:00,112.1,125.1,13.0
2025-01-31T02:00:00+00:00,100.33,129.92,29.58999999999999
2025-01-31T03:00:00+00:00,102.47,130.0,27.53
2025-01-31T04:00:00+00:00,111.54,133.99,22.450000000000003
2025-01-31T05:00:00+00:00,120.47,148.61,28.140000000000015
2025-01-31T06:00:00+00:00,143.16,160.09,16.930000000000007
2025-01-31T07:00:00+00:00,163.7,166.18,2.480000000000018
2025-01-31T08:00:00+00:00,154.82,165.0,10.180000000000007
2025-01-31T09:00:00+00:00,130.1,160.0,29.900000000000006
2025-01-31T10:00:00+00:00,126.2,150.0,23.799999999999997
2025-01-31T11:00:00+00:00,120.06,145.0,24.939999999999998
2025-01-31T12:00:00+00:00,121.19,145.0,23.810000000000002
2025-01-31T13:00:00+00:00,116.68,149.43,32.75
2025-01-31T14:00:00+00:00,111.0,153.66,42.66
2025-01-31T15:00:00+00:00,111.56,167.5,55.94
2025-01-31T16:00:00+00:00,121.32,180.0,58.68000000000001
2025-01-31T17:00:00+00:00,184.48,184.48,0.0
2025-01-31T18:00:00+00:00,178.99,178.99,0.0
2025-01-31T19:00:00+00:00,162.66,162.66,0.0
2025-01-31T20:00:00+00:00,152.7,152.7,0.0
2025-01-31T21:00:00+00:00,145.02,149.0,3.9799999999999898
2025-01-31T22:00:00+00:00,131.29,140.83,9.54000000000002
2025-01-31T23:00:00+00:00,137.18,144.0,6.819999999999993
2025-02-01T00:00:00+00:00,129.61,139.93,10.319999999999993
2025-02-01T01:00:00+00:00,124.38,135.27,10.890000000000015
2025-02-01T02:00:00+00:00,116.96,131.2,14.239999999999995
2025-02-01T03:00:00+00:00,104.73,133.41,28.679999999999993
2025-02-01T04:00:00+00:00,108.17,133.53,25.36
2025-02-01T05:00:00+00:00,124.45,141.32,16.86999999999999
2025-02-01T06:00:00+00:00,144.74,148.44,3.6999999999999886
2025-02-01T07:00:00+00:00,153.46,155.97,2.509999999999991
2025-02-01T08:00:00+00:00,142.44,159.25,16.810000000000002
2025-02-01T09:00:00+00:00,128.4,151.19,22.789999999999992
2025-02-01T10:00:00+00:00,120.08,143.59,23.510000000000005
2025-02-01T11:00:00+00:00,110.29,136.33,26.040000000000006
2025-02-01T12:00:00+00:00,103.4,133.46,30.060000000000002
2025-02-01T13:00:00+00:00,113.7,134.6,20.89999999999999
2025-02-01T14:00:00+00:00,113.66,143.85,30.189999999999998
2025-02-01T15:00:00+00:00,124.88,155.85,30.97
2025-02-01T16:00:00+00:00,132.1,168.08,35.98000000000002
2025-02-01T17:00:00+00:00,155.79,166.97,11.180000000000007
2025-02-01T18:00:00+00:00,162.98,171.32,8.340000000000003
2025-02-01T19:00:00+00:00,156.6,157.03,0.4300000000000068
2025-02-01T20:00:00+00:00,145.24,147.0,1.759999999999991
2025-02-01T21:00:00+00:00,141.73,143.45,1.7199999999999989
2025-02-01T22:00:00+00:00,131.74,143.47,11.72999999999999
2025-02-01T23:00:00+00:00,133.26,142.0,8.740000000000009
2025-02-02T00:00:00+00:00,126.91,132.2,5.289999999999992
2025-02-02T01:00:00+00:00,122.99,123.3,0.3100000000000023
2025-02-02T02:00:00+00:00,120.66,120.66,0.0
2025-02-02T03:00:00+00:00,122.34,122.34,0.0
2025-02-02T04:00:00+00:00,123.41,123.41,0.0
2025-02-02T05:00:00+00:00,128.09,128.09,0.0
2025-02-02T06:00:00+00:00,135.9,135.9,0.0
2025-02-02T07:00:00+00:00,137.3,137.3,0.0
2025-02-02T08:00:00+00:00,137.7,137.7,0.0
2025-02-02T09:00:00+00:00,130.04,133.1,3.0600000000000023
2025-02-02T10:00:00+00:00,129.33,129.33,0.0
2025-02-02T11:00:00+00:00,122.24,122.24,0.0
2025-02-02T12:00:00+00:00,111.88,111.88,0.0
2025-02-02T13:00:00+00:00,110.45,117.0,6.549999999999997
2025-02-02T14:00:00+00:00,103.27,130.34,27.070000000000007
2025-02-02T15:00:00+00:00,101.26,154.67,53.40999999999998
2025-02-02T16:00:00+00:00,132.8,166.0,33.19999999999999
2025-02-02T17:00:00+00:00,164.67,164.67,0.0
2025-02-02T18:00:00+00:00,173.95,173.95,0.0
2025-02-02T19:00:00+00:00,165.5,165.5,0.0
2025-02-02T20:00:00+00:00,155.77,155.77,0.0
2025-02-02T21:00:00+00:00,148.44,149.16,0.7199999999999989
2025-02-02T22:00:00+00:00,133.24,137.25,4.009999999999991
2025-02-02T23:00:00+00:00,129.54,131.47,1.9300000000000068
2025-02-03T00:00:00+00:00,126.63,126.63,0.0
2025-02-03T01:00:00+00:00,124.72,124.72,0.0
2025-02-03T02:00:00+00:00,120.04,120.04,0.0
2025-02-03T03:00:00+00:00,123.24,123.24,0.0
2025-02-03T04:00:00+00:00,127.77,137.11,9.340000000000018
2025-02-03T05:00:00+00:00,159.18,159.18,0.0
2025-02-03T06:00:00+00:00,207.88,207.88,0.0
2025-02-03T07:00:00+00:00,243.23,243.23,0.0
2025-02-03T08:00:00+00:00,178.04,178.04,0.0
2025-02-03T09:00:00+00:00,149.95,149.95,0.0
2025-02-03T10:00:00+00:00,126.69,137.39,10.699999999999989
2025-02-03T11:00:00+00:00,117.27,127.68,10.41000000000001
2025-02-03T12:00:00+00:00,115.19,128.12,12.930000000000007
2025-02-03T13:00:00+00:00,122.73,136.27,13.540000000000006
2025-02-03T14:00:00+00:00,135.33,150.44,15.109999999999985
2025-02-03T15:00:00+00:00,135.13,166.95,31.819999999999993
2025-02-03T16:00:00+00:00,170.64,182.07,11.430000000000007
2025-02-03T17:00:00+00:00,200.73,200.73,0.0
2025-02-03T18:00:00+00:00,201.1,201.1,0.0
2025-02-03T19:00:00+00:00,167.74,167.74,0.0
2025-02-03T20:00:00+00:00,153.0,153.0,0.0
2025-02-03T21:00:00+00:00,144.09,146.48,2.3899999999999864
2025-02-03T22:00:00+00:00,135.81,140.0,4.189999999999998
2025-02-03T23:00:00+00:00,132.4,140.32,7.9199999999999875
2025-02-04T00:00:00+00:00,125.54,133.5,7.959999999999994
2025-02-04T01:00:00+00:00,123.18,132.0,8.819999999999993
2025-02-04T02:00:00+00:00,123.99,129.5,5.510000000000005
2025-02-04T03:00:00+00:00,123.25,130.0,6.75
2025-02-04T04:00:00+00:00,127.63,136.92,9.289999999999992
2025-02-04T05:00:00+00:00,151.95,155.0,3.0500000000000114
2025-02-04T06:00:00+00:00,187.5,187.88,0.37999999999999545
2025-02-04T07:00:00+00:00,211.99,211.99,0.0
2025-02-04T08:00:00+00:00,163.31,165.0,1.6899999999999977
2025-02-04T09:00:00+00:00,136.53,150.1,13.569999999999993
2025-02-04T10:00:00+00:00,127.8,140.29,12.489999999999995
2025-02-04T11:00:00+00:00,122.71,131.46,8.750000000000014
2025-02-04T12:00:00+00:00,113.26,131.46,18.200000000000003
2025-02-04T13:00:00+00:00,120.09,137.14,17.049999999999983
2025-02-04T14:00:00+00:00,124.97,145.59,20.620000000000005
2025-02-04T15:00:00+00:00,122.57,162.95,40.379999999999995
2025-02-04T16:00:00+00:00,134.32,174.08,39.76000000000002
2025-02-04T17:00:00+00:00,175.0,175.0,0.0
2025-02-04T18:00:00+00:00,173.92,173.92,0.0
2025-02-04T19:00:00+00:00,152.47,162.05,9.580000000000013
2025-02-04T20:00:00+00:00,132.91,155.0,22.090000000000003
2025-02-04T21:00:00+00:00,140.32,152.56,12.240000000000009
2025-02-04T22:00:00+00:00,137.95,148.7,10.75
2025-02-04T23:00:00+00:00,128.44,134.8,6.360000000000014
2025-02-05T00:00:00+00:00,119.39,132.78,13.39
2025-02-05T01:00:00+00:00,116.59,130.0,13.409999999999997
2025-02-05T02:00:00+00:00,115.64,128.8,13.16000000000001
2025-02-05T03:00:00+00:00,117.33,128.8,11.470000000000013
2025-02-05T04:00:00+00:00,123.05,133.0,9.950000000000003
2025-02-05T05:00:00+00:00,140.34,151.43,11.090000000000003
2025-02-05T06:00:00+00:00,168.48,168.83,0.35000000000002274
2025-02-05T07:00:00+00:00,180.81,180.81,0.0
2025-02-05T08:00:00+00:00,159.33,159.33,0.0
2025-02-05T09:00:00+00:00,143.61,143.61,0.0
2025-02-05T10:00:00+00:00,137.61,137.61,0.0
2025-02-05T11:00:00+00:00,129.14,129.14,0.0
2025-02-05T12:00:00+00:00,124.95,127.33,2.3799999999999955
2025-02-05T13:00:00+00:00,128.85,130.0,1.1500000000000057
2025-02-05T14:00:00+00:00,144.12,144.12,0.0
2025-02-05T15:00:00+00:00,150.04,159.65,9.610000000000014
2025-02-05T16:00:00+00:00,174.07,177.0,2.930000000000007
2025-02-05T17:00:00+00:00,189.9,189.9,0.0
2025-02-05T18:00:00+00:00,189.63,189.63,0.0
2025-02-05T19:00:00+00:00,170.0,170.0,0.0
2025-02-05T20:00:00+00:00,155.42,155.42,0.0
2025-02-05T21:00:00+00:00,143.7,147.16,3.460000000000008
2025-02-05T22:00:00+00:00,136.95,143.61,6.660000000000025
2025-02-05T23:00:00+00:00,133.67,139.4,5.730000000000018
2025-02-06T00:00:00+00:00,131.51,133.3,1.7900000000000205
2025-02-06T01:00:00+00:00,126.48,133.1,6.61999999999999
2025-02-06T02:00:00+00:00,125.01,130.0,4.989999999999995
2025-02-06T03:00:00+00:00,125.01,130.0,4.989999999999995
2025-02-06T04:00:00+00:00,131.33,134.58,3.25
2025-02-06T05:00:00+00:00,144.92,154.0,9.080000000000013
2025-02-06T06:00:00+00:00,180.09,180.09,0.0
2025-02-06T07:00:00+00:00,210.56,210.56,0.0
2025-02-06T08:00:00+00:00,177.44,177.44,0.0
2025-02-06T09:00:00+00:00,158.82,158.82,0.0
2025-02-06T10:00:00+00:00,142.89,142.89,0.0
2025-02-06T11:00:00+00:00,136.27,136.27,0.0
2025-02-06T12:00:00+00:00,131.06,133.72,2.6599999999999966
2025-02-06T13:00:00+00:00,115.25,140.0,24.75
2025-02-06T14:00:00+00:00,119.17,149.76,30.58999999999999
2025-02-06T15:00:00+00:00,123.44,165.2,41.75999999999999
2025-02-06T16:00:00+00:00,141.02,173.44,32.41999999999999
2025-02-06T17:00:00+00:00,170.78,176.19,5.409999999999997
2025-02-06T18:00:00+00:00,163.65,171.64,7.989999999999981
2025-02-06T19:00:00+00:00,143.52,160.0,16.47999999999999
2025-02-06T20:00:00+00:00,133.16,152.77,19.610000000000014
2025-02-06T21:00:00+00:00,134.89,147.33,12.440000000000026
2025-02-06T22:00:00+00:00,121.95,145.76,23.809999999999988
2025-02-06T23:00:00+00:00,126.05,146.1,20.049999999999997
2025-02-07T00:00:00+00:00,112.7,142.0,29.299999999999997
2025-02-07T01:00:00+00:00,108.82,138.9,30.080000000000013
2025-02-07T02:00:00+00:00,105.0,136.0,31.0
2025-02-07T03:00:00+00:00,105.85,135.71,29.860000000000014
2025-02-07T04:00:00+00:00,107.23,141.5,34.269999999999996
2025-02-07T05:00:00+00:00,119.0,153.3,34.30000000000001
2025-02-07T06:00:00+00:00,145.68,169.23,23.549999999999983
2025-02-07T07:00:00+00:00,164.3,205.0,40.69999999999999
2025-02-07T08:00:00+00:00,150.37,164.04,13.669999999999987
2025-02-07T09:00:00+00:00,138.4,153.31,14.909999999999997
2025-02-07T10:00:00+00:00,130.63,148.99,18.360000000000014
2025-02-07T11:00:00+00:00,128.08,142.11,14.030000000000001
2025-02-07T12:00:00+00:00,119.02,143.22,24.200000000000003
2025-02-07T13:00:00+00:00,119.98,150.26,30.279999999999987
2025-02-07T14:00:00+00:00,122.43,155.0,32.56999999999999
2025-02-07T15:00:00+00:00,130.98,165.17,34.19
2025-02-07T16:00:00+00:00,145.45,174.28,28.830000000000013
2025-02-07T17:00:00+00:00,151.01,170.0,18.99000000000001
2025-02-07T18:00:00+00:00,150.93,170.0,19.069999999999993
2025-02-07T19:00:00+00:00,145.36,162.03,16.669999999999987
2025-02-07T20:00:00+00:00,133.8,153.72,19.919999999999987
2025-02-07T21:00:00+00:00,133.06,149.01,15.949999999999989
2025-02-07T22:00:00+00:00,120.55,148.1,27.549999999999997
2025-02-07T23:00:00+00:00,106.74,151.67,44.92999999999999
2025-02-08T00:00:00+00:00,97.67,150.0,52.33
2025-02-08T01:00:00+00:00,89.5,145.0,55.5
2025-02-08T02:00:00+00:00,94.34,142.3,47.96000000000001
2025-02-08T03:00:00+00:00,89.69,142.0,52.31
2025-02-08T04:00:00+00:00,90.99,143.61,52.62000000000002
2025-02-08T05:00:00+00:00,97.15,150.0,52.849999999999994
2025-02-08T06:00:00+00:00,115.0,155.0,40.0
2025-02-08T07:00:00+00:00,119.08,161.32,42.239999999999995
2025-02-08T08:00:00+00:00,125.01,163.0,37.989999999999995
2025-02-08T09:00:00+00:00,121.84,164.48,42.639999999999986
2025-02-08T10:00:00+00:00,123.13,154.75,31.620000000000005
2025-02-08T11:00:00+00:00,125.4,150.94,25.539999999999992
2025-02-08T12:00:00+00:00,111.47,149.55,38.08000000000001
2025-02-08T13:00:00+00:00,107.28,149.86,42.58000000000001
2025-02-08T14:00:00+00:00,118.0,150.74,32.74000000000001
2025-02-08T15:00:00+00:00,141.55,160.0,18.44999999999999
2025-02-08T16:00:00+00:00,150.96,168.44,17.47999999999999
2025-02-08T17:00:00+00:00,160.49,171.0,10.509999999999991
2025-02-08T18:00:00+00:00,166.9,176.14,9.23999999999998
2025-02-08T19:00:00+00:00,164.04,165.04,1.0
2025-02-08T20:00:00+00:00,149.0,161.32,12.319999999999993
2025-02-08T21:00:00+00:00,149.1,158.13,9.030000000000001
2025-02-08T22:00:00+00:00,145.31,149.79,4.47999999999999
2025-02-08T23:00:00+00:00,135.0,153.18,18.180000000000007
2025-02-09T00:00:00+00:00,137.56,151.0,13.439999999999998
2025-02-09T01:00:00+00:00,137.56,148.1,10.539999999999992
2025-02-09T02:00:00+00:00,119.3,144.53,25.230000000000004
2025-02-09T03:00:00+00:00,116.87,141.42,24.549999999999983
2025-02-09T04:00:00+00:00,117.0,144.3,27.30000000000001
2025-02-09T05:00:00+00:00,117.0,150.0,33.0
2025-02-09T06:00:00+00:00,133.43,150.0,16.569999999999993
2025-02-09T07:00:00+00:00,136.77,150.0,13.22999999999999
2025-02-09T08:00:00+00:00,125.0,156.32,31.319999999999993
2025-02-09T09:00:00+00:00,121.61,155.0,33.39
2025-02-09T10:00:00+00:00,122.01,153.0,30.989999999999995
2025-02-09T11:00:00+00:00,140.32,156.0,15.680000000000007
2025-02-09T12:00:00+00:00,120.09,145.94,25.849999999999994
2025-02-09T13:00:00+00:00,109.9,145.91,36.00999999999999
2025-02-09T14:00:00+00:00,120.4,145.0,24.599999999999994
2025-02-09T15:00:00+00:00,142.64,153.18,10.54000000000002
2025-02-09T16:00:00+00:00,149.54,164.47,14.930000000000007
2025-02-09T17:00:00+00:00,162.96,180.92,17.95999999999998
2025-02-09T18:00:00+00:00,169.86,185.92,16.059999999999974
2025-02-09T19:00:00+00:00,155.01,178.5,23.49000000000001
2025-02-09T20:00:00+00:00,143.05,170.0,26.94999999999999
2025-02-09T21:00:00+00:00,143.0,160.0,17.0
2025-02-09T22:00:00+00:00,134.04,155.64,21.599999999999994
2025-02-09T23:00:00+00:00,124.35,149.64,25.289999999999992
2025-02-10T00:00:00+00:00,125.05,141.02,15.970000000000013
2025-02-10T01:00:00+00:00,122.01,139.7,17.689999999999984
2025-02-10T02:00:00+00:00,114.75,137.53,22.78
2025-02-10T03:00:00+00:00,114.48,138.4,23.92
2025-02-10T04:00:00+00:00,119.98,147.74,27.760000000000005
2025-02-10T05:00:00+00:00,145.78,159.91,14.129999999999995
2025-02-10T06:00:00+00:00,166.14,170.28,4.140000000000015
2025-02-10T07:00:00+00:00,181.36,181.36,0.0
2025-02-10T08:00:00+00:00,163.18,170.0,6.819999999999993
2025-02-10T09:00:00+00:00,157.02,160.0,2.9799999999999898
2025-02-10T10:00:00+00:00,155.0,155.0,0.0
2025-02-10T11:00:00+00:00,147.84,153.18,5.340000000000003
2025-02-10T12:00:00+00:00,135.21,153.01,17.799999999999983
2025-02-10T13:00:00+00:00,126.71,160.0,33.290000000000006
2025-02-10T14:00:00+00:00,132.95,166.62,33.670000000000016
2025-02-10T15:00:00+00:00,137.17,185.0,47.83000000000001
2025-02-10T16:00:00+00:00,140.83,191.9,51.06999999999999
2025-02-10T17:00:00+00:00,166.34,203.66,37.31999999999999
2025-02-10T18:00:00+00:00,183.73,193.11,9.380000000000024
2025-02-10T19:00:00+00:00,164.57,181.01,16.439999999999998
2025-02-10T20:00:00+00:00,153.4,162.0,8.599999999999994
2025-02-10T21:00:00+00:00,151.69,157.0,5.310000000000002
2025-02-10T22:00:00+00:00,131.51,152.5,20.99000000000001
2025-02-10T23:00:00+00:00,120.0,149.75,29.75
2025-02-11T00:00:00+00:00,120.0,147.57,27.569999999999993
2025-02-11T01:00:00+00:00,114.65,140.53,25.879999999999995
2025-02-11T02:00:00+00:00,109.91,139.53,29.620000000000005
2025-02-11T03:00:00+00:00,106.01,139.53,33.519999999999996
2025-02-11T04:00:00+00:00,114.53,154.2,39.66999999999999
2025-02-11T05:00:00+00:00,120.13,165.0,44.870000000000005
2025-02-11T06:00:00+00:00,150.79,177.18,26.390000000000015
2025-02-11T07:00:00+00:00,159.06,180.84,21.78
2025-02-11T08:00:00+00:00,153.74,183.52,29.78
2025-02-11T09:00:00+00:00,154.01,186.0,31.99000000000001
2025-02-11T10:00:00+00:00,147.09,170.0,22.909999999999997
2025-02-11T11:00:00+00:00,139.97,160.6,20.629999999999995
2025-02-11T12:00:00+00:00,134.89,161.68,26.79000000000002
2025-02-11T13:00:00+00:00,131.96,170.0,38.03999999999999
2025-02-11T14:00:00+00:00,144.96,168.46,23.5
2025-02-11T15:00:00+00:00,146.82,181.3,34.48000000000002
2025-02-11T16:00:00+00:00,162.43,185.32,22.889999999999986
2025-02-11T17:00:00+00:00,174.57,188.04,13.469999999999999
2025-02-11T18:00:00+00:00,190.0,190.0,0.0
2025-02-11T19:00:00+00:00,171.45,171.45,0.0
2025-02-11T20:00:00+00:00,153.77,168.27,14.5
2025-02-11T21:00:00+00:00,146.38,161.64,15.259999999999991
2025-02-11T22:00:00+00:00,130.58,159.0,28.419999999999987
2025-02-11T23:00:00+00:00,130.0,157.35,27.349999999999994
2025-02-12T00:00:00+00:00,127.87,150.17,22.299999999999983
2025-02-12T01:00:00+00:00,126.82,149.1,22.28
2025-02-12T02:00:00+00:00,126.59,146.8,20.210000000000008
2025-02-12T03:00:00+00:00,128.74,146.83,18.090000000000003
2025-02-12T04:00:00+00:00,131.62,154.34,22.72
2025-02-12T05:00:00+00:00,146.24,168.93,22.689999999999998
2025-02-12T06:00:00+00:00,163.65,180.71,17.060000000000002
2025-02-12T07:00:00+00:00,180.0,200.0,20.0
2025-02-12T08:00:00+00:00,174.92,180.0,5.0800000000000125
2025-02-12T09:00:00+00:00,163.22,169.25,6.030000000000001
2025-02-12T10:00:00+00:00,150.56,166.59,16.03
2025-02-12T11:00:00+00:00,141.19,161.86,20.670000000000016
2025-02-12T12:00:00+00:00,143.65,165.0,21.349999999999994
2025-02-12T13:00:00+00:00,150.79,170.0,19.210000000000008
2025-02-12T14:00:00+00:00,161.38,177.3,15.920000000000016
2025-02-12T15:00:00+00:00,167.33,185.24,17.909999999999997
2025-02-12T16:00:00+00:00,165.38,202.67,37.28999999999999
2025-02-12T17:00:00+00:00,200.01,213.18,13.170000000000016
2025-02-12T18:00:00+00:00,194.44,197.43,2.990000000000009
2025-02-12T19:00:00+00:00,177.52,187.25,9.72999999999999
2025-02-12T20:00:00+00:00,157.55,174.26,16.70999999999998
2025-02-12T21:00:00+00:00,152.08,168.67,16.589999999999975
2025-02-12T22:00:00+00:00,143.24,160.0,16.75999999999999
2025-02-12T23:00:00+00:00,129.0,156.5,27.5
2025-02-13T00:00:00+00:00,121.06,150.2,29.139999999999986
2025-02-13T01:00:00+00:00,131.77,150.2,18.42999999999998
2025-02-13T02:00:00+00:00,118.59,146.3,27.710000000000008
2025-02-13T03:00:00+00:00,114.3,147.47,33.17
2025-02-13T04:00:00+00:00,123.81,158.61,34.80000000000001
2025-02-13T05:00:00+00:00,135.9,175.0,39.099999999999994
2025-02-13T06:00:00+00:00,160.05,187.1,27.049999999999983
2025-02-13T07:00:00+00:00,195.2,200.0,4.800000000000011
2025-02-13T08:00:00+00:00,169.36,200.0,30.639999999999986
2025-02-13T09:00:00+00:00,163.94,174.7,10.759999999999991
2025-02-13T10:00:00+00:00,156.06,185.0,28.939999999999998
2025-02-13T11:00:00+00:00,149.06,162.75,13.689999999999998
2025-02-13T12:00:00+00:00,141.94,161.95,20.00999999999999
2025-02-13T13:00:00+00:00,144.8,171.5,26.69999999999999
2025-02-13T14:00:00+00:00,143.35,177.5,34.150000000000006
2025-02-13T15:00:00+00:00,144.42,178.1,33.68000000000001
2025-02-13T16:00:00+00:00,156.8,181.75,24.94999999999999
2025-02-13T17:00:00+00:00,186.96,186.96,0.0
2025-02-13T18:00:00+00:00,196.52,196.52,0.0
2025-02-13T19:00:00+00:00,177.12,177.12,0.0
2025-02-13T20:00:00+00:00,162.92,162.92,0.0
2025-02-13T21:00:00+00:00,153.12,158.1,4.97999999999999
2025-02-13T22:00:00+00:00,139.0,148.0,9.0
2025-02-13T23:00:00+00:00,128.76,141.46,12.700000000000017
2025-02-14T00:00:00+00:00,132.45,137.4,4.950000000000017
2025-02-14T01:00:00+00:00,124.57,133.1,8.530000000000001
2025-02-14T02:00:00+00:00,113.86,131.03,17.17
2025-02-14T03:00:00+00:00,114.45,131.48,17.029999999999987
2025-02-14T04:00:00+00:00,127.38,140.9,13.52000000000001
2025-02-14T05:00:00+00:00,131.21,152.13,20.919999999999987
2025-02-14T06:00:00+00:00,158.73,171.73,13.0
2025-02-14T07:00:00+00:00,189.79,189.79,0.0
2025-02-14T08:00:00+00:00,179.27,185.0,5.72999999999999
2025-02-14T09:00:00+00:00,167.01,179.0,11.990000000000009
2025-02-14T10:00:00+00:00,145.23,164.86,19.630000000000024
2025-02-14T11:00:00+00:00,145.01,156.31,11.300000000000011
2025-02-14T12:00:00+00:00,129.07,156.31,27.24000000000001
2025-02-14T13:00:00+00:00,125.16,160.0,34.84
2025-02-14T14:00:00+00:00,124.86,170.98,46.11999999999999
2025-02-14T15:00:00+00:00,140.1,180.13,40.03
2025-02-14T16:00:00+00:00,150.62,190.0,39.379999999999995
2025-02-14T17:00:00+00:00,185.0,185.0,0.0
2025-02-14T18:00:00+00:00,201.66,201.66,0.0
2025-02-14T19:00:00+00:00,183.55,183.55,0.0
2025-02-14T20:00:00+00:00,160.06,163.42,3.359999999999985
2025-02-14T21:00:00+00:00,153.0,157.0,4.0
2025-02-14T22:00:00+00:00,140.03,149.17,9.139999999999986
2025-02-14T23:00:00+00:00,122.58,144.64,22.059999999999988
2025-02-15T00:00:00+00:00,117.99,141.0,23.010000000000005
2025-02-15T01:00:00+00:00,111.31,140.61,29.30000000000001
2025-02-15T02:00:00+00:00,102.34,139.41,37.06999999999999
2025-02-15T03:00:00+00:00,100.11,139.14,39.02999999999999
2025-02-15T04:00:00+00:00,102.64,139.65,37.010000000000005
2025-02-15T05:00:00+00:00,110.62,150.91,40.28999999999999
2025-02-15T06:00:00+00:00,129.22,150.52,21.30000000000001
2025-02-15T07:00:00+00:00,136.06,150.0,13.939999999999998
2025-02-15T08:00:00+00:00,136.05,146.22,10.169999999999987
2025-02-15T09:00:00+00:00,124.59,134.5,9.909999999999997
2025-02-15T10:00:00+00:00,118.36,118.7,0.3400000000000034
2025-02-15T11:00:00+00:00,112.39,112.39,0.0
2025-02-15T12:00:00+00:00,110.01,110.01,0.0
2025-02-15T13:00:00+00:00,107.92,116.8,8.879999999999995
2025-02-15T14:00:00+00:00,105.47,131.11,25.640000000000015
2025-02-15T15:00:00+00:00,111.83,147.91,36.08
2025-02-15T16:00:00+00:00,128.68,168.0,39.31999999999999
2025-02-15T17:00:00+00:00,149.91,175.0,25.090000000000003
2025-02-15T18:00:00+00:00,158.09,171.64,13.549999999999983
2025-02-15T19:00:00+00:00,131.51,162.3,30.79000000000002
2025-02-15T20:00:00+00:00,125.0,147.91,22.909999999999997
2025-02-15T21:00:00+00:00,127.91,137.91,10.0
2025-02-15T22:00:00+00:00,125.3,136.03,10.730000000000004
2025-02-15T23:00:00+00:00,134.11,134.11,0.0
2025-02-16T00:00:00+00:00,128.9,129.45,0.549999999999983
2025-02-16T01:00:00+00:00,123.57,126.5,2.930000000000007
2025-02-16T02:00:00+00:00,119.9,119.9,0.0
2025-02-16T03:00:00+00:00,119.57,119.61,0.04000000000000625
2025-02-16T04:00:00+00:00,120.24,121.1,0.8599999999999994
2025-02-16T05:00:00+00:00,120.25,130.91,10.659999999999997
2025-02-16T06:00:00+00:00,128.06,135.95,7.889999999999986
2025-02-16T07:00:00+00:00,129.14,146.02,16.880000000000024
2025-02-16T08:00:00+00:00,129.59,147.73,18.139999999999986
2025-02-16T09:00:00+00:00,123.39,142.69,19.299999999999997
2025-02-16T10:00:00+00:00,115.79,135.17,19.37999999999998
2025-02-16T11:00:00+00:00,120.62,131.17,10.549999999999983
2025-02-16T12:00:00+00:00,105.48,129.5,24.019999999999996
2025-02-16T13:00:00+00:00,100.88,132.6,31.72
2025-02-16T14:00:00+00:00,97.51,143.64,46.12999999999998
2025-02-16T15:00:00+00:00,107.21,160.0,52.790000000000006
2025-02-16T16:00:00+00:00,120.08,173.1,53.019999999999996
2025-02-16T17:00:00+00:00,139.08,176.21,37.129999999999995
2025-02-16T18:00:00+00:00,161.56,174.64,13.079999999999984
2025-02-16T19:00:00+00:00,154.95,168.87,13.920000000000016
2025-02-16T20:00:00+00:00,138.77,165.31,26.539999999999992
2025-02-16T21:00:00+00:00,137.12,157.55,20.430000000000007
2025-02-16T22:00:00+00:00,131.51,147.73,16.22
2025-02-16T23:00:00+00:00,127.87,141.91,14.039999999999992
2025-02-17T00:00:00+00:00,121.06,139.45,18.389999999999986
2025-02-17T01:00:00+00:00,120.34,131.72,11.379999999999995
2025-02-17T02:00:00+00:00,115.97,131.72,15.75
2025-02-17T03:00:00+00:00,116.23,132.72,16.489999999999995
2025-02-17T04:00:00+00:00,121.21,146.0,24.790000000000006
2025-02-17T05:00:00+00:00,141.19,173.0,31.810000000000002
2025-02-17T06:00:00+00:00,204.74,205.0,0.2599999999999909
2025-02-17T07:00:00+00:00,209.79,209.79,0.0
2025-02-17T08:00:00+00:00,171.3,171.3,0.0
2025-02-17T09:00:00+00:00,139.67,149.72,10.050000000000011
2025-02-17T10:00:00+00:00,117.26,144.0,26.739999999999995
2025-02-17T11:00:00+00:00,109.9,137.0,27.099999999999994
2025-02-17T12:00:00+00:00,106.84,134.3,27.460000000000008
2025-02-17T13:00:00+00:00,112.31,147.02,34.71000000000001
2025-02-17T14:00:00+00:00,119.28,149.9,30.620000000000005
2025-02-17T15:00:00+00:00,133.15,171.0,37.849999999999994
2025-02-17T16:00:00+00:00,155.85,190.0,34.150000000000006
2025-02-17T17:00:00+00:00,213.34,213.34,0.0
2025-02-17T18:00:00+00:00,215.52,215.52,0.0
2025-02-17T19:00:00+00:00,178.0,178.0,0.0
2025-02-17T20:00:00+00:00,155.62,160.0,4.3799999999999955
2025-02-17T21:00:00+00:00,140.0,153.72,13.719999999999999
2025-02-17T22:00:00+00:00,130.6,147.26,16.659999999999997
2025-02-17T23:00:00+00:00,133.29,141.37,8.080000000000013
2025-02-18T00:00:00+00:00,125.18,135.7,10.519999999999982
2025-02-18T01:00:00+00:00,123.92,135.08,11.16000000000001
2025-02-18T02:00:00+00:00,114.03,133.1,19.069999999999993
2025-02-18T03:00:00+00:00,111.81,135.0,23.189999999999998
2025-02-18T04:00:00+00:00,118.5,146.97,28.47
2025-02-18T05:00:00+00:00,129.6,165.0,35.400000000000006
2025-02-18T06:00:00+00:00,170.8,196.0,25.19999999999999
2025-02-18T07:00:00+00:00,193.8,193.8,0.0
2025-02-18T08:00:00+00:00,144.73,160.0,15.27000000000001
2025-02-18T09:00:00+00:00,125.87,147.46,21.590000000000003
2025-02-18T10:00:00+00:00,111.75,140.0,28.25
2025-02-18T11:00:00+00:00,100.69,133.35,32.66
2025-02-18T12:00:00+00:00,94.11,137.27,43.16000000000001
2025-02-18T13:00:00+00:00,102.96,145.13,42.17
2025-02-18T14:00:00+00:00,113.76,157.14,43.37999999999998
2025-02-18T15:00:00+00:00,124.68,164.67,39.98999999999998
2025-02-18T16:00:00+00:00,138.32,173.0,34.68000000000001
2025-02-18T17:00:00+00:00,168.49,178.19,9.699999999999989
2025-02-18T18:00:00+00:00,159.88,177.2,17.319999999999993
2025-02-18T19:00:00+00:00,144.4,168.64,24.23999999999998
2025-02-18T20:00:00+00:00,133.54,163.0,29.460000000000008
2025-02-18T21:00:00+00:00,124.02,160.12,36.10000000000001
2025-02-18T22:00:00+00:00,116.23,152.0,35.769999999999996
2025-02-18T23:00:00+00:00,106.48,140.16,33.67999999999999
2025-02-19T00:00:00+00:00,101.18,135.54,34.359999999999985
2025-02-19T01:00:00+00:00,101.3,132.9,31.60000000000001
2025-02-19T02:00:00+00:00,99.0,133.1,34.099999999999994
2025-02-19T03:00:00+00:00,96.06,133.11,37.05000000000001
2025-02-19T04:00:00+00:00,101.83,142.33,40.500000000000014
2025-02-19T05:00:00+00:00,120.18,159.47,39.28999999999999
2025-02-19T06:00:00+00:00,149.5,174.8,25.30000000000001
2025-02-19T07:00:00+00:00,167.39,178.85,11.460000000000008
2025-02-19T08:00:00+00:00,133.73,157.92,24.189999999999998
2025-02-19T09:00:00+00:00,114.37,148.7,34.329999999999984
2025-02-19T10:00:00+00:00,105.57,143.52,37.95000000000002
2025-02-19T11:00:00+00:00,104.24,134.76,30.519999999999996
2025-02-19T12:00:00+00:00,97.23,135.0,37.769999999999996
2025-02-19T13:00:00+00:00,97.3,140.83,43.530000000000015
2025-02-19T14:00:00+00:00,109.7,149.89,40.18999999999998
2025-02-19T15:00:00+00:00,118.06,167.31,49.25
2025-02-19T16:00:00+00:00,123.29,178.31,55.019999999999996
2025-02-19T17:00:00+00:00,151.3,171.91,20.609999999999985
2025-02-19T18:00:00+00:00,150.04,169.3,19.26000000000002
2025-02-19T19:00:00+00:00,126.79,165.0,38.209999999999994
2025-02-19T20:00:00+00:00,118.69,159.76,41.06999999999999
2025-02-19T21:00:00+00:00,116.8,155.45,38.64999999999999
2025-02-19T22:00:00+00:00,105.34,146.6,41.25999999999999
2025-02-19T23:00:00+00:00,90.89,142.01,51.11999999999999
2025-02-20T00:00:00+00:00,89.97,137.52,47.55000000000001
2025-02-20T01:00:00+00:00,89.41,135.44,46.03
2025-02-20T02:00:00+00:00,87.03,135.0,47.97
2025-02-20T03:00:00+00:00,85.89,135.52,49.63000000000001
2025-02-20T04:00:00+00:00,87.98,142.01,54.02999999999999
2025-02-20T05:00:00+00:00,98.19,160.41,62.22
2025-02-20T06:00:00+00:00,113.87,184.18,70.31
2025-02-20T07:00:00+00:00,131.1,178.5,47.400000000000006
2025-02-20T08:00:00+00:00,114.26,157.75,43.489999999999995
2025-02-20T09:00:00+00:00,98.01,150.8,52.790000000000006
2025-02-20T10:00:00+00:00,87.9,143.89,55.98999999999998
2025-02-20T11:00:00+00:00,87.87,136.13,48.25999999999999
2025-02-20T12:00:00+00:00,85.05,135.14,50.08999999999999
2025-02-20T13:00:00+00:00,85.53,141.67,56.139999999999986
2025-02-20T14:00:00+00:00,88.29,147.89,59.59999999999998
2025-02-20T15:00:00+00:00,91.1,160.5,69.4
2025-02-20T16:00:00+00:00,109.56,172.78,63.22
2025-02-20T17:00:00+00:00,127.42,176.62,49.2
2025-02-20T18:00:00+00:00,133.98,178.0,44.02000000000001
2025-02-20T19:00:00+00:00,116.63,165.0,48.370000000000005
2025-02-20T20:00:00+00:00,101.28,156.56,55.28
2025-02-20T21:00:00+00:00,98.51,152.86,54.35000000000001
2025-02-20T22:00:00+00:00,88.0,146.13,58.129999999999995
2025-02-20T23:00:00+00:00,76.16,136.78,60.620000000000005
2025-02-21T00:00:00+00:00,70.0,133.13,63.129999999999995
2025-02-21T01:00:00+00:00,62.07,127.43,65.36000000000001
2025-02-21T02:00:00+00:00,51.98,124.6,72.62
2025-02-21T03:00:00+00:00,40.7,125.45,84.75
2025-02-21T04:00:00+00:00,38.71,139.38,100.66999999999999
2025-02-21T05:00:00+00:00,52.5,154.32,101.82
2025-02-21T06:00:00+00:00,69.96,174.57,104.61
2025-02-21T07:00:00+00:00,78.92,163.0,84.08
2025-02-21T08:00:00+00:00,80.11,148.88,68.77
2025-02-21T09:00:00+00:00,67.46,137.66,70.2
2025-02-21T10:00:00+00:00,50.69,132.03,81.34
2025-02-21T11:00:00+00:00,52.95,123.22,70.27
2025-02-21T12:00:00+00:00,43.87,122.1,78.22999999999999
2025-02-21T13:00:00+00:00,32.74,128.74,96.0
2025-02-21T14:00:00+00:00,50.16,137.62,87.46000000000001
2025-02-21T15:00:00+00:00,53.9,152.48,98.57999999999998
2025-02-21T16:00:00+00:00,76.34,168.48,92.13999999999999
2025-02-21T17:00:00+00:00,94.58,170.0,75.42
2025-02-21T18:00:00+00:00,93.83,167.7,73.86999999999999
2025-02-21T19:00:00+00:00,84.97,157.28,72.31
2025-02-21T20:00:00+00:00,70.94,153.65,82.71000000000001
2025-02-21T21:00:00+00:00,69.96,148.21,78.25000000000001
2025-02-21T22:00:00+00:00,70.17,143.63,73.46
2025-02-21T23:00:00+00:00,59.05,139.84,80.79
2025-02-22T00:00:00+00:00,53.92,132.66,78.74
2025-02-22T01:00:00+00:00,52.12,128.74,76.62
2025-02-22T02:00:00+00:00,45.5,127.58,82.08
2025-02-22T03:00:00+00:00,44.72,125.6,80.88
2025-02-22T04:00:00+00:00,55.54,132.0,76.46000000000001
2025-02-22T05:00:00+00:00,61.03,134.89,73.85999999999999
2025-02-22T06:00:00+00:00,70.83,141.42,70.58999999999999
2025-02-22T07:00:00+00:00,73.33,139.84,66.51
2025-02-22T08:00:00+00:00,72.86,139.84,66.98
2025-02-22T09:00:00+00:00,64.48,135.58,71.10000000000001
2025-02-22T10:00:00+00:00,63.0,125.0,62.0
2025-02-22T11:00:00+00:00,60.07,123.0,62.93
2025-02-22T12:00:00+00:00,58.15,113.92,55.77
2025-02-22T13:00:00+00:00,65.05,119.0,53.95
2025-02-22T14:00:00+00:00,62.77,128.74,65.97
2025-02-22T15:00:00+00:00,63.72,145.0,81.28
2025-02-22T16:00:00+00:00,82.22,160.0,77.78
2025-02-22T17:00:00+00:00,122.94,165.01,42.06999999999999
2025-02-22T18:00:00+00:00,130.72,166.42,35.69999999999999
2025-02-22T19:00:00+00:00,121.47,163.23,41.75999999999999
2025-02-22T20:00:00+00:00,110.79,146.31,35.519999999999996
2025-02-22T21:00:00+00:00,107.11,141.42,34.30999999999999
2025-02-22T22:00:00+00:00,102.2,139.84,37.64
2025-02-22T23:00:00+00:00,99.25,138.56,39.31
2025-02-23T00:00:00+00:00,90.94,140.82,49.879999999999995
2025-02-23T01:00:00+00:00,88.92,129.01,40.08999999999999
2025-02-23T02:00:00+00:00,77.83,128.68,50.85000000000001
2025-02-23T03:00:00+00:00,75.54,128.82,53.27999999999999
2025-02-23T04:00:00+00:00,76.45,135.92,59.469999999999985
2025-02-23T05:00:00+00:00,79.98,140.82,60.83999999999999
2025-02-23T06:00:00+00:00,80.1,136.82,56.72
2025-02-23T07:00:00+00:00,76.74,133.51,56.769999999999996
2025-02-23T08:00:00+00:00,61.58,127.1,65.52
2025-02-23T09:00:00+00:00,53.0,120.58,67.58
2025-02-23T10:00:00+00:00,43.42,110.82,67.39999999999999
2025-02-23T11:00:00+00:00,53.89,106.74,52.849999999999994
2025-02-23T12:00:00+00:00,43.91,100.06,56.150000000000006
2025-02-23T13:00:00+00:00,22.18,106.57,84.38999999999999
2025-02-23T14:00:00+00:00,28.53,125.41,96.88
2025-02-23T15:00:00+00:00,30.1,140.03,109.93
2025-02-23T16:00:00+00:00,50.0,149.92,99.91999999999999
2025-02-23T17:00:00+00:00,100.9,155.0,54.099999999999994
2025-02-23T18:00:00+00:00,122.94,154.35,31.409999999999997
2025-02-23T19:00:00+00:00,100.52,150.0,49.480000000000004
2025-02-23T20:00:00+00:00,81.42,150.0,68.58
2025-02-23T21:00:00+00:00,81.77,138.56,56.790000000000006
2025-02-23T22:00:00+00:00,67.3,134.0,66.7
2025-02-23T23:00:00+00:00,35.01,129.44,94.43
2025-02-24T00:00:00+00:00,30.19,123.6,93.41
2025-02-24T01:00:00+00:00,27.44,120.0,92.56
2025-02-24T02:00:00+00:00,24.56,120.1,95.53999999999999
2025-02-24T03:00:00+00:00,17.98,122.21,104.22999999999999
2025-02-24T04:00:00+00:00,28.3,136.42,108.11999999999999
2025-02-24T05:00:00+00:00,72.07,143.12,71.05000000000001
2025-02-24T06:00:00+00:00,103.33,156.31,52.980000000000004
2025-02-24T07:00:00+00:00,116.86,162.53,45.67
2025-02-24T08:00:00+00:00,100.0,156.61,56.610000000000014
2025-02-24T09:00:00+00:00,88.64,146.6,57.959999999999994
2025-02-24T10:00:00+00:00,88.95,143.54,54.58999999999999
2025-02-24T11:00:00+00:00,86.65,137.32,50.66999999999999
2025-02-24T12:00:00+00:00,87.03,138.98,51.94999999999999
2025-02-24T13:00:00+00:00,89.45,145.0,55.55
2025-02-24T14:00:00+00:00,91.2,146.6,55.39999999999999
2025-02-24T15:00:00+00:00,109.17,153.03,43.86
2025-02-24T16:00:00+00:00,112.99,153.82,40.83
2025-02-24T17:00:00+00:00,147.92,158.71,10.79000000000002
2025-02-24T18:00:00+00:00,159.17,159.17,0.0
2025-02-24T19:00:00+00:00,134.91,154.02,19.110000000000014
2025-02-24T20:00:00+00:00,115.28,145.0,29.72
2025-02-24T21:00:00+00:00,106.88,141.0,34.120000000000005
2025-02-24T22:00:00+00:00,108.03,136.1,28.069999999999993
2025-02-24T23:00:00+00:00,89.72,134.32,44.599999999999994
2025-02-25T00:00:00+00:00,89.33,126.0,36.67
2025-02-25T01:00:00+00:00,87.75,124.8,37.05
2025-02-25T02:00:00+00:00,85.96,123.65,37.69000000000001
2025-02-25T03:00:00+00:00,80.49,124.86,44.370000000000005
2025-02-25T04:00:00+00:00,92.92,134.67,41.749999999999986
2025-02-25T05:00:00+00:00,110.98,150.0,39.019999999999996
2025-02-25T06:00:00+00:00,123.75,159.0,35.25
2025-02-25T07:00:00+00:00,136.97,161.47,24.5
2025-02-25T08:00:00+00:00,131.04,155.42,24.379999999999995
2025-02-25T09:00:00+00:00,113.1,143.2,30.099999999999994
2025-02-25T10:00:00+00:00,102.9,140.12,37.22
2025-02-25T11:00:00+00:00,93.0,133.76,40.75999999999999
2025-02-25T12:00:00+00:00,83.28,134.75,51.47
2025-02-25T13:00:00+00:00,81.78,139.79,58.00999999999999
2025-02-25T14:00:00+00:00,83.02,150.35,67.33
2025-02-25T15:00:00+00:00,84.27,156.3,72.03000000000002
2025-02-25T16:00:00+00:00,92.86,155.0,62.14
2025-02-25T17:00:00+00:00,115.84,169.31,53.47
2025-02-25T18:00:00+00:00,140.99,167.32,26.329999999999984
2025-02-25T19:00:00+00:00,135.55,152.62,17.069999999999993
2025-02-25T20:00:00+00:00,118.45,143.12,24.67
2025-02-25T21:00:00+00:00,114.28,140.01,25.72999999999999
2025-02-25T22:00:00+00:00,100.41,133.62,33.21000000000001
2025-02-25T23:00:00+00:00,102.48,126.3,23.819999999999993
2025-02-26T00:00:00+00:00,86.87,123.05,36.17999999999999
2025-02-26T01:00:00+00:00,92.98,119.53,26.549999999999997
2025-02-26T02:00:00+00:00,86.38,118.93,32.55000000000001
2025-02-26T03:00:00+00:00,88.59,119.3,30.709999999999994
2025-02-26T04:00:00+00:00,97.82,124.8,26.980000000000004
2025-02-26T05:00:00+00:00,111.76,144.0,32.239999999999995
2025-02-26T06:00:00+00:00,136.2,166.71,30.51000000000002
2025-02-26T07:00:00+00:00,139.08,185.47,46.389999999999986
2025-02-26T08:00:00+00:00,121.43,158.64,37.20999999999998
2025-02-26T09:00:00+00:00,94.73,146.65,51.92
2025-02-26T10:00:00+00:00,83.07,140.0,56.93000000000001
2025-02-26T11:00:00+00:00,84.26,128.33,44.07000000000001
2025-02-26T12:00:00+00:00,65.18,125.4,60.22
2025-02-26T13:00:00+00:00,54.59,131.31,76.72
2025-02-26T14:00:00+00:00,58.28,144.57,86.28999999999999
2025-02-26T15:00:00+00:00,71.98,147.6,75.61999999999999
2025-02-26T16:00:00+00:00,97.0,158.64,61.639999999999986
2025-02-26T17:00:00+00:00,126.37,162.7,36.329999999999984
2025-02-26T18:00:00+00:00,161.95,161.95,0.0
2025-02-26T19:00:00+00:00,131.05,147.2,16.149999999999977
2025-02-26T20:00:00+00:00,117.43,140.5,23.069999999999993
2025-02-26T21:00:00+00:00,121.84,136.77,14.930000000000007
2025-02-26T22:00:00+00:00,113.02,130.0,16.980000000000004
2025-02-26T23:00:00+00:00,102.25,123.12,20.870000000000005
2025-02-27T00:00:00+00:00,103.81,119.75,15.939999999999998
2025-02-27T01:00:00+00:00,101.3,116.4,15.100000000000009
2025-02-27T02:00:00+00:00,99.68,115.6,15.919999999999987
2025-02-27T03:00:00+00:00,100.39,119.46,19.069999999999993
2025-02-27T04:00:00+00:00,104.35,125.17,20.820000000000007
2025-02-27T05:00:00+00:00,117.14,145.0,27.86
2025-02-27T06:00:00+00:00,145.0,152.31,7.310000000000002
2025-02-27T07:00:00+00:00,159.47,161.13,1.6599999999999966
2025-02-27T08:00:00+00:00,129.18,149.31,20.129999999999995
2025-02-27T09:00:00+00:00,109.49,135.0,25.510000000000005
2025-02-27T10:00:00+00:00,100.19,125.06,24.870000000000005
2025-02-27T11:00:00+00:00,93.0,117.0,24.0
2025-02-27T12:00:00+00:00,89.0,115.08,26.08
2025-02-27T13:00:00+00:00,86.8,119.75,32.95
2025-02-27T14:00:00+00:00,89.0,132.33,43.33000000000001
2025-02-27T15:00:00+00:00,100.0,144.87,44.870000000000005
2025-02-27T16:00:00+00:00,113.95,152.0,38.05
2025-02-27T17:00:00+00:00,136.13,161.41,25.28
2025-02-27T18:00:00+00:00,161.31,161.31,0.0
2025-02-27T19:00:00+00:00,143.75,149.31,5.560000000000002
2025-02-27T20:00:00+00:00,132.88,140.0,7.1200000000000045
2025-02-27T21:00:00+00:00,122.31,134.74,12.430000000000007
2025-02-27T22:00:00+00:00,113.5,131.77,18.27000000000001
2025-02-27T23:00:00+00:00,115.59,122.8,7.209999999999994
2025-02-28T00:00:00+00:00,110.54,119.59,9.049999999999997
2025-02-28T01:00:00+00:00,109.38,117.61,8.230000000000004
2025-02-28T02:00:00+00:00,105.2,118.1,12.899999999999991
2025-02-28T03:00:00+00:00,104.49,118.0,13.510000000000005
2025-02-28T04:00:00+00:00,104.49,120.4,15.91000000000001
2025-02-28T05:00:00+00:00,116.93,136.85,19.919999999999987
2025-02-28T06:00:00+00:00,138.39,155.0,16.610000000000014
2025-02-28T07:00:00+00:00,152.94,152.94,0.0
2025-02-28T08:00:00+00:00,120.81,143.33,22.52000000000001
2025-02-28T09:00:00+00:00,105.34,129.49,24.150000000000006
2025-02-28T10:00:00+00:00,93.0,117.7,24.700000000000003
2025-02-28T11:00:00+00:00,91.08,110.0,18.92
2025-02-28T12:00:00+00:00,80.13,110.0,29.870000000000005
2025-02-28T13:00:00+00:00,85.2,112.8,27.599999999999994
2025-02-28T14:00:00+00:00,93.29,127.07,33.77999999999999
2025-02-28T15:00:00+00:00,96.74,140.75,44.010000000000005
2025-02-28T16:00:00+00:00,115.51,147.0,31.489999999999995
2025-02-28T17:00:00+00:00,124.74,153.72,28.980000000000004
2025-02-28T18:00:00+00:00,151.96,152.39,0.4299999999999784
2025-02-28T19:00:00+00:00,134.27,144.59,10.319999999999993
2025-02-28T20:00:00+00:00,121.73,139.0,17.269999999999996
2025-02-28T21:00:00+00:00,114.72,135.0,20.28
2025-02-28T22:00:00+00:00,106.75,124.35,17.599999999999994
2025-02-28T23:00:00+00:00,118.24,129.18,10.940000000000012
2025-03-01T00:00:00+00:00,114.86,124.78,9.920000000000002
2025-03-01T01:00:00+00:00,114.23,121.59,7.359999999999999
2025-03-01T02:00:00+00:00,98.07,121.6,23.53
2025-03-01T03:00:00+00:00,99.6,120.0,20.400000000000006
2025-03-01T04:00:00+00:00,98.93,122.4,23.47
2025-03-01T05:00:00+00:00,108.15,134.14,25.98999999999998
2025-03-01T06:00:00+00:00,124.48,138.04,13.559999999999988
2025-03-01T07:00:00+00:00,123.85,140.0,16.150000000000006
2025-03-01T08:00:00+00:00,113.39,139.86,26.470000000000013
2025-03-01T09:00:00+00:00,91.1,128.0,36.900000000000006
2025-03-01T10:00:00+00:00,78.71,124.58,45.870000000000005
2025-03-01T11:00:00+00:00,80.88,112.8,31.92
2025-03-01T12:00:00+00:00,61.79,105.09,43.300000000000004
2025-03-01T13:00:00+00:00,38.14,112.54,74.4
2025-03-01T14:00:00+00:00,31.73,125.92,94.19
2025-03-01T15:00:00+00:00,52.04,136.0,83.96000000000001
2025-03-01T16:00:00+00:00,80.77,145.56,64.79
2025-03-01T17:00:00+00:00,119.02,148.85,29.83
2025-03-01T18:00:00+00:00,128.4,148.9,20.5
2025-03-01T19:00:00+00:00,115.05,144.0,28.950000000000003
2025-03-01T20:00:00+00:00,110.27,136.0,25.730000000000004
2025-03-01T21:00:00+00:00,114.44,130.77,16.330000000000013
2025-03-01T22:00:00+00:00,119.92,124.72,4.799999999999997
2025-03-01T23:00:00+00:00,124.07,130.15,6.0800000000000125
2025-03-02T00:00:00+00:00,108.23,128.81,20.58
2025-03-02T01:00:00+00:00,99.66,120.61,20.950000000000003
2025-03-02T02:00:00+00:00,93.68,119.64,25.959999999999994
2025-03-02T03:00:00+00:00,95.24,118.88,23.64
2025-03-02T04:00:00+00:00,95.17,121.0,25.83
2025-03-02T05:00:00+00:00,97.92,128.63,30.709999999999994
2025-03-02T06:00:00+00:00,104.14,119.72,15.579999999999998
2025-03-02T07:00:00+00:00,103.58,110.08,6.5
2025-03-02T08:00:00+00:00,89.0,102.35,13.349999999999994
2025-03-02T09:00:00+00:00,68.3,76.53,8.230000000000004
2025-03-02T10:00:00+00:00,49.0,49.0,0.0
2025-03-02T11:00:00+00:00,27.5,27.5,0.0
2025-03-02T12:00:00+00:00,20.1,20.1,0.0
2025-03-02T13:00:00+00:00,22.37,27.95,5.579999999999998
2025-03-02T14:00:00+00:00,51.9,72.35,20.449999999999996
2025-03-02T15:00:00+00:00,76.04,115.02,38.97999999999999
2025-03-02T16:00:00+00:00,97.29,133.1,35.80999999999999
2025-03-02T17:00:00+00:00,129.43,150.05,20.620000000000005
2025-03-02T18:00:00+00:00,147.09,150.05,2.960000000000008
2025-03-02T19:00:00+00:00,134.36,148.33,13.969999999999999
2025-03-02T20:00:00+00:00,121.69,139.0,17.310000000000002
2025-03-02T21:00:00+00:00,121.07,126.23,5.160000000000011
2025-03-02T22:00:00+00:00,112.94,115.2,2.260000000000005
2025-03-02T23:00:00+00:00,109.2,115.02,5.819999999999993
2025-03-03T00:00:00+00:00,104.56,108.26,3.700000000000003
2025-03-03T01:00:00+00:00,103.56,106.75,3.1899999999999977
2025-03-03T02:00:00+00:00,100.31,103.3,2.989999999999995
2025-03-03T03:00:00+00:00,103.95,106.81,2.8599999999999994
2025-03-03T04:00:00+00:00,117.16,119.12,1.960000000000008
2025-03-03T05:00:00+00:00,137.77,140.09,2.319999999999993
2025-03-03T06:00:00+00:00,163.0,163.0,0.0
2025-03-03T07:00:00+00:00,148.46,148.46,0.0
2025-03-03T08:00:00+00:00,116.95,135.8,18.85000000000001
2025-03-03T09:00:00+00:00,109.79,116.4,6.609999999999999
2025-03-03T10:00:00+00:00,103.96,107.35,3.3900000000000006
2025-03-03T11:00:00+00:00,90.48,101.9,11.420000000000002
2025-03-03T12:00:00+00:00,90.24,103.33,13.090000000000003
2025-03-03T13:00:00+00:00,66.91,112.5,45.59
2025-03-03T14:00:00+00:00,86.44,129.0,42.56
2025-03-03T15:00:00+00:00,107.08,135.99,28.91000000000001
2025-03-03T16:00:00+00:00,111.91,148.07,36.16
2025-03-03T17:00:00+00:00,157.0,159.09,2.0900000000000034
2025-03-03T18:00:00+00:00,175.1,175.1,0.0
2025-03-03T19:00:00+00:00,149.0,149.0,0.0
2025-03-03T20:00:00+00:00,122.91,147.25,24.340000000000003
2025-03-03T21:00:00+00:00,125.43,138.91,13.47999999999999
2025-03-03T22:00:00+00:00,124.38,132.11,7.730000000000018
2025-03-03T23:00:00+00:00,122.15,128.55,6.400000000000006
2025-03-04T00:00:00+00:00,110.77,119.9,9.13000000000001
2025-03-04T01:00:00+00:00,104.62,116.85,12.22999999999999
2025-03-04T02:00:00+00:00,105.34,114.85,9.509999999999991
2025-03-04T03:00:00+00:00,101.79,115.0,13.209999999999994
2025-03-04T04:00:00+00:00,104.0,133.1,29.099999999999994
2025-03-04T05:00:00+00:00,119.85,161.3,41.45000000000002
2025-03-04T06:00:00+00:00,169.51,175.68,6.170000000000016
2025-03-04T07:00:00+00:00,141.95,149.5,7.550000000000011
2025-03-04T08:00:00+00:00,116.71,131.14,14.429999999999993
2025-03-04T09:00:00+00:00,98.99,120.0,21.010000000000005
2025-03-04T10:00:00+00:00,82.08,115.0,32.92
2025-03-04T11:00:00+00:00,63.84,102.4,38.56
2025-03-04T12:00:00+00:00,50.24,101.53,51.29
2025-03-04T13:00:00+00:00,55.1,107.67,52.57
2025-03-04T14:00:00+00:00,82.88,117.83,34.95
2025-03-04T15:00:00+00:00,97.91,138.36,40.45000000000002
2025-03-04T16:00:00+00:00,114.05,153.3,39.250000000000014
2025-03-04T17:00:00+00:00,140.78,166.5,25.72
2025-03-04T18:00:00+00:00,164.93,168.1,3.1699999999999875
2025-03-04T19:00:00+00:00,132.0,154.0,22.0
2025-03-04T20:00:00+00:00,117.62,148.78,31.159999999999997
2025-03-04T21:00:00+00:00,113.45,140.0,26.549999999999997
2025-03-04T22:00:00+00:00,109.04,134.29,25.249999999999986
2025-03-04T23:00:00+00:00,94.15,128.92,34.76999999999998
2025-03-05T00:00:00+00:00,89.59,117.41,27.819999999999993
2025-03-05T01:00:00+00:00,86.69,115.4,28.710000000000008
2025-03-05T02:00:00+00:00,82.85,114.8,31.950000000000003
2025-03-05T03:00:00+00:00,85.04,117.0,31.959999999999994
2025-03-05T04:00:00+00:00,94.33,131.12,36.790000000000006
2025-03-05T05:00:00+00:00,119.46,151.56,32.10000000000001
2025-03-05T06:00:00+00:00,141.9,152.0,10.099999999999994
2025-03-05T07:00:00+00:00,125.18,145.5,20.319999999999993
2025-03-05T08:00:00+00:00,101.12,127.49,26.36999999999999
2025-03-05T09:00:00+00:00,70.2,122.65,52.45
2025-03-05T10:00:00+00:00,36.68,107.4,70.72
2025-03-05T11:00:00+00:00,41.89,100.0,58.11
2025-03-05T12:00:00+00:00,12.04,100.0,87.96000000000001
2025-03-05T13:00:00+00:00,0.84,107.41,106.57
2025-03-05T14:00:00+00:00,50.53,116.8,66.27
2025-03-05T15:00:00+00:00,69.37,129.52,60.150000000000006
2025-03-05T16:00:00+00:00,100.05,148.3,48.250000000000014
2025-03-05T17:00:00+00:00,132.72,153.6,20.879999999999995
2025-03-05T18:00:00+00:00,147.01,152.31,5.300000000000011
2025-03-05T19:00:00+00:00,119.02,150.12,31.10000000000001
2025-03-05T20:00:00+00:00,106.71,143.59,36.88000000000001
2025-03-05T21:00:00+00:00,107.06,133.3,26.24000000000001
2025-03-05T22:00:00+00:00,99.02,126.89,27.870000000000005
2025-03-05T23:00:00+00:00,85.58,117.0,31.42
2025-03-06T00:00:00+00:00,80.58,112.96,32.379999999999995
2025-03-06T01:00:00+00:00,74.44,111.1,36.66
2025-03-06T02:00:00+00:00,67.75,109.53,41.78
2025-03-06T03:00:00+00:00,68.9,111.1,42.19999999999999
2025-03-06T04:00:00+00:00,81.53,126.58,45.05
2025-03-06T05:00:00+00:00,100.08,150.13,50.05
2025-03-06T06:00:00+00:00,127.32,154.09,26.77000000000001
2025-03-06T07:00:00+00:00,108.5,159.9,51.400000000000006
2025-03-06T08:00:00+00:00,78.85,130.0,51.150000000000006
2025-03-06T09:00:00+00:00,51.53,113.0,61.47
2025-03-06T10:00:00+00:00,10.95,99.07,88.11999999999999
2025-03-06T11:00:00+00:00,12.19,85.0,72.81
2025-03-06T12:00:00+00:00,5.82,89.89,84.07
2025-03-06T13:00:00+00:00,13.16,99.2,86.04
2025-03-06T14:00:00+00:00,44.9,109.87,64.97
2025-03-06T15:00:00+00:00,56.08,123.06,66.98
2025-03-06T16:00:00+00:00,76.99,147.0,70.01
2025-03-06T17:00:00+00:00,101.0,171.1,70.1
2025-03-06T18:00:00+00:00,126.02,157.95,31.929999999999993
2025-03-06T19:00:00+00:00,108.54,148.0,39.459999999999994
2025-03-06T20:00:00+00:00,88.44,139.0,50.56
2025-03-06T21:00:00+00:00,86.73,131.5,44.769999999999996
2025-03-06T22:00:00+00:00,76.6,128.0,51.400000000000006
2025-03-06T23:00:00+00:00,77.33,114.0,36.67
2025-03-07T00:00:00+00:00,63.12,104.9,41.78000000000001
2025-03-07T01:00:00+00:00,63.93,102.9,38.970000000000006
2025-03-07T02:00:00+00:00,56.17,102.9,46.730000000000004
2025-03-07T03:00:00+00:00,60.2,105.13,44.92999999999999
2025-03-07T04:00:00+00:00,64.01,122.53,58.519999999999996
2025-03-07T05:00:00+00:00,80.87,144.79,63.91999999999999
2025-03-07T06:00:00+00:00,106.74,152.3,45.56000000000002
2025-03-07T07:00:00+00:00,100.49,139.55,39.06000000000002
2025-03-07T08:00:00+00:00,79.76,125.0,45.239999999999995
2025-03-07T09:00:00+00:00,60.32,115.5,55.18
2025-03-07T10:00:00+00:00,31.81,105.0,73.19
2025-03-07T11:00:00+00:00,12.79,94.26,81.47
2025-03-07T12:00:00+00:00,7.82,94.21,86.38999999999999
2025-03-07T13:00:00+00:00,23.9,99.86,75.96000000000001
2025-03-07T14:00:00+00:00,21.92,117.56,95.64
2025-03-07T15:00:00+00:00,38.71,135.13,96.41999999999999
2025-03-07T16:00:00+00:00,61.28,143.48,82.19999999999999
2025-03-07T17:00:00+00:00,83.08,160.38,77.3
2025-03-07T18:00:00+00:00,99.65,164.26,64.60999999999999
2025-03-07T19:00:00+00:00,74.89,144.24,69.35000000000001
2025-03-07T20:00:00+00:00,50.0,135.45,85.44999999999999
2025-03-07T21:00:00+00:00,59.2,125.14,65.94
2025-03-07T22:00:00+00:00,58.17,123.19,65.02
2025-03-07T23:00:00+00:00,84.95,129.07,44.11999999999999
2025-03-08T00:00:00+00:00,50.53,119.07,68.53999999999999
2025-03-08T01:00:00+00:00,28.52,113.94,85.42
2025-03-08T02:00:00+00:00,26.03,113.0,86.97
2025-03-08T03:00:00+00:00,22.33,113.94,91.61
2025-03-08T04:00:00+00:00,27.03,118.45,91.42
2025-03-08T05:00:00+00:00,56.37,130.37,74.0
2025-03-08T06:00:00+00:00,63.61,125.12,61.510000000000005
2025-03-08T07:00:00+00:00,98.04,112.6,14.559999999999988
2025-03-08T08:00:00+00:00,72.54,106.82,34.27999999999999
2025-03-08T09:00:00+00:00,18.05,98.82,80.77
2025-03-08T10:00:00+00:00,3.52,54.0,50.48
2025-03-08T11:00:00+00:00,8.62,27.77,19.15
2025-03-08T12:00:00+00:00,1.0,10.0,9.0
2025-03-08T13:00:00+00:00,0.07,50.0,49.93
2025-03-08T14:00:00+00:00,10.92,78.97,68.05
2025-03-08T15:00:00+00:00,17.3,108.05,90.75
2025-03-08T16:00:00+00:00,62.59,130.0,67.41
2025-03-08T17:00:00+00:00,35.0,143.48,108.47999999999999
2025-03-08T18:00:00+00:00,43.38,143.48,100.1
2025-03-08T19:00:00+00:00,41.23,138.1,96.87
2025-03-08T20:00:00+00:00,40.65,131.86,91.21000000000001
2025-03-08T21:00:00+00:00,40.0,125.0,85.0
2025-03-08T22:00:00+00:00,38.1,112.95,74.85
2025-03-08T23:00:00+00:00,35.4,125.0,89.6
2025-03-09T00:00:00+00:00,35.01,119.48,84.47
2025-03-09T01:00:00+00:00,35.01,119.0,83.99000000000001
2025-03-09T02:00:00+00:00,33.29,112.97,79.68
2025-03-09T03:00:00+00:00,29.97,111.1,81.13
2025-03-09T04:00:00+00:00,31.4,114.89,83.49000000000001
2025-03-09T05:00:00+00:00,31.81,120.93,89.12
2025-03-09T06:00:00+00:00,35.0,121.97,86.97
2025-03-09T07:00:00+00:00,35.0,110.0,75.0
2025-03-09T08:00:00+00:00,29.27,91.04,61.77000000000001
2025-03-09T09:00:00+00:00,10.1,107.53,97.43
2025-03-09T10:00:00+00:00,9.13,90.0,80.87
2025-03-09T11:00:00+00:00,13.2,81.1,67.89999999999999
2025-03-09T12:00:00+00:00,7.1,68.7,61.6
2025-03-09T13:00:00+00:00,3.52,70.0,66.48
2025-03-09T14:00:00+00:00,17.39,80.0,62.61
2025-03-09T15:00:00+00:00,35.01,104.12,69.11000000000001
2025-03-09T16:00:00+00:00,47.68,133.96,86.28
2025-03-09T17:00:00+00:00,89.02,143.48,54.459999999999994
2025-03-09T18:00:00+00:00,124.5,143.48,18.97999999999999
2025-03-09T19:00:00+00:00,127.6,140.0,12.400000000000006
2025-03-09T20:00:00+00:00,115.66,134.5,18.840000000000003
2025-03-09T21:00:00+00:00,97.04,118.68,21.64
2025-03-09T22:00:00+00:00,88.06,112.28,24.22
2025-03-09T23:00:00+00:00,85.51,101.47,15.959999999999994
2025-03-10T00:00:00+00:00,78.03,99.2,21.17
2025-03-10T01:00:00+00:00,73.01,99.45,26.439999999999998
2025-03-10T02:00:00+00:00,71.31,99.65,28.340000000000003
2025-03-10T03:00:00+00:00,66.7,99.14,32.44
2025-03-10T04:00:00+00:00,73.43,111.53,38.099999999999994
2025-03-10T05:00:00+00:00,99.58,133.24,33.66000000000001
2025-03-10T06:00:00+00:00,123.06,157.9,34.84
2025-03-10T07:00:00+00:00,130.01,142.92,12.909999999999997
2025-03-10T08:00:00+00:00,95.0,156.07,61.06999999999999
2025-03-10T09:00:00+00:00,82.99,156.08,73.09000000000002
2025-03-10T10:00:00+00:00,78.0,140.0,62.0
2025-03-10T11:00:00+00:00,76.02,120.0,43.980000000000004
2025-03-10T12:00:00+00:00,77.32,116.35,39.03
2025-03-10T13:00:00+00:00,75.51,121.35,45.83999999999999
2025-03-10T14:00:00+00:00,69.11,130.47,61.36
2025-03-10T15:00:00+00:00,77.86,134.66,56.8
2025-03-10T16:00:00+00:00,95.92,144.9,48.980000000000004
2025-03-10T17:00:00+00:00,117.84,165.5,47.66
2025-03-10T18:00:00+00:00,152.05,158.99,6.939999999999998
2025-03-10T19:00:00+00:00,131.6,140.78,9.180000000000007
2025-03-10T20:00:00+00:00,110.0,131.57,21.569999999999993
2025-03-10T21:00:00+00:00,100.0,118.68,18.680000000000007
2025-03-10T22:00:00+00:00,92.0,115.87,23.870000000000005
2025-03-10T23:00:00+00:00,91.0,110.0,19.0
2025-03-11T00:00:00+00:00,87.45,104.8,17.349999999999994
2025-03-11T01:00:00+00:00,91.98,102.21,10.22999999999999
2025-03-11T02:00:00+00:00,89.37,106.7,17.33
2025-03-11T03:00:00+00:00,82.36,106.78,24.42
2025-03-11T04:00:00+00:00,91.92,113.16,21.239999999999995
2025-03-11T05:00:00+00:00,92.8,140.3,47.500000000000014
2025-03-11T06:00:00+00:00,114.57,146.19,31.620000000000005
2025-03-11T07:00:00+00:00,126.96,140.0,13.040000000000006
2025-03-11T08:00:00+00:00,110.09,130.17,20.079999999999984
2025-03-11T09:00:00+00:00,99.23,121.08,21.849999999999994
2025-03-11T10:00:00+00:00,91.6,121.0,29.400000000000006
2025-03-11T11:00:00+00:00,88.95,105.82,16.86999999999999
2025-03-11T12:00:00+00:00,86.24,108.34,22.10000000000001
2025-03-11T13:00:00+00:00,86.59,118.03,31.439999999999998
2025-03-11T14:00:00+00:00,86.42,127.09,40.67
2025-03-11T15:00:00+00:00,78.21,138.32,60.11
2025-03-11T16:00:00+00:00,87.97,140.26,52.28999999999999
2025-03-11T17:00:00+00:00,114.5,150.0,35.5
2025-03-11T18:00:00+00:00,157.5,157.5,0.0
2025-03-11T19:00:00+00:00,137.84,138.32,0.47999999999998977
2025-03-11T20:00:00+00:00,119.33,133.97,14.64
2025-03-11T21:00:00+00:00,108.78,121.74,12.959999999999994
2025-03-11T22:00:00+00:00,105.16,118.81,13.650000000000006
2025-03-11T23:00:00+00:00,98.9,113.68,14.780000000000001
2025-03-12T00:00:00+00:00,95.03,110.0,14.969999999999999
2025-03-12T01:00:00+00:00,94.87,109.41,14.539999999999992
2025-03-12T02:00:00+00:00,88.78,108.35,19.569999999999993
2025-03-12T03:00:00+00:00,86.93,108.34,21.409999999999997
2025-03-12T04:00:00+00:00,85.79,113.55,27.75999999999999
2025-03-12T05:00:00+00:00,102.81,125.22,22.409999999999997
2025-03-12T06:00:00+00:00,119.55,148.87,29.320000000000007
2025-03-12T07:00:00+00:00,131.53,140.0,8.469999999999999
2025-03-12T08:00:00+00:00,125.0,128.74,3.740000000000009
2025-03-12T09:00:00+00:00,102.67,125.22,22.549999999999997
2025-03-12T10:00:00+00:00,99.56,122.46,22.89999999999999
2025-03-12T11:00:00+00:00,98.01,117.61,19.599999999999994
2025-03-12T12:00:00+00:00,98.64,120.82,22.179999999999993
2025-03-12T13:00:00+00:00,99.03,126.93,27.900000000000006
2025-03-12T14:00:00+00:00,97.86,128.27,30.41000000000001
2025-03-12T15:00:00+00:00,108.29,135.35,27.059999999999988
2025-03-12T16:00:00+00:00,107.58,143.99,36.41000000000001
2025-03-12T17:00:00+00:00,150.2,150.2,0.0
2025-03-12T18:00:00+00:00,176.69,176.69,0.0
2025-03-12T19:00:00+00:00,146.37,146.37,0.0
2025-03-12T20:00:00+00:00,132.2,132.2,0.0
2025-03-12T21:00:00+00:00,120.0,120.0,0.0
2025-03-12T22:00:00+00:00,109.91,114.0,4.090000000000003
2025-03-12T23:00:00+00:00,108.58,108.86,0.28000000000000114
2025-03-13T00:00:00+00:00,103.46,107.62,4.160000000000011
2025-03-13T01:00:00+00:00,101.25,107.0,5.75
2025-03-13T02:00:00+00:00,95.12,107.0,11.879999999999995
2025-03-13T03:00:00+00:00,90.8,107.3,16.5
2025-03-13T04:00:00+00:00,102.51,107.76,5.25
2025-03-13T05:00:00+00:00,123.83,138.91,15.079999999999998
2025-03-13T06:00:00+00:00,152.28,154.37,2.0900000000000034
2025-03-13T07:00:00+00:00,156.41,156.41,0.0
2025-03-13T08:00:00+00:00,140.0,140.0,0.0
2025-03-13T09:00:00+00:00,118.94,123.45,4.510000000000005
2025-03-13T10:00:00+00:00,112.21,112.21,0.0
2025-03-13T11:00:00+00:00,108.07,108.07,0.0
2025-03-13T12:00:00+00:00,106.66,106.66,0.0
2025-03-13T13:00:00+00:00,105.7,106.8,1.0999999999999943
2025-03-13T14:00:00+00:00,104.71,113.12,8.41000000000001
2025-03-13T15:00:00+00:00,104.94,127.2,22.260000000000005
2025-03-13T16:00:00+00:00,124.27,141.83,17.560000000000016
2025-03-13T17:00:00+00:00,166.05,166.05,0.0
2025-03-13T18:00:00+00:00,173.47,173.47,0.0
2025-03-13T19:00:00+00:00,149.0,149.0,0.0
2025-03-13T20:00:00+00:00,135.69,135.69,0.0
2025-03-13T21:00:00+00:00,124.3,127.87,3.5700000000000074
2025-03-13T22:00:00+00:00,112.18,122.15,9.969999999999999
2025-03-13T23:00:00+00:00,109.09,109.09,0.0
2025-03-14T00:00:00+00:00,106.0,106.0,0.0
2025-03-14T01:00:00+00:00,105.9,105.9,0.0
2025-03-14T02:00:00+00:00,103.83,103.83,0.0
2025-03-14T03:00:00+00:00,105.3,105.3,0.0
2025-03-14T04:00:00+00:00,112.47,112.47,0.0
2025-03-14T05:00:00+00:00,132.38,132.38,0.0
2025-03-14T06:00:00+00:00,155.0,155.0,0.0
2025-03-14T07:00:00+00:00,153.62,153.62,0.0
2025-03-14T08:00:00+00:00,131.4,132.14,0.7399999999999807
2025-03-14T09:00:00+00:00,111.29,126.5,15.209999999999994
2025-03-14T10:00:00+00:00,104.74,118.61,13.870000000000005
2025-03-14T11:00:00+00:00,105.76,109.76,4.0
2025-03-14T12:00:00+00:00,98.38,110.2,11.820000000000007
2025-03-14T13:00:00+00:00,91.37,112.0,20.629999999999995
2025-03-14T14:00:00+00:00,97.3,118.61,21.310000000000002
2025-03-14T15:00:00+00:00,101.63,127.38,25.75
2025-03-14T16:00:00+00:00,112.1,139.4,27.30000000000001
2025-03-14T17:00:00+00:00,130.05,151.52,21.47
2025-03-14T18:00:00+00:00,150.55,150.74,0.18999999999999773
2025-03-14T19:00:00+00:00,130.01,132.38,2.3700000000000045
2025-03-14T20:00:00+00:00,111.39,126.21,14.819999999999993
2025-03-14T21:00:00+00:00,114.0,118.61,4.609999999999999
2025-03-14T22:00:00+00:00,105.17,116.66,11.489999999999995
2025-03-14T23:00:00+00:00,112.15,112.15,0.0
2025-03-15T00:00:00+00:00,103.14,106.62,3.480000000000004
2025-03-15T01:00:00+00:00,96.0,102.3,6.299999999999997
2025-03-15T02:00:00+00:00,89.9,102.3,12.399999999999991
2025-03-15T03:00:00+00:00,86.9,104.1,17.19999999999999
2025-03-15T04:00:00+00:00,90.55,107.49,16.939999999999998
2025-03-15T05:00:00+00:00,97.01,125.8,28.789999999999992
2025-03-15T06:00:00+00:00,99.42,130.0,30.58
2025-03-15T07:00:00+00:00,98.51,129.37,30.86
2025-03-15T08:00:00+00:00,86.06,125.5,39.44
2025-03-15T09:00:00+00:00,72.96,113.95,40.99000000000001
2025-03-15T10:00:00+00:00,65.15,108.54,43.39
2025-03-15T11:00:00+00:00,57.11,95.17,38.06
2025-03-15T12:00:00+00:00,48.0,89.62,41.620000000000005
2025-03-15T13:00:00+00:00,54.51,94.58,40.07
2025-03-15T14:00:00+00:00,45.97,111.4,65.43
2025-03-15T15:00:00+00:00,64.13,126.76,62.63000000000001
2025-03-15T16:00:00+00:00,83.99,134.98,50.989999999999995
2025-03-15T17:00:00+00:00,112.67,144.9,32.230000000000004
2025-03-15T18:00:00+00:00,132.96,150.0,17.039999999999992
2025-03-15T19:00:00+00:00,121.46,140.0,18.540000000000006
2025-03-15T20:00:00+00:00,108.5,131.76,23.25999999999999
2025-03-15T21:00:00+00:00,105.02,125.9,20.88000000000001
2025-03-15T22:00:00+00:00,95.25,114.44,19.189999999999998
2025-03-15T23:00:00+00:00,90.01,111.1,21.08999999999999
2025-03-16T00:00:00+00:00,85.79,104.1,18.309999999999988
2025-03-16T01:00:00+00:00,79.62,94.75,15.129999999999995
2025-03-16T02:00:00+00:00,78.18,98.4,20.22
2025-03-16T03:00:00+00:00,78.6,94.76,16.16000000000001
2025-03-16T04:00:00+00:00,80.51,94.76,14.25
2025-03-16T05:00:00+00:00,85.14,103.4,18.260000000000005
2025-03-16T06:00:00+00:00,82.07,104.55,22.480000000000004
2025-03-16T07:00:00+00:00,77.95,94.76,16.810000000000002
2025-03-16T08:00:00+00:00,58.99,76.0,17.009999999999998
2025-03-16T09:00:00+00:00,26.11,26.11,0.0
2025-03-16T10:00:00+00:00,16.45,16.45,0.0
2025-03-16T11:00:00+00:00,25.38,25.38,0.0
2025-03-16T12:00:00+00:00,11.37,11.37,0.0
2025-03-16T13:00:00+00:00,9.94,9.94,0.0
2025-03-16T14:00:00+00:00,31.0,31.0,0.0
2025-03-16T15:00:00+00:00,65.4,94.65,29.25
2025-03-16T16:00:00+00:00,84.19,119.99,35.8
2025-03-16T17:00:00+00:00,108.58,134.9,26.320000000000007
2025-03-16T18:00:00+00:00,140.0,140.0,0.0
2025-03-16T19:00:00+00:00,130.43,136.72,6.289999999999992
2025-03-16T20:00:00+00:00,113.31,130.4,17.090000000000003
2025-03-16T21:00:00+00:00,107.05,124.85,17.799999999999997
2025-03-16T22:00:00+00:00,89.0,109.35,20.349999999999994
2025-03-16T23:00:00+00:00,95.36,104.5,9.14
2025-03-17T00:00:00+00:00,93.58,95.81,2.230000000000004
2025-03-17T01:00:00+00:00,86.01,94.94,8.929999999999993
2025-03-17T02:00:00+00:00,80.91,94.97,14.060000000000002
2025-03-17T03:00:00+00:00,85.85,95.82,9.969999999999999
2025-03-17T04:00:00+00:00,103.3,109.7,6.400000000000006
2025-03-17T05:00:00+00:00,135.18,135.18,0.0
2025-03-17T06:00:00+00:00,152.87,152.87,0.0
2025-03-17T07:00:00+00:00,141.59,141.59,0.0
2025-03-17T08:00:00+00:00,111.4,128.36,16.960000000000008
2025-03-17T09:00:00+00:00,81.1,112.16,31.060000000000002
2025-03-17T10:00:00+00:00,70.07,107.19,37.120000000000005
2025-03-17T11:00:00+00:00,58.9,96.47,37.57
2025-03-17T12:00:00+00:00,50.24,96.97,46.73
2025-03-17T13:00:00+00:00,50.24,107.97,57.73
2025-03-17T14:00:00+00:00,60.34,119.0,58.66
2025-03-17T15:00:00+00:00,68.1,129.36,61.26000000000002
2025-03-17T16:00:00+00:00,80.67,138.57,57.89999999999999
2025-03-17T17:00:00+00:00,111.93,167.15,55.22
2025-03-17T18:00:00+00:00,170.0,170.0,0.0
2025-03-17T19:00:00+00:00,141.5,141.5,0.0
2025-03-17T20:00:00+00:00,110.96,130.0,19.040000000000006
2025-03-17T21:00:00+00:00,104.18,124.64,20.459999999999994
2025-03-17T22:00:00+00:00,93.5,120.04,26.540000000000006
2025-03-17T23:00:00+00:00,92.2,118.1,25.89999999999999
2025-03-18T00:00:00+00:00,89.99,110.08,20.090000000000003
2025-03-18T01:00:00+00:00,87.36,107.31,19.950000000000003
2025-03-18T02:00:00+00:00,79.0,105.6,26.599999999999994
2025-03-18T03:00:00+00:00,74.46,105.15,30.690000000000012
2025-03-18T04:00:00+00:00,88.25,113.66,25.409999999999997
2025-03-18T05:00:00+00:00,119.09,142.04,22.94999999999999
2025-03-18T06:00:00+00:00,136.68,151.5,14.819999999999993
2025-03-18T07:00:00+00:00,108.02,142.93,34.91000000000001
2025-03-18T08:00:00+00:00,72.65,121.42,48.769999999999996
2025-03-18T09:00:00+00:00,37.84,116.79,78.95
2025-03-18T10:00:00+00:00,12.84,111.1,98.25999999999999
2025-03-18T11:00:00+00:00,20.2,81.0,60.8
2025-03-18T12:00:00+00:00,5.19,65.91,60.72
2025-03-18T13:00:00+00:00,6.03,92.17,86.14
2025-03-18T14:00:00+00:00,24.59,96.61,72.02
2025-03-18T15:00:00+00:00,45.29,111.01,65.72
2025-03-18T16:00:00+00:00,74.12,144.4,70.28
2025-03-18T17:00:00+00:00,85.68,165.07,79.38999999999999
2025-03-18T18:00:00+00:00,150.79,164.99,14.200000000000017
2025-03-18T19:00:00+00:00,136.97,144.04,7.069999999999993
2025-03-18T20:00:00+00:00,105.69,132.6,26.909999999999997
2025-03-18T21:00:00+00:00,90.95,125.0,34.05
2025-03-18T22:00:00+00:00,89.66,122.13,32.47
2025-03-18T23:00:00+00:00,82.89,111.1,28.209999999999994
2025-03-19T00:00:00+00:00,78.01,106.95,28.939999999999998
2025-03-19T01:00:00+00:00,76.54,105.11,28.569999999999993
2025-03-19T02:00:00+00:00,73.96,106.74,32.78
2025-03-19T03:00:00+00:00,73.69,109.5,35.81
2025-03-19T04:00:00+00:00,77.34,126.73,49.39
2025-03-19T05:00:00+00:00,102.0,149.49,47.49000000000001
2025-03-19T06:00:00+00:00,139.34,147.49,8.150000000000006
2025-03-19T07:00:00+00:00,107.94,130.98,23.039999999999992
2025-03-19T08:00:00+00:00,79.26,114.89,35.629999999999995
2025-03-19T09:00:00+00:00,28.23,102.08,73.85
2025-03-19T10:00:00+00:00,0.22,98.9,98.68
2025-03-19T11:00:00+00:00,0.0,96.36,96.36
2025-03-19T12:00:00+00:00,0.0,96.3,96.3
2025-03-19T13:00:00+00:00,1.46,113.0,111.54
2025-03-19T14:00:00+00:00,27.2,120.59,93.39
2025-03-19T15:00:00+00:00,47.32,117.95,70.63
2025-03-19T16:00:00+00:00,72.85,144.98,72.13
2025-03-19T17:00:00+00:00,100.29,164.25,63.959999999999994
2025-03-19T18:00:00+00:00,152.83,169.03,16.19999999999999
2025-03-19T19:00:00+00:00,97.23,148.21,50.980000000000004
2025-03-19T20:00:00+00:00,78.9,140.0,61.099999999999994
2025-03-19T21:00:00+00:00,77.56,130.98,53.41999999999999
2025-03-19T22:00:00+00:00,83.06,126.9,43.84
2025-03-19T23:00:00+00:00,59.32,125.02,65.69999999999999
2025-03-20T00:00:00+00:00,50.17,114.79,64.62
2025-03-20T01:00:00+00:00,53.45,114.56,61.11
2025-03-20T02:00:00+00:00,38.67,111.7,73.03
2025-03-20T03:00:00+00:00,25.85,113.11,87.25999999999999
2025-03-20T04:00:00+00:00,48.83,130.02,81.19000000000001
2025-03-20T05:00:00+00:00,72.89,154.16,81.27
2025-03-20T06:00:00+00:00,101.87,150.0,48.129999999999995
2025-03-20T07:00:00+00:00,92.07,135.14,43.06999999999999
2025-03-20T08:00:00+00:00,51.32,125.0,73.68
2025-03-20T09:00:00+00:00,20.36,107.46,87.1
2025-03-20T10:00:00+00:00,3.42,94.54,91.12
2025-03-20T11:00:00+00:00,0.43,70.33,69.89999999999999
2025-03-20T12:00:00+00:00,0.65,69.5,68.85
2025-03-20T13:00:00+00:00,3.52,97.72,94.2
2025-03-20T14:00:00+00:00,6.09,107.84,101.75
2025-03-20T15:00:00+00:00,15.73,128.0,112.27
2025-03-20T16:00:00+00:00,39.52,148.87,109.35
2025-03-20T17:00:00+00:00,62.96,167.19,104.22999999999999
2025-03-20T18:00:00+00:00,101.6,175.0,73.4
2025-03-20T19:00:00+00:00,93.74,164.3,70.56000000000002
2025-03-20T20:00:00+00:00,63.99,137.82,73.82999999999998
2025-03-20T21:00:00+00:00,50.21,129.11,78.9
2025-03-20T22:00:00+00:00,41.51,127.38,85.87
2025-03-20T23:00:00+00:00,37.45,132.98,95.52999999999999
2025-03-21T00:00:00+00:00,20.42,123.27,102.85
2025-03-21T01:00:00+00:00,27.24,119.56,92.32000000000001
2025-03-21T02:00:00+00:00,43.94,114.3,70.36
2025-03-21T03:00:00+00:00,25.63,118.12,92.49000000000001
2025-03-21T04:00:00+00:00,22.5,126.33,103.83
2025-03-21T05:00:00+00:00,34.98,145.0,110.02000000000001
2025-03-21T06:00:00+00:00,43.48,150.43,106.95000000000002
2025-03-21T07:00:00+00:00,34.64,146.0,111.36
2025-03-21T08:00:00+00:00,43.26,133.67,90.41
2025-03-21T09:00:00+00:00,40.41,122.64,82.23
2025-03-21T10:00:00+00:00,7.26,114.05,106.78999999999999
2025-03-21T11:00:00+00:00,5.29,110.0,104.71
2025-03-21T12:00:00+00:00,0.18,111.1,110.91999999999999
2025-03-21T13:00:00+00:00,2.67,116.48,113.81
2025-03-21T14:00:00+00:00,14.05,132.98,118.92999999999999
2025-03-21T15:00:00+00:00,31.7,135.98,104.27999999999999
2025-03-21T16:00:00+00:00,37.13,144.9,107.77000000000001
2025-03-21T17:00:00+00:00,46.83,151.1,104.27
2025-03-21T18:00:00+00:00,60.74,156.32,95.57999999999998
2025-03-21T19:00:00+00:00,51.7,146.0,94.3
2025-03-21T20:00:00+00:00,35.01,133.67,98.66
2025-03-21T21:00:00+00:00,38.86,130.0,91.14
2025-03-21T22:00:00+00:00,30.74,125.19,94.45
2025-03-21T23:00:00+00:00,35.58,128.74,93.16000000000001
2025-03-22T00:00:00+00:00,21.64,119.82,98.17999999999999
2025-03-22T01:00:00+00:00,18.59,119.2,100.61
2025-03-22T02:00:00+00:00,15.04,116.94,101.9
2025-03-22T03:00:00+00:00,14.98,115.0,100.02
2025-03-22T04:00:00+00:00,14.94,117.2,102.26
2025-03-22T05:00:00+00:00,16.17,124.27,108.1
2025-03-22T06:00:00+00:00,19.88,129.91,110.03
2025-03-22T07:00:00+00:00,25.2,134.21,109.01
2025-03-22T08:00:00+00:00,23.29,133.27,109.98000000000002
2025-03-22T09:00:00+00:00,14.56,126.46,111.89999999999999
2025-03-22T10:00:00+00:00,11.85,116.45,104.60000000000001
2025-03-22T11:00:00+00:00,11.56,108.73,97.17
2025-03-22T12:00:00+00:00,5.52,102.85,97.33
2025-03-22T13:00:00+00:00,4.65,106.08,101.42999999999999
2025-03-22T14:00:00+00:00,17.61,114.09,96.48
2025-03-22T15:00:00+00:00,31.2,128.03,96.83
2025-03-22T16:00:00+00:00,37.46,135.53,98.07
2025-03-22T17:00:00+00:00,60.03,141.44,81.41
2025-03-22T18:00:00+00:00,85.17,147.42,62.249999999999986
2025-03-22T19:00:00+00:00,76.01,143.27,67.26
2025-03-22T20:00:00+00:00,52.05,133.27,81.22000000000001
2025-03-22T21:00:00+00:00,43.9,127.4,83.5
2025-03-22T22:00:00+00:00,53.22,119.75,66.53
2025-03-22T23:00:00+00:00,37.16,125.0,87.84
2025-03-23T00:00:00+00:00,37.57,115.51,77.94
2025-03-23T01:00:00+00:00,52.65,109.22,56.57
2025-03-23T02:00:00+00:00,32.09,108.28,76.19
2025-03-23T03:00:00+00:00,24.82,108.3,83.47999999999999
2025-03-23T04:00:00+00:00,25.01,111.1,86.08999999999999
2025-03-23T05:00:00+00:00,27.95,117.11,89.16
2025-03-23T06:00:00+00:00,33.58,111.1,77.52
2025-03-23T07:00:00+00:00,38.15,115.0,76.85
2025-03-23T08:00:00+00:00,23.04,114.0,90.96000000000001
2025-03-23T09:00:00+00:00,13.78,114.29,100.51
2025-03-23T10:00:00+00:00,9.6,111.1,101.5
2025-03-23T11:00:00+00:00,13.49,110.0,96.51
2025-03-23T12:00:00+00:00,5.01,102.6,97.58999999999999
2025-03-23T13:00:00+00:00,11.46,103.98,92.52000000000001
2025-03-23T14:00:00+00:00,33.18,115.0,81.82
2025-03-23T15:00:00+00:00,41.77,121.73,79.96000000000001
2025-03-23T16:00:00+00:00,45.96,131.06,85.1
2025-03-23T17:00:00+00:00,96.18,147.68,51.5
2025-03-23T18:00:00+00:00,125.54,153.18,27.64
2025-03-23T19:00:00+00:00,125.92,147.42,21.499999999999986
2025-03-23T20:00:00+00:00,111.0,139.77,28.77000000000001
2025-03-23T21:00:00+00:00,106.07,137.3,31.230000000000018
2025-03-23T22:00:00+00:00,114.24,127.07,12.829999999999998
2025-03-23T23:00:00+00:00,97.6,113.2,15.600000000000009
2025-03-24T00:00:00+00:00,79.87,111.1,31.22999999999999
2025-03-24T01:00:00+00:00,85.17,110.0,24.83
2025-03-24T02:00:00+00:00,82.75,110.43,27.680000000000007
2025-03-24T03:00:00+00:00,79.51,110.43,30.92
2025-03-24T04:00:00+00:00,87.72,120.62,32.900000000000006
2025-03-24T05:00:00+00:00,115.6,141.5,25.900000000000006
2025-03-24T06:00:00+00:00,146.32,164.24,17.920000000000016
2025-03-24T07:00:00+00:00,145.52,162.44,16.919999999999987
2025-03-24T08:00:00+00:00,119.47,136.4,16.930000000000007
2025-03-24T09:00:00+00:00,107.06,124.15,17.090000000000003
2025-03-24T10:00:00+00:00,79.09,115.0,35.91
2025-03-24T11:00:00+00:00,74.96,105.39,30.430000000000007
2025-03-24T12:00:00+00:00,68.64,108.84,40.2
2025-03-24T13:00:00+00:00,62.76,117.17,54.410000000000004
2025-03-24T14:00:00+00:00,61.64,125.94,64.3
2025-03-24T15:00:00+00:00,76.6,136.1,59.5
2025-03-24T16:00:00+00:00,94.64,143.12,48.480000000000004
2025-03-24T17:00:00+00:00,136.68,167.74,31.060000000000002
2025-03-24T18:00:00+00:00,179.1,179.1,0.0
2025-03-24T19:00:00+00:00,158.3,160.3,2.0
2025-03-24T20:00:00+00:00,120.96,139.9,18.940000000000012
2025-03-24T21:00:00+00:00,107.92,127.0,19.08
2025-03-24T22:00:00+00:00,103.43,122.4,18.97
2025-03-24T23:00:00+00:00,90.45,123.39,32.94
2025-03-25T00:00:00+00:00,84.94,116.17,31.230000000000004
2025-03-25T01:00:00+00:00,82.08,111.1,29.019999999999996
2025-03-25T02:00:00+00:00,73.33,109.97,36.64
2025-03-25T03:00:00+00:00,76.61,111.1,34.489999999999995
2025-03-25T04:00:00+00:00,84.95,117.63,32.67999999999999
2025-03-25T05:00:00+00:00,102.19,138.21,36.02000000000001
2025-03-25T06:00:00+00:00,124.85,144.0,19.150000000000006
2025-03-25T07:00:00+00:00,108.2,139.42,31.219999999999985
2025-03-25T08:00:00+00:00,104.12,122.34,18.22
2025-03-25T09:00:00+00:00,82.15,113.62,31.47
2025-03-25T10:00:00+00:00,76.17,111.1,34.92999999999999
2025-03-25T11:00:00+00:00,73.17,103.1,29.929999999999993
2025-03-25T12:00:00+00:00,65.48,103.25,37.769999999999996
2025-03-25T13:00:00+00:00,57.92,111.1,53.17999999999999
2025-03-25T14:00:00+00:00,56.78,120.62,63.84
2025-03-25T15:00:00+00:00,63.81,135.23,71.41999999999999
2025-03-25T16:00:00+00:00,77.18,145.29,68.10999999999999
2025-03-25T17:00:00+00:00,113.2,164.91,51.709999999999994
2025-03-25T18:00:00+00:00,160.86,166.77,5.909999999999997
2025-03-25T19:00:00+00:00,148.6,148.6,0.0
2025-03-25T20:00:00+00:00,123.86,136.3,12.440000000000012
2025-03-25T21:00:00+00:00,104.25,129.6,25.349999999999994
2025-03-25T22:00:00+00:00,102.05,123.0,20.950000000000003
2025-03-25T23:00:00+00:00,101.02,116.66,15.64
2025-03-26T00:00:00+00:00,97.96,114.24,16.28
2025-03-26T01:00:00+00:00,97.23,113.6,16.36999999999999
2025-03-26T02:00:00+00:00,88.41,113.08,24.67
2025-03-26T03:00:00+00:00,72.06,113.6,41.53999999999999
2025-03-26T04:00:00+00:00,83.71,116.0,32.290000000000006
2025-03-26T05:00:00+00:00,102.51,135.05,32.540000000000006
2025-03-26T06:00:00+00:00,122.6,143.68,21.080000000000013
2025-03-26T07:00:00+00:00,125.98,145.76,19.779999999999987
2025-03-26T08:00:00+00:00,105.91,128.61,22.700000000000017
2025-03-26T09:00:00+00:00,91.93,115.3,23.36999999999999
2025-03-26T10:00:00+00:00,91.0,113.08,22.08
2025-03-26T11:00:00+00:00,92.0,102.99,10.989999999999995
2025-03-26T12:00:00+00:00,80.86,102.99,22.129999999999995
2025-03-26T13:00:00+00:00,73.84,109.5,35.66
2025-03-26T14:00:00+00:00,75.73,116.8,41.06999999999999
2025-03-26T15:00:00+00:00,80.66,127.63,46.97
2025-03-26T16:00:00+00:00,90.79,141.77,50.980000000000004
2025-03-26T17:00:00+00:00,124.2,163.99,39.790000000000006
2025-03-26T18:00:00+00:00,153.43,171.98,18.549999999999983
2025-03-26T19:00:00+00:00,126.66,139.36,12.700000000000017
2025-03-26T20:00:00+00:00,104.94,131.87,26.930000000000007
2025-03-26T21:00:00+00:00,97.33,125.0,27.67
2025-03-26T22:00:00+00:00,92.42,119.05,26.629999999999995
2025-03-26T23:00:00+00:00,93.52,113.0,19.480000000000004
2025-03-27T00:00:00+00:00,82.08,110.49,28.409999999999997
2025-03-27T01:00:00+00:00,85.44,110.53,25.090000000000003
2025-03-27T02:00:00+00:00,70.54,105.98,35.44
2025-03-27T03:00:00+00:00,67.04,104.26,37.22
2025-03-27T04:00:00+00:00,87.56,111.1,23.539999999999992
2025-03-27T05:00:00+00:00,103.8,132.13,28.33
2025-03-27T06:00:00+00:00,125.03,141.08,16.05000000000001
2025-03-27T07:00:00+00:00,123.5,138.52,15.02000000000001
2025-03-27T08:00:00+00:00,89.92,129.0,39.08
2025-03-27T09:00:00+00:00,54.25,116.21,61.959999999999994
2025-03-27T10:00:00+00:00,43.79,113.4,69.61000000000001
2025-03-27T11:00:00+00:00,27.97,104.32,76.35
2025-03-27T12:00:00+00:00,6.67,108.0,101.33
2025-03-27T13:00:00+00:00,24.72,113.88,89.16
2025-03-27T14:00:00+00:00,32.06,123.46,91.39999999999999
2025-03-27T15:00:00+00:00,47.14,124.84,77.7
2025-03-27T16:00:00+00:00,67.61,134.68,67.07000000000001
2025-03-27T17:00:00+00:00,111.64,155.0,43.36
2025-03-27T18:00:00+00:00,150.0,171.43,21.430000000000007
2025-03-27T19:00:00+00:00,135.57,142.15,6.5800000000000125
2025-03-27T20:00:00+00:00,117.75,126.45,8.700000000000003
2025-03-27T21:00:00+00:00,106.1,119.1,13.0
2025-03-27T22:00:00+00:00,93.2,117.0,23.799999999999997
2025-03-27T23:00:00+00:00,73.54,111.1,37.55999999999999
2025-03-28T00:00:00+00:00,77.47,110.14,32.67
2025-03-28T01:00:00+00:00,78.84,105.58,26.739999999999995
2025-03-28T02:00:00+00:00,69.49,105.58,36.09
2025-03-28T03:00:00+00:00,72.1,104.62,32.52000000000001
2025-03-28T04:00:00+00:00,66.69,110.0,43.31
2025-03-28T05:00:00+00:00,96.54,126.4,29.86
2025-03-28T06:00:00+00:00,122.2,129.74,7.540000000000006
2025-03-28T07:00:00+00:00,102.08,126.45,24.370000000000005
2025-03-28T08:00:00+00:00,77.88,112.08,34.2
2025-03-28T09:00:00+00:00,34.4,103.4,69.0
2025-03-28T10:00:00+00:00,10.02,97.86,87.84
2025-03-28T11:00:00+00:00,8.94,91.2,82.26
2025-03-28T12:00:00+00:00,8.02,93.04,85.02000000000001
2025-03-28T13:00:00+00:00,14.48,97.71,83.22999999999999
2025-03-28T14:00:00+00:00,49.91,104.55,54.64
2025-03-28T15:00:00+00:00,53.84,110.18,56.34
2025-03-28T16:00:00+00:00,57.48,130.0,72.52000000000001
2025-03-28T17:00:00+00:00,76.28,150.0,73.72
2025-03-28T18:00:00+00:00,92.55,163.97,71.42
2025-03-28T19:00:00+00:00,85.36,146.07,60.709999999999994
2025-03-28T20:00:00+00:00,63.53,129.31,65.78
2025-03-28T21:00:00+00:00,59.2,124.07,64.86999999999999
2025-03-28T22:00:00+00:00,73.48,118.12,44.64
2025-03-28T23:00:00+00:00,26.28,119.38,93.1
2025-03-29T00:00:00+00:00,39.26,113.17,73.91
2025-03-29T01:00:00+00:00,40.39,112.58,72.19
2025-03-29T02:00:00+00:00,37.19,110.03,72.84
2025-03-29T03:00:00+00:00,34.85,109.23,74.38
2025-03-29T04:00:00+00:00,37.99,111.1,73.10999999999999
2025-03-29T05:00:00+00:00,39.64,128.73,89.08999999999999
2025-03-29T06:00:00+00:00,53.08,118.97,65.89
2025-03-29T07:00:00+00:00,50.39,125.0,74.61
2025-03-29T08:00:00+00:00,41.76,124.38,82.62
2025-03-29T09:00:00+00:00,27.1,114.41,87.31
2025-03-29T10:00:00+00:00,32.46,113.7,81.24000000000001
2025-03-29T11:00:00+00:00,34.56,112.53,77.97
2025-03-29T12:00:00+00:00,7.0,111.1,104.1
2025-03-29T13:00:00+00:00,3.94,111.1,107.16
2025-03-29T14:00:00+00:00,21.34,114.51,93.17
2025-03-29T15:00:00+00:00,15.87,128.73,112.85999999999999
2025-03-29T16:00:00+00:00,35.45,130.91,95.46
2025-03-29T17:00:00+00:00,79.93,151.39,71.45999999999998
2025-03-29T18:00:00+00:00,93.47,158.46,64.99000000000001
2025-03-29T19:00:00+00:00,79.32,135.53,56.21000000000001
2025-03-29T20:00:00+00:00,57.35,139.79,82.44
2025-03-29T21:00:00+00:00,54.39,130.34,75.95
2025-03-29T22:00:00+00:00,45.61,125.0,79.39
2025-03-29T23:00:00+00:00,46.01,126.0,79.99000000000001
2025-03-30T00:00:00+00:00,15.85,116.5,100.65
2025-03-30T01:00:00+00:00,5.07,112.52,107.44999999999999
2025-03-30T02:00:00+00:00,1.2,105.97,104.77
2025-03-30T03:00:00+00:00,0.09,108.19,108.1
2025-03-30T04:00:00+00:00,0.17,109.0,108.83
2025-03-30T05:00:00+00:00,0.13,108.31,108.18
2025-03-30T06:00:00+00:00,0.19,106.5,106.31
2025-03-30T07:00:00+00:00,-0.01,103.66,103.67
2025-03-30T08:00:00+00:00,-0.04,55.0,55.04
2025-03-30T09:00:00+00:00,-3.8,50.0,53.8
2025-03-30T10:00:00+00:00,-0.06,30.0,30.06
2025-03-30T11:00:00+00:00,-4.0,18.0,22.0
2025-03-30T12:00:00+00:00,-5.0,10.01,15.01
2025-03-30T13:00:00+00:00,-5.21,14.08,19.29
2025-03-30T14:00:00+00:00,-4.0,24.4,28.4
2025-03-30T15:00:00+00:00,0.24,92.33,92.09
2025-03-30T16:00:00+00:00,39.82,126.0,86.18
2025-03-30T17:00:00+00:00,64.84,140.0,75.16
2025-03-30T18:00:00+00:00,64.47,139.23,74.75999999999999
2025-03-30T19:00:00+00:00,60.19,131.96,71.77000000000001
2025-03-30T20:00:00+00:00,64.52,127.35,62.83
2025-03-30T21:00:00+00:00,57.51,119.79,62.28000000000001
2025-03-30T22:00:00+00:00,66.34,111.53,45.19
2025-03-30T23:00:00+00:00,53.74,106.69,52.949999999999996
2025-03-31T00:00:00+00:00,45.98,101.5,55.52
2025-03-31T01:00:00+00:00,35.63,101.38,65.75
2025-03-31T02:00:00+00:00,28.83,103.28,74.45
2025-03-31T03:00:00+00:00,39.93,111.53,71.6
2025-03-31T04:00:00+00:00,85.37,132.24,46.870000000000005
2025-03-31T05:00:00+00:00,147.78,167.83,20.05000000000001
2025-03-31T06:00:00+00:00,174.47,175.67,1.1999999999999886
2025-03-31T07:00:00+00:00,94.7,138.64,43.93999999999998
2025-03-31T08:00:00+00:00,56.04,125.0,68.96000000000001
2025-03-31T09:00:00+00:00,26.7,107.61,80.91
2025-03-31T10:00:00+00:00,13.62,94.0,80.38
2025-03-31T11:00:00+00:00,5.06,86.67,81.61
2025-03-31T12:00:00+00:00,-0.01,89.6,89.61
2025-03-31T13:00:00+00:00,-0.01,97.6,97.61
2025-03-31T14:00:00+00:00,0.0,106.89,106.89
2025-03-31T15:00:00+00:00,9.4,112.05,102.64999999999999
2025-03-31T16:00:00+00:00,51.48,132.24,80.76000000000002
2025-03-31T17:00:00+00:00,73.79,156.66,82.86999999999999
2025-03-31T18:00:00+00:00,146.79,152.29,5.5
2025-03-31T19:00:00+00:00,98.46,132.24,33.780000000000015
2025-03-31T20:00:00+00:00,96.87,122.0,25.129999999999995
2025-03-31T21:00:00+00:00,95.01,114.35,19.33999999999999
2025-03-31T22:00:00+00:00,90.0,105.3,15.299999999999997
2025-03-31T23:00:00+00:00,75.78,100.44,24.659999999999997
2025-04-01T00:00:00+00:00,70.03,95.03,25.0
2025-04-01T01:00:00+00:00,60.48,96.92,36.440000000000005
2025-04-01T02:00:00+00:00,61.59,97.0,35.41
2025-04-01T03:00:00+00:00,68.2,104.49,36.28999999999999
2025-04-01T04:00:00+00:00,84.2,131.76,47.55999999999999
2025-04-01T05:00:00+00:00,155.5,161.92,6.4199999999999875
2025-04-01T06:00:00+00:00,159.37,159.37,0.0
2025-04-01T07:00:00+00:00,87.97,130.15,42.18000000000001
2025-04-01T08:00:00+00:00,38.1,116.07,77.97
2025-04-01T09:00:00+00:00,0.0,111.02,111.02
2025-04-01T10:00:00+00:00,0.0,94.18,94.18
2025-04-01T11:00:00+00:00,-0.01,94.13,94.14
2025-04-01T12:00:00+00:00,-0.03,102.71,102.74
2025-04-01T13:00:00+00:00,-0.07,105.82,105.88999999999999
2025-04-01T14:00:00+00:00,-0.01,107.3,107.31
2025-04-01T15:00:00+00:00,-0.01,117.0,117.01
2025-04-01T16:00:00+00:00,17.9,132.8,114.9
2025-04-01T17:00:00+00:00,53.71,157.44,103.72999999999999
2025-04-01T18:00:00+00:00,94.7,142.21,47.510000000000005
2025-04-01T19:00:00+00:00,69.8,129.1,59.3
2025-04-01T20:00:00+00:00,75.73,118.51,42.78
2025-04-01T21:00:00+00:00,58.44,118.47,60.03
2025-04-01T22:00:00+00:00,38.11,111.97,73.86
2025-04-01T23:00:00+00:00,26.34,106.23,79.89
2025-04-02T00:00:00+00:00,26.1,106.23,80.13
2025-04-02T01:00:00+00:00,20.0,103.5,83.5
2025-04-02T02:00:00+00:00,20.0,105.0,85.0
2025-04-02T03:00:00+00:00,26.34,111.1,84.75999999999999
2025-04-02T04:00:00+00:00,39.87,129.6,89.72999999999999
2025-04-02T05:00:00+00:00,90.08,155.9,65.82000000000001
2025-04-02T06:00:00+00:00,104.9,147.88,42.97999999999999
2025-04-02T07:00:00+00:00,54.33,136.57,82.24
2025-04-02T08:00:00+00:00,21.15,124.01,102.86000000000001
2025-04-02T09:00:00+00:00,0.89,121.08,120.19
2025-04-02T10:00:00+00:00,0.0,100.87,100.87
2025-04-02T11:00:00+00:00,0.0,100.0,100.0
2025-04-02T12:00:00+00:00,-0.01,100.0,100.01
2025-04-02T13:00:00+00:00,-0.02,105.8,105.82
2025-04-02T14:00:00+00:00,-0.01,111.1,111.11
2025-04-02T15:00:00+00:00,0.04,117.03,116.99
2025-04-02T16:00:00+00:00,7.96,129.75,121.79
2025-04-02T17:00:00+00:00,36.08,157.73,121.64999999999999
2025-04-02T18:00:00+00:00,53.11,149.35,96.24
2025-04-02T19:00:00+00:00,49.23,130.95,81.72
2025-04-02T20:00:00+00:00,32.95,126.74,93.78999999999999
2025-04-02T21:00:00+00:00,34.92,120.74,85.82
2025-04-02T22:00:00+00:00,39.99,120.36,80.37
2025-04-02T23:00:00+00:00,19.07,111.8,92.72999999999999
2025-04-03T00:00:00+00:00,16.32,110.0,93.68
2025-04-03T01:00:00+00:00,12.27,109.47,97.2
2025-04-03T02:00:00+00:00,9.07,109.55,100.47999999999999
2025-04-03T03:00:00+00:00,14.25,113.52,99.27
2025-04-03T04:00:00+00:00,59.77,141.87,82.1
2025-04-03T05:00:00+00:00,107.56,167.3,59.74000000000001
2025-04-03T06:00:00+00:00,133.3,149.5,16.19999999999999
2025-04-03T07:00:00+00:00,79.11,128.0,48.89
2025-04-03T08:00:00+00:00,28.96,116.02,87.06
2025-04-03T09:00:00+00:00,0.04,103.09,103.05
2025-04-03T10:00:00+00:00,-0.01,55.0,55.01
2025-04-03T11:00:00+00:00,-0.01,54.88,54.89
2025-04-03T12:00:00+00:00,-0.01,75.0,75.01
2025-04-03T13:00:00+00:00,-0.01,104.3,104.31
2025-04-03T14:00:00+00:00,1.87,111.1,109.22999999999999
2025-04-03T15:00:00+00:00,36.5,111.1,74.6
2025-04-03T16:00:00+00:00,88.81,134.75,45.94
2025-04-03T17:00:00+00:00,134.65,173.47,38.81999999999999
2025-04-03T18:00:00+00:00,128.86,176.85,47.98999999999998
2025-04-03T19:00:00+00:00,90.49,143.06,52.57000000000001
2025-04-03T20:00:00+00:00,88.71,137.07,48.36
2025-04-03T21:00:00+00:00,79.97,130.0,50.03
2025-04-03T22:00:00+00:00,64.08,116.0,51.92
2025-04-03T23:00:00+00:00,51.65,109.7,58.050000000000004
2025-04-04T00:00:00+00:00,41.53,107.84,66.31
2025-04-04T01:00:00+00:00,46.78,107.92,61.14
2025-04-04T02:00:00+00:00,35.74,111.1,75.35999999999999
2025-04-04T03:00:00+00:00,23.46,117.92,94.46000000000001
2025-04-04T04:00:00+00:00,42.8,153.05,110.25000000000001
2025-04-04T05:00:00+00:00,81.91,181.0,99.09
2025-04-04T06:00:00+00:00,100.14,144.0,43.86
2025-04-04T07:00:00+00:00,80.3,115.33,35.03
2025-04-04T08:00:00+00:00,39.88,112.0,72.12
2025-04-04T09:00:00+00:00,7.82,99.46,91.63999999999999
2025-04-04T10:00:00+00:00,0.0,65.0,65.0
2025-04-04T11:00:00+00:00,-0.01,49.83,49.839999999999996
2025-04-04T12:00:00+00:00,-0.02,65.0,65.02
2025-04-04T13:00:00+00:00,-0.01,85.0,85.01
2025-04-04T14:00:00+00:00,0.0,95.64,95.64
2025-04-04T15:00:00+00:00,19.5,109.67,90.17
2025-04-04T16:00:00+00:00,32.83,130.0,97.17
2025-04-04T17:00:00+00:00,54.23,163.79,109.56
2025-04-04T18:00:00+00:00,52.33,159.72,107.39
2025-04-04T19:00:00+00:00,50.02,133.66,83.63999999999999
2025-04-04T20:00:00+00:00,51.4,127.22,75.82
2025-04-04T21:00:00+00:00,56.82,121.0,64.18
2025-04-04T22:00:00+00:00,48.64,125.0,76.36
2025-04-04T23:00:00+00:00,54.03,111.58,57.55
2025-04-05T00:00:00+00:00,37.3,108.68,71.38000000000001
2025-04-05T01:00:00+00:00,20.67,108.34,87.67
2025-04-05T02:00:00+00:00,13.2,107.94,94.74
2025-04-05T03:00:00+00:00,16.4,107.88,91.47999999999999
2025-04-05T04:00:00+00:00,25.96,123.42,97.46000000000001
2025-04-05T05:00:00+00:00,23.43,131.02,107.59
2025-04-05T06:00:00+00:00,29.1,125.09,95.99000000000001
2025-04-05T07:00:00+00:00,42.5,105.1,62.599999999999994
2025-04-05T08:00:00+00:00,0.66,83.5,82.84
2025-04-05T09:00:00+00:00,-0.13,68.44,68.57
2025-04-05T10:00:00+00:00,-0.3,33.0,33.3
2025-04-05T11:00:00+00:00,-38.53,50.33,88.86
2025-04-05T12:00:00+00:00,-44.02,60.0,104.02000000000001
2025-04-05T13:00:00+00:00,-29.89,90.37,120.26
2025-04-05T14:00:00+00:00,-4.17,84.5,88.67
2025-04-05T15:00:00+00:00,0.1,105.97,105.87
2025-04-05T16:00:00+00:00,35.2,125.09,89.89
2025-04-05T17:00:00+00:00,46.49,136.77,90.28
2025-04-05T18:00:00+00:00,95.61,138.24,42.63000000000001
2025-04-05T19:00:00+00:00,85.23,129.91,44.67999999999999
2025-04-05T20:00:00+00:00,78.99,123.26,44.27000000000001
2025-04-05T21:00:00+00:00,68.75,118.67,49.92
2025-04-05T22:00:00+00:00,70.45,103.02,32.56999999999999
2025-04-05T23:00:00+00:00,46.21,97.15,50.940000000000005
2025-04-06T00:00:00+00:00,35.01,92.57,57.559999999999995
2025-04-06T01:00:00+00:00,27.01,88.54,61.53
2025-04-06T02:00:00+00:00,25.5,90.08,64.58
2025-04-06T03:00:00+00:00,25.57,90.08,64.50999999999999
2025-04-06T04:00:00+00:00,26.51,100.13,73.61999999999999
2025-04-06T05:00:00+00:00,28.87,111.02,82.14999999999999
2025-04-06T06:00:00+00:00,26.25,116.1,89.85
2025-04-06T07:00:00+00:00,0.1,118.09,117.99000000000001
2025-04-06T08:00:00+00:00,-2.0,111.0,113.0
2025-04-06T09:00:00+00:00,-27.49,99.63,127.11999999999999
2025-04-06T10:00:00+00:00,-59.82,93.07,152.89
2025-04-06T11:00:00+00:00,-106.48,59.0,165.48000000000002
2025-04-06T12:00:00+00:00,-115.46,75.0,190.45999999999998
2025-04-06T13:00:00+00:00,-70.55,76.16,146.70999999999998
2025-04-06T14:00:00+00:00,-19.15,86.4,105.55000000000001
2025-04-06T15:00:00+00:00,-0.01,101.21,101.22
2025-04-06T16:00:00+00:00,17.62,110.45,92.83
2025-04-06T17:00:00+00:00,50.94,129.17,78.22999999999999
2025-04-06T18:00:00+00:00,75.0,132.0,57.0
2025-04-06T19:00:00+00:00,80.0,125.75,45.75
2025-04-06T20:00:00+00:00,70.01,114.33,44.31999999999999
2025-04-06T21:00:00+00:00,66.38,102.74,36.36
2025-04-06T22:00:00+00:00,48.37,89.9,41.53000000000001
2025-04-06T23:00:00+00:00,41.9,88.6,46.699999999999996
2025-04-07T00:00:00+00:00,43.32,85.02,41.699999999999996
2025-04-07T01:00:00+00:00,39.54,87.3,47.76
2025-04-07T02:00:00+00:00,39.74,88.98,49.24
2025-04-07T03:00:00+00:00,46.22,95.1,48.879999999999995
2025-04-07T04:00:00+00:00,79.02,132.32,53.3
2025-04-07T05:00:00+00:00,159.86,173.58,13.719999999999999
2025-04-07T06:00:00+00:00,143.04,143.45,0.4099999999999966
2025-04-07T07:00:00+00:00,85.7,117.34,31.64
2025-04-07T08:00:00+00:00,63.12,111.0,47.88
2025-04-07T09:00:00+00:00,35.14,99.63,64.49
2025-04-07T10:00:00+00:00,11.8,75.0,63.2
2025-04-07T11:00:00+00:00,3.34,70.0,66.66
2025-04-07T12:00:00+00:00,0.0,86.18,86.18
2025-04-07T13:00:00+00:00,0.0,86.18,86.18
2025-04-07T14:00:00+00:00,16.62,97.39,80.77
2025-04-07T15:00:00+00:00,40.35,105.8,65.44999999999999
2025-04-07T16:00:00+00:00,48.04,129.46,81.42000000000002
2025-04-07T17:00:00+00:00,74.16,152.74,78.58000000000001
2025-04-07T18:00:00+00:00,156.0,162.6,6.599999999999994
2025-04-07T19:00:00+00:00,136.34,136.34,0.0
2025-04-07T20:00:00+00:00,118.34,122.91,4.569999999999993
2025-04-07T21:00:00+00:00,99.84,110.0,10.159999999999997
2025-04-07T22:00:00+00:00,83.0,97.09,14.090000000000003
2025-04-07T23:00:00+00:00,71.8,93.09,21.290000000000006
2025-04-08T00:00:00+00:00,69.07,93.09,24.02000000000001
2025-04-08T01:00:00+00:00,57.65,93.6,35.949999999999996
2025-04-08T02:00:00+00:00,51.22,95.76,44.540000000000006
2025-04-08T03:00:00+00:00,53.16,112.0,58.84
2025-04-08T04:00:00+00:00,76.08,145.9,69.82000000000001
2025-04-08T05:00:00+00:00,131.82,169.77,37.95000000000002
2025-04-08T06:00:00+00:00,136.77,136.77,0.0
2025-04-08T07:00:00+00:00,91.02,103.66,12.64
2025-04-08T08:00:00+00:00,47.26,94.4,47.14000000000001
2025-04-08T09:00:00+00:00,8.17,82.8,74.63
2025-04-08T10:00:00+00:00,11.92,65.5,53.58
2025-04-08T11:00:00+00:00,0.0,60.67,60.67
2025-04-08T12:00:00+00:00,-0.01,75.0,75.01
2025-04-08T13:00:00+00:00,0.0,84.14,84.14
2025-04-08T14:00:00+00:00,8.14,90.5,82.36
2025-04-08T15:00:00+00:00,34.29,100.14,65.85
2025-04-08T16:00:00+00:00,56.26,123.53,67.27000000000001
2025-04-08T17:00:00+00:00,83.08,159.98,76.89999999999999
2025-04-08T18:00:00+00:00,117.6,162.05,44.45000000000002
2025-04-08T19:00:00+00:00,123.49,139.52,16.030000000000015
2025-04-08T20:00:00+00:00,85.95,120.5,34.55
2025-04-08T21:00:00+00:00,69.22,111.1,41.879999999999995
2025-04-08T22:00:00+00:00,50.13,109.65,59.52
2025-04-08T23:00:00+00:00,37.0,102.0,65.0
2025-04-09T00:00:00+00:00,33.68,99.96,66.28
2025-04-09T01:00:00+00:00,37.54,100.2,62.660000000000004
2025-04-09T02:00:00+00:00,28.46,101.47,73.00999999999999
2025-04-09T03:00:00+00:00,36.78,110.23,73.45
2025-04-09T04:00:00+00:00,41.24,145.0,103.75999999999999
2025-04-09T05:00:00+00:00,86.96,175.0,88.04
2025-04-09T06:00:00+00:00,98.21,143.37,45.16000000000001
2025-04-09T07:00:00+00:00,62.16,117.51,55.35000000000001
2025-04-09T08:00:00+00:00,15.0,110.85,95.85
2025-04-09T09:00:00+00:00,-0.01,104.12,104.13000000000001
2025-04-09T10:00:00+00:00,-0.01,81.67,81.68
2025-04-09T11:00:00+00:00,-0.02,81.67,81.69
2025-04-09T12:00:00+00:00,-0.04,93.8,93.84
2025-04-09T13:00:00+00:00,-0.02,97.1,97.11999999999999
2025-04-09T14:00:00+00:00,-0.02,104.54,104.56
2025-04-09T15:00:00+00:00,0.0,109.9,109.9
2025-04-09T16:00:00+00:00,35.94,124.26,88.32000000000001
2025-04-09T17:00:00+00:00,46.57,148.9,102.33000000000001
2025-04-09T18:00:00+00:00,70.0,151.33,81.33000000000001
2025-04-09T19:00:00+00:00,61.96,128.0,66.03999999999999
2025-04-09T20:00:00+00:00,53.96,118.8,64.84
2025-04-09T21:00:00+00:00,36.64,110.85,74.21
2025-04-09T22:00:00+00:00,33.68,102.91,69.22999999999999
2025-04-09T23:00:00+00:00,28.46,97.1,68.63999999999999
2025-04-10T00:00:00+00:00,25.83,95.83,70.0
2025-04-10T01:00:00+00:00,21.3,95.15,73.85000000000001
2025-04-10T02:00:00+00:00,18.36,97.1,78.74
2025-04-10T03:00:00+00:00,29.34,101.38,72.03999999999999
2025-04-10T04:00:00+00:00,41.42,125.28,83.86
2025-04-10T05:00:00+00:00,45.56,156.92,111.35999999999999
2025-04-10T06:00:00+00:00,72.07,137.75,65.68
2025-04-10T07:00:00+00:00,64.44,113.81,49.370000000000005
2025-04-10T08:00:00+00:00,28.04,107.58,79.53999999999999
2025-04-10T09:00:00+00:00,15.33,97.1,81.77
2025-04-10T10:00:00+00:00,0.0,67.0,67.0
2025-04-10T11:00:00+00:00,0.0,61.45,61.45
2025-04-10T12:00:00+00:00,-0.01,70.0,70.01
2025-04-10T13:00:00+00:00,-0.01,76.41,76.42
2025-04-10T14:00:00+00:00,0.0,85.0,85.0
2025-04-10T15:00:00+00:00,10.28,95.38,85.1
2025-04-10T16:00:00+00:00,37.46,112.07,74.60999999999999
2025-04-10T17:00:00+00:00,51.96,141.96,90.0
2025-04-10T18:00:00+00:00,52.01,149.89,97.88
2025-04-10T19:00:00+00:00,50.82,125.75,74.93
2025-04-10T20:00:00+00:00,44.83,111.64,66.81
2025-04-10T21:00:00+00:00,40.6,105.67,65.07
2025-04-10T22:00:00+00:00,21.63,99.04,77.41000000000001
2025-04-10T23:00:00+00:00,20.48,94.84,74.36
2025-04-11T00:00:00+00:00,46.55,94.51,47.96000000000001
2025-04-11T01:00:00+00:00,35.93,93.87,57.940000000000005
2025-04-11T02:00:00+00:00,37.04,94.13,57.089999999999996
2025-04-11T03:00:00+00:00,40.19,97.1,56.91
2025-04-11T04:00:00+00:00,59.58,118.83,59.25
2025-04-11T05:00:00+00:00,112.46,148.47,36.010000000000005
2025-04-11T06:00:00+00:00,112.31,128.61,16.30000000000001
2025-04-11T07:00:00+00:00,75.17,104.04,28.870000000000005
2025-04-11T08:00:00+00:00,26.5,107.08,80.58
2025-04-11T09:00:00+00:00,1.05,97.1,96.05
2025-04-11T10:00:00+00:00,0.0,63.22,63.22
2025-04-11T11:00:00+00:00,-0.13,50.0,50.13
2025-04-11T12:00:00+00:00,-1.67,58.0,59.67
2025-04-11T13:00:00+00:00,-0.09,66.41,66.5
2025-04-11T14:00:00+00:00,0.01,75.0,74.99
2025-04-11T15:00:00+00:00,22.01,92.58,70.57
2025-04-11T16:00:00+00:00,38.17,118.83,80.66
2025-04-11T17:00:00+00:00,52.85,130.61,77.76000000000002
2025-04-11T18:00:00+00:00,52.01,149.34,97.33000000000001
2025-04-11T19:00:00+00:00,58.02,123.3,65.28
2025-04-11T20:00:00+00:00,41.91,116.0,74.09
2025-04-11T21:00:00+00:00,35.0,111.46,76.46
2025-04-11T22:00:00+00:00,35.01,112.0,76.99000000000001
2025-04-11T23:00:00+00:00,29.24,103.4,74.16000000000001
2025-04-12T00:00:00+00:00,31.22,99.6,68.38
2025-04-12T01:00:00+00:00,29.24,98.51,69.27000000000001
2025-04-12T02:00:00+00:00,29.09,98.51,69.42
2025-04-12T03:00:00+00:00,30.38,103.88,73.5
2025-04-12T04:00:00+00:00,32.68,112.13,79.44999999999999
2025-04-12T05:00:00+00:00,29.24,113.0,83.76
2025-04-12T06:00:00+00:00,30.95,99.9,68.95
2025-04-12T07:00:00+00:00,33.0,88.1,55.099999999999994
2025-04-12T08:00:00+00:00,20.19,41.0,20.81
2025-04-12T09:00:00+00:00,0.0,15.56,15.56
2025-04-12T10:00:00+00:00,0.0,12.05,12.05
2025-04-12T11:00:00+00:00,-0.01,12.28,12.29
2025-04-12T12:00:00+00:00,-6.26,26.59,32.85
2025-04-12T13:00:00+00:00,-0.06,47.0,47.06
2025-04-12T14:00:00+00:00,0.0,68.4,68.4
2025-04-12T15:00:00+00:00,18.08,90.5,72.42
2025-04-12T16:00:00+00:00,22.57,116.55,93.97999999999999
2025-04-12T17:00:00+00:00,33.84,128.81,94.97
2025-04-12T18:00:00+00:00,50.02,136.76,86.73999999999998
2025-04-12T19:00:00+00:00,53.52,118.56,65.03999999999999
2025-04-12T20:00:00+00:00,49.43,113.85,64.41999999999999
2025-04-12T21:00:00+00:00,45.59,102.32,56.72999999999999
2025-04-12T22:00:00+00:00,34.99,97.1,62.10999999999999
2025-04-12T23:00:00+00:00,35.0,90.27,55.269999999999996
2025-04-13T00:00:00+00:00,31.3,86.97,55.67
2025-04-13T01:00:00+00:00,20.08,81.9,61.82000000000001
2025-04-13T02:00:00+00:00,15.31,81.43,66.12
2025-04-13T03:00:00+00:00,14.99,84.0,69.01
2025-04-13T04:00:00+00:00,21.63,89.57,67.94
2025-04-13T05:00:00+00:00,27.75,93.53,65.78
2025-04-13T06:00:00+00:00,17.23,93.49,76.25999999999999
2025-04-13T07:00:00+00:00,8.43,98.2,89.77000000000001
2025-04-13T08:00:00+00:00,0.0,102.11,102.11
2025-04-13T09:00:00+00:00,-0.02,97.67,97.69
2025-04-13T10:00:00+00:00,-0.07,95.85,95.91999999999999
2025-04-13T11:00:00+00:00,-18.84,90.19,109.03
2025-04-13T12:00:00+00:00,-25.38,90.17,115.55
2025-04-13T13:00:00+00:00,-9.93,92.39,102.32
2025-04-13T14:00:00+00:00,-0.01,90.95,90.96000000000001
2025-04-13T15:00:00+00:00,12.93,90.01,77.08000000000001
2025-04-13T16:00:00+00:00,32.21,107.44,75.22999999999999
2025-04-13T17:00:00+00:00,31.62,119.37,87.75
2025-04-13T18:00:00+00:00,44.91,121.44,76.53
2025-04-13T19:00:00+00:00,60.55,115.9,55.35000000000001
2025-04-13T20:00:00+00:00,59.04,107.72,48.68
2025-04-13T21:00:00+00:00,38.5,99.67,61.17
2025-04-13T22:00:00+00:00,39.23,93.0,53.77
2025-04-13T23:00:00+00:00,38.16,87.77,49.61
2025-04-14T00:00:00+00:00,37.74,86.97,49.23
2025-04-14T01:00:00+00:00,35.0,86.92,51.92
2025-04-14T02:00:00+00:00,30.01,89.51,59.5
2025-04-14T03:00:00+00:00,35.01,97.1,62.089999999999996
2025-04-14T04:00:00+00:00,42.5,117.0,74.5
2025-04-14T05:00:00+00:00,68.19,152.03,83.84
2025-04-14T06:00:00+00:00,74.94,144.39,69.44999999999999
2025-04-14T07:00:00+00:00,37.74,125.0,87.25999999999999
2025-04-14T08:00:00+00:00,41.7,122.47,80.77
2025-04-14T09:00:00+00:00,26.77,122.47,95.7
2025-04-14T10:00:00+00:00,52.65,114.01,61.36000000000001
2025-04-14T11:00:00+00:00,23.51,108.78,85.27
2025-04-14T12:00:00+00:00,10.16,112.54,102.38000000000001
2025-04-14T13:00:00+00:00,20.24,108.76,88.52000000000001
2025-04-14T14:00:00+00:00,28.12,114.01,85.89
2025-04-14T15:00:00+00:00,38.46,113.3,74.84
2025-04-14T16:00:00+00:00,36.63,125.0,88.37
2025-04-14T17:00:00+00:00,47.02,146.7,99.67999999999998
2025-04-14T18:00:00+00:00,37.81,147.88,110.07
2025-04-14T19:00:00+00:00,35.0,111.84,76.84
2025-04-14T20:00:00+00:00,19.75,103.76,84.01
2025-04-14T21:00:00+00:00,13.0,97.1,84.1
2025-04-14T22:00:00+00:00,14.0,95.17,81.17
2025-04-14T23:00:00+00:00,7.5,91.3,83.8
2025-04-15T00:00:00+00:00,5.64,90.83,85.19
2025-04-15T01:00:00+00:00,4.5,89.51,85.01
2025-04-15T02:00:00+00:00,3.6,87.22,83.62
2025-04-15T03:00:00+00:00,7.08,90.9,83.82000000000001
2025-04-15T04:00:00+00:00,36.42,107.26,70.84
2025-04-15T05:00:00+00:00,34.45,120.87,86.42
2025-04-15T06:00:00+00:00,35.0,132.15,97.15
2025-04-15T07:00:00+00:00,48.47,127.15,78.68
2025-04-15T08:00:00+00:00,41.61,125.7,84.09
2025-04-15T09:00:00+00:00,8.55,123.5,114.95
2025-04-15T10:00:00+00:00,0.08,110.45,110.37
2025-04-15T11:00:00+00:00,0.0,101.2,101.2
2025-04-15T12:00:00+00:00,-0.01,101.2,101.21000000000001
2025-04-15T13:00:00+00:00,-0.01,101.2,101.21000000000001
2025-04-15T14:00:00+00:00,-0.01,109.29,109.30000000000001
2025-04-15T15:00:00+00:00,0.0,110.55,110.55
2025-04-15T16:00:00+00:00,11.26,114.0,102.74
2025-04-15T17:00:00+00:00,23.5,141.0,117.5
2025-04-15T18:00:00+00:00,33.47,150.09,116.62
2025-04-15T19:00:00+00:00,35.0,118.05,83.05
2025-04-15T20:00:00+00:00,21.96,111.29,89.33000000000001
2025-04-15T21:00:00+00:00,31.9,109.55,77.65
2025-04-15T22:00:00+00:00,55.89,110.0,54.11
2025-04-15T23:00:00+00:00,36.9,101.98,65.08000000000001
2025-04-16T00:00:00+00:00,31.98,98.3,66.32
2025-04-16T01:00:00+00:00,12.96,99.13,86.16999999999999
2025-04-16T02:00:00+00:00,10.16,98.3,88.14
2025-04-16T03:00:00+00:00,36.02,107.74,71.72
2025-04-16T04:00:00+00:00,43.83,121.0,77.17
2025-04-16T05:00:00+00:00,73.97,138.93,64.96000000000001
2025-04-16T06:00:00+00:00,109.94,135.71,25.77000000000001
2025-04-16T07:00:00+00:00,94.06,124.63,30.569999999999993
2025-04-16T08:00:00+00:00,57.58,114.97,57.39
2025-04-16T09:00:00+00:00,39.07,107.56,68.49000000000001
2025-04-16T10:00:00+00:00,34.32,95.0,60.68
2025-04-16T11:00:00+00:00,21.15,93.95,72.80000000000001
2025-04-16T12:00:00+00:00,14.36,95.85,81.49
2025-04-16T13:00:00+00:00,9.6,99.13,89.53
2025-04-16T14:00:00+00:00,14.41,99.11,84.7
2025-04-16T15:00:00+00:00,42.26,100.02,57.76
2025-04-16T16:00:00+00:00,90.91,118.26,27.35000000000001
2025-04-16T17:00:00+00:00,115.92,153.05,37.13000000000001
2025-04-16T18:00:00+00:00,120.13,150.0,29.870000000000005
2025-04-16T19:00:00+00:00,99.59,119.1,19.50999999999999
2025-04-16T20:00:00+00:00,103.9,110.38,6.47999999999999
2025-04-16T21:00:00+00:00,98.59,98.59,0.0
2025-04-16T22:00:00+00:00,59.87,92.4,32.53000000000001
2025-04-16T23:00:00+00:00,56.83,87.14,30.310000000000002
2025-04-17T00:00:00+00:00,46.03,85.93,39.900000000000006
2025-04-17T01:00:00+00:00,36.15,87.3,51.15
2025-04-17T02:00:00+00:00,32.11,87.27,55.16
2025-04-17T03:00:00+00:00,31.01,94.18,63.17
2025-04-17T04:00:00+00:00,68.98,111.8,42.81999999999999
2025-04-17T05:00:00+00:00,111.8,127.2,15.400000000000006
2025-04-17T06:00:00+00:00,129.0,135.0,6.0
2025-04-17T07:00:00+00:00,118.55,128.46,9.91000000000001
2025-04-17T08:00:00+00:00,65.01,124.62,59.61
2025-04-17T09:00:00+00:00,47.86,118.57,70.71
2025-04-17T10:00:00+00:00,51.62,108.0,56.38
2025-04-17T11:00:00+00:00,22.28,101.18,78.9
2025-04-17T12:00:00+00:00,9.56,107.5,97.94
2025-04-17T13:00:00+00:00,13.7,97.1,83.39999999999999
2025-04-17T14:00:00+00:00,15.55,96.39,80.84
2025-04-17T15:00:00+00:00,41.94,101.98,60.040000000000006
2025-04-17T16:00:00+00:00,65.85,118.57,52.72
2025-04-17T17:00:00+00:00,88.36,141.12,52.760000000000005
2025-04-17T18:00:00+00:00,90.12,144.03,53.91
2025-04-17T19:00:00+00:00,107.5,125.0,17.5
2025-04-17T20:00:00+00:00,98.9,113.0,14.099999999999994
2025-04-17T21:00:00+00:00,91.47,99.26,7.790000000000006
2025-04-17T22:00:00+00:00,51.95,90.02,38.06999999999999
2025-04-17T23:00:00+00:00,30.91,81.81,50.900000000000006
2025-04-18T00:00:00+00:00,36.8,78.35,41.55
2025-04-18T01:00:00+00:00,37.58,86.0,48.42
2025-04-18T02:00:00+00:00,20.98,80.01,59.03
2025-04-18T03:00:00+00:00,47.88,90.9,43.02
2025-04-18T04:00:00+00:00,48.35,119.38,71.03
2025-04-18T05:00:00+00:00,74.64,137.13,62.489999999999995
2025-04-18T06:00:00+00:00,65.62,137.13,71.50999999999999
2025-04-18T07:00:00+00:00,42.39,119.43,77.04
2025-04-18T08:00:00+00:00,29.35,100.36,71.00999999999999
2025-04-18T09:00:00+00:00,14.49,93.85,79.36
2025-04-18T10:00:00+00:00,9.32,80.99,71.66999999999999
2025-04-18T11:00:00+00:00,0.0,69.98,69.98
2025-04-18T12:00:00+00:00,-0.01,67.43,67.44000000000001
2025-04-18T13:00:00+00:00,-0.01,68.28,68.29
2025-04-18T14:00:00+00:00,-0.01,76.39,76.4
2025-04-18T15:00:00+00:00,3.9,95.0,91.1
2025-04-18T16:00:00+00:00,24.52,110.73,86.21000000000001
2025-04-18T17:00:00+00:00,42.18,132.37,90.19
2025-04-18T18:00:00+00:00,56.57,137.13,80.56
2025-04-18T19:00:00+00:00,58.75,122.12,63.370000000000005
2025-04-18T20:00:00+00:00,52.75,114.33,61.58
2025-04-18T21:00:00+00:00,39.03,105.57,66.53999999999999
2025-04-18T22:00:00+00:00,19.19,95.92,76.73
2025-04-18T23:00:00+00:00,16.29,84.25,67.96000000000001
2025-04-19T00:00:00+00:00,18.85,82.61,63.76
2025-04-19T01:00:00+00:00,13.2,82.61,69.41
2025-04-19T02:00:00+00:00,18.9,82.61,63.71
2025-04-19T03:00:00+00:00,15.36,84.25,68.89
2025-04-19T04:00:00+00:00,17.46,100.62,83.16
2025-04-19T05:00:00+00:00,15.86,109.21,93.35
2025-04-19T06:00:00+00:00,26.38,115.12,88.74000000000001
2025-04-19T07:00:00+00:00,44.18,99.92,55.74
2025-04-19T08:00:00+00:00,28.94,68.81,39.870000000000005
2025-04-19T09:00:00+00:00,4.54,40.0,35.46
2025-04-19T10:00:00+00:00,0.0,20.0,20.0
2025-04-19T11:00:00+00:00,-0.01,12.83,12.84
2025-04-19T12:00:00+00:00,-0.02,15.0,15.02
2025-04-19T13:00:00+00:00,-0.08,16.1,16.18
2025-04-19T14:00:00+00:00,0.2,49.0,48.8
2025-04-19T15:00:00+00:00,14.07,96.72,82.65
2025-04-19T16:00:00+00:00,38.16,121.12,82.96000000000001
2025-04-19T17:00:00+00:00,43.07,137.5,94.43
2025-04-19T18:00:00+00:00,41.26,136.64,95.38
2025-04-19T19:00:00+00:00,39.92,117.52,77.6
2025-04-19T20:00:00+00:00,62.61,108.0,45.39
2025-04-19T21:00:00+00:00,63.4,99.8,36.4
2025-04-19T22:00:00+00:00,70.8,103.54,32.74000000000001
2025-04-19T23:00:00+00:00,43.8,99.83,56.03
2025-04-20T00:00:00+00:00,37.26,95.0,57.74
2025-04-20T01:00:00+00:00,25.06,93.9,68.84
2025-04-20T02:00:00+00:00,17.14,93.22,76.08
2025-04-20T03:00:00+00:00,18.21,93.2,74.99000000000001
2025-04-20T04:00:00+00:00,21.87,94.03,72.16
2025-04-20T05:00:00+00:00,20.01,95.0,74.99
2025-04-20T06:00:00+00:00,24.74,97.1,72.36
2025-04-20T07:00:00+00:00,13.45,97.6,84.14999999999999
2025-04-20T08:00:00+00:00,0.0,95.0,95.0
2025-04-20T09:00:00+00:00,-0.02,80.0,80.02
2025-04-20T10:00:00+00:00,-0.99,49.98,50.97
2025-04-20T11:00:00+00:00,-5.89,20.0,25.89
2025-04-20T12:00:00+00:00,-6.76,19.0,25.759999999999998
2025-04-20T13:00:00+00:00,-4.2,20.0,24.2
2025-04-20T14:00:00+00:00,0.0,73.1,73.1
2025-04-20T15:00:00+00:00,18.04,98.23,80.19
2025-04-20T16:00:00+00:00,34.42,111.76,77.34
2025-04-20T17:00:00+00:00,53.55,120.26,66.71000000000001
2025-04-20T18:00:00+00:00,63.09,132.4,69.31
2025-04-20T19:00:00+00:00,82.3,125.75,43.45
2025-04-20T20:00:00+00:00,96.27,120.26,23.99000000000001
2025-04-20T21:00:00+00:00,103.17,111.24,8.069999999999993
2025-04-20T22:00:00+00:00,78.27,100.0,21.730000000000004
2025-04-20T23:00:00+00:00,68.16,99.45,31.290000000000006
2025-04-21T00:00:00+00:00,61.54,94.59,33.050000000000004
2025-04-21T01:00:00+00:00,34.64,93.88,59.239999999999995
2025-04-21T02:00:00+00:00,25.0,93.9,68.9
2025-04-21T03:00:00+00:00,29.97,93.91,63.94
2025-04-21T04:00:00+00:00,60.05,100.0,39.95
2025-04-21T05:00:00+00:00,72.13,116.0,43.870000000000005
2025-04-21T06:00:00+00:00,65.12,117.5,52.379999999999995
2025-04-21T07:00:00+00:00,33.98,102.93,68.95000000000002
2025-04-21T08:00:00+00:00,25.74,100.0,74.26
2025-04-21T09:00:00+00:00,17.74,92.35,74.61
2025-04-21T10:00:00+00:00,11.83,75.0,63.17
2025-04-21T11:00:00+00:00,8.12,27.0,18.880000000000003
2025-04-21T12:00:00+00:00,6.56,25.0,18.44
2025-04-21T13:00:00+00:00,9.27,40.0,30.73
2025-04-21T14:00:00+00:00,11.94,77.1,65.16
2025-04-21T15:00:00+00:00,20.33,115.0,94.67
2025-04-21T16:00:00+00:00,44.86,121.67,76.81
2025-04-21T17:00:00+00:00,107.78,127.37,19.590000000000003
2025-04-21T18:00:00+00:00,134.09,134.09,0.0
2025-04-21T19:00:00+00:00,132.1,132.1,0.0
2025-04-21T20:00:00+00:00,122.77,122.77,0.0
2025-04-21T21:00:00+00:00,102.93,102.93,0.0
2025-04-21T22:00:00+00:00,85.1,98.39,13.290000000000006
2025-04-21T23:00:00+00:00,76.05,93.69,17.64
2025-04-22T00:00:00+00:00,71.73,97.0,25.269999999999996
2025-04-22T01:00:00+00:00,70.41,96.0,25.590000000000003
2025-04-22T02:00:00+00:00,73.06,97.0,23.939999999999998
2025-04-22T03:00:00+00:00,66.0,100.0,34.0
2025-04-22T04:00:00+00:00,84.48,125.0,40.519999999999996
2025-04-22T05:00:00+00:00,120.62,151.66,31.039999999999992
2025-04-22T06:00:00+00:00,126.6,141.84,15.240000000000009
2025-04-22T07:00:00+00:00,88.0,115.8,27.799999999999997
2025-04-22T08:00:00+00:00,69.7,92.33,22.629999999999995
2025-04-22T09:00:00+00:00,68.04,79.96,11.919999999999987
2025-04-22T10:00:00+00:00,47.83,50.0,2.1700000000000017
2025-04-22T11:00:00+00:00,25.04,51.82,26.78
2025-04-22T12:00:00+00:00,30.84,71.79,40.95
2025-04-22T13:00:00+00:00,30.98,79.27,48.28999999999999
2025-04-22T14:00:00+00:00,19.41,97.1,77.69
2025-04-22T15:00:00+00:00,42.58,106.71,64.13
2025-04-22T16:00:00+00:00,52.75,140.68,87.93
2025-04-22T17:00:00+00:00,81.88,157.37,75.49000000000001
2025-04-22T18:00:00+00:00,99.99,169.44,69.45
2025-04-22T19:00:00+00:00,130.04,153.23,23.189999999999998
2025-04-22T20:00:00+00:00,105.03,124.94,19.909999999999997
2025-04-22T21:00:00+00:00,75.81,120.0,44.19
2025-04-22T22:00:00+00:00,72.84,108.98,36.14
2025-04-22T23:00:00+00:00,62.4,101.48,39.080000000000005
2025-04-23T00:00:00+00:00,60.98,98.7,37.720000000000006
2025-04-23T01:00:00+00:00,53.17,97.1,43.92999999999999
2025-04-23T02:00:00+00:00,50.92,102.39,51.47
2025-04-23T03:00:00+00:00,53.17,108.69,55.519999999999996
2025-04-23T04:00:00+00:00,73.0,133.4,60.400000000000006
2025-04-23T05:00:00+00:00,80.24,151.15,70.91000000000001
2025-04-23T06:00:00+00:00,67.11,135.0,67.89
2025-04-23T07:00:00+00:00,68.93,104.0,35.06999999999999
2025-04-23T08:00:00+00:00,82.08,100.55,18.47
2025-04-23T09:00:00+00:00,47.2,95.2,48.0
2025-04-23T10:00:00+00:00,55.58,80.0,24.42
2025-04-23T11:00:00+00:00,52.96,80.0,27.04
2025-04-23T12:00:00+00:00,45.06,88.04,42.980000000000004
2025-04-23T13:00:00+00:00,40.36,97.1,56.739999999999995
2025-04-23T14:00:00+00:00,35.75,103.0,67.25
2025-04-23T15:00:00+00:00,48.47,113.66,65.19
2025-04-23T16:00:00+00:00,68.45,123.3,54.849999999999994
2025-04-23T17:00:00+00:00,105.29,150.0,44.709999999999994
2025-04-23T18:00:00+00:00,88.73,152.3,63.57000000000001
2025-04-23T19:00:00+00:00,116.7,124.75,8.049999999999997
2025-04-23T20:00:00+00:00,105.58,108.56,2.980000000000004
2025-04-23T21:00:00+00:00,80.24,97.82,17.58
2025-04-23T22:00:00+00:00,80.82,95.84,15.02000000000001
2025-04-23T23:00:00+00:00,67.62,90.88,23.25999999999999
2025-04-24T00:00:00+00:00,70.52,88.44,17.92
2025-04-24T01:00:00+00:00,69.2,87.2,18.0
2025-04-24T02:00:00+00:00,60.63,87.2,26.57
2025-04-24T03:00:00+00:00,67.54,94.05,26.50999999999999
2025-04-24T04:00:00+00:00,93.51,111.84,18.33
2025-04-24T05:00:00+00:00,104.01,133.42,29.409999999999982
2025-04-24T06:00:00+00:00,114.63,125.51,10.88000000000001
2025-04-24T07:00:00+00:00,89.0,105.88,16.879999999999995
2025-04-24T08:00:00+00:00,70.92,94.46,23.539999999999992
2025-04-24T09:00:00+00:00,82.74,82.74,0.0
2025-04-24T10:00:00+00:00,78.89,78.89,0.0
2025-04-24T11:00:00+00:00,69.13,69.13,0.0
2025-04-24T12:00:00+00:00,60.68,72.14,11.46
2025-04-24T13:00:00+00:00,44.0,82.06,38.06
2025-04-24T14:00:00+00:00,34.75,88.1,53.349999999999994
2025-04-24T15:00:00+00:00,51.16,100.12,48.96000000000001
2025-04-24T16:00:00+00:00,77.63,111.63,34.0
2025-04-24T17:00:00+00:00,83.4,134.78,51.379999999999995
2025-04-24T18:00:00+00:00,102.35,151.12,48.77000000000001
2025-04-24T19:00:00+00:00,114.48,124.02,9.539999999999992
2025-04-24T20:00:00+00:00,106.53,107.0,0.46999999999999886
2025-04-24T21:00:00+00:00,93.1,101.49,8.39
2025-04-24T22:00:00+00:00,74.24,95.45,21.210000000000008
2025-04-24T23:00:00+00:00,65.01,89.46,24.44999999999999
2025-04-25T00:00:00+00:00,69.39,83.31,13.920000000000002
2025-04-25T01:00:00+00:00,61.31,85.37,24.060000000000002
2025-04-25T02:00:00+00:00,65.2,86.71,21.50999999999999
2025-04-25T03:00:00+00:00,72.99,95.5,22.510000000000005
2025-04-25T04:00:00+00:00,92.52,100.0,7.480000000000004
2025-04-25T05:00:00+00:00,113.39,113.39,0.0
2025-04-25T06:00:00+00:00,99.0,99.0,0.0
2025-04-25T07:00:00+00:00,80.5,80.5,0.0
2025-04-25T08:00:00+00:00,60.56,60.56,0.0
2025-04-25T09:00:00+00:00,45.58,45.58,0.0
2025-04-25T10:00:00+00:00,40.25,40.25,0.0
2025-04-25T11:00:00+00:00,15.11,15.11,0.0
2025-04-25T12:00:00+00:00,12.23,12.23,0.0
2025-04-25T13:00:00+00:00,0.0,5.0,5.0
2025-04-25T14:00:00+00:00,0.0,26.54,26.54
2025-04-25T15:00:00+00:00,52.13,52.13,0.0
2025-04-25T16:00:00+00:00,73.56,91.63,18.069999999999993
2025-04-25T17:00:00+00:00,100.57,117.28,16.710000000000008
2025-04-25T18:00:00+00:00,120.33,123.0,2.6700000000000017
2025-04-25T19:00:00+00:00,109.63,109.63,0.0
2025-04-25T20:00:00+00:00,100.37,100.37,0.0
2025-04-25T21:00:00+00:00,92.09,92.09,0.0
2025-04-25T22:00:00+00:00,50.41,97.68,47.27000000000001
2025-04-25T23:00:00+00:00,40.52,91.29,50.77
2025-04-26T00:00:00+00:00,25.76,88.1,62.33999999999999
2025-04-26T01:00:00+00:00,32.17,87.18,55.010000000000005
2025-04-26T02:00:00+00:00,32.88,85.0,52.12
2025-04-26T03:00:00+00:00,41.26,90.0,48.74
2025-04-26T04:00:00+00:00,41.14,95.01,53.870000000000005
2025-04-26T05:00:00+00:00,40.28,97.42,57.14
2025-04-26T06:00:00+00:00,47.52,94.37,46.85
2025-04-26T07:00:00+00:00,34.45,88.73,54.28
2025-04-26T08:00:00+00:00,2.55,40.0,37.45
2025-04-26T09:00:00+00:00,-0.01,5.58,5.59
2025-04-26T10:00:00+00:00,-0.01,5.0,5.01
2025-04-26T11:00:00+00:00,-0.02,4.0,4.02
2025-04-26T12:00:00+00:00,-3.0,4.0,7.0
2025-04-26T13:00:00+00:00,-2.08,4.0,6.08
2025-04-26T14:00:00+00:00,-0.02,13.15,13.17
2025-04-26T15:00:00+00:00,30.99,60.0,29.01
2025-04-26T16:00:00+00:00,57.37,99.0,41.63
2025-04-26T17:00:00+00:00,89.02,118.71,29.689999999999998
2025-04-26T18:00:00+00:00,88.27,118.71,30.439999999999998
2025-04-26T19:00:00+00:00,71.68,104.0,32.31999999999999
2025-04-26T20:00:00+00:00,85.26,86.42,1.1599999999999966
2025-04-26T21:00:00+00:00,74.05,77.67,3.6200000000000045
2025-04-26T22:00:00+00:00,61.66,77.03,15.370000000000005
2025-04-26T23:00:00+00:00,47.45,61.0,13.549999999999997
2025-04-27T00:00:00+00:00,49.97,60.0,10.030000000000001
2025-04-27T01:00:00+00:00,48.22,58.29,10.07
2025-04-27T02:00:00+00:00,48.4,65.1,16.699999999999996
2025-04-27T03:00:00+00:00,50.99,66.48,15.490000000000002
2025-04-27T04:00:00+00:00,52.22,65.95,13.730000000000004
2025-04-27T05:00:00+00:00,55.0,55.0,0.0
2025-04-27T06:00:00+00:00,35.91,48.5,12.590000000000003
2025-04-27T07:00:00+00:00,0.04,78.67,78.63
2025-04-27T08:00:00+00:00,-3.0,45.0,48.0
2025-04-27T09:00:00+00:00,-5.0,22.0,27.0
2025-04-27T10:00:00+00:00,-5.0,22.0,27.0
2025-04-27T11:00:00+00:00,-18.62,9.65,28.270000000000003
2025-04-27T12:00:00+00:00,-57.54,5.0,62.54
2025-04-27T13:00:00+00:00,-49.8,5.0,54.8
2025-04-27T14:00:00+00:00,-5.17,24.0,29.17
2025-04-27T15:00:00+00:00,18.35,84.0,65.65
2025-04-27T16:00:00+00:00,51.08,90.68,39.60000000000001
2025-04-27T17:00:00+00:00,84.95,114.0,29.049999999999997
2025-04-27T18:00:00+00:00,83.05,123.6,40.55
2025-04-27T19:00:00+00:00,100.7,109.3,8.599999999999994
2025-04-27T20:00:00+00:00,99.0,99.0,0.0
2025-04-27T21:00:00+00:00,88.13,94.07,5.939999999999998
2025-04-27T22:00:00+00:00,55.7,93.67,37.97
2025-04-27T23:00:00+00:00,40.11,88.1,47.989999999999995
2025-04-28T00:00:00+00:00,60.35,83.67,23.32
2025-04-28T01:00:00+00:00,48.39,86.81,38.42
2025-04-28T02:00:00+00:00,53.79,91.95,38.160000000000004
2025-04-28T03:00:00+00:00,60.38,97.1,36.71999999999999
2025-04-28T04:00:00+00:00,91.3,114.0,22.700000000000003
2025-04-28T05:00:00+00:00,131.09,131.09,0.0
2025-04-28T06:00:00+00:00,96.77,124.94,28.17
2025-04-28T07:00:00+00:00,67.37,98.51,31.14
2025-04-28T08:00:00+00:00,10.03,88.25,78.22
2025-04-28T09:00:00+00:00,-0.01,70.0,70.01
2025-04-28T10:00:00+00:00,-1.01,27.58,28.59
2025-04-28T11:00:00+00:00,-5.9,27.16,33.06
2025-04-28T12:00:00+00:00,-6.18,55.0,61.18
2025-04-28T13:00:00+00:00,-1.54,79.1,80.64
2025-04-28T14:00:00+00:00,0.0,89.25,89.25
2025-04-28T15:00:00+00:00,17.57,92.12,74.55000000000001
2025-04-28T16:00:00+00:00,36.85,112.6,75.75
2025-04-28T17:00:00+00:00,66.28,130.96,64.68
2025-04-28T18:00:00+00:00,74.43,143.96,69.53
2025-04-28T19:00:00+00:00,80.8,128.83,48.030000000000015
2025-04-28T20:00:00+00:00,61.15,106.04,44.89000000000001
2025-04-28T21:00:00+00:00,86.45,97.18,10.730000000000004
2025-04-28T22:00:00+00:00,35.15,93.05,57.9
2025-04-28T23:00:00+00:00,38.22,89.04,50.82000000000001
2025-04-29T00:00:00+00:00,25.41,84.24,58.83
2025-04-29T01:00:00+00:00,10.29,82.13,71.84
2025-04-29T02:00:00+00:00,6.78,82.78,76.0
2025-04-29T03:00:00+00:00,9.16,90.97,81.81
2025-04-29T04:00:00+00:00,38.21,107.01,68.80000000000001
2025-04-29T05:00:00+00:00,52.13,114.85,62.71999999999999
2025-04-29T06:00:00+00:00,38.56,101.45,62.89
2025-04-29T07:00:00+00:00,38.87,95.0,56.13
2025-04-29T08:00:00+00:00,9.44,70.0,60.56
2025-04-29T09:00:00+00:00,0.0,40.0,40.0
2025-04-29T10:00:00+00:00,-0.76,12.1,12.86
2025-04-29T11:00:00+00:00,-1.9,13.0,14.9
2025-04-29T12:00:00+00:00,-1.66,20.29,21.95
2025-04-29T13:00:00+00:00,-0.01,30.0,30.01
2025-04-29T14:00:00+00:00,0.31,56.4,56.089999999999996
2025-04-29T15:00:00+00:00,20.32,85.97,65.65
2025-04-29T16:00:00+00:00,49.96,101.85,51.88999999999999
2025-04-29T17:00:00+00:00,48.93,129.7,80.76999999999998
2025-04-29T18:00:00+00:00,48.3,144.17,95.86999999999999
2025-04-29T19:00:00+00:00,40.55,119.17,78.62
2025-04-29T20:00:00+00:00,39.06,104.0,64.94
2025-04-29T21:00:00+00:00,52.53,98.9,46.370000000000005
2025-04-29T22:00:00+00:00,95.0,96.42,1.4200000000000017
2025-04-29T23:00:00+00:00,86.67,90.11,3.4399999999999977
2025-04-30T00:00:00+00:00,20.14,89.9,69.76
2025-04-30T01:00:00+00:00,16.45,90.0,73.55
2025-04-30T02:00:00+00:00,15.41,93.66,78.25
2025-04-30T03:00:00+00:00,35.0,97.4,62.400000000000006
2025-04-30T04:00:00+00:00,87.99,114.86,26.870000000000005
2025-04-30T05:00:00+00:00,117.01,120.35,3.339999999999989
2025-04-30T06:00:00+00:00,98.03,105.72,7.689999999999998
2025-04-30T07:00:00+00:00,59.92,97.1,37.17999999999999
2025-04-30T08:00:00+00:00,7.08,71.81,64.73
2025-04-30T09:00:00+00:00,0.0,50.0,50.0
2025-04-30T10:00:00+00:00,-1.0,24.72,25.72
2025-04-30T11:00:00+00:00,-6.21,20.73,26.94
2025-04-30T12:00:00+00:00,-3.0,31.0,34.0
2025-04-30T13:00:00+00:00,-0.02,49.67,49.690000000000005
2025-04-30T14:00:00+00:00,0.0,59.0,59.0
2025-04-30T15:00:00+00:00,24.19,89.55,65.36
2025-04-30T16:00:00+00:00,60.09,102.95,42.86
2025-04-30T17:00:00+00:00,92.0,130.0,38.0
2025-04-30T18:00:00+00:00,80.85,151.06,70.21000000000001
2025-04-30T19:00:00+00:00,108.14,123.2,15.060000000000002
2025-04-30T20:00:00+00:00,95.1,104.8,9.700000000000003
2025-04-30T21:00:00+00:00,69.38,100.0,30.620000000000005
2025-04-30T22:00:00+00:00,29.2,106.2,77.0
2025-04-30T23:00:00+00:00,22.66,97.1,74.44
2025-05-01T00:00:00+00:00,22.59,95.59,73.0
2025-05-01T01:00:00+00:00,23.22,93.7,70.48
2025-05-01T02:00:00+00:00,22.59,94.91,72.32
2025-05-01T03:00:00+00:00,27.2,95.58,68.38
2025-05-01T04:00:00+00:00,28.16,92.0,63.84
2025-05-01T05:00:00+00:00,23.02,90.97,67.95
2025-05-01T06:00:00+00:00,18.39,50.0,31.61
2025-05-01T07:00:00+00:00,0.0,13.33,13.33
2025-05-01T08:00:00+00:00,-3.0,1.0,4.0
2025-05-01T09:00:00+00:00,-40.1,1.0,41.1
2025-05-01T10:00:00+00:00,-47.68,1.0,48.68
2025-05-01T11:00:00+00:00,-109.55,0.01,109.56
2025-05-01T12:00:00+00:00,-118.01,0.0,118.01
2025-05-01T13:00:00+00:00,-49.99,0.01,50.0
2025-05-01T14:00:00+00:00,-5.17,1.0,6.17
2025-05-01T15:00:00+00:00,7.94,11.0,3.0599999999999996
2025-05-01T16:00:00+00:00,16.41,87.08,70.67
2025-05-01T17:00:00+00:00,35.77,118.53,82.75999999999999
2025-05-01T18:00:00+00:00,36.93,141.12,104.19
2025-05-01T19:00:00+00:00,55.0,118.53,63.53
2025-05-01T20:00:00+00:00,79.12,99.88,20.75999999999999
2025-05-01T21:00:00+00:00,66.9,90.0,23.099999999999994
2025-05-01T22:00:00+00:00,77.8,77.8,0.0
2025-05-01T23:00:00+00:00,30.77,57.91,27.139999999999997
2025-05-02T00:00:00+00:00,18.79,46.16,27.369999999999997
2025-05-02T01:00:00+00:00,11.74,58.05,46.309999999999995
2025-05-02T02:00:00+00:00,3.35,66.31,62.96
2025-05-02T03:00:00+00:00,4.33,77.22,72.89
2025-05-02T04:00:00+00:00,8.25,102.0,93.75
2025-05-02T05:00:00+00:00,7.96,127.98,120.02000000000001
2025-05-02T06:00:00+00:00,14.0,125.93,111.93
2025-05-02T07:00:00+00:00,12.74,100.0,87.26
2025-05-02T08:00:00+00:00,0.85,67.0,66.15
2025-05-02T09:00:00+00:00,-0.01,23.52,23.53
2025-05-02T10:00:00+00:00,-0.8,15.0,15.8
2025-05-02T11:00:00+00:00,-3.0,14.43,17.43
2025-05-02T12:00:00+00:00,-4.0,18.03,22.03
2025-05-02T13:00:00+00:00,-0.08,40.0,40.08
2025-05-02T14:00:00+00:00,0.3,80.2,79.9
2025-05-02T15:00:00+00:00,24.64,90.0,65.36
2025-05-02T16:00:00+00:00,27.52,117.42,89.9
2025-05-02T17:00:00+00:00,39.78,128.93,89.15
2025-05-02T18:00:00+00:00,35.01,146.6,111.59
2025-05-02T19:00:00+00:00,67.05,130.0,62.95
2025-05-02T20:00:00+00:00,52.05,111.42,59.370000000000005
2025-05-02T21:00:00+00:00,41.05,99.42,58.370000000000005
2025-05-02T22:00:00+00:00,36.13,99.95,63.82
2025-05-02T23:00:00+00:00,26.0,95.68,69.68
2025-05-03T00:00:00+00:00,16.16,94.5,78.34
2025-05-03T01:00:00+00:00,13.89,92.81,78.92
2025-05-03T02:00:00+00:00,13.37,91.24,77.86999999999999
2025-05-03T03:00:00+00:00,15.17,95.72,80.55
2025-05-03T04:00:00+00:00,16.91,110.61,93.7
2025-05-03T05:00:00+00:00,14.13,114.6,100.47
2025-05-03T06:00:00+00:00,12.67,114.6,101.92999999999999
2025-05-03T07:00:00+00:00,13.53,108.17,94.64
2025-05-03T08:00:00+00:00,0.01,80.0,79.99
2025-05-03T09:00:00+00:00,-0.01,33.13,33.14
2025-05-03T10:00:00+00:00,-1.16,19.0,20.16
2025-05-03T11:00:00+00:00,-3.04,9.65,12.690000000000001
2025-05-03T12:00:00+00:00,-2.69,9.65,12.34
2025-05-03T13:00:00+00:00,-0.03,15.0,15.03
2025-05-03T14:00:00+00:00,0.0,40.0,40.0
2025-05-03T15:00:00+00:00,14.26,80.97,66.71
2025-05-03T16:00:00+00:00,14.4,109.98,95.58
2025-05-03T17:00:00+00:00,30.97,122.0,91.03
2025-05-03T18:00:00+00:00,35.24,114.6,79.35999999999999
2025-05-03T19:00:00+00:00,63.8,108.17,44.370000000000005
2025-05-03T20:00:00+00:00,63.7,100.0,36.3
2025-05-03T21:00:00+00:00,47.97,80.97,33.0
2025-05-03T22:00:00+00:00,36.13,60.0,23.869999999999997
2025-05-03T23:00:00+00:00,32.35,32.35,0.0
2025-05-04T00:00:00+00:00,24.01,24.01,0.0
2025-05-04T01:00:00+00:00,19.31,19.31,0.0
2025-05-04T02:00:00+00:00,16.54,18.0,1.4600000000000009
2025-05-04T03:00:00+00:00,15.58,37.38,21.800000000000004
2025-05-04T04:00:00+00:00,13.62,70.0,56.38
2025-05-04T05:00:00+00:00,7.83,80.52,72.69
2025-05-04T06:00:00+00:00,2.93,60.0,57.07
2025-05-04T07:00:00+00:00,0.0,33.62,33.62
2025-05-04T08:00:00+00:00,-0.01,13.7,13.709999999999999
2025-05-04T09:00:00+00:00,-0.01,5.01,5.02
2025-05-04T10:00:00+00:00,-0.02,5.0,5.02
2025-05-04T11:00:00+00:00,-2.0,5.0,7.0
2025-05-04T12:00:00+00:00,-5.01,5.0,10.01
2025-05-04T13:00:00+00:00,-1.59,9.65,11.24
2025-05-04T14:00:00+00:00,-0.01,33.0,33.01
2025-05-04T15:00:00+00:00,3.16,80.97,77.81
2025-05-04T16:00:00+00:00,9.9,97.45,87.55
2025-05-04T17:00:00+00:00,16.0,118.58,102.58
2025-05-04T18:00:00+00:00,19.74,120.31,100.57000000000001
2025-05-04T19:00:00+00:00,31.15,108.42,77.27000000000001
2025-05-04T20:00:00+00:00,35.0,99.17,64.17
2025-05-04T21:00:00+00:00,23.51,90.0,66.49
2025-05-04T22:00:00+00:00,28.1,67.28,39.18
2025-05-04T23:00:00+00:00,20.37,72.0,51.629999999999995
2025-05-05T00:00:00+00:00,15.78,72.0,56.22
2025-05-05T01:00:00+00:00,12.2,67.8,55.599999999999994
2025-05-05T02:00:00+00:00,9.49,67.85,58.35999999999999
2025-05-05T03:00:00+00:00,14.94,83.56,68.62
2025-05-05T04:00:00+00:00,22.89,120.0,97.11
2025-05-05T05:00:00+00:00,35.0,144.59,109.59
2025-05-05T06:00:00+00:00,35.0,149.75,114.75
2025-05-05T07:00:00+00:00,16.3,145.05,128.75
2025-05-05T08:00:00+00:00,3.15,121.0,117.85
2025-05-05T09:00:00+00:00,0.0,112.47,112.47
2025-05-05T10:00:00+00:00,18.12,89.09,70.97
2025-05-05T11:00:00+00:00,12.73,89.65,76.92
2025-05-05T12:00:00+00:00,10.68,97.1,86.41999999999999
2025-05-05T13:00:00+00:00,0.06,97.1,97.03999999999999
2025-05-05T14:00:00+00:00,0.0,97.1,97.1
2025-05-05T15:00:00+00:00,0.0,100.62,100.62
2025-05-05T16:00:00+00:00,-0.01,115.15,115.16000000000001
2025-05-05T17:00:00+00:00,0.0,142.15,142.15
2025-05-05T18:00:00+00:00,10.0,145.0,135.0
2025-05-05T19:00:00+00:00,28.1,122.46,94.35999999999999
2025-05-05T20:00:00+00:00,18.56,102.42,83.86
2025-05-05T21:00:00+00:00,12.2,99.93,87.73
2025-05-05T22:00:00+00:00,5.0,83.12,78.12
2025-05-05T23:00:00+00:00,2.95,76.91,73.96
2025-05-06T00:00:00+00:00,3.52,73.0,69.48
2025-05-06T01:00:00+00:00,1.72,72.0,70.28
2025-05-06T02:00:00+00:00,1.97,79.9,77.93
2025-05-06T03:00:00+00:00,3.6,83.13,79.53
2025-05-06T04:00:00+00:00,16.5,100.0,83.5
2025-05-06T05:00:00+00:00,30.34,126.89,96.55
2025-05-06T06:00:00+00:00,13.72,126.89,113.17
2025-05-06T07:00:00+00:00,4.36,125.0,120.64
2025-05-06T08:00:00+00:00,1.97,102.21,100.24
2025-05-06T09:00:00+00:00,0.0,95.21,95.21
2025-05-06T10:00:00+00:00,7.61,75.09,67.48
2025-05-06T11:00:00+00:00,0.0,73.41,73.41
2025-05-06T12:00:00+00:00,-0.01,81.0,81.01
2025-05-06T13:00:00+00:00,-0.01,95.07,95.08
2025-05-06T14:00:00+00:00,-0.01,100.76,100.77000000000001
2025-05-06T15:00:00+00:00,0.99,105.0,104.01
2025-05-06T16:00:00+00:00,0.09,110.54,110.45
2025-05-06T17:00:00+00:00,46.0,130.19,84.19
2025-05-06T18:00:00+00:00,39.99,149.58,109.59
2025-05-06T19:00:00+00:00,65.12,121.63,56.50999999999999
2025-05-06T20:00:00+00:00,48.23,107.86,59.63
2025-05-06T21:00:00+00:00,32.55,99.93,67.38000000000001
2025-05-06T22:00:00+00:00,11.3,97.1,85.8
2025-05-06T23:00:00+00:00,7.5,92.02,84.52
2025-05-07T00:00:00+00:00,15.47,89.36,73.89
2025-05-07T01:00:00+00:00,5.1,91.5,86.4
2025-05-07T02:00:00+00:00,9.1,92.07,82.97
2025-05-07T03:00:00+00:00,15.91,99.0,83.09
2025-05-07T04:00:00+00:00,32.4,120.84,88.44
2025-05-07T05:00:00+00:00,49.1,140.04,90.94
2025-05-07T06:00:00+00:00,43.23,124.98,81.75
2025-05-07T07:00:00+00:00,12.48,122.98,110.5
2025-05-07T08:00:00+00:00,6.82,122.34,115.52000000000001
2025-05-07T09:00:00+00:00,0.0,103.15,103.15
2025-05-07T10:00:00+00:00,3.78,90.71,86.92999999999999
2025-05-07T11:00:00+00:00,0.0,94.0,94.0
2025-05-07T12:00:00+00:00,0.0,94.08,94.08
2025-05-07T13:00:00+00:00,6.94,97.1,90.16
2025-05-07T14:00:00+00:00,8.26,105.0,96.74
2025-05-07T15:00:00+00:00,5.68,112.37,106.69
2025-05-07T16:00:00+00:00,26.13,115.54,89.41000000000001
2025-05-07T17:00:00+00:00,39.53,137.04,97.50999999999999
2025-05-07T18:00:00+00:00,50.4,148.71,98.31
2025-05-07T19:00:00+00:00,80.0,120.49,40.489999999999995
2025-05-07T20:00:00+00:00,57.1,111.91,54.809999999999995
2025-05-07T21:00:00+00:00,35.4,100.69,65.28999999999999
2025-05-07T22:00:00+00:00,15.91,90.0,74.09
2025-05-07T23:00:00+00:00,15.78,82.0,66.22
2025-05-08T00:00:00+00:00,15.63,86.0,70.37
2025-05-08T01:00:00+00:00,3.55,87.0,83.45
2025-05-08T02:00:00+00:00,6.65,89.8,83.14999999999999
2025-05-08T03:00:00+00:00,15.02,96.52,81.5
2025-05-08T04:00:00+00:00,12.05,120.0,107.95
2025-05-08T05:00:00+00:00,10.91,134.94,124.03
2025-05-08T06:00:00+00:00,12.86,119.92,107.06
2025-05-08T07:00:00+00:00,7.26,107.0,99.74
2025-05-08T08:00:00+00:00,0.1,94.0,93.9
2025-05-08T09:00:00+00:00,0.0,82.0,82.0
2025-05-08T10:00:00+00:00,0.0,64.06,64.06
2025-05-08T11:00:00+00:00,-0.01,67.42,67.43
2025-05-08T12:00:00+00:00,-0.01,75.0,75.01
2025-05-08T13:00:00+00:00,-0.01,82.0,82.01
2025-05-08T14:00:00+00:00,-0.02,91.63,91.64999999999999
2025-05-08T15:00:00+00:00,-0.01,101.45,101.46000000000001
2025-05-08T16:00:00+00:00,0.1,113.88,113.78
2025-05-08T17:00:00+00:00,16.04,132.0,115.96000000000001
2025-05-08T18:00:00+00:00,15.4,151.0,135.6
2025-05-08T19:00:00+00:00,24.13,125.01,100.88000000000001
2025-05-08T20:00:00+00:00,40.24,111.06,70.82
2025-05-08T21:00:00+00:00,30.1,110.1,80.0
2025-05-08T22:00:00+00:00,21.61,100.76,79.15
2025-05-08T23:00:00+00:00,12.15,100.5,88.35
2025-05-09T00:00:00+00:00,13.0,97.53,84.53
2025-05-09T01:00:00+00:00,9.58,98.84,89.26
2025-05-09T02:00:00+00:00,7.52,99.4,91.88000000000001
2025-05-09T03:00:00+00:00,11.13,106.78,95.65
2025-05-09T04:00:00+00:00,18.88,125.06,106.18
2025-05-09T05:00:00+00:00,20.31,139.94,119.63
2025-05-09T06:00:00+00:00,30.58,129.56,98.98
2025-05-09T07:00:00+00:00,12.86,115.0,102.14
2025-05-09T08:00:00+00:00,7.17,100.83,93.66
2025-05-09T09:00:00+00:00,0.22,86.93,86.71000000000001
2025-05-09T10:00:00+00:00,0.0,58.49,58.49
2025-05-09T11:00:00+00:00,0.0,53.92,53.92
2025-05-09T12:00:00+00:00,-0.01,70.0,70.01
2025-05-09T13:00:00+00:00,-0.01,70.0,70.01
2025-05-09T14:00:00+00:00,-0.01,87.66,87.67
2025-05-09T15:00:00+00:00,0.0,99.27,99.27
2025-05-09T16:00:00+00:00,7.04,111.12,104.08
2025-05-09T17:00:00+00:00,15.63,128.7,113.07
2025-05-09T18:00:00+00:00,41.92,146.77,104.85000000000001
2025-05-09T19:00:00+00:00,40.27,126.21,85.94
2025-05-09T20:00:00+00:00,57.64,107.13,49.489999999999995
2025-05-09T21:00:00+00:00,39.76,111.59,71.83000000000001
2025-05-09T22:00:00+00:00,29.22,101.5,72.28
2025-05-09T23:00:00+00:00,15.46,106.27,90.81
2025-05-10T00:00:00+00:00,13.52,102.05,88.53
2025-05-10T01:00:00+00:00,14.94,96.34,81.4
2025-05-10T02:00:00+00:00,11.12,97.1,85.97999999999999
2025-05-10T03:00:00+00:00,13.34,97.1,83.75999999999999
2025-05-10T04:00:00+00:00,16.1,96.04,79.94
2025-05-10T05:00:00+00:00,15.81,104.11,88.3
2025-05-10T06:00:00+00:00,10.0,108.86,98.86
2025-05-10T07:00:00+00:00,3.42,107.86,104.44
2025-05-10T08:00:00+00:00,-0.06,80.0,80.06
2025-05-10T09:00:00+00:00,-23.07,31.0,54.07
2025-05-10T10:00:00+00:00,-39.57,20.0,59.57
2025-05-10T11:00:00+00:00,-94.11,9.65,103.76
2025-05-10T12:00:00+00:00,-111.18,9.65,120.83000000000001
2025-05-10T13:00:00+00:00,-49.36,15.0,64.36
2025-05-10T14:00:00+00:00,-5.8,42.81,48.61
2025-05-10T15:00:00+00:00,0.0,87.17,87.17
2025-05-10T16:00:00+00:00,10.39,110.48,100.09
2025-05-10T17:00:00+00:00,29.83,126.7,96.87
2025-05-10T18:00:00+00:00,21.02,129.92,108.89999999999999
2025-05-10T19:00:00+00:00,36.88,116.3,79.41999999999999
2025-05-10T20:00:00+00:00,31.46,99.89,68.43
2025-05-10T21:00:00+00:00,25.37,95.99,70.61999999999999
2025-05-10T22:00:00+00:00,8.79,95.72,86.93
2025-05-10T23:00:00+00:00,6.12,98.99,92.86999999999999
2025-05-11T00:00:00+00:00,6.89,97.24,90.35
2025-05-11T01:00:00+00:00,3.96,98.99,95.03
2025-05-11T02:00:00+00:00,3.6,99.01,95.41000000000001
2025-05-11T03:00:00+00:00,4.0,98.93,94.93
2025-05-11T04:00:00+00:00,6.0,95.63,89.63
2025-05-11T05:00:00+00:00,5.88,97.64,91.76
2025-05-11T06:00:00+00:00,4.96,95.81,90.85000000000001
2025-05-11T07:00:00+00:00,-0.1,87.86,87.96
2025-05-11T08:00:00+00:00,-12.0,31.0,43.0
2025-05-11T09:00:00+00:00,-21.6,9.95,31.55
2025-05-11T10:00:00+00:00,-10.01,8.65,18.66
2025-05-11T11:00:00+00:00,-72.33,8.65,80.98
2025-05-11T12:00:00+00:00,-106.77,8.65,115.42
2025-05-11T13:00:00+00:00,-109.84,8.65,118.49000000000001
2025-05-11T14:00:00+00:00,-18.42,21.0,39.42
2025-05-11T15:00:00+00:00,-0.01,80.92,80.93
2025-05-11T16:00:00+00:00,9.72,110.0,100.28
2025-05-11T17:00:00+00:00,23.21,129.6,106.38999999999999
2025-05-11T18:00:00+00:00,27.49,140.0,112.51
2025-05-11T19:00:00+00:00,35.01,117.19,82.18
2025-05-11T20:00:00+00:00,35.01,97.69,62.68
2025-05-11T21:00:00+00:00,30.28,90.69,60.41
2025-05-11T22:00:00+00:00,15.3,90.41,75.11
2025-05-11T23:00:00+00:00,14.88,85.44,70.56
2025-05-12T00:00:00+00:00,17.7,84.96,67.25999999999999
2025-05-12T01:00:00+00:00,15.3,84.78,69.48
2025-05-12T02:00:00+00:00,14.0,84.96,70.96
2025-05-12T03:00:00+00:00,15.3,93.6,78.3
2025-05-12T04:00:00+00:00,22.34,110.0,87.66
2025-05-12T05:00:00+00:00,35.01,140.98,105.97
2025-05-12T06:00:00+00:00,22.1,136.7,114.6
2025-05-12T07:00:00+00:00,18.92,98.43,79.51
2025-05-12T08:00:00+00:00,4.73,80.0,75.27
2025-05-12T09:00:00+00:00,-0.01,65.4,65.41000000000001
2025-05-12T10:00:00+00:00,-0.1,58.65,58.75
2025-05-12T11:00:00+00:00,-2.54,77.87,80.41000000000001
2025-05-12T12:00:00+00:00,-4.0,96.48,100.48
2025-05-12T13:00:00+00:00,-0.02,95.02,95.03999999999999
2025-05-12T14:00:00+00:00,-0.01,101.35,101.36
2025-05-12T15:00:00+00:00,7.61,108.2,100.59
2025-05-12T16:00:00+00:00,14.97,118.83,103.86
2025-05-12T17:00:00+00:00,44.91,139.02,94.11000000000001
2025-05-12T18:00:00+00:00,61.81,141.7,79.88999999999999
2025-05-12T19:00:00+00:00,122.03,122.03,0.0
2025-05-12T20:00:00+00:00,103.75,103.75,0.0
2025-05-12T21:00:00+00:00,70.44,99.46,29.019999999999996
2025-05-12T22:00:00+00:00,67.0,114.0,47.0
2025-05-12T23:00:00+00:00,45.01,101.18,56.17000000000001
2025-05-13T00:00:00+00:00,37.83,98.67,60.84
2025-05-13T01:00:00+00:00,35.01,97.37,62.36000000000001
2025-05-13T02:00:00+00:00,35.01,100.0,64.99000000000001
2025-05-13T03:00:00+00:00,39.79,106.44,66.65
2025-05-13T04:00:00+00:00,70.0,137.33,67.33000000000001
2025-05-13T05:00:00+00:00,108.09,153.77,45.68000000000001
2025-05-13T06:00:00+00:00,68.25,139.7,71.44999999999999
2025-05-13T07:00:00+00:00,25.58,102.41,76.83
2025-05-13T08:00:00+00:00,17.01,98.53,81.52
2025-05-13T09:00:00+00:00,0.0,88.36,88.36
2025-05-13T10:00:00+00:00,-0.5,88.39,88.89
2025-05-13T11:00:00+00:00,-2.51,87.62,90.13000000000001
2025-05-13T12:00:00+00:00,-2.08,89.4,91.48
2025-05-13T13:00:00+00:00,-0.01,99.86,99.87
2025-05-13T14:00:00+00:00,0.35,111.7,111.35000000000001
2025-05-13T15:00:00+00:00,31.4,110.0,78.6
2025-05-13T16:00:00+00:00,41.32,120.0,78.68
2025-05-13T17:00:00+00:00,93.07,144.18,51.110000000000014
2025-05-13T18:00:00+00:00,92.67,156.83,64.16000000000001
2025-05-13T19:00:00+00:00,128.07,144.05,15.980000000000018
2025-05-13T20:00:00+00:00,112.3,127.06,14.760000000000005
2025-05-13T21:00:00+00:00,74.55,113.99,39.44
2025-05-13T22:00:00+00:00,64.93,114.12,49.19
2025-05-13T23:00:00+00:00,45.33,104.97,59.64
2025-05-14T00:00:00+00:00,41.2,105.0,63.8
2025-05-14T01:00:00+00:00,37.41,104.76,67.35000000000001
2025-05-14T02:00:00+00:00,36.0,102.47,66.47
2025-05-14T03:00:00+00:00,40.05,109.5,69.45
2025-05-14T04:00:00+00:00,53.08,127.76,74.68
2025-05-14T05:00:00+00:00,91.53,130.19,38.66
2025-05-14T06:00:00+00:00,57.64,123.0,65.36
2025-05-14T07:00:00+00:00,37.8,97.1,59.3
2025-05-14T08:00:00+00:00,0.74,70.0,69.26
2025-05-14T09:00:00+00:00,-0.02,55.29,55.31
2025-05-14T10:00:00+00:00,-1.13,50.75,51.88
2025-05-14T11:00:00+00:00,-4.0,55.29,59.29
2025-05-14T12:00:00+00:00,-3.0,61.0,64.0
2025-05-14T13:00:00+00:00,-1.54,72.5,74.04
2025-05-14T14:00:00+00:00,0.0,89.41,89.41
2025-05-14T15:00:00+00:00,25.96,100.0,74.03999999999999
2025-05-14T16:00:00+00:00,35.77,117.42,81.65
2025-05-14T17:00:00+00:00,51.8,142.45,90.64999999999999
2025-05-14T18:00:00+00:00,46.5,150.0,103.5
2025-05-14T19:00:00+00:00,64.03,139.36,75.33000000000001
2025-05-14T20:00:00+00:00,61.51,120.0,58.49
2025-05-14T21:00:00+00:00,40.14,115.0,74.86
2025-05-14T22:00:00+00:00,32.95,113.0,80.05
2025-05-14T23:00:00+00:00,19.71,105.0,85.28999999999999
2025-05-15T00:00:00+00:00,18.47,101.48,83.01
2025-05-15T01:00:00+00:00,10.55,103.72,93.17
2025-05-15T02:00:00+00:00,10.63,105.85,95.22
2025-05-15T03:00:00+00:00,16.26,108.65,92.39
2025-05-15T04:00:00+00:00,20.0,124.97,104.97
2025-05-15T05:00:00+00:00,35.01,131.75,96.74000000000001
2025-05-15T06:00:00+00:00,34.11,128.2,94.08999999999999
2025-05-15T07:00:00+00:00,20.04,110.8,90.75999999999999
2025-05-15T08:00:00+00:00,0.0,80.0,80.0
2025-05-15T09:00:00+00:00,-0.01,44.7,44.71
2025-05-15T10:00:00+00:00,-0.01,22.1,22.110000000000003
2025-05-15T11:00:00+00:00,-0.02,22.61,22.63
2025-05-15T12:00:00+00:00,-0.03,39.0,39.03
2025-05-15T13:00:00+00:00,-0.02,56.0,56.02
2025-05-15T14:00:00+00:00,-0.01,102.14,102.15
2025-05-15T15:00:00+00:00,0.02,108.0,107.98
2025-05-15T16:00:00+00:00,18.35,125.96,107.60999999999999
2025-05-15T17:00:00+00:00,28.19,144.95,116.75999999999999
2025-05-15T18:00:00+00:00,22.42,158.12,135.7
2025-05-15T19:00:00+00:00,35.01,136.15,101.14000000000001
2025-05-15T20:00:00+00:00,30.64,117.55,86.91
2025-05-15T21:00:00+00:00,19.98,114.22,94.24
2025-05-15T22:00:00+00:00,5.11,112.11,107.0
2025-05-15T23:00:00+00:00,5.0,105.8,100.8
2025-05-16T00:00:00+00:00,9.22,103.67,94.45
2025-05-16T01:00:00+00:00,3.6,105.78,102.18
2025-05-16T02:00:00+00:00,3.28,104.68,101.4
2025-05-16T03:00:00+00:00,4.75,110.0,105.25
2025-05-16T04:00:00+00:00,12.22,121.81,109.59
2025-05-16T05:00:00+00:00,28.09,128.0,99.91
2025-05-16T06:00:00+00:00,31.69,119.95,88.26
2025-05-16T07:00:00+00:00,3.08,106.73,103.65
2025-05-16T08:00:00+00:00,0.0,85.99,85.99
2025-05-16T09:00:00+00:00,-0.01,48.2,48.21
2025-05-16T10:00:00+00:00,-0.01,23.0,23.01
2025-05-16T11:00:00+00:00,-0.36,15.22,15.58
2025-05-16T12:00:00+00:00,-2.16,20.0,22.16
2025-05-16T13:00:00+00:00,-0.11,25.0,25.11
2025-05-16T14:00:00+00:00,-0.02,33.1,33.120000000000005
2025-05-16T15:00:00+00:00,-0.01,84.5,84.51
2025-05-16T16:00:00+00:00,8.19,111.4,103.21000000000001
2025-05-16T17:00:00+00:00,22.15,130.0,107.85
2025-05-16T18:00:00+00:00,18.04,147.6,129.56
2025-05-16T19:00:00+00:00,35.09,132.05,96.96000000000001
2025-05-16T20:00:00+00:00,41.21,117.47,76.25999999999999
2025-05-16T21:00:00+00:00,41.66,106.19,64.53
2025-05-16T22:00:00+00:00,21.23,114.03,92.8
2025-05-16T23:00:00+00:00,13.53,103.66,90.13
2025-05-17T00:00:00+00:00,12.68,100.0,87.32
2025-05-17T01:00:00+00:00,14.26,90.5,76.24
2025-05-17T02:00:00+00:00,12.82,91.92,79.1
2025-05-17T03:00:00+00:00,19.0,98.52,79.52
2025-05-17T04:00:00+00:00,21.79,105.9,84.11000000000001
2025-05-17T05:00:00+00:00,20.23,118.8,98.57
2025-05-17T06:00:00+00:00,16.24,110.0,93.76
2025-05-17T07:00:00+00:00,0.0,105.0,105.0
2025-05-17T08:00:00+00:00,-0.05,60.0,60.05
2025-05-17T09:00:00+00:00,-3.74,20.0,23.740000000000002
2025-05-17T10:00:00+00:00,-4.84,20.0,24.84
2025-05-17T11:00:00+00:00,-10.01,20.0,30.009999999999998
2025-05-17T12:00:00+00:00,-11.26,20.0,31.259999999999998
2025-05-17T13:00:00+00:00,-5.75,20.0,25.75
2025-05-17T14:00:00+00:00,-3.69,70.0,73.69
2025-05-17T15:00:00+00:00,-0.05,104.27,104.32
2025-05-17T16:00:00+00:00,11.51,122.45,110.94
2025-05-17T17:00:00+00:00,36.19,145.62,109.43
2025-05-17T18:00:00+00:00,30.96,145.62,114.66
2025-05-17T19:00:00+00:00,52.5,130.0,77.5
2025-05-17T20:00:00+00:00,57.12,116.38,59.26
2025-05-17T21:00:00+00:00,41.28,111.55,70.27
2025-05-17T22:00:00+00:00,37.11,99.68,62.57000000000001
2025-05-17T23:00:00+00:00,21.73,98.78,77.05
2025-05-18T00:00:00+00:00,15.49,99.48,83.99000000000001
2025-05-18T01:00:00+00:00,15.0,98.78,83.78
2025-05-18T02:00:00+00:00,13.9,98.78,84.88
2025-05-18T03:00:00+00:00,15.79,98.78,82.99000000000001
2025-05-18T04:00:00+00:00,14.5,98.78,84.28
2025-05-18T05:00:00+00:00,13.83,99.43,85.60000000000001
2025-05-18T06:00:00+00:00,9.16,88.23,79.07000000000001
2025-05-18T07:00:00+00:00,-0.01,17.65,17.66
2025-05-18T08:00:00+00:00,-0.02,8.65,8.67
2025-05-18T09:00:00+00:00,-0.2,8.65,8.85
2025-05-18T10:00:00+00:00,-2.0,1.0,3.0
2025-05-18T11:00:00+00:00,-7.37,0.0,7.37
2025-05-18T12:00:00+00:00,-15.0,0.0,15.0
2025-05-18T13:00:00+00:00,-8.97,0.0,8.97
2025-05-18T14:00:00+00:00,-0.2,3.0,3.2
2025-05-18T15:00:00+00:00,0.0,25.24,25.24
2025-05-18T16:00:00+00:00,9.26,100.0,90.74
2025-05-18T17:00:00+00:00,30.72,120.5,89.78
2025-05-18T18:00:00+00:00,59.47,130.0,70.53
2025-05-18T19:00:00+00:00,37.0,128.0,91.0
2025-05-18T20:00:00+00:00,50.71,120.0,69.28999999999999
2025-05-18T21:00:00+00:00,33.96,106.51,72.55000000000001
2025-05-18T22:00:00+00:00,20.82,100.0,79.18
2025-05-18T23:00:00+00:00,18.02,95.7,77.68
2025-05-19T00:00:00+00:00,13.83,95.44,81.61
2025-05-19T01:00:00+00:00,14.0,93.0,79.0
2025-05-19T02:00:00+00:00,10.63,94.5,83.87
2025-05-19T03:00:00+00:00,19.94,104.97,85.03
2025-05-19T04:00:00+00:00,25.95,126.86,100.91
2025-05-19T05:00:00+00:00,42.99,135.18,92.19
2025-05-19T06:00:00+00:00,36.11,126.99,90.88
2025-05-19T07:00:00+00:00,34.37,108.72,74.35
2025-05-19T08:00:00+00:00,21.58,72.95,51.370000000000005
2025-05-19T09:00:00+00:00,19.77,38.0,18.23
2025-05-19T10:00:00+00:00,12.77,20.72,7.949999999999999
2025-05-19T11:00:00+00:00,5.0,22.64,17.64
2025-05-19T12:00:00+00:00,8.0,36.89,28.89
2025-05-19T13:00:00+00:00,13.0,70.0,57.0
2025-05-19T14:00:00+00:00,11.58,98.65,87.07000000000001
2025-05-19T15:00:00+00:00,22.99,113.71,90.72
2025-05-19T16:00:00+00:00,36.19,128.0,91.81
2025-05-19T17:00:00+00:00,64.12,143.75,79.63
2025-05-19T18:00:00+00:00,33.63,157.7,124.07
2025-05-19T19:00:00+00:00,37.94,143.75,105.81
2025-05-19T20:00:00+00:00,37.22,124.0,86.78
2025-05-19T21:00:00+00:00,29.86,125.22,95.36
2025-05-19T22:00:00+00:00,20.53,114.0,93.47
2025-05-19T23:00:00+00:00,16.93,110.0,93.07
2025-05-20T00:00:00+00:00,13.58,107.61,94.03
2025-05-20T01:00:00+00:00,7.74,110.9,103.16000000000001
2025-05-20T02:00:00+00:00,7.0,110.0,103.0
2025-05-20T03:00:00+00:00,18.26,118.96,100.69999999999999
2025-05-20T04:00:00+00:00,25.66,140.0,114.34
2025-05-20T05:00:00+00:00,35.09,136.13,101.03999999999999
2025-05-20T06:00:00+00:00,38.79,130.5,91.71000000000001
2025-05-20T07:00:00+00:00,36.29,135.8,99.51000000000002
2025-05-20T08:00:00+00:00,21.4,115.0,93.6
2025-05-20T09:00:00+00:00,15.95,110.0,94.05
2025-05-20T10:00:00+00:00,3.44,98.11,94.67
2025-05-20T11:00:00+00:00,3.62,97.47,93.85
2025-05-20T12:00:00+00:00,3.38,101.46,98.08
2025-05-20T13:00:00+00:00,7.61,113.77,106.16
2025-05-20T14:00:00+00:00,5.05,120.0,114.95
2025-05-20T15:00:00+00:00,20.06,119.95,99.89
2025-05-20T16:00:00+00:00,27.74,126.64,98.9
2025-05-20T17:00:00+00:00,40.01,130.18,90.17000000000002
2025-05-20T18:00:00+00:00,25.96,150.61,124.65
2025-05-20T19:00:00+00:00,53.91,132.1,78.19
2025-05-20T20:00:00+00:00,54.0,114.73,60.730000000000004
2025-05-20T21:00:00+00:00,35.01,113.74,78.72999999999999
2025-05-20T22:00:00+00:00,35.0,107.93,72.93
2025-05-20T23:00:00+00:00,30.2,102.33,72.13
2025-05-21T00:00:00+00:00,28.65,100.5,71.85
2025-05-21T01:00:00+00:00,22.03,100.0,77.97
2025-05-21T02:00:00+00:00,26.72,98.98,72.26
2025-05-21T03:00:00+00:00,30.2,104.25,74.05
2025-05-21T04:00:00+00:00,35.09,125.8,90.71
2025-05-21T05:00:00+00:00,58.87,138.0,79.13
2025-05-21T06:00:00+00:00,39.52,127.78,88.25999999999999
2025-05-21T07:00:00+00:00,31.14,127.78,96.64
2025-05-21T08:00:00+00:00,25.4,102.31,76.91
2025-05-21T09:00:00+00:00,5.16,96.0,90.84
2025-05-21T10:00:00+00:00,20.02,50.0,29.98
2025-05-21T11:00:00+00:00,18.44,45.17,26.73
2025-05-21T12:00:00+00:00,10.62,74.7,64.08
2025-05-21T13:00:00+00:00,2.01,82.0,79.99
2025-05-21T14:00:00+00:00,5.05,98.5,93.45
2025-05-21T15:00:00+00:00,27.88,110.56,82.68
2025-05-21T16:00:00+00:00,53.45,112.53,59.08
2025-05-21T17:00:00+00:00,80.02,131.21,51.19000000000001
2025-05-21T18:00:00+00:00,52.93,148.15,95.22
2025-05-21T19:00:00+00:00,68.21,130.92,62.709999999999994
2025-05-21T20:00:00+00:00,63.78,115.0,51.22
2025-05-21T21:00:00+00:00,40.13,112.89,72.75999999999999
2025-05-21T22:00:00+00:00,22.23,105.94,83.71
2025-05-21T23:00:00+00:00,20.08,96.83,76.75
2025-05-22T00:00:00+00:00,16.2,92.38,76.17999999999999
2025-05-22T01:00:00+00:00,5.11,94.16,89.05
2025-05-22T02:00:00+00:00,5.11,91.67,86.56
2025-05-22T03:00:00+00:00,13.0,98.51,85.51
2025-05-22T04:00:00+00:00,18.64,122.66,104.02
2025-05-22T05:00:00+00:00,54.3,127.6,73.3
2025-05-22T06:00:00+00:00,50.81,132.69,81.88
2025-05-22T07:00:00+00:00,49.2,124.34,75.14
2025-05-22T08:00:00+00:00,9.85,115.31,105.46000000000001
2025-05-22T09:00:00+00:00,13.63,108.98,95.35000000000001
2025-05-22T10:00:00+00:00,0.0,96.09,96.09
2025-05-22T11:00:00+00:00,0.0,101.27,101.27
2025-05-22T12:00:00+00:00,-0.01,105.14,105.15
2025-05-22T13:00:00+00:00,-0.02,110.59,110.61
2025-05-22T14:00:00+00:00,-0.01,105.0,105.01
2025-05-22T15:00:00+00:00,-0.01,105.52,105.53
2025-05-22T16:00:00+00:00,22.69,117.26,94.57000000000001
2025-05-22T17:00:00+00:00,40.67,130.0,89.33
2025-05-22T18:00:00+00:00,27.26,140.0,112.74
2025-05-22T19:00:00+00:00,24.42,136.9,112.48
2025-05-22T20:00:00+00:00,60.79,122.35,61.559999999999995
2025-05-22T21:00:00+00:00,43.85,110.48,66.63
2025-05-22T22:00:00+00:00,9.22,113.11,103.89
2025-05-22T23:00:00+00:00,7.69,104.67,96.98
2025-05-23T00:00:00+00:00,9.37,100.0,90.63
2025-05-23T01:00:00+00:00,5.8,100.0,94.2
2025-05-23T02:00:00+00:00,5.11,105.99,100.88
2025-05-23T03:00:00+00:00,11.19,110.54,99.35000000000001
2025-05-23T04:00:00+00:00,17.64,132.98,115.33999999999999
2025-05-23T05:00:00+00:00,33.44,157.6,124.16
2025-05-23T06:00:00+00:00,21.17,141.6,120.42999999999999
2025-05-23T07:00:00+00:00,11.82,129.5,117.68
2025-05-23T08:00:00+00:00,7.26,106.2,98.94
2025-05-23T09:00:00+00:00,11.4,97.1,85.69999999999999
2025-05-23T10:00:00+00:00,13.44,80.5,67.06
2025-05-23T11:00:00+00:00,0.62,71.43,70.81
2025-05-23T12:00:00+00:00,0.0,86.64,86.64
2025-05-23T13:00:00+00:00,0.0,90.7,90.7
2025-05-23T14:00:00+00:00,0.0,101.5,101.5
2025-05-23T15:00:00+00:00,0.0,110.0,110.0
2025-05-23T16:00:00+00:00,9.21,124.97,115.75999999999999
2025-05-23T17:00:00+00:00,23.31,132.98,109.66999999999999
2025-05-23T18:00:00+00:00,27.31,150.25,122.94
2025-05-23T19:00:00+00:00,31.0,149.76,118.75999999999999
2025-05-23T20:00:00+00:00,76.21,131.94,55.730000000000004
2025-05-23T21:00:00+00:00,65.0,128.0,63.0
2025-05-23T22:00:00+00:00,24.79,115.3,90.50999999999999
2025-05-23T23:00:00+00:00,14.8,111.5,96.7
2025-05-24T00:00:00+00:00,10.93,106.17,95.24000000000001
2025-05-24T01:00:00+00:00,10.34,99.83,89.49
2025-05-24T02:00:00+00:00,9.56,99.0,89.44
2025-05-24T03:00:00+00:00,9.99,98.06,88.07000000000001
2025-05-24T04:00:00+00:00,13.32,98.25,84.93
2025-05-24T05:00:00+00:00,12.91,100.19,87.28
2025-05-24T06:00:00+00:00,10.6,102.93,92.33000000000001
2025-05-24T07:00:00+00:00,12.26,99.28,87.02
2025-05-24T08:00:00+00:00,0.0,73.0,73.0
2025-05-24T09:00:00+00:00,0.0,25.0,25.0
2025-05-24T10:00:00+00:00,-0.01,20.0,20.01
2025-05-24T11:00:00+00:00,-0.02,10.0,10.02
2025-05-24T12:00:00+00:00,-0.02,10.0,10.02
2025-05-24T13:00:00+00:00,0.0,10.0,10.0
2025-05-24T14:00:00+00:00,0.29,19.7,19.41
2025-05-24T15:00:00+00:00,0.8,65.0,64.2
2025-05-24T16:00:00+00:00,11.89,118.58,106.69
2025-05-24T17:00:00+00:00,17.39,140.0,122.61
2025-05-24T18:00:00+00:00,19.17,150.5,131.32999999999998
2025-05-24T19:00:00+00:00,36.1,127.77,91.66999999999999
2025-05-24T20:00:00+00:00,52.0,110.0,58.0
2025-05-24T21:00:00+00:00,37.0,97.1,60.099999999999994
2025-05-24T22:00:00+00:00,19.9,96.86,76.96000000000001
2025-05-24T23:00:00+00:00,14.05,62.03,47.980000000000004
2025-05-25T00:00:00+00:00,14.03,33.9,19.869999999999997
2025-05-25T01:00:00+00:00,8.39,45.0,36.61
2025-05-25T02:00:00+00:00,3.92,50.0,46.08
2025-05-25T03:00:00+00:00,2.11,59.45,57.34
2025-05-25T04:00:00+00:00,0.0,69.0,69.0
2025-05-25T05:00:00+00:00,0.0,30.1,30.1
2025-05-25T06:00:00+00:00,-0.01,16.82,16.830000000000002
2025-05-25T07:00:00+00:00,-1.0,1.0,2.0
2025-05-25T08:00:00+00:00,-5.0,0.03,5.03
2025-05-25T09:00:00+00:00,-4.38,0.0,4.38
2025-05-25T10:00:00+00:00,-7.71,0.0,7.71
2025-05-25T11:00:00+00:00,-15.0,0.0,15.0
2025-05-25T12:00:00+00:00,-16.99,0.0,16.99
2025-05-25T13:00:00+00:00,-14.0,0.0,14.0
2025-05-25T14:00:00+00:00,-9.02,0.0,9.02
2025-05-25T15:00:00+00:00,-0.04,9.0,9.04
2025-05-25T16:00:00+00:00,0.07,86.2,86.13000000000001
2025-05-25T17:00:00+00:00,12.23,128.27,116.04
2025-05-25T18:00:00+00:00,17.03,136.7,119.66999999999999
2025-05-25T19:00:00+00:00,26.71,118.77,92.06
2025-05-25T20:00:00+00:00,35.01,104.95,69.94
2025-05-25T21:00:00+00:00,20.17,97.8,77.63
2025-05-25T22:00:00+00:00,26.25,96.8,70.55
2025-05-25T23:00:00+00:00,18.04,88.25,70.21000000000001
2025-05-26T00:00:00+00:00,16.64,88.26,71.62
2025-05-26T01:00:00+00:00,14.43,88.26,73.83000000000001
2025-05-26T02:00:00+00:00,16.4,88.55,72.15
2025-05-26T03:00:00+00:00,20.0,97.58,77.58
2025-05-26T04:00:00+00:00,25.78,137.73,111.94999999999999
2025-05-26T05:00:00+00:00,35.01,150.0,114.99000000000001
2025-05-26T06:00:00+00:00,30.01,142.03,112.02
2025-05-26T07:00:00+00:00,18.73,110.0,91.27
2025-05-26T08:00:00+00:00,8.55,97.1,88.55
2025-05-26T09:00:00+00:00,0.05,81.03,80.98
2025-05-26T10:00:00+00:00,1.29,51.0,49.71
2025-05-26T11:00:00+00:00,-0.01,46.0,46.01
2025-05-26T12:00:00+00:00,-0.01,75.33,75.34
2025-05-26T13:00:00+00:00,-0.01,88.85,88.86
2025-05-26T14:00:00+00:00,3.98,97.1,93.11999999999999
2025-05-26T15:00:00+00:00,14.78,101.18,86.4
2025-05-26T16:00:00+00:00,17.57,127.0,109.43
2025-05-26T17:00:00+00:00,28.31,139.06,110.75
2025-05-26T18:00:00+00:00,35.09,157.4,122.31
2025-05-26T19:00:00+00:00,76.06,150.64,74.57999999999998
2025-05-26T20:00:00+00:00,60.14,118.5,58.36
2025-05-26T21:00:00+00:00,35.33,119.53,84.2
2025-05-26T22:00:00+00:00,35.01,115.55,80.53999999999999
2025-05-26T23:00:00+00:00,30.5,103.68,73.18
2025-05-27T00:00:00+00:00,22.46,97.23,74.77000000000001
2025-05-27T01:00:00+00:00,20.0,90.97,70.97
2025-05-27T02:00:00+00:00,21.03,95.35,74.32
2025-05-27T03:00:00+00:00,26.01,98.64,72.63
2025-05-27T04:00:00+00:00,33.44,118.11,84.67
2025-05-27T05:00:00+00:00,36.26,146.76,110.5
2025-05-27T06:00:00+00:00,33.0,150.18,117.18
2025-05-27T07:00:00+00:00,20.35,142.06,121.71000000000001
2025-05-27T08:00:00+00:00,0.03,130.16,130.13
2025-05-27T09:00:00+00:00,0.0,105.5,105.5
2025-05-27T10:00:00+00:00,0.0,94.0,94.0
2025-05-27T11:00:00+00:00,0.0,79.0,79.0
2025-05-27T12:00:00+00:00,0.0,96.0,96.0
2025-05-27T13:00:00+00:00,0.0,103.67,103.67
2025-05-27T14:00:00+00:00,0.0,105.5,105.5
2025-05-27T15:00:00+00:00,6.32,115.0,108.68
2025-05-27T16:00:00+00:00,42.1,116.2,74.1
2025-05-27T17:00:00+00:00,69.34,139.19,69.85
2025-05-27T18:00:00+00:00,49.56,150.49,100.93
2025-05-27T19:00:00+00:00,111.16,140.71,29.55000000000001
2025-05-27T20:00:00+00:00,100.0,128.36,28.360000000000014
2025-05-27T21:00:00+00:00,75.31,120.5,45.19
2025-05-27T22:00:00+00:00,35.01,124.0,88.99000000000001
2025-05-27T23:00:00+00:00,16.81,115.55,98.74
2025-05-28T00:00:00+00:00,15.03,107.4,92.37
2025-05-28T01:00:00+00:00,7.1,102.0,94.9
2025-05-28T02:00:00+00:00,6.97,102.0,95.03
2025-05-28T03:00:00+00:00,18.83,103.67,84.84
2025-05-28T04:00:00+00:00,23.54,120.0,96.46000000000001
2025-05-28T05:00:00+00:00,54.88,127.02,72.13999999999999
2025-05-28T06:00:00+00:00,35.01,120.0,84.99000000000001
2025-05-28T07:00:00+00:00,17.2,105.13,87.92999999999999
2025-05-28T08:00:00+00:00,0.85,83.64,82.79
2025-05-28T09:00:00+00:00,0.69,77.56,76.87
2025-05-28T10:00:00+00:00,0.0,69.2,69.2
2025-05-28T11:00:00+00:00,0.0,66.63,66.63
2025-05-28T12:00:00+00:00,0.0,78.8,78.8
2025-05-28T13:00:00+00:00,0.0,90.55,90.55
2025-05-28T14:00:00+00:00,0.0,104.48,104.48
2025-05-28T15:00:00+00:00,18.35,116.67,98.32
2025-05-28T16:00:00+00:00,26.56,130.0,103.44
2025-05-28T17:00:00+00:00,43.26,137.81,94.55000000000001
2025-05-28T18:00:00+00:00,55.18,159.68,104.5
2025-05-28T19:00:00+00:00,96.0,147.76,51.75999999999999
2025-05-28T20:00:00+00:00,100.86,132.85,31.989999999999995
2025-05-28T21:00:00+00:00,78.0,124.82,46.81999999999999
2025-05-28T22:00:00+00:00,49.63,116.71,67.07999999999998
2025-05-28T23:00:00+00:00,39.0,104.4,65.4
2025-05-29T00:00:00+00:00,43.81,99.3,55.489999999999995
2025-05-29T01:00:00+00:00,39.22,89.81,50.59
2025-05-29T02:00:00+00:00,38.24,89.82,51.57999999999999
2025-05-29T03:00:00+00:00,40.01,97.1,57.089999999999996
2025-05-29T04:00:00+00:00,37.95,110.13,72.17999999999999
2025-05-29T05:00:00+00:00,41.73,130.19,88.46000000000001
2025-05-29T06:00:00+00:00,38.24,126.73,88.49000000000001
2025-05-29T07:00:00+00:00,16.06,128.6,112.53999999999999
2025-05-29T08:00:00+00:00,5.99,88.78,82.79
2025-05-29T09:00:00+00:00,0.74,42.0,41.26
2025-05-29T10:00:00+00:00,-0.01,29.7,29.71
2025-05-29T11:00:00+00:00,-0.48,22.83,23.31
2025-05-29T12:00:00+00:00,-0.9,36.51,37.41
2025-05-29T13:00:00+00:00,-0.12,35.36,35.48
2025-05-29T14:00:00+00:00,-0.01,37.0,37.01
2025-05-29T15:00:00+00:00,0.07,89.7,89.63000000000001
2025-05-29T16:00:00+00:00,17.77,105.59,87.82000000000001
2025-05-29T17:00:00+00:00,36.13,135.47,99.34
2025-05-29T18:00:00+00:00,71.63,162.0,90.37
2025-05-29T19:00:00+00:00,79.39,140.87,61.480000000000004
2025-05-29T20:00:00+00:00,79.14,119.12,39.980000000000004
2025-05-29T21:00:00+00:00,60.2,112.26,52.06
2025-05-29T22:00:00+00:00,48.2,110.6,62.39999999999999
2025-05-29T23:00:00+00:00,31.11,100.08,68.97
2025-05-30T00:00:00+00:00,33.82,97.1,63.279999999999994
2025-05-30T01:00:00+00:00,33.95,88.9,54.95
2025-05-30T02:00:00+00:00,37.39,77.16,39.769999999999996
2025-05-30T03:00:00+00:00,42.18,97.1,54.919999999999995
2025-05-30T04:00:00+00:00,49.55,110.0,60.45
2025-05-30T05:00:00+00:00,68.38,110.0,41.620000000000005
2025-05-30T06:00:00+00:00,53.01,97.1,44.089999999999996
2025-05-30T07:00:00+00:00,29.13,99.16,70.03
2025-05-30T08:00:00+00:00,1.83,92.64,90.81
2025-05-30T09:00:00+00:00,0.0,57.0,57.0
2025-05-30T10:00:00+00:00,-0.02,31.0,31.02
2025-05-30T11:00:00+00:00,-2.11,32.0,34.11
2025-05-30T12:00:00+00:00,-2.66,35.0,37.66
2025-05-30T13:00:00+00:00,-0.07,45.0,45.07
2025-05-30T14:00:00+00:00,-0.01,62.15,62.16
2025-05-30T15:00:00+00:00,8.96,72.0,63.04
2025-05-30T16:00:00+00:00,47.09,119.16,72.07
2025-05-30T17:00:00+00:00,74.63,130.57,55.94
2025-05-30T18:00:00+00:00,100.29,154.0,53.709999999999994
2025-05-30T19:00:00+00:00,120.59,142.44,21.849999999999994
2025-05-30T20:00:00+00:00,130.19,130.19,0.0
2025-05-30T21:00:00+00:00,103.35,124.0,20.650000000000006
2025-05-30T22:00:00+00:00,107.0,124.0,17.0
2025-05-30T23:00:00+00:00,72.3,111.65,39.35000000000001
2025-05-31T00:00:00+00:00,51.49,101.62,50.13
2025-05-31T01:00:00+00:00,33.25,103.07,69.82
2025-05-31T02:00:00+00:00,29.2,106.99,77.78999999999999
2025-05-31T03:00:00+00:00,29.05,107.01,77.96000000000001
2025-05-31T04:00:00+00:00,33.18,124.0,90.82
2025-05-31T05:00:00+00:00,30.87,128.74,97.87
2025-05-31T06:00:00+00:00,33.55,108.0,74.45
2025-05-31T07:00:00+00:00,1.0,98.64,97.64
2025-05-31T08:00:00+00:00,-0.02,25.9,25.919999999999998
2025-05-31T09:00:00+00:00,-1.0,10.0,11.0
2025-05-31T10:00:00+00:00,-3.07,10.0,13.07
2025-05-31T11:00:00+00:00,-13.17,10.0,23.17
2025-05-31T12:00:00+00:00,-7.75,10.0,17.75
2025-05-31T13:00:00+00:00,-3.0,11.0,14.0
2025-05-31T14:00:00+00:00,-0.05,38.0,38.05
2025-05-31T15:00:00+00:00,7.74,99.0,91.26
2025-05-31T16:00:00+00:00,24.14,125.0,100.86
2025-05-31T17:00:00+00:00,31.78,129.39,97.60999999999999
2025-05-31T18:00:00+00:00,62.0,146.51,84.50999999999999
2025-05-31T19:00:00+00:00,48.17,146.4,98.23
2025-05-31T20:00:00+00:00,74.44,130.19,55.75
2025-05-31T21:00:00+00:00,63.5,128.85,65.35
2025-05-31T22:00:00+00:00,60.0,125.0,65.0
2025-05-31T23:00:00+00:00,36.07,124.44,88.37
2025-06-01T00:00:00+00:00,28.27,120.0,91.73
2025-06-01T01:00:00+00:00,24.32,118.0,93.68
2025-06-01T02:00:00+00:00,24.95,120.0,95.05
2025-06-01T03:00:00+00:00,24.92,116.5,91.58
2025-06-01T04:00:00+00:00,26.68,104.51,77.83000000000001
2025-06-01T05:00:00+00:00,13.0,101.93,88.93
2025-06-01T06:00:00+00:00,2.4,97.13,94.72999999999999
2025-06-01T07:00:00+00:00,-0.01,90.0,90.01
2025-06-01T08:00:00+00:00,-0.6,15.0,15.6
2025-06-01T09:00:00+00:00,-2.11,10.0,12.11
2025-06-01T10:00:00+00:00,-5.48,10.0,15.48
2025-06-01T11:00:00+00:00,-12.93,10.0,22.93
2025-06-01T12:00:00+00:00,-20.41,9.95,30.36
2025-06-01T13:00:00+00:00,-15.61,9.65,25.259999999999998
2025-06-01T14:00:00+00:00,-6.0,15.0,21.0
2025-06-01T15:00:00+00:00,-0.62,97.0,97.62
2025-06-01T16:00:00+00:00,2.94,114.6,111.66
2025-06-01T17:00:00+00:00,22.82,127.03,104.21000000000001
2025-06-01T18:00:00+00:00,35.01,133.0,97.99000000000001
2025-06-01T19:00:00+00:00,40.55,135.17,94.61999999999999
2025-06-01T20:00:00+00:00,53.96,125.38,71.41999999999999
2025-06-01T21:00:00+00:00,40.41,121.17,80.76
2025-06-01T22:00:00+00:00,30.24,119.9,89.66000000000001
2025-06-01T23:00:00+00:00,27.25,110.0,82.75
2025-06-02T00:00:00+00:00,26.66,102.52,75.86
2025-06-02T01:00:00+00:00,19.1,100.95,81.85
2025-06-02T02:00:00+00:00,20.01,100.2,80.19
2025-06-02T03:00:00+00:00,18.89,97.67,78.78
2025-06-02T04:00:00+00:00,27.9,95.49,67.59
2025-06-02T05:00:00+00:00,45.59,115.85,70.25999999999999
2025-06-02T06:00:00+00:00,52.96,115.0,62.04
2025-06-02T07:00:00+00:00,40.01,103.35,63.339999999999996
2025-06-02T08:00:00+00:00,17.55,65.98,48.43000000000001
2025-06-02T09:00:00+00:00,33.21,50.0,16.79
2025-06-02T10:00:00+00:00,20.0,20.0,0.0
2025-06-02T11:00:00+00:00,12.78,19.0,6.220000000000001
2025-06-02T12:00:00+00:00,11.0,11.0,0.0
2025-06-02T13:00:00+00:00,19.75,25.0,5.25
2025-06-02T14:00:00+00:00,0.68,85.17,84.49
2025-06-02T15:00:00+00:00,5.86,106.09,100.23
2025-06-02T16:00:00+00:00,24.28,121.16,96.88
2025-06-02T17:00:00+00:00,79.01,124.0,44.989999999999995
2025-06-02T18:00:00+00:00,88.05,140.5,52.45
2025-06-02T19:00:00+00:00,94.5,143.36,48.860000000000014
2025-06-02T20:00:00+00:00,95.69,125.38,29.689999999999998
2025-06-02T21:00:00+00:00,66.5,122.56,56.06
2025-06-02T22:00:00+00:00,28.03,112.0,83.97
2025-06-02T23:00:00+00:00,10.4,106.46,96.05999999999999
2025-06-03T00:00:00+00:00,7.85,101.0,93.15
2025-06-03T01:00:00+00:00,-0.01,99.28,99.29
2025-06-03T02:00:00+00:00,-2.41,100.27,102.67999999999999
2025-06-03T03:00:00+00:00,-8.71,107.53,116.24000000000001
2025-06-03T04:00:00+00:00,-0.01,136.18,136.19
2025-06-03T05:00:00+00:00,4.48,131.33,126.85000000000001
2025-06-03T06:00:00+00:00,46.21,129.5,83.28999999999999
2025-06-03T07:00:00+00:00,38.13,126.53,88.4
2025-06-03T08:00:00+00:00,0.0,99.99,99.99
2025-06-03T09:00:00+00:00,-0.01,89.0,89.01
2025-06-03T10:00:00+00:00,-0.1,58.0,58.1
2025-06-03T11:00:00+00:00,-1.57,55.53,57.1
2025-06-03T12:00:00+00:00,-5.8,55.0,60.8
2025-06-03T13:00:00+00:00,-1.06,84.55,85.61
2025-06-03T14:00:00+00:00,-0.01,100.9,100.91000000000001
2025-06-03T15:00:00+00:00,0.0,107.83,107.83
2025-06-03T16:00:00+00:00,17.71,117.9,100.19
2025-06-03T17:00:00+00:00,38.57,141.62,103.05000000000001
2025-06-03T18:00:00+00:00,36.31,150.0,113.69
2025-06-03T19:00:00+00:00,53.08,141.0,87.92
2025-06-03T20:00:00+00:00,90.01,127.36,37.349999999999994
2025-06-03T21:00:00+00:00,62.74,117.51,54.77
2025-06-03T22:00:00+00:00,28.83,115.41,86.58
2025-06-03T23:00:00+00:00,10.15,106.46,96.30999999999999
2025-06-04T00:00:00+00:00,14.08,99.5,85.42
2025-06-04T01:00:00+00:00,16.25,92.3,76.05
2025-06-04T02:00:00+00:00,13.02,93.6,80.58
2025-06-04T03:00:00+00:00,10.5,98.77,88.27
2025-06-04T04:00:00+00:00,23.83,117.51,93.68
2025-06-04T05:00:00+00:00,3.0,136.2,133.2
2025-06-04T06:00:00+00:00,48.72,139.87,91.15
2025-06-04T07:00:00+00:00,33.02,127.29,94.27000000000001
2025-06-04T08:00:00+00:00,32.35,120.0,87.65
2025-06-04T09:00:00+00:00,4.83,117.51,112.68
2025-06-04T10:00:00+00:00,19.21,90.0,70.78999999999999
2025-06-04T11:00:00+00:00,9.69,95.21,85.52
2025-06-04T12:00:00+00:00,1.72,101.0,99.28
2025-06-04T13:00:00+00:00,0.09,104.54,104.45
2025-06-04T14:00:00+00:00,0.0,109.8,109.8
2025-06-04T15:00:00+00:00,6.2,125.0,118.8
2025-06-04T16:00:00+00:00,15.49,130.0,114.51
2025-06-04T17:00:00+00:00,39.15,142.11,102.96000000000001
2025-06-04T18:00:00+00:00,32.77,154.58,121.81
2025-06-04T19:00:00+00:00,23.82,139.87,116.05000000000001
2025-06-04T20:00:00+00:00,55.92,131.33,75.41000000000001
2025-06-04T21:00:00+00:00,53.22,115.86,62.64
2025-06-04T22:00:00+00:00,-0.01,114.0,114.01
2025-06-04T23:00:00+00:00,-0.01,112.0,112.01
2025-06-05T00:00:00+00:00,-0.06,107.71,107.77
2025-06-05T01:00:00+00:00,-0.39,105.42,105.81
2025-06-05T02:00:00+00:00,-2.2,105.86,108.06
2025-06-05T03:00:00+00:00,-0.11,111.13,111.24
2025-06-05T04:00:00+00:00,-0.02,113.0,113.02
2025-06-05T05:00:00+00:00,0.0,129.04,129.04
2025-06-05T06:00:00+00:00,0.0,119.53,119.53
2025-06-05T07:00:00+00:00,-0.01,116.1,116.11
2025-06-05T08:00:00+00:00,-0.01,110.03,110.04
2025-06-05T09:00:00+00:00,-0.02,105.0,105.02
2025-06-05T10:00:00+00:00,-0.01,90.1,90.11
2025-06-05T11:00:00+00:00,-0.01,89.0,89.01
2025-06-05T12:00:00+00:00,-0.01,94.41,94.42
2025-06-05T13:00:00+00:00,-0.01,98.02,98.03
2025-06-05T14:00:00+00:00,-0.01,105.0,105.01
2025-06-05T15:00:00+00:00,-0.01,114.57,114.58
2025-06-05T16:00:00+00:00,3.17,117.87,114.7
2025-06-05T17:00:00+00:00,25.52,123.49,97.97
2025-06-05T18:00:00+00:00,16.14,129.33,113.19000000000001
2025-06-05T19:00:00+00:00,32.62,127.82,95.19999999999999
2025-06-05T20:00:00+00:00,24.04,113.31,89.27000000000001
2025-06-05T21:00:00+00:00,26.93,108.68,81.75
2025-06-05T22:00:00+00:00,34.63,103.12,68.49000000000001
2025-06-05T23:00:00+00:00,13.39,97.38,83.99
2025-06-06T00:00:00+00:00,11.17,90.09,78.92
2025-06-06T01:00:00+00:00,14.79,89.21,74.41999999999999
2025-06-06T02:00:00+00:00,20.02,90.28,70.26
2025-06-06T03:00:00+00:00,0.0,97.6,97.6
2025-06-06T04:00:00+00:00,13.9,121.47,107.57
2025-06-06T05:00:00+00:00,5.19,149.07,143.88
2025-06-06T06:00:00+00:00,14.23,149.07,134.84
2025-06-06T07:00:00+00:00,4.66,134.53,129.87
2025-06-06T08:00:00+00:00,0.0,128.22,128.22
2025-06-06T09:00:00+00:00,-0.01,111.09,111.10000000000001
2025-06-06T10:00:00+00:00,-0.02,90.8,90.82
2025-06-06T11:00:00+00:00,-1.04,89.85,90.89
2025-06-06T12:00:00+00:00,-1.67,93.0,94.67
2025-06-06T13:00:00+00:00,-0.01,95.0,95.01
2025-06-06T14:00:00+00:00,-0.01,108.02,108.03
2025-06-06T15:00:00+00:00,1.2,115.02,113.82
2025-06-06T16:00:00+00:00,14.34,129.29,114.94999999999999
2025-06-06T17:00:00+00:00,44.69,136.49,91.80000000000001
2025-06-06T18:00:00+00:00,57.85,140.49,82.64000000000001
2025-06-06T19:00:00+00:00,87.68,133.0,45.31999999999999
2025-06-06T20:00:00+00:00,119.03,124.92,5.890000000000001
2025-06-06T21:00:00+00:00,90.15,108.02,17.86999999999999
2025-06-06T22:00:00+00:00,44.25,119.5,75.25
2025-06-06T23:00:00+00:00,28.7,110.0,81.3
2025-06-07T00:00:00+00:00,30.92,105.0,74.08
2025-06-07T01:00:00+00:00,20.45,100.0,79.55
2025-06-07T02:00:00+00:00,18.7,100.28,81.58
2025-06-07T03:00:00+00:00,17.67,91.55,73.88
2025-06-07T04:00:00+00:00,17.61,88.25,70.64
2025-06-07T05:00:00+00:00,10.34,86.4,76.06
2025-06-07T06:00:00+00:00,20.79,99.6,78.81
2025-06-07T07:00:00+00:00,9.7,95.0,85.3
2025-06-07T08:00:00+00:00,10.93,43.0,32.07
2025-06-07T09:00:00+00:00,9.44,28.43,18.990000000000002
2025-06-07T10:00:00+00:00,1.19,31.0,29.81
2025-06-07T11:00:00+00:00,-0.01,27.0,27.01
2025-06-07T12:00:00+00:00,-0.02,24.0,24.02
2025-06-07T13:00:00+00:00,-0.02,27.0,27.02
2025-06-07T14:00:00+00:00,0.0,28.3,28.3
2025-06-07T15:00:00+00:00,0.0,75.02,75.02
2025-06-07T16:00:00+00:00,0.09,108.03,107.94
2025-06-07T17:00:00+00:00,9.91,125.6,115.69
2025-06-07T18:00:00+00:00,27.55,125.0,97.45
2025-06-07T19:00:00+00:00,14.64,125.0,110.36
2025-06-07T20:00:00+00:00,31.5,119.0,87.5
2025-06-07T21:00:00+00:00,30.46,101.65,71.19
2025-06-07T22:00:00+00:00,23.62,97.86,74.24
2025-06-07T23:00:00+00:00,14.47,89.4,74.93
2025-06-08T00:00:00+00:00,10.18,83.67,73.49000000000001
2025-06-08T01:00:00+00:00,0.08,79.69,79.61
2025-06-08T02:00:00+00:00,2.53,78.16,75.63
2025-06-08T03:00:00+00:00,5.05,86.7,81.65
2025-06-08T04:00:00+00:00,0.01,89.7,89.69
2025-06-08T05:00:00+00:00,0.02,93.99,93.97
2025-06-08T06:00:00+00:00,-0.01,70.0,70.01
2025-06-08T07:00:00+00:00,-0.5,39.5,40.0
2025-06-08T08:00:00+00:00,-2.0,15.0,17.0
2025-06-08T09:00:00+00:00,-7.39,10.0,17.39
2025-06-08T10:00:00+00:00,-19.45,10.0,29.45
2025-06-08T11:00:00+00:00,-37.93,10.0,47.93
2025-06-08T12:00:00+00:00,-50.0,10.0,60.0
2025-06-08T13:00:00+00:00,-48.01,10.0,58.01
2025-06-08T14:00:00+00:00,-35.35,8.65,44.0
2025-06-08T15:00:00+00:00,-2.85,54.67,57.52
2025-06-08T16:00:00+00:00,0.0,104.48,104.48
2025-06-08T17:00:00+00:00,17.86,131.28,113.42
2025-06-08T18:00:00+00:00,30.46,135.6,105.13999999999999
2025-06-08T19:00:00+00:00,39.92,132.07,92.14999999999999
2025-06-08T20:00:00+00:00,64.35,105.62,41.27000000000001
2025-06-08T21:00:00+00:00,54.69,86.93,32.24000000000001
2025-06-08T22:00:00+00:00,34.16,90.27,56.11
2025-06-08T23:00:00+00:00,28.03,79.25,51.22
2025-06-09T00:00:00+00:00,21.99,75.0,53.010000000000005
2025-06-09T01:00:00+00:00,21.1,59.08,37.98
2025-06-09T02:00:00+00:00,19.82,84.76,64.94
2025-06-09T03:00:00+00:00,21.88,86.97,65.09
2025-06-09T04:00:00+00:00,23.51,116.0,92.49
2025-06-09T05:00:00+00:00,21.71,148.87,127.16
2025-06-09T06:00:00+00:00,12.13,153.77,141.64000000000001
2025-06-09T07:00:00+00:00,1.69,119.5,117.81
2025-06-09T08:00:00+00:00,-0.02,93.01,93.03
2025-06-09T09:00:00+00:00,-1.48,59.67,61.15
2025-06-09T10:00:00+00:00,-6.42,47.18,53.6
2025-06-09T11:00:00+00:00,-16.01,60.85,76.86
2025-06-09T12:00:00+00:00,-14.99,82.8,97.78999999999999
2025-06-09T13:00:00+00:00,-3.21,60.0,63.21
2025-06-09T14:00:00+00:00,-0.03,88.02,88.05
2025-06-09T15:00:00+00:00,7.64,104.2,96.56
2025-06-09T16:00:00+00:00,19.09,122.93,103.84
2025-06-09T17:00:00+00:00,30.36,136.49,106.13000000000001
2025-06-09T18:00:00+00:00,33.84,140.58,106.74000000000001
2025-06-09T19:00:00+00:00,35.49,135.0,99.50999999999999
2025-06-09T20:00:00+00:00,60.99,125.0,64.00999999999999
2025-06-09T21:00:00+00:00,40.0,114.03,74.03
2025-06-09T22:00:00+00:00,38.39,108.03,69.64
2025-06-09T23:00:00+00:00,12.5,102.75,90.25
2025-06-10T00:00:00+00:00,16.46,103.02,86.56
2025-06-10T01:00:00+00:00,15.93,102.02,86.09
2025-06-10T02:00:00+00:00,12.23,103.0,90.77
2025-06-10T03:00:00+00:00,20.57,101.72,81.15
2025-06-10T04:00:00+00:00,30.71,125.0,94.28999999999999
2025-06-10T05:00:00+00:00,38.52,132.52,94.0
2025-06-10T06:00:00+00:00,39.1,132.52,93.42000000000002
2025-06-10T07:00:00+00:00,24.63,114.66,90.03
2025-06-10T08:00:00+00:00,9.29,102.07,92.78
2025-06-10T09:00:00+00:00,0.0,89.67,89.67
2025-06-10T10:00:00+00:00,0.0,43.8,43.8
2025-06-10T11:00:00+00:00,-0.01,62.67,62.68
2025-06-10T12:00:00+00:00,-0.01,70.19,70.2
2025-06-10T13:00:00+00:00,-0.01,88.15,88.16000000000001
2025-06-10T14:00:00+00:00,-0.01,101.67,101.68
2025-06-10T15:00:00+00:00,21.91,107.9,85.99000000000001
2025-06-10T16:00:00+00:00,35.95,134.92,98.96999999999998
2025-06-10T17:00:00+00:00,65.57,153.64,88.07
2025-06-10T18:00:00+00:00,56.6,154.06,97.46000000000001
2025-06-10T19:00:00+00:00,58.2,143.35,85.14999999999999
2025-06-10T20:00:00+00:00,71.92,132.52,60.60000000000001
2025-06-10T21:00:00+00:00,61.63,125.0,63.37
2025-06-10T22:00:00+00:00,62.76,116.0,53.24
2025-06-10T23:00:00+00:00,35.49,108.86,73.37
2025-06-11T00:00:00+00:00,37.04,104.0,66.96000000000001
2025-06-11T01:00:00+00:00,20.95,102.38,81.42999999999999
2025-06-11T02:00:00+00:00,15.49,101.55,86.06
2025-06-11T03:00:00+00:00,21.44,102.3,80.86
2025-06-11T04:00:00+00:00,32.76,117.32,84.56
2025-06-11T05:00:00+00:00,32.01,127.18,95.17000000000002
2025-06-11T06:00:00+00:00,42.71,129.5,86.78999999999999
2025-06-11T07:00:00+00:00,25.63,118.0,92.37
2025-06-11T08:00:00+00:00,6.77,114.0,107.23
2025-06-11T09:00:00+00:00,0.0,114.0,114.0
2025-06-11T10:00:00+00:00,-0.01,94.3,94.31
2025-06-11T11:00:00+00:00,-0.18,90.0,90.18
2025-06-11T12:00:00+00:00,-2.08,100.97,103.05
2025-06-11T13:00:00+00:00,-0.01,108.15,108.16000000000001
2025-06-11T14:00:00+00:00,2.5,115.03,112.53
2025-06-11T15:00:00+00:00,24.59,124.56,99.97
2025-06-11T16:00:00+00:00,29.56,123.18,93.62
2025-06-11T17:00:00+00:00,74.0,141.81,67.81
2025-06-11T18:00:00+00:00,84.01,146.99,62.980000000000004
2025-06-11T19:00:00+00:00,60.98,131.18,70.20000000000002
2025-06-11T20:00:00+00:00,70.01,123.18,53.17
2025-06-11T21:00:00+00:00,57.01,109.15,52.14000000000001
2025-06-11T22:00:00+00:00,24.6,120.26,95.66
2025-06-11T23:00:00+00:00,0.0,107.83,107.83
2025-06-12T00:00:00+00:00,6.88,104.05,97.17
2025-06-12T01:00:00+00:00,0.0,104.0,104.0
2025-06-12T02:00:00+00:00,-0.01,102.37,102.38000000000001
2025-06-12T03:00:00+00:00,0.0,106.1,106.1
2025-06-12T04:00:00+00:00,19.73,112.0,92.27
2025-06-12T05:00:00+00:00,37.29,125.63,88.34
2025-06-12T06:00:00+00:00,34.69,124.0,89.31
2025-06-12T07:00:00+00:00,15.27,114.82,99.55
2025-06-12T08:00:00+00:00,0.0,110.67,110.67
2025-06-12T09:00:00+00:00,-1.45,104.0,105.45
2025-06-12T10:00:00+00:00,-8.44,89.0,97.44
2025-06-12T11:00:00+00:00,-21.03,87.14,108.17
2025-06-12T12:00:00+00:00,-14.62,90.57,105.19
2025-06-12T13:00:00+00:00,-3.72,103.23,106.95
2025-06-12T14:00:00+00:00,0.01,114.82,114.80999999999999
2025-06-12T15:00:00+00:00,15.98,112.62,96.64
2025-06-12T16:00:00+00:00,40.23,125.24,85.00999999999999
2025-06-12T17:00:00+00:00,89.6,147.8,58.20000000000002
2025-06-12T18:00:00+00:00,104.01,159.27,55.260000000000005
2025-06-12T19:00:00+00:00,116.1,135.0,18.900000000000006
2025-06-12T20:00:00+00:00,107.99,121.86,13.870000000000005
2025-06-12T21:00:00+00:00,91.68,113.52,21.83999999999999
2025-06-12T22:00:00+00:00,70.29,122.0,51.709999999999994
2025-06-12T23:00:00+00:00,51.38,112.51,61.13
2025-06-13T00:00:00+00:00,52.04,110.0,57.96
2025-06-13T01:00:00+00:00,60.03,104.4,44.370000000000005
2025-06-13T02:00:00+00:00,57.87,104.4,46.53000000000001
2025-06-13T03:00:00+00:00,60.87,105.72,44.85
2025-06-13T04:00:00+00:00,65.25,115.56,50.31
2025-06-13T05:00:00+00:00,80.19,124.96,44.769999999999996
2025-06-13T06:00:00+00:00,68.94,126.18,57.24000000000001
2025-06-13T07:00:00+00:00,40.03,124.96,84.92999999999999
2025-06-13T08:00:00+00:00,12.21,124.96,112.75
2025-06-13T09:00:00+00:00,0.24,113.16,112.92
2025-06-13T10:00:00+00:00,-0.01,101.72,101.73
2025-06-13T11:00:00+00:00,-0.02,98.0,98.02
2025-06-13T12:00:00+00:00,-1.02,101.0,102.02
2025-06-13T13:00:00+00:00,-0.01,101.68,101.69000000000001
2025-06-13T14:00:00+00:00,0.93,114.56,113.63
2025-06-13T15:00:00+00:00,39.28,114.56,75.28
2025-06-13T16:00:00+00:00,61.37,122.36,60.99
2025-06-13T17:00:00+00:00,90.4,135.0,44.599999999999994
2025-06-13T18:00:00+00:00,105.47,147.23,41.75999999999999
2025-06-13T19:00:00+00:00,97.33,129.96,32.63000000000001
2025-06-13T20:00:00+00:00,97.18,115.74,18.559999999999988
2025-06-13T21:00:00+00:00,79.22,115.16,35.94
2025-06-13T22:00:00+00:00,82.1,125.0,42.900000000000006
2025-06-13T23:00:00+00:00,64.79,120.0,55.209999999999994
2025-06-14T00:00:00+00:00,37.16,116.1,78.94
2025-06-14T01:00:00+00:00,29.71,107.97,78.25999999999999
2025-06-14T02:00:00+00:00,25.46,108.0,82.53999999999999
2025-06-14T03:00:00+00:00,26.73,107.92,81.19
2025-06-14T04:00:00+00:00,24.97,112.25,87.28
2025-06-14T05:00:00+00:00,21.11,120.03,98.92
2025-06-14T06:00:00+00:00,12.76,118.0,105.24
2025-06-14T07:00:00+00:00,0.0,113.14,113.14
2025-06-14T08:00:00+00:00,-0.01,104.2,104.21000000000001
2025-06-14T09:00:00+00:00,-2.37,97.1,99.47
2025-06-14T10:00:00+00:00,-0.58,98.1,98.67999999999999
2025-06-14T11:00:00+00:00,-4.9,88.7,93.60000000000001
2025-06-14T12:00:00+00:00,-23.48,97.1,120.58
2025-06-14T13:00:00+00:00,-6.7,104.4,111.10000000000001
2025-06-14T14:00:00+00:00,-0.37,125.0,125.37
2025-06-14T15:00:00+00:00,8.87,127.77,118.89999999999999
2025-06-14T16:00:00+00:00,26.93,124.7,97.77000000000001
2025-06-14T17:00:00+00:00,36.27,133.62,97.35
2025-06-14T18:00:00+00:00,84.39,135.0,50.61
2025-06-14T19:00:00+00:00,67.94,131.62,63.68000000000001
2025-06-14T20:00:00+00:00,105.88,127.77,21.89
2025-06-14T21:00:00+00:00,92.4,119.39,26.989999999999995
2025-06-14T22:00:00+00:00,51.35,127.0,75.65
2025-06-14T23:00:00+00:00,28.31,130.0,101.69
2025-06-15T00:00:00+00:00,26.87,131.58,104.71000000000001
2025-06-15T01:00:00+00:00,21.88,128.4,106.52000000000001
2025-06-15T02:00:00+00:00,18.78,125.0,106.22
2025-06-15T03:00:00+00:00,17.86,125.0,107.14
2025-06-15T04:00:00+00:00,18.47,113.05,94.58
2025-06-15T05:00:00+00:00,15.13,105.0,89.87
2025-06-15T06:00:00+00:00,8.97,97.1,88.13
2025-06-15T07:00:00+00:00,4.55,97.1,92.55
2025-06-15T08:00:00+00:00,0.0,78.0,78.0
2025-06-15T09:00:00+00:00,-0.02,89.07,89.08999999999999
2025-06-15T10:00:00+00:00,-1.21,96.0,97.21
2025-06-15T11:00:00+00:00,-5.6,90.5,96.1
2025-06-15T12:00:00+00:00,-5.0,97.1,102.1
2025-06-15T13:00:00+00:00,-2.0,101.0,103.0
2025-06-15T14:00:00+00:00,-0.01,114.56,114.57000000000001
2025-06-15T15:00:00+00:00,-0.01,113.05,113.06
2025-06-15T16:00:00+00:00,12.37,120.0,107.63
2025-06-15T17:00:00+00:00,19.29,136.0,116.71000000000001
2025-06-15T18:00:00+00:00,33.96,142.97,109.00999999999999
2025-06-15T19:00:00+00:00,39.96,137.75,97.78999999999999
2025-06-15T20:00:00+00:00,61.7,133.23,71.52999999999999
2025-06-15T21:00:00+00:00,53.03,124.0,70.97
2025-06-15T22:00:00+00:00,24.99,121.3,96.31
2025-06-15T23:00:00+00:00,19.96,119.13,99.16999999999999
2025-06-16T00:00:00+00:00,16.58,110.48,93.9
2025-06-16T01:00:00+00:00,13.27,116.03,102.76
2025-06-16T02:00:00+00:00,12.35,114.56,102.21000000000001
2025-06-16T03:00:00+00:00,19.27,115.0,95.73
2025-06-16T04:00:00+00:00,22.05,123.64,101.59
2025-06-16T05:00:00+00:00,53.16,130.2,77.03999999999999
2025-06-16T06:00:00+00:00,58.49,133.56,75.07
2025-06-16T07:00:00+00:00,20.0,133.56,113.56
2025-06-16T08:00:00+00:00,4.5,123.92,119.42
2025-06-16T09:00:00+00:00,0.0,118.4,118.4
2025-06-16T10:00:00+00:00,0.0,104.31,104.31
2025-06-16T11:00:00+00:00,0.0,104.31,104.31
2025-06-16T12:00:00+00:00,0.0,115.0,115.0
2025-06-16T13:00:00+00:00,0.0,123.92,123.92
2025-06-16T14:00:00+00:00,1.03,130.0,128.97
2025-06-16T15:00:00+00:00,12.36,123.92,111.56
2025-06-16T16:00:00+00:00,75.3,127.17,51.870000000000005
2025-06-16T17:00:00+00:00,113.86,133.4,19.540000000000006
2025-06-16T18:00:00+00:00,108.36,136.4,28.040000000000006
2025-06-16T19:00:00+00:00,84.75,135.0,50.25
2025-06-16T20:00:00+00:00,106.59,129.1,22.50999999999999
2025-06-16T21:00:00+00:00,82.32,123.92,41.60000000000001
2025-06-16T22:00:00+00:00,55.73,105.0,49.27
2025-06-16T23:00:00+00:00,21.73,101.9,80.17
2025-06-17T00:00:00+00:00,25.89,107.83,81.94
2025-06-17T01:00:00+00:00,25.45,105.61,80.16
2025-06-17T02:00:00+00:00,13.47,101.9,88.43
2025-06-17T03:00:00+00:00,30.38,104.25,73.87
2025-06-17T04:00:00+00:00,37.45,117.31,79.86
2025-06-17T05:00:00+00:00,57.51,134.26,76.75
2025-06-17T06:00:00+00:00,67.17,135.0,67.83
2025-06-17T07:00:00+00:00,38.01,134.26,96.25
2025-06-17T08:00:00+00:00,4.48,129.16,124.67999999999999
2025-06-17T09:00:00+00:00,0.0,120.0,120.0
2025-06-17T10:00:00+00:00,-0.01,97.1,97.11
2025-06-17T11:00:00+00:00,-0.01,93.0,93.01
2025-06-17T12:00:00+00:00,-0.01,97.69,97.7
2025-06-17T13:00:00+00:00,0.05,104.91,104.86
2025-06-17T14:00:00+00:00,12.8,105.0,92.2
2025-06-17T15:00:00+00:00,50.91,106.49,55.58
2025-06-17T16:00:00+00:00,94.78,120.1,25.319999999999993
2025-06-17T17:00:00+00:00,115.0,130.0,15.0
2025-06-17T18:00:00+00:00,126.68,134.26,7.579999999999984
2025-06-17T19:00:00+00:00,115.67,122.65,6.980000000000004
2025-06-17T20:00:00+00:00,122.86,122.86,0.0
2025-06-17T21:00:00+00:00,114.9,116.1,1.1999999999999886
2025-06-17T22:00:00+00:00,99.3,118.23,18.930000000000007
2025-06-17T23:00:00+00:00,87.44,111.94,24.5
2025-06-18T00:00:00+00:00,95.03,111.95,16.92
2025-06-18T01:00:00+00:00,72.94,110.83,37.89
2025-06-18T02:00:00+00:00,68.3,110.83,42.53
2025-06-18T03:00:00+00:00,61.53,108.9,47.370000000000005
2025-06-18T04:00:00+00:00,77.0,125.9,48.900000000000006
2025-06-18T05:00:00+00:00,98.69,140.0,41.31
2025-06-18T06:00:00+00:00,104.56,135.0,30.439999999999998
2025-06-18T07:00:00+00:00,60.67,122.96,62.28999999999999
2025-06-18T08:00:00+00:00,21.81,112.0,90.19
2025-06-18T09:00:00+00:00,1.17,105.78,104.61
2025-06-18T10:00:00+00:00,0.0,104.41,104.41
2025-06-18T11:00:00+00:00,-0.01,107.0,107.01
2025-06-18T12:00:00+00:00,0.0,108.9,108.9
2025-06-18T13:00:00+00:00,2.71,106.49,103.78
2025-06-18T14:00:00+00:00,6.27,113.74,107.47
2025-06-18T15:00:00+00:00,52.91,117.15,64.24000000000001
2025-06-18T16:00:00+00:00,75.01,135.0,59.989999999999995
2025-06-18T17:00:00+00:00,114.64,146.11,31.470000000000013
2025-06-18T18:00:00+00:00,124.9,146.11,21.210000000000008
2025-06-18T19:00:00+00:00,111.6,140.73,29.129999999999995
2025-06-18T20:00:00+00:00,128.32,133.06,4.740000000000009
2025-06-18T21:00:00+00:00,99.01,121.0,21.989999999999995
2025-06-18T22:00:00+00:00,98.07,114.42,16.35000000000001
2025-06-18T23:00:00+00:00,50.89,110.16,59.269999999999996
2025-06-19T00:00:00+00:00,41.39,108.9,67.51
2025-06-19T01:00:00+00:00,23.71,103.2,79.49000000000001
2025-06-19T02:00:00+00:00,18.21,103.2,84.99000000000001
2025-06-19T03:00:00+00:00,24.4,103.2,78.80000000000001
2025-06-19T04:00:00+00:00,38.2,120.0,81.8
2025-06-19T05:00:00+00:00,65.05,132.9,67.85000000000001
2025-06-19T06:00:00+00:00,41.98,133.2,91.22
2025-06-19T07:00:00+00:00,16.85,125.0,108.15
2025-06-19T08:00:00+00:00,-0.01,113.81,113.82000000000001
2025-06-19T09:00:00+00:00,-0.01,108.5,108.51
2025-06-19T10:00:00+00:00,-0.01,107.47,107.48
2025-06-19T11:00:00+00:00,-0.02,108.5,108.52
2025-06-19T12:00:00+00:00,-0.06,115.0,115.06
2025-06-19T13:00:00+00:00,-0.1,127.0,127.1
2025-06-19T14:00:00+00:00,2.71,137.23,134.51999999999998
2025-06-19T15:00:00+00:00,18.92,134.8,115.88000000000001
2025-06-19T16:00:00+00:00,82.6,137.23,54.629999999999995
2025-06-19T17:00:00+00:00,118.47,140.0,21.53
2025-06-19T18:00:00+00:00,126.02,142.21,16.190000000000012
2025-06-19T19:00:00+00:00,111.61,140.0,28.39
2025-06-19T20:00:00+00:00,124.64,132.0,7.359999999999999
2025-06-19T21:00:00+00:00,105.01,125.66,20.64999999999999
2025-06-19T22:00:00+00:00,102.33,125.0,22.67
2025-06-19T23:00:00+00:00,71.17,116.38,45.209999999999994
2025-06-20T00:00:00+00:00,65.43,111.16,45.72999999999999
2025-06-20T01:00:00+00:00,45.84,108.0,62.16
2025-06-20T02:00:00+00:00,44.57,104.08,59.51
2025-06-20T03:00:00+00:00,57.44,109.29,51.85000000000001
2025-06-20T04:00:00+00:00,81.7,119.67,37.97
2025-06-20T05:00:00+00:00,111.1,120.0,8.900000000000006
2025-06-20T06:00:00+00:00,109.76,120.53,10.769999999999996
2025-06-20T07:00:00+00:00,81.49,113.25,31.760000000000005
2025-06-20T08:00:00+00:00,26.73,110.0,83.27
2025-06-20T09:00:00+00:00,8.05,104.81,96.76
2025-06-20T10:00:00+00:00,3.85,102.43,98.58000000000001
2025-06-20T11:00:00+00:00,0.07,102.02,101.95
2025-06-20T12:00:00+00:00,0.02,102.9,102.88000000000001
2025-06-20T13:00:00+00:00,1.39,112.35,110.96
2025-06-20T14:00:00+00:00,31.96,117.5,85.53999999999999
2025-06-20T15:00:00+00:00,88.0,117.54,29.540000000000006
2025-06-20T16:00:00+00:00,111.79,125.19,13.399999999999991
2025-06-20T17:00:00+00:00,128.94,135.72,6.780000000000001
2025-06-20T18:00:00+00:00,140.0,140.0,0.0
2025-06-20T19:00:00+00:00,142.18,142.18,0.0
2025-06-20T20:00:00+00:00,137.05,137.05,0.0
2025-06-20T21:00:00+00:00,121.38,121.38,0.0
2025-06-20T22:00:00+00:00,118.53,120.0,1.4699999999999989
2025-06-20T23:00:00+00:00,110.48,112.47,1.9899999999999949
2025-06-21T00:00:00+00:00,108.15,108.15,0.0
2025-06-21T01:00:00+00:00,98.03,107.89,9.86
2025-06-21T02:00:00+00:00,81.62,108.35,26.72999999999999
2025-06-21T03:00:00+00:00,92.27,108.0,15.730000000000004
2025-06-21T04:00:00+00:00,98.79,110.0,11.209999999999994
2025-06-21T05:00:00+00:00,90.74,116.68,25.940000000000012
2025-06-21T06:00:00+00:00,75.93,111.71,35.77999999999999
2025-06-21T07:00:00+00:00,23.4,97.1,73.69999999999999
2025-06-21T08:00:00+00:00,2.5,92.97,90.47
2025-06-21T09:00:00+00:00,0.0,97.1,97.1
2025-06-21T10:00:00+00:00,0.0,93.2,93.2
2025-06-21T11:00:00+00:00,0.0,81.71,81.71
2025-06-21T12:00:00+00:00,0.0,92.86,92.86
2025-06-21T13:00:00+00:00,0.0,97.1,97.1
2025-06-21T14:00:00+00:00,0.1,104.0,103.9
2025-06-21T15:00:00+00:00,60.4,115.45,55.050000000000004
2025-06-21T16:00:00+00:00,98.64,122.0,23.36
2025-06-21T17:00:00+00:00,127.53,133.44,5.909999999999997
2025-06-21T18:00:00+00:00,141.99,141.99,0.0
2025-06-21T19:00:00+00:00,134.93,138.99,4.060000000000002
2025-06-21T20:00:00+00:00,138.81,138.81,0.0
2025-06-21T21:00:00+00:00,119.48,127.0,7.519999999999996
2025-06-21T22:00:00+00:00,77.02,109.36,32.34
2025-06-21T23:00:00+00:00,59.91,100.92,41.010000000000005
2025-06-22T00:00:00+00:00,39.84,95.93,56.09
2025-06-22T01:00:00+00:00,30.33,93.39,63.06
2025-06-22T02:00:00+00:00,25.0,93.37,68.37
2025-06-22T03:00:00+00:00,27.95,93.37,65.42
2025-06-22T04:00:00+00:00,28.27,97.1,68.83
2025-06-22T05:00:00+00:00,26.44,107.38,80.94
2025-06-22T06:00:00+00:00,0.0,97.1,97.1
2025-06-22T07:00:00+00:00,-0.09,97.93,98.02000000000001
2025-06-22T08:00:00+00:00,-11.11,97.1,108.21
2025-06-22T09:00:00+00:00,-33.1,92.87,125.97
2025-06-22T10:00:00+00:00,-51.14,90.0,141.14
2025-06-22T11:00:00+00:00,-78.05,70.03,148.07999999999998
2025-06-22T12:00:00+00:00,-64.35,60.0,124.35
2025-06-22T13:00:00+00:00,-32.8,92.89,125.69
2025-06-22T14:00:00+00:00,-7.49,95.07,102.55999999999999
2025-06-22T15:00:00+00:00,0.0,97.1,97.1
2025-06-22T16:00:00+00:00,27.56,121.0,93.44
2025-06-22T17:00:00+00:00,71.14,132.54,61.39999999999999
2025-06-22T18:00:00+00:00,114.12,140.0,25.879999999999995
2025-06-22T19:00:00+00:00,115.32,135.4,20.080000000000013
2025-06-22T20:00:00+00:00,112.43,127.45,15.019999999999996
2025-06-22T21:00:00+00:00,101.63,120.0,18.370000000000005
2025-06-22T22:00:00+00:00,41.21,117.28,76.07
2025-06-22T23:00:00+00:00,23.6,114.5,90.9
2025-06-23T00:00:00+00:00,15.66,104.09,88.43
2025-06-23T01:00:00+00:00,12.29,110.21,97.91999999999999
2025-06-23T02:00:00+00:00,12.2,114.21,102.00999999999999
2025-06-23T03:00:00+00:00,12.51,117.5,104.99
2025-06-23T04:00:00+00:00,19.63,131.29,111.66
2025-06-23T05:00:00+00:00,26.0,144.0,118.0
2025-06-23T06:00:00+00:00,38.41,168.35,129.94
2025-06-23T07:00:00+00:00,14.96,153.37,138.41
2025-06-23T08:00:00+00:00,0.02,133.0,132.98
2025-06-23T09:00:00+00:00,-0.01,132.87,132.88
2025-06-23T10:00:00+00:00,-1.98,132.87,134.85
2025-06-23T11:00:00+00:00,-8.89,133.0,141.89
2025-06-23T12:00:00+00:00,-17.32,135.0,152.32
2025-06-23T13:00:00+00:00,-9.53,133.86,143.39000000000001
2025-06-23T14:00:00+00:00,-0.06,143.99,144.05
2025-06-23T15:00:00+00:00,0.0,139.0,139.0
2025-06-23T16:00:00+00:00,20.98,153.37,132.39000000000001
2025-06-23T17:00:00+00:00,47.44,163.01,115.57
2025-06-23T18:00:00+00:00,94.98,159.43,64.45
2025-06-23T19:00:00+00:00,100.15,153.37,53.22
2025-06-23T20:00:00+00:00,106.5,133.0,26.5
2025-06-23T21:00:00+00:00,94.55,132.87,38.32000000000001
2025-06-23T22:00:00+00:00,81.34,132.22,50.879999999999995
2025-06-23T23:00:00+00:00,66.17,123.54,57.370000000000005
2025-06-24T00:00:00+00:00,63.79,120.15,56.36000000000001
2025-06-24T01:00:00+00:00,45.14,119.77,74.63
2025-06-24T02:00:00+00:00,46.62,119.77,73.15
2025-06-24T03:00:00+00:00,71.3,119.77,48.47
2025-06-24T04:00:00+00:00,84.53,123.54,39.010000000000005
2025-06-24T05:00:00+00:00,90.09,132.22,42.129999999999995
2025-06-24T06:00:00+00:00,73.55,133.88,60.33
2025-06-24T07:00:00+00:00,37.04,132.22,95.18
2025-06-24T08:00:00+00:00,1.34,130.0,128.66
2025-06-24T09:00:00+00:00,0.0,123.07,123.07
2025-06-24T10:00:00+00:00,-0.01,122.71,122.72
2025-06-24T11:00:00+00:00,-0.01,121.21,121.22
2025-06-24T12:00:00+00:00,-0.03,123.67,123.7
2025-06-24T13:00:00+00:00,-0.01,129.14,129.14999999999998
2025-06-24T14:00:00+00:00,7.5,125.0,117.5
2025-06-24T15:00:00+00:00,20.06,132.22,112.16
2025-06-24T16:00:00+00:00,71.95,145.0,73.05
2025-06-24T17:00:00+00:00,104.61,155.59,50.980000000000004
2025-06-24T18:00:00+00:00,125.4,157.96,32.56
2025-06-24T19:00:00+00:00,125.49,161.0,35.510000000000005
2025-06-24T20:00:00+00:00,131.91,154.44,22.53
2025-06-24T21:00:00+00:00,102.48,144.26,41.77999999999999
2025-06-24T22:00:00+00:00,84.5,123.05,38.55
2025-06-24T23:00:00+00:00,74.31,124.04,49.730000000000004
2025-06-25T00:00:00+00:00,75.51,119.7,44.19
2025-06-25T01:00:00+00:00,74.94,119.63,44.69
2025-06-25T02:00:00+00:00,76.39,119.63,43.239999999999995
2025-06-25T03:00:00+00:00,83.45,124.04,40.59
2025-06-25T04:00:00+00:00,103.14,123.0,19.86
2025-06-25T05:00:00+00:00,109.54,124.04,14.5
2025-06-25T06:00:00+00:00,104.74,125.0,20.260000000000005
2025-06-25T07:00:00+00:00,85.23,123.0,37.769999999999996
2025-06-25T08:00:00+00:00,42.63,115.66,73.03
2025-06-25T09:00:00+00:00,27.98,112.54,84.56
2025-06-25T10:00:00+00:00,15.0,112.24,97.24
2025-06-25T11:00:00+00:00,5.79,111.15,105.36
2025-06-25T12:00:00+00:00,7.94,114.39,106.45
2025-06-25T13:00:00+00:00,13.4,114.6,101.19999999999999
2025-06-25T14:00:00+00:00,27.13,120.65,93.52000000000001
2025-06-25T15:00:00+00:00,87.09,120.2,33.11
2025-06-25T16:00:00+00:00,107.05,140.5,33.45
2025-06-25T17:00:00+00:00,135.0,152.0,17.0
2025-06-25T18:00:00+00:00,143.33,161.0,17.669999999999987
2025-06-25T19:00:00+00:00,141.89,163.99,22.100000000000023
2025-06-25T20:00:00+00:00,135.0,155.0,20.0
2025-06-25T21:00:00+00:00,102.26,129.86,27.60000000000001
2025-06-25T22:00:00+00:00,119.95,119.95,0.0
2025-06-25T23:00:00+00:00,99.63,111.59,11.960000000000008
2025-06-26T00:00:00+00:00,93.02,111.0,17.980000000000004
2025-06-26T01:00:00+00:00,76.2,114.69,38.489999999999995
2025-06-26T02:00:00+00:00,77.45,114.05,36.599999999999994
2025-06-26T03:00:00+00:00,79.62,114.09,34.47
2025-06-26T04:00:00+00:00,84.95,117.67,32.72
2025-06-26T05:00:00+00:00,114.4,121.51,7.109999999999999
2025-06-26T06:00:00+00:00,106.79,129.82,23.029999999999987
2025-06-26T07:00:00+00:00,85.0,119.7,34.7
2025-06-26T08:00:00+00:00,69.02,116.85,47.83
2025-06-26T09:00:00+00:00,64.44,115.16,50.72
2025-06-26T10:00:00+00:00,62.59,113.99,51.39999999999999
2025-06-26T11:00:00+00:00,45.64,113.87,68.23
2025-06-26T12:00:00+00:00,37.39,115.48,78.09
2025-06-26T13:00:00+00:00,36.2,115.0,78.8
2025-06-26T14:00:00+00:00,37.39,117.03,79.64
2025-06-26T15:00:00+00:00,59.13,117.41,58.279999999999994
2025-06-26T16:00:00+00:00,80.09,134.95,54.859999999999985
2025-06-26T17:00:00+00:00,97.81,152.0,54.19
2025-06-26T18:00:00+00:00,114.53,146.0,31.47
2025-06-26T19:00:00+00:00,110.61,145.0,34.39
2025-06-26T20:00:00+00:00,112.12,134.0,21.879999999999995
2025-06-26T21:00:00+00:00,99.84,129.0,29.159999999999997
2025-06-26T22:00:00+00:00,87.72,117.01,29.290000000000006
2025-06-26T23:00:00+00:00,85.58,114.28,28.700000000000003
2025-06-27T00:00:00+00:00,85.15,113.67,28.519999999999996
2025-06-27T01:00:00+00:00,86.03,113.23,27.200000000000003
2025-06-27T02:00:00+00:00,82.39,113.04,30.650000000000006
2025-06-27T03:00:00+00:00,89.38,112.28,22.900000000000006
2025-06-27T04:00:00+00:00,97.99,114.28,16.290000000000006
2025-06-27T05:00:00+00:00,113.2,119.02,5.819999999999993
2025-06-27T06:00:00+00:00,107.7,116.18,8.480000000000004
2025-06-27T07:00:00+00:00,92.91,117.11,24.200000000000003
2025-06-27T08:00:00+00:00,79.56,115.0,35.44
2025-06-27T09:00:00+00:00,67.45,112.44,44.989999999999995
2025-06-27T10:00:00+00:00,54.6,104.38,49.779999999999994
2025-06-27T11:00:00+00:00,35.3,103.76,68.46000000000001
2025-06-27T12:00:00+00:00,20.96,104.0,83.03999999999999
2025-06-27T13:00:00+00:00,19.7,107.77,88.07
2025-06-27T14:00:00+00:00,36.78,115.0,78.22
2025-06-27T15:00:00+00:00,71.87,115.81,43.94
2025-06-27T16:00:00+00:00,88.27,123.14,34.870000000000005
2025-06-27T17:00:00+00:00,109.29,145.0,35.709999999999994
2025-06-27T18:00:00+00:00,116.83,148.56,31.730000000000004
2025-06-27T19:00:00+00:00,134.94,142.55,7.610000000000014
2025-06-27T20:00:00+00:00,125.71,130.05,4.340000000000018
2025-06-27T21:00:00+00:00,107.86,117.0,9.14
2025-06-27T22:00:00+00:00,95.11,112.98,17.870000000000005
2025-06-27T23:00:00+00:00,78.5,109.49,30.989999999999995
2025-06-28T00:00:00+00:00,65.57,107.52,41.95
2025-06-28T01:00:00+00:00,35.07,106.55,71.47999999999999
2025-06-28T02:00:00+00:00,51.29,102.59,51.300000000000004
2025-06-28T03:00:00+00:00,44.3,99.5,55.2
2025-06-28T04:00:00+00:00,31.81,97.1,65.28999999999999
2025-06-28T05:00:00+00:00,47.38,97.1,49.71999999999999
2025-06-28T06:00:00+00:00,27.8,90.64,62.84
2025-06-28T07:00:00+00:00,2.34,80.14,77.8
2025-06-28T08:00:00+00:00,0.01,75.0,74.99
2025-06-28T09:00:00+00:00,0.0,81.85,81.85
2025-06-28T10:00:00+00:00,-0.01,75.0,75.01
2025-06-28T11:00:00+00:00,-0.02,71.0,71.02
2025-06-28T12:00:00+00:00,-0.02,75.0,75.02
2025-06-28T13:00:00+00:00,-0.02,61.0,61.02
2025-06-28T14:00:00+00:00,2.12,73.03,70.91
2025-06-28T15:00:00+00:00,10.26,102.66,92.39999999999999
2025-06-28T16:00:00+00:00,65.0,108.44,43.44
2025-06-28T17:00:00+00:00,96.26,122.6,26.33999999999999
2025-06-28T18:00:00+00:00,110.0,131.93,21.930000000000007
2025-06-28T19:00:00+00:00,105.09,130.0,24.909999999999997
2025-06-28T20:00:00+00:00,117.48,120.38,2.8999999999999915
2025-06-28T21:00:00+00:00,103.5,116.3,12.799999999999997
2025-06-28T22:00:00+00:00,95.07,111.32,16.25
2025-06-28T23:00:00+00:00,89.42,105.1,15.679999999999993
2025-06-29T00:00:00+00:00,89.66,102.65,12.990000000000009
2025-06-29T01:00:00+00:00,86.82,105.0,18.180000000000007
2025-06-29T02:00:00+00:00,84.3,104.18,19.88000000000001
2025-06-29T03:00:00+00:00,85.3,102.17,16.870000000000005
2025-06-29T04:00:00+00:00,86.0,99.19,13.189999999999998
2025-06-29T05:00:00+00:00,74.71,94.69,19.980000000000004
2025-06-29T06:00:00+00:00,47.4,47.4,0.0
2025-06-29T07:00:00+00:00,3.75,12.64,8.89
2025-06-29T08:00:00+00:00,0.0,11.47,11.47
2025-06-29T09:00:00+00:00,-0.08,16.03,16.11
2025-06-29T10:00:00+00:00,-0.02,30.5,30.52
2025-06-29T11:00:00+00:00,-0.03,27.03,27.060000000000002
2025-06-29T12:00:00+00:00,-0.09,28.0,28.09
2025-06-29T13:00:00+00:00,-0.01,21.09,21.1
2025-06-29T14:00:00+00:00,0.0,37.03,37.03
2025-06-29T15:00:00+00:00,20.0,97.5,77.5
2025-06-29T16:00:00+00:00,79.38,114.6,35.22
2025-06-29T17:00:00+00:00,102.14,129.07,26.929999999999993
2025-06-29T18:00:00+00:00,111.98,136.75,24.769999999999996
2025-06-29T19:00:00+00:00,118.07,136.09,18.02000000000001
2025-06-29T20:00:00+00:00,113.73,127.7,13.969999999999999
2025-06-29T21:00:00+00:00,101.0,124.13,23.129999999999995
2025-06-29T22:00:00+00:00,98.73,115.06,16.33
2025-06-29T23:00:00+00:00,89.03,110.0,20.97
2025-06-30T00:00:00+00:00,85.03,108.43,23.400000000000006
2025-06-30T01:00:00+00:00,84.13,105.0,20.870000000000005
2025-06-30T02:00:00+00:00,82.98,101.7,18.72
2025-06-30T03:00:00+00:00,82.02,108.43,26.41000000000001
2025-06-30T04:00:00+00:00,97.73,112.31,14.579999999999998
2025-06-30T05:00:00+00:00,111.68,111.68,0.0
2025-06-30T06:00:00+00:00,108.58,113.85,5.269999999999996
2025-06-30T07:00:00+00:00,92.42,113.37,20.950000000000003
2025-06-30T08:00:00+00:00,79.83,109.53,29.700000000000003
2025-06-30T09:00:00+00:00,69.05,108.88,39.83
2025-06-30T10:00:00+00:00,52.44,107.36,54.92
2025-06-30T11:00:00+00:00,46.31,108.43,62.120000000000005
2025-06-30T12:00:00+00:00,51.53,110.05,58.519999999999996
2025-06-30T13:00:00+00:00,64.76,111.24,46.47999999999999
2025-06-30T14:00:00+00:00,83.83,120.38,36.55
2025-06-30T15:00:00+00:00,93.57,120.5,26.930000000000007
2025-06-30T16:00:00+00:00,110.65,120.44,9.789999999999992
2025-06-30T17:00:00+00:00,178.94,178.94,0.0
2025-06-30T18:00:00+00:00,185.0,185.0,0.0
2025-06-30T19:00:00+00:00,175.01,175.01,0.0
2025-06-30T20:00:00+00:00,157.0,157.0,0.0
2025-06-30T21:00:00+00:00,122.65,122.65,0.0
2025-06-30T22:00:00+00:00,111.28,114.53,3.25
2025-06-30T23:00:00+00:00,95.41,108.49,13.079999999999998
2025-07-01T00:00:00+00:00,89.1,108.0,18.900000000000006
2025-07-01T01:00:00+00:00,88.08,101.27,13.189999999999998
2025-07-01T02:00:00+00:00,90.01,103.2,13.189999999999998
2025-07-01T03:00:00+00:00,96.64,105.0,8.36
2025-07-01T04:00:00+00:00,114.97,114.97,0.0
2025-07-01T05:00:00+00:00,120.06,120.06,0.0
2025-07-01T06:00:00+00:00,114.74,117.24,2.5
2025-07-01T07:00:00+00:00,93.19,118.81,25.620000000000005
2025-07-01T08:00:00+00:00,94.91,112.33,17.42
2025-07-01T09:00:00+00:00,80.7,115.0,34.3
2025-07-01T10:00:00+00:00,75.11,114.46,39.349999999999994
2025-07-01T11:00:00+00:00,65.53,114.82,49.28999999999999
2025-07-01T12:00:00+00:00,68.95,119.68,50.730000000000004
2025-07-01T13:00:00+00:00,78.16,118.78,40.620000000000005
2025-07-01T14:00:00+00:00,90.8,118.81,28.010000000000005
2025-07-01T15:00:00+00:00,102.65,115.0,12.349999999999994
2025-07-01T16:00:00+00:00,150.0,150.0,0.0
2025-07-01T17:00:00+00:00,223.54,223.54,0.0
2025-07-01T18:00:00+00:00,235.0,235.0,0.0
2025-07-01T19:00:00+00:00,215.0,215.0,0.0
2025-07-01T20:00:00+00:00,199.3,199.3,0.0
2025-07-01T21:00:00+00:00,129.78,129.78,0.0
2025-07-01T22:00:00+00:00,119.29,119.29,0.0
2025-07-01T23:00:00+00:00,102.71,113.97,11.260000000000005
2025-07-02T00:00:00+00:00,92.54,112.83,20.289999999999992
2025-07-02T01:00:00+00:00,92.08,109.5,17.42
2025-07-02T02:00:00+00:00,85.08,106.85,21.769999999999996
2025-07-02T03:00:00+00:00,93.47,111.83,18.36
2025-07-02T04:00:00+00:00,103.68,113.9,10.219999999999999
2025-07-02T05:00:00+00:00,107.8,119.6,11.799999999999997
2025-07-02T06:00:00+00:00,104.52,124.87,20.35000000000001
2025-07-02T07:00:00+00:00,92.73,119.96,27.22999999999999
2025-07-02T08:00:00+00:00,81.79,115.0,33.209999999999994
2025-07-02T09:00:00+00:00,76.39,112.99,36.599999999999994
2025-07-02T10:00:00+00:00,70.64,105.64,35.0
2025-07-02T11:00:00+00:00,50.29,108.0,57.71
2025-07-02T12:00:00+00:00,54.02,112.97,58.949999999999996
2025-07-02T13:00:00+00:00,71.57,117.96,46.39
2025-07-02T14:00:00+00:00,79.98,119.23,39.25
2025-07-02T15:00:00+00:00,87.61,122.96,35.349999999999994
2025-07-02T16:00:00+00:00,87.68,140.0,52.31999999999999
2025-07-02T17:00:00+00:00,119.03,190.4,71.37
2025-07-02T18:00:00+00:00,119.8,200.0,80.2
2025-07-02T19:00:00+00:00,126.16,158.31,32.150000000000006
2025-07-02T20:00:00+00:00,125.1,137.24,12.140000000000015
2025-07-02T21:00:00+00:00,108.51,113.66,5.1499999999999915
2025-07-02T22:00:00+00:00,85.0,113.27,28.269999999999996
2025-07-02T23:00:00+00:00,81.62,114.4,32.78
2025-07-03T00:00:00+00:00,79.0,111.19,32.19
2025-07-03T01:00:00+00:00,78.93,113.09,34.16
2025-07-03T02:00:00+00:00,80.88,111.95,31.070000000000007
2025-07-03T03:00:00+00:00,86.45,110.11,23.659999999999997
2025-07-03T04:00:00+00:00,94.83,113.09,18.260000000000005
2025-07-03T05:00:00+00:00,101.77,114.3,12.530000000000001
2025-07-03T06:00:00+00:00,104.9,116.56,11.659999999999997
2025-07-03T07:00:00+00:00,90.45,118.31,27.86
2025-07-03T08:00:00+00:00,75.06,115.0,39.94
2025-07-03T09:00:00+00:00,57.35,113.27,55.919999999999995
2025-07-03T10:00:00+00:00,42.16,111.95,69.79
2025-07-03T11:00:00+00:00,34.82,113.09,78.27000000000001
2025-07-03T12:00:00+00:00,36.84,115.0,78.16
2025-07-03T13:00:00+00:00,56.67,115.0,58.33
2025-07-03T14:00:00+00:00,64.71,115.26,50.55000000000001
2025-07-03T15:00:00+00:00,81.0,118.08,37.08
2025-07-03T16:00:00+00:00,96.34,131.6,35.25999999999999
2025-07-03T17:00:00+00:00,109.0,147.3,38.30000000000001
2025-07-03T18:00:00+00:00,118.8,159.05,40.250000000000014
2025-07-03T19:00:00+00:00,105.87,159.69,53.81999999999999
2025-07-03T20:00:00+00:00,106.8,138.0,31.200000000000003
2025-07-03T21:00:00+00:00,86.57,117.08,30.510000000000005
2025-07-03T22:00:00+00:00,97.8,131.28,33.480000000000004
2025-07-03T23:00:00+00:00,83.0,119.0,36.0
2025-07-04T00:00:00+00:00,85.37,115.88,30.50999999999999
2025-07-04T01:00:00+00:00,75.8,115.88,40.08
2025-07-04T02:00:00+00:00,67.39,117.0,49.61
2025-07-04T03:00:00+00:00,78.65,117.0,38.349999999999994
2025-07-04T04:00:00+00:00,83.59,126.78,43.19
2025-07-04T05:00:00+00:00,103.48,121.3,17.819999999999993
2025-07-04T06:00:00+00:00,100.0,125.4,25.400000000000006
2025-07-04T07:00:00+00:00,91.15,123.04,31.89
2025-07-04T08:00:00+00:00,70.01,115.69,45.67999999999999
2025-07-04T09:00:00+00:00,20.64,115.41,94.77
2025-07-04T10:00:00+00:00,22.64,118.66,96.02
2025-07-04T11:00:00+00:00,12.34,119.11,106.77
2025-07-04T12:00:00+00:00,12.2,125.91,113.71
2025-07-04T13:00:00+00:00,25.2,122.38,97.17999999999999
2025-07-04T14:00:00+00:00,21.88,130.0,108.12
2025-07-04T15:00:00+00:00,62.04,127.73,65.69
2025-07-04T16:00:00+00:00,90.02,140.5,50.480000000000004
2025-07-04T17:00:00+00:00,108.5,145.0,36.5
2025-07-04T18:00:00+00:00,111.6,150.0,38.400000000000006
2025-07-04T19:00:00+00:00,109.13,149.91,40.78
2025-07-04T20:00:00+00:00,111.8,129.44,17.64
2025-07-04T21:00:00+00:00,96.25,120.64,24.39
2025-07-04T22:00:00+00:00,41.53,127.8,86.27
2025-07-04T23:00:00+00:00,36.29,124.53,88.24000000000001
2025-07-05T00:00:00+00:00,37.33,125.0,87.67
2025-07-05T01:00:00+00:00,30.42,123.8,93.38
2025-07-05T02:00:00+00:00,30.27,120.0,89.73
2025-07-05T03:00:00+00:00,28.73,119.0,90.27
2025-07-05T04:00:00+00:00,28.08,118.0,89.92
2025-07-05T05:00:00+00:00,39.34,120.5,81.16
2025-07-05T06:00:00+00:00,17.86,120.84,102.98
2025-07-05T07:00:00+00:00,3.34,125.61,122.27
2025-07-05T08:00:00+00:00,0.0,114.77,114.77
2025-07-05T09:00:00+00:00,-0.01,113.61,113.62
2025-07-05T10:00:00+00:00,-0.02,105.1,105.11999999999999
2025-07-05T11:00:00+00:00,-0.1,105.1,105.19999999999999
2025-07-05T12:00:00+00:00,-0.11,105.1,105.21
2025-07-05T13:00:00+00:00,-0.02,105.1,105.11999999999999
2025-07-05T14:00:00+00:00,0.37,115.0,114.63
2025-07-05T15:00:00+00:00,6.2,125.53,119.33
2025-07-05T16:00:00+00:00,41.25,130.0,88.75
2025-07-05T17:00:00+00:00,75.04,141.48,66.43999999999998
2025-07-05T18:00:00+00:00,67.67,134.4,66.73
2025-07-05T19:00:00+00:00,72.74,130.0,57.260000000000005
2025-07-05T20:00:00+00:00,100.32,127.61,27.290000000000006
2025-07-05T21:00:00+00:00,94.02,123.8,29.78
2025-07-05T22:00:00+00:00,86.18,120.0,33.81999999999999
2025-07-05T23:00:00+00:00,72.55,118.5,45.95
2025-07-06T00:00:00+00:00,57.04,115.0,57.96
2025-07-06T01:00:00+00:00,41.43,118.0,76.57
2025-07-06T02:00:00+00:00,39.28,115.0,75.72
2025-07-06T03:00:00+00:00,36.98,111.01,74.03
2025-07-06T04:00:00+00:00,33.94,116.84,82.9
2025-07-06T05:00:00+00:00,32.11,113.01,80.9
2025-07-06T06:00:00+00:00,35.35,105.1,69.75
2025-07-06T07:00:00+00:00,11.14,103.83,92.69
2025-07-06T08:00:00+00:00,18.49,85.57,67.08
2025-07-06T09:00:00+00:00,14.94,72.36,57.42
2025-07-06T10:00:00+00:00,12.69,79.0,66.31
2025-07-06T11:00:00+00:00,9.58,71.0,61.42
2025-07-06T12:00:00+00:00,2.99,70.0,67.01
2025-07-06T13:00:00+00:00,0.65,94.52,93.86999999999999
2025-07-06T14:00:00+00:00,0.65,107.19,106.53999999999999
2025-07-06T15:00:00+00:00,0.65,108.29,107.64
2025-07-06T16:00:00+00:00,11.22,119.99,108.77
2025-07-06T17:00:00+00:00,31.53,126.91,95.38
2025-07-06T18:00:00+00:00,31.61,130.0,98.39
2025-07-06T19:00:00+00:00,35.61,134.63,99.02
2025-07-06T20:00:00+00:00,70.19,129.86,59.670000000000016
2025-07-06T21:00:00+00:00,71.44,113.26,41.82000000000001
2025-07-06T22:00:00+00:00,46.35,116.0,69.65
2025-07-06T23:00:00+00:00,35.82,110.0,74.18
2025-07-07T00:00:00+00:00,38.15,105.1,66.94999999999999
2025-07-07T01:00:00+00:00,25.44,103.53,78.09
2025-07-07T02:00:00+00:00,29.2,101.69,72.49
2025-07-07T03:00:00+00:00,35.85,108.7,72.85
2025-07-07T04:00:00+00:00,40.46,128.24,87.78
2025-07-07T05:00:00+00:00,38.13,134.66,96.53
2025-07-07T06:00:00+00:00,58.71,142.1,83.38999999999999
2025-07-07T07:00:00+00:00,57.5,127.95,70.45
2025-07-07T08:00:00+00:00,37.5,115.0,77.5
2025-07-07T09:00:00+00:00,18.01,105.1,87.08999999999999
2025-07-07T10:00:00+00:00,26.99,99.36,72.37
2025-07-07T11:00:00+00:00,8.13,100.7,92.57000000000001
2025-07-07T12:00:00+00:00,8.7,105.1,96.39999999999999
2025-07-07T13:00:00+00:00,5.0,108.66,103.66
2025-07-07T14:00:00+00:00,3.6,115.0,111.4
2025-07-07T15:00:00+00:00,4.31,118.36,114.05
2025-07-07T16:00:00+00:00,34.47,129.77,95.30000000000001
2025-07-07T17:00:00+00:00,54.37,145.34,90.97
2025-07-07T18:00:00+00:00,50.2,139.97,89.77
2025-07-07T19:00:00+00:00,54.66,138.0,83.34
2025-07-07T20:00:00+00:00,92.27,129.77,37.500000000000014
2025-07-07T21:00:00+00:00,78.98,113.76,34.78
2025-07-07T22:00:00+00:00,61.85,112.06,50.21
2025-07-07T23:00:00+00:00,43.45,107.32,63.86999999999999
2025-07-08T00:00:00+00:00,39.17,104.62,65.45
2025-07-08T01:00:00+00:00,31.81,102.5,70.69
2025-07-08T02:00:00+00:00,31.91,103.56,71.65
2025-07-08T03:00:00+00:00,30.1,105.1,75.0
2025-07-08T04:00:00+00:00,38.52,111.54,73.02000000000001
2025-07-08T05:00:00+00:00,61.13,118.0,56.87
2025-07-08T06:00:00+00:00,60.0,118.54,58.540000000000006
2025-07-08T07:00:00+00:00,18.01,115.0,96.99
2025-07-08T08:00:00+00:00,4.31,108.88,104.57
2025-07-08T09:00:00+00:00,1.72,108.66,106.94
2025-07-08T10:00:00+00:00,1.72,93.7,91.98
2025-07-08T11:00:00+00:00,0.0,97.5,97.5
2025-07-08T12:00:00+00:00,0.0,107.7,107.7
2025-07-08T13:00:00+00:00,0.0,114.66,114.66
2025-07-08T14:00:00+00:00,0.0,118.9,118.9
2025-07-08T15:00:00+00:00,11.78,111.75,99.97
2025-07-08T16:00:00+00:00,45.0,120.89,75.89
2025-07-08T17:00:00+00:00,60.39,129.28,68.89
2025-07-08T18:00:00+00:00,86.87,132.53,45.66
2025-07-08T19:00:00+00:00,82.46,132.92,50.459999999999994
2025-07-08T20:00:00+00:00,101.59,120.89,19.299999999999997
2025-07-08T21:00:00+00:00,88.16,114.66,26.5
2025-07-08T22:00:00+00:00,71.99,106.1,34.11
2025-07-08T23:00:00+00:00,39.37,105.1,65.72999999999999
2025-07-09T00:00:00+00:00,33.59,103.96,70.36999999999999
2025-07-09T01:00:00+00:00,23.37,105.1,81.72999999999999
2025-07-09T02:00:00+00:00,15.28,105.74,90.46
2025-07-09T03:00:00+00:00,54.77,107.78,53.01
2025-07-09T04:00:00+00:00,15.0,116.0,101.0
2025-07-09T05:00:00+00:00,61.47,120.0,58.53
2025-07-09T06:00:00+00:00,69.13,115.0,45.870000000000005
2025-07-09T07:00:00+00:00,61.61,102.13,40.519999999999996
2025-07-09T08:00:00+00:00,20.99,92.6,71.61
2025-07-09T09:00:00+00:00,0.0,90.0,90.0
2025-07-09T10:00:00+00:00,11.68,76.57,64.88999999999999
2025-07-09T11:00:00+00:00,1.38,76.03,74.65
2025-07-09T12:00:00+00:00,0.0,85.0,85.0
2025-07-09T13:00:00+00:00,5.0,93.45,88.45
2025-07-09T14:00:00+00:00,2.93,97.31,94.38
2025-07-09T15:00:00+00:00,30.02,92.09,62.07000000000001
2025-07-09T16:00:00+00:00,64.28,108.09,43.81
2025-07-09T17:00:00+00:00,103.96,123.0,19.040000000000006
2025-07-09T18:00:00+00:00,111.23,129.43,18.200000000000003
2025-07-09T19:00:00+00:00,95.16,130.43,35.27000000000001
2025-07-09T20:00:00+00:00,115.91,123.2,7.290000000000006
2025-07-09T21:00:00+00:00,97.37,118.72,21.349999999999994
2025-07-09T22:00:00+00:00,100.91,111.28,10.370000000000005
2025-07-09T23:00:00+00:00,95.73,107.38,11.649999999999991
2025-07-10T00:00:00+00:00,89.1,106.81,17.710000000000008
2025-07-10T01:00:00+00:00,66.89,106.9,40.010000000000005
2025-07-10T02:00:00+00:00,48.68,105.81,57.13
2025-07-10T03:00:00+00:00,60.43,106.33,45.9
2025-07-10T04:00:00+00:00,86.3,114.9,28.60000000000001
2025-07-10T05:00:00+00:00,90.47,119.3,28.83
2025-07-10T06:00:00+00:00,91.42,115.0,23.58
2025-07-10T07:00:00+00:00,79.29,110.25,30.959999999999994
2025-07-10T08:00:00+00:00,33.45,104.39,70.94
2025-07-10T09:00:00+00:00,19.99,96.53,76.54
2025-07-10T10:00:00+00:00,40.5,86.0,45.5
2025-07-10T11:00:00+00:00,17.59,86.0,68.41
2025-07-10T12:00:00+00:00,11.9,87.29,75.39
2025-07-10T13:00:00+00:00,16.49,90.0,73.51
2025-07-10T14:00:00+00:00,39.27,97.69,58.419999999999995
2025-07-10T15:00:00+00:00,49.39,105.1,55.709999999999994
2025-07-10T16:00:00+00:00,70.21,110.0,39.790000000000006
2025-07-10T17:00:00+00:00,99.99,124.9,24.91000000000001
2025-07-10T18:00:00+00:00,110.04,133.79,23.749999999999986
2025-07-10T19:00:00+00:00,100.16,130.28,30.120000000000005
2025-07-10T20:00:00+00:00,111.0,120.0,9.0
2025-07-10T21:00:00+00:00,93.65,118.77,25.11999999999999
2025-07-10T22:00:00+00:00,73.12,115.0,41.879999999999995
2025-07-10T23:00:00+00:00,62.48,109.0,46.52
2025-07-11T00:00:00+00:00,51.1,105.1,53.99999999999999
2025-07-11T01:00:00+00:00,50.61,102.03,51.42
2025-07-11T02:00:00+00:00,44.16,105.1,60.94
2025-07-11T03:00:00+00:00,39.78,106.73,66.95
2025-07-11T04:00:00+00:00,56.01,114.5,58.49
2025-07-11T05:00:00+00:00,65.82,130.0,64.18
2025-07-11T06:00:00+00:00,57.2,130.0,72.8
2025-07-11T07:00:00+00:00,60.05,118.0,57.95
2025-07-11T08:00:00+00:00,50.0,111.34,61.34
2025-07-11T09:00:00+00:00,28.35,105.1,76.75
2025-07-11T10:00:00+00:00,39.46,96.0,56.54
2025-07-11T11:00:00+00:00,28.11,87.92,59.81
2025-07-11T12:00:00+00:00,32.04,92.0,59.96
2025-07-11T13:00:00+00:00,22.38,105.0,82.62
2025-07-11T14:00:00+00:00,30.7,113.61,82.91
2025-07-11T15:00:00+00:00,47.85,131.41,83.56
2025-07-11T16:00:00+00:00,66.57,131.41,64.84
2025-07-11T17:00:00+00:00,77.7,145.04,67.33999999999999
2025-07-11T18:00:00+00:00,71.92,144.01,72.08999999999999
2025-07-11T19:00:00+00:00,61.92,130.0,68.08
2025-07-11T20:00:00+00:00,98.93,120.0,21.069999999999993
2025-07-11T21:00:00+00:00,89.99,130.0,40.010000000000005
2025-07-11T22:00:00+00:00,100.0,122.59,22.590000000000003
2025-07-11T23:00:00+00:00,90.03,115.0,24.97
2025-07-12T00:00:00+00:00,82.67,114.5,31.83
2025-07-12T01:00:00+00:00,70.05,110.0,39.95
2025-07-12T02:00:00+00:00,63.95,110.81,46.86
2025-07-12T03:00:00+00:00,71.87,113.39,41.519999999999996
2025-07-12T04:00:00+00:00,69.45,113.9,44.45
2025-07-12T05:00:00+00:00,70.89,109.0,38.11
2025-07-12T06:00:00+00:00,65.6,105.1,39.5
2025-07-12T07:00:00+00:00,59.78,103.52,43.739999999999995
2025-07-12T08:00:00+00:00,18.19,95.0,76.81
2025-07-12T09:00:00+00:00,3.0,84.67,81.67
2025-07-12T10:00:00+00:00,0.22,59.0,58.78
2025-07-12T11:00:00+00:00,0.0,48.43,48.43
2025-07-12T12:00:00+00:00,0.0,55.0,55.0
2025-07-12T13:00:00+00:00,0.22,58.74,58.52
2025-07-12T14:00:00+00:00,13.68,74.77,61.089999999999996
2025-07-12T15:00:00+00:00,35.0,92.0,57.0
2025-07-12T16:00:00+00:00,50.08,114.5,64.42
2025-07-12T17:00:00+00:00,75.4,129.24,53.84
2025-07-12T18:00:00+00:00,107.75,129.24,21.49000000000001
2025-07-12T19:00:00+00:00,99.72,129.24,29.52000000000001
2025-07-12T20:00:00+00:00,117.17,124.89,7.719999999999999
2025-07-12T21:00:00+00:00,105.98,120.0,14.019999999999996
2025-07-12T22:00:00+00:00,95.66,117.01,21.35000000000001
2025-07-12T23:00:00+00:00,87.25,115.0,27.75
2025-07-13T00:00:00+00:00,74.89,111.97,37.08
2025-07-13T01:00:00+00:00,60.72,113.39,52.67
2025-07-13T02:00:00+00:00,55.25,113.0,57.75
2025-07-13T03:00:00+00:00,54.07,112.0,57.93
2025-07-13T04:00:00+00:00,51.09,113.63,62.53999999999999
2025-07-13T05:00:00+00:00,62.31,109.24,46.92999999999999
2025-07-13T06:00:00+00:00,55.0,109.84,54.84
2025-07-13T07:00:00+00:00,22.5,112.0,89.5
2025-07-13T08:00:00+00:00,4.28,106.81,102.53
2025-07-13T09:00:00+00:00,0.05,100.0,99.95
2025-07-13T10:00:00+00:00,0.0,81.15,81.15
2025-07-13T11:00:00+00:00,0.0,63.68,63.68
2025-07-13T12:00:00+00:00,0.0,70.74,70.74
2025-07-13T13:00:00+00:00,0.0,82.04,82.04
2025-07-13T14:00:00+00:00,1.0,94.22,93.22
2025-07-13T15:00:00+00:00,9.37,94.33,84.96
2025-07-13T16:00:00+00:00,30.39,110.0,79.61
2025-07-13T17:00:00+00:00,70.1,125.0,54.900000000000006
2025-07-13T18:00:00+00:00,107.69,129.55,21.860000000000014
2025-07-13T19:00:00+00:00,122.8,129.33,6.530000000000015
2025-07-13T20:00:00+00:00,126.94,126.94,0.0
2025-07-13T21:00:00+00:00,114.4,117.0,2.5999999999999943
2025-07-13T22:00:00+00:00,85.26,117.01,31.75
2025-07-13T23:00:00+00:00,71.56,113.38,41.81999999999999
2025-07-14T00:00:00+00:00,49.28,110.28,61.0
2025-07-14T01:00:00+00:00,51.95,110.0,58.05
2025-07-14T02:00:00+00:00,41.39,109.47,68.08
2025-07-14T03:00:00+00:00,35.78,112.09,76.31
2025-07-14T04:00:00+00:00,40.19,120.35,80.16
2025-07-14T05:00:00+00:00,31.17,130.0,98.83
2025-07-14T06:00:00+00:00,28.27,131.28,103.01
2025-07-14T07:00:00+00:00,38.53,122.0,83.47
2025-07-14T08:00:00+00:00,37.05,114.08,77.03
2025-07-14T09:00:00+00:00,30.34,110.0,79.66
2025-07-14T10:00:00+00:00,34.06,99.3,65.24
2025-07-14T11:00:00+00:00,38.8,101.68,62.88000000000001
2025-07-14T12:00:00+00:00,31.49,105.59,74.10000000000001
2025-07-14T13:00:00+00:00,18.21,109.0,90.78999999999999
2025-07-14T14:00:00+00:00,27.09,118.0,90.91
2025-07-14T15:00:00+00:00,47.5,116.02,68.52
2025-07-14T16:00:00+00:00,54.14,131.43,77.29
2025-07-14T17:00:00+00:00,77.76,145.09,67.33
2025-07-14T18:00:00+00:00,86.23,145.17,58.93999999999998
2025-07-14T19:00:00+00:00,89.29,137.4,48.11
2025-07-14T20:00:00+00:00,117.84,130.0,12.159999999999997
2025-07-14T21:00:00+00:00,113.83,120.0,6.170000000000002
2025-07-14T22:00:00+00:00,76.77,120.0,43.230000000000004
2025-07-14T23:00:00+00:00,57.2,120.0,62.8
2025-07-15T00:00:00+00:00,63.01,117.35,54.339999999999996
2025-07-15T01:00:00+00:00,59.29,109.58,50.29
2025-07-15T02:00:00+00:00,54.1,109.07,54.96999999999999
2025-07-15T03:00:00+00:00,63.78,112.88,49.099999999999994
2025-07-15T04:00:00+00:00,69.52,123.0,53.480000000000004
2025-07-15T05:00:00+00:00,84.47,130.0,45.53
2025-07-15T06:00:00+00:00,94.16,129.28,35.120000000000005
2025-07-15T07:00:00+00:00,72.97,120.0,47.03
2025-07-15T08:00:00+00:00,30.5,117.41,86.91
2025-07-15T09:00:00+00:00,39.87,110.04,70.17000000000002
2025-07-15T10:00:00+00:00,46.2,100.0,53.8
2025-07-15T11:00:00+00:00,34.82,100.17,65.35
2025-07-15T12:00:00+00:00,25.8,105.91,80.11
2025-07-15T13:00:00+00:00,21.39,111.18,89.79
2025-07-15T14:00:00+00:00,20.82,117.35,96.53
2025-07-15T15:00:00+00:00,38.4,122.0,83.6
2025-07-15T16:00:00+00:00,44.77,132.76,87.98999999999998
2025-07-15T17:00:00+00:00,65.89,160.31,94.42
2025-07-15T18:00:00+00:00,74.46,168.85,94.39
2025-07-15T19:00:00+00:00,79.57,150.92,71.35
2025-07-15T20:00:00+00:00,100.79,128.73,27.939999999999984
2025-07-15T21:00:00+00:00,78.19,125.0,46.81
2025-07-15T22:00:00+00:00,74.97,115.97,41.0
2025-07-15T23:00:00+00:00,56.53,112.04,55.510000000000005
2025-07-16T00:00:00+00:00,55.26,110.93,55.67000000000001
2025-07-16T01:00:00+00:00,48.19,107.54,59.35000000000001
2025-07-16T02:00:00+00:00,44.71,107.55,62.839999999999996
2025-07-16T03:00:00+00:00,46.97,110.93,63.96000000000001
2025-07-16T04:00:00+00:00,52.33,117.59,65.26
2025-07-16T05:00:00+00:00,62.55,120.0,57.45
2025-07-16T06:00:00+00:00,75.2,120.0,44.8
2025-07-16T07:00:00+00:00,66.99,115.97,48.980000000000004
2025-07-16T08:00:00+00:00,42.63,108.69,66.06
2025-07-16T09:00:00+00:00,28.81,105.1,76.28999999999999
2025-07-16T10:00:00+00:00,53.6,96.74,43.13999999999999
2025-07-16T11:00:00+00:00,36.26,95.47,59.21
2025-07-16T12:00:00+00:00,33.25,102.58,69.33
2025-07-16T13:00:00+00:00,29.01,108.6,79.58999999999999
2025-07-16T14:00:00+00:00,39.76,111.41,71.65
2025-07-16T15:00:00+00:00,57.57,115.03,57.46
2025-07-16T16:00:00+00:00,79.1,125.0,45.900000000000006
2025-07-16T17:00:00+00:00,109.62,150.0,40.379999999999995
2025-07-16T18:00:00+00:00,122.84,153.8,30.960000000000008
2025-07-16T19:00:00+00:00,108.4,148.46,40.06
2025-07-16T20:00:00+00:00,117.4,125.15,7.75
2025-07-16T21:00:00+00:00,111.14,125.0,13.86
2025-07-16T22:00:00+00:00,104.23,120.0,15.769999999999996
2025-07-16T23:00:00+00:00,98.38,114.03,15.650000000000006
2025-07-17T00:00:00+00:00,90.1,111.64,21.540000000000006
2025-07-17T01:00:00+00:00,83.77,110.0,26.230000000000004
2025-07-17T02:00:00+00:00,82.12,108.32,26.19999999999999
2025-07-17T03:00:00+00:00,89.16,111.02,21.86
2025-07-17T04:00:00+00:00,87.05,120.0,32.95
2025-07-17T05:00:00+00:00,101.62,125.53,23.909999999999997
2025-07-17T06:00:00+00:00,105.92,117.95,12.030000000000001
2025-07-17T07:00:00+00:00,93.1,115.53,22.430000000000007
2025-07-17T08:00:00+00:00,85.0,115.0,30.0
2025-07-17T09:00:00+00:00,77.07,111.64,34.57000000000001
2025-07-17T10:00:00+00:00,70.17,97.93,27.760000000000005
2025-07-17T11:00:00+00:00,56.14,100.28,44.14
2025-07-17T12:00:00+00:00,51.21,105.1,53.88999999999999
2025-07-17T13:00:00+00:00,66.56,110.0,43.44
2025-07-17T14:00:00+00:00,76.81,111.74,34.92999999999999
2025-07-17T15:00:00+00:00,84.36,115.0,30.64
2025-07-17T16:00:00+00:00,91.52,120.0,28.480000000000004
2025-07-17T17:00:00+00:00,108.66,135.0,26.340000000000003
2025-07-17T18:00:00+00:00,121.41,148.5,27.090000000000003
2025-07-17T19:00:00+00:00,125.8,135.81,10.010000000000005
2025-07-17T20:00:00+00:00,125.07,125.07,0.0
2025-07-17T21:00:00+00:00,114.18,115.85,1.6699999999999875
2025-07-17T22:00:00+00:00,100.97,119.0,18.03
2025-07-17T23:00:00+00:00,92.22,112.04,19.820000000000007
2025-07-18T00:00:00+00:00,91.21,109.6,18.39
2025-07-18T01:00:00+00:00,82.52,108.65,26.13000000000001
2025-07-18T02:00:00+00:00,78.45,108.65,30.200000000000003
2025-07-18T03:00:00+00:00,84.31,109.5,25.189999999999998
2025-07-18T04:00:00+00:00,90.32,120.32,30.0
2025-07-18T05:00:00+00:00,105.08,124.88,19.799999999999997
2025-07-18T06:00:00+00:00,109.39,125.0,15.61
2025-07-18T07:00:00+00:00,90.64,120.0,29.36
2025-07-18T08:00:00+00:00,80.0,109.55,29.549999999999997
2025-07-18T09:00:00+00:00,81.58,107.93,26.35000000000001
2025-07-18T10:00:00+00:00,80.0,98.94,18.939999999999998
2025-07-18T11:00:00+00:00,73.02,98.0,24.980000000000004
2025-07-18T12:00:00+00:00,71.2,105.1,33.89999999999999
2025-07-18T13:00:00+00:00,72.68,109.55,36.86999999999999
2025-07-18T14:00:00+00:00,79.4,119.23,39.83
2025-07-18T15:00:00+00:00,83.22,123.11,39.89
2025-07-18T16:00:00+00:00,93.97,129.0,35.03
2025-07-18T17:00:00+00:00,108.1,141.86,33.76000000000002
2025-07-18T18:00:00+00:00,110.0,150.0,40.0
2025-07-18T19:00:00+00:00,119.39,145.42,26.029999999999987
2025-07-18T20:00:00+00:00,119.19,132.25,13.060000000000002
2025-07-18T21:00:00+00:00,111.65,130.0,18.349999999999994
2025-07-18T22:00:00+00:00,98.8,129.87,31.070000000000007
2025-07-18T23:00:00+00:00,90.79,129.87,39.08
2025-07-19T00:00:00+00:00,79.71,120.0,40.290000000000006
2025-07-19T01:00:00+00:00,53.41,120.0,66.59
2025-07-19T02:00:00+00:00,49.57,117.98,68.41
2025-07-19T03:00:00+00:00,48.62,116.8,68.18
2025-07-19T04:00:00+00:00,47.99,111.7,63.71
2025-07-19T05:00:00+00:00,56.25,109.26,53.010000000000005
2025-07-19T06:00:00+00:00,56.62,114.46,57.839999999999996
2025-07-19T07:00:00+00:00,34.46,117.0,82.53999999999999
2025-07-19T08:00:00+00:00,10.0,117.99,107.99
2025-07-19T09:00:00+00:00,0.65,100.94,100.28999999999999
2025-07-19T10:00:00+00:00,0.0,85.0,85.0
2025-07-19T11:00:00+00:00,0.0,72.0,72.0
2025-07-19T12:00:00+00:00,0.0,90.0,90.0
2025-07-19T13:00:00+00:00,2.37,104.99,102.61999999999999
2025-07-19T14:00:00+00:00,18.82,112.08,93.25999999999999
2025-07-19T15:00:00+00:00,19.38,120.0,100.62
2025-07-19T16:00:00+00:00,30.16,131.4,101.24000000000001
2025-07-19T17:00:00+00:00,42.32,140.74,98.42000000000002
2025-07-19T18:00:00+00:00,72.92,145.0,72.08
2025-07-19T19:00:00+00:00,94.17,137.12,42.95
2025-07-19T20:00:00+00:00,106.8,131.4,24.60000000000001
2025-07-19T21:00:00+00:00,96.25,131.4,35.150000000000006
2025-07-19T22:00:00+00:00,51.61,130.76,79.14999999999999
2025-07-19T23:00:00+00:00,43.01,125.0,81.99000000000001
2025-07-20T00:00:00+00:00,25.5,124.85,99.35
2025-07-20T01:00:00+00:00,22.64,120.0,97.36
2025-07-20T02:00:00+00:00,21.83,114.0,92.17
2025-07-20T03:00:00+00:00,19.99,110.49,90.5
2025-07-20T04:00:00+00:00,16.32,112.04,95.72
2025-07-20T05:00:00+00:00,20.76,114.0,93.24
2025-07-20T06:00:00+00:00,3.6,105.1,101.5
2025-07-20T07:00:00+00:00,0.65,105.1,104.44999999999999
2025-07-20T08:00:00+00:00,0.0,105.1,105.1
2025-07-20T09:00:00+00:00,0.0,105.1,105.1
2025-07-20T10:00:00+00:00,0.0,100.0,100.0
2025-07-20T11:00:00+00:00,-0.01,92.8,92.81
2025-07-20T12:00:00+00:00,-0.01,74.99,75.0
2025-07-20T13:00:00+00:00,0.0,65.0,65.0
2025-07-20T14:00:00+00:00,3.08,83.9,80.82000000000001
2025-07-20T15:00:00+00:00,0.0,106.78,106.78
2025-07-20T16:00:00+00:00,5.99,131.2,125.21
2025-07-20T17:00:00+00:00,11.17,134.98,123.80999999999999
2025-07-20T18:00:00+00:00,43.81,141.86,98.05000000000001
2025-07-20T19:00:00+00:00,50.8,140.0,89.2
2025-07-20T20:00:00+00:00,78.33,132.25,53.92
2025-07-20T21:00:00+00:00,74.93,131.24,56.31
2025-07-20T22:00:00+00:00,58.02,116.82,58.79999999999999
2025-07-20T23:00:00+00:00,40.53,112.99,72.46
2025-07-21T00:00:00+00:00,26.72,110.0,83.28
2025-07-21T01:00:00+00:00,21.12,108.71,87.58999999999999
2025-07-21T02:00:00+00:00,17.88,110.0,92.12
2025-07-21T03:00:00+00:00,22.77,115.8,93.03
2025-07-21T04:00:00+00:00,22.08,119.61,97.53
2025-07-21T05:00:00+00:00,25.09,120.0,94.91
2025-07-21T06:00:00+00:00,19.41,123.8,104.39
2025-07-21T07:00:00+00:00,0.0,122.0,122.0
2025-07-21T08:00:00+00:00,0.0,120.0,120.0
2025-07-21T09:00:00+00:00,6.0,117.98,111.98
2025-07-21T10:00:00+00:00,15.23,112.99,97.75999999999999
2025-07-21T11:00:00+00:00,22.63,108.95,86.32000000000001
2025-07-21T12:00:00+00:00,17.22,112.04,94.82000000000001
2025-07-21T13:00:00+00:00,16.01,115.0,98.99
2025-07-21T14:00:00+00:00,8.93,117.98,109.05000000000001
2025-07-21T15:00:00+00:00,16.19,119.7,103.51
2025-07-21T16:00:00+00:00,21.61,134.06,112.45
2025-07-21T17:00:00+00:00,42.98,139.86,96.88000000000002
2025-07-21T18:00:00+00:00,29.33,137.34,108.01
2025-07-21T19:00:00+00:00,34.2,136.0,101.8
2025-07-21T20:00:00+00:00,55.35,122.0,66.65
2025-07-21T21:00:00+00:00,44.9,120.0,75.1
2025-07-21T22:00:00+00:00,81.13,114.98,33.85000000000001
2025-07-21T23:00:00+00:00,71.19,110.0,38.81
2025-07-22T00:00:00+00:00,67.28,105.29,38.010000000000005
2025-07-22T01:00:00+00:00,54.57,105.1,50.529999999999994
2025-07-22T02:00:00+00:00,46.63,105.0,58.37
2025-07-22T03:00:00+00:00,63.19,105.29,42.10000000000001
2025-07-22T04:00:00+00:00,79.07,113.8,34.730000000000004
2025-07-22T05:00:00+00:00,61.41,120.0,58.59
2025-07-22T06:00:00+00:00,76.26,120.0,43.739999999999995
2025-07-22T07:00:00+00:00,50.52,115.0,64.47999999999999
2025-07-22T08:00:00+00:00,28.86,110.0,81.14
2025-07-22T09:00:00+00:00,29.99,105.1,75.11
2025-07-22T10:00:00+00:00,27.67,100.0,72.33
2025-07-22T11:00:00+00:00,12.63,100.0,87.37
2025-07-22T12:00:00+00:00,4.18,105.1,100.91999999999999
2025-07-22T13:00:00+00:00,1.14,108.95,107.81
2025-07-22T14:00:00+00:00,27.05,110.0,82.95
2025-07-22T15:00:00+00:00,35.01,110.0,74.99000000000001
2025-07-22T16:00:00+00:00,69.07,115.17,46.10000000000001
2025-07-22T17:00:00+00:00,91.59,131.5,39.91
2025-07-22T18:00:00+00:00,113.92,134.5,20.58
2025-07-22T19:00:00+00:00,113.93,128.5,14.569999999999993
2025-07-22T20:00:00+00:00,109.1,117.6,8.5
2025-07-22T21:00:00+00:00,103.6,117.0,13.400000000000006
2025-07-22T22:00:00+00:00,89.79,119.53,29.739999999999995
2025-07-22T23:00:00+00:00,82.64,114.2,31.560000000000002
2025-07-23T00:00:00+00:00,80.94,108.47,27.53
2025-07-23T01:00:00+00:00,78.26,108.47,30.209999999999994
2025-07-23T02:00:00+00:00,77.83,109.51,31.680000000000007
2025-07-23T03:00:00+00:00,81.11,114.2,33.09
2025-07-23T04:00:00+00:00,90.87,119.15,28.28
2025-07-23T05:00:00+00:00,100.5,119.84,19.340000000000003
2025-07-23T06:00:00+00:00,96.5,126.68,30.180000000000007
2025-07-23T07:00:00+00:00,83.31,119.46,36.14999999999999
2025-07-23T08:00:00+00:00,76.4,120.0,43.599999999999994
2025-07-23T09:00:00+00:00,68.64,115.0,46.36
2025-07-23T10:00:00+00:00,61.97,108.0,46.03
2025-07-23T11:00:00+00:00,51.89,107.3,55.41
2025-07-23T12:00:00+00:00,44.88,106.88,61.99999999999999
2025-07-23T13:00:00+00:00,50.38,115.0,64.62
2025-07-23T14:00:00+00:00,71.63,117.26,45.63000000000001
2025-07-23T15:00:00+00:00,82.17,120.0,37.83
2025-07-23T16:00:00+00:00,92.17,126.18,34.010000000000005
2025-07-23T17:00:00+00:00,104.98,131.02,26.040000000000006
2025-07-23T18:00:00+00:00,111.63,125.0,13.370000000000005
2025-07-23T19:00:00+00:00,112.0,123.0,11.0
2025-07-23T20:00:00+00:00,109.96,114.5,4.540000000000006
2025-07-23T21:00:00+00:00,100.39,119.63,19.239999999999995
2025-07-23T22:00:00+00:00,96.24,108.1,11.86
2025-07-23T23:00:00+00:00,87.36,109.67,22.310000000000002
2025-07-24T00:00:00+00:00,81.88,107.4,25.52000000000001
2025-07-24T01:00:00+00:00,71.79,107.09,35.3
2025-07-24T02:00:00+00:00,63.27,105.76,42.49
2025-07-24T03:00:00+00:00,80.9,105.47,24.569999999999993
2025-07-24T04:00:00+00:00,85.62,110.65,25.03
2025-07-24T05:00:00+00:00,90.44,117.07,26.629999999999995
2025-07-24T06:00:00+00:00,103.04,120.0,16.959999999999994
2025-07-24T07:00:00+00:00,90.83,115.2,24.370000000000005
2025-07-24T08:00:00+00:00,70.9,115.2,44.3
2025-07-24T09:00:00+00:00,65.64,113.33,47.69
2025-07-24T10:00:00+00:00,71.05,110.44,39.39
2025-07-24T11:00:00+00:00,34.04,111.0,76.96000000000001
2025-07-24T12:00:00+00:00,28.0,112.69,84.69
2025-07-24T13:00:00+00:00,37.02,109.47,72.44999999999999
2025-07-24T14:00:00+00:00,26.53,112.0,85.47
2025-07-24T15:00:00+00:00,41.42,116.44,75.02
2025-07-24T16:00:00+00:00,74.72,118.0,43.28
2025-07-24T17:00:00+00:00,92.29,120.0,27.709999999999994
2025-07-24T18:00:00+00:00,87.93,120.0,32.06999999999999
2025-07-24T19:00:00+00:00,90.92,118.78,27.86
2025-07-24T20:00:00+00:00,109.19,114.0,4.810000000000002
2025-07-24T21:00:00+00:00,102.06,110.0,7.939999999999998
2025-07-24T22:00:00+00:00,88.69,114.72,26.03
2025-07-24T23:00:00+00:00,96.52,112.24,15.719999999999999
2025-07-25T00:00:00+00:00,78.48,109.9,31.42
2025-07-25T01:00:00+00:00,58.99,108.33,49.339999999999996
2025-07-25T02:00:00+00:00,51.97,111.0,59.03
2025-07-25T03:00:00+00:00,63.43,111.0,47.57
2025-07-25T04:00:00+00:00,77.97,116.78,38.81
2025-07-25T05:00:00+00:00,85.98,116.78,30.799999999999997
2025-07-25T06:00:00+00:00,98.35,119.0,20.650000000000006
2025-07-25T07:00:00+00:00,86.44,114.4,27.960000000000008
2025-07-25T08:00:00+00:00,62.4,108.27,45.87
2025-07-25T09:00:00+00:00,65.74,112.8,47.06
2025-07-25T10:00:00+00:00,59.01,112.8,53.79
2025-07-25T11:00:00+00:00,35.04,112.8,77.75999999999999
2025-07-25T12:00:00+00:00,16.2,120.0,103.8
2025-07-25T13:00:00+00:00,40.81,112.8,71.99
2025-07-25T14:00:00+00:00,46.49,115.0,68.50999999999999
2025-07-25T15:00:00+00:00,58.52,114.0,55.48
2025-07-25T16:00:00+00:00,63.23,118.0,54.77
2025-07-25T17:00:00+00:00,94.9,118.0,23.099999999999994
2025-07-25T18:00:00+00:00,85.0,116.44,31.439999999999998
2025-07-25T19:00:00+00:00,104.72,114.4,9.680000000000007
2025-07-25T20:00:00+00:00,105.0,107.83,2.8299999999999983
2025-07-25T21:00:00+00:00,81.96,107.62,25.66000000000001
2025-07-25T22:00:00+00:00,96.27,111.65,15.38000000000001
2025-07-25T23:00:00+00:00,77.16,111.0,33.84
2025-07-26T00:00:00+00:00,66.28,108.17,41.89
2025-07-26T01:00:00+00:00,56.84,108.17,51.33
2025-07-26T02:00:00+00:00,46.4,108.14,61.74
2025-07-26T03:00:00+00:00,50.74,108.17,57.43
2025-07-26T04:00:00+00:00,57.33,111.65,54.32000000000001
2025-07-26T05:00:00+00:00,55.01,107.99,52.98
2025-07-26T06:00:00+00:00,41.05,106.75,65.7
2025-07-26T07:00:00+00:00,33.2,105.59,72.39
2025-07-26T08:00:00+00:00,17.69,102.0,84.31
2025-07-26T09:00:00+00:00,13.78,95.08,81.3
2025-07-26T10:00:00+00:00,18.0,75.99,57.989999999999995
2025-07-26T11:00:00+00:00,14.58,72.8,58.22
2025-07-26T12:00:00+00:00,8.67,72.37,63.7
2025-07-26T13:00:00+00:00,8.15,84.99,76.83999999999999
2025-07-26T14:00:00+00:00,5.98,105.1,99.11999999999999
2025-07-26T15:00:00+00:00,17.3,105.22,87.92
2025-07-26T16:00:00+00:00,27.13,105.0,77.87
2025-07-26T17:00:00+00:00,49.33,111.44,62.11
2025-07-26T18:00:00+00:00,65.29,113.5,48.209999999999994
2025-07-26T19:00:00+00:00,92.57,111.65,19.080000000000013
2025-07-26T20:00:00+00:00,100.0,110.0,10.0
2025-07-26T21:00:00+00:00,90.66,105.59,14.930000000000007
2025-07-26T22:00:00+00:00,60.5,98.03,37.53
2025-07-26T23:00:00+00:00,49.86,92.93,43.07000000000001
2025-07-27T00:00:00+00:00,48.9,90.0,41.1
2025-07-27T01:00:00+00:00,32.09,85.5,53.41
2025-07-27T02:00:00+00:00,37.92,90.0,52.08
2025-07-27T03:00:00+00:00,40.01,92.16,52.15
2025-07-27T04:00:00+00:00,40.16,88.48,48.32000000000001
2025-07-27T05:00:00+00:00,50.0,83.07,33.06999999999999
2025-07-27T06:00:00+00:00,32.34,75.03,42.69
2025-07-27T07:00:00+00:00,23.69,41.37,17.679999999999996
2025-07-27T08:00:00+00:00,14.77,25.51,10.740000000000002
2025-07-27T09:00:00+00:00,33.17,33.17,0.0
2025-07-27T10:00:00+00:00,31.66,42.0,10.34
2025-07-27T11:00:00+00:00,15.04,23.0,7.960000000000001
2025-07-27T12:00:00+00:00,8.85,28.77,19.92
2025-07-27T13:00:00+00:00,12.93,23.13,10.2
2025-07-27T14:00:00+00:00,16.14,34.16,18.019999999999996
2025-07-27T15:00:00+00:00,24.0,70.0,46.0
2025-07-27T16:00:00+00:00,23.3,95.41,72.11
2025-07-27T17:00:00+00:00,35.32,105.1,69.78
2025-07-27T18:00:00+00:00,40.0,111.4,71.4
2025-07-27T19:00:00+00:00,62.67,109.08,46.41
2025-07-27T20:00:00+00:00,88.64,105.1,16.459999999999994
2025-07-27T21:00:00+00:00,66.95,105.0,38.05
2025-07-27T22:00:00+00:00,62.29,94.35,32.059999999999995
2025-07-27T23:00:00+00:00,55.75,83.19,27.439999999999998
2025-07-28T00:00:00+00:00,48.95,80.2,31.25
2025-07-28T01:00:00+00:00,19.96,81.34,61.38
2025-07-28T02:00:00+00:00,38.0,82.73,44.730000000000004
2025-07-28T03:00:00+00:00,45.07,83.97,38.9
2025-07-28T04:00:00+00:00,50.0,102.9,52.900000000000006
2025-07-28T05:00:00+00:00,56.23,112.0,55.77
2025-07-28T06:00:00+00:00,63.71,117.0,53.29
2025-07-28T07:00:00+00:00,30.0,113.39,83.39
2025-07-28T08:00:00+00:00,20.59,105.5,84.91
2025-07-28T09:00:00+00:00,22.49,107.0,84.51
2025-07-28T10:00:00+00:00,21.87,110.58,88.71
2025-07-28T11:00:00+00:00,20.22,109.56,89.34
2025-07-28T12:00:00+00:00,11.17,111.65,100.48
2025-07-28T13:00:00+00:00,10.87,104.44,93.57
2025-07-28T14:00:00+00:00,14.35,96.49,82.14
2025-07-28T15:00:00+00:00,22.97,100.01,77.04
2025-07-28T16:00:00+00:00,44.3,104.43,60.13000000000001
2025-07-28T17:00:00+00:00,60.11,115.0,54.89
2025-07-28T18:00:00+00:00,60.0,116.5,56.5
2025-07-28T19:00:00+00:00,74.98,115.99,41.00999999999999
2025-07-28T20:00:00+00:00,88.54,106.0,17.459999999999994
2025-07-28T21:00:00+00:00,63.25,100.22,36.97
2025-07-28T22:00:00+00:00,50.68,106.0,55.32
2025-07-28T23:00:00+00:00,37.97,103.55,65.58
2025-07-29T00:00:00+00:00,34.78,100.85,66.07
2025-07-29T01:00:00+00:00,32.0,97.78,65.78
2025-07-29T02:00:00+00:00,22.98,93.71,70.72999999999999
2025-07-29T03:00:00+00:00,34.78,103.99,69.21
2025-07-29T04:00:00+00:00,45.0,107.12,62.120000000000005
2025-07-29T05:00:00+00:00,50.0,112.0,62.0
2025-07-29T06:00:00+00:00,49.45,112.0,62.55
2025-07-29T07:00:00+00:00,35.61,106.0,70.39
2025-07-29T08:00:00+00:00,11.73,97.97,86.24
2025-07-29T09:00:00+00:00,25.25,82.7,57.45
2025-07-29T10:00:00+00:00,25.92,70.9,44.980000000000004
2025-07-29T11:00:00+00:00,5.34,64.99,59.64999999999999
2025-07-29T12:00:00+00:00,3.78,68.66,64.88
2025-07-29T13:00:00+00:00,8.51,74.01,65.5
2025-07-29T14:00:00+00:00,22.87,93.71,70.83999999999999
2025-07-29T15:00:00+00:00,51.53,94.87,43.34
2025-07-29T16:00:00+00:00,48.97,107.16,58.19
2025-07-29T17:00:00+00:00,72.14,115.8,43.66
2025-07-29T18:00:00+00:00,57.58,120.0,62.42
2025-07-29T19:00:00+00:00,98.0,119.0,21.0
2025-07-29T20:00:00+00:00,103.27,110.0,6.730000000000004
2025-07-29T21:00:00+00:00,84.13,105.2,21.070000000000007
2025-07-29T22:00:00+00:00,54.44,110.66,56.22
2025-07-29T23:00:00+00:00,50.92,105.68,54.760000000000005
2025-07-30T00:00:00+00:00,43.75,105.68,61.93000000000001
2025-07-30T01:00:00+00:00,38.48,100.0,61.52
2025-07-30T02:00:00+00:00,32.55,103.0,70.45
2025-07-30T03:00:00+00:00,38.48,105.1,66.62
2025-07-30T04:00:00+00:00,45.51,115.0,69.49000000000001
2025-07-30T05:00:00+00:00,72.96,128.91,55.95
2025-07-30T06:00:00+00:00,57.38,126.87,69.49000000000001
2025-07-30T07:00:00+00:00,46.74,115.0,68.25999999999999
2025-07-30T08:00:00+00:00,33.59,105.1,71.50999999999999
2025-07-30T09:00:00+00:00,39.88,97.31,57.43
2025-07-30T10:00:00+00:00,24.79,90.25,65.46000000000001
2025-07-30T11:00:00+00:00,17.69,85.78,68.09
2025-07-30T12:00:00+00:00,10.7,93.5,82.8
2025-07-30T13:00:00+00:00,24.21,91.2,66.99000000000001
2025-07-30T14:00:00+00:00,19.89,98.91,79.02
2025-07-30T15:00:00+00:00,31.06,107.71,76.64999999999999
2025-07-30T16:00:00+00:00,40.75,125.0,84.25
2025-07-30T17:00:00+00:00,69.55,131.32,61.769999999999996
2025-07-30T18:00:00+00:00,77.99,128.73,50.739999999999995
2025-07-30T19:00:00+00:00,101.49,121.14,19.650000000000006
2025-07-30T20:00:00+00:00,104.36,114.0,9.64
2025-07-30T21:00:00+00:00,92.18,111.22,19.039999999999992
2025-07-30T22:00:00+00:00,90.0,106.25,16.25
2025-07-30T23:00:00+00:00,77.37,104.44,27.069999999999993
2025-07-31T00:00:00+00:00,71.07,103.0,31.930000000000007
2025-07-31T01:00:00+00:00,58.38,100.0,41.62
2025-07-31T02:00:00+00:00,57.75,100.0,42.25
2025-07-31T03:00:00+00:00,59.01,105.0,45.99
2025-07-31T04:00:00+00:00,81.96,110.0,28.040000000000006
2025-07-31T05:00:00+00:00,100.46,117.71,17.25
2025-07-31T06:00:00+00:00,91.55,114.27,22.72
2025-07-31T07:00:00+00:00,51.31,105.1,53.78999999999999
2025-07-31T08:00:00+00:00,30.5,103.0,72.5
2025-07-31T09:00:00+00:00,23.92,96.57,72.64999999999999
2025-07-31T10:00:00+00:00,29.01,69.93,40.92
2025-07-31T11:00:00+00:00,23.5,72.0,48.5
2025-07-31T12:00:00+00:00,25.26,75.0,49.739999999999995
2025-07-31T13:00:00+00:00,28.5,86.99,58.489999999999995
2025-07-31T14:00:00+00:00,30.0,97.23,67.23
2025-07-31T15:00:00+00:00,42.11,107.1,64.99
2025-07-31T16:00:00+00:00,64.24,114.0,49.760000000000005
2025-07-31T17:00:00+00:00,86.71,125.0,38.290000000000006
2025-07-31T18:00:00+00:00,107.99,132.38,24.39
2025-07-31T19:00:00+00:00,114.45,128.47,14.019999999999996
2025-07-31T20:00:00+00:00,110.27,118.91,8.64
2025-07-31T21:00:00+00:00,98.32,113.71,15.39
2025-07-31T22:00:00+00:00,102.22,112.56,10.340000000000003
2025-07-31T23:00:00+00:00,93.47,105.69,12.219999999999999
2025-08-01T00:00:00+00:00,81.0,105.7,24.700000000000003
2025-08-01T01:00:00+00:00,72.55,105.1,32.55
2025-08-01T02:00:00+00:00,63.98,105.1,41.12
2025-08-01T03:00:00+00:00,73.6,105.1,31.5
2025-08-01T04:00:00+00:00,83.14,115.0,31.86
2025-08-01T05:00:00+00:00,100.62,127.98,27.36
2025-08-01T06:00:00+00:00,100.0,118.0,18.0
2025-08-01T07:00:00+00:00,65.06,119.4,54.34
2025-08-01T08:00:00+00:00,45.81,109.0,63.19
2025-08-01T09:00:00+00:00,35.08,100.0,64.92
2025-08-01T10:00:00+00:00,31.87,93.5,61.629999999999995
2025-08-01T11:00:00+00:00,25.06,96.4,71.34
2025-08-01T12:00:00+00:00,20.01,98.49,78.47999999999999
2025-08-01T13:00:00+00:00,13.43,102.5,89.07
2025-08-01T14:00:00+00:00,17.42,103.5,86.08
2025-08-01T15:00:00+00:00,27.47,108.5,81.03
2025-08-01T16:00:00+00:00,44.8,115.0,70.2
2025-08-01T17:00:00+00:00,70.12,124.0,53.879999999999995
2025-08-01T18:00:00+00:00,87.34,127.05,39.709999999999994
2025-08-01T19:00:00+00:00,103.02,123.0,19.980000000000004
2025-08-01T20:00:00+00:00,102.52,127.98,25.460000000000008
2025-08-01T21:00:00+00:00,95.41,111.83,16.42
2025-08-01T22:00:00+00:00,97.8,123.0,25.200000000000003
2025-08-01T23:00:00+00:00,77.08,110.5,33.42
2025-08-02T00:00:00+00:00,65.27,112.3,47.03
2025-08-02T01:00:00+00:00,49.56,107.23,57.67
2025-08-02T02:00:00+00:00,43.33,105.1,61.769999999999996
2025-08-02T03:00:00+00:00,44.29,105.24,60.949999999999996
2025-08-02T04:00:00+00:00,51.08,112.3,61.22
2025-08-02T05:00:00+00:00,49.81,108.5,58.69
2025-08-02T06:00:00+00:00,37.33,114.85,77.52
2025-08-02T07:00:00+00:00,23.91,115.0,91.09
2025-08-02T08:00:00+00:00,16.54,120.0,103.46000000000001
2025-08-02T09:00:00+00:00,5.68,112.3,106.62
2025-08-02T10:00:00+00:00,2.95,107.97,105.02
2025-08-02T11:00:00+00:00,0.0,100.61,100.61
2025-08-02T12:00:00+00:00,0.0,100.0,100.0
2025-08-02T13:00:00+00:00,0.0,85.0,85.0
2025-08-02T14:00:00+00:00,0.0,88.0,88.0
2025-08-02T15:00:00+00:00,8.59,100.0,91.41
2025-08-02T16:00:00+00:00,34.31,108.5,74.19
2025-08-02T17:00:00+00:00,65.01,114.85,49.83999999999999
2025-08-02T18:00:00+00:00,74.53,114.85,40.31999999999999
2025-08-02T19:00:00+00:00,99.64,122.5,22.86
2025-08-02T20:00:00+00:00,99.64,121.53,21.89
2025-08-02T21:00:00+00:00,80.5,120.95,40.45
2025-08-02T22:00:00+00:00,80.4,107.93,27.53
2025-08-02T23:00:00+00:00,69.26,105.1,35.83999999999999
2025-08-03T00:00:00+00:00,42.96,102.5,59.54
2025-08-03T01:00:00+00:00,37.38,100.76,63.38
2025-08-03T02:00:00+00:00,30.02,101.5,71.48
2025-08-03T03:00:00+00:00,30.2,106.0,75.8
2025-08-03T04:00:00+00:00,32.03,110.41,78.38
2025-08-03T05:00:00+00:00,26.28,110.46,84.17999999999999
2025-08-03T06:00:00+00:00,6.16,105.1,98.94
2025-08-03T07:00:00+00:00,0.0,105.1,105.1
2025-08-03T08:00:00+00:00,-1.01,99.71,100.72
2025-08-03T09:00:00+00:00,-2.1,65.0,67.1
2025-08-03T10:00:00+00:00,-3.0,40.0,43.0
2025-08-03T11:00:00+00:00,-9.9,25.0,34.9
2025-08-03T12:00:00+00:00,-10.08,25.0,35.08
2025-08-03T13:00:00+00:00,-4.98,25.0,29.98
2025-08-03T14:00:00+00:00,-1.49,45.0,46.49
2025-08-03T15:00:00+00:00,-0.01,84.85,84.86
2025-08-03T16:00:00+00:00,12.51,105.1,92.58999999999999
2025-08-03T17:00:00+00:00,40.0,110.5,70.5
2025-08-03T18:00:00+00:00,78.2,110.0,31.799999999999997
2025-08-03T19:00:00+00:00,96.13,106.0,9.870000000000005
2025-08-03T20:00:00+00:00,97.4,102.5,5.099999999999994
2025-08-03T21:00:00+00:00,85.09,105.0,19.909999999999997
2025-08-03T22:00:00+00:00,80.99,107.93,26.940000000000012
2025-08-03T23:00:00+00:00,70.07,105.93,35.860000000000014
2025-08-04T00:00:00+00:00,69.97,105.1,35.129999999999995
2025-08-04T01:00:00+00:00,63.8,104.5,40.7
2025-08-04T02:00:00+00:00,61.78,104.28,42.5
2025-08-04T03:00:00+00:00,65.7,105.1,39.39999999999999
2025-08-04T04:00:00+00:00,74.33,112.0,37.67
2025-08-04T05:00:00+00:00,78.83,135.44,56.61
2025-08-04T06:00:00+00:00,78.43,137.98,59.54999999999998
2025-08-04T07:00:00+00:00,52.57,125.0,72.43
2025-08-04T08:00:00+00:00,30.0,107.97,77.97
2025-08-04T09:00:00+00:00,13.75,105.0,91.25
2025-08-04T10:00:00+00:00,6.76,95.0,88.24
2025-08-04T11:00:00+00:00,4.05,90.0,85.95
2025-08-04T12:00:00+00:00,0.65,91.57,90.91999999999999
2025-08-04T13:00:00+00:00,0.0,100.0,100.0
2025-08-04T14:00:00+00:00,5.79,109.85,104.05999999999999
2025-08-04T15:00:00+00:00,7.28,101.82,94.53999999999999
2025-08-04T16:00:00+00:00,38.94,110.5,71.56
2025-08-04T17:00:00+00:00,63.7,125.96,62.25999999999999
2025-08-04T18:00:00+00:00,70.25,128.96,58.71000000000001
2025-08-04T19:00:00+00:00,74.0,128.96,54.96000000000001
2025-08-04T20:00:00+00:00,67.14,128.96,61.82000000000001
2025-08-04T21:00:00+00:00,49.4,118.0,68.6
2025-08-04T22:00:00+00:00,8.46,115.0,106.53999999999999
2025-08-04T23:00:00+00:00,-0.07,110.0,110.07
2025-08-05T00:00:00+00:00,-0.01,105.1,105.11
2025-08-05T01:00:00+00:00,-0.06,105.1,105.16
2025-08-05T02:00:00+00:00,-0.25,105.1,105.35
2025-08-05T03:00:00+00:00,-0.11,106.0,106.11
2025-08-05T04:00:00+00:00,0.02,109.24,109.22
2025-08-05T05:00:00+00:00,2.77,112.89,110.12
2025-08-05T06:00:00+00:00,0.0,110.0,110.0
2025-08-05T07:00:00+00:00,-0.03,105.0,105.03
2025-08-05T08:00:00+00:00,-2.78,97.0,99.78
2025-08-05T09:00:00+00:00,-3.54,93.5,97.04
2025-08-05T10:00:00+00:00,-9.65,75.0,84.65
2025-08-05T11:00:00+00:00,-24.02,65.0,89.02
2025-08-05T12:00:00+00:00,-19.5,69.0,88.5
2025-08-05T13:00:00+00:00,-14.94,88.4,103.34
2025-08-05T14:00:00+00:00,-14.44,96.9,111.34
2025-08-05T15:00:00+00:00,-0.02,104.05,104.07
2025-08-05T16:00:00+00:00,3.0,120.0,117.0
2025-08-05T17:00:00+00:00,46.4,130.0,83.6
2025-08-05T18:00:00+00:00,73.5,134.14,60.639999999999986
2025-08-05T19:00:00+00:00,82.56,130.0,47.44
2025-08-05T20:00:00+00:00,88.22,126.48,38.260000000000005
2025-08-05T21:00:00+00:00,74.95,116.73,41.78
2025-08-05T22:00:00+00:00,75.63,109.58,33.95
2025-08-05T23:00:00+00:00,40.07,108.75,68.68
2025-08-06T00:00:00+00:00,34.8,107.67,72.87
2025-08-06T01:00:00+00:00,31.1,105.99,74.88999999999999
2025-08-06T02:00:00+00:00,41.95,106.0,64.05
2025-08-06T03:00:00+00:00,47.55,108.75,61.2
2025-08-06T04:00:00+00:00,51.35,120.0,68.65
2025-08-06T05:00:00+00:00,78.89,120.0,41.11
2025-08-06T06:00:00+00:00,83.19,109.5,26.310000000000002
2025-08-06T07:00:00+00:00,29.71,105.1,75.38999999999999
2025-08-06T08:00:00+00:00,-0.01,105.1,105.11
2025-08-06T09:00:00+00:00,-0.76,95.01,95.77000000000001
2025-08-06T10:00:00+00:00,-0.02,83.55,83.57
2025-08-06T11:00:00+00:00,-0.02,80.28,80.3
2025-08-06T12:00:00+00:00,-1.02,85.75,86.77
2025-08-06T13:00:00+00:00,-0.03,96.3,96.33
2025-08-06T14:00:00+00:00,3.18,105.1,101.91999999999999
2025-08-06T15:00:00+00:00,52.0,115.0,63.0
2025-08-06T16:00:00+00:00,80.32,120.98,40.66000000000001
2025-08-06T17:00:00+00:00,106.22,125.38,19.159999999999997
2025-08-06T18:00:00+00:00,114.64,130.0,15.36
2025-08-06T19:00:00+00:00,117.02,120.0,2.980000000000004
2025-08-06T20:00:00+00:00,110.0,110.0,0.0
2025-08-06T21:00:00+00:00,90.54,113.0,22.459999999999994
2025-08-06T22:00:00+00:00,88.42,110.06,21.64
2025-08-06T23:00:00+00:00,61.2,105.1,43.89999999999999
2025-08-07T00:00:00+00:00,44.63,104.5,59.87
2025-08-07T01:00:00+00:00,52.66,105.0,52.34
2025-08-07T02:00:00+00:00,46.6,105.1,58.49999999999999
2025-08-07T03:00:00+00:00,41.73,108.7,66.97
2025-08-07T04:00:00+00:00,42.97,108.7,65.73
2025-08-07T05:00:00+00:00,71.97,118.0,46.03
2025-08-07T06:00:00+00:00,77.02,120.0,42.980000000000004
2025-08-07T07:00:00+00:00,71.65,120.94,49.28999999999999
2025-08-07T08:00:00+00:00,22.23,111.65,89.42
2025-08-07T09:00:00+00:00,0.0,104.0,104.0
2025-08-07T10:00:00+00:00,-0.01,95.95,95.96000000000001
2025-08-07T11:00:00+00:00,-0.02,95.52,95.53999999999999
2025-08-07T12:00:00+00:00,-0.07,95.52,95.58999999999999
2025-08-07T13:00:00+00:00,-0.01,101.0,101.01
2025-08-07T14:00:00+00:00,3.81,104.5,100.69
2025-08-07T15:00:00+00:00,48.97,104.59,55.620000000000005
2025-08-07T16:00:00+00:00,70.0,113.03,43.03
2025-08-07T17:00:00+00:00,101.53,125.0,23.47
2025-08-07T18:00:00+00:00,115.42,135.05,19.63000000000001
2025-08-07T19:00:00+00:00,110.74,124.0,13.260000000000005
2025-08-07T20:00:00+00:00,110.0,123.78,13.780000000000001
2025-08-07T21:00:00+00:00,101.28,123.78,22.5
2025-08-07T22:00:00+00:00,72.13,110.41,38.28
2025-08-07T23:00:00+00:00,64.44,113.11,48.67
2025-08-08T00:00:00+00:00,53.67,106.71,53.03999999999999
2025-08-08T01:00:00+00:00,47.28,105.1,57.81999999999999
2025-08-08T02:00:00+00:00,52.29,105.1,52.809999999999995
2025-08-08T03:00:00+00:00,70.28,106.71,36.42999999999999
2025-08-08T04:00:00+00:00,73.0,120.0,47.0
2025-08-08T05:00:00+00:00,84.5,115.0,30.5
2025-08-08T06:00:00+00:00,78.69,110.41,31.72
2025-08-08T07:00:00+00:00,68.65,102.54,33.89
2025-08-08T08:00:00+00:00,41.13,96.59,55.46
2025-08-08T09:00:00+00:00,8.46,84.28,75.82
2025-08-08T10:00:00+00:00,0.0,80.5,80.5
2025-08-08T11:00:00+00:00,-0.01,79.5,79.51
2025-08-08T12:00:00+00:00,-0.02,81.2,81.22
2025-08-08T13:00:00+00:00,-0.01,84.12,84.13000000000001
2025-08-08T14:00:00+00:00,10.49,99.2,88.71000000000001
2025-08-08T15:00:00+00:00,49.77,119.28,69.50999999999999
2025-08-08T16:00:00+00:00,68.62,125.0,56.379999999999995
2025-08-08T17:00:00+00:00,104.07,127.28,23.210000000000008
2025-08-08T18:00:00+00:00,96.16,128.0,31.840000000000003
2025-08-08T19:00:00+00:00,77.17,127.28,50.11
2025-08-08T20:00:00+00:00,85.7,118.34,32.64
2025-08-08T21:00:00+00:00,86.2,120.0,33.8
2025-08-08T22:00:00+00:00,86.26,112.12,25.86
2025-08-08T23:00:00+00:00,70.13,118.07,47.94
2025-08-09T00:00:00+00:00,54.77,110.0,55.23
2025-08-09T01:00:00+00:00,42.0,105.1,63.099999999999994
2025-08-09T02:00:00+00:00,41.4,105.85,64.44999999999999
2025-08-09T03:00:00+00:00,44.03,110.0,65.97
2025-08-09T04:00:00+00:00,50.95,110.0,59.05
2025-08-09T05:00:00+00:00,47.81,105.1,57.28999999999999
2025-08-09T06:00:00+00:00,46.33,100.5,54.17
2025-08-09T07:00:00+00:00,15.34,100.0,84.66
2025-08-09T08:00:00+00:00,-0.02,82.61,82.63
2025-08-09T09:00:00+00:00,-1.0,61.0,62.0
2025-08-09T10:00:00+00:00,-0.02,70.0,70.02
2025-08-09T11:00:00+00:00,-4.74,72.4,77.14
2025-08-09T12:00:00+00:00,-7.75,79.0,86.75
2025-08-09T13:00:00+00:00,-3.96,63.0,66.96
2025-08-09T14:00:00+00:00,-0.05,95.0,95.05
2025-08-09T15:00:00+00:00,3.52,108.32,104.8
2025-08-09T16:00:00+00:00,28.61,124.55,95.94
2025-08-09T17:00:00+00:00,69.99,128.0,58.010000000000005
2025-08-09T18:00:00+00:00,85.71,128.0,42.290000000000006
2025-08-09T19:00:00+00:00,78.95,130.0,51.05
2025-08-09T20:00:00+00:00,86.33,124.55,38.22
2025-08-09T21:00:00+00:00,78.91,122.33,43.42
2025-08-09T22:00:00+00:00,77.88,110.0,32.120000000000005
2025-08-09T23:00:00+00:00,67.28,110.09,42.81
2025-08-10T00:00:00+00:00,58.05,109.15,51.10000000000001
2025-08-10T01:00:00+00:00,49.32,109.8,60.48
2025-08-10T02:00:00+00:00,46.22,110.0,63.78
2025-08-10T03:00:00+00:00,46.01,110.0,63.99
2025-08-10T04:00:00+00:00,42.41,109.5,67.09
2025-08-10T05:00:00+00:00,49.65,105.1,55.449999999999996
2025-08-10T06:00:00+00:00,26.87,95.05,68.17999999999999
2025-08-10T07:00:00+00:00,-0.01,98.51,98.52000000000001
2025-08-10T08:00:00+00:00,-2.26,84.5,86.76
2025-08-10T09:00:00+00:00,-15.6,59.0,74.6
2025-08-10T10:00:00+00:00,-14.05,56.0,70.05
2025-08-10T11:00:00+00:00,-36.19,54.0,90.19
2025-08-10T12:00:00+00:00,-50.29,47.8,98.09
2025-08-10T13:00:00+00:00,-21.0,68.0,89.0
2025-08-10T14:00:00+00:00,-1.16,96.42,97.58
2025-08-10T15:00:00+00:00,1.72,107.17,105.45
2025-08-10T16:00:00+00:00,26.5,115.0,88.5
2025-08-10T17:00:00+00:00,80.5,135.26,54.75999999999999
2025-08-10T18:00:00+00:00,98.01,137.35,39.33999999999999
2025-08-10T19:00:00+00:00,96.14,137.35,41.209999999999994
2025-08-10T20:00:00+00:00,90.59,137.35,46.75999999999999
2025-08-10T21:00:00+00:00,75.57,128.66,53.09
2025-08-10T22:00:00+00:00,34.57,120.0,85.43
2025-08-10T23:00:00+00:00,31.08,110.35,79.27
2025-08-11T00:00:00+00:00,41.46,109.8,68.34
2025-08-11T01:00:00+00:00,36.32,108.5,72.18
2025-08-11T02:00:00+00:00,38.25,108.5,70.25
2025-08-11T03:00:00+00:00,40.37,110.0,69.63
2025-08-11T04:00:00+00:00,39.06,110.0,70.94
2025-08-11T05:00:00+00:00,34.4,115.0,80.6
2025-08-11T06:00:00+00:00,50.14,118.0,67.86
2025-08-11T07:00:00+00:00,58.34,112.42,54.08
2025-08-11T08:00:00+00:00,45.0,105.1,60.099999999999994
2025-08-11T09:00:00+00:00,2.54,91.66,89.11999999999999
2025-08-11T10:00:00+00:00,0.0,91.66,91.66
2025-08-11T11:00:00+00:00,0.0,90.0,90.0
2025-08-11T12:00:00+00:00,0.0,93.23,93.23
2025-08-11T13:00:00+00:00,9.0,104.0,95.0
2025-08-11T14:00:00+00:00,44.5,112.25,67.75
2025-08-11T15:00:00+00:00,57.97,120.0,62.03
2025-08-11T16:00:00+00:00,90.0,128.38,38.379999999999995
2025-08-11T17:00:00+00:00,118.68,153.64,34.95999999999998
2025-08-11T18:00:00+00:00,135.09,155.88,20.789999999999992
2025-08-11T19:00:00+00:00,138.94,153.21,14.27000000000001
2025-08-11T20:00:00+00:00,108.87,125.0,16.129999999999995
2025-08-11T21:00:00+00:00,96.0,121.19,25.189999999999998
2025-08-11T22:00:00+00:00,93.0,116.0,23.0
2025-08-11T23:00:00+00:00,89.67,115.0,25.33
2025-08-12T00:00:00+00:00,85.41,109.5,24.090000000000003
2025-08-12T01:00:00+00:00,79.06,109.12,30.060000000000002
2025-08-12T02:00:00+00:00,69.67,107.9,38.230000000000004
2025-08-12T03:00:00+00:00,66.34,109.22,42.879999999999995
2025-08-12T04:00:00+00:00,75.52,120.0,44.480000000000004
2025-08-12T05:00:00+00:00,102.81,115.0,12.189999999999998
2025-08-12T06:00:00+00:00,98.69,107.9,9.210000000000008
2025-08-12T07:00:00+00:00,92.5,107.9,15.400000000000006
2025-08-12T08:00:00+00:00,66.34,93.49,27.14999999999999
2025-08-12T09:00:00+00:00,40.94,88.66,47.72
2025-08-12T10:00:00+00:00,8.38,90.0,81.62
2025-08-12T11:00:00+00:00,3.0,91.62,88.62
2025-08-12T12:00:00+00:00,5.15,98.0,92.85
2025-08-12T13:00:00+00:00,35.05,101.92,66.87
2025-08-12T14:00:00+00:00,63.8,109.16,45.36
2025-08-12T15:00:00+00:00,85.82,114.9,29.080000000000013
2025-08-12T16:00:00+00:00,96.78,124.71,27.929999999999993
2025-08-12T17:00:00+00:00,143.64,143.64,0.0
2025-08-12T18:00:00+00:00,154.93,154.93,0.0
2025-08-12T19:00:00+00:00,140.81,140.81,0.0
2025-08-12T20:00:00+00:00,118.41,125.0,6.590000000000003
2025-08-12T21:00:00+00:00,100.37,120.0,19.629999999999995
2025-08-12T22:00:00+00:00,98.18,119.1,20.919999999999987
2025-08-12T23:00:00+00:00,90.0,112.5,22.5
2025-08-13T00:00:00+00:00,86.89,109.69,22.799999999999997
2025-08-13T01:00:00+00:00,84.71,108.89,24.180000000000007
2025-08-13T02:00:00+00:00,87.07,107.9,20.830000000000013
2025-08-13T03:00:00+00:00,92.76,109.19,16.429999999999993
2025-08-13T04:00:00+00:00,105.0,114.33,9.329999999999998
2025-08-13T05:00:00+00:00,103.24,115.86,12.620000000000005
2025-08-13T06:00:00+00:00,105.79,110.0,4.209999999999994
2025-08-13T07:00:00+00:00,94.1,109.62,15.52000000000001
2025-08-13T08:00:00+00:00,90.0,105.1,15.099999999999994
2025-08-13T09:00:00+00:00,71.0,103.43,32.43000000000001
2025-08-13T10:00:00+00:00,63.48,103.73,40.25000000000001
2025-08-13T11:00:00+00:00,47.01,105.0,57.99
2025-08-13T12:00:00+00:00,42.99,105.1,62.10999999999999
2025-08-13T13:00:00+00:00,70.9,108.9,38.0
2025-08-13T14:00:00+00:00,84.3,117.26,32.96000000000001
2025-08-13T15:00:00+00:00,96.64,121.35,24.709999999999994
2025-08-13T16:00:00+00:00,115.78,128.95,13.169999999999987
2025-08-13T17:00:00+00:00,150.09,150.09,0.0
2025-08-13T18:00:00+00:00,155.1,155.1,0.0
2025-08-13T19:00:00+00:00,153.0,153.0,0.0
2025-08-13T20:00:00+00:00,123.21,128.38,5.170000000000002
2025-08-13T21:00:00+00:00,106.27,120.0,13.730000000000004
2025-08-13T22:00:00+00:00,98.1,115.9,17.80000000000001
2025-08-13T23:00:00+00:00,92.0,114.9,22.900000000000006
2025-08-14T00:00:00+00:00,88.45,111.81,23.36
2025-08-14T01:00:00+00:00,81.83,110.0,28.17
2025-08-14T02:00:00+00:00,82.71,107.57,24.86
2025-08-14T03:00:00+00:00,79.59,110.0,30.409999999999997
2025-08-14T04:00:00+00:00,84.89,110.0,25.11
2025-08-14T05:00:00+00:00,103.11,110.0,6.890000000000001
2025-08-14T06:00:00+00:00,99.31,110.0,10.689999999999998
2025-08-14T07:00:00+00:00,90.92,108.19,17.269999999999996
2025-08-14T08:00:00+00:00,76.66,105.1,28.439999999999998
2025-08-14T09:00:00+00:00,67.4,102.19,34.78999999999999
2025-08-14T10:00:00+00:00,54.01,105.0,50.99
2025-08-14T11:00:00+00:00,40.91,105.1,64.19
2025-08-14T12:00:00+00:00,54.9,105.1,50.199999999999996
2025-08-14T13:00:00+00:00,69.43,108.94,39.50999999999999
2025-08-14T14:00:00+00:00,78.99,113.35,34.36
2025-08-14T15:00:00+00:00,84.63,114.9,30.27000000000001
2025-08-14T16:00:00+00:00,102.0,125.55,23.549999999999997
2025-08-14T17:00:00+00:00,115.78,135.0,19.22
2025-08-14T18:00:00+00:00,137.99,137.99,0.0
2025-08-14T19:00:00+00:00,142.01,142.01,0.0
2025-08-14T20:00:00+00:00,120.75,120.75,0.0
2025-08-14T21:00:00+00:00,105.95,118.83,12.879999999999995
2025-08-14T22:00:00+00:00,90.52,119.1,28.58
2025-08-14T23:00:00+00:00,83.53,115.9,32.370000000000005
2025-08-15T00:00:00+00:00,79.41,114.9,35.49000000000001
2025-08-15T01:00:00+00:00,68.47,110.1,41.629999999999995
2025-08-15T02:00:00+00:00,76.09,110.22,34.129999999999995
2025-08-15T03:00:00+00:00,65.65,109.05,43.39999999999999
2025-08-15T04:00:00+00:00,73.46,107.74,34.28
2025-08-15T05:00:00+00:00,79.99,106.49,26.5
2025-08-15T06:00:00+00:00,71.89,105.1,33.209999999999994
2025-08-15T07:00:00+00:00,43.97,94.3,50.33
2025-08-15T08:00:00+00:00,25.0,96.49,71.49
2025-08-15T09:00:00+00:00,3.0,100.0,97.0
2025-08-15T10:00:00+00:00,0.08,100.7,100.62
2025-08-15T11:00:00+00:00,0.0,97.5,97.5
2025-08-15T12:00:00+00:00,0.0,94.19,94.19
2025-08-15T13:00:00+00:00,1.72,83.41,81.69
2025-08-15T14:00:00+00:00,23.53,102.58,79.05
2025-08-15T15:00:00+00:00,33.23,109.81,76.58000000000001
2025-08-15T16:00:00+00:00,61.12,119.0,57.88
2025-08-15T17:00:00+00:00,100.82,124.39,23.570000000000007
2025-08-15T18:00:00+00:00,111.39,125.1,13.709999999999994
2025-08-15T19:00:00+00:00,102.0,129.35,27.349999999999994
2025-08-15T20:00:00+00:00,102.89,124.0,21.11
2025-08-15T21:00:00+00:00,93.45,120.0,26.549999999999997
2025-08-15T22:00:00+00:00,76.71,118.86,42.150000000000006
2025-08-15T23:00:00+00:00,74.77,115.33,40.56
2025-08-16T00:00:00+00:00,69.38,114.47,45.09
2025-08-16T01:00:00+00:00,51.61,109.81,58.2
2025-08-16T02:00:00+00:00,44.57,114.47,69.9
2025-08-16T03:00:00+00:00,45.13,114.9,69.77000000000001
2025-08-16T04:00:00+00:00,38.97,114.9,75.93
2025-08-16T05:00:00+00:00,48.95,110.0,61.05
2025-08-16T06:00:00+00:00,54.8,108.18,53.38000000000001
2025-08-16T07:00:00+00:00,60.93,105.45,44.52
2025-08-16T08:00:00+00:00,26.28,105.1,78.82
2025-08-16T09:00:00+00:00,3.8,93.48,89.68
2025-08-16T10:00:00+00:00,0.17,101.95,101.78
2025-08-16T11:00:00+00:00,-0.01,101.95,101.96000000000001
2025-08-16T12:00:00+00:00,-0.01,97.0,97.01
2025-08-16T13:00:00+00:00,-0.01,105.1,105.11
2025-08-16T14:00:00+00:00,3.6,109.53,105.93
2025-08-16T15:00:00+00:00,21.52,120.0,98.48
2025-08-16T16:00:00+00:00,68.8,125.0,56.2
2025-08-16T17:00:00+00:00,86.4,129.48,43.079999999999984
2025-08-16T18:00:00+00:00,83.18,126.86,43.67999999999999
2025-08-16T19:00:00+00:00,93.2,126.94,33.739999999999995
2025-08-16T20:00:00+00:00,95.1,126.86,31.760000000000005
2025-08-16T21:00:00+00:00,86.43,118.37,31.939999999999998
2025-08-16T22:00:00+00:00,67.88,119.0,51.120000000000005
2025-08-16T23:00:00+00:00,60.56,114.0,53.44
2025-08-17T00:00:00+00:00,53.86,115.9,62.040000000000006
2025-08-17T01:00:00+00:00,41.73,110.0,68.27000000000001
2025-08-17T02:00:00+00:00,37.24,109.81,72.57
2025-08-17T03:00:00+00:00,27.57,107.64,80.07
2025-08-17T04:00:00+00:00,29.12,105.1,75.97999999999999
2025-08-17T05:00:00+00:00,17.57,104.68,87.11000000000001
2025-08-17T06:00:00+00:00,30.65,102.48,71.83000000000001
2025-08-17T07:00:00+00:00,23.68,90.09,66.41
2025-08-17T08:00:00+00:00,9.7,75.29,65.59
2025-08-17T09:00:00+00:00,0.65,80.1,79.44999999999999
2025-08-17T10:00:00+00:00,0.65,89.6,88.94999999999999
2025-08-17T11:00:00+00:00,0.0,86.4,86.4
2025-08-17T12:00:00+00:00,0.0,82.0,82.0
2025-08-17T13:00:00+00:00,0.65,80.0,79.35
2025-08-17T14:00:00+00:00,5.13,99.39,94.26
2025-08-17T15:00:00+00:00,16.72,109.81,93.09
2025-08-17T16:00:00+00:00,51.45,116.9,65.45
2025-08-17T17:00:00+00:00,94.03,123.49,29.459999999999994
2025-08-17T18:00:00+00:00,108.6,126.95,18.35000000000001
2025-08-17T19:00:00+00:00,108.05,123.0,14.950000000000003
2025-08-17T20:00:00+00:00,101.82,123.0,21.180000000000007
2025-08-17T21:00:00+00:00,95.84,120.0,24.159999999999997
2025-08-17T22:00:00+00:00,76.15,116.0,39.849999999999994
2025-08-17T23:00:00+00:00,56.54,107.67,51.13
2025-08-18T00:00:00+00:00,74.12,107.79,33.67
2025-08-18T01:00:00+00:00,62.61,107.18,44.57000000000001
2025-08-18T02:00:00+00:00,63.28,106.76,43.480000000000004
2025-08-18T03:00:00+00:00,68.15,107.64,39.489999999999995
2025-08-18T04:00:00+00:00,75.45,115.9,40.45
2025-08-18T05:00:00+00:00,48.64,115.9,67.26
2025-08-18T06:00:00+00:00,67.54,109.81,42.269999999999996
2025-08-18T07:00:00+00:00,78.86,105.1,26.239999999999995
2025-08-18T08:00:00+00:00,61.1,105.1,43.99999999999999
2025-08-18T09:00:00+00:00,45.93,105.1,59.169999999999995
2025-08-18T10:00:00+00:00,20.04,100.0,79.96000000000001
2025-08-18T11:00:00+00:00,14.23,99.83,85.6
2025-08-18T12:00:00+00:00,18.34,105.59,87.25
2025-08-18T13:00:00+00:00,54.56,101.2,46.64
2025-08-18T14:00:00+00:00,69.26,105.1,35.83999999999999
2025-08-18T15:00:00+00:00,84.53,105.78,21.25
2025-08-18T16:00:00+00:00,104.07,110.0,5.930000000000007
2025-08-18T17:00:00+00:00,115.06,123.99,8.929999999999993
2025-08-18T18:00:00+00:00,120.0,124.05,4.049999999999997
2025-08-18T19:00:00+00:00,120.76,122.99,2.2299999999999898
2025-08-18T20:00:00+00:00,100.44,109.81,9.370000000000005
2025-08-18T21:00:00+00:00,79.56,107.78,28.22
2025-08-18T22:00:00+00:00,93.04,105.1,12.059999999999988
2025-08-18T23:00:00+00:00,76.5,105.1,28.599999999999994
2025-08-19T00:00:00+00:00,71.81,100.0,28.189999999999998
2025-08-19T01:00:00+00:00,66.46,104.23,37.77000000000001
2025-08-19T02:00:00+00:00,65.51,104.07,38.55999999999999
2025-08-19T03:00:00+00:00,75.06,108.83,33.769999999999996
2025-08-19T04:00:00+00:00,85.15,111.3,26.14999999999999
2025-08-19T05:00:00+00:00,95.02,115.0,19.980000000000004
2025-08-19T06:00:00+00:00,98.05,105.0,6.950000000000003
2025-08-19T07:00:00+00:00,88.57,99.5,10.930000000000007
2025-08-19T08:00:00+00:00,69.64,92.71,23.069999999999993
2025-08-19T09:00:00+00:00,43.23,88.6,45.37
2025-08-19T10:00:00+00:00,30.0,68.12,38.120000000000005
2025-08-19T11:00:00+00:00,29.14,75.29,46.150000000000006
2025-08-19T12:00:00+00:00,30.91,80.0,49.09
2025-08-19T13:00:00+00:00,40.54,85.81,45.27
2025-08-19T14:00:00+00:00,58.18,102.21,44.029999999999994
2025-08-19T15:00:00+00:00,63.33,112.08,48.75
2025-08-19T16:00:00+00:00,63.0,119.0,56.0
2025-08-19T17:00:00+00:00,88.97,123.0,34.03
2025-08-19T18:00:00+00:00,97.74,123.0,25.260000000000005
2025-08-19T19:00:00+00:00,98.04,114.7,16.659999999999997
2025-08-19T20:00:00+00:00,98.0,108.47,10.469999999999999
2025-08-19T21:00:00+00:00,83.76,105.1,21.33999999999999
2025-08-19T22:00:00+00:00,82.9,110.0,27.099999999999994
2025-08-19T23:00:00+00:00,74.12,107.36,33.239999999999995
2025-08-20T00:00:00+00:00,67.05,105.1,38.05
2025-08-20T01:00:00+00:00,66.08,103.84,37.760000000000005
2025-08-20T02:00:00+00:00,64.95,103.84,38.89
2025-08-20T03:00:00+00:00,70.6,105.1,34.5
2025-08-20T04:00:00+00:00,74.07,110.0,35.93000000000001
2025-08-20T05:00:00+00:00,78.43,114.66,36.22999999999999
2025-08-20T06:00:00+00:00,89.81,116.3,26.489999999999995
2025-08-20T07:00:00+00:00,71.55,116.62,45.07000000000001
2025-08-20T08:00:00+00:00,49.8,110.0,60.2
2025-08-20T09:00:00+00:00,56.03,105.0,48.97
2025-08-20T10:00:00+00:00,49.02,93.89,44.87
2025-08-20T11:00:00+00:00,35.0,94.29,59.290000000000006
2025-08-20T12:00:00+00:00,31.53,101.43,69.9
2025-08-20T13:00:00+00:00,27.2,105.0,77.8
2025-08-20T14:00:00+00:00,27.99,106.0,78.01
2025-08-20T15:00:00+00:00,37.72,110.0,72.28
2025-08-20T16:00:00+00:00,54.11,115.69,61.58
2025-08-20T17:00:00+00:00,69.27,131.04,61.769999999999996
2025-08-20T18:00:00+00:00,78.73,126.97,48.239999999999995
2025-08-20T19:00:00+00:00,100.07,118.25,18.180000000000007
2025-08-20T20:00:00+00:00,97.52,110.74,13.219999999999999
2025-08-20T21:00:00+00:00,84.98,110.0,25.019999999999996
2025-08-20T22:00:00+00:00,26.33,114.65,88.32000000000001
2025-08-20T23:00:00+00:00,19.37,118.21,98.83999999999999
2025-08-21T00:00:00+00:00,44.65,106.42,61.77
2025-08-21T01:00:00+00:00,37.99,101.58,63.589999999999996
2025-08-21T02:00:00+00:00,32.93,98.47,65.53999999999999
2025-08-21T03:00:00+00:00,16.81,103.84,87.03
2025-08-21T04:00:00+00:00,39.93,108.73,68.80000000000001
2025-08-21T05:00:00+00:00,40.2,111.33,71.13
2025-08-21T06:00:00+00:00,61.06,118.21,57.14999999999999
2025-08-21T07:00:00+00:00,50.2,111.89,61.69
2025-08-21T08:00:00+00:00,25.67,105.1,79.42999999999999
2025-08-21T09:00:00+00:00,10.0,95.73,85.73
2025-08-21T10:00:00+00:00,7.89,85.9,78.01
2025-08-21T11:00:00+00:00,5.11,85.71,80.6
2025-08-21T12:00:00+00:00,5.11,92.96,87.85
2025-08-21T13:00:00+00:00,3.52,95.4,91.88000000000001
2025-08-21T14:00:00+00:00,5.79,105.49,99.69999999999999
2025-08-21T15:00:00+00:00,8.99,111.0,102.01
2025-08-21T16:00:00+00:00,25.0,110.0,85.0
2025-08-21T17:00:00+00:00,50.0,125.84,75.84
2025-08-21T18:00:00+00:00,77.84,130.0,52.16
2025-08-21T19:00:00+00:00,83.26,120.0,36.739999999999995
2025-08-21T20:00:00+00:00,55.77,117.0,61.23
2025-08-21T21:00:00+00:00,52.05,114.1,62.05
2025-08-21T22:00:00+00:00,66.38,114.38,48.0
2025-08-21T23:00:00+00:00,51.66,111.89,60.230000000000004
2025-08-22T00:00:00+00:00,48.66,105.1,56.44
2025-08-22T01:00:00+00:00,41.88,105.1,63.21999999999999
2025-08-22T02:00:00+00:00,31.51,105.1,73.58999999999999
2025-08-22T03:00:00+00:00,36.41,110.0,73.59
2025-08-22T04:00:00+00:00,71.03,119.57,48.53999999999999
2025-08-22T05:00:00+00:00,70.88,125.32,54.44
2025-08-22T06:00:00+00:00,75.1,116.9,41.80000000000001
2025-08-22T07:00:00+00:00,49.67,104.19,54.519999999999996
2025-08-22T08:00:00+00:00,15.57,96.0,80.43
2025-08-22T09:00:00+00:00,5.11,79.4,74.29
2025-08-22T10:00:00+00:00,19.02,68.0,48.980000000000004
2025-08-22T11:00:00+00:00,6.83,68.56,61.730000000000004
2025-08-22T12:00:00+00:00,5.37,76.51,71.14
2025-08-22T13:00:00+00:00,10.07,82.0,71.93
2025-08-22T14:00:00+00:00,23.6,89.17,65.57
2025-08-22T15:00:00+00:00,26.45,103.99,77.53999999999999
2025-08-22T16:00:00+00:00,73.48,115.0,41.519999999999996
2025-08-22T17:00:00+00:00,84.56,122.0,37.44
2025-08-22T18:00:00+00:00,104.53,123.18,18.650000000000006
2025-08-22T19:00:00+00:00,103.49,125.0,21.510000000000005
2025-08-22T20:00:00+00:00,101.59,115.0,13.409999999999997
2025-08-22T21:00:00+00:00,94.37,118.0,23.629999999999995
2025-08-22T22:00:00+00:00,95.33,107.87,12.540000000000006
2025-08-22T23:00:00+00:00,89.32,105.1,15.780000000000001
2025-08-23T00:00:00+00:00,80.94,105.0,24.060000000000002
2025-08-23T01:00:00+00:00,78.21,107.21,29.0
2025-08-23T02:00:00+00:00,76.06,107.04,30.980000000000004
2025-08-23T03:00:00+00:00,79.1,107.87,28.77000000000001
2025-08-23T04:00:00+00:00,84.28,122.0,37.72
2025-08-23T05:00:00+00:00,86.42,115.0,28.58
2025-08-23T06:00:00+00:00,79.15,105.0,25.849999999999994
2025-08-23T07:00:00+00:00,55.02,97.84,42.82
2025-08-23T08:00:00+00:00,15.85,97.78,81.93
2025-08-23T09:00:00+00:00,3.46,88.49,85.03
2025-08-23T10:00:00+00:00,1.82,74.99,73.17
2025-08-23T11:00:00+00:00,0.75,60.5,59.75
2025-08-23T12:00:00+00:00,0.65,69.49,68.83999999999999
2025-08-23T13:00:00+00:00,3.52,60.5,56.98
2025-08-23T14:00:00+00:00,11.99,60.5,48.51
2025-08-23T15:00:00+00:00,38.38,98.3,59.919999999999995
2025-08-23T16:00:00+00:00,76.9,110.0,33.099999999999994
2025-08-23T17:00:00+00:00,106.96,115.0,8.040000000000006
2025-08-23T18:00:00+00:00,118.85,122.22,3.3700000000000045
2025-08-23T19:00:00+00:00,117.12,119.92,2.799999999999997
2025-08-23T20:00:00+00:00,111.16,113.84,2.680000000000007
2025-08-23T21:00:00+00:00,105.3,105.98,0.6800000000000068
2025-08-23T22:00:00+00:00,100.5,105.1,4.599999999999994
2025-08-23T23:00:00+00:00,95.0,105.1,10.099999999999994
2025-08-24T00:00:00+00:00,88.99,105.1,16.11
2025-08-24T01:00:00+00:00,85.66,103.84,18.180000000000007
2025-08-24T02:00:00+00:00,83.61,100.0,16.39
2025-08-24T03:00:00+00:00,86.53,103.84,17.310000000000002
2025-08-24T04:00:00+00:00,90.0,103.84,13.840000000000003
2025-08-24T05:00:00+00:00,82.51,102.0,19.489999999999995
2025-08-24T06:00:00+00:00,67.06,99.5,32.44
2025-08-24T07:00:00+00:00,4.56,103.48,98.92
2025-08-24T08:00:00+00:00,-0.01,96.3,96.31
2025-08-24T09:00:00+00:00,-0.07,84.79,84.86
2025-08-24T10:00:00+00:00,-1.98,81.86,83.84
2025-08-24T11:00:00+00:00,-7.45,78.19,85.64
2025-08-24T12:00:00+00:00,-7.4,73.06,80.46000000000001
2025-08-24T13:00:00+00:00,-0.1,48.0,48.1
2025-08-24T14:00:00+00:00,0.0,38.63,38.63
2025-08-24T15:00:00+00:00,12.93,90.0,77.07
2025-08-24T16:00:00+00:00,61.15,110.0,48.85
2025-08-24T17:00:00+00:00,98.57,113.84,15.27000000000001
2025-08-24T18:00:00+00:00,114.99,117.0,2.010000000000005
2025-08-24T19:00:00+00:00,114.32,114.32,0.0
2025-08-24T20:00:00+00:00,107.5,120.0,12.5
2025-08-24T21:00:00+00:00,100.52,115.0,14.480000000000004
2025-08-24T22:00:00+00:00,95.28,107.0,11.719999999999999
2025-08-24T23:00:00+00:00,87.03,105.1,18.069999999999993
2025-08-25T00:00:00+00:00,74.55,105.1,30.549999999999997
2025-08-25T01:00:00+00:00,60.88,105.1,44.21999999999999
2025-08-25T02:00:00+00:00,62.43,105.1,42.669999999999995
2025-08-25T03:00:00+00:00,80.16,111.0,30.840000000000003
2025-08-25T04:00:00+00:00,91.9,120.64,28.739999999999995
2025-08-25T05:00:00+00:00,102.52,132.47,29.950000000000003
2025-08-25T06:00:00+00:00,101.82,141.38,39.56
2025-08-25T07:00:00+00:00,91.97,125.22,33.25
2025-08-25T08:00:00+00:00,73.5,118.0,44.5
2025-08-25T09:00:00+00:00,35.02,110.79,75.77000000000001
2025-08-25T10:00:00+00:00,10.0,103.84,93.84
2025-08-25T11:00:00+00:00,5.93,103.84,97.91
2025-08-25T12:00:00+00:00,6.78,107.0,100.22
2025-08-25T13:00:00+00:00,25.2,105.1,79.89999999999999
2025-08-25T14:00:00+00:00,56.43,108.65,52.220000000000006
2025-08-25T15:00:00+00:00,76.19,113.84,37.650000000000006
2025-08-25T16:00:00+00:00,97.43,124.0,26.569999999999993
2025-08-25T17:00:00+00:00,114.78,139.32,24.539999999999992
2025-08-25T18:00:00+00:00,125.95,128.93,2.980000000000004
2025-08-25T19:00:00+00:00,126.28,126.28,0.0
2025-08-25T20:00:00+00:00,115.04,115.04,0.0
2025-08-25T21:00:00+00:00,105.15,115.0,9.849999999999994
2025-08-25T22:00:00+00:00,94.83,105.7,10.870000000000005
2025-08-25T23:00:00+00:00,86.78,105.1,18.319999999999993
2025-08-26T00:00:00+00:00,70.37,105.1,34.72999999999999
2025-08-26T01:00:00+00:00,63.58,102.56,38.980000000000004
2025-08-26T02:00:00+00:00,58.35,102.56,44.21
2025-08-26T03:00:00+00:00,66.86,105.1,38.239999999999995
2025-08-26T04:00:00+00:00,86.97,118.04,31.070000000000007
2025-08-26T05:00:00+00:00,95.44,130.76,35.31999999999999
2025-08-26T06:00:00+00:00,97.48,132.38,34.89999999999999
2025-08-26T07:00:00+00:00,90.0,123.0,33.0
2025-08-26T08:00:00+00:00,70.0,120.03,50.03
2025-08-26T09:00:00+00:00,60.65,117.49,56.839999999999996
2025-08-26T10:00:00+00:00,41.25,100.0,58.75
2025-08-26T11:00:00+00:00,26.28,99.6,73.32
2025-08-26T12:00:00+00:00,38.05,102.97,64.92
2025-08-26T13:00:00+00:00,47.44,105.1,57.66
2025-08-26T14:00:00+00:00,60.0,110.65,50.650000000000006
2025-08-26T15:00:00+00:00,65.03,114.36,49.33
2025-08-26T16:00:00+00:00,76.1,132.38,56.28
2025-08-26T17:00:00+00:00,103.14,137.0,33.86
2025-08-26T18:00:00+00:00,117.0,137.0,20.0
2025-08-26T19:00:00+00:00,123.46,124.99,1.5300000000000011
2025-08-26T20:00:00+00:00,109.5,112.17,2.6700000000000017
2025-08-26T21:00:00+00:00,97.9,116.0,18.099999999999994
2025-08-26T22:00:00+00:00,97.41,110.0,12.590000000000003
2025-08-26T23:00:00+00:00,90.02,105.03,15.010000000000005
2025-08-27T00:00:00+00:00,86.55,98.37,11.820000000000007
2025-08-27T01:00:00+00:00,80.36,99.5,19.14
2025-08-27T02:00:00+00:00,79.04,105.02,25.97999999999999
2025-08-27T03:00:00+00:00,85.9,105.1,19.19999999999999
2025-08-27T04:00:00+00:00,102.84,114.32,11.47999999999999
2025-08-27T05:00:00+00:00,113.12,129.0,15.879999999999995
2025-08-27T06:00:00+00:00,113.64,130.0,16.36
2025-08-27T07:00:00+00:00,101.63,132.35,30.72
2025-08-27T08:00:00+00:00,85.21,121.0,35.790000000000006
2025-08-27T09:00:00+00:00,77.75,120.0,42.25
2025-08-27T10:00:00+00:00,63.65,111.0,47.35
2025-08-27T11:00:00+00:00,49.85,112.81,62.96
2025-08-27T12:00:00+00:00,50.62,115.0,64.38
2025-08-27T13:00:00+00:00,50.62,122.14,71.52000000000001
2025-08-27T14:00:00+00:00,63.81,115.0,51.19
2025-08-27T15:00:00+00:00,78.73,113.84,35.11
2025-08-27T16:00:00+00:00,89.61,129.8,40.19000000000001
2025-08-27T17:00:00+00:00,99.0,134.79,35.78999999999999
2025-08-27T18:00:00+00:00,109.1,146.54,37.44
2025-08-27T19:00:00+00:00,114.32,126.12,11.800000000000011
2025-08-27T20:00:00+00:00,113.63,114.64,1.0100000000000051
2025-08-27T21:00:00+00:00,103.57,112.41,8.840000000000003
2025-08-27T22:00:00+00:00,97.15,115.48,18.33
2025-08-27T23:00:00+00:00,90.14,115.0,24.86
2025-08-28T00:00:00+00:00,86.07,114.17,28.10000000000001
2025-08-28T01:00:00+00:00,73.25,111.99,38.739999999999995
2025-08-28T02:00:00+00:00,69.4,110.88,41.47999999999999
2025-08-28T03:00:00+00:00,76.42,114.0,37.58
2025-08-28T04:00:00+00:00,83.38,120.0,36.620000000000005
2025-08-28T05:00:00+00:00,90.38,134.68,44.30000000000001
2025-08-28T06:00:00+00:00,90.38,134.68,44.30000000000001
2025-08-28T07:00:00+00:00,69.4,134.79,65.38999999999999
2025-08-28T08:00:00+00:00,42.57,129.0,86.43
2025-08-28T09:00:00+00:00,20.46,121.0,100.53999999999999
2025-08-28T10:00:00+00:00,17.21,114.64,97.43
2025-08-28T11:00:00+00:00,2.09,113.84,111.75
2025-08-28T12:00:00+00:00,0.65,115.0,114.35
2025-08-28T13:00:00+00:00,0.01,116.17,116.16
2025-08-28T14:00:00+00:00,0.65,117.07,116.41999999999999
2025-08-28T15:00:00+00:00,21.04,118.34,97.30000000000001
2025-08-28T16:00:00+00:00,42.46,141.62,99.16
2025-08-28T17:00:00+00:00,71.12,143.71,72.59
2025-08-28T18:00:00+00:00,90.0,141.62,51.620000000000005
2025-08-28T19:00:00+00:00,97.08,123.12,26.040000000000006
2025-08-28T20:00:00+00:00,93.77,115.58,21.810000000000002
2025-08-28T21:00:00+00:00,88.09,113.07,24.97999999999999
2025-08-28T22:00:00+00:00,82.7,111.44,28.739999999999995
2025-08-28T23:00:00+00:00,51.1,108.86,57.76
2025-08-29T00:00:00+00:00,51.93,101.8,49.87
2025-08-29T01:00:00+00:00,25.04,101.8,76.75999999999999
2025-08-29T02:00:00+00:00,17.87,102.22,84.35
2025-08-29T03:00:00+00:00,21.33,106.01,84.68
2025-08-29T04:00:00+00:00,30.57,112.0,81.43
2025-08-29T05:00:00+00:00,45.47,128.73,83.25999999999999
2025-08-29T06:00:00+00:00,57.53,136.49,78.96000000000001
2025-08-29T07:00:00+00:00,42.47,128.65,86.18
2025-08-29T08:00:00+00:00,5.0,120.0,115.0
2025-08-29T09:00:00+00:00,0.83,120.0,119.17
2025-08-29T10:00:00+00:00,3.08,110.57,107.49
2025-08-29T11:00:00+00:00,0.05,107.75,107.7
2025-08-29T12:00:00+00:00,0.0,106.39,106.39
2025-08-29T13:00:00+00:00,0.62,106.23,105.61
2025-08-29T14:00:00+00:00,5.66,113.0,107.34
2025-08-29T15:00:00+00:00,3.42,116.0,112.58
2025-08-29T16:00:00+00:00,22.36,121.62,99.26
2025-08-29T17:00:00+00:00,53.55,135.0,81.45
2025-08-29T18:00:00+00:00,81.8,130.0,48.2
2025-08-29T19:00:00+00:00,63.5,115.0,51.5
2025-08-29T20:00:00+00:00,94.39,112.02,17.629999999999995
2025-08-29T21:00:00+00:00,86.0,110.74,24.739999999999995
2025-08-29T22:00:00+00:00,67.02,106.52,39.5
2025-08-29T23:00:00+00:00,53.66,106.45,52.790000000000006
2025-08-30T00:00:00+00:00,58.64,103.0,44.36
2025-08-30T01:00:00+00:00,81.51,105.1,23.58999999999999
2025-08-30T02:00:00+00:00,37.79,103.38,65.59
2025-08-30T03:00:00+00:00,25.32,106.03,80.71000000000001
2025-08-30T04:00:00+00:00,63.72,107.0,43.28
2025-08-30T05:00:00+00:00,54.56,112.21,57.64999999999999
2025-08-30T06:00:00+00:00,70.57,116.0,45.43000000000001
2025-08-30T07:00:00+00:00,32.0,105.1,73.1
2025-08-30T08:00:00+00:00,12.82,101.84,89.02000000000001
2025-08-30T09:00:00+00:00,5.23,81.0,75.77
2025-08-30T10:00:00+00:00,0.0,35.0,35.0
2025-08-30T11:00:00+00:00,-0.01,17.0,17.01
2025-08-30T12:00:00+00:00,-0.01,10.0,10.01
2025-08-30T13:00:00+00:00,0.0,10.0,10.0
2025-08-30T14:00:00+00:00,2.54,31.0,28.46
2025-08-30T15:00:00+00:00,7.1,83.55,76.45
2025-08-30T16:00:00+00:00,18.99,110.0,91.01
2025-08-30T17:00:00+00:00,57.97,120.0,62.03
2025-08-30T18:00:00+00:00,69.68,124.47,54.78999999999999
2025-08-30T19:00:00+00:00,49.08,112.0,62.92
2025-08-30T20:00:00+00:00,45.08,115.0,69.92
2025-08-30T21:00:00+00:00,40.38,110.37,69.99000000000001
2025-08-30T22:00:00+00:00,15.86,92.46,76.6
2025-08-30T23:00:00+00:00,12.93,90.94,78.00999999999999
2025-08-31T00:00:00+00:00,12.33,89.11,76.78
2025-08-31T01:00:00+00:00,7.61,93.38,85.77
2025-08-31T02:00:00+00:00,5.95,93.13,87.17999999999999
2025-08-31T03:00:00+00:00,8.12,90.34,82.22
2025-08-31T04:00:00+00:00,9.18,82.64,73.46000000000001
2025-08-31T05:00:00+00:00,16.24,90.8,74.56
2025-08-31T06:00:00+00:00,22.15,95.0,72.85
2025-08-31T07:00:00+00:00,3.6,86.8,83.2
2025-08-31T08:00:00+00:00,0.0,69.99,69.99
2025-08-31T09:00:00+00:00,-0.01,49.0,49.01
2025-08-31T10:00:00+00:00,-0.08,20.0,20.08
2025-08-31T11:00:00+00:00,-0.95,40.0,40.95
2025-08-31T12:00:00+00:00,-0.6,35.0,35.6
2025-08-31T13:00:00+00:00,-0.01,49.0,49.01
2025-08-31T14:00:00+00:00,4.22,45.15,40.93
2025-08-31T15:00:00+00:00,4.96,82.64,77.68
2025-08-31T16:00:00+00:00,17.53,111.77,94.24
2025-08-31T17:00:00+00:00,47.15,120.79,73.64000000000001
2025-08-31T18:00:00+00:00,59.55,125.46,65.91
2025-08-31T19:00:00+00:00,73.88,114.0,40.120000000000005
2025-08-31T20:00:00+00:00,71.4,113.25,41.849999999999994
2025-08-31T21:00:00+00:00,62.0,110.0,48.0
2025-08-31T22:00:00+00:00,35.79,90.55,54.76
2025-08-31T23:00:00+00:00,18.07,92.88,74.81
2025-09-01T00:00:00+00:00,22.34,94.59,72.25
2025-09-01T01:00:00+00:00,17.64,91.25,73.61
2025-09-01T02:00:00+00:00,15.0,94.42,79.42
2025-09-01T03:00:00+00:00,25.21,102.48,77.27000000000001
2025-09-01T04:00:00+00:00,33.23,114.74,81.50999999999999
2025-09-01T05:00:00+00:00,53.18,132.0,78.82
2025-09-01T06:00:00+00:00,64.0,135.01,71.00999999999999
2025-09-01T07:00:00+00:00,35.79,112.8,77.00999999999999
2025-09-01T08:00:00+00:00,14.03,107.77,93.74
2025-09-01T09:00:00+00:00,16.64,96.87,80.23
2025-09-01T10:00:00+00:00,13.73,95.77,82.03999999999999
2025-09-01T11:00:00+00:00,6.07,96.18,90.11000000000001
2025-09-01T12:00:00+00:00,0.0,105.1,105.1
2025-09-01T13:00:00+00:00,4.65,107.1,102.44999999999999
2025-09-01T14:00:00+00:00,8.13,110.0,101.87
2025-09-01T15:00:00+00:00,14.08,113.25,99.17
2025-09-01T16:00:00+00:00,23.08,135.01,111.92999999999999
2025-09-01T17:00:00+00:00,55.0,137.55,82.55000000000001
2025-09-01T18:00:00+00:00,80.0,135.01,55.00999999999999
2025-09-01T19:00:00+00:00,84.24,121.95,37.71000000000001
2025-09-01T20:00:00+00:00,84.74,108.31,23.570000000000007
2025-09-01T21:00:00+00:00,78.5,106.78,28.28
2025-09-01T22:00:00+00:00,33.61,104.99,71.38
2025-09-01T23:00:00+00:00,36.79,95.41,58.62
2025-09-02T00:00:00+00:00,52.57,98.96,46.38999999999999
2025-09-02T01:00:00+00:00,40.16,95.47,55.31
2025-09-02T02:00:00+00:00,42.55,94.15,51.60000000000001
2025-09-02T03:00:00+00:00,12.47,99.0,86.53
2025-09-02T04:00:00+00:00,33.44,115.06,81.62
2025-09-02T05:00:00+00:00,34.28,135.59,101.31
2025-09-02T06:00:00+00:00,34.8,135.01,100.21
2025-09-02T07:00:00+00:00,39.0,118.53,79.53
2025-09-02T08:00:00+00:00,7.96,110.0,102.04
2025-09-02T09:00:00+00:00,1.2,106.4,105.2
2025-09-02T10:00:00+00:00,1.5,94.15,92.65
2025-09-02T11:00:00+00:00,0.65,97.02,96.36999999999999
2025-09-02T12:00:00+00:00,0.21,94.81,94.60000000000001
2025-09-02T13:00:00+00:00,1.5,90.54,89.04
2025-09-02T14:00:00+00:00,8.21,99.0,90.78999999999999
2025-09-02T15:00:00+00:00,14.0,105.77,91.77
2025-09-02T16:00:00+00:00,32.89,125.68,92.79
2025-09-02T17:00:00+00:00,84.0,137.32,53.31999999999999
2025-09-02T18:00:00+00:00,53.46,137.32,83.85999999999999
2025-09-02T19:00:00+00:00,34.98,130.0,95.02000000000001
2025-09-02T20:00:00+00:00,42.89,107.96,65.07
2025-09-02T21:00:00+00:00,31.06,105.1,74.03999999999999
2025-09-02T22:00:00+00:00,17.44,105.0,87.56
2025-09-02T23:00:00+00:00,15.65,96.89,81.24
2025-09-03T00:00:00+00:00,10.86,94.37,83.51
2025-09-03T01:00:00+00:00,8.46,94.02,85.56
2025-09-03T02:00:00+00:00,4.11,94.6,90.49
2025-09-03T03:00:00+00:00,8.94,100.0,91.06
2025-09-03T04:00:00+00:00,10.14,108.45,98.31
2025-09-03T05:00:00+00:00,21.34,125.71,104.36999999999999
2025-09-03T06:00:00+00:00,22.6,127.4,104.80000000000001
2025-09-03T07:00:00+00:00,16.37,104.0,87.63
2025-09-03T08:00:00+00:00,0.0,94.99,94.99
2025-09-03T09:00:00+00:00,-0.01,88.89,88.9
2025-09-03T10:00:00+00:00,-0.01,81.7,81.71000000000001
2025-09-03T11:00:00+00:00,-0.02,82.74,82.75999999999999
2025-09-03T12:00:00+00:00,-0.02,88.28,88.3
2025-09-03T13:00:00+00:00,-0.01,84.8,84.81
2025-09-03T14:00:00+00:00,-0.01,94.97,94.98
2025-09-03T15:00:00+00:00,0.0,105.1,105.1
2025-09-03T16:00:00+00:00,12.85,120.0,107.15
2025-09-03T17:00:00+00:00,56.79,135.66,78.87
2025-09-03T18:00:00+00:00,58.21,131.99,73.78
2025-09-03T19:00:00+00:00,53.41,115.0,61.59
2025-09-03T20:00:00+00:00,70.23,108.0,37.769999999999996
2025-09-03T21:00:00+00:00,56.33,107.27,50.94
2025-09-03T22:00:00+00:00,19.84,103.47,83.63
2025-09-03T23:00:00+00:00,14.81,100.0,85.19
2025-09-04T00:00:00+00:00,14.3,100.0,85.7
2025-09-04T01:00:00+00:00,5.96,100.0,94.04
2025-09-04T02:00:00+00:00,5.99,100.0,94.01
2025-09-04T03:00:00+00:00,11.49,100.0,88.51
2025-09-04T04:00:00+00:00,42.15,116.0,73.85
2025-09-04T05:00:00+00:00,52.04,125.63,73.59
2025-09-04T06:00:00+00:00,55.89,125.63,69.74
2025-09-04T07:00:00+00:00,49.6,105.26,55.660000000000004
2025-09-04T08:00:00+00:00,18.07,103.13,85.06
2025-09-04T09:00:00+00:00,5.79,94.93,89.14
2025-09-04T10:00:00+00:00,3.2,87.94,84.74
2025-09-04T11:00:00+00:00,1.72,89.4,87.68
2025-09-04T12:00:00+00:00,1.6,95.54,93.94000000000001
2025-09-04T13:00:00+00:00,1.55,95.81,94.26
2025-09-04T14:00:00+00:00,3.7,102.05,98.35
2025-09-04T15:00:00+00:00,7.01,116.0,108.99
2025-09-04T16:00:00+00:00,28.19,129.93,101.74000000000001
2025-09-04T17:00:00+00:00,62.19,154.0,91.81
2025-09-04T18:00:00+00:00,102.5,141.55,39.05000000000001
2025-09-04T19:00:00+00:00,80.74,127.93,47.19000000000001
2025-09-04T20:00:00+00:00,84.8,109.75,24.950000000000003
2025-09-04T21:00:00+00:00,62.18,105.1,42.919999999999995
2025-09-04T22:00:00+00:00,70.86,100.65,29.790000000000006
2025-09-04T23:00:00+00:00,58.98,100.0,41.02
2025-09-05T00:00:00+00:00,61.49,100.0,38.51
2025-09-05T01:00:00+00:00,50.12,98.65,48.53000000000001
2025-09-05T02:00:00+00:00,52.65,98.65,46.00000000000001
2025-09-05T03:00:00+00:00,52.53,100.11,47.58
2025-09-05T04:00:00+00:00,76.79,120.0,43.209999999999994
2025-09-05T05:00:00+00:00,89.99,126.66,36.67
2025-09-05T06:00:00+00:00,88.22,127.3,39.08
2025-09-05T07:00:00+00:00,79.1,114.4,35.30000000000001
2025-09-05T08:00:00+00:00,35.0,105.1,70.1
2025-09-05T09:00:00+00:00,10.0,105.1,95.1
2025-09-05T10:00:00+00:00,15.0,95.6,80.6
2025-09-05T11:00:00+00:00,18.43,96.2,77.77000000000001
2025-09-05T12:00:00+00:00,6.62,95.91,89.28999999999999
2025-09-05T13:00:00+00:00,17.07,94.69,77.62
2025-09-05T14:00:00+00:00,18.63,102.0,83.37
2025-09-05T15:00:00+00:00,30.4,110.0,79.6
2025-09-05T16:00:00+00:00,45.23,121.51,76.28
2025-09-05T17:00:00+00:00,89.25,131.44,42.19
2025-09-05T18:00:00+00:00,103.97,129.44,25.47
2025-09-05T19:00:00+00:00,107.1,115.36,8.260000000000005
2025-09-05T20:00:00+00:00,95.0,105.9,10.900000000000006
2025-09-05T21:00:00+00:00,88.38,100.7,12.320000000000007
2025-09-05T22:00:00+00:00,74.64,115.0,40.36
2025-09-05T23:00:00+00:00,57.8,110.0,52.2
2025-09-06T00:00:00+00:00,41.35,105.1,63.74999999999999
2025-09-06T01:00:00+00:00,20.66,107.27,86.61
2025-09-06T02:00:00+00:00,20.0,105.41,85.41
2025-09-06T03:00:00+00:00,25.38,106.9,81.52000000000001
2025-09-06T04:00:00+00:00,25.49,108.6,83.11
2025-09-06T05:00:00+00:00,25.86,105.1,79.24
2025-09-06T06:00:00+00:00,29.28,100.52,71.24
2025-09-06T07:00:00+00:00,15.23,105.0,89.77
2025-09-06T08:00:00+00:00,1.72,100.0,98.28
2025-09-06T09:00:00+00:00,0.0,61.8,61.8
2025-09-06T10:00:00+00:00,-0.02,24.5,24.52
2025-09-06T11:00:00+00:00,-0.86,40.0,40.86
2025-09-06T12:00:00+00:00,-0.99,30.77,31.759999999999998
2025-09-06T13:00:00+00:00,-0.01,25.59,25.6
2025-09-06T14:00:00+00:00,-0.01,52.18,52.19
2025-09-06T15:00:00+00:00,0.0,100.0,100.0
2025-09-06T16:00:00+00:00,17.42,120.5,103.08
2025-09-06T17:00:00+00:00,24.37,129.27,104.9
2025-09-06T18:00:00+00:00,42.0,129.27,87.27000000000001
2025-09-06T19:00:00+00:00,19.01,115.04,96.03
2025-09-06T20:00:00+00:00,36.26,115.0,78.74000000000001
2025-09-06T21:00:00+00:00,27.99,111.0,83.01
2025-09-06T22:00:00+00:00,0.0,100.0,100.0
2025-09-06T23:00:00+00:00,-0.01,100.0,100.01
2025-09-07T00:00:00+00:00,-0.01,94.58,94.59
2025-09-07T01:00:00+00:00,-0.01,94.58,94.59
2025-09-07T02:00:00+00:00,-0.01,94.58,94.59
2025-09-07T03:00:00+00:00,-0.01,94.58,94.59
2025-09-07T04:00:00+00:00,0.0,100.0,100.0
2025-09-07T05:00:00+00:00,5.5,98.08,92.58
2025-09-07T06:00:00+00:00,0.0,105.0,105.0
2025-09-07T07:00:00+00:00,-0.09,94.58,94.67
2025-09-07T08:00:00+00:00,-4.0,85.61,89.61
2025-09-07T09:00:00+00:00,-20.09,50.0,70.09
2025-09-07T10:00:00+00:00,-40.02,46.12,86.14
2025-09-07T11:00:00+00:00,-53.4,21.9,75.3
2025-09-07T12:00:00+00:00,-39.45,49.02,88.47
2025-09-07T13:00:00+00:00,-19.84,50.0,69.84
2025-09-07T14:00:00+00:00,-2.4,94.58,96.98
2025-09-07T15:00:00+00:00,6.08,116.1,110.02
2025-09-07T16:00:00+00:00,47.5,131.32,83.82
2025-09-07T17:00:00+00:00,79.02,134.35,55.33
2025-09-07T18:00:00+00:00,95.09,130.0,34.91
2025-09-07T19:00:00+00:00,89.06,120.0,30.939999999999998
2025-09-07T20:00:00+00:00,87.68,111.04,23.36
2025-09-07T21:00:00+00:00,87.08,105.0,17.92
2025-09-07T22:00:00+00:00,66.76,103.4,36.64
2025-09-07T23:00:00+00:00,63.5,103.0,39.5
2025-09-08T00:00:00+00:00,63.39,100.27,36.879999999999995
2025-09-08T01:00:00+00:00,37.78,99.05,61.269999999999996
2025-09-08T02:00:00+00:00,31.86,99.05,67.19
2025-09-08T03:00:00+00:00,55.7,101.22,45.519999999999996
2025-09-08T04:00:00+00:00,77.98,116.15,38.17
2025-09-08T05:00:00+00:00,69.61,140.08,70.47000000000001
2025-09-08T06:00:00+00:00,108.36,133.97,25.61
2025-09-08T07:00:00+00:00,98.21,116.94,18.730000000000004
2025-09-08T08:00:00+00:00,85.83,107.96,22.129999999999995
2025-09-08T09:00:00+00:00,63.0,100.54,37.540000000000006
2025-09-08T10:00:00+00:00,52.01,98.43,46.42000000000001
2025-09-08T11:00:00+00:00,38.56,99.05,60.489999999999995
2025-09-08T12:00:00+00:00,37.21,105.46,68.25
2025-09-08T13:00:00+00:00,27.34,114.4,87.06
2025-09-08T14:00:00+00:00,38.72,121.36,82.64
2025-09-08T15:00:00+00:00,48.64,134.0,85.36
2025-09-08T16:00:00+00:00,73.08,149.0,75.92
2025-09-08T17:00:00+00:00,91.15,155.36,64.21000000000001
2025-09-08T18:00:00+00:00,98.21,143.26,45.05
2025-09-08T19:00:00+00:00,95.26,141.07,45.80999999999999
2025-09-08T20:00:00+00:00,89.35,120.5,31.150000000000006
2025-09-08T21:00:00+00:00,73.08,112.16,39.08
2025-09-08T22:00:00+00:00,37.23,108.0,70.77000000000001
2025-09-08T23:00:00+00:00,37.82,101.17,63.35
2025-09-09T00:00:00+00:00,38.16,101.11,62.95
2025-09-09T01:00:00+00:00,30.98,101.16,70.17999999999999
2025-09-09T02:00:00+00:00,19.02,101.17,82.15
2025-09-09T03:00:00+00:00,28.18,109.31,81.13
2025-09-09T04:00:00+00:00,47.48,119.19,71.71000000000001
2025-09-09T05:00:00+00:00,93.78,125.98,32.2
2025-09-09T06:00:00+00:00,96.44,147.82,51.379999999999995
2025-09-09T07:00:00+00:00,80.71,120.0,39.290000000000006
2025-09-09T08:00:00+00:00,54.93,113.26,58.330000000000005
2025-09-09T09:00:00+00:00,30.22,105.42,75.2
2025-09-09T10:00:00+00:00,26.0,101.17,75.17
2025-09-09T11:00:00+00:00,19.25,101.1,81.85
2025-09-09T12:00:00+00:00,17.19,105.0,87.81
2025-09-09T13:00:00+00:00,8.91,105.0,96.09
2025-09-09T14:00:00+00:00,16.57,110.0,93.43
2025-09-09T15:00:00+00:00,32.26,120.0,87.74000000000001
2025-09-09T16:00:00+00:00,56.0,136.0,80.0
2025-09-09T17:00:00+00:00,90.0,133.0,43.0
2025-09-09T18:00:00+00:00,111.37,133.0,21.629999999999995
2025-09-09T19:00:00+00:00,91.6,128.0,36.400000000000006
2025-09-09T20:00:00+00:00,95.49,114.2,18.710000000000008
2025-09-09T21:00:00+00:00,78.37,107.6,29.22999999999999
2025-09-09T22:00:00+00:00,8.55,105.99,97.44
2025-09-09T23:00:00+00:00,4.99,105.0,100.01
2025-09-10T00:00:00+00:00,16.02,105.0,88.98
2025-09-10T01:00:00+00:00,10.68,104.05,93.37
2025-09-10T02:00:00+00:00,6.81,105.0,98.19
2025-09-10T03:00:00+00:00,3.68,113.77,110.08999999999999
2025-09-10T04:00:00+00:00,30.01,125.0,94.99
2025-09-10T05:00:00+00:00,15.0,134.25,119.25
2025-09-10T06:00:00+00:00,20.62,136.52,115.9
2025-09-10T07:00:00+00:00,42.16,130.0,87.84
2025-09-10T08:00:00+00:00,8.0,130.0,122.0
2025-09-10T09:00:00+00:00,0.0,129.54,129.54
2025-09-10T10:00:00+00:00,0.0,113.77,113.77
2025-09-10T11:00:00+00:00,-0.01,113.77,113.78
2025-09-10T12:00:00+00:00,-0.01,114.37,114.38000000000001
2025-09-10T13:00:00+00:00,-0.01,114.64,114.65
2025-09-10T14:00:00+00:00,-0.01,117.74,117.75
2025-09-10T15:00:00+00:00,4.9,125.0,120.1
2025-09-10T16:00:00+00:00,23.09,135.03,111.94
2025-09-10T17:00:00+00:00,51.17,140.03,88.86
2025-09-10T18:00:00+00:00,41.79,146.8,105.01000000000002
2025-09-10T19:00:00+00:00,16.38,114.64,98.26
2025-09-10T20:00:00+00:00,14.0,113.33,99.33
2025-09-10T21:00:00+00:00,14.75,99.67,84.92
2025-09-10T22:00:00+00:00,14.0,104.22,90.22
2025-09-10T23:00:00+00:00,11.7,104.39,92.69
2025-09-11T00:00:00+00:00,10.53,106.77,96.24
2025-09-11T01:00:00+00:00,0.0,105.1,105.1
2025-09-11T02:00:00+00:00,0.0,103.62,103.62
2025-09-11T03:00:00+00:00,8.84,104.93,96.09
2025-09-11T04:00:00+00:00,9.64,118.13,108.49
2025-09-11T05:00:00+00:00,28.59,134.73,106.13999999999999
2025-09-11T06:00:00+00:00,37.08,136.98,99.89999999999999
2025-09-11T07:00:00+00:00,17.13,130.0,112.87
2025-09-11T08:00:00+00:00,0.03,114.55,114.52
2025-09-11T09:00:00+00:00,-0.01,105.1,105.11
2025-09-11T10:00:00+00:00,-0.01,90.0,90.01
2025-09-11T11:00:00+00:00,-0.01,89.22,89.23
2025-09-11T12:00:00+00:00,-0.01,90.0,90.01
2025-09-11T13:00:00+00:00,-0.01,101.16,101.17
2025-09-11T14:00:00+00:00,-0.01,113.42,113.43
2025-09-11T15:00:00+00:00,0.0,115.74,115.74
2025-09-11T16:00:00+00:00,7.05,125.93,118.88000000000001
2025-09-11T17:00:00+00:00,32.46,138.38,105.91999999999999
2025-09-11T18:00:00+00:00,25.85,136.98,111.13
2025-09-11T19:00:00+00:00,11.81,118.01,106.2
2025-09-11T20:00:00+00:00,15.97,113.63,97.66
2025-09-11T21:00:00+00:00,11.87,111.03,99.16
2025-09-11T22:00:00+00:00,0.0,113.74,113.74
2025-09-11T23:00:00+00:00,0.01,104.99,104.97999999999999
2025-09-12T00:00:00+00:00,0.44,102.56,102.12
2025-09-12T01:00:00+00:00,0.01,100.86,100.85
2025-09-12T02:00:00+00:00,0.01,100.86,100.85
2025-09-12T03:00:00+00:00,3.0,104.99,101.99
2025-09-12T04:00:00+00:00,11.58,127.48,115.9
2025-09-12T05:00:00+00:00,21.04,140.0,118.96000000000001
2025-09-12T06:00:00+00:00,41.82,135.0,93.18
2025-09-12T07:00:00+00:00,26.68,116.0,89.32
2025-09-12T08:00:00+00:00,1.85,110.28,108.43
2025-09-12T09:00:00+00:00,0.0,102.0,102.0
2025-09-12T10:00:00+00:00,1.77,97.29,95.52000000000001
2025-09-12T11:00:00+00:00,0.0,95.78,95.78
2025-09-12T12:00:00+00:00,0.0,94.97,94.97
2025-09-12T13:00:00+00:00,0.0,95.78,95.78
2025-09-12T14:00:00+00:00,3.52,105.0,101.48
2025-09-12T15:00:00+00:00,19.68,118.72,99.03999999999999
2025-09-12T16:00:00+00:00,39.92,132.17,92.24999999999999
2025-09-12T17:00:00+00:00,61.68,140.0,78.32
2025-09-12T18:00:00+00:00,66.34,137.0,70.66
2025-09-12T19:00:00+00:00,46.0,115.74,69.74
2025-09-12T20:00:00+00:00,49.97,110.0,60.03
2025-09-12T21:00:00+00:00,41.2,110.0,68.8
2025-09-12T22:00:00+00:00,9.45,119.27,109.82
2025-09-12T23:00:00+00:00,9.17,110.99,101.82
2025-09-13T00:00:00+00:00,10.35,110.0,99.65
2025-09-13T01:00:00+00:00,7.39,106.63,99.24
2025-09-13T02:00:00+00:00,7.0,105.13,98.13
2025-09-13T03:00:00+00:00,7.75,105.72,97.97
2025-09-13T04:00:00+00:00,10.55,105.1,94.55
2025-09-13T05:00:00+00:00,9.63,112.88,103.25
2025-09-13T06:00:00+00:00,13.63,110.0,96.37
2025-09-13T07:00:00+00:00,12.42,100.93,88.51
2025-09-13T08:00:00+00:00,9.62,91.99,82.36999999999999
2025-09-13T09:00:00+00:00,2.37,81.77,79.39999999999999
2025-09-13T10:00:00+00:00,0.0,62.0,62.0
2025-09-13T11:00:00+00:00,-0.01,50.0,50.01
2025-09-13T12:00:00+00:00,-0.01,63.0,63.01
2025-09-13T13:00:00+00:00,0.0,81.0,81.0
2025-09-13T14:00:00+00:00,0.0,100.0,100.0
2025-09-13T15:00:00+00:00,0.65,110.18,109.53
2025-09-13T16:00:00+00:00,14.0,121.1,107.1
2025-09-13T17:00:00+00:00,17.68,128.74,111.06
2025-09-13T18:00:00+00:00,25.27,121.97,96.7
2025-09-13T19:00:00+00:00,10.51,112.25,101.74
2025-09-13T20:00:00+00:00,29.45,105.09,75.64
2025-09-13T21:00:00+00:00,25.73,105.2,79.47
2025-09-13T22:00:00+00:00,45.73,105.78,60.050000000000004
2025-09-13T23:00:00+00:00,22.17,111.98,89.81
2025-09-14T00:00:00+00:00,17.96,106.61,88.65
2025-09-14T01:00:00+00:00,19.06,105.1,86.03999999999999
2025-09-14T02:00:00+00:00,14.42,104.0,89.58
2025-09-14T03:00:00+00:00,16.74,102.87,86.13000000000001
2025-09-14T04:00:00+00:00,19.38,104.77,85.39
2025-09-14T05:00:00+00:00,19.74,102.36,82.62
2025-09-14T06:00:00+00:00,18.9,97.15,78.25
2025-09-14T07:00:00+00:00,23.58,90.26,66.68
2025-09-14T08:00:00+00:00,15.43,61.09,45.660000000000004
2025-09-14T09:00:00+00:00,17.33,20.0,2.6700000000000017
2025-09-14T10:00:00+00:00,6.5,25.0,18.5
2025-09-14T11:00:00+00:00,0.0,10.0,10.0
2025-09-14T12:00:00+00:00,-0.01,10.0,10.01
2025-09-14T13:00:00+00:00,0.0,15.0,15.0
2025-09-14T14:00:00+00:00,5.59,20.11,14.52
2025-09-14T15:00:00+00:00,4.56,86.95,82.39
2025-09-14T16:00:00+00:00,15.65,113.74,98.08999999999999
2025-09-14T17:00:00+00:00,18.4,133.58,115.18
2025-09-14T18:00:00+00:00,16.79,128.57,111.78
2025-09-14T19:00:00+00:00,13.53,117.73,104.2
2025-09-14T20:00:00+00:00,17.36,115.9,98.54
2025-09-14T21:00:00+00:00,12.92,112.25,99.33
2025-09-14T22:00:00+00:00,0.0,109.58,109.58
2025-09-14T23:00:00+00:00,-0.01,105.1,105.11
2025-09-15T00:00:00+00:00,-0.01,103.59,103.60000000000001
2025-09-15T01:00:00+00:00,-0.01,105.0,105.01
2025-09-15T02:00:00+00:00,-0.01,105.0,105.01
2025-09-15T03:00:00+00:00,-0.01,105.1,105.11
2025-09-15T04:00:00+00:00,0.0,121.49,121.49
2025-09-15T05:00:00+00:00,2.18,139.6,137.42
2025-09-15T06:00:00+00:00,19.69,128.5,108.81
2025-09-15T07:00:00+00:00,0.9,110.97,110.07
2025-09-15T08:00:00+00:00,0.0,105.1,105.1
2025-09-15T09:00:00+00:00,-0.01,94.7,94.71000000000001
2025-09-15T10:00:00+00:00,-0.04,92.0,92.04
2025-09-15T11:00:00+00:00,-0.02,94.47,94.49
2025-09-15T12:00:00+00:00,-0.06,94.7,94.76
2025-09-15T13:00:00+00:00,-0.01,103.88,103.89
2025-09-15T14:00:00+00:00,0.0,108.06,108.06
2025-09-15T15:00:00+00:00,0.43,109.9,109.47
2025-09-15T16:00:00+00:00,6.03,128.9,122.87
2025-09-15T17:00:00+00:00,28.19,130.87,102.68
2025-09-15T18:00:00+00:00,9.37,126.8,117.42999999999999
2025-09-15T19:00:00+00:00,5.16,117.73,112.57000000000001
2025-09-15T20:00:00+00:00,5.17,109.37,104.2
2025-09-15T21:00:00+00:00,4.29,107.0,102.71
2025-09-15T22:00:00+00:00,5.0,110.0,105.0
2025-09-15T23:00:00+00:00,3.39,105.1,101.71
2025-09-16T00:00:00+00:00,3.23,103.59,100.36
2025-09-16T01:00:00+00:00,1.28,96.9,95.62
2025-09-16T02:00:00+00:00,0.0,96.9,96.9
2025-09-16T03:00:00+00:00,4.25,102.5,98.25
2025-09-16T04:00:00+00:00,6.27,109.91,103.64
2025-09-16T05:00:00+00:00,16.21,126.81,110.6
2025-09-16T06:00:00+00:00,21.58,125.01,103.43
2025-09-16T07:00:00+00:00,11.39,109.9,98.51
2025-09-16T08:00:00+00:00,0.0,104.68,104.68
2025-09-16T09:00:00+00:00,0.0,97.13,97.13
2025-09-16T10:00:00+00:00,0.0,94.02,94.02
2025-09-16T11:00:00+00:00,-0.01,90.0,90.01
2025-09-16T12:00:00+00:00,-0.01,93.52,93.53
2025-09-16T13:00:00+00:00,0.0,99.5,99.5
2025-09-16T14:00:00+00:00,0.0,109.59,109.59
2025-09-16T15:00:00+00:00,16.87,117.67,100.8
2025-09-16T16:00:00+00:00,69.29,129.66,60.36999999999999
2025-09-16T17:00:00+00:00,109.03,135.0,25.97
2025-09-16T18:00:00+00:00,117.0,126.81,9.810000000000002
2025-09-16T19:00:00+00:00,96.81,115.0,18.189999999999998
2025-09-16T20:00:00+00:00,86.49,106.99,20.5
2025-09-16T21:00:00+00:00,73.84,104.42,30.58
2025-09-16T22:00:00+00:00,71.57,105.01,33.44000000000001
2025-09-16T23:00:00+00:00,63.37,101.21,37.839999999999996
2025-09-17T00:00:00+00:00,50.98,92.18,41.20000000000001
2025-09-17T01:00:00+00:00,40.32,101.76,61.440000000000005
2025-09-17T02:00:00+00:00,32.0,94.02,62.019999999999996
2025-09-17T03:00:00+00:00,35.16,102.86,67.7
2025-09-17T04:00:00+00:00,67.78,114.9,47.120000000000005
2025-09-17T05:00:00+00:00,111.07,129.22,18.150000000000006
2025-09-17T06:00:00+00:00,112.08,130.0,17.92
2025-09-17T07:00:00+00:00,85.85,124.22,38.370000000000005
2025-09-17T08:00:00+00:00,57.9,120.0,62.1
2025-09-17T09:00:00+00:00,37.6,108.0,70.4
2025-09-17T10:00:00+00:00,18.05,91.9,73.85000000000001
2025-09-17T11:00:00+00:00,7.88,88.91,81.03
2025-09-17T12:00:00+00:00,0.09,90.33,90.24
2025-09-17T13:00:00+00:00,6.11,94.02,87.91
2025-09-17T14:00:00+00:00,12.63,102.0,89.37
2025-09-17T15:00:00+00:00,50.0,107.2,57.2
2025-09-17T16:00:00+00:00,83.12,124.22,41.099999999999994
2025-09-17T17:00:00+00:00,111.76,137.8,26.040000000000006
2025-09-17T18:00:00+00:00,123.55,134.3,10.750000000000014
2025-09-17T19:00:00+00:00,95.2,117.33,22.129999999999995
2025-09-17T20:00:00+00:00,87.36,107.5,20.14
2025-09-17T21:00:00+00:00,63.02,105.24,42.21999999999999
2025-09-17T22:00:00+00:00,27.6,108.33,80.72999999999999
2025-09-17T23:00:00+00:00,27.02,105.1,78.08
2025-09-18T00:00:00+00:00,27.4,103.54,76.14000000000001
2025-09-18T01:00:00+00:00,15.61,100.13,84.52
2025-09-18T02:00:00+00:00,17.23,100.01,82.78
2025-09-18T03:00:00+00:00,25.65,103.97,78.32
2025-09-18T04:00:00+00:00,40.7,116.73,76.03
2025-09-18T05:00:00+00:00,100.05,135.0,34.95
2025-09-18T06:00:00+00:00,102.63,131.89,29.25999999999999
2025-09-18T07:00:00+00:00,79.09,108.7,29.61
2025-09-18T08:00:00+00:00,56.4,108.33,51.93
2025-09-18T09:00:00+00:00,5.87,95.73,89.86
2025-09-18T10:00:00+00:00,0.2,80.64,80.44
2025-09-18T11:00:00+00:00,0.0,79.23,79.23
2025-09-18T12:00:00+00:00,0.0,86.28,86.28
2025-09-18T13:00:00+00:00,0.52,95.73,95.21000000000001
2025-09-18T14:00:00+00:00,15.31,108.33,93.02
2025-09-18T15:00:00+00:00,45.8,116.73,70.93
2025-09-18T16:00:00+00:00,96.86,128.97,32.11
2025-09-18T17:00:00+00:00,124.7,174.0,49.3
2025-09-18T18:00:00+00:00,127.5,146.83,19.330000000000013
2025-09-18T19:00:00+00:00,110.0,120.3,10.299999999999997
2025-09-18T20:00:00+00:00,99.09,115.0,15.909999999999997
2025-09-18T21:00:00+00:00,88.2,110.91,22.709999999999994
2025-09-18T22:00:00+00:00,74.09,112.69,38.599999999999994
2025-09-18T23:00:00+00:00,65.0,105.2,40.2
2025-09-19T00:00:00+00:00,53.8,102.0,48.2
2025-09-19T01:00:00+00:00,46.93,103.0,56.07
2025-09-19T02:00:00+00:00,44.34,102.89,58.55
2025-09-19T03:00:00+00:00,42.13,104.09,61.96
2025-09-19T04:00:00+00:00,35.66,121.14,85.48
2025-09-19T05:00:00+00:00,81.19,141.08,59.890000000000015
2025-09-19T06:00:00+00:00,92.77,132.84,40.07000000000001
2025-09-19T07:00:00+00:00,49.14,110.0,60.86
2025-09-19T08:00:00+00:00,35.74,104.09,68.35
2025-09-19T09:00:00+00:00,13.0,98.95,85.95
2025-09-19T10:00:00+00:00,0.99,92.8,91.81
2025-09-19T11:00:00+00:00,0.0,90.31,90.31
2025-09-19T12:00:00+00:00,0.0,101.0,101.0
2025-09-19T13:00:00+00:00,11.97,96.91,84.94
2025-09-19T14:00:00+00:00,33.04,112.37,79.33000000000001
2025-09-19T15:00:00+00:00,65.87,114.82,48.94999999999999
2025-09-19T16:00:00+00:00,76.0,151.4,75.4
2025-09-19T17:00:00+00:00,108.14,180.9,72.76
2025-09-19T18:00:00+00:00,105.01,155.18,50.17
2025-09-19T19:00:00+00:00,85.6,119.0,33.400000000000006
2025-09-19T20:00:00+00:00,86.21,113.85,27.64
2025-09-19T21:00:00+00:00,79.14,115.0,35.86
2025-09-19T22:00:00+00:00,0.0,122.5,122.5
2025-09-19T23:00:00+00:00,14.71,110.33,95.62
2025-09-20T00:00:00+00:00,20.02,108.98,88.96000000000001
2025-09-20T01:00:00+00:00,19.31,106.56,87.25
2025-09-20T02:00:00+00:00,20.41,105.5,85.09
2025-09-20T03:00:00+00:00,19.31,108.0,88.69
2025-09-20T04:00:00+00:00,25.64,125.0,99.36
2025-09-20T05:00:00+00:00,20.8,127.44,106.64
2025-09-20T06:00:00+00:00,18.47,116.5,98.03
2025-09-20T07:00:00+00:00,24.87,116.94,92.07
2025-09-20T08:00:00+00:00,3.39,102.49,99.1
2025-09-20T09:00:00+00:00,3.94,71.0,67.06
2025-09-20T10:00:00+00:00,1.72,60.0,58.28
2025-09-20T11:00:00+00:00,0.0,41.96,41.96
2025-09-20T12:00:00+00:00,0.0,54.06,54.06
2025-09-20T13:00:00+00:00,0.65,70.0,69.35
2025-09-20T14:00:00+00:00,4.31,101.12,96.81
2025-09-20T15:00:00+00:00,15.43,120.29,104.86000000000001
2025-09-20T16:00:00+00:00,32.52,128.0,95.47999999999999
2025-09-20T17:00:00+00:00,44.62,143.56,98.94
2025-09-20T18:00:00+00:00,68.65,131.06,62.41
2025-09-20T19:00:00+00:00,58.21,127.44,69.22999999999999
2025-09-20T20:00:00+00:00,45.32,122.5,77.18
2025-09-20T21:00:00+00:00,17.62,124.6,106.97999999999999
2025-09-20T22:00:00+00:00,9.45,115.0,105.55
2025-09-20T23:00:00+00:00,4.43,107.54,103.11000000000001
2025-09-21T00:00:00+00:00,3.69,105.0,101.31
2025-09-21T01:00:00+00:00,1.95,105.56,103.61
2025-09-21T02:00:00+00:00,2.3,105.1,102.8
2025-09-21T03:00:00+00:00,4.03,105.1,101.07
2025-09-21T04:00:00+00:00,4.41,114.9,110.49000000000001
2025-09-21T05:00:00+00:00,5.23,112.0,106.77
2025-09-21T06:00:00+00:00,4.86,105.1,100.24
2025-09-21T07:00:00+00:00,4.82,96.55,91.72999999999999
2025-09-21T08:00:00+00:00,10.0,80.0,70.0
2025-09-21T09:00:00+00:00,4.48,65.67,61.19
2025-09-21T10:00:00+00:00,8.37,74.9,66.53
2025-09-21T11:00:00+00:00,9.98,54.49,44.510000000000005
2025-09-21T12:00:00+00:00,2.0,48.77,46.77
2025-09-21T13:00:00+00:00,0.89,69.82,68.92999999999999
2025-09-21T14:00:00+00:00,9.47,82.13,72.66
2025-09-21T15:00:00+00:00,5.99,100.29,94.30000000000001
2025-09-21T16:00:00+00:00,15.0,115.27,100.27
2025-09-21T17:00:00+00:00,46.04,125.87,79.83000000000001
2025-09-21T18:00:00+00:00,69.96,128.0,58.040000000000006
2025-09-21T19:00:00+00:00,61.4,125.87,64.47
2025-09-21T20:00:00+00:00,54.8,122.0,67.2
2025-09-21T21:00:00+00:00,38.09,110.0,71.91
2025-09-21T22:00:00+00:00,15.57,108.16,92.59
2025-09-21T23:00:00+00:00,14.08,97.0,82.92
2025-09-22T00:00:00+00:00,21.44,101.0,79.56
2025-09-22T01:00:00+00:00,11.33,100.5,89.17
2025-09-22T02:00:00+00:00,4.14,100.99,96.85
2025-09-22T03:00:00+00:00,1.5,102.7,101.2
2025-09-22T04:00:00+00:00,10.66,111.57,100.91
2025-09-22T05:00:00+00:00,41.9,125.77,83.87
2025-09-22T06:00:00+00:00,62.03,135.82,73.78999999999999
2025-09-22T07:00:00+00:00,29.35,122.19,92.84
2025-09-22T08:00:00+00:00,2.0,115.0,113.0
2025-09-22T09:00:00+00:00,0.0,111.0,111.0
2025-09-22T10:00:00+00:00,0.0,105.0,105.0
2025-09-22T11:00:00+00:00,-0.01,105.0,105.01
2025-09-22T12:00:00+00:00,-0.01,112.4,112.41000000000001
2025-09-22T13:00:00+00:00,-0.01,123.89,123.9
2025-09-22T14:00:00+00:00,-0.01,122.19,122.2
2025-09-22T15:00:00+00:00,-0.01,116.56,116.57000000000001
2025-09-22T16:00:00+00:00,1.54,129.18,127.64
2025-09-22T17:00:00+00:00,39.66,155.42,115.75999999999999
2025-09-22T18:00:00+00:00,17.28,132.82,115.53999999999999
2025-09-22T19:00:00+00:00,9.22,116.56,107.34
2025-09-22T20:00:00+00:00,6.7,109.18,102.48
2025-09-22T21:00:00+00:00,26.47,107.34,80.87
2025-09-22T22:00:00+00:00,9.93,105.08,95.15
2025-09-22T23:00:00+00:00,7.27,104.65,97.38000000000001
2025-09-23T00:00:00+00:00,1.5,105.0,103.5
2025-09-23T01:00:00+00:00,-0.01,101.47,101.48
2025-09-23T02:00:00+00:00,-0.01,97.09,97.10000000000001
2025-09-23T03:00:00+00:00,-0.01,105.0,105.01
2025-09-23T04:00:00+00:00,17.26,121.81,104.55
2025-09-23T05:00:00+00:00,25.26,143.79,118.52999999999999
2025-09-23T06:00:00+00:00,40.7,147.0,106.3
2025-09-23T07:00:00+00:00,28.03,125.0,96.97
2025-09-23T08:00:00+00:00,3.82,112.0,108.18
2025-09-23T09:00:00+00:00,4.86,110.95,106.09
2025-09-23T10:00:00+00:00,12.42,101.0,88.58
2025-09-23T11:00:00+00:00,0.0,100.08,100.08
2025-09-23T12:00:00+00:00,0.0,105.1,105.1
2025-09-23T13:00:00+00:00,0.0,106.8,106.8
2025-09-23T14:00:00+00:00,0.0,110.87,110.87
2025-09-23T15:00:00+00:00,2.2,123.0,120.8
2025-09-23T16:00:00+00:00,26.47,127.0,100.53
2025-09-23T17:00:00+00:00,58.0,173.74,115.74000000000001
2025-09-23T18:00:00+00:00,40.63,134.09,93.46000000000001
2025-09-23T19:00:00+00:00,18.63,108.0,89.37
2025-09-23T20:00:00+00:00,21.96,105.0,83.03999999999999
2025-09-23T21:00:00+00:00,21.02,104.92,83.9
2025-09-23T22:00:00+00:00,0.0,108.74,108.74
2025-09-23T23:00:00+00:00,0.0,103.97,103.97
2025-09-24T00:00:00+00:00,0.0,97.44,97.44
2025-09-24T01:00:00+00:00,0.05,103.47,103.42
2025-09-24T02:00:00+00:00,0.0,103.46,103.46
2025-09-24T03:00:00+00:00,0.08,108.55,108.47
2025-09-24T04:00:00+00:00,0.0,115.09,115.09
2025-09-24T05:00:00+00:00,36.89,127.02,90.13
2025-09-24T06:00:00+00:00,69.01,140.49,71.48
2025-09-24T07:00:00+00:00,57.91,127.49,69.58
2025-09-24T08:00:00+00:00,9.52,119.93,110.41000000000001
2025-09-24T09:00:00+00:00,15.77,114.0,98.23
2025-09-24T10:00:00+00:00,27.1,110.0,82.9
2025-09-24T11:00:00+00:00,5.95,105.67,99.72
2025-09-24T12:00:00+00:00,0.65,102.36,101.71
2025-09-24T13:00:00+00:00,0.01,105.67,105.66
2025-09-24T14:00:00+00:00,0.65,110.04,109.39
2025-09-24T15:00:00+00:00,20.1,115.0,94.9
2025-09-24T16:00:00+00:00,72.72,125.0,52.28
2025-09-24T17:00:00+00:00,95.0,135.49,40.49000000000001
2025-09-24T18:00:00+00:00,100.61,125.0,24.39
2025-09-24T19:00:00+00:00,89.66,105.67,16.010000000000005
2025-09-24T20:00:00+00:00,85.96,108.99,23.03
2025-09-24T21:00:00+00:00,70.47,103.54,33.07000000000001
2025-09-24T22:00:00+00:00,62.68,93.7,31.020000000000003
2025-09-24T23:00:00+00:00,54.9,92.3,37.4
2025-09-25T00:00:00+00:00,52.87,92.3,39.43
2025-09-25T01:00:00+00:00,40.35,91.53,51.18
2025-09-25T02:00:00+00:00,23.88,91.56,67.68
2025-09-25T03:00:00+00:00,53.52,93.32,39.79999999999999
2025-09-25T04:00:00+00:00,78.84,112.29,33.45
2025-09-25T05:00:00+00:00,86.9,128.32,41.41999999999999
2025-09-25T06:00:00+00:00,116.89,124.99,8.099999999999994
2025-09-25T07:00:00+00:00,88.57,110.29,21.720000000000013
2025-09-25T08:00:00+00:00,55.12,107.9,52.78000000000001
2025-09-25T09:00:00+00:00,30.2,105.1,74.89999999999999
2025-09-25T10:00:00+00:00,38.72,93.48,54.760000000000005
2025-09-25T11:00:00+00:00,25.93,93.64,67.71000000000001
2025-09-25T12:00:00+00:00,20.1,93.73,73.63
2025-09-25T13:00:00+00:00,22.74,94.3,71.56
2025-09-25T14:00:00+00:00,25.93,104.52,78.59
2025-09-25T15:00:00+00:00,53.13,111.15,58.02
2025-09-25T16:00:00+00:00,76.01,117.07,41.05999999999999
2025-09-25T17:00:00+00:00,114.11,135.7,21.58999999999999
2025-09-25T18:00:00+00:00,121.79,128.07,6.279999999999987
2025-09-25T19:00:00+00:00,96.73,113.0,16.269999999999996
2025-09-25T20:00:00+00:00,85.69,109.98,24.290000000000006
2025-09-25T21:00:00+00:00,81.09,105.23,24.14
2025-09-25T22:00:00+00:00,78.48,100.0,21.519999999999996
2025-09-25T23:00:00+00:00,72.3,97.67,25.370000000000005
2025-09-26T00:00:00+00:00,72.87,97.67,24.799999999999997
2025-09-26T01:00:00+00:00,69.45,97.67,28.22
2025-09-26T02:00:00+00:00,64.85,97.67,32.82000000000001
2025-09-26T03:00:00+00:00,72.13,98.2,26.070000000000007
2025-09-26T04:00:00+00:00,91.76,110.7,18.939999999999998
2025-09-26T05:00:00+00:00,110.4,125.0,14.599999999999994
2025-09-26T06:00:00+00:00,123.28,126.03,2.75
2025-09-26T07:00:00+00:00,108.8,120.0,11.200000000000003
2025-09-26T08:00:00+00:00,88.59,108.49,19.89999999999999
2025-09-26T09:00:00+00:00,83.86,106.0,22.14
2025-09-26T10:00:00+00:00,79.47,105.0,25.53
2025-09-26T11:00:00+00:00,76.09,102.59,26.5
2025-09-26T12:00:00+00:00,71.9,100.69,28.789999999999992
2025-09-26T13:00:00+00:00,48.35,105.0,56.65
2025-09-26T14:00:00+00:00,66.26,103.94,37.67999999999999
2025-09-26T15:00:00+00:00,73.36,113.03,39.67
2025-09-26T16:00:00+00:00,94.08,122.0,27.92
2025-09-26T17:00:00+00:00,123.6,131.58,7.980000000000018
2025-09-26T18:00:00+00:00,119.61,119.61,0.0
2025-09-26T19:00:00+00:00,106.21,106.21,0.0
2025-09-26T20:00:00+00:00,96.9,101.4,4.5
2025-09-26T21:00:00+00:00,89.9,97.72,7.819999999999993
2025-09-26T22:00:00+00:00,83.93,120.63,36.69999999999999
2025-09-26T23:00:00+00:00,66.2,107.67,41.47
2025-09-27T00:00:00+00:00,57.91,106.87,48.96000000000001
2025-09-27T01:00:00+00:00,54.87,104.13,49.26
2025-09-27T02:00:00+00:00,44.76,99.74,54.98
2025-09-27T03:00:00+00:00,47.51,99.74,52.23
2025-09-27T04:00:00+00:00,69.24,107.47,38.230000000000004
2025-09-27T05:00:00+00:00,66.47,111.42,44.95
2025-09-27T06:00:00+00:00,82.17,116.8,34.629999999999995
2025-09-27T07:00:00+00:00,82.66,108.5,25.840000000000003
2025-09-27T08:00:00+00:00,38.8,106.39,67.59
2025-09-27T09:00:00+00:00,20.25,92.0,71.75
2025-09-27T10:00:00+00:00,16.79,90.37,73.58000000000001
2025-09-27T11:00:00+00:00,12.91,68.5,55.59
2025-09-27T12:00:00+00:00,10.42,77.8,67.38
2025-09-27T13:00:00+00:00,11.66,84.36,72.7
2025-09-27T14:00:00+00:00,12.27,99.7,87.43
2025-09-27T15:00:00+00:00,29.2,112.98,83.78
2025-09-27T16:00:00+00:00,67.0,125.03,58.03
2025-09-27T17:00:00+00:00,92.56,133.34,40.78
2025-09-27T18:00:00+00:00,98.41,123.68,25.27000000000001
2025-09-27T19:00:00+00:00,72.1,113.1,41.0
2025-09-27T20:00:00+00:00,79.69,106.87,27.180000000000007
2025-09-27T21:00:00+00:00,82.05,105.0,22.950000000000003
2025-09-27T22:00:00+00:00,63.51,101.17,37.660000000000004
2025-09-27T23:00:00+00:00,60.86,99.0,38.14
2025-09-28T00:00:00+00:00,59.83,94.08,34.25
2025-09-28T01:00:00+00:00,44.37,95.99,51.62
2025-09-28T02:00:00+00:00,35.29,94.03,58.74
2025-09-28T03:00:00+00:00,52.99,98.2,45.21
2025-09-28T04:00:00+00:00,48.54,101.5,52.96
2025-09-28T05:00:00+00:00,58.87,101.78,42.910000000000004
2025-09-28T06:00:00+00:00,58.87,96.24,37.37
2025-09-28T07:00:00+00:00,57.91,92.08,34.17
2025-09-28T08:00:00+00:00,35.0,85.92,50.92
2025-09-28T09:00:00+00:00,29.16,50.0,20.84
2025-09-28T10:00:00+00:00,17.11,70.37,53.260000000000005
2025-09-28T11:00:00+00:00,8.53,36.03,27.5
2025-09-28T12:00:00+00:00,13.0,39.99,26.990000000000002
2025-09-28T13:00:00+00:00,16.79,50.0,33.21
2025-09-28T14:00:00+00:00,22.97,81.75,58.78
2025-09-28T15:00:00+00:00,37.34,107.47,70.13
2025-09-28T16:00:00+00:00,61.11,124.59,63.480000000000004
2025-09-28T17:00:00+00:00,70.98,131.33,60.35000000000001
2025-09-28T18:00:00+00:00,74.14,125.0,50.86
2025-09-28T19:00:00+00:00,61.0,114.47,53.47
2025-09-28T20:00:00+00:00,69.62,104.92,35.3
2025-09-28T21:00:00+00:00,60.16,98.8,38.64
2025-09-28T22:00:00+00:00,51.6,95.25,43.65
2025-09-28T23:00:00+00:00,47.7,93.32,45.61999999999999
2025-09-29T00:00:00+00:00,45.0,93.32,48.31999999999999
2025-09-29T01:00:00+00:00,32.0,93.03,61.03
2025-09-29T02:00:00+00:00,30.0,93.32,63.31999999999999
2025-09-29T03:00:00+00:00,32.5,103.2,70.7
2025-09-29T04:00:00+00:00,50.0,125.98,75.98
2025-09-29T05:00:00+00:00,74.4,139.58,65.18
2025-09-29T06:00:00+00:00,81.8,142.43,60.63000000000001
2025-09-29T07:00:00+00:00,73.08,120.1,47.019999999999996
2025-09-29T08:00:00+00:00,59.33,92.7,33.370000000000005
2025-09-29T09:00:00+00:00,40.14,88.07,47.92999999999999
2025-09-29T10:00:00+00:00,35.0,81.39,46.39
2025-09-29T11:00:00+00:00,28.3,80.48,52.18000000000001
2025-09-29T12:00:00+00:00,21.99,88.2,66.21000000000001
2025-09-29T13:00:00+00:00,27.94,92.12,64.18
2025-09-29T14:00:00+00:00,35.0,107.02,72.02
2025-09-29T15:00:00+00:00,52.0,126.66,74.66
2025-09-29T16:00:00+00:00,85.0,129.78,44.78
2025-09-29T17:00:00+00:00,101.13,143.45,42.31999999999999
2025-09-29T18:00:00+00:00,133.26,133.26,0.0
2025-09-29T19:00:00+00:00,89.51,125.0,35.489999999999995
2025-09-29T20:00:00+00:00,84.88,112.9,28.02000000000001
2025-09-29T21:00:00+00:00,88.6,103.22,14.620000000000005
2025-09-29T22:00:00+00:00,69.9,99.93,30.03
2025-09-29T23:00:00+00:00,64.7,93.79,29.090000000000003
2025-09-30T00:00:00+00:00,65.9,95.88,29.97999999999999
2025-09-30T01:00:00+00:00,43.63,97.07,53.43999999999999
2025-09-30T02:00:00+00:00,38.0,97.28,59.28
2025-09-30T03:00:00+00:00,30.23,106.78,76.55
2025-09-30T04:00:00+00:00,56.0,131.1,75.1
2025-09-30T05:00:00+00:00,98.18,140.54,42.359999999999985
2025-09-30T06:00:00+00:00,120.0,131.54,11.539999999999992
2025-09-30T07:00:00+00:00,93.97,120.09,26.120000000000005
2025-09-30T08:00:00+00:00,60.1,108.69,48.589999999999996
2025-09-30T09:00:00+00:00,31.0,97.67,66.67
2025-09-30T10:00:00+00:00,24.47,85.78,61.31
2025-09-30T11:00:00+00:00,21.9,90.64,68.74000000000001
2025-09-30T12:00:00+00:00,7.43,92.99,85.56
2025-09-30T13:00:00+00:00,22.89,102.6,79.71
2025-09-30T14:00:00+00:00,25.26,115.0,89.74
2025-09-30T15:00:00+00:00,36.01,126.42,90.41
2025-09-30T16:00:00+00:00,82.99,131.75,48.760000000000005
2025-09-30T17:00:00+00:00,117.0,142.43,25.430000000000007
2025-09-30T18:00:00+00:00,106.18,136.99,30.810000000000002
2025-09-30T19:00:00+00:00,83.23,124.0,40.769999999999996
2025-09-30T20:00:00+00:00,73.0,106.97,33.97
2025-09-30T21:00:00+00:00,75.73,103.88,28.14999999999999
2025-09-30T22:00:00+00:00,79.53,105.2,25.67
2025-09-30T23:00:00+00:00,77.02,98.6675,21.647500000000008
2025-10-01T00:00:00+00:00,47.572500000000005,102.025,54.4525
2025-10-01T01:00:00+00:00,29.47,98.97000000000001,69.50000000000001
2025-10-01T02:00:00+00:00,44.027499999999996,103.0,58.972500000000004
2025-10-01T03:00:00+00:00,28.802500000000002,109.5675,80.76499999999999
2025-10-01T04:00:00+00:00,61.415,124.88,63.464999999999996
2025-10-01T05:00:00+00:00,102.6425,158.975,56.332499999999996
2025-10-01T06:00:00+00:00,120.44000000000001,164.3025,43.8625
2025-10-01T07:00:00+00:00,95.6875,137.56,41.8725
2025-10-01T08:00:00+00:00,67.2625,111.2425,43.980000000000004
2025-10-01T09:00:00+00:00,41.0275,110.4025,69.375
2025-10-01T10:00:00+00:00,23.92,97.91,73.99
2025-10-01T11:00:00+00:00,16.275000000000002,96.3,80.02499999999999
2025-10-01T12:00:00+00:00,14.0225,99.205,85.1825
2025-10-01T13:00:00+00:00,19.245,107.34,88.095
2025-10-01T14:00:00+00:00,36.9725,109.05,72.0775
2025-10-01T15:00:00+00:00,53.192499999999995,129.4675,76.275
2025-10-01T16:00:00+00:00,86.5725,137.77,51.197500000000005
2025-10-01T17:00:00+00:00,125.0575,144.1,19.04249999999999
2025-10-01T18:00:00+00:00,116.7625,130.5875,13.825000000000003
2025-10-01T19:00:00+00:00,77.4125,115.27,37.8575
2025-10-01T20:00:00+00:00,88.5925,110.45250000000001,21.860000000000014
2025-10-01T21:00:00+00:00,77.535,104.90249999999999,27.367499999999993
2025-10-01T22:00:00+00:00,69.25500000000001,99.14,29.88499999999999
2025-10-01T23:00:00+00:00,67.58250000000001,94.99999999999999,27.417499999999976
2025-10-02T00:00:00+00:00,52.9275,93.345,40.4175
2025-10-02T01:00:00+00:00,27.9425,95.0,67.0575
2025-10-02T02:00:00+00:00,39.4375,96.24,56.802499999999995
2025-10-02T03:00:00+00:00,66.6375,99.0875,32.45
2025-10-02T04:00:00+00:00,71.79,124.39,52.599999999999994
2025-10-02T05:00:00+00:00,102.5,156.29250000000002,53.79250000000002
2025-10-02T06:00:00+00:00,122.97,154.2,31.22999999999999
2025-10-02T07:00:00+00:00,93.61500000000001,116.415,22.799999999999997
2025-10-02T08:00:00+00:00,58.69,97.76,39.07000000000001
2025-10-02T09:00:00+00:00,34.285,87.975,53.69
2025-10-02T10:00:00+00:00,22.1,83.54,61.440000000000005
2025-10-02T11:00:00+00:00,17.669999999999998,83.52000000000001,65.85000000000001
2025-10-02T12:00:00+00:00,16.4075,90.6675,74.26
2025-10-02T13:00:00+00:00,16.5925,91.76,75.1675
2025-10-02T14:00:00+00:00,31.895,102.3,70.405
2025-10-02T15:00:00+00:00,45.635000000000005,120.0,74.365
2025-10-02T16:00:00+00:00,80.18,132.04,51.859999999999985
2025-10-02T17:00:00+00:00,106.91749999999999,141.0,34.08250000000001
2025-10-02T18:00:00+00:00,87.56,126.13999999999999,38.579999999999984
2025-10-02T19:00:00+00:00,60.989999999999995,108.0,47.010000000000005
2025-10-02T20:00:00+00:00,48.834999999999994,104.32,55.485
2025-10-02T21:00:00+00:00,38.94,97.91,58.97
2025-10-02T22:00:00+00:00,32.6525,90.41,57.75749999999999
2025-10-02T23:00:00+00:00,33.81,84.0,50.19
2025-10-03T00:00:00+00:00,31.3175,87.97,56.6525
2025-10-03T01:00:00+00:00,22.905,86.4,63.495000000000005
2025-10-03T02:00:00+00:00,19.012500000000003,85.9,66.8875
2025-10-03T03:00:00+00:00,29.93,91.35249999999999,61.42249999999999
2025-10-03T04:00:00+00:00,50.042500000000004,116.44500000000001,66.4025
2025-10-03T05:00:00+00:00,85.89750000000001,129.19250000000002,43.295000000000016
2025-10-03T06:00:00+00:00,103.2775,129.2175,25.939999999999998
2025-10-03T07:00:00+00:00,86.9975,106.67999999999999,19.68249999999999
2025-10-03T08:00:00+00:00,68.66499999999999,95.8,27.135000000000005
2025-10-03T09:00:00+00:00,49.695,90.01,40.315000000000005
2025-10-03T10:00:00+00:00,41.792500000000004,79.18249999999999,37.389999999999986
2025-10-03T11:00:00+00:00,39.1275,78.06,38.932500000000005
2025-10-03T12:00:00+00:00,39.1175,78.06,38.9425
2025-10-03T13:00:00+00:00,38.2275,84.9425,46.714999999999996
2025-10-03T14:00:00+00:00,44.1025,99.14750000000001,55.04500000000001
2025-10-03T15:00:00+00:00,58.3875,111.60000000000001,53.212500000000006
2025-10-03T16:00:00+00:00,50.5275,120.5675,70.03999999999999
2025-10-03T17:00:00+00:00,60.33749999999999,128.95000000000002,68.61250000000003
2025-10-03T18:00:00+00:00,49.55,123.95500000000001,74.40500000000002
2025-10-03T19:00:00+00:00,37.5025,117.8825,80.38
2025-10-03T20:00:00+00:00,27.165,110.11,82.945
2025-10-03T21:00:00+00:00,17.9875,99.69749999999999,81.71
2025-10-03T22:00:00+00:00,9.8525,100.415,90.5625
2025-10-03T23:00:00+00:00,4.92,91.65,86.73
2025-10-04T00:00:00+00:00,1.8425,88.7475,86.905
2025-10-04T01:00:00+00:00,0.0,86.0,86.0
2025-10-04T02:00:00+00:00,0.0,91.09,91.09
2025-10-04T03:00:00+00:00,0.0,101.8075,101.8075
2025-10-04T04:00:00+00:00,0.005000000000000001,112.61,112.605
2025-10-04T05:00:00+00:00,1.58,118.005,116.425
2025-10-04T06:00:00+00:00,6.5975,115.5625,108.965
2025-10-04T07:00:00+00:00,10.344999999999999,99.47500000000001,89.13000000000001
2025-10-04T08:00:00+00:00,6.165,87.3375,81.1725
2025-10-04T09:00:00+00:00,0.11,72.445,72.335
2025-10-04T10:00:00+00:00,-0.0075,70.77,70.77749999999999
2025-10-04T11:00:00+00:00,-0.015000000000000001,49.8825,49.8975
2025-10-04T12:00:00+00:00,-0.015000000000000001,71.15,71.165
2025-10-04T13:00:00+00:00,-0.0075,72.9925,73.0
2025-10-04T14:00:00+00:00,-0.0075,90.14,90.1475
2025-10-04T15:00:00+00:00,0.1475,111.82,111.6725
2025-10-04T16:00:00+00:00,10.805,122.285,111.47999999999999
2025-10-04T17:00:00+00:00,19.990000000000002,126.82499999999999,106.83499999999998
2025-10-04T18:00:00+00:00,13.3875,124.485,111.0975
2025-10-04T19:00:00+00:00,9.135,116.1575,107.0225
2025-10-04T20:00:00+00:00,8.450000000000001,105.815,97.365
2025-10-04T21:00:00+00:00,7.682500000000001,100.0425,92.36
2025-10-04T22:00:00+00:00,4.3100000000000005,102.2,97.89
2025-10-04T23:00:00+00:00,0.535,90.92,90.385
2025-10-05T00:00:00+00:00,0.455,80.88499999999999,80.42999999999999
2025-10-05T01:00:00+00:00,-0.005,68.4175,68.4225
2025-10-05T02:00:00+00:00,-0.01,82.8975,82.9075
2025-10-05T03:00:00+00:00,-0.01,83.3575,83.3675
2025-10-05T04:00:00+00:00,0.0325,89.51,89.4775
2025-10-05T05:00:00+00:00,4.055,94.72999999999999,90.67499999999998
2025-10-05T06:00:00+00:00,2.2224999999999997,94.7425,92.52000000000001
2025-10-05T07:00:00+00:00,2.5875,94.44999999999999,91.86249999999998
2025-10-05T08:00:00+00:00,-0.005000000000000001,78.4825,78.4875
2025-10-05T09:00:00+00:00,-0.395,51.0,51.395
2025-10-05T10:00:00+00:00,-0.99,43.915000000000006,44.90500000000001
2025-10-05T11:00:00+00:00,-2.2225,18.97,21.1925
2025-10-05T12:00:00+00:00,-2.4525,16.3325,18.785
2025-10-05T13:00:00+00:00,-1.0450000000000002,10.8425,11.8875
2025-10-05T14:00:00+00:00,-0.0025000000000000022,19.557499999999997,19.56
2025-10-05T15:00:00+00:00,8.682500000000001,87.2675,78.585
2025-10-05T16:00:00+00:00,27.48,110.485,83.005
2025-10-05T17:00:00+00:00,52.425,126.44999999999999,74.02499999999999
2025-10-05T18:00:00+00:00,43.472500000000004,122.68249999999999,79.20999999999998
2025-10-05T19:00:00+00:00,31.3125,115.0,83.6875
2025-10-05T20:00:00+00:00,32.035000000000004,105.0,72.965
2025-10-05T21:00:00+00:00,23.2825,89.39,66.1075
2025-10-05T22:00:00+00:00,26.955000000000002,76.5875,49.63250000000001
2025-10-05T23:00:00+00:00,18.775,75.0,56.225
2025-10-06T00:00:00+00:00,15.735,61.1125,45.3775
2025-10-06T01:00:00+00:00,15.945,53.4825,37.5375
2025-10-06T02:00:00+00:00,20.8975,59.185,38.2875
2025-10-06T03:00:00+00:00,26.582500000000003,81.55000000000001,54.96750000000001
2025-10-06T04:00:00+00:00,74.45500000000001,106.42249999999999,31.967499999999973
2025-10-06T05:00:00+00:00,112.85,130.64249999999998,17.79249999999999
2025-10-06T06:00:00+00:00,124.76,140.0,15.239999999999995
2025-10-06T07:00:00+00:00,108.4025,127.1825,18.78
2025-10-06T08:00:00+00:00,77.2725,104.2175,26.945000000000007
2025-10-06T09:00:00+00:00,60.09,91.7775,31.6875
2025-10-06T10:00:00+00:00,58.2425,66.215,7.972500000000004
2025-10-06T11:00:00+00:00,41.435,85.045,43.61
2025-10-06T12:00:00+00:00,36.31,90.8275,54.5175
2025-10-06T13:00:00+00:00,40.325,98.7775,58.4525
2025-10-06T14:00:00+00:00,49.19,110.4425,61.2525
2025-10-06T15:00:00+00:00,73.82249999999999,121.0,47.17750000000001
2025-10-06T16:00:00+00:00,103.0675,126.69,23.622500000000002
2025-10-06T17:00:00+00:00,143.4075,146.84,3.4325000000000045
2025-10-06T18:00:00+00:00,134.88,135.82500000000002,0.9450000000000216
2025-10-06T19:00:00+00:00,110.8325,122.3425,11.510000000000005
2025-10-06T20:00:00+00:00,103.2825,114.875,11.592500000000001
2025-10-06T21:00:00+00:00,96.27,108.5,12.230000000000004
2025-10-06T22:00:00+00:00,88.7675,104.845,16.0775
2025-10-06T23:00:00+00:00,89.4675,94.575,5.107500000000002
2025-10-07T00:00:00+00:00,75.6625,92.0,16.337500000000006
2025-10-07T01:00:00+00:00,78.345,96.0,17.655
2025-10-07T02:00:00+00:00,74.47,96.50750000000001,22.03750000000001
2025-10-07T03:00:00+00:00,84.3475,106.345,21.997500000000002
2025-10-07T04:00:00+00:00,98.47999999999999,132.7575,34.2775
2025-10-07T05:00:00+00:00,121.0125,148.0,26.987499999999997
2025-10-07T06:00:00+00:00,132.315,153.27,20.955000000000013
2025-10-07T07:00:00+00:00,118.10000000000001,138.19,20.08999999999999
2025-10-07T08:00:00+00:00,75.89,120.0,44.11
2025-10-07T09:00:00+00:00,51.762499999999996,111.0625,59.300000000000004
2025-10-07T10:00:00+00:00,50.8775,88.27250000000001,37.39500000000001
2025-10-07T11:00:00+00:00,41.405,93.075,51.67
2025-10-07T12:00:00+00:00,37.34,102.145,64.80499999999999
2025-10-07T13:00:00+00:00,42.81,111.06,68.25
2025-10-07T14:00:00+00:00,54.95,114.8,59.849999999999994
2025-10-07T15:00:00+00:00,77.7175,125.0,47.2825
2025-10-07T16:00:00+00:00,114.8625,134.3125,19.450000000000003
2025-10-07T17:00:00+00:00,154.52249999999998,156.66,2.137500000000017
2025-10-07T18:00:00+00:00,145.475,145.475,0.0
2025-10-07T19:00:00+00:00,123.2425,125.10250000000002,1.8600000000000136
2025-10-07T20:00:00+00:00,107.4225,107.4225,0.0
2025-10-07T21:00:00+00:00,97.4825,105.0,7.517499999999998
2025-10-07T22:00:00+00:00,93.4525,105.1,11.647499999999994
2025-10-07T23:00:00+00:00,88.4375,101.3925,12.954999999999998
2025-10-08T00:00:00+00:00,87.56,98.6775,11.117499999999993
2025-10-08T01:00:00+00:00,81.1575,97.4375,16.28
2025-10-08T02:00:00+00:00,74.8875,96.0,21.112499999999997
2025-10-08T03:00:00+00:00,78.0,100.07000000000001,22.070000000000007
2025-10-08T04:00:00+00:00,99.79,123.61250000000001,23.822500000000005
2025-10-08T05:00:00+00:00,125.5,154.99,29.49000000000001
2025-10-08T06:00:00+00:00,154.2675,164.7625,10.494999999999976
2025-10-08T07:00:00+00:00,109.85249999999999,127.41749999999999,17.564999999999998
2025-10-08T08:00:00+00:00,98.0275,116.9,18.872500000000002
2025-10-08T09:00:00+00:00,79.7375,101.82000000000001,22.08250000000001
2025-10-08T10:00:00+00:00,76.19,78.895,2.7049999999999983
2025-10-08T11:00:00+00:00,68.2,79.63999999999999,11.439999999999984
2025-10-08T12:00:00+00:00,64.575,87.5925,23.0175
2025-10-08T13:00:00+00:00,66.6,98.30000000000001,31.700000000000017
2025-10-08T14:00:00+00:00,66.8425,115.3825,48.53999999999999
2025-10-08T15:00:00+00:00,90.935,133.10000000000002,42.16500000000002
2025-10-08T16:00:00+00:00,105.47999999999999,158.57999999999998,53.099999999999994
2025-10-08T17:00:00+00:00,155.1425,172.1725,17.03
2025-10-08T18:00:00+00:00,139.05,145.1275,6.077499999999986
2025-10-08T19:00:00+00:00,103.07,145.375,42.30500000000001
2025-10-08T20:00:00+00:00,93.7025,133.1925,39.489999999999995
2025-10-08T21:00:00+00:00,90.2625,115.98249999999999,25.719999999999985
2025-10-08T22:00:00+00:00,92.36500000000001,114.9525,22.58749999999999
2025-10-08T23:00:00+00:00,80.95500000000001,109.56500000000001,28.61
2025-10-09T00:00:00+00:00,78.945,108.48,29.53500000000001
2025-10-09T01:00:00+00:00,69.85499999999999,110.0475,40.19250000000001
2025-10-09T02:00:00+00:00,65.58,109.98,44.400000000000006
2025-10-09T03:00:00+00:00,68.47,120.60000000000001,52.13000000000001
2025-10-09T04:00:00+00:00,85.77749999999999,133.6725,47.895000000000024
2025-10-09T05:00:00+00:00,101.8775,154.2,52.32249999999999
2025-10-09T06:00:00+00:00,119.0675,155.84,36.77250000000001
2025-10-09T07:00:00+00:00,111.03500000000001,138.465,27.429999999999993
2025-10-09T08:00:00+00:00,89.8125,124.63749999999999,34.82499999999999
2025-10-09T09:00:00+00:00,83.7025,110.66,26.957499999999996
2025-10-09T10:00:00+00:00,75.095,103.9175,28.822500000000005
2025-10-09T11:00:00+00:00,48.38,101.16,52.779999999999994
2025-10-09T12:00:00+00:00,47.1175,106.5,59.3825
2025-10-09T13:00:00+00:00,41.3,113.10499999999999,71.80499999999999
2025-10-09T14:00:00+00:00,47.75,133.2875,85.5375
2025-10-09T15:00:00+00:00,67.1375,139.6875,72.55
2025-10-09T16:00:00+00:00,101.0975,143.9325,42.83500000000001
2025-10-09T17:00:00+00:00,124.7975,146.60250000000002,21.80500000000002
2025-10-09T18:00:00+00:00,114.45750000000001,139.095,24.63749999999999
2025-10-09T19:00:00+00:00,101.065,130.23499999999999,29.169999999999987
2025-10-09T20:00:00+00:00,95.0675,122.45500000000001,27.387500000000017
2025-10-09T21:00:00+00:00,92.7375,119.03250000000001,26.295000000000016
2025-10-09T22:00:00+00:00,89.0175,115.22,26.2025
2025-10-09T23:00:00+00:00,85.015,108.88,23.864999999999995
2025-10-10T00:00:00+00:00,79.9925,108.225,28.232499999999987
2025-10-10T01:00:00+00:00,72.955,108.58,35.625
2025-10-10T02:00:00+00:00,69.7525,109.03,39.2775
2025-10-10T03:00:00+00:00,78.87,117.69,38.81999999999999
2025-10-10T04:00:00+00:00,94.98249999999999,144.29,49.307500000000005
2025-10-10T05:00:00+00:00,107.06,143.315,36.254999999999995
2025-10-10T06:00:00+00:00,121.47749999999999,153.0375,31.560000000000002
2025-10-10T07:00:00+00:00,104.96000000000001,142.5,37.53999999999999
2025-10-10T08:00:00+00:00,87.5425,114.85,27.30749999999999
2025-10-10T09:00:00+00:00,70.2475,103.93,33.682500000000005
2025-10-10T10:00:00+00:00,73.55,83.94,10.39
2025-10-10T11:00:00+00:00,43.5725,86.0,42.4275
2025-10-10T12:00:00+00:00,33.225,95.5675,62.342499999999994
2025-10-10T13:00:00+00:00,45.71,96.155,50.445
2025-10-10T14:00:00+00:00,52.1875,113.3725,61.185
2025-10-10T15:00:00+00:00,79.9825,132.6825,52.7
2025-10-10T16:00:00+00:00,96.125,147.0,50.875
2025-10-10T17:00:00+00:00,115.00500000000001,161.4425,46.437499999999986
2025-10-10T18:00:00+00:00,113.0575,144.26500000000001,31.20750000000001
2025-10-10T19:00:00+00:00,93.08500000000001,124.74499999999999,31.659999999999982
2025-10-10T20:00:00+00:00,91.94500000000001,112.9,20.955
2025-10-10T21:00:00+00:00,93.875,106.81750000000001,12.94250000000001
2025-10-10T22:00:00+00:00,95.1225,111.92750000000001,16.805000000000007
2025-10-10T23:00:00+00:00,88.835,111.105,22.27000000000001
2025-10-11T00:00:00+00:00,79.925,105.1,25.174999999999997
2025-10-11T01:00:00+00:00,72.53250000000001,105.1,32.56749999999998
2025-10-11T02:00:00+00:00,68.71,102.815,34.105000000000004
2025-10-11T03:00:00+00:00,76.92,103.99000000000001,27.070000000000007
2025-10-11T04:00:00+00:00,90.265,113.39750000000001,23.132500000000007
2025-10-11T05:00:00+00:00,96.7525,120.36749999999999,23.614999999999995
2025-10-11T06:00:00+00:00,100.065,119.8775,19.8125
2025-10-11T07:00:00+00:00,85.69000000000001,98.5,12.809999999999988
2025-10-11T08:00:00+00:00,55.745,91.01,35.26500000000001
2025-10-11T09:00:00+00:00,30.5175,68.2625,37.745000000000005
2025-10-11T10:00:00+00:00,30.244999999999997,46.042500000000004,15.797500000000007
2025-10-11T11:00:00+00:00,17.075,30.815,13.740000000000002
2025-10-11T12:00:00+00:00,16.9975,42.055,25.0575
2025-10-11T13:00:00+00:00,15.4875,59.6875,44.2
2025-10-11T14:00:00+00:00,9.872499999999999,94.8475,84.975
2025-10-11T15:00:00+00:00,42.5625,115.19999999999999,72.63749999999999
2025-10-11T16:00:00+00:00,83.0625,136.5825,53.52000000000001
2025-10-11T17:00:00+00:00,106.6,146.28,39.68000000000001
2025-10-11T18:00:00+00:00,105.62,134.23,28.609999999999985
2025-10-11T19:00:00+00:00,91.715,125.25999999999999,33.54499999999999
2025-10-11T20:00:00+00:00,89.76749999999998,117.85249999999999,28.085000000000008
2025-10-11T21:00:00+00:00,93.4975,106.3775,12.879999999999995
2025-10-11T22:00:00+00:00,92.70750000000001,105.1,12.392499999999984
2025-10-11T23:00:00+00:00,77.78,102.55,24.769999999999996
2025-10-12T00:00:00+00:00,71.765,94.29749999999999,22.532499999999985
2025-10-12T01:00:00+00:00,59.19,91.12,31.930000000000007
2025-10-12T02:00:00+00:00,62.879999999999995,93.5825,30.7025
2025-10-12T03:00:00+00:00,57.015,95.99,38.974999999999994
2025-10-12T04:00:00+00:00,74.905,101.315,26.409999999999997
2025-10-12T05:00:00+00:00,81.06,105.10000000000001,24.040000000000006
2025-10-12T06:00:00+00:00,85.21,103.7725,18.5625
2025-10-12T07:00:00+00:00,65.575,106.2675,40.692499999999995
2025-10-12T08:00:00+00:00,29.0425,102.63,73.58749999999999
2025-10-12T09:00:00+00:00,20.3325,95.35000000000001,75.01750000000001
2025-10-12T10:00:00+00:00,24.03,90.49000000000001,66.46000000000001
2025-10-12T11:00:00+00:00,16.5,91.15249999999999,74.65249999999999
2025-10-12T12:00:00+00:00,6.1975,90.76,84.5625
2025-10-12T13:00:00+00:00,1.7175,89.545,87.8275
2025-10-12T14:00:00+00:00,7.237500000000001,101.655,94.4175
2025-10-12T15:00:00+00:00,34.417500000000004,117.1275,82.71
2025-10-12T16:00:00+00:00,86.3225,126.14249999999998,39.81999999999998
2025-10-12T17:00:00+00:00,109.4025,134.55249999999998,25.149999999999977
2025-10-12T18:00:00+00:00,110.18,127.9075,17.727499999999992
2025-10-12T19:00:00+00:00,102.95,124.62,21.67
2025-10-12T20:00:00+00:00,84.64,117.0175,32.3775
2025-10-12T21:00:00+00:00,80.88,108.00999999999999,27.129999999999995
2025-10-12T22:00:00+00:00,72.2475,101.695,29.44749999999999
2025-10-12T23:00:00+00:00,63.557500000000005,95.4,31.8425
2025-10-13T00:00:00+00:00,60.167500000000004,94.97,34.802499999999995
2025-10-13T01:00:00+00:00,30.0,96.10000000000001,66.10000000000001
2025-10-13T02:00:00+00:00,23.19,102.095,78.905
2025-10-13T03:00:00+00:00,44.4725,105.1,60.6275
2025-10-13T04:00:00+00:00,87.5475,122.815,35.2675
2025-10-13T05:00:00+00:00,107.5475,148.0,40.4525
2025-10-13T06:00:00+00:00,127.41249999999998,153.55,26.13750000000003
2025-10-13T07:00:00+00:00,111.215,147.5475,36.33250000000001
2025-10-13T08:00:00+00:00,103.0,128.67499999999998,25.674999999999983
2025-10-13T09:00:00+00:00,88.36,114.28999999999999,25.929999999999993
2025-10-13T10:00:00+00:00,77.2875,103.88,26.5925
2025-10-13T11:00:00+00:00,60.0275,98.3,38.272499999999994
2025-10-13T12:00:00+00:00,47.33,104.63,57.3
2025-10-13T13:00:00+00:00,45.099999999999994,114.45,69.35000000000001
2025-10-13T14:00:00+00:00,45.807500000000005,142.35750000000002,96.55000000000001
2025-10-13T15:00:00+00:00,78.8975,143.85500000000002,64.95750000000002
2025-10-13T16:00:00+00:00,99.9125,143.41250000000002,43.50000000000003
2025-10-13T17:00:00+00:00,132.0775,158.69,26.61250000000001
2025-10-13T18:00:00+00:00,106.19,147.4,41.21000000000001
2025-10-13T19:00:00+00:00,95.19,153.24,58.05000000000001
2025-10-13T20:00:00+00:00,90.52250000000001,125.63999999999999,35.11749999999998
2025-10-13T21:00:00+00:00,87.4125,116.995,29.58250000000001
2025-10-13T22:00:00+00:00,97.44250000000001,110.63499999999999,13.192499999999981
2025-10-13T23:00:00+00:00,89.61999999999999,105.2225,15.602500000000006
2025-10-14T00:00:00+00:00,84.265,105.1,20.834999999999994
2025-10-14T01:00:00+00:00,73.375,104.405,31.03
2025-10-14T02:00:00+00:00,69.57749999999999,104.615,35.03750000000001
2025-10-14T03:00:00+00:00,75.725,112.98,37.25500000000001
2025-10-14T04:00:00+00:00,96.6,125.4075,28.807500000000005
2025-10-14T05:00:00+00:00,114.94749999999999,140.0,25.05250000000001
2025-10-14T06:00:00+00:00,141.9325,154.6375,12.704999999999984
2025-10-14T07:00:00+00:00,122.51249999999999,137.0,14.487500000000011
2025-10-14T08:00:00+00:00,105.425,119.51,14.085000000000008
2025-10-14T09:00:00+00:00,88.0375,120.3525,32.31500000000001
2025-10-14T10:00:00+00:00,76.85499999999999,106.36,29.50500000000001
2025-10-14T11:00:00+00:00,66.7575,107.78,41.02250000000001
2025-10-14T12:00:00+00:00,63.495000000000005,106.78999999999999,43.29499999999999
2025-10-14T13:00:00+00:00,61.7175,121.97000000000001,60.25250000000001
2025-10-14T14:00:00+00:00,69.3525,124.6,55.24749999999999
2025-10-14T15:00:00+00:00,86.9475,143.43,56.4825
2025-10-14T16:00:00+00:00,110.61,149.86,39.250000000000014
2025-10-14T17:00:00+00:00,145.16,158.85999999999999,13.699999999999989
2025-10-14T18:00:00+00:00,116.6525,140.0525,23.400000000000006
2025-10-14T19:00:00+00:00,102.79,139.32750000000001,36.53750000000001
2025-10-14T20:00:00+00:00,119.58749999999999,127.42750000000001,7.840000000000018
2025-10-14T21:00:00+00:00,103.17999999999999,117.55499999999999,14.375
2025-10-14T22:00:00+00:00,83.32249999999999,114.74999999999999,31.427499999999995
2025-10-14T23:00:00+00:00,76.805,113.36749999999999,36.562499999999986
2025-10-15T00:00:00+00:00,76.70499999999998,111.8225,35.11750000000002
2025-10-15T01:00:00+00:00,69.0425,109.12499999999999,40.08249999999998
2025-10-15T02:00:00+00:00,64.8575,111.23,46.3725
2025-10-15T03:00:00+00:00,64.9325,113.2625,48.33
2025-10-15T04:00:00+00:00,83.99,130.5975,46.6075
2025-10-15T05:00:00+00:00,109.7725,143.1875,33.415000000000006
2025-10-15T06:00:00+00:00,143.1,166.3,23.200000000000017
2025-10-15T07:00:00+00:00,120.53,161.8275,41.297499999999985
2025-10-15T08:00:00+00:00,99.6625,140.0,40.337500000000006
2025-10-15T09:00:00+00:00,84.62,135.26,50.639999999999986
2025-10-15T10:00:00+00:00,73.0225,116.2625,43.24000000000001
2025-10-15T11:00:00+00:00,61.75,112.7675,51.0175
2025-10-15T12:00:00+00:00,45.72,119.89750000000001,74.17750000000001
2025-10-15T13:00:00+00:00,59.63999999999999,122.07,62.43
2025-10-15T14:00:00+00:00,73.4225,125.61,52.1875
2025-10-15T15:00:00+00:00,88.6025,145.0,56.397499999999994
2025-10-15T16:00:00+00:00,116.88250000000001,140.0,23.117499999999993
2025-10-15T17:00:00+00:00,156.5225,156.5225,0.0
2025-10-15T18:00:00+00:00,127.405,139.52249999999998,12.117499999999978
2025-10-15T19:00:00+00:00,95.0,120.0,25.0
2025-10-15T20:00:00+00:00,93.125,113.88750000000002,20.762500000000017
2025-10-15T21:00:00+00:00,88.2825,108.67,20.387500000000003
2025-10-15T22:00:00+00:00,76.74000000000001,111.89,35.14999999999999
2025-10-15T23:00:00+00:00,68.3875,104.9625,36.575
2025-10-16T00:00:00+00:00,72.6075,102.475,29.867499999999993
2025-10-16T01:00:00+00:00,60.650000000000006,100.0,39.349999999999994
2025-10-16T02:00:00+00:00,55.1975,103.0,47.8025
2025-10-16T03:00:00+00:00,70.535,107.4725,36.9375
2025-10-16T04:00:00+00:00,86.61249999999998,124.35749999999999,37.745000000000005
2025-10-16T05:00:00+00:00,107.22500000000001,146.5625,39.33749999999999
2025-10-16T06:00:00+00:00,133.0175,151.085,18.067499999999995
2025-10-16T07:00:00+00:00,112.33,128.115,15.78500000000001
2025-10-16T08:00:00+00:00,87.145,116.6,29.455
2025-10-16T09:00:00+00:00,80.31,115.8025,35.49249999999999
2025-10-16T10:00:00+00:00,69.84,108.96000000000001,39.120000000000005
2025-10-16T11:00:00+00:00,56.397499999999994,108.225,51.8275
2025-10-16T12:00:00+00:00,63.79750000000001,112.8475,49.04999999999999
2025-10-16T13:00:00+00:00,64.71,114.4275,49.7175
2025-10-16T14:00:00+00:00,73.69,123.97749999999999,50.287499999999994
2025-10-16T15:00:00+00:00,84.5,146.0,61.5
2025-10-16T16:00:00+00:00,116.7125,158.1575,41.44499999999999
2025-10-16T17:00:00+00:00,142.325,158.48999999999998,16.164999999999992
2025-10-16T18:00:00+00:00,117.19500000000001,134.6025,17.407499999999985
2025-10-16T19:00:00+00:00,96.52250000000001,124.99999999999999,28.477499999999978
2025-10-16T20:00:00+00:00,86.96000000000001,117.5875,30.627499999999998
2025-10-16T21:00:00+00:00,90.20500000000001,109.64750000000001,19.442499999999995
2025-10-16T22:00:00+00:00,87.215,105.9825,18.7675
2025-10-16T23:00:00+00:00,74.1275,99.65,25.522500000000008
2025-10-17T00:00:00+00:00,79.0125,100.19999999999999,21.187499999999986
2025-10-17T01:00:00+00:00,80.7475,98.85,18.102499999999992
2025-10-17T02:00:00+00:00,75.375,99.59,24.215000000000003
2025-10-17T03:00:00+00:00,83.395,104.075,20.680000000000007
2025-10-17T04:00:00+00:00,91.9075,124.23249999999999,32.32499999999999
2025-10-17T05:00:00+00:00,117.16499999999999,141.04000000000002,23.87500000000003
2025-10-17T06:00:00+00:00,140.2525,153.1375,12.884999999999991
2025-10-17T07:00:00+00:00,129.01999999999998,132.975,3.9550000000000125
2025-10-17T08:00:00+00:00,99.375,121.13,21.754999999999995
2025-10-17T09:00:00+00:00,84.4225,110.4975,26.075000000000003
2025-10-17T10:00:00+00:00,76.575,99.205,22.629999999999995
2025-10-17T11:00:00+00:00,59.135,97.00000000000001,37.865000000000016
2025-10-17T12:00:00+00:00,48.39,99.9975,51.6075
2025-10-17T13:00:00+00:00,45.0,108.57,63.56999999999999
2025-10-17T14:00:00+00:00,57.7975,121.975,64.1775
2025-10-17T15:00:00+00:00,94.705,127.6275,32.9225
2025-10-17T16:00:00+00:00,120.745,138.1,17.35499999999999
2025-10-17T17:00:00+00:00,133.4725,143.635,10.162499999999994
2025-10-17T18:00:00+00:00,116.5675,136.7875,20.22
2025-10-17T19:00:00+00:00,105.43,125.575,20.144999999999996
2025-10-17T20:00:00+00:00,103.33250000000001,116.5625,13.22999999999999
2025-10-17T21:00:00+00:00,93.1,106.225,13.125
2025-10-17T22:00:00+00:00,93.85,119.99999999999999,26.14999999999999
2025-10-17T23:00:00+00:00,91.58749999999999,106.965,15.377500000000012
2025-10-18T00:00:00+00:00,90.23,102.98000000000002,12.750000000000014
2025-10-18T01:00:00+00:00,82.63749999999999,98.865,16.227500000000006
2025-10-18T02:00:00+00:00,74.88,99.58,24.700000000000003
2025-10-18T03:00:00+00:00,78.86749999999999,105.10000000000001,26.232500000000016
2025-10-18T04:00:00+00:00,80.8425,119.94749999999999,39.10499999999999
2025-10-18T05:00:00+00:00,98.0825,130.76500000000001,32.68250000000002
2025-10-18T06:00:00+00:00,112.4725,129.99,17.517500000000013
2025-10-18T07:00:00+00:00,99.8925,126.16,26.2675
2025-10-18T08:00:00+00:00,75.3725,112.145,36.772499999999994
2025-10-18T09:00:00+00:00,39.5175,91.1,51.582499999999996
2025-10-18T10:00:00+00:00,39.265,81.89250000000001,42.62750000000001
2025-10-18T11:00:00+00:00,24.240000000000002,80.255,56.01499999999999
2025-10-18T12:00:00+00:00,20.0,84.72,64.72
2025-10-18T13:00:00+00:00,20.622500000000002,97.49000000000001,76.8675
2025-10-18T14:00:00+00:00,30.052500000000002,105.8725,75.82
2025-10-18T15:00:00+00:00,68.13,125.4625,57.33250000000001
2025-10-18T16:00:00+00:00,96.205,136.4725,40.2675
2025-10-18T17:00:00+00:00,117.9725,138.95749999999998,20.984999999999985
2025-10-18T18:00:00+00:00,102.6,133.76749999999998,31.16749999999999
2025-10-18T19:00:00+00:00,93.585,121.97,28.385000000000005
2025-10-18T20:00:00+00:00,95.97749999999999,113.46,17.4825
2025-10-18T21:00:00+00:00,94.375,105.60000000000001,11.225000000000009
2025-10-18T22:00:00+00:00,84.51,100.715,16.205
2025-10-18T23:00:00+00:00,71.35499999999999,96.66,25.305000000000007
2025-10-19T00:00:00+00:00,56.265,93.905,37.64
2025-10-19T01:00:00+00:00,34.1325,92.4,58.267500000000005
2025-10-19T02:00:00+00:00,30.47,93.15,62.68000000000001
2025-10-19T03:00:00+00:00,23.792499999999997,93.17,69.3775
2025-10-19T04:00:00+00:00,27.92,104.94,77.02
2025-10-19T05:00:00+00:00,29.71,112.33,82.62
2025-10-19T06:00:00+00:00,31.352500000000003,105.105,73.7525
2025-10-19T07:00:00+00:00,24.795,94.0,69.205
2025-10-19T08:00:00+00:00,8.382499999999999,89.0,80.6175
2025-10-19T09:00:00+00:00,12.0625,87.9975,75.935
2025-10-19T10:00:00+00:00,26.602500000000003,77.555,50.9525
2025-10-19T11:00:00+00:00,12.040000000000001,81.99000000000001,69.95
2025-10-19T12:00:00+00:00,13.3425,85.4925,72.15
2025-10-19T13:00:00+00:00,7.6725,77.63,69.9575
2025-10-19T14:00:00+00:00,10.635000000000002,92.8,82.16499999999999
2025-10-19T15:00:00+00:00,12.845,119.5925,106.7475
2025-10-19T16:00:00+00:00,38.5225,128.735,90.2125
2025-10-19T17:00:00+00:00,66.645,131.88,65.235
2025-10-19T18:00:00+00:00,72.135,127.515,55.379999999999995
2025-10-19T19:00:00+00:00,48.99999999999999,129.4725,80.4725
2025-10-19T20:00:00+00:00,43.875,115.24499999999999,71.36999999999999
2025-10-19T21:00:00+00:00,32.41,103.615,71.205
2025-10-19T22:00:00+00:00,19.995,101.22,81.225
2025-10-19T23:00:00+00:00,11.5875,93.5,81.9125
2025-10-20T00:00:00+00:00,14.1675,92.8375,78.67
2025-10-20T01:00:00+00:00,8.424999999999999,92.0,83.575
2025-10-20T02:00:00+00:00,9.8875,98.39750000000001,88.51
2025-10-20T03:00:00+00:00,11.885,105.62,93.735
2025-10-20T04:00:00+00:00,51.095,120.47749999999999,69.3825
2025-10-20T05:00:00+00:00,75.32,140.055,64.73500000000001
2025-10-20T06:00:00+00:00,92.845,142.3225,49.47749999999999
2025-10-20T07:00:00+00:00,84.1625,135.0,50.837500000000006
2025-10-20T08:00:00+00:00,38.4625,128.4925,90.03
2025-10-20T09:00:00+00:00,16.68,121.12,104.44
2025-10-20T10:00:00+00:00,20.7525,114.39,93.6375
2025-10-20T11:00:00+00:00,7.874999999999999,115.06,107.185
2025-10-20T12:00:00+00:00,1.3425,120.7825,119.44
2025-10-20T13:00:00+00:00,0.2825,128.79250000000002,128.51000000000002
2025-10-20T14:00:00+00:00,6.0575,137.0125,130.95499999999998
2025-10-20T15:00:00+00:00,11.7675,141.97,130.2025
2025-10-20T16:00:00+00:00,40.1425,144.9925,104.85000000000001
2025-10-20T17:00:00+00:00,79.05,146.01,66.96
2025-10-20T18:00:00+00:00,64.1275,148.88,84.7525
2025-10-20T19:00:00+00:00,28.75,133.605,104.85499999999999
2025-10-20T20:00:00+00:00,46.08,116.1375,70.0575
2025-10-20T21:00:00+00:00,46.6375,106.9925,60.355000000000004
2025-10-20T22:00:00+00:00,11.19,109.585,98.395
2025-10-20T23:00:00+00:00,12.6075,105.1,92.49249999999999
2025-10-21T00:00:00+00:00,12.2925,99.68,87.3875
2025-10-21T01:00:00+00:00,11.0475,100.9925,89.94500000000001
2025-10-21T02:00:00+00:00,13.98,100.0,86.02
2025-10-21T03:00:00+00:00,13.0,109.85,96.85
2025-10-21T04:00:00+00:00,35.27,121.73,86.46000000000001
2025-10-21T05:00:00+00:00,62.965,140.14249999999998,77.17749999999998
2025-10-21T06:00:00+00:00,93.4075,163.83249999999998,70.42499999999998
2025-10-21T07:00:00+00:00,82.6325,147.47,64.8375
2025-10-21T08:00:00+00:00,78.54249999999999,139.82,61.2775
2025-10-21T09:00:00+00:00,69.1425,139.8275,70.68499999999999
2025-10-21T10:00:00+00:00,53.2775,129.3425,76.065
2025-10-21T11:00:00+00:00,37.620000000000005,129.9675,92.3475
2025-10-21T12:00:00+00:00,39.06,135.8325,96.77250000000001
2025-10-21T13:00:00+00:00,38.589999999999996,132.83499999999998,94.24499999999998
2025-10-21T14:00:00+00:00,58.995,144.6925,85.69749999999999
2025-10-21T15:00:00+00:00,75.91250000000001,144.6925,68.77999999999999
2025-10-21T16:00:00+00:00,101.345,146.925,45.58000000000001
2025-10-21T17:00:00+00:00,118.7425,145.77249999999998,27.029999999999973
2025-10-21T18:00:00+00:00,101.3775,134.96499999999997,33.58749999999998
2025-10-21T19:00:00+00:00,82.9675,123.68,40.712500000000006
2025-10-21T20:00:00+00:00,81.9025,120.84,38.9375
2025-10-21T21:00:00+00:00,73.9725,113.98,40.00750000000001
2025-10-21T22:00:00+00:00,37.5975,107.5,69.9025
2025-10-21T23:00:00+00:00,30.54,105.0,74.46000000000001
2025-10-22T00:00:00+00:00,27.619999999999997,104.25,76.63
2025-10-22T01:00:00+00:00,24.302500000000002,103.0,78.69749999999999
2025-10-22T02:00:00+00:00,24.28,101.21,76.92999999999999
2025-10-22T03:00:00+00:00,35.01,105.99,70.97999999999999
2025-10-22T04:00:00+00:00,66.8925,121.98499999999999,55.09249999999999
2025-10-22T05:00:00+00:00,95.00999999999999,147.2175,52.20750000000001
2025-10-22T06:00:00+00:00,102.8575,153.725,50.86749999999999
2025-10-22T07:00:00+00:00,118.28750000000001,139.7325,21.44499999999998
2025-10-22T08:00:00+00:00,102.27999999999999,129.3975,27.11750000000002
2025-10-22T09:00:00+00:00,90.865,130.3025,39.437500000000014
2025-10-22T10:00:00+00:00,87.1,120.0,32.900000000000006
2025-10-22T11:00:00+00:00,82.36250000000001,118.4225,36.05999999999999
2025-10-22T12:00:00+00:00,83.92500000000001,124.845,40.91999999999999
2025-10-22T13:00:00+00:00,75.74000000000001,128.745,53.004999999999995
2025-10-22T14:00:00+00:00,61.897499999999994,140.0,78.1025
2025-10-22T15:00:00+00:00,75.3275,166.0675,90.74
2025-10-22T16:00:00+00:00,91.01,157.0,65.99
2025-10-22T17:00:00+00:00,136.335,160.2375,23.902500000000003
2025-10-22T18:00:00+00:00,70.95,149.9575,79.00750000000001
2025-10-22T19:00:00+00:00,43.19,128.20000000000002,85.01000000000002
2025-10-22T20:00:00+00:00,26.26,125.325,99.065
2025-10-22T21:00:00+00:00,19.9975,116.53999999999999,96.54249999999999
2025-10-22T22:00:00+00:00,7.217499999999999,111.19,103.9725
2025-10-22T23:00:00+00:00,1.4575,110.1525,108.69500000000001
2025-10-23T00:00:00+00:00,0.22000000000000003,102.2275,102.00750000000001
2025-10-23T01:00:00+00:00,-0.0025,99.305,99.3075
2025-10-23T02:00:00+00:00,-0.0075,98.30999999999999,98.31749999999998
2025-10-23T03:00:00+00:00,0.0025,109.6825,109.68
2025-10-23T04:00:00+00:00,2.6174999999999997,126.4,123.7825
2025-10-23T05:00:00+00:00,16.490000000000002,130.3375,113.8475
2025-10-23T06:00:00+00:00,23.4875,138.3075,114.82000000000001
2025-10-23T07:00:00+00:00,24.93,137.45000000000002,112.52000000000001
2025-10-23T08:00:00+00:00,10.0825,129.63750000000002,119.55500000000002
2025-10-23T09:00:00+00:00,9.417499999999999,134.585,125.1675
2025-10-23T10:00:00+00:00,2.905,125.265,122.36
2025-10-23T11:00:00+00:00,0.0025,124.78999999999999,124.7875
2025-10-23T12:00:00+00:00,-0.005,125.6875,125.6925
2025-10-23T13:00:00+00:00,-0.0025,126.1925,126.195
2025-10-23T14:00:00+00:00,-0.0025,128.29,128.2925
2025-10-23T15:00:00+00:00,2.0,124.88,122.88
2025-10-23T16:00:00+00:00,18.972500000000004,124.6525,105.68
2025-10-23T17:00:00+00:00,45.8075,124.6275,78.82
2025-10-23T18:00:00+00:00,25.665000000000003,117.85,92.18499999999999
2025-10-23T19:00:00+00:00,17.585,115.125,97.53999999999999
2025-10-23T20:00:00+00:00,24.53,107.02000000000001,82.49000000000001
2025-10-23T21:00:00+00:00,17.465,95.815,78.35
2025-10-23T22:00:00+00:00,15.897499999999999,86.78750000000001,70.89000000000001
2025-10-23T23:00:00+00:00,10.9225,80.075,69.1525
2025-10-24T00:00:00+00:00,8.43,84.38,75.94999999999999
2025-10-24T01:00:00+00:00,3.5024999999999995,87.55,84.0475
2025-10-24T02:00:00+00:00,4.91,87.57,82.66
2025-10-24T03:00:00+00:00,8.9275,87.7475,78.82000000000001
2025-10-24T04:00:00+00:00,17.6025,110.6325,93.03
2025-10-24T05:00:00+00:00,65.725,133.155,67.43
2025-10-24T06:00:00+00:00,96.955,141.3275,44.37249999999999
2025-10-24T07:00:00+00:00,88.33500000000001,132.185,43.849999999999994
2025-10-24T08:00:00+00:00,67.08,109.57249999999999,42.49249999999999
2025-10-24T09:00:00+00:00,45.03,94.47749999999999,49.44749999999999
2025-10-24T10:00:00+00:00,19.875,82.4,62.525000000000006
2025-10-24T11:00:00+00:00,11.1225,73.5,62.3775
2025-10-24T12:00:00+00:00,10.2975,81.005,70.7075
2025-10-24T13:00:00+00:00,15.1525,87.24249999999999,72.08999999999999
2025-10-24T14:00:00+00:00,30.7025,105.20000000000002,74.49750000000002
2025-10-24T15:00:00+00:00,52.3675,125.0,72.6325
2025-10-24T16:00:00+00:00,85.8675,133.76250000000002,47.89500000000001
2025-10-24T17:00:00+00:00,87.17999999999999,139.27249999999998,52.09249999999999
2025-10-24T18:00:00+00:00,65.39999999999999,135.465,70.06500000000001
2025-10-24T19:00:00+00:00,43.42,128.5025,85.0825
2025-10-24T20:00:00+00:00,29.3475,112.5,83.1525
2025-10-24T21:00:00+00:00,14.105,105.1,90.99499999999999
2025-10-24T22:00:00+00:00,7.5,106.4175,98.9175
2025-10-24T23:00:00+00:00,5.09,99.355,94.265
2025-10-25T00:00:00+00:00,4.6475,94.92999999999999,90.2825
2025-10-25T01:00:00+00:00,4.074999999999999,94.0675,89.99249999999999
2025-10-25T02:00:00+00:00,4.12,94.035,89.91499999999999
2025-10-25T03:00:00+00:00,4.6499999999999995,99.235,94.585
2025-10-25T04:00:00+00:00,5.83,117.77250000000001,111.94250000000001
2025-10-25T05:00:00+00:00,11.685,127.16750000000002,115.48250000000002
2025-10-25T06:00:00+00:00,13.684999999999999,125.0725,111.3875
2025-10-25T07:00:00+00:00,14.772499999999999,104.28,89.50750000000001
2025-10-25T08:00:00+00:00,12.8475,95.1725,82.325
2025-10-25T09:00:00+00:00,9.215,69.0,59.785
2025-10-25T10:00:00+00:00,7.4225,35.25,27.8275
2025-10-25T11:00:00+00:00,7.045,29.25,22.205
2025-10-25T12:00:00+00:00,7.91,43.75,35.84
2025-10-25T13:00:00+00:00,10.29,76.9925,66.70250000000001
2025-10-25T14:00:00+00:00,12.335,101.2,88.86500000000001
2025-10-25T15:00:00+00:00,24.494999999999997,114.845,90.35
2025-10-25T16:00:00+00:00,65.035,131.77,66.73500000000001
2025-10-25T17:00:00+00:00,74.7125,132.5025,57.78999999999999
2025-10-25T18:00:00+00:00,46.162499999999994,125.8075,79.64500000000001
2025-10-25T19:00:00+00:00,25.4575,114.69000000000001,89.23250000000002
2025-10-25T20:00:00+00:00,23.802500000000002,105.1,81.29749999999999
2025-10-25T21:00:00+00:00,12.8825,96.9425,84.06
2025-10-25T22:00:00+00:00,13.704999999999998,94.13000000000001,80.42500000000001
2025-10-25T23:00:00+00:00,12.25,89.89999999999999,77.64999999999999
2025-10-26T00:00:00+00:00,16.0,85.79000000000002,69.79000000000002
2025-10-26T01:00:00+00:00,7.532499999999999,85.76,78.2275
2025-10-26T02:00:00+00:00,2.5975,77.0975,74.5
2025-10-26T03:00:00+00:00,2.9075,73.7425,70.83500000000001
2025-10-26T04:00:00+00:00,3.3775000000000004,85.77000000000001,82.39250000000001
2025-10-26T05:00:00+00:00,7.470000000000001,92.2275,84.75750000000001
2025-10-26T06:00:00+00:00,8.5825,85.78,77.1975
2025-10-26T07:00:00+00:00,14.2025,58.01,43.8075
2025-10-26T08:00:00+00:00,14.172500000000001,49.182500000000005,35.010000000000005
2025-10-26T09:00:00+00:00,5.255,61.5725,56.317499999999995
2025-10-26T10:00:00+00:00,2.2550000000000003,59.3525,57.0975
2025-10-26T11:00:00+00:00,1.67,36.1,34.43
2025-10-26T12:00:00+00:00,2.42,64.0925,61.6725
2025-10-26T13:00:00+00:00,4.9775,75.7875,70.80999999999999
2025-10-26T14:00:00+00:00,9.717500000000001,93.9775,84.26
2025-10-26T15:00:00+00:00,19.6325,105.10000000000001,85.4675
2025-10-26T16:00:00+00:00,45.2625,115.0,69.7375
2025-10-26T17:00:00+00:00,66.66,120.0,53.34
2025-10-26T18:00:00+00:00,58.29750000000001,125.34750000000001,67.05000000000001
2025-10-26T19:00:00+00:00,37.3,118.2975,80.9975
2025-10-26T20:00:00+00:00,16.784999999999997,112.0,95.215
2025-10-26T21:00:00+00:00,18.5425,99.445,80.90249999999999
2025-10-26T22:00:00+00:00,9.999999999999998,85.8,75.8
2025-10-26T23:00:00+00:00,4.7925,66.71,61.91749999999999
2025-10-27T00:00:00+00:00,3.2375,44.31,41.072500000000005
2025-10-27T01:00:00+00:00,2.495,48.415,45.92
2025-10-27T02:00:00+00:00,2.1725,61.88,59.7075
2025-10-27T03:00:00+00:00,3.505,66.3025,62.79749999999999
2025-10-27T04:00:00+00:00,9.989999999999998,99.8725,89.88250000000001
2025-10-27T05:00:00+00:00,25.465,121.71000000000001,96.245
2025-10-27T06:00:00+00:00,52.1725,130.0,77.8275
2025-10-27T07:00:00+00:00,67.4275,126.185,58.75750000000001
2025-10-27T08:00:00+00:00,60.9025,121.025,60.1225
2025-10-27T09:00:00+00:00,50.55,114.275,63.72500000000001
2025-10-27T10:00:00+00:00,26.32,106.80000000000001,80.48000000000002
2025-10-27T11:00:00+00:00,29.77,100.045,70.275
2025-10-27T12:00:00+00:00,21.772499999999997,107.355,85.58250000000001
2025-10-27T13:00:00+00:00,20.025,118.925,98.9
2025-10-27T14:00:00+00:00,42.8025,127.4925,84.69
2025-10-27T15:00:00+00:00,61.1275,137.0375,75.91
2025-10-27T16:00:00+00:00,82.62,139.0525,56.432500000000005
2025-10-27T17:00:00+00:00,129.065,135.1775,6.112500000000011
2025-10-27T18:00:00+00:00,118.40500000000002,137.60000000000002,19.195000000000007
2025-10-27T19:00:00+00:00,99.2175,126.1275,26.909999999999997
2025-10-27T20:00:00+00:00,83.565,115.7675,32.2025
2025-10-27T21:00:00+00:00,79.2925,105.1,25.80749999999999
2025-10-27T22:00:00+00:00,67.25999999999999,98.5325,31.272500000000008
2025-10-27T23:00:00+00:00,48.51,92.0,43.49
2025-10-28T00:00:00+00:00,31.4375,83.69,52.2525
2025-10-28T01:00:00+00:00,21.5425,86.11500000000001,64.5725
2025-10-28T02:00:00+00:00,13.3575,86.09,72.7325
2025-10-28T03:00:00+00:00,13.8025,95.32750000000001,81.52500000000002
2025-10-28T04:00:00+00:00,22.6775,105.1,82.4225
2025-10-28T05:00:00+00:00,43.4675,118.7775,75.31
2025-10-28T06:00:00+00:00,52.9975,136.0925,83.095
2025-10-28T07:00:00+00:00,71.6275,122.35,50.7225
2025-10-28T08:00:00+00:00,72.02250000000001,105.1,33.077499999999986
2025-10-28T09:00:00+00:00,51.86750000000001,89.65499999999999,37.78749999999998
2025-10-28T10:00:00+00:00,39.3,84.36500000000001,45.06500000000001
2025-10-28T11:00:00+00:00,33.580000000000005,80.105,46.525
2025-10-28T12:00:00+00:00,25.295,89.3225,64.0275
2025-10-28T13:00:00+00:00,35.8375,105.1,69.26249999999999
2025-10-28T14:00:00+00:00,44.5125,126.80000000000001,82.28750000000001
2025-10-28T15:00:00+00:00,68.03,131.7175,63.6875
2025-10-28T16:00:00+00:00,97.78,138.82,41.03999999999999
2025-10-28T17:00:00+00:00,116.35499999999999,149.0525,32.69750000000002
2025-10-28T18:00:00+00:00,111.46000000000001,141.27499999999998,29.81499999999997
2025-10-28T19:00:00+00:00,94.11250000000001,135.57,41.45749999999998
2025-10-28T20:00:00+00:00,82.64500000000001,123.34,40.69499999999999
2025-10-28T21:00:00+00:00,81.5275,117.79499999999999,36.267499999999984
2025-10-28T22:00:00+00:00,74.31,112.9625,38.6525
2025-10-28T23:00:00+00:00,60.082499999999996,107.555,47.47250000000001
2025-10-29T00:00:00+00:00,54.760000000000005,102.66999999999999,47.90999999999998
2025-10-29T01:00:00+00:00,53.29,102.6925,49.402499999999996
2025-10-29T02:00:00+00:00,56.2775,104.1,47.82249999999999
2025-10-29T03:00:00+00:00,51.6325,100.8875,49.255
2025-10-29T04:00:00+00:00,57.3575,105.1,47.74249999999999
2025-10-29T05:00:00+00:00,84.92,117.78,32.86
2025-10-29T06:00:00+00:00,103.6925,123.69,19.997500000000002
2025-10-29T07:00:00+00:00,99.30250000000001,116.7,17.397499999999994
2025-10-29T08:00:00+00:00,86.7375,110.8,24.0625
2025-10-29T09:00:00+00:00,74.275,104.92,30.644999999999996
2025-10-29T10:00:00+00:00,72.8475,97.5,24.652500000000003
2025-10-29T11:00:00+00:00,75.78,105.10000000000001,29.320000000000007
2025-10-29T12:00:00+00:00,78.55,104.01,25.460000000000008
2025-10-29T13:00:00+00:00,86.5875,114.03999999999999,27.452499999999986
2025-10-29T14:00:00+00:00,103.015,134.22,31.205
2025-10-29T15:00:00+00:00,101.80250000000001,135.8275,34.02499999999998
2025-10-29T16:00:00+00:00,111.1225,140.0,28.877499999999998
2025-10-29T17:00:00+00:00,129.9275,136.6975,6.769999999999982
2025-10-29T18:00:00+00:00,115.82,138.0,22.180000000000007
2025-10-29T19:00:00+00:00,99.05250000000001,122.59,23.537499999999994
2025-10-29T20:00:00+00:00,86.5275,113.165,26.637500000000003
2025-10-29T21:00:00+00:00,82.34,107.595,25.254999999999995
2025-10-29T22:00:00+00:00,76.01,105.10000000000001,29.090000000000003
2025-10-29T23:00:00+00:00,25.639999999999997,99.63,73.99
2025-10-30T00:00:00+00:00,31.0,97.2475,66.2475
2025-10-30T01:00:00+00:00,28.865,95.03999999999999,66.175
2025-10-30T02:00:00+00:00,25.435000000000002,95.5,70.065
2025-10-30T03:00:00+00:00,31.8575,90.24499999999999,58.38749999999999
2025-10-30T04:00:00+00:00,59.13,100.13999999999999,41.009999999999984
2025-10-30T05:00:00+00:00,71.1475,109.22999999999999,38.082499999999996
2025-10-30T06:00:00+00:00,84.36749999999999,115.4225,31.055000000000007
2025-10-30T07:00:00+00:00,91.77749999999999,124.4925,32.71500000000002
2025-10-30T08:00:00+00:00,69.60499999999999,125.0,55.39500000000001
2025-10-30T09:00:00+00:00,48.370000000000005,122.975,74.60499999999999
2025-10-30T10:00:00+00:00,23.567500000000003,116.7,93.1325
2025-10-30T11:00:00+00:00,16.580000000000002,112.325,95.745
2025-10-30T12:00:00+00:00,19.765,114.1675,94.4025
2025-10-30T13:00:00+00:00,25.755,124.72,98.965
2025-10-30T14:00:00+00:00,38.7,135.0,96.3
2025-10-30T15:00:00+00:00,64.2,142.39999999999998,78.19999999999997
2025-10-30T16:00:00+00:00,109.0625,137.2625,28.19999999999999
2025-10-30T17:00:00+00:00,118.41,140.0,21.590000000000003
2025-10-30T18:00:00+00:00,93.56750000000001,140.26,46.69249999999998
2025-10-30T19:00:00+00:00,79.9925,137.24749999999997,57.25499999999997
2025-10-30T20:00:00+00:00,49.925,118.05,68.125
2025-10-30T21:00:00+00:00,45.8925,112.0,66.1075
2025-10-30T22:00:00+00:00,25.5825,109.01499999999999,83.43249999999999
2025-10-30T23:00:00+00:00,18.54,110.13,91.59
2025-10-31T00:00:00+00:00,17.4875,106.805,89.31750000000001
2025-10-31T01:00:00+00:00,17.9325,105.1,87.16749999999999
2025-10-31T02:00:00+00:00,13.2425,98.38749999999999,85.14499999999998
2025-10-31T03:00:00+00:00,11.549999999999999,98.9675,87.4175
2025-10-31T04:00:00+00:00,17.71,109.15,91.44
2025-10-31T05:00:00+00:00,21.835,117.945,96.10999999999999
2025-10-31T06:00:00+00:00,33.105,125.54749999999999,92.4425
2025-10-31T07:00:00+00:00,36.677499999999995,139.005,102.3275
2025-10-31T08:00:00+00:00,30.744999999999997,135.0,104.255
2025-10-31T09:00:00+00:00,24.3025,131.855,107.5525
2025-10-31T10:00:00+00:00,18.1175,132.3675,114.25
2025-10-31T11:00:00+00:00,21.165,115.49,94.32499999999999
2025-10-31T12:00:00+00:00,15.915,116.345,100.43
2025-10-31T13:00:00+00:00,15.700000000000001,124.6125,108.9125
2025-10-31T14:00:00+00:00,21.7475,135.0,113.2525
2025-10-31T15:00:00+00:00,24.7075,144.0475,119.34000000000002
2025-10-31T16:00:00+00:00,23.144999999999996,148.0,124.855
2025-10-31T17:00:00+00:00,37.4425,152.60000000000002,115.15750000000003
2025-10-31T18:00:00+00:00,37.3,152.435,115.135
2025-10-31T19:00:00+00:00,23.475,133.45,109.975
2025-10-31T20:00:00+00:00,17.380000000000003,123.6125,106.23249999999999
2025-10-31T21:00:00+00:00,23.46,117.95,94.49000000000001
2025-10-31T22:00:00+00:00,12.67,114.12,101.45
2025-10-31T23:00:00+00:00,19.655,121.07,101.41499999999999
2025-11-01T00:00:00+00:00,15.440000000000001,110.90249999999999,95.46249999999999
2025-11-01T01:00:00+00:00,12.8475,111.4775,98.63000000000001
2025-11-01T02:00:00+00:00,11.2,100.13999999999999,88.93999999999998
2025-11-01T03:00:00+00:00,8.9475,97.705,88.7575
2025-11-01T04:00:00+00:00,10.8675,98.96,88.0925
2025-11-01T05:00:00+00:00,13.075,93.57249999999999,80.49749999999999
2025-11-01T06:00:00+00:00,13.7475,101.82,88.07249999999999
2025-11-01T07:00:00+00:00,15.9025,95.18499999999999,79.28249999999998
2025-11-01T08:00:00+00:00,23.745,83.7075,59.96249999999999
2025-11-01T09:00:00+00:00,18.299999999999997,84.08250000000001,65.78250000000001
2025-11-01T10:00:00+00:00,15.7575,82.51,66.7525
2025-11-01T11:00:00+00:00,21.015,80.03750000000001,59.02250000000001
2025-11-01T12:00:00+00:00,17.5775,88.155,70.5775
2025-11-01T13:00:00+00:00,15.2125,91.61749999999999,76.40499999999999
2025-11-01T14:00:00+00:00,21.0075,105.1,84.0925
2025-11-01T15:00:00+00:00,36.22,114.78,78.56
2025-11-01T16:00:00+00:00,55.102500000000006,122.685,67.5825
2025-11-01T17:00:00+00:00,82.3975,126.7125,44.31500000000001
2025-11-01T18:00:00+00:00,74.22000000000001,134.19,59.969999999999985
2025-11-01T19:00:00+00:00,35.8425,131.9075,96.065
2025-11-01T20:00:00+00:00,23.7875,118.12,94.33250000000001
2025-11-01T21:00:00+00:00,43.51,114.3475,70.8375
2025-11-01T22:00:00+00:00,45.4925,105.1,59.607499999999995
2025-11-01T23:00:00+00:00,18.0525,105.5,87.4475
2025-11-02T00:00:00+00:00,21.894999999999996,105.1,83.205
2025-11-02T01:00:00+00:00,19.230000000000004,104.475,85.24499999999999
2025-11-02T02:00:00+00:00,16.277500000000003,91.9,75.6225
2025-11-02T03:00:00+00:00,12.6875,95.97,83.2825
2025-11-02T04:00:00+00:00,15.3525,100.72,85.3675
2025-11-02T05:00:00+00:00,19.3125,98.395,79.0825
2025-11-02T06:00:00+00:00,15.9325,91.9,75.9675
2025-11-02T07:00:00+00:00,23.835,94.4,70.565
2025-11-02T08:00:00+00:00,13.982500000000002,100.52,86.5375
2025-11-02T09:00:00+00:00,14.6075,91.9,77.2925
2025-11-02T10:00:00+00:00,8.567499999999999,89.9,81.33250000000001
2025-11-02T11:00:00+00:00,13.5875,89.72,76.1325
2025-11-02T12:00:00+00:00,10.3725,89.85,79.47749999999999
2025-11-02T13:00:00+00:00,7.7675,100.86,93.0925
2025-11-02T14:00:00+00:00,11.485,117.32,105.835
2025-11-02T15:00:00+00:00,9.9725,125.2825,115.31
2025-11-02T16:00:00+00:00,38.6175,126.08500000000001,87.4675
2025-11-02T17:00:00+00:00,77.0625,128.735,51.672500000000014
2025-11-02T18:00:00+00:00,67.07249999999999,130.0,62.92750000000001
2025-11-02T19:00:00+00:00,47.9925,120.2,72.20750000000001
2025-11-02T20:00:00+00:00,34.1175,106.94749999999999,72.82999999999998
2025-11-02T21:00:00+00:00,40.475,103.0875,62.612500000000004
2025-11-02T22:00:00+00:00,44.044999999999995,89.78,45.73500000000001
2025-11-02T23:00:00+00:00,47.845,89.83,41.985
2025-11-03T00:00:00+00:00,35.69,89.12249999999999,53.43249999999999
2025-11-03T01:00:00+00:00,36.19,90.965,54.775000000000006
2025-11-03T02:00:00+00:00,21.9725,88.765,66.7925
2025-11-03T03:00:00+00:00,17.3925,92.51499999999999,75.12249999999999
2025-11-03T04:00:00+00:00,22.9225,96.13749999999999,73.21499999999999
2025-11-03T05:00:00+00:00,30.6025,113.35249999999999,82.75
2025-11-03T06:00:00+00:00,60.2125,127.7325,67.52000000000001
2025-11-03T07:00:00+00:00,92.345,124.7975,32.4525
2025-11-03T08:00:00+00:00,67.4725,105.1,37.6275
2025-11-03T09:00:00+00:00,34.14,95.505,61.364999999999995
2025-11-03T10:00:00+00:00,19.97,91.2875,71.3175
2025-11-03T11:00:00+00:00,16.49,89.03999999999999,72.55
2025-11-03T12:00:00+00:00,13.7225,93.17249999999999,79.44999999999999
2025-11-03T13:00:00+00:00,18.62,108.505,89.88499999999999
2025-11-03T14:00:00+00:00,33.647499999999994,136.4425,102.795
2025-11-03T15:00:00+00:00,60.04,142.5475,82.50750000000002
2025-11-03T16:00:00+00:00,79.9725,137.29,57.317499999999995
2025-11-03T17:00:00+00:00,95.0925,137.82500000000002,42.732500000000016
2025-11-03T18:00:00+00:00,86.83500000000001,143.4825,56.64749999999998
2025-11-03T19:00:00+00:00,75.9125,135.0,59.087500000000006
2025-11-03T20:00:00+00:00,57.9625,115.96,57.997499999999995
2025-11-03T21:00:00+00:00,49.669999999999995,107.905,58.23500000000001
2025-11-03T22:00:00+00:00,33.824999999999996,97.45249999999999,63.62749999999999
2025-11-03T23:00:00+00:00,6.5,92.09499999999998,85.59499999999998
2025-11-04T00:00:00+00:00,7.9075,82.7775,74.87
2025-11-04T01:00:00+00:00,6.565,88.375,81.81
2025-11-04T02:00:00+00:00,6.522499999999999,88.44999999999999,81.9275
2025-11-04T03:00:00+00:00,7.8725,88.39,80.5175
2025-11-04T04:00:00+00:00,17.627499999999998,97.6925,80.065
2025-11-04T05:00:00+00:00,22.96,120.0,97.03999999999999
2025-11-04T06:00:00+00:00,49.0,135.0,86.0
2025-11-04T07:00:00+00:00,66.725,115.0025,48.2775
2025-11-04T08:00:00+00:00,33.13250000000001,99.1675,66.035
2025-11-04T09:00:00+00:00,13.654999999999998,90.465,76.81
2025-11-04T10:00:00+00:00,4.535,79.4975,74.9625
2025-11-04T11:00:00+00:00,10.095,77.815,67.72
2025-11-04T12:00:00+00:00,3.52,89.8075,86.28750000000001
2025-11-04T13:00:00+00:00,6.859999999999999,98.86000000000001,92.00000000000001
2025-11-04T14:00:00+00:00,12.302499999999998,108.83999999999999,96.5375
2025-11-04T15:00:00+00:00,19.384999999999998,122.25999999999999,102.875
2025-11-04T16:00:00+00:00,15.6025,140.7925,125.19
2025-11-04T17:00:00+00:00,39.16,140.0,100.84
2025-11-04T18:00:00+00:00,41.43,135.0,93.57
2025-11-04T19:00:00+00:00,30.724999999999998,125.875,95.15
2025-11-04T20:00:00+00:00,22.195,111.55250000000001,89.35750000000002
2025-11-04T21:00:00+00:00,32.275,104.035,71.75999999999999
2025-11-04T22:00:00+00:00,26.15,94.0525,67.9025
2025-11-04T23:00:00+00:00,15.5275,93.88499999999999,78.35749999999999
2025-11-05T00:00:00+00:00,16.8975,94.19,77.29249999999999
2025-11-05T01:00:00+00:00,15.015,92.49249999999999,77.47749999999999
2025-11-05T02:00:00+00:00,13.02,90.215,77.19500000000001
2025-11-05T03:00:00+00:00,1.095,87.9875,86.8925
2025-11-05T04:00:00+00:00,12.7,102.2025,89.5025
2025-11-05T05:00:00+00:00,25.7925,117.5625,91.77
2025-11-05T06:00:00+00:00,30.5675,135.0,104.4325
2025-11-05T07:00:00+00:00,26.8575,126.7775,99.92
2025-11-05T08:00:00+00:00,21.2825,111.47000000000001,90.18750000000001
2025-11-05T09:00:00+00:00,8.5575,104.51999999999998,95.96249999999998
2025-11-05T10:00:00+00:00,3.7175,96.175,92.4575
2025-11-05T11:00:00+00:00,5.3225,90.775,85.4525
2025-11-05T12:00:00+00:00,5.2625,93.8,88.5375
2025-11-05T13:00:00+00:00,9.754999999999999,106.94,97.185
2025-11-05T14:00:00+00:00,16.7225,127.41,110.6875
2025-11-05T15:00:00+00:00,26.659999999999997,152.16,125.5
2025-11-05T16:00:00+00:00,33.405,146.255,112.85
2025-11-05T17:00:00+00:00,41.075,139.03,97.955
2025-11-05T18:00:00+00:00,48.6925,141.46,92.76750000000001
2025-11-05T19:00:00+00:00,41.230000000000004,125.41250000000001,84.1825
2025-11-05T20:00:00+00:00,23.8975,117.015,93.1175
2025-11-05T21:00:00+00:00,38.162499999999994,111.31,73.14750000000001
2025-11-05T22:00:00+00:00,33.967499999999994,105.1,71.1325
2025-11-05T23:00:00+00:00,20.8425,102.0,81.1575
2025-11-06T00:00:00+00:00,15.0875,99.74249999999999,84.65499999999999
2025-11-06T01:00:00+00:00,15.365,102.18,86.81500000000001
2025-11-06T02:00:00+00:00,11.6025,99.4875,87.88499999999999
2025-11-06T03:00:00+00:00,7.857500000000001,100.12750000000001,92.27000000000001
2025-11-06T04:00:00+00:00,16.322499999999998,105.1,88.7775
2025-11-06T05:00:00+00:00,39.182500000000005,122.22999999999999,83.04749999999999
2025-11-06T06:00:00+00:00,69.91,141.46,71.55000000000001
2025-11-06T07:00:00+00:00,82.83500000000001,129.5375,46.702499999999986
2025-11-06T08:00:00+00:00,67.57,109.94500000000001,42.375000000000014
2025-11-06T09:00:00+00:00,54.535000000000004,99.385,44.85
2025-11-06T10:00:00+00:00,58.065,94.75,36.685
2025-11-06T11:00:00+00:00,63.41,94.40750000000001,30.997500000000016
2025-11-06T12:00:00+00:00,60.81,94.13000000000001,33.32000000000001
2025-11-06T13:00:00+00:00,65.3,105.215,39.915000000000006
2025-11-06T14:00:00+00:00,65.9075,131.5375,65.63
2025-11-06T15:00:00+00:00,75.6175,152.6325,77.01499999999999
2025-11-06T16:00:00+00:00,90.1125,153.29,63.177499999999995
2025-11-06T17:00:00+00:00,120.69999999999999,139.17,18.47
2025-11-06T18:00:00+00:00,125.4275,135.0,9.572500000000005
2025-11-06T19:00:00+00:00,109.61749999999999,125.85,16.2325
2025-11-06T20:00:00+00:00,92.83749999999999,114.52,21.682500000000005
2025-11-06T21:00:00+00:00,87.5575,112.6,25.04249999999999
2025-11-06T22:00:00+00:00,78.6675,106.46,27.79249999999999
2025-11-06T23:00:00+00:00,59.4625,101.6,42.137499999999996
2025-11-07T00:00:00+00:00,52.9075,100.155,47.2475
2025-11-07T01:00:00+00:00,49.69,101.1,51.41
2025-11-07T02:00:00+00:00,37.7025,100.60499999999999,62.90249999999999
2025-11-07T03:00:00+00:00,33.755,99.16750000000002,65.41250000000002
2025-11-07T04:00:00+00:00,43.335,104.8925,61.5575
2025-11-07T05:00:00+00:00,62.985,119.1525,56.167500000000004
2025-11-07T06:00:00+00:00,80.205,134.0075,53.802499999999995
2025-11-07T07:00:00+00:00,91.3925,130.0,38.6075
2025-11-07T08:00:00+00:00,71.8475,117.9075,46.06
2025-11-07T09:00:00+00:00,57.5975,105.77,48.1725
2025-11-07T10:00:00+00:00,49.205,108.0,58.795
2025-11-07T11:00:00+00:00,48.75,103.1975,54.447500000000005
2025-11-07T12:00:00+00:00,43.02,105.21,62.18999999999999
2025-11-07T13:00:00+00:00,50.0075,112.9,62.892500000000005
2025-11-07T14:00:00+00:00,59.852500000000006,134.11249999999998,74.25999999999998
2025-11-07T15:00:00+00:00,79.44,141.535,62.095
2025-11-07T16:00:00+00:00,94.3,143.0,48.7
2025-11-07T17:00:00+00:00,107.0275,140.0,32.9725
2025-11-07T18:00:00+00:00,107.57000000000001,135.23,27.659999999999982
2025-11-07T19:00:00+00:00,83.0525,125.1,42.0475
2025-11-07T20:00:00+00:00,80.00750000000001,113.38749999999999,33.37999999999998
2025-11-07T21:00:00+00:00,83.9675,108.91999999999999,24.952499999999986
2025-11-07T22:00:00+00:00,72.20750000000001,107.51,35.302499999999995
2025-11-07T23:00:00+00:00,67.4675,103.81,36.3425
2025-11-08T00:00:00+00:00,56.35,100.60249999999999,44.25249999999999
2025-11-08T01:00:00+00:00,50.98,98.87750000000001,47.897500000000015
2025-11-08T02:00:00+00:00,45.5275,98.39,52.8625
2025-11-08T03:00:00+00:00,35.7125,100.1,64.38749999999999
2025-11-08T04:00:00+00:00,36.9875,101.3925,64.405
2025-11-08T05:00:00+00:00,47.35,108.19,60.839999999999996
2025-11-08T06:00:00+00:00,50.9,115.04249999999999,64.14249999999998
2025-11-08T07:00:00+00:00,42.6825,112.47999999999999,69.79749999999999
2025-11-08T08:00:00+00:00,52.225,109.345,57.12
2025-11-08T09:00:00+00:00,54.192499999999995,102.64,48.447500000000005
2025-11-08T10:00:00+00:00,48.955,102.53999999999999,53.584999999999994
2025-11-08T11:00:00+00:00,50.74250000000001,98.8475,48.10499999999999
2025-11-08T12:00:00+00:00,42.0,102.58999999999999,60.58999999999999
2025-11-08T13:00:00+00:00,38.75,104.455,65.705
2025-11-08T14:00:00+00:00,38.285,111.58,73.295
2025-11-08T15:00:00+00:00,40.885,125.165,84.28
2025-11-08T16:00:00+00:00,66.0025,130.8425,64.84
2025-11-08T17:00:00+00:00,87.325,132.4325,45.1075
2025-11-08T18:00:00+00:00,88.8375,128.56,39.7225
2025-11-08T19:00:00+00:00,84.11,123.7,39.59
2025-11-08T20:00:00+00:00,74.03999999999999,115.55,41.510000000000005
2025-11-08T21:00:00+00:00,72.78,107.9975,35.2175
2025-11-08T22:00:00+00:00,73.0125,102.66,29.647499999999994
2025-11-08T23:00:00+00:00,67.9175,103.29249999999999,35.374999999999986
2025-11-09T00:00:00+00:00,61.7775,104.25,42.4725
2025-11-09T01:00:00+00:00,55.45,98.21,42.75999999999999
2025-11-09T02:00:00+00:00,51.9825,98.21,46.22749999999999
2025-11-09T03:00:00+00:00,51.215,98.21,46.99499999999999
2025-11-09T04:00:00+00:00,54.620000000000005,98.21,43.58999999999999
2025-11-09T05:00:00+00:00,60.80500000000001,105.13,44.32499999999999
2025-11-09T06:00:00+00:00,72.41499999999999,102.9,30.485000000000014
2025-11-09T07:00:00+00:00,67.88499999999999,101.2175,33.33250000000001
2025-11-09T08:00:00+00:00,50.935,100.29499999999999,49.359999999999985
2025-11-09T09:00:00+00:00,42.7,98.21,55.50999999999999
2025-11-09T10:00:00+00:00,40.730000000000004,101.0775,60.3475
2025-11-09T11:00:00+00:00,40.99,102.2775,61.2875
2025-11-09T12:00:00+00:00,24.099999999999998,103.16999999999999,79.07
2025-11-09T13:00:00+00:00,15.295,105.1,89.80499999999999
2025-11-09T14:00:00+00:00,39.915,112.2875,72.3725
2025-11-09T15:00:00+00:00,56.825,123.60000000000001,66.775
2025-11-09T16:00:00+00:00,84.2925,131.79999999999998,47.50749999999998
2025-11-09T17:00:00+00:00,95.00500000000001,129.7,34.69499999999998
2025-11-09T18:00:00+00:00,102.72,128.555,25.835000000000008
2025-11-09T19:00:00+00:00,84.60000000000001,123.6675,39.067499999999995
2025-11-09T20:00:00+00:00,77.355,112.5375,35.18249999999999
2025-11-09T21:00:00+00:00,81.565,105.1,23.534999999999997
2025-11-09T22:00:00+00:00,67.795,94.65249999999999,26.857499999999987
2025-11-09T23:00:00+00:00,43.089999999999996,93.0625,49.972500000000004
2025-11-10T00:00:00+00:00,35.3,92.05,56.75
2025-11-10T01:00:00+00:00,31.1325,93.785,62.652499999999996
2025-11-10T02:00:00+00:00,25.365000000000002,93.1225,67.7575
2025-11-10T03:00:00+00:00,25.8275,92.51,66.6825
2025-11-10T04:00:00+00:00,26.7925,98.345,71.5525
2025-11-10T05:00:00+00:00,64.66,115.52000000000001,50.860000000000014
2025-11-10T06:00:00+00:00,72.4975,139.755,67.2575
2025-11-10T07:00:00+00:00,63.155,147.61,84.45500000000001
2025-11-10T08:00:00+00:00,60.1825,126.8475,66.66499999999999
2025-11-10T09:00:00+00:00,28.86,115.325,86.465
2025-11-10T10:00:00+00:00,35.6775,105.85999999999999,70.18249999999998
2025-11-10T11:00:00+00:00,37.72,104.40249999999999,66.68249999999999
2025-11-10T12:00:00+00:00,31.0,104.49,73.49
2025-11-10T13:00:00+00:00,32.78,111.49,78.71
2025-11-10T14:00:00+00:00,47.7675,127.8625,80.095
2025-11-10T15:00:00+00:00,57.019999999999996,139.64499999999998,82.62499999999999
2025-11-10T16:00:00+00:00,64.575,144.99999999999997,80.42499999999997
2025-11-10T17:00:00+00:00,77.8,139.33749999999998,61.53749999999998
2025-11-10T18:00:00+00:00,86.73,132.4,45.67
2025-11-10T19:00:00+00:00,70.1825,124.32999999999998,54.14749999999998
2025-11-10T20:00:00+00:00,65.17,115.0375,49.86749999999999
2025-11-10T21:00:00+00:00,54.665,112.09,57.425000000000004
2025-11-10T22:00:00+00:00,41.175,105.1,63.925
2025-11-10T23:00:00+00:00,39.6675,96.31,56.642500000000005
2025-11-11T00:00:00+00:00,33.239999999999995,99.22749999999999,65.9875
2025-11-11T01:00:00+00:00,35.705,98.21000000000001,62.50500000000001
2025-11-11T02:00:00+00:00,29.7425,97.7625,68.02000000000001
2025-11-11T03:00:00+00:00,21.59,96.3,74.71
2025-11-11T04:00:00+00:00,25.5425,105.38,79.83749999999999
2025-11-11T05:00:00+00:00,26.884999999999998,121.9375,95.05250000000001
2025-11-11T06:00:00+00:00,21.785,134.5,112.715
2025-11-11T07:00:00+00:00,20.355,130.0,109.645
2025-11-11T08:00:00+00:00,15.379999999999999,118.26,102.88000000000001
2025-11-11T09:00:00+00:00,13.0675,104.44000000000001,91.37250000000002
2025-11-11T10:00:00+00:00,10.700000000000001,97.015,86.315
2025-11-11T11:00:00+00:00,12.955,90.0975,77.1425
2025-11-11T12:00:00+00:00,8.665000000000001,96.14500000000001,87.48
2025-11-11T13:00:00+00:00,5.635,109.16749999999999,103.53249999999998
2025-11-11T14:00:00+00:00,12.815,122.5375,109.7225
2025-11-11T15:00:00+00:00,24.134999999999998,134.95999999999998,110.82499999999999
2025-11-11T16:00:00+00:00,37.44,140.9075,103.4675
2025-11-11T17:00:00+00:00,50.105000000000004,135.6625,85.55749999999999
2025-11-11T18:00:00+00:00,27.927500000000002,130.0,102.07249999999999
2025-11-11T19:00:00+00:00,22.7575,127.26500000000001,104.50750000000002
2025-11-11T20:00:00+00:00,14.485000000000001,120.9675,106.4825
2025-11-11T21:00:00+00:00,18.2375,115.09750000000001,96.86000000000001
2025-11-11T22:00:00+00:00,18.8825,111.0025,92.12
2025-11-11T23:00:00+00:00,28.387500000000003,104.72999999999999,76.34249999999999
2025-11-12T00:00:00+00:00,18.7075,99.83,81.1225
2025-11-12T01:00:00+00:00,15.7675,101.195,85.4275
2025-11-12T02:00:00+00:00,12.2575,98.95,86.6925
2025-11-12T03:00:00+00:00,9.21,101.35749999999999,92.14749999999998
2025-11-12T04:00:00+00:00,14.48,108.1,93.61999999999999
2025-11-12T05:00:00+00:00,37.5725,125.82,88.2475
2025-11-12T06:00:00+00:00,52.36,135.0,82.64
2025-11-12T07:00:00+00:00,45.457499999999996,127.4875,82.03
2025-11-12T08:00:00+00:00,11.5925,115.9975,104.405
2025-11-12T09:00:00+00:00,2.0875,102.16,100.07249999999999
2025-11-12T10:00:00+00:00,0.0025,98.3275,98.325
2025-11-12T11:00:00+00:00,8.280000000000001,89.2125,80.9325
2025-11-12T12:00:00+00:00,1.2600000000000002,96.10249999999999,94.84249999999999
2025-11-12T13:00:00+00:00,2.9025,110.5675,107.66499999999999
2025-11-12T14:00:00+00:00,10.067499999999999,128.3675,118.30000000000001
2025-11-12T15:00:00+00:00,16.1525,130.0,113.8475
2025-11-12T16:00:00+00:00,38.9025,133.315,94.4125
2025-11-12T17:00:00+00:00,46.345,130.0,83.655
2025-11-12T18:00:00+00:00,40.2675,130.54,90.2725
2025-11-12T19:00:00+00:00,20.9975,130.0,109.0025
2025-11-12T20:00:00+00:00,18.37,120.71000000000001,102.34
2025-11-12T21:00:00+00:00,33.7075,114.5,80.79249999999999
2025-11-12T22:00:00+00:00,24.497500000000002,108.1,83.60249999999999
2025-11-12T23:00:00+00:00,24.13,113.28999999999999,89.16
2025-11-13T00:00:00+00:00,21.5575,108.63499999999999,87.07749999999999
2025-11-13T01:00:00+00:00,14.6975,105.1,90.40249999999999
2025-11-13T02:00:00+00:00,11.645,104.625,92.98
2025-11-13T03:00:00+00:00,10.627500000000001,104.79,94.16250000000001
2025-11-13T04:00:00+00:00,16.3575,113.56,97.2025
2025-11-13T05:00:00+00:00,29.56,132.29500000000002,102.73500000000001
2025-11-13T06:00:00+00:00,45.86750000000001,143.25,97.3825
2025-11-13T07:00:00+00:00,50.0,125.91499999999999,75.91499999999999
2025-11-13T08:00:00+00:00,43.03,118.9075,75.8775
2025-11-13T09:00:00+00:00,30.39,110.41,80.02
2025-11-13T10:00:00+00:00,21.697499999999998,106.31,84.61250000000001
2025-11-13T11:00:00+00:00,28.0,102.275,74.275
2025-11-13T12:00:00+00:00,23.7,105.10000000000001,81.4
2025-11-13T13:00:00+00:00,25.495,121.49000000000001,95.995
2025-11-13T14:00:00+00:00,32.260000000000005,155.76999999999998,123.50999999999998
2025-11-13T15:00:00+00:00,38.845,156.92000000000002,118.07500000000002
2025-11-13T16:00:00+00:00,45.042500000000004,153.3925,108.35000000000001
2025-11-13T17:00:00+00:00,53.959999999999994,149.88750000000002,95.92750000000002
2025-11-13T18:00:00+00:00,53.122499999999995,150.71,97.5875
2025-11-13T19:00:00+00:00,48.8375,149.86249999999998,101.02499999999998
2025-11-13T20:00:00+00:00,33.1425,131.825,98.68249999999999
2025-11-13T21:00:00+00:00,33.375,120.915,87.54
2025-11-13T22:00:00+00:00,22.705,118.51249999999999,95.80749999999999
2025-11-13T23:00:00+00:00,19.3975,106.575,87.17750000000001
2025-11-14T00:00:00+00:00,19.442500000000003,105.14,85.69749999999999
2025-11-14T01:00:00+00:00,12.727500000000001,104.5,91.7725
2025-11-14T02:00:00+00:00,8.925,102.15,93.22500000000001
2025-11-14T03:00:00+00:00,5.315,101.2925,95.9775
2025-11-14T04:00:00+00:00,11.365,108.0,96.635
2025-11-14T05:00:00+00:00,16.1875,115.8,99.6125
2025-11-14T06:00:00+00:00,27.545,132.74,105.19500000000001
2025-11-14T07:00:00+00:00,34.54,133.4,98.86000000000001
2025-11-14T08:00:00+00:00,27.03,120.975,93.945
2025-11-14T09:00:00+00:00,14.67,117.6,102.92999999999999
2025-11-14T10:00:00+00:00,18.939999999999998,108.465,89.525
2025-11-14T11:00:00+00:00,21.03,104.52000000000001,83.49000000000001
2025-11-14T12:00:00+00:00,17.0825,106.4025,89.32000000000001
2025-11-14T13:00:00+00:00,20.807499999999997,120.485,99.67750000000001
2025-11-14T14:00:00+00:00,23.869999999999997,125.4925,101.6225
2025-11-14T15:00:00+00:00,26.92,130.975,104.05499999999999
2025-11-14T16:00:00+00:00,35.215,132.60750000000002,97.39250000000001
2025-11-14T17:00:00+00:00,54.935,129.46499999999997,74.52999999999997
2025-11-14T18:00:00+00:00,57.7025,125.885,68.1825
2025-11-14T19:00:00+00:00,45.07,119.03999999999999,73.97
2025-11-14T20:00:00+00:00,33.2575,110.7025,77.445
2025-11-14T21:00:00+00:00,38.7375,111.52000000000001,72.78250000000001
2025-11-14T22:00:00+00:00,33.2825,104.67999999999999,71.3975
2025-11-14T23:00:00+00:00,22.9875,111.83,88.8425
2025-11-15T00:00:00+00:00,19.755000000000003,101.24000000000001,81.48500000000001
2025-11-15T01:00:00+00:00,17.6,98.41999999999999,80.82
2025-11-15T02:00:00+00:00,16.8825,96.80000000000001,79.91750000000002
2025-11-15T03:00:00+00:00,16.495,96.33250000000001,79.8375
2025-11-15T04:00:00+00:00,17.1025,102.91250000000001,85.81
2025-11-15T05:00:00+00:00,19.6425,108.78,89.1375
2025-11-15T06:00:00+00:00,21.3,110.3075,89.00750000000001
2025-11-15T07:00:00+00:00,30.725,107.70750000000001,76.98250000000002
2025-11-15T08:00:00+00:00,28.854999999999997,108.74000000000001,79.88500000000002
2025-11-15T09:00:00+00:00,24.3175,108.5,84.1825
2025-11-15T10:00:00+00:00,18.16,103.8,85.64
2025-11-15T11:00:00+00:00,24.72,105.1,80.38
2025-11-15T12:00:00+00:00,24.595,105.25,80.655
2025-11-15T13:00:00+00:00,31.754999999999995,112.14500000000001,80.39000000000001
2025-11-15T14:00:00+00:00,36.0975,123.045,86.9475
2025-11-15T15:00:00+00:00,40.739999999999995,125.0,84.26
2025-11-15T16:00:00+00:00,48.165,126.08000000000001,77.91500000000002
2025-11-15T17:00:00+00:00,65.0525,130.0,64.9475
2025-11-15T18:00:00+00:00,58.6175,135.0,76.3825
2025-11-15T19:00:00+00:00,46.5725,125.8375,79.26500000000001
2025-11-15T20:00:00+00:00,40.8825,115.49,74.60749999999999
2025-11-15T21:00:00+00:00,41.1775,113.8925,72.715
2025-11-15T22:00:00+00:00,38.515,108.0,69.485
2025-11-15T23:00:00+00:00,35.315,108.17,72.855
2025-11-16T00:00:00+00:00,29.455,103.53,74.075
2025-11-16T01:00:00+00:00,25.7725,101.5,75.72749999999999
2025-11-16T02:00:00+00:00,23.5775,101.00999999999999,77.43249999999999
2025-11-16T03:00:00+00:00,22.947499999999998,101.56,78.61250000000001
2025-11-16T04:00:00+00:00,23.077499999999997,104.51,81.4325
2025-11-16T05:00:00+00:00,24.089999999999996,105.10000000000001,81.01000000000002
2025-11-16T06:00:00+00:00,31.0775,105.1875,74.11
2025-11-16T07:00:00+00:00,22.972500000000004,105.1,82.1275
2025-11-16T08:00:00+00:00,21.67,107.425,85.755
2025-11-16T09:00:00+00:00,14.2725,105.8475,91.57499999999999
2025-11-16T10:00:00+00:00,21.802500000000002,108.4925,86.69
2025-11-16T11:00:00+00:00,52.2025,108.56,56.3575
2025-11-16T12:00:00+00:00,23.5475,112.125,88.5775
2025-11-16T13:00:00+00:00,16.9225,116.2975,99.375
2025-11-16T14:00:00+00:00,12.487499999999999,121.05499999999999,108.5675
2025-11-16T15:00:00+00:00,20.065,130.0,109.935
2025-11-16T16:00:00+00:00,52.24,134.91250000000002,82.67250000000001
2025-11-16T17:00:00+00:00,72.6125,127.5,54.8875
2025-11-16T18:00:00+00:00,81.0125,120.775,39.7625
2025-11-16T19:00:00+00:00,72.15,120.785,48.63499999999999
2025-11-16T20:00:00+00:00,61.7425,112.65,50.907500000000006
2025-11-16T21:00:00+00:00,65.2825,107.545,42.2625
2025-11-16T22:00:00+00:00,59.775000000000006,101.96000000000001,42.185
2025-11-16T23:00:00+00:00,43.58999999999999,91.7675,48.17750000000001
2025-11-17T00:00:00+00:00,50.727500000000006,83.0275,32.3
2025-11-17T01:00:00+00:00,43.025,76.8125,33.7875
2025-11-17T02:00:00+00:00,26.797500000000003,75.92,49.1225
2025-11-17T03:00:00+00:00,11.840000000000002,80.345,68.505
2025-11-17T04:00:00+00:00,25.66,94.715,69.055
2025-11-17T05:00:00+00:00,35.7625,108.0,72.2375
2025-11-17T06:00:00+00:00,84.19749999999999,120.0,35.80250000000001
2025-11-17T07:00:00+00:00,89.27749999999999,124.45500000000001,35.17750000000002
2025-11-17T08:00:00+00:00,76.1,127.78999999999999,51.69
2025-11-17T09:00:00+00:00,63.0625,123.17500000000001,60.11250000000001
2025-11-17T10:00:00+00:00,57.185,119.45,62.265
2025-11-17T11:00:00+00:00,50.9475,112.485,61.5375
2025-11-17T12:00:00+00:00,39.1,114.6,75.5
2025-11-17T13:00:00+00:00,37.620000000000005,119.19999999999999,81.57999999999998
2025-11-17T14:00:00+00:00,46.5075,115.7,69.1925
2025-11-17T15:00:00+00:00,69.3575,120.125,50.7675
2025-11-17T16:00:00+00:00,92.49249999999999,119.565,27.072500000000005
2025-11-17T17:00:00+00:00,112.8175,121.225,8.407499999999999
2025-11-17T18:00:00+00:00,110.73499999999999,123.5,12.765000000000015
2025-11-17T19:00:00+00:00,103.73,119.395,15.664999999999992
2025-11-17T20:00:00+00:00,88.095,110.64250000000001,22.547500000000014
2025-11-17T21:00:00+00:00,87.4675,105.1,17.632499999999993
2025-11-17T22:00:00+00:00,80.16,103.87,23.710000000000008
2025-11-17T23:00:00+00:00,78.99249999999999,103.6,24.6075
2025-11-18T00:00:00+00:00,75.4425,99.415,23.97250000000001
2025-11-18T01:00:00+00:00,71.5275,97.8475,26.319999999999993
2025-11-18T02:00:00+00:00,69.425,98.1625,28.737499999999997
2025-11-18T03:00:00+00:00,68.7125,97.92249999999999,29.20999999999998
2025-11-18T04:00:00+00:00,69.2825,99.52,30.237499999999997
2025-11-18T05:00:00+00:00,90.4075,109.5975,19.189999999999998
2025-11-18T06:00:00+00:00,103.04249999999999,122.75500000000001,19.71250000000002
2025-11-18T07:00:00+00:00,122.07249999999999,128.9875,6.9150000000000205
2025-11-18T08:00:00+00:00,98.925,125.0,26.075000000000003
2025-11-18T09:00:00+00:00,83.60999999999999,120.9775,37.36750000000002
2025-11-18T10:00:00+00:00,67.0025,118.93,51.92750000000001
2025-11-18T11:00:00+00:00,63.6975,110.75999999999999,47.06249999999999
2025-11-18T12:00:00+00:00,60.345,112.27250000000001,51.92750000000001
2025-11-18T13:00:00+00:00,68.14,119.77250000000001,51.63250000000001
2025-11-18T14:00:00+00:00,83.91749999999999,129.09,45.172500000000014
2025-11-18T15:00:00+00:00,91.6075,135.66250000000002,44.05500000000002
2025-11-18T16:00:00+00:00,106.06249999999999,139.325,33.2625
2025-11-18T17:00:00+00:00,131.675,136.905,5.22999999999999
2025-11-18T18:00:00+00:00,131.3625,133.97500000000002,2.6125000000000114
2025-11-18T19:00:00+00:00,100.0,125.3375,25.337500000000006
2025-11-18T20:00:00+00:00,90.1975,114.59,24.3925
2025-11-18T21:00:00+00:00,97.9275,111.765,13.837500000000006
2025-11-18T22:00:00+00:00,89.9625,109.0525,19.08999999999999
2025-11-18T23:00:00+00:00,80.1625,105.1,24.9375
2025-11-19T00:00:00+00:00,83.215,101.8475,18.632499999999993
2025-11-19T01:00:00+00:00,71.7075,101.0925,29.385000000000005
2025-11-19T02:00:00+00:00,57.410000000000004,100.6,43.18999999999999
2025-11-19T03:00:00+00:00,58.6325,100.54,41.907500000000006
2025-11-19T04:00:00+00:00,72.0925,108.83999999999999,36.74749999999999
2025-11-19T05:00:00+00:00,93.8325,122.0425,28.210000000000008
2025-11-19T06:00:00+00:00,105.1425,138.09750000000003,32.95500000000003
2025-11-19T07:00:00+00:00,115.4875,135.0,19.512500000000003
2025-11-19T08:00:00+00:00,99.45000000000002,127.72999999999999,28.279999999999973
2025-11-19T09:00:00+00:00,92.10499999999999,116.0175,23.91250000000001
2025-11-19T10:00:00+00:00,74.905,112.9,37.995000000000005
2025-11-19T11:00:00+00:00,70.9625,112.0,41.037499999999994
2025-11-19T12:00:00+00:00,66.99249999999999,117.8125,50.82000000000001
2025-11-19T13:00:00+00:00,69.05999999999999,133.9,64.84000000000002
2025-11-19T14:00:00+00:00,82.22,135.5475,53.327500000000015
2025-11-19T15:00:00+00:00,87.5775,140.0,52.4225
2025-11-19T16:00:00+00:00,98.8625,142.8425,43.980000000000004
2025-11-19T17:00:00+00:00,118.0325,134.64,16.607499999999987
2025-11-19T18:00:00+00:00,119.9175,133.0275,13.11
2025-11-19T19:00:00+00:00,104.95,128.8225,23.872499999999988
2025-11-19T20:00:00+00:00,90.48,120.92750000000001,30.447500000000005
2025-11-19T21:00:00+00:00,96.83500000000001,115.715,18.879999999999995
2025-11-19T22:00:00+00:00,91.885,107.265,15.379999999999995
2025-11-19T23:00:00+00:00,83.53,110.0,26.47
2025-11-20T00:00:00+00:00,75.74499999999999,105.52,29.775000000000006
2025-11-20T01:00:00+00:00,74.1825,105.71000000000001,31.527500000000003
2025-11-20T02:00:00+00:00,72.415,105.5975,33.18249999999999
2025-11-20T03:00:00+00:00,72.8725,105.56500000000001,32.69250000000001
2025-11-20T04:00:00+00:00,83.53999999999999,105.73,22.190000000000012
2025-11-20T05:00:00+00:00,94.7,125.0,30.299999999999997
2025-11-20T06:00:00+00:00,106.42500000000001,140.685,34.25999999999999
2025-11-20T07:00:00+00:00,117.2675,150.7825,33.515
2025-11-20T08:00:00+00:00,119.9975,151.5025,31.504999999999995
2025-11-20T09:00:00+00:00,102.52250000000001,150.0,47.47749999999999
2025-11-20T10:00:00+00:00,91.73499999999999,148.685,56.95000000000002
2025-11-20T11:00:00+00:00,94.61000000000001,146.6525,52.04249999999999
2025-11-20T12:00:00+00:00,80.81,145.835,65.025
2025-11-20T13:00:00+00:00,89.48249999999999,150.48,60.9975
2025-11-20T14:00:00+00:00,94.1975,136.0875,41.89
2025-11-20T15:00:00+00:00,112.98249999999999,150.5,37.51750000000001
2025-11-20T16:00:00+00:00,148.1225,155.0,6.877499999999998
2025-11-20T17:00:00+00:00,156.9975,156.9975,0.0
2025-11-20T18:00:00+00:00,152.2075,152.2075,0.0
2025-11-20T19:00:00+00:00,127.33250000000001,129.6,2.267499999999984
2025-11-20T20:00:00+00:00,105.72,118.9,13.180000000000007
2025-11-20T21:00:00+00:00,102.23750000000001,112.6325,10.394999999999982
2025-11-20T22:00:00+00:00,92.85000000000001,106.78999999999999,13.939999999999984
2025-11-20T23:00:00+00:00,80.85,105.61000000000001,24.76000000000002
2025-11-21T00:00:00+00:00,87.9075,105.58,17.6725
2025-11-21T01:00:00+00:00,85.3075,104.96000000000001,19.652500000000003
2025-11-21T02:00:00+00:00,81.3925,104.51,23.117500000000007
2025-11-21T03:00:00+00:00,78.0,105.1,27.099999999999994
2025-11-21T04:00:00+00:00,87.19999999999999,104.3475,17.147500000000008
2025-11-21T05:00:00+00:00,98.5,116.82499999999999,18.32499999999999
2025-11-21T06:00:00+00:00,156.995,165.0,8.004999999999995
2025-11-21T07:00:00+00:00,194.09,196.76,2.6699999999999875
2025-11-21T08:00:00+00:00,170.13000000000002,180.7875,10.65749999999997
2025-11-21T09:00:00+00:00,100.3225,166.63,66.30749999999999
2025-11-21T10:00:00+00:00,86.825,139.175,52.35000000000001
2025-11-21T11:00:00+00:00,95.9175,133.09,37.1725
2025-11-21T12:00:00+00:00,87.13749999999999,139.9975,52.860000000000014
2025-11-21T13:00:00+00:00,91.67999999999999,159.315,67.635
2025-11-21T14:00:00+00:00,94.1375,160.0,65.8625
2025-11-21T15:00:00+00:00,100.285,158.64999999999998,58.36499999999998
2025-11-21T16:00:00+00:00,160.75,160.75,0.0
2025-11-21T17:00:00+00:00,171.1,171.1,0.0
2025-11-21T18:00:00+00:00,162.11,162.11,0.0
2025-11-21T19:00:00+00:00,135.34,135.34,0.0
2025-11-21T20:00:00+00:00,104.3075,118.02000000000001,13.712500000000006
2025-11-21T21:00:00+00:00,99.185,113.08250000000001,13.897500000000008
2025-11-21T22:00:00+00:00,95.845,110.305,14.460000000000008
2025-11-21T23:00:00+00:00,90.58500000000001,120.0,29.414999999999992
2025-11-22T00:00:00+00:00,93.41749999999999,112.6425,19.22500000000001
2025-11-22T01:00:00+00:00,88.44,110.35000000000001,21.91000000000001
2025-11-22T02:00:00+00:00,85.2775,110.5,25.222499999999997
2025-11-22T03:00:00+00:00,77.7025,108.9025,31.200000000000003
2025-11-22T04:00:00+00:00,80.3,105.7675,25.4675
2025-11-22T05:00:00+00:00,82.16,117.625,35.465
2025-11-22T06:00:00+00:00,89.84,121.675,31.834999999999994
2025-11-22T07:00:00+00:00,97.7375,121.55,23.8125
2025-11-22T08:00:00+00:00,90.345,117.6,27.254999999999995
2025-11-22T09:00:00+00:00,83.71000000000001,109.95750000000001,26.247500000000002
2025-11-22T10:00:00+00:00,80.3575,105.1,24.742499999999993
2025-11-22T11:00:00+00:00,78.07,100.03,21.960000000000008
2025-11-22T12:00:00+00:00,77.6775,100.05000000000001,22.372500000000016
2025-11-22T13:00:00+00:00,69.8375,108.615,38.77749999999999
2025-11-22T14:00:00+00:00,68.2875,121.0675,52.78
2025-11-22T15:00:00+00:00,84.67000000000002,135.5325,50.86249999999998
2025-11-22T16:00:00+00:00,90.25,144.65,54.400000000000006
2025-11-22T17:00:00+00:00,99.5275,133.5075,33.97999999999999
2025-11-22T18:00:00+00:00,102.83,129.52,26.690000000000012
2025-11-22T19:00:00+00:00,91.1325,125.40499999999999,34.272499999999994
2025-11-22T20:00:00+00:00,92.1725,120.22999999999999,28.05749999999999
2025-11-22T21:00:00+00:00,90.225,119.6625,29.4375
2025-11-22T22:00:00+00:00,83.325,112.19000000000001,28.86500000000001
2025-11-22T23:00:00+00:00,81.5275,105.1,23.57249999999999
2025-11-23T00:00:00+00:00,74.35249999999999,97.0675,22.715000000000003
2025-11-23T01:00:00+00:00,70.44,96.55,26.11
2025-11-23T02:00:00+00:00,63.23,101.9,38.67000000000001
2025-11-23T03:00:00+00:00,60.885,104.17,43.285000000000004
2025-11-23T04:00:00+00:00,64.005,93.52,29.515
2025-11-23T05:00:00+00:00,62.129999999999995,102.08,39.95
2025-11-23T06:00:00+00:00,65.2475,105.1,39.85249999999999
2025-11-23T07:00:00+00:00,68.905,104.485,35.58
2025-11-23T08:00:00+00:00,68.6725,104.79,36.11750000000001
2025-11-23T09:00:00+00:00,69.2775,102.3,33.022499999999994
2025-11-23T10:00:00+00:00,70.2875,104.78,34.49250000000001
2025-11-23T11:00:00+00:00,70.4125,105.10000000000001,34.687500000000014
2025-11-23T12:00:00+00:00,64.9975,97.82000000000001,32.822500000000005
2025-11-23T13:00:00+00:00,59.8525,106.6425,46.79
2025-11-23T14:00:00+00:00,59.005,110.9,51.895
2025-11-23T15:00:00+00:00,63.7025,122.89250000000001,59.19000000000001
2025-11-23T16:00:00+00:00,79.905,128.0625,48.1575
2025-11-23T17:00:00+00:00,88.99000000000001,129.57,40.579999999999984
2025-11-23T18:00:00+00:00,88.1225,131.525,43.4025
2025-11-23T19:00:00+00:00,81.3575,128.6375,47.27999999999999
2025-11-23T20:00:00+00:00,72.6475,122.3625,49.715
2025-11-23T21:00:00+00:00,69.2975,111.55250000000001,42.25500000000001
2025-11-23T22:00:00+00:00,60.5725,105.47749999999999,44.904999999999994
2025-11-23T23:00:00+00:00,66.78,105.2,38.42
2025-11-24T00:00:00+00:00,61.6075,101.0,39.3925
2025-11-24T01:00:00+00:00,55.6025,96.55,40.9475
2025-11-24T02:00:00+00:00,43.44,93.58,50.14
2025-11-24T03:00:00+00:00,35.45249999999999,94.445,58.9925
2025-11-24T04:00:00+00:00,57.0175,103.49000000000001,46.47250000000001
2025-11-24T05:00:00+00:00,75.78750000000001,113.095,37.30749999999999
2025-11-24T06:00:00+00:00,93.54750000000001,133.9475,40.39999999999998
2025-11-24T07:00:00+00:00,96.005,145.26999999999998,49.264999999999986
2025-11-24T08:00:00+00:00,105.7625,149.8675,44.105000000000004
2025-11-24T09:00:00+00:00,106.41,154.59,48.18000000000001
2025-11-24T10:00:00+00:00,90.1925,160.24,70.04750000000001
2025-11-24T11:00:00+00:00,90.4825,165.1525,74.67
2025-11-24T12:00:00+00:00,72.63,177.8375,105.20750000000001
2025-11-24T13:00:00+00:00,60.1225,179.4875,119.36500000000001
2025-11-24T14:00:00+00:00,71.27749999999999,169.13,97.8525
2025-11-24T15:00:00+00:00,86.28,180.0,93.72
2025-11-24T16:00:00+00:00,101.65,175.1125,73.4625
2025-11-24T17:00:00+00:00,102.52000000000001,157.6,55.079999999999984
2025-11-24T18:00:00+00:00,99.28,157.6,58.31999999999999
2025-11-24T19:00:00+00:00,82.07,134.4725,52.4025
2025-11-24T20:00:00+00:00,77.74,128.5725,50.832499999999996
2025-11-24T21:00:00+00:00,71.69999999999999,121.4,49.70000000000002
2025-11-24T22:00:00+00:00,67.215,108.8,41.584999999999994
2025-11-24T23:00:00+00:00,54.265,105.98,51.715
2025-11-25T00:00:00+00:00,41.84,104.15,62.31
2025-11-25T01:00:00+00:00,31.689999999999994,103.3325,71.6425
2025-11-25T02:00:00+00:00,21.505000000000003,101.8425,80.3375
2025-11-25T03:00:00+00:00,16.705,105.415,88.71000000000001
2025-11-25T04:00:00+00:00,31.825000000000003,109.27,77.445
2025-11-25T05:00:00+00:00,60.935,137.0175,76.08250000000001
2025-11-25T06:00:00+00:00,84.62,174.1875,89.5675
2025-11-25T07:00:00+00:00,97.805,200.0,102.195
2025-11-25T08:00:00+00:00,91.97,245.0,153.03
2025-11-25T09:00:00+00:00,77.19250000000001,215.0,137.8075
2025-11-25T10:00:00+00:00,68.455,209.0975,140.64249999999998
2025-11-25T11:00:00+00:00,70.25,170.0,99.75
2025-11-25T12:00:00+00:00,61.817499999999995,165.0,103.1825
2025-11-25T13:00:00+00:00,66.0925,180.0,113.9075
2025-11-25T14:00:00+00:00,67.61,157.64,90.02999999999999
2025-11-25T15:00:00+00:00,79.81,160.0,80.19
2025-11-25T16:00:00+00:00,93.8075,160.43,66.6225
2025-11-25T17:00:00+00:00,104.135,175.0,70.865
2025-11-25T18:00:00+00:00,102.1075,168.75,66.6425
2025-11-25T19:00:00+00:00,96.2775,156.7925,60.514999999999986
2025-11-25T20:00:00+00:00,90.31250000000001,131.8775,41.56499999999998
2025-11-25T21:00:00+00:00,88.595,112.985,24.39
2025-11-25T22:00:00+00:00,80.3775,105.2325,24.855000000000004
2025-11-25T23:00:00+00:00,78.13499999999999,101.36749999999999,23.2325
2025-11-26T00:00:00+00:00,68.97,102.5025,33.5325
2025-11-26T01:00:00+00:00,62.3775,100.705,38.3275
2025-11-26T02:00:00+00:00,63.08,101.92999999999999,38.849999999999994
2025-11-26T03:00:00+00:00,61.99,101.62,39.63
2025-11-26T04:00:00+00:00,74.015,102.91499999999999,28.89999999999999
2025-11-26T05:00:00+00:00,81.0475,123.3825,42.334999999999994
2025-11-26T06:00:00+00:00,94.5425,185.5075,90.96499999999999
2025-11-26T07:00:00+00:00,108.86,210.0,101.14
2025-11-26T08:00:00+00:00,118.90249999999999,204.6875,85.78500000000001
2025-11-26T09:00:00+00:00,89.91,187.08,97.17000000000002
2025-11-26T10:00:00+00:00,92.0125,170.0,77.9875
2025-11-26T11:00:00+00:00,82.985,160.09500000000003,77.11000000000003
2025-11-26T12:00:00+00:00,74.4,168.60500000000002,94.20500000000001
2025-11-26T13:00:00+00:00,82.905,182.0675,99.1625
2025-11-26T14:00:00+00:00,86.05000000000001,180.0,93.94999999999999
2025-11-26T15:00:00+00:00,91.62,195.41,103.78999999999999
2025-11-26T16:00:00+00:00,142.5625,195.0,52.4375
2025-11-26T17:00:00+00:00,180.0,187.275,7.275000000000006
2025-11-26T18:00:00+00:00,171.695,186.2525,14.557500000000005
2025-11-26T19:00:00+00:00,124.82999999999998,162.78,37.95000000000002
2025-11-26T20:00:00+00:00,100.0025,129.3,29.297500000000014
2025-11-26T21:00:00+00:00,91.89,115.32749999999999,23.437499999999986
2025-11-26T22:00:00+00:00,88.89,110.9375,22.0475
2025-11-26T23:00:00+00:00,88.88999999999999,107.63,18.74000000000001
2025-11-27T00:00:00+00:00,81.46000000000001,104.46499999999999,23.00499999999998
2025-11-27T01:00:00+00:00,73.8125,105.1,31.287499999999994
2025-11-27T02:00:00+00:00,68.41,105.4075,36.9975
2025-11-27T03:00:00+00:00,66.3825,105.10000000000001,38.717500000000015
2025-11-27T04:00:00+00:00,68.9675,105.1,36.13249999999999
2025-11-27T05:00:00+00:00,77.46249999999999,115.33,37.86750000000001
2025-11-27T06:00:00+00:00,96.71249999999999,133.5,36.78750000000001
2025-11-27T07:00:00+00:00,99.8925,149.67000000000002,49.77750000000002
2025-11-27T08:00:00+00:00,87.6525,132.54500000000002,44.89250000000001
2025-11-27T09:00:00+00:00,80.875,121.25250000000001,40.37750000000001
2025-11-27T10:00:00+00:00,81.07,116.065,34.995000000000005
2025-11-27T11:00:00+00:00,78.525,111.3075,32.7825
2025-11-27T12:00:00+00:00,79.8725,115.49249999999999,35.61999999999999
2025-11-27T13:00:00+00:00,84.69500000000001,128.445,43.749999999999986
2025-11-27T14:00:00+00:00,81.52250000000001,141.0225,59.5
2025-11-27T15:00:00+00:00,84.1,152.155,68.055
2025-11-27T16:00:00+00:00,101.5575,141.35000000000002,39.79250000000002
2025-11-27T17:00:00+00:00,107.71000000000001,135.725,28.014999999999986
2025-11-27T18:00:00+00:00,93.20499999999998,134.05,40.84500000000003
2025-11-27T19:00:00+00:00,86.23,120.99749999999999,34.767499999999984
2025-11-27T20:00:00+00:00,82.1875,110.33,28.1425
2025-11-27T21:00:00+00:00,89.05499999999999,106.16999999999999,17.114999999999995
2025-11-27T22:00:00+00:00,74.08,104.35,30.269999999999996
2025-11-27T23:00:00+00:00,62.1,105.9875,43.887499999999996
2025-11-28T00:00:00+00:00,58.3,103.6125,45.3125
2025-11-28T01:00:00+00:00,55.1075,102.2,47.0925
2025-11-28T02:00:00+00:00,49.57,100.0,50.43
2025-11-28T03:00:00+00:00,51.519999999999996,100.25,48.730000000000004
2025-11-28T04:00:00+00:00,59.30499999999999,105.335,46.03
2025-11-28T05:00:00+00:00,74.9525,124.14000000000001,49.187500000000014
2025-11-28T06:00:00+00:00,87.82,143.535,55.715
2025-11-28T07:00:00+00:00,103.365,160.05,56.68500000000002
2025-11-28T08:00:00+00:00,101.9725,148.5675,46.595
2025-11-28T09:00:00+00:00,88.03750000000001,131.2175,43.17999999999999
2025-11-28T10:00:00+00:00,77.89,124.15,46.260000000000005
2025-11-28T11:00:00+00:00,77.3475,115.50999999999999,38.162499999999994
2025-11-28T12:00:00+00:00,71.75,117.145,45.394999999999996
2025-11-28T13:00:00+00:00,69.0475,124.6,55.552499999999995
2025-11-28T14:00:00+00:00,74.725,129.0125,54.287499999999994
2025-11-28T15:00:00+00:00,82.8225,137.7,54.87749999999998
2025-11-28T16:00:00+00:00,91.14500000000001,135.245,44.099999999999994
2025-11-28T17:00:00+00:00,100.3075,135.89499999999998,35.58749999999998
2025-11-28T18:00:00+00:00,96.28,134.66750000000002,38.38750000000002
2025-11-28T19:00:00+00:00,89.895,124.1725,34.2775
2025-11-28T20:00:00+00:00,86.285,117.2475,30.962500000000006
2025-11-28T21:00:00+00:00,86.44500000000001,118.7925,32.3475
2025-11-28T22:00:00+00:00,78.33999999999999,108.205,29.86500000000001
2025-11-28T23:00:00+00:00,82.0175,111.1575,29.14
2025-11-29T00:00:00+00:00,81.1525,105.14,23.987499999999997
2025-11-29T01:00:00+00:00,81.355,103.7125,22.3575
2025-11-29T02:00:00+00:00,73.9075,106.28,32.3725
2025-11-29T03:00:00+00:00,64.8,106.94,42.14
2025-11-29T04:00:00+00:00,69.7175,103.27250000000001,33.55500000000001
2025-11-29T05:00:00+00:00,75.9,107.34,31.439999999999998
2025-11-29T06:00:00+00:00,80.4575,119.0775,38.620000000000005
2025-11-29T07:00:00+00:00,90.52250000000001,120.55000000000001,30.027500000000003
2025-11-29T08:00:00+00:00,80.55499999999999,113.7025,33.14750000000001
2025-11-29T09:00:00+00:00,62.879999999999995,105.50999999999999,42.629999999999995
2025-11-29T10:00:00+00:00,50.0575,103.43249999999999,53.37499999999999
2025-11-29T11:00:00+00:00,50.5275,101.50999999999999,50.98249999999999
2025-11-29T12:00:00+00:00,44.394999999999996,98.51750000000001,54.12250000000002
2025-11-29T13:00:00+00:00,47.6375,105.10000000000001,57.462500000000006
2025-11-29T14:00:00+00:00,56.845,116.70000000000002,59.85500000000002
2025-11-29T15:00:00+00:00,71.72,127.5,55.78
2025-11-29T16:00:00+00:00,84.2475,130.485,46.23750000000001
2025-11-29T17:00:00+00:00,91.0875,134.07500000000002,42.98750000000001
2025-11-29T18:00:00+00:00,93.10249999999999,135.0,41.89750000000001
2025-11-29T19:00:00+00:00,86.72749999999999,130.7275,44.0
2025-11-29T20:00:00+00:00,81.73249999999999,120.10499999999999,38.3725
2025-11-29T21:00:00+00:00,88.145,118.2925,30.147500000000008
2025-11-29T22:00:00+00:00,81.9525,118.495,36.542500000000004
2025-11-29T23:00:00+00:00,76.85249999999999,105.64250000000001,28.79000000000002
2025-11-30T00:00:00+00:00,70.75500000000001,104.92,34.16499999999999
2025-11-30T01:00:00+00:00,68.4975,105.10000000000001,36.602500000000006
2025-11-30T02:00:00+00:00,66.4025,105.00999999999999,38.60749999999999
2025-11-30T03:00:00+00:00,65.95750000000001,104.33,38.37249999999999
2025-11-30T04:00:00+00:00,66.44749999999999,102.21249999999999,35.765
2025-11-30T05:00:00+00:00,65.205,103.035,37.83
2025-11-30T06:00:00+00:00,69.37,106.25249999999998,36.88249999999998
2025-11-30T07:00:00+00:00,73.84,105.44999999999999,31.609999999999985
2025-11-30T08:00:00+00:00,81.7425,102.4625,20.72
2025-11-30T09:00:00+00:00,71.42999999999999,97.28,25.85000000000001
2025-11-30T10:00:00+00:00,63.015,90.58749999999999,27.57249999999999
2025-11-30T11:00:00+00:00,74.07000000000001,95.5925,21.522499999999994
2025-11-30T12:00:00+00:00,68.39,97.88499999999999,29.49499999999999
2025-11-30T13:00:00+00:00,62.38250000000001,104.6075,42.224999999999994
2025-11-30T14:00:00+00:00,61.825,117.255,55.42999999999999
2025-11-30T15:00:00+00:00,83.815,126.3425,42.5275
2025-11-30T16:00:00+00:00,99.2725,127.63,28.3575
2025-11-30T17:00:00+00:00,105.3775,129.2175,23.840000000000003
2025-11-30T18:00:00+00:00,106.80749999999999,131.04999999999998,24.242499999999993
2025-11-30T19:00:00+00:00,101.42250000000001,129.9075,28.484999999999985
2025-11-30T20:00:00+00:00,95.63499999999999,120.72500000000001,25.090000000000018
2025-11-30T21:00:00+00:00,93.6,116.22749999999999,22.627499999999998
2025-11-30T22:00:00+00:00,87.71000000000001,107.195,19.484999999999985
2025-11-30T23:00:00+00:00,80.605,101.63000000000001,21.025000000000006
2025-12-01T00:00:00+00:00,70.845,102.49000000000001,31.64500000000001
2025-12-01T01:00:00+00:00,63.38,101.61000000000001,38.23000000000001
2025-12-01T02:00:00+00:00,52.99,98.97500000000001,45.98500000000001
2025-12-01T03:00:00+00:00,47.3975,100.46,53.06249999999999
2025-12-01T04:00:00+00:00,52.4225,105.1575,52.735
2025-12-01T05:00:00+00:00,75.79,119.3175,43.52749999999999
2025-12-01T06:00:00+00:00,101.5175,136.135,34.61749999999999
2025-12-01T07:00:00+00:00,105.00750000000001,145.70749999999998,40.699999999999974
2025-12-01T08:00:00+00:00,95.21000000000001,143.2225,48.01249999999999
2025-12-01T09:00:00+00:00,75.11749999999999,139.81,64.69250000000001
2025-12-01T10:00:00+00:00,68.2,137.20000000000002,69.00000000000001
2025-12-01T11:00:00+00:00,70.7975,130.0,59.2025
2025-12-01T12:00:00+00:00,69.57249999999999,136.4925,66.92000000000002
2025-12-01T13:00:00+00:00,69.88250000000001,148.95000000000002,79.06750000000001
2025-12-01T14:00:00+00:00,73.375,160.0,86.625
2025-12-01T15:00:00+00:00,85.6525,148.7125,63.06
2025-12-01T16:00:00+00:00,94.87,160.0,65.13
2025-12-01T17:00:00+00:00,97.28,162.1725,64.89250000000001
2025-12-01T18:00:00+00:00,99.25999999999999,147.33249999999998,48.07249999999999
2025-12-01T19:00:00+00:00,87.3025,143.61499999999998,56.312499999999986
2025-12-01T20:00:00+00:00,80.36,136.4275,56.06750000000001
2025-12-01T21:00:00+00:00,80.4375,126.3925,45.955
2025-12-01T22:00:00+00:00,74.565,112.9225,38.3575
2025-12-01T23:00:00+00:00,59.137499999999996,107.63,48.4925
2025-12-02T00:00:00+00:00,56.63,104.05,47.419999999999995
2025-12-02T01:00:00+00:00,51.092499999999994,104.75999999999999,53.6675
2025-12-02T02:00:00+00:00,41.0375,104.065,63.027499999999996
2025-12-02T03:00:00+00:00,43.8625,103.7975,59.935
2025-12-02T04:00:00+00:00,61.605,107.9,46.29500000000001
2025-12-02T05:00:00+00:00,76.815,121.18,44.36500000000001
2025-12-02T06:00:00+00:00,88.01750000000001,137.3,49.2825
2025-12-02T07:00:00+00:00,95.48750000000001,145.0,49.51249999999999
2025-12-02T08:00:00+00:00,91.4175,152.77,61.352500000000006
2025-12-02T09:00:00+00:00,84.8925,152.31,67.4175
2025-12-02T10:00:00+00:00,82.5125,144.445,61.93249999999999
2025-12-02T11:00:00+00:00,80.3,130.5,50.2
2025-12-02T12:00:00+00:00,75.44999999999999,130.0,54.55000000000001
2025-12-02T13:00:00+00:00,88.62750000000001,135.1,46.47249999999998
2025-12-02T14:00:00+00:00,88.26250000000002,150.89249999999998,62.62999999999997
2025-12-02T15:00:00+00:00,87.6775,177.2575,89.58
2025-12-02T16:00:00+00:00,111.43249999999999,185.0,73.56750000000001
2025-12-02T17:00:00+00:00,125.885,167.57999999999998,41.69499999999998
2025-12-02T18:00:00+00:00,126.315,152.0825,25.767500000000013
2025-12-02T19:00:00+00:00,109.0975,130.0,20.902500000000003
2025-12-02T20:00:00+00:00,97.745,129.9275,32.182500000000005
2025-12-02T21:00:00+00:00,86.5925,120.11,33.5175
2025-12-02T22:00:00+00:00,85.1675,108.11,22.942499999999995
2025-12-02T23:00:00+00:00,85.04750000000001,105.38999999999999,20.342499999999973
2025-12-03T00:00:00+00:00,79.3575,106.6,27.242499999999993
2025-12-03T01:00:00+00:00,74.5175,102.10999999999999,27.592499999999987
2025-12-03T02:00:00+00:00,68.15,103.99249999999999,35.84249999999999
2025-12-03T03:00:00+00:00,67.1425,105.19999999999999,38.05749999999999
2025-12-03T04:00:00+00:00,72.23,107.285,35.05499999999999
2025-12-03T05:00:00+00:00,77.9,121.195,43.29499999999999
2025-12-03T06:00:00+00:00,93.07000000000001,177.07,83.99999999999999
2025-12-03T07:00:00+00:00,99.84000000000002,185.60000000000002,85.76
2025-12-03T08:00:00+00:00,101.895,168.96,67.06500000000001
2025-12-03T09:00:00+00:00,88.0575,160.975,72.91749999999999
2025-12-03T10:00:00+00:00,88.45,157.875,69.425
2025-12-03T11:00:00+00:00,95.9,147.645,51.745000000000005
2025-12-03T12:00:00+00:00,92.745,150.11,57.36500000000001
2025-12-03T13:00:00+00:00,78.69,173.5025,94.8125
2025-12-03T14:00:00+00:00,82.39500000000001,185.48000000000002,103.08500000000001
2025-12-03T15:00:00+00:00,84.7075,185.5,100.7925
2025-12-03T16:00:00+00:00,135.43,189.89999999999998,54.46999999999997
2025-12-03T17:00:00+00:00,129.47,190.0,60.53
2025-12-03T18:00:00+00:00,116.00999999999999,172.0,55.99000000000001
2025-12-03T19:00:00+00:00,96.8825,141.6975,44.815
2025-12-03T20:00:00+00:00,88.76,124.26,35.5
2025-12-03T21:00:00+00:00,85.475,119.4,33.92500000000001
2025-12-03T22:00:00+00:00,76.045,109.28,33.235
2025-12-03T23:00:00+00:00,61.075,103.49,42.41499999999999
2025-12-04T00:00:00+00:00,56.445,102.47,46.025
2025-12-04T01:00:00+00:00,51.042500000000004,102.60749999999999,51.56499999999998
2025-12-04T02:00:00+00:00,43.04,98.6875,55.6475
2025-12-04T03:00:00+00:00,35.7,99.63,63.92999999999999
2025-12-04T04:00:00+00:00,46.4975,104.3175,57.81999999999999
2025-12-04T05:00:00+00:00,66.575,111.66499999999999,45.08999999999999
2025-12-04T06:00:00+00:00,80.335,143.4,63.06500000000001
2025-12-04T07:00:00+00:00,85.7125,166.82000000000002,81.10750000000002
2025-12-04T08:00:00+00:00,84.7475,172.9575,88.21000000000001
2025-12-04T09:00:00+00:00,83.0275,166.9675,83.94
2025-12-04T10:00:00+00:00,86.02000000000001,143.685,57.66499999999999
2025-12-04T11:00:00+00:00,76.0825,139.9975,63.915000000000006
2025-12-04T12:00:00+00:00,71.06,144.8175,73.7575
2025-12-04T13:00:00+00:00,77.105,151.2175,74.1125
2025-12-04T14:00:00+00:00,77.695,153.265,75.57
2025-12-04T15:00:00+00:00,82.8375,155.39749999999998,72.55999999999997
2025-12-04T16:00:00+00:00,91.05,148.1775,57.12750000000001
2025-12-04T17:00:00+00:00,110.16,145.8725,35.712500000000006
2025-12-04T18:00:00+00:00,120.0775,140.5775,20.499999999999986
2025-12-04T19:00:00+00:00,88.8425,128.455,39.61250000000001
2025-12-04T20:00:00+00:00,85.43749999999999,119.00500000000001,33.567500000000024
2025-12-04T21:00:00+00:00,86.0025,114.00999999999999,28.007499999999993
2025-12-04T22:00:00+00:00,81.6125,107.11,25.497500000000002
2025-12-04T23:00:00+00:00,77.5975,105.1,27.502499999999998
2025-12-05T00:00:00+00:00,71.61,101.5,29.89
2025-12-05T01:00:00+00:00,74.03999999999999,102.97749999999999,28.9375
2025-12-05T02:00:00+00:00,63.6375,105.63999999999999,42.00249999999998
2025-12-05T03:00:00+00:00,58.92999999999999,102.84,43.91000000000001
2025-12-05T04:00:00+00:00,70.59,106.1,35.50999999999999
2025-12-05T05:00:00+00:00,83.3575,118.5475,35.19
2025-12-05T06:00:00+00:00,95.0,143.5075,48.50749999999999
2025-12-05T07:00:00+00:00,117.0875,157.89000000000001,40.80250000000001
2025-12-05T08:00:00+00:00,125.10249999999999,175.805,50.702500000000015
2025-12-05T09:00:00+00:00,89.0025,165.0,75.9975
2025-12-05T10:00:00+00:00,79.22749999999999,180.0,100.77250000000001
2025-12-05T11:00:00+00:00,89.08,154.18,65.10000000000001
2025-12-05T12:00:00+00:00,74.67500000000001,149.42,74.74499999999998
2025-12-05T13:00:00+00:00,71.82,148.73000000000002,76.91000000000003
2025-12-05T14:00:00+00:00,74.02250000000001,149.875,75.85249999999999
2025-12-05T15:00:00+00:00,80.41,152.0975,71.6875
2025-12-05T16:00:00+00:00,84.3175,148.845,64.5275
2025-12-05T17:00:00+00:00,87.155,142.185,55.03
2025-12-05T18:00:00+00:00,83.0,128.20499999999998,45.204999999999984
2025-12-05T19:00:00+00:00,79.185,114.8275,35.6425
2025-12-05T20:00:00+00:00,67.205,111.4725,44.2675
2025-12-05T21:00:00+00:00,67.835,110.55250000000001,42.717500000000015
2025-12-05T22:00:00+00:00,56.47,103.11500000000001,46.64500000000001
2025-12-05T23:00:00+00:00,33.767500000000005,107.3175,73.54999999999998
2025-12-06T00:00:00+00:00,22.84,104.47,81.63
2025-12-06T01:00:00+00:00,19.2825,101.4,82.1175
2025-12-06T02:00:00+00:00,15.14,98.29499999999999,83.15499999999999
2025-12-06T03:00:00+00:00,12.697500000000002,94.66,81.96249999999999
2025-12-06T04:00:00+00:00,13.6725,98.11250000000001,84.44000000000001
2025-12-06T05:00:00+00:00,17.619999999999997,103.22500000000001,85.60500000000002
2025-12-06T06:00:00+00:00,23.345,114.0825,90.7375
2025-12-06T07:00:00+00:00,25.0575,114.32,89.26249999999999
2025-12-06T08:00:00+00:00,30.185,109.45,79.265
2025-12-06T09:00:00+00:00,26.240000000000002,103.54499999999999,77.30499999999998
2025-12-06T10:00:00+00:00,17.5975,101.935,84.3375
2025-12-06T11:00:00+00:00,18.575000000000003,99.2,80.625
2025-12-06T12:00:00+00:00,15.315000000000001,100.52250000000001,85.20750000000001
2025-12-06T13:00:00+00:00,16.61,102.30250000000001,85.69250000000001
2025-12-06T14:00:00+00:00,19.509999999999998,113.5275,94.01750000000001
2025-12-06T15:00:00+00:00,24.0125,121.41499999999999,97.40249999999999
2025-12-06T16:00:00+00:00,38.135,123.9,85.76500000000001
2025-12-06T17:00:00+00:00,55.23,122.135,66.905
2025-12-06T18:00:00+00:00,45.427499999999995,121.62,76.19250000000001
2025-12-06T19:00:00+00:00,25.9,122.39999999999999,96.5
2025-12-06T20:00:00+00:00,29.0275,111.66,82.6325
2025-12-06T21:00:00+00:00,32.7925,105.1,72.3075
2025-12-06T22:00:00+00:00,25.8625,100.57,74.7075
2025-12-06T23:00:00+00:00,33.322500000000005,105.1,71.77749999999999
2025-12-07T00:00:00+00:00,23.9975,101.27250000000001,77.275
2025-12-07T01:00:00+00:00,22.712500000000002,96.5775,73.865
2025-12-07T02:00:00+00:00,17.675,91.1375,73.4625
2025-12-07T03:00:00+00:00,11.0,93.75,82.75
2025-12-07T04:00:00+00:00,14.53,97.1,82.57
2025-12-07T05:00:00+00:00,18.37,100.39,82.02
2025-12-07T06:00:00+00:00,18.9925,101.36,82.3675
2025-12-07T07:00:00+00:00,19.92,99.39999999999999,79.47999999999999
2025-12-07T08:00:00+00:00,16.3325,95.6,79.2675
2025-12-07T09:00:00+00:00,11.135,96.94500000000001,85.81
2025-12-07T10:00:00+00:00,9.915,96.9,86.98500000000001
2025-12-07T11:00:00+00:00,17.1575,101.69,84.5325
2025-12-07T12:00:00+00:00,12.64,102.62,89.98
2025-12-07T13:00:00+00:00,10.120000000000001,100.72,90.6
2025-12-07T14:00:00+00:00,6.5925,111.4175,104.825
2025-12-07T15:00:00+00:00,15.08,116.77000000000001,101.69000000000001
2025-12-07T16:00:00+00:00,28.779999999999998,114.38000000000001,85.60000000000001
2025-12-07T17:00:00+00:00,29.675,117.035,87.36
2025-12-07T18:00:00+00:00,35.480000000000004,120.06,84.58
2025-12-07T19:00:00+00:00,23.0525,121.385,98.33250000000001
2025-12-07T20:00:00+00:00,20.75,113.3,92.55
2025-12-07T21:00:00+00:00,34.74,105.1,70.35999999999999
2025-12-07T22:00:00+00:00,32.435,96.6,64.16499999999999
2025-12-07T23:00:00+00:00,17.494999999999997,103.6575,86.1625
2025-12-08T00:00:00+00:00,16.25,96.005,79.755
2025-12-08T01:00:00+00:00,15.667499999999999,97.5,81.8325
2025-12-08T02:00:00+00:00,12.825,93.80000000000001,80.97500000000001
2025-12-08T03:00:00+00:00,13.6975,81.785,68.08749999999999
2025-12-08T04:00:00+00:00,15.9875,93.5975,77.61
2025-12-08T05:00:00+00:00,34.985,104.2975,69.3125
2025-12-08T06:00:00+00:00,33.125,117.27,84.145
2025-12-08T07:00:00+00:00,48.8725,117.4425,68.57
2025-12-08T08:00:00+00:00,45.205,109.1825,63.977500000000006
2025-12-08T09:00:00+00:00,27.817500000000003,101.635,73.8175
2025-12-08T10:00:00+00:00,23.02,99.48,76.46000000000001
2025-12-08T11:00:00+00:00,20.9225,95.0,74.0775
2025-12-08T12:00:00+00:00,14.1225,88.4675,74.345
2025-12-08T13:00:00+00:00,15.54,101.3,85.75999999999999
2025-12-08T14:00:00+00:00,24.8075,112.335,87.52749999999999
2025-12-08T15:00:00+00:00,35.89,119.72500000000001,83.83500000000001
2025-12-08T16:00:00+00:00,52.8875,122.325,69.4375
2025-12-08T17:00:00+00:00,79.1675,120.6025,41.435
2025-12-08T18:00:00+00:00,80.6675,122.92250000000001,42.25500000000001
2025-12-08T19:00:00+00:00,55.28,120.4,65.12
2025-12-08T20:00:00+00:00,42.8675,114.0525,71.185
2025-12-08T21:00:00+00:00,51.035,105.75750000000001,54.72250000000001
2025-12-08T22:00:00+00:00,55.935,98.70249999999999,42.767499999999984
2025-12-08T23:00:00+00:00,33.4675,98.1,64.6325
2025-12-09T00:00:00+00:00,32.285,96.88250000000001,64.59750000000001
2025-12-09T01:00:00+00:00,28.94,97.3225,68.38250000000001
2025-12-09T02:00:00+00:00,14.42,97.43,83.01
2025-12-09T03:00:00+00:00,4.0525,95.93,91.87750000000001
2025-12-09T04:00:00+00:00,18.247500000000002,101.62,83.3725
2025-12-09T05:00:00+00:00,15.764999999999999,123.2,107.435
2025-12-09T06:00:00+00:00,36.3175,130.0025,93.685
2025-12-09T07:00:00+00:00,68.645,129.8075,61.16250000000001
2025-12-09T08:00:00+00:00,59.150000000000006,119.5075,60.35749999999999
2025-12-09T09:00:00+00:00,35.44,113.745,78.305
2025-12-09T10:00:00+00:00,7.7825,108.7,100.9175
2025-12-09T11:00:00+00:00,11.1675,103.6125,92.445
2025-12-09T12:00:00+00:00,7.004999999999999,105.42,98.415
2025-12-09T13:00:00+00:00,3.1075,114.7825,111.675
2025-12-09T14:00:00+00:00,17.2,117.81,100.61
2025-12-09T15:00:00+00:00,32.92,130.0,97.08
2025-12-09T16:00:00+00:00,48.495,132.10000000000002,83.60500000000002
2025-12-09T17:00:00+00:00,62.9475,130.0,67.05250000000001
2025-12-09T18:00:00+00:00,65.3075,130.82999999999998,65.52249999999998
2025-12-09T19:00:00+00:00,47.959999999999994,125.685,77.72500000000001
2025-12-09T20:00:00+00:00,13.385000000000002,120.04249999999999,106.65749999999998
2025-12-09T21:00:00+00:00,13.517500000000002,116.28500000000001,102.76750000000001
2025-12-09T22:00:00+00:00,13.51,107.595,94.085
2025-12-09T23:00:00+00:00,32.870000000000005,107.87,75.0
2025-12-10T00:00:00+00:00,25.625,102.45000000000002,76.82500000000002
2025-12-10T01:00:00+00:00,21.6075,103.83,82.2225
2025-12-10T02:00:00+00:00,14.25,101.62,87.37
2025-12-10T03:00:00+00:00,16.689999999999998,98.97000000000001,82.28000000000002
2025-12-10T04:00:00+00:00,11.997499999999999,105.87,93.8725
2025-12-10T05:00:00+00:00,41.1475,121.48750000000001,80.34
2025-12-10T06:00:00+00:00,78.7275,132.4775,53.749999999999986
2025-12-10T07:00:00+00:00,93.2325,133.9425,40.709999999999994
2025-12-10T08:00:00+00:00,92.63250000000001,130.0,37.36749999999999
2025-12-10T09:00:00+00:00,85.02250000000001,117.645,32.62249999999999
2025-12-10T10:00:00+00:00,79.015,112.36,33.345
2025-12-10T11:00:00+00:00,79.5175,108.58000000000001,29.062500000000014
2025-12-10T12:00:00+00:00,73.97,111.19500000000001,37.22500000000001
2025-12-10T13:00:00+00:00,72.475,118.0125,45.53750000000001
2025-12-10T14:00:00+00:00,81.99000000000001,127.6,45.609999999999985
2025-12-10T15:00:00+00:00,83.72,136.545,52.82499999999999
2025-12-10T16:00:00+00:00,98.4375,137.08249999999998,38.64499999999998
2025-12-10T17:00:00+00:00,105.91,134.45000000000002,28.54000000000002
2025-12-10T18:00:00+00:00,99.20500000000001,133.185,33.97999999999999
2025-12-10T19:00:00+00:00,90.21,127.6325,37.4225
2025-12-10T20:00:00+00:00,83.6325,125.0275,41.39500000000001
2025-12-10T21:00:00+00:00,80.69749999999999,115.75,35.05250000000001
2025-12-10T22:00:00+00:00,76.32249999999999,107.81,31.48750000000001
2025-12-10T23:00:00+00:00,68.245,107.2975,39.052499999999995
2025-12-11T00:00:00+00:00,65.2925,101.96000000000001,36.667500000000004
2025-12-11T01:00:00+00:00,61.400000000000006,102.0275,40.6275
2025-12-11T02:00:00+00:00,55.965,102.65249999999999,46.687499999999986
2025-12-11T03:00:00+00:00,52.0,100.77000000000001,48.77000000000001
2025-12-11T04:00:00+00:00,60.517500000000005,104.82000000000001,44.3025
2025-12-11T05:00:00+00:00,72.46,117.8725,45.41250000000001
2025-12-11T06:00:00+00:00,89.66499999999999,125.6525,35.98750000000001
2025-12-11T07:00:00+00:00,99.9025,131.0,31.097499999999997
2025-12-11T08:00:00+00:00,98.0475,127.19999999999999,29.15249999999999
2025-12-11T09:00:00+00:00,85.5,122.10000000000001,36.60000000000001
2025-12-11T10:00:00+00:00,78.76500000000001,113.7775,35.01249999999999
2025-12-11T11:00:00+00:00,76.5475,108.50750000000001,31.960000000000008
2025-12-11T12:00:00+00:00,75.01500000000001,112.015,36.999999999999986
2025-12-11T13:00:00+00:00,75.15,121.63250000000002,46.482500000000016
2025-12-11T14:00:00+00:00,77.84,128.1,50.25999999999999
2025-12-11T15:00:00+00:00,85.09,133.76749999999998,48.67749999999998
2025-12-11T16:00:00+00:00,98.38250000000001,132.44,34.05749999999999
2025-12-11T17:00:00+00:00,105.12,129.75,24.629999999999995
2025-12-11T18:00:00+00:00,102.1175,129.98499999999999,27.86749999999998
2025-12-11T19:00:00+00:00,88.84,127.0,38.16
2025-12-11T20:00:00+00:00,82.45,118.45,36.0
2025-12-11T21:00:00+00:00,81.565,112.455,30.89
2025-12-11T22:00:00+00:00,81.4325,106.94749999999999,25.514999999999986
2025-12-11T23:00:00+00:00,76.45249999999999,101.7425,25.29000000000002
2025-12-12T00:00:00+00:00,74.995,99.1425,24.147499999999994
2025-12-12T01:00:00+00:00,66.82,100.06,33.24000000000001
2025-12-12T02:00:00+00:00,56.0175,98.33,42.3125
2025-12-12T03:00:00+00:00,51.8625,97.61,45.7475
2025-12-12T04:00:00+00:00,64.0,101.3075,37.307500000000005
2025-12-12T05:00:00+00:00,81.15,112.7125,31.5625
2025-12-12T06:00:00+00:00,86.60000000000001,131.1675,44.56749999999998
2025-12-12T07:00:00+00:00,108.1875,135.22,27.0325
2025-12-12T08:00:00+00:00,107.57,127.945,20.375
2025-12-12T09:00:00+00:00,91.97999999999999,115.80499999999999,23.825000000000003
2025-12-12T10:00:00+00:00,81.39750000000001,109.60000000000001,28.2025
2025-12-12T11:00:00+00:00,83.9,106.75999999999999,22.859999999999985
2025-12-12T12:00:00+00:00,73.1725,109.04249999999999,35.86999999999999
2025-12-12T13:00:00+00:00,71.0025,111.7475,40.745000000000005
2025-12-12T14:00:00+00:00,81.36,130.5675,49.207499999999996
2025-12-12T15:00:00+00:00,84.95,135.2275,50.27749999999999
2025-12-12T16:00:00+00:00,101.44,135.88,34.44
2025-12-12T17:00:00+00:00,112.97749999999999,133.0,20.022500000000008
2025-12-12T18:00:00+00:00,109.44500000000001,130.0,20.554999999999993
2025-12-12T19:00:00+00:00,99.12,121.5675,22.44749999999999
2025-12-12T20:00:00+00:00,79.44749999999999,112.3725,32.92500000000001
2025-12-12T21:00:00+00:00,79.0025,109.24249999999999,30.239999999999995
2025-12-12T22:00:00+00:00,81.5,104.95,23.450000000000003
2025-12-12T23:00:00+00:00,90.2325,105.1,14.867499999999993
2025-12-13T00:00:00+00:00,81.0925,101.2475,20.155
2025-12-13T01:00:00+00:00,74.39,97.0675,22.677499999999995
2025-12-13T02:00:00+00:00,68.945,94.91,25.965000000000003
2025-12-13T03:00:00+00:00,65.74,94.9375,29.197500000000005
2025-12-13T04:00:00+00:00,67.1225,97.675,30.552499999999995
2025-12-13T05:00:00+00:00,70.575,103.04999999999998,32.47499999999998
2025-12-13T06:00:00+00:00,78.3075,110.9475,32.64
2025-12-13T07:00:00+00:00,84.95750000000001,114.78,29.82249999999999
2025-12-13T08:00:00+00:00,80.7875,109.28500000000001,28.497500000000016
2025-12-13T09:00:00+00:00,72.435,101.4375,29.002499999999998
2025-12-13T10:00:00+00:00,67.6375,97.4375,29.799999999999997
2025-12-13T11:00:00+00:00,65.52250000000001,97.93,32.4075
2025-12-13T12:00:00+00:00,59.31,96.2,36.89
2025-12-13T13:00:00+00:00,59.982499999999995,102.1,42.1175
2025-12-13T14:00:00+00:00,66.42250000000001,113.33,46.907499999999985
2025-12-13T15:00:00+00:00,76.62,122.66499999999999,46.04499999999999
2025-12-13T16:00:00+00:00,91.905,123.8725,31.9675
2025-12-13T17:00:00+00:00,99.41,123.60249999999999,24.192499999999995
2025-12-13T18:00:00+00:00,95.08999999999999,125.72,30.63000000000001
2025-12-13T19:00:00+00:00,87.28,120.1325,32.85249999999999
2025-12-13T20:00:00+00:00,78.0325,114.63,36.5975
2025-12-13T21:00:00+00:00,73.0775,109.53500000000001,36.45750000000001
2025-12-13T22:00:00+00:00,78.6825,101.81,23.127499999999998
2025-12-13T23:00:00+00:00,77.5375,103.75,26.212500000000006
2025-12-14T00:00:00+00:00,70.61,98.23,27.620000000000005
2025-12-14T01:00:00+00:00,67.21749999999999,96.07,28.852500000000006
2025-12-14T02:00:00+00:00,62.472500000000004,96.8125,34.339999999999996
2025-12-14T03:00:00+00:00,55.025,97.1,42.074999999999996
2025-12-14T04:00:00+00:00,52.334999999999994,98.53999999999999,46.205
2025-12-14T05:00:00+00:00,51.552499999999995,105.1,53.5475
2025-12-14T06:00:00+00:00,59.0975,112.5,53.4025
2025-12-14T07:00:00+00:00,68.055,112.0,43.94499999999999
2025-12-14T08:00:00+00:00,72.36,105.10000000000001,32.74000000000001
2025-12-14T09:00:00+00:00,68.10000000000001,101.555,33.455
2025-12-14T10:00:00+00:00,61.69,100.22,38.53
2025-12-14T11:00:00+00:00,62.285,96.90249999999999,34.61749999999999
2025-12-14T12:00:00+00:00,59.0025,95.8025,36.8
2025-12-14T13:00:00+00:00,59.127500000000005,94.7375,35.60999999999999
2025-12-14T14:00:00+00:00,63.4225,105.1,41.677499999999995
2025-12-14T15:00:00+00:00,74.89250000000001,117.52250000000001,42.629999999999995
2025-12-14T16:00:00+00:00,85.4925,120.0,34.50749999999999
2025-12-14T17:00:00+00:00,91.795,121.71,29.914999999999992
2025-12-14T18:00:00+00:00,92.7775,127.38499999999999,34.60749999999999
2025-12-14T19:00:00+00:00,84.64750000000001,123.07249999999999,38.42499999999998
2025-12-14T20:00:00+00:00,80.79,120.0,39.209999999999994
2025-12-14T21:00:00+00:00,78.5675,114.79,36.22250000000001
2025-12-14T22:00:00+00:00,71.02,102.07000000000001,31.05000000000001
2025-12-14T23:00:00+00:00,61.089999999999996,97.845,36.755
2025-12-15T00:00:00+00:00,59.655,95.25,35.595
2025-12-15T01:00:00+00:00,54.0,96.5625,42.5625
2025-12-15T02:00:00+00:00,32.835,99.16,66.32499999999999
2025-12-15T03:00:00+00:00,17.2925,94.37500000000001,77.08250000000001
2025-12-15T04:00:00+00:00,44.587500000000006,103.215,58.6275
2025-12-15T05:00:00+00:00,78.29999999999998,117.09,38.79000000000002
2025-12-15T06:00:00+00:00,91.34249999999999,130.9625,39.62000000000002
2025-12-15T07:00:00+00:00,102.7,133.0725,30.372499999999988
2025-12-15T08:00:00+00:00,90.0,129.29,39.28999999999999
2025-12-15T09:00:00+00:00,71.685,120.0,48.315
2025-12-15T10:00:00+00:00,69.805,115.75999999999999,45.954999999999984
2025-12-15T11:00:00+00:00,78.9625,111.48249999999999,32.51999999999998
2025-12-15T12:00:00+00:00,73.8925,115.1475,41.254999999999995
2025-12-15T13:00:00+00:00,75.16499999999999,126.085,50.92
2025-12-15T14:00:00+00:00,76.6275,130.91,54.2825
2025-12-15T15:00:00+00:00,89.5625,132.5,42.9375
2025-12-15T16:00:00+00:00,95.98249999999999,133.6,37.61750000000001
2025-12-15T17:00:00+00:00,97.5,132.1375,34.63749999999999
2025-12-15T18:00:00+00:00,93.72749999999999,127.15249999999999,33.425
2025-12-15T19:00:00+00:00,84.99000000000001,123.95,38.959999999999994
2025-12-15T20:00:00+00:00,77.1375,116.41000000000001,39.27250000000001
2025-12-15T21:00:00+00:00,81.3075,114.1825,32.875
2025-12-15T22:00:00+00:00,74.9375,105.1,30.162499999999994
2025-12-15T23:00:00+00:00,73.85,104.155,30.305000000000007
2025-12-16T00:00:00+00:00,70.6525,99.03999999999999,28.38749999999999
2025-12-16T01:00:00+00:00,73.3175,99.16,25.8425
2025-12-16T02:00:00+00:00,65.7025,100.2475,34.545
2025-12-16T03:00:00+00:00,70.93,99.16,28.22999999999999
2025-12-16T04:00:00+00:00,76.13,101.355,25.22500000000001
2025-12-16T05:00:00+00:00,87.63250000000001,112.95,25.317499999999995
2025-12-16T06:00:00+00:00,93.1,124.58000000000001,31.480000000000018
2025-12-16T07:00:00+00:00,96.21,133.8425,37.63250000000001
2025-12-16T08:00:00+00:00,99.0625,127.635,28.572500000000005
2025-12-16T09:00:00+00:00,92.6925,124.72250000000001,32.030000000000015
2025-12-16T10:00:00+00:00,89.45,122.5175,33.067499999999995
2025-12-16T11:00:00+00:00,88.5,120.08999999999999,31.58999999999999
2025-12-16T12:00:00+00:00,85.89750000000001,127.8125,41.91499999999999
2025-12-16T13:00:00+00:00,88.4875,138.95250000000001,50.46500000000002
2025-12-16T14:00:00+00:00,95.71249999999999,137.295,41.582499999999996
2025-12-16T15:00:00+00:00,99.4225,151.8425,52.42
2025-12-16T16:00:00+00:00,107.7275,163.04250000000002,55.31500000000001
2025-12-16T17:00:00+00:00,122.4025,146.10000000000002,23.69750000000002
2025-12-16T18:00:00+00:00,132.915,139.1175,6.202500000000015
2025-12-16T19:00:00+00:00,115.3725,121.8825,6.509999999999991
2025-12-16T20:00:00+00:00,100.505,119.7,19.195000000000007
2025-12-16T21:00:00+00:00,88.265,114.5475,26.2825
2025-12-16T22:00:00+00:00,84.0,105.93,21.930000000000007
2025-12-16T23:00:00+00:00,83.13499999999999,104.685,21.55000000000001
2025-12-17T00:00:00+00:00,82.2625,100.0,17.737499999999997
2025-12-17T01:00:00+00:00,81.2125,100.0375,18.82499999999999
2025-12-17T02:00:00+00:00,77.5325,100.7925,23.260000000000005
2025-12-17T03:00:00+00:00,66.7275,103.83500000000001,37.1075
2025-12-17T04:00:00+00:00,73.03,104.08249999999998,31.05249999999998
2025-12-17T05:00:00+00:00,76.10499999999999,114.3325,38.227500000000006
2025-12-17T06:00:00+00:00,95.19,133.135,37.94499999999999
2025-12-17T07:00:00+00:00,108.0725,134.025,25.9525
2025-12-17T08:00:00+00:00,110.7225,131.685,20.962500000000006
2025-12-17T09:00:00+00:00,98.1175,129.695,31.577499999999986
2025-12-17T10:00:00+00:00,90.665,126.10249999999999,35.437499999999986
2025-12-17T11:00:00+00:00,87.86000000000001,121.075,33.21499999999999
2025-12-17T12:00:00+00:00,83.66,120.0,36.34
2025-12-17T13:00:00+00:00,82.2825,120.3725,38.09
2025-12-17T14:00:00+00:00,86.11,126.0,39.89
2025-12-17T15:00:00+00:00,83.25999999999999,133.9175,50.6575
2025-12-17T16:00:00+00:00,91.08,131.8675,40.78750000000001
2025-12-17T17:00:00+00:00,86.10249999999999,130.8,44.69750000000002
2025-12-17T18:00:00+00:00,85.01499999999999,128.7,43.685
2025-12-17T19:00:00+00:00,84.9975,128.4,43.4025
2025-12-17T20:00:00+00:00,78.9325,119.4175,40.485
2025-12-17T21:00:00+00:00,80.13,119.7325,39.602500000000006
2025-12-17T22:00:00+00:00,67.7975,110.315,42.5175
2025-12-17T23:00:00+00:00,39.955,109.1,69.145
2025-12-18T00:00:00+00:00,41.3,106.56,65.26
2025-12-18T01:00:00+00:00,33.995,104.7775,70.7825
2025-12-18T02:00:00+00:00,18.5,100.87,82.37
2025-12-18T03:00:00+00:00,8.5775,106.4,97.8225
2025-12-18T04:00:00+00:00,19.8875,110.665,90.7775
2025-12-18T05:00:00+00:00,47.4125,121.565,74.1525
2025-12-18T06:00:00+00:00,77.57,127.7,50.13000000000001
2025-12-18T07:00:00+00:00,77.00000000000001,135.2,58.199999999999974
2025-12-18T08:00:00+00:00,55.3975,129.755,74.35749999999999
2025-12-18T09:00:00+00:00,18.6025,125.6,106.9975
2025-12-18T10:00:00+00:00,0.5,118.72,118.22
2025-12-18T11:00:00+00:00,0.0,115.41,115.41
2025-12-18T12:00:00+00:00,0.4075,119.19999999999999,118.79249999999999
2025-12-18T13:00:00+00:00,5.0,127.225,122.225
2025-12-18T14:00:00+00:00,15.0,126.3,111.3
2025-12-18T15:00:00+00:00,24.595,129.4975,104.9025
2025-12-18T16:00:00+00:00,37.4575,128.735,91.2775
2025-12-18T17:00:00+00:00,67.805,127.36,59.55499999999999
2025-12-18T18:00:00+00:00,65.745,121.92750000000001,56.182500000000005
2025-12-18T19:00:00+00:00,49.9775,121.43,71.45250000000001
2025-12-18T20:00:00+00:00,45.13,125.71,80.57999999999998
2025-12-18T21:00:00+00:00,48.334999999999994,118.58,70.245
2025-12-18T22:00:00+00:00,23.955000000000002,112.8,88.845
2025-12-18T23:00:00+00:00,15.475000000000001,109.2175,93.7425
2025-12-19T00:00:00+00:00,12.735,106.6575,93.9225
2025-12-19T01:00:00+00:00,11.622499999999999,104.0925,92.47
2025-12-19T02:00:00+00:00,10.587499999999999,105.0,94.4125
2025-12-19T03:00:00+00:00,11.3675,104.32000000000001,92.95250000000001
2025-12-19T04:00:00+00:00,17.95,108.91999999999999,90.96999999999998
2025-12-19T05:00:00+00:00,44.7,116.9925,72.2925
2025-12-19T06:00:00+00:00,78.16,129.75,51.59
2025-12-19T07:00:00+00:00,89.2825,133.855,44.57249999999999
2025-12-19T08:00:00+00:00,89.38499999999999,129.75,40.36500000000001
2025-12-19T09:00:00+00:00,87.86,120.8575,32.9975
2025-12-19T10:00:00+00:00,82.1775,117.66,35.4825
2025-12-19T11:00:00+00:00,82.73,113.0625,30.332499999999996
2025-12-19T12:00:00+00:00,79.59,115.20250000000001,35.61250000000001
2025-12-19T13:00:00+00:00,84.4625,127.3625,42.89999999999999
2025-12-19T14:00:00+00:00,85.70500000000001,126.58500000000001,40.879999999999995
2025-12-19T15:00:00+00:00,84.84,127.08500000000001,42.245000000000005
2025-12-19T16:00:00+00:00,99.7775,130.0,30.222499999999997
2025-12-19T17:00:00+00:00,104.79750000000001,129.98,25.182499999999976
2025-12-19T18:00:00+00:00,99.85749999999999,128.98499999999999,29.127499999999998
2025-12-19T19:00:00+00:00,91.75999999999999,122.505,30.745000000000005
2025-12-19T20:00:00+00:00,80.9925,115.0,34.00749999999999
2025-12-19T21:00:00+00:00,85.6925,114.89999999999999,29.207499999999996
2025-12-19T22:00:00+00:00,90.3075,109.335,19.02749999999999
2025-12-19T23:00:00+00:00,85.0425,105.1675,20.125
2025-12-20T00:00:00+00:00,83.505,104.2875,20.7825
2025-12-20T01:00:00+00:00,77.63,103.49,25.86
2025-12-20T02:00:00+00:00,68.245,102.35,34.10499999999999
2025-12-20T03:00:00+00:00,63.622499999999995,101.21000000000001,37.58750000000001
2025-12-20T04:00:00+00:00,64.32249999999999,101.21,36.8875
2025-12-20T05:00:00+00:00,67.6375,101.27250000000001,33.635000000000005
2025-12-20T06:00:00+00:00,75.54499999999999,107.72749999999999,32.182500000000005
2025-12-20T07:00:00+00:00,79.25,116.4025,37.1525
2025-12-20T08:00:00+00:00,80.8375,118.12,37.2825
2025-12-20T09:00:00+00:00,75.0275,116.125,41.0975
2025-12-20T10:00:00+00:00,65.0775,114.44999999999999,49.37249999999999
2025-12-20T11:00:00+00:00,62.7875,109.61,46.8225
2025-12-20T12:00:00+00:00,50.415,108.27,57.855
2025-12-20T13:00:00+00:00,54.61749999999999,115.0,60.38250000000001
2025-12-20T14:00:00+00:00,54.92,120.92,66.0
2025-12-20T15:00:00+00:00,63.7175,122.53,58.8125
2025-12-20T16:00:00+00:00,74.5825,123.77000000000001,49.187500000000014
2025-12-20T17:00:00+00:00,76.4375,119.3,42.8625
2025-12-20T18:00:00+00:00,77.535,118.65,41.11500000000001
2025-12-20T19:00:00+00:00,73.2825,115.0,41.7175
2025-12-20T20:00:00+00:00,69.4075,113.5,44.0925
2025-12-20T21:00:00+00:00,73.16749999999999,107.90749999999998,34.739999999999995
2025-12-20T22:00:00+00:00,67.2025,104.63000000000001,37.42750000000001
2025-12-20T23:00:00+00:00,49.7825,105.41000000000001,55.62750000000001
2025-12-21T00:00:00+00:00,56.4375,103.20750000000001,46.77000000000001
2025-12-21T01:00:00+00:00,51.5,99.65,48.150000000000006
2025-12-21T02:00:00+00:00,46.6175,95.96000000000001,49.34250000000001
2025-12-21T03:00:00+00:00,42.64,95.78,53.14
2025-12-21T04:00:00+00:00,41.709999999999994,96.8425,55.13250000000001
2025-12-21T05:00:00+00:00,48.959999999999994,98.1,49.14
2025-12-21T06:00:00+00:00,55.7225,102.495,46.77250000000001
2025-12-21T07:00:00+00:00,63.6875,105.99,42.302499999999995
2025-12-21T08:00:00+00:00,64.69999999999999,108.595,43.89500000000001
2025-12-21T09:00:00+00:00,61.555,106.1,44.544999999999995
2025-12-21T10:00:00+00:00,60.8,106.08749999999999,45.287499999999994
2025-12-21T11:00:00+00:00,63.230000000000004,106.9675,43.7375
2025-12-21T12:00:00+00:00,58.7275,106.20249999999999,47.47499999999999
2025-12-21T13:00:00+00:00,56.462500000000006,108.57000000000001,52.1075
2025-12-21T14:00:00+00:00,59.35,110.535,51.184999999999995
2025-12-21T15:00:00+00:00,62.58,116.4,53.82000000000001
2025-12-21T16:00:00+00:00,67.32,121.215,53.89500000000001
2025-12-21T17:00:00+00:00,76.61749999999999,121.565,44.947500000000005
2025-12-21T18:00:00+00:00,82.33500000000001,121.5625,39.22749999999999
2025-12-21T19:00:00+00:00,81.50750000000001,117.2275,35.72
2025-12-21T20:00:00+00:00,75.57499999999999,116.7725,41.197500000000005
2025-12-21T21:00:00+00:00,76.7825,107.9975,31.215000000000003
2025-12-21T22:00:00+00:00,70.91000000000001,103.87,32.959999999999994
2025-12-21T23:00:00+00:00,36.765,103.8025,67.0375
2025-12-22T00:00:00+00:00,40.0,98.48,58.480000000000004
2025-12-22T01:00:00+00:00,37.9975,98.705,60.707499999999996
2025-12-22T02:00:00+00:00,25.64,94.61,68.97
2025-12-22T03:00:00+00:00,24.98,93.1975,68.2175
2025-12-22T04:00:00+00:00,36.4,100.19000000000001,63.79000000000001
2025-12-22T05:00:00+00:00,58.6575,108.255,49.5975
2025-12-22T06:00:00+00:00,79.3625,121.3575,41.995000000000005
2025-12-22T07:00:00+00:00,87.25999999999999,125.06,37.80000000000001
2025-12-22T08:00:00+00:00,88.4175,122.10000000000001,33.682500000000005
2025-12-22T09:00:00+00:00,84.975,119.4325,34.45750000000001
2025-12-22T10:00:00+00:00,83.00750000000001,118.305,35.2975
2025-12-22T11:00:00+00:00,88.43249999999999,116.7225,28.290000000000006
2025-12-22T12:00:00+00:00,85.335,117.25,31.915000000000006
2025-12-22T13:00:00+00:00,87.29249999999999,122.69250000000001,35.40000000000002
2025-12-22T14:00:00+00:00,84.84,123.2075,38.36749999999999
2025-12-22T15:00:00+00:00,86.1125,121.3425,35.230000000000004
2025-12-22T16:00:00+00:00,95.3125,124.7,29.387500000000003
2025-12-22T17:00:00+00:00,101.5725,122.4,20.8275
2025-12-22T18:00:00+00:00,97.9225,123.8525,25.930000000000007
2025-12-22T19:00:00+00:00,91.74,121.5875,29.84750000000001
2025-12-22T20:00:00+00:00,85.28,118.675,33.394999999999996
2025-12-22T21:00:00+00:00,84.09500000000001,110.49999999999999,26.404999999999973
2025-12-22T22:00:00+00:00,77.85,102.8175,24.9675
2025-12-22T23:00:00+00:00,70.89,97.67999999999999,26.789999999999992
2025-12-23T00:00:00+00:00,62.052499999999995,96.0,33.947500000000005
2025-12-23T01:00:00+00:00,61.3475,97.75,36.4025
2025-12-23T02:00:00+00:00,59.425,98.27000000000001,38.84500000000001
2025-12-23T03:00:00+00:00,56.652499999999996,100.0,43.347500000000004
2025-12-23T04:00:00+00:00,60.8475,100.69999999999999,39.85249999999999
2025-12-23T05:00:00+00:00,70.4,108.26,37.86
2025-12-23T06:00:00+00:00,81.0025,115.0,33.9975
2025-12-23T07:00:00+00:00,87.16499999999999,123.24,36.075
2025-12-23T08:00:00+00:00,88.765,122.91000000000001,34.14500000000001
2025-12-23T09:00:00+00:00,85.1375,120.135,34.9975
2025-12-23T10:00:00+00:00,83.4025,124.64,41.2375
2025-12-23T11:00:00+00:00,84.175,120.44500000000001,36.27000000000001
2025-12-23T12:00:00+00:00,81.1675,120.89999999999999,39.73249999999999
2025-12-23T13:00:00+00:00,80.67,118.445,37.77499999999999
2025-12-23T14:00:00+00:00,84.32,121.0825,36.7625
2025-12-23T15:00:00+00:00,82.86999999999999,122.975,40.105000000000004
2025-12-23T16:00:00+00:00,85.8875,128.0025,42.114999999999995
2025-12-23T17:00:00+00:00,87.45750000000001,124.83,37.37249999999999
2025-12-23T18:00:00+00:00,86.08500000000001,122.0,35.91499999999999
2025-12-23T19:00:00+00:00,80.725,116.755,36.03
2025-12-23T20:00:00+00:00,71.9975,112.07,40.07249999999999
2025-12-23T21:00:00+00:00,73.22749999999999,112.78999999999999,39.5625
2025-12-23T22:00:00+00:00,65.39000000000001,104.81,39.41999999999999
2025-12-23T23:00:00+00:00,59.48,102.16000000000001,42.680000000000014
2025-12-24T00:00:00+00:00,44.9975,98.58250000000001,53.58500000000001
2025-12-24T01:00:00+00:00,30.259999999999998,98.4475,68.1875
2025-12-24T02:00:00+00:00,20.18,98.3575,78.17750000000001
2025-12-24T03:00:00+00:00,11.0,96.9525,85.9525
2025-12-24T04:00:00+00:00,16.2725,94.77,78.4975
2025-12-24T05:00:00+00:00,23.547500000000003,102.46000000000001,78.91250000000001
2025-12-24T06:00:00+00:00,35.7725,114.47,78.69749999999999
2025-12-24T07:00:00+00:00,58.65,116.0,57.35
2025-12-24T08:00:00+00:00,50.68,117.985,67.305
2025-12-24T09:00:00+00:00,39.6475,116.245,76.5975
2025-12-24T10:00:00+00:00,25.389999999999997,115.04249999999999,89.65249999999999
2025-12-24T11:00:00+00:00,17.8725,115.0,97.1275
2025-12-24T12:00:00+00:00,16.6525,112.26249999999999,95.60999999999999
2025-12-24T13:00:00+00:00,17.45,111.1325,93.68249999999999
2025-12-24T14:00:00+00:00,23.655,116.0,92.345
2025-12-24T15:00:00+00:00,36.269999999999996,116.155,79.885
2025-12-24T16:00:00+00:00,53.7325,117.8925,64.16
2025-12-24T17:00:00+00:00,63.905,119.9075,56.0025
2025-12-24T18:00:00+00:00,61.324999999999996,120.27,58.945
2025-12-24T19:00:00+00:00,57.790000000000006,119.99999999999999,62.20999999999998
2025-12-24T20:00:00+00:00,50.0,115.72,65.72
2025-12-24T21:00:00+00:00,43.842499999999994,113.0475,69.20500000000001
2025-12-24T22:00:00+00:00,38.50749999999999,105.64500000000001,67.13750000000002
2025-12-24T23:00:00+00:00,33.1775,105.1,71.92249999999999
2025-12-25T00:00:00+00:00,30.157500000000002,103.1,72.9425
2025-12-25T01:00:00+00:00,23.3925,99.41,76.0175
2025-12-25T02:00:00+00:00,15.3225,95.07249999999999,79.74999999999999
2025-12-25T03:00:00+00:00,10.6225,95.7475,85.125
2025-12-25T04:00:00+00:00,15.970000000000002,98.5,82.53
2025-12-25T05:00:00+00:00,21.8375,101.96,80.1225
2025-12-25T06:00:00+00:00,32.1175,105.1,72.98249999999999
2025-12-25T07:00:00+00:00,39.6875,105.3775,65.69
2025-12-25T08:00:00+00:00,38.9675,104.655,65.6875
2025-12-25T09:00:00+00:00,30.715,106.57,75.85499999999999
2025-12-25T10:00:00+00:00,24.2825,106.62,82.3375
2025-12-25T11:00:00+00:00,31.462500000000002,105.1,73.63749999999999
2025-12-25T12:00:00+00:00,30.9775,99.35,68.3725
2025-12-25T13:00:00+00:00,23.225,97.53,74.305
2025-12-25T14:00:00+00:00,35.495,103.60999999999999,68.11499999999998
2025-12-25T15:00:00+00:00,63.21,110.48,47.27
2025-12-25T16:00:00+00:00,89.51249999999999,121.69,32.17750000000001
2025-12-25T17:00:00+00:00,93.97,124.2425,30.272500000000008
2025-12-25T18:00:00+00:00,93.2675,125.0,31.7325
2025-12-25T19:00:00+00:00,90.4375,121.5,31.0625
2025-12-25T20:00:00+00:00,88.1425,117.375,29.2325
2025-12-25T21:00:00+00:00,91.8975,105.715,13.81750000000001
2025-12-25T22:00:00+00:00,90.5675,104.345,13.777500000000003
2025-12-25T23:00:00+00:00,97.1,110.3275,13.227500000000006
2025-12-26T00:00:00+00:00,91.0525,104.2225,13.170000000000002
2025-12-26T01:00:00+00:00,85.08250000000001,101.11,16.02749999999999
2025-12-26T02:00:00+00:00,80.1925,100.40499999999999,20.21249999999999
2025-12-26T03:00:00+00:00,72.31,100.925,28.614999999999995
2025-12-26T04:00:00+00:00,73.03999999999999,101.39,28.35000000000001
2025-12-26T05:00:00+00:00,82.7175,105.1,22.382499999999993
2025-12-26T06:00:00+00:00,90.85749999999999,113.6375,22.780000000000015
2025-12-26T07:00:00+00:00,92.94,110.0,17.060000000000002
2025-12-26T08:00:00+00:00,93.1875,105.93,12.742500000000007
2025-12-26T09:00:00+00:00,89.25,100.0,10.75
2025-12-26T10:00:00+00:00,84.9925,99.84,14.847499999999997
2025-12-26T11:00:00+00:00,82.3125,100.25,17.9375
2025-12-26T12:00:00+00:00,80.33,93.00999999999999,12.679999999999993
2025-12-26T13:00:00+00:00,77.53,100.35999999999999,22.829999999999984
2025-12-26T14:00:00+00:00,78.1125,111.655,33.542500000000004
2025-12-26T15:00:00+00:00,85.005,117.20000000000002,32.19500000000002
2025-12-26T16:00:00+00:00,93.46249999999999,122.2925,28.830000000000013
2025-12-26T17:00:00+00:00,99.17,118.17999999999999,19.00999999999999
2025-12-26T18:00:00+00:00,99.125,117.43,18.305000000000007
2025-12-26T19:00:00+00:00,93.4925,117.0,23.507499999999993
2025-12-26T20:00:00+00:00,90.99000000000001,116.5575,25.567499999999995
2025-12-26T21:00:00+00:00,93.31,109.225,15.914999999999992
2025-12-26T22:00:00+00:00,91.26249999999999,99.89750000000001,8.63500000000002
2025-12-26T23:00:00+00:00,92.34,105.1,12.759999999999991
2025-12-27T00:00:00+00:00,88.0775,94.775,6.697500000000005
2025-12-27T01:00:00+00:00,80.525,92.855,12.329999999999998
2025-12-27T02:00:00+00:00,70.96249999999999,89.7,18.73750000000001
2025-12-27T03:00:00+00:00,69.36,84.9725,15.612499999999997
2025-12-27T04:00:00+00:00,68.945,92.38,23.435000000000002
2025-12-27T05:00:00+00:00,69.17250000000001,100.0,30.827499999999986
2025-12-27T06:00:00+00:00,72.50750000000001,112.3525,39.845
2025-12-27T07:00:00+00:00,86.79249999999999,113.2475,26.455000000000013
2025-12-27T08:00:00+00:00,88.11500000000001,105.1,16.984999999999985
2025-12-27T09:00:00+00:00,77.5775,88.73750000000001,11.16000000000001
2025-12-27T10:00:00+00:00,71.065,71.065,0.0
2025-12-27T11:00:00+00:00,72.06,72.06,0.0
2025-12-27T12:00:00+00:00,69.135,72.1925,3.0574999999999903
2025-12-27T13:00:00+00:00,69.35499999999999,91.14750000000001,21.792500000000018
2025-12-27T14:00:00+00:00,69.99249999999999,105.1,35.1075
2025-12-27T15:00:00+00:00,81.97749999999999,117.0,35.02250000000001
2025-12-27T16:00:00+00:00,91.1575,123.30250000000001,32.14500000000001
2025-12-27T17:00:00+00:00,96.57,125.6025,29.032500000000013
2025-12-27T18:00:00+00:00,98.4,136.535,38.13499999999999
2025-12-27T19:00:00+00:00,91.76499999999999,127.45,35.68500000000002
2025-12-27T20:00:00+00:00,86.70750000000001,118.11,31.40249999999999
2025-12-27T21:00:00+00:00,86.6275,118.11,31.4825
2025-12-27T22:00:00+00:00,82.18,114.8825,32.702499999999986
2025-12-27T23:00:00+00:00,85.6775,112.66,26.9825
2025-12-28T00:00:00+00:00,84.04749999999999,107.63999999999999,23.5925
2025-12-28T01:00:00+00:00,77.72749999999999,105.1,27.372500000000002
2025-12-28T02:00:00+00:00,71.5,103.82,32.31999999999999
2025-12-28T03:00:00+00:00,66.2325,104.16749999999999,37.93499999999999
2025-12-28T04:00:00+00:00,67.575,103.9375,36.3625
2025-12-28T05:00:00+00:00,71.0975,109.49499999999999,38.397499999999994
2025-12-28T06:00:00+00:00,70.625,112.64,42.015
2025-12-28T07:00:00+00:00,79.5375,110.5325,30.995000000000005
2025-12-28T08:00:00+00:00,83.705,100.46000000000001,16.75500000000001
2025-12-28T09:00:00+00:00,80.28,87.26,6.980000000000004
2025-12-28T10:00:00+00:00,72.37,72.37,0.0
2025-12-28T11:00:00+00:00,79.44999999999999,82.1425,2.6925000000000097
2025-12-28T12:00:00+00:00,76.145,78.4425,2.2974999999999994
2025-12-28T13:00:00+00:00,78.08500000000001,83.33,5.24499999999999
2025-12-28T14:00:00+00:00,82.4325,102.1,19.66749999999999
2025-12-28T15:00:00+00:00,91.4375,115.94,24.502499999999998
2025-12-28T16:00:00+00:00,98.555,126.13750000000002,27.58250000000001
2025-12-28T17:00:00+00:00,103.04499999999999,115.38999999999999,12.344999999999999
2025-12-28T18:00:00+00:00,105.2075,117.0925,11.885000000000005
2025-12-28T19:00:00+00:00,105.01,120.03750000000001,15.027500000000003
2025-12-28T20:00:00+00:00,99.0275,117.885,18.8575
2025-12-28T21:00:00+00:00,98.2825,111.5,13.217500000000001
2025-12-28T22:00:00+00:00,90.6275,105.0,14.372500000000002
2025-12-28T23:00:00+00:00,90.4575,103.4775,13.02000000000001
2025-12-29T00:00:00+00:00,87.42750000000001,95.9575,8.529999999999987
2025-12-29T01:00:00+00:00,84.6975,96.72,12.022499999999994
2025-12-29T02:00:00+00:00,82.19,96.6,14.409999999999997
2025-12-29T03:00:00+00:00,83.70500000000001,97.175,13.469999999999985
2025-12-29T04:00:00+00:00,90.7925,99.005,8.212499999999991
2025-12-29T05:00:00+00:00,96.33250000000001,105.1,8.767499999999984
2025-12-29T06:00:00+00:00,104.7175,120.0,15.282499999999999
2025-12-29T07:00:00+00:00,113.8775,116.49000000000001,2.6125000000000114
2025-12-29T08:00:00+00:00,110.9625,113.0,2.0374999999999943
2025-12-29T09:00:00+00:00,99.16,105.0,5.840000000000003
2025-12-29T10:00:00+00:00,91.97500000000001,102.925,10.949999999999989
2025-12-29T11:00:00+00:00,89.74249999999999,101.75,12.007500000000007
2025-12-29T12:00:00+00:00,89.5925,103.1475,13.554999999999993
2025-12-29T13:00:00+00:00,95.1575,110.00000000000001,14.842500000000015
2025-12-29T14:00:00+00:00,95.7675,125.0,29.2325
2025-12-29T15:00:00+00:00,96.86,133.1525,36.292500000000004
2025-12-29T16:00:00+00:00,104.5275,145.06,40.5325
2025-12-29T17:00:00+00:00,106.40249999999999,144.335,37.93250000000002
2025-12-29T18:00:00+00:00,99.87,146.98999999999998,47.119999999999976
2025-12-29T19:00:00+00:00,93.7175,125.7,31.9825
2025-12-29T20:00:00+00:00,86.5925,121.605,35.0125
2025-12-29T21:00:00+00:00,89.1075,114.4,25.292500000000004
2025-12-29T22:00:00+00:00,83.565,105.28,21.715000000000003
2025-12-29T23:00:00+00:00,78.2975,105.1,26.802499999999995
2025-12-30T00:00:00+00:00,74.0825,99.75,25.667500000000004
2025-12-30T01:00:00+00:00,73.1425,99.22,26.0775
2025-12-30T02:00:00+00:00,70.26249999999999,95.3125,25.05000000000001
2025-12-30T03:00:00+00:00,69.885,98.5,28.614999999999995
2025-12-30T04:00:00+00:00,73.1925,101.255,28.0625
2025-12-30T05:00:00+00:00,80.73,104.85249999999999,24.122499999999988
2025-12-30T06:00:00+00:00,88.065,117.01249999999999,28.94749999999999
2025-12-30T07:00:00+00:00,94.8775,123.95750000000001,29.080000000000013
2025-12-30T08:00:00+00:00,94.3925,120.21000000000001,25.81750000000001
2025-12-30T09:00:00+00:00,85.82,108.0,22.180000000000007
2025-12-30T10:00:00+00:00,79.38,104.07999999999998,24.69999999999999
2025-12-30T11:00:00+00:00,76.155,95.22749999999999,19.07249999999999
2025-12-30T12:00:00+00:00,73.0425,95.00000000000001,21.95750000000001
2025-12-30T13:00:00+00:00,73.025,100.46000000000001,27.435000000000002
2025-12-30T14:00:00+00:00,75.85,111.0925,35.24250000000001
2025-12-30T15:00:00+00:00,87.15,118.0,30.849999999999994
2025-12-30T16:00:00+00:00,99.595,122.21,22.614999999999995
2025-12-30T17:00:00+00:00,104.8975,122.76750000000001,17.87000000000002
2025-12-30T18:00:00+00:00,105.765,131.1225,25.3575
2025-12-30T19:00:00+00:00,98.35499999999999,120.3175,21.962500000000006
2025-12-30T20:00:00+00:00,91.01750000000001,112.4075,21.389999999999986
2025-12-30T21:00:00+00:00,92.04249999999999,109.44999999999999,17.4075
2025-12-30T22:00:00+00:00,85.8075,101.78,15.972499999999997
2025-12-30T23:00:00+00:00,88.16,105.1,16.939999999999998
2025-12-31T00:00:00+00:00,84.41749999999999,97.70000000000002,13.282500000000027
2025-12-31T01:00:00+00:00,80.2175,94.6,14.382499999999993
2025-12-31T02:00:00+00:00,76.58,92.69999999999999,16.11999999999999
2025-12-31T03:00:00+00:00,74.9325,93.575,18.6425
2025-12-31T04:00:00+00:00,77.3775,97.9975,20.620000000000005
2025-12-31T05:00:00+00:00,81.9325,107.1875,25.254999999999995
2025-12-31T06:00:00+00:00,86.715,116.67750000000001,29.962500000000006
2025-12-31T07:00:00+00:00,96.8175,119.58500000000001,22.767500000000013
2025-12-31T08:00:00+00:00,97.8525,114.7225,16.86999999999999
2025-12-31T09:00:00+00:00,90.19,105.1,14.909999999999997
2025-12-31T10:00:00+00:00,83.48,105.1,21.61999999999999
2025-12-31T11:00:00+00:00,83.0475,101.3,18.252499999999998
2025-12-31T12:00:00+00:00,85.17,99.51,14.340000000000003
2025-12-31T13:00:00+00:00,87.595,101.32000000000001,13.725000000000009
2025-12-31T14:00:00+00:00,94.41499999999999,111.31,16.89500000000001
2025-12-31T15:00:00+00:00,104.21000000000001,121.48000000000002,17.27000000000001
2025-12-31T16:00:00+00:00,112.02000000000001,144.65,32.629999999999995
2025-12-31T17:00:00+00:00,109.88499999999999,141.145,31.26000000000002
2025-12-31T18:00:00+00:00,99.1525,121.0,21.847499999999997
2025-12-31T19:00:00+00:00,92.0,113.6675,21.667500000000004
2025-12-31T20:00:00+00:00,84.9975,111.19999999999999,26.202499999999986
2025-12-31T21:00:00+00:00,86.09750000000001,113.565,27.467499999999987
2025-12-31T22:00:00+00:00,80.345,106.3075,25.962500000000006
2025-12-31T23:00:00+00:00,,,
