utc,model_de_country_eur_mwh,observed_entsoe_de_lu_eur_mwh
2025-01-01T00:00:00+00:00,19.979914529914524,-0.5149999999999999
2025-01-01T01:00:00+00:00,15.674792585629119,-1.4775
2025-01-01T02:00:00+00:00,8.105709566327334,-2.6
2025-01-01T03:00:00+00:00,8.105709566327334,-6.5
2025-01-01T04:00:00+00:00,8.105709566327334,-5.375
2025-01-01T05:00:00+00:00,8.105709566327334,-5.5175
2025-01-01T06:00:00+00:00,8.105709566327334,-2.8749999999999996
2025-01-01T07:00:00+00:00,8.105709566327334,-9.997499999999999
2025-01-01T08:00:00+00:00,11.608093258854357,-8.237499999999999
2025-01-01T09:00:00+00:00,8.105709566327334,-10.697499999999998
2025-01-01T10:00:00+00:00,8.105709566327334,-5.805
2025-01-01T11:00:00+00:00,4.390815584416963,-5.0825
2025-01-01T12:00:00+00:00,1.5732958006424376,-4.550000000000001
2025-01-01T13:00:00+00:00,1.8869130751750163,-4.510000000000001
2025-01-01T14:00:00+00:00,8.105709566327334,-1.0999999999999996
2025-01-01T15:00:00+00:00,17.979508163109557,-0.5025000000000001
2025-01-01T16:00:00+00:00,30.080734933205036,4.0024999999999995
2025-01-01T17:00:00+00:00,37.78530138540464,8.66
2025-01-01T18:00:00+00:00,35.93090000000001,8.2425
2025-01-01T19:00:00+00:00,35.93089999999984,8.557500000000001
2025-01-01T20:00:00+00:00,27.835284919269863,3.605
2025-01-01T21:00:00+00:00,20.41331893790761,3.662499999999999
2025-01-01T22:00:00+00:00,20.21801336529556,1.0624999999999996
2025-01-01T23:00:00+00:00,19.979914529914524,9.25
2025-01-02T00:00:00+00:00,19.979914529914524,8.9025
2025-01-02T01:00:00+00:00,19.979914529914524,22.5975
2025-01-02T02:00:00+00:00,24.515621480238124,25.7
2025-01-02T03:00:00+00:00,35.93090000000049,22.7
2025-01-02T04:00:00+00:00,86.71698691222983,47.8
2025-01-02T05:00:00+00:00,97.0494658507073,69.9025
2025-01-02T06:00:00+00:00,105.67786151442267,108.07249999999999
2025-01-02T07:00:00+00:00,112.51639630156828,118.1
2025-01-02T08:00:00+00:00,115.64126963995963,126.1
2025-01-02T09:00:00+00:00,114.74192037774205,121.4025
2025-01-02T10:00:00+00:00,114.74192037774208,122.77499999999999
2025-01-02T11:00:00+00:00,110.48006735109946,118.39999999999999
2025-01-02T12:00:00+00:00,106.53256317533534,118.7975
2025-01-02T13:00:00+00:00,105.67786151442267,120.275
2025-01-02T14:00:00+00:00,109.55440624999999,129.6975
2025-01-02T15:00:00+00:00,115.74820916693945,133.9
2025-01-02T16:00:00+00:00,117.77611889509664,150.96
2025-01-02T17:00:00+00:00,117.77329174588459,150.52249999999998
2025-01-02T18:00:00+00:00,116.8535520681282,140.615
2025-01-02T19:00:00+00:00,116.41147821548674,129.985
2025-01-02T20:00:00+00:00,115.4977937098621,114.0
2025-01-02T21:00:00+00:00,114.55239246187435,111.0
2025-01-02T22:00:00+00:00,111.19071797562381,101.0
2025-01-02T23:00:00+00:00,109.55440624999997,88.775
2025-01-03T00:00:00+00:00,106.53256317533535,83.645
2025-01-03T01:00:00+00:00,103.30506112133884,76.04
2025-01-03T02:00:00+00:00,99.37250991491251,70.5525
2025-01-03T03:00:00+00:00,99.36906559256596,69.8375
2025-01-03T04:00:00+00:00,99.35855821312606,74.185
2025-01-03T05:00:00+00:00,99.91007131792216,81.1
2025-01-03T06:00:00+00:00,105.67786151442267,96.6725
2025-01-03T07:00:00+00:00,105.67786151442267,107.455
2025-01-03T08:00:00+00:00,105.67786151442267,106.35249999999999
2025-01-03T09:00:00+00:00,97.0494658507073,91.89750000000001
2025-01-03T10:00:00+00:00,91.55155640693944,82.2975
2025-01-03T11:00:00+00:00,82.35855416888332,81.9425
2025-01-03T12:00:00+00:00,80.99237220976424,81.50999999999999
2025-01-03T13:00:00+00:00,82.35855416888332,90.32249999999999
2025-01-03T14:00:00+00:00,95.1404434638531,109.0
2025-01-03T15:00:00+00:00,101.25299227552406,122.05
2025-01-03T16:00:00+00:00,109.81140555851111,136.6075
2025-01-03T17:00:00+00:00,109.8114055585111,138.285
2025-01-03T18:00:00+00:00,109.8114055585111,128.1225
2025-01-03T19:00:00+00:00,109.79414294084154,121.025
2025-01-03T20:00:00+00:00,109.80578318026568,112.16999999999999
2025-01-03T21:00:00+00:00,109.77617535879561,106.6775
2025-01-03T22:00:00+00:00,109.81140555851111,93.0
2025-01-03T23:00:00+00:00,109.81140555851111,93.0625
2025-01-04T00:00:00+00:00,118.27951655197387,89.3975
2025-01-04T01:00:00+00:00,118.26885249878738,93.89
2025-01-04T02:00:00+00:00,118.26885249878738,97.4
2025-01-04T03:00:00+00:00,118.29663778889322,106.3075
2025-01-04T04:00:00+00:00,118.29736459778371,111.4
2025-01-04T05:00:00+00:00,118.29773847151017,118.28999999999999
2025-01-04T06:00:00+00:00,118.29791002842376,129.135
2025-01-04T07:00:00+00:00,118.2980362809574,137.255
2025-01-04T08:00:00+00:00,118.29805608588113,137.125
2025-01-04T09:00:00+00:00,118.29780703662776,134.6525
2025-01-04T10:00:00+00:00,118.2965465228665,126.2775
2025-01-04T11:00:00+00:00,118.28263068751329,122.2175
2025-01-04T12:00:00+00:00,118.23579803887267,122.65
2025-01-04T13:00:00+00:00,118.2744690802399,129.02
2025-01-04T14:00:00+00:00,118.29577406198094,139.0
2025-01-04T15:00:00+00:00,118.29783270558491,144.19
2025-01-04T16:00:00+00:00,118.29658330562107,154.675
2025-01-04T17:00:00+00:00,118.29633369648329,150.15
2025-01-04T18:00:00+00:00,118.29626804714562,141.0875
2025-01-04T19:00:00+00:00,118.29612954190456,133.0025
2025-01-04T20:00:00+00:00,118.29733368014121,126.0
2025-01-04T21:00:00+00:00,118.2979831516439,121.4
2025-01-04T22:00:00+00:00,118.29391961373238,109.02
2025-01-04T23:00:00+00:00,118.23754538523524,99.0
2025-01-05T00:00:00+00:00,118.07239833729673,94.0025
2025-01-05T01:00:00+00:00,117.56035805971328,94.2425
2025-01-05T02:00:00+00:00,106.53256317533535,91.58
2025-01-05T03:00:00+00:00,105.67786151442269,87.775
2025-01-05T04:00:00+00:00,105.67786151442267,81.995
2025-01-05T05:00:00+00:00,105.67786151442267,68.2825
2025-01-05T06:00:00+00:00,104.39520254312964,81.7125
2025-01-05T07:00:00+00:00,99.49371095175493,89.9975
2025-01-05T08:00:00+00:00,99.49371095175502,90.0025
2025-01-05T09:00:00+00:00,99.4937109517536,95.9225
2025-01-05T10:00:00+00:00,98.18975173355255,97.2575
2025-01-05T11:00:00+00:00,97.04946585049348,97.59
2025-01-05T12:00:00+00:00,97.0494658507073,94.9925
2025-01-05T13:00:00+00:00,95.14044346385313,66.0025
2025-01-05T14:00:00+00:00,95.1404434638109,66.0
2025-01-05T15:00:00+00:00,95.14044346385309,63.8025
2025-01-05T16:00:00+00:00,95.1404434638531,62.0
2025-01-05T17:00:00+00:00,99.49371095154646,65.0
2025-01-05T18:00:00+00:00,98.1897517335524,61.0
2025-01-05T19:00:00+00:00,95.1404434638531,54.725
2025-01-05T20:00:00+00:00,86.71698691223037,46.725
2025-01-05T21:00:00+00:00,74.747735728576,37.49
2025-01-05T22:00:00+00:00,44.76949212203656,12.8825
2025-01-05T23:00:00+00:00,44.76949212203642,6.870000000000001
2025-01-06T00:00:00+00:00,37.840707326358675,3.9474999999999993
2025-01-06T01:00:00+00:00,36.13682150006688,3.805
2025-01-06T02:00:00+00:00,35.9309,3.74
2025-01-06T03:00:00+00:00,35.930899999999994,5.1850000000000005
2025-01-06T04:00:00+00:00,35.93090000000001,9.035
2025-01-06T05:00:00+00:00,37.840707326358675,17.2575
2025-01-06T06:00:00+00:00,44.09608959666581,46.0
2025-01-06T07:00:00+00:00,58.79478612888775,49.0025
2025-01-06T08:00:00+00:00,58.794786128888276,50.19
2025-01-06T09:00:00+00:00,56.78322852144606,51.1525
2025-01-06T10:00:00+00:00,44.096089596666204,43.92
2025-01-06T11:00:00+00:00,35.93090000000001,35.4875
2025-01-06T12:00:00+00:00,35.1870719440474,34.0
2025-01-06T13:00:00+00:00,30.89456618502865,36.3725
2025-01-06T14:00:00+00:00,35.9309,45.825
2025-01-06T15:00:00+00:00,44.09608959666581,55.9975
2025-01-06T16:00:00+00:00,80.8037044198895,66.0
2025-01-06T17:00:00+00:00,78.0079970854334,60.04
2025-01-06T18:00:00+00:00,80.99237220976424,47.9825
2025-01-06T19:00:00+00:00,60.56623933479528,57.24
2025-01-06T20:00:00+00:00,86.71698691222986,46.2225
2025-01-06T21:00:00+00:00,44.096089596666204,51.5
2025-01-06T22:00:00+00:00,44.096089596666204,37.1925
2025-01-06T23:00:00+00:00,35.930900000000044,16.357499999999998
2025-01-07T00:00:00+00:00,35.93090000000001,10.81
2025-01-07T01:00:00+00:00,35.93089999999994,10.045
2025-01-07T02:00:00+00:00,35.93089999999995,10.715
2025-01-07T03:00:00+00:00,35.9309,11.475
2025-01-07T04:00:00+00:00,35.93090000000001,20.3
2025-01-07T05:00:00+00:00,86.71698691222986,49.6825
2025-01-07T06:00:00+00:00,98.1897517335524,77.6575
2025-01-07T07:00:00+00:00,99.15871103745044,87.5875
2025-01-07T08:00:00+00:00,99.17915427490277,78.2975
2025-01-07T09:00:00+00:00,98.18975173355243,72.1075
2025-01-07T10:00:00+00:00,99.15871103745044,64.025
2025-01-07T11:00:00+00:00,94.92396037365533,56.847500000000004
2025-01-07T12:00:00+00:00,73.6423138001643,58.2475
2025-01-07T13:00:00+00:00,73.64231380016429,66.2025
2025-01-07T14:00:00+00:00,74.36903327808781,80.56
2025-01-07T15:00:00+00:00,98.18975173355243,92.7975
2025-01-07T16:00:00+00:00,106.53256317533535,99.8425
2025-01-07T17:00:00+00:00,109.55440624999999,98.18
2025-01-07T18:00:00+00:00,106.53256317533535,93.61
2025-01-07T19:00:00+00:00,104.38988005156591,86.4625
2025-01-07T20:00:00+00:00,99.27303578528691,70.345
2025-01-07T21:00:00+00:00,98.1897517335524,62.2425
2025-01-07T22:00:00+00:00,97.0494658507073,41.595
2025-01-07T23:00:00+00:00,95.1404434638531,47.8975
2025-01-08T00:00:00+00:00,95.1404434638531,44.44
2025-01-08T01:00:00+00:00,95.1404434638531,41.975
2025-01-08T02:00:00+00:00,95.1404434638531,45.55
2025-01-08T03:00:00+00:00,95.18151397094307,50.832499999999996
2025-01-08T04:00:00+00:00,99.32945281035992,64.8625
2025-01-08T05:00:00+00:00,110.4926250740368,80.8425
2025-01-08T06:00:00+00:00,117.81908001190412,108.6025
2025-01-08T07:00:00+00:00,118.20480532966438,119.555
2025-01-08T08:00:00+00:00,118.26406716868253,118.29
2025-01-08T09:00:00+00:00,118.21230030499031,114.32249999999999
2025-01-08T10:00:00+00:00,118.29632039594539,109.4325
2025-01-08T11:00:00+00:00,106.53256317533535,108.2675
2025-01-08T12:00:00+00:00,106.53256317533535,110.1525
2025-01-08T13:00:00+00:00,106.82800118887481,117.255
2025-01-08T14:00:00+00:00,118.2763724669032,135.9875
2025-01-08T15:00:00+00:00,118.3614574472805,142.96
2025-01-08T16:00:00+00:00,118.3920277907756,151.1825
2025-01-08T17:00:00+00:00,118.39434653385014,152.08499999999998
2025-01-08T18:00:00+00:00,118.38944500492498,142.175
2025-01-08T19:00:00+00:00,118.38910775359625,139.445
2025-01-08T20:00:00+00:00,118.34808933100781,124.6725
2025-01-08T21:00:00+00:00,118.32283178769927,115.8
2025-01-08T22:00:00+00:00,118.29986524857088,109.45
2025-01-08T23:00:00+00:00,118.17454993605594,105.28999999999999
2025-01-09T00:00:00+00:00,118.01377502849466,102.4025
2025-01-09T01:00:00+00:00,115.74820916693909,98.2975
2025-01-09T02:00:00+00:00,112.91136283273254,99.07
2025-01-09T03:00:00+00:00,116.08641983969936,102.4625
2025-01-09T04:00:00+00:00,118.25246733750345,112.3725
2025-01-09T05:00:00+00:00,118.54784781960522,135.7
2025-01-09T06:00:00+00:00,120.40097510282082,158.07999999999998
2025-01-09T07:00:00+00:00,120.40097510282082,173.5925
2025-01-09T08:00:00+00:00,120.40097510282075,167.1175
2025-01-09T09:00:00+00:00,120.40097510282062,153.08
2025-01-09T10:00:00+00:00,118.48712186923362,146.79749999999999
2025-01-09T11:00:00+00:00,118.33559404841317,143.5225
2025-01-09T12:00:00+00:00,118.22638815534184,139.6625
2025-01-09T13:00:00+00:00,117.96116722829723,133.20749999999998
2025-01-09T14:00:00+00:00,118.18594851227215,130.33749999999998
2025-01-09T15:00:00+00:00,118.36777236770745,129.9825
2025-01-09T16:00:00+00:00,118.40763468396494,138.36
2025-01-09T17:00:00+00:00,118.40307908435342,131.6
2025-01-09T18:00:00+00:00,118.30385500803658,119.6
2025-01-09T19:00:00+00:00,118.2839257991436,117.32
2025-01-09T20:00:00+00:00,118.28487956857145,106.555
2025-01-09T21:00:00+00:00,118.29539198878622,92.115
2025-01-09T22:00:00+00:00,118.1331658336034,78.3
2025-01-09T23:00:00+00:00,109.55440624999999,84.4925
2025-01-10T00:00:00+00:00,105.67786151442267,79.5625
2025-01-10T01:00:00+00:00,105.67786151442267,75.9375
2025-01-10T02:00:00+00:00,105.67786151442267,71.955
2025-01-10T03:00:00+00:00,106.53256317533535,76.0975
2025-01-10T04:00:00+00:00,109.55440624999999,82.975
2025-01-10T05:00:00+00:00,118.29173691182854,91.57
2025-01-10T06:00:00+00:00,118.24397051264361,115.76249999999999
2025-01-10T07:00:00+00:00,118.3356146827304,134.87
2025-01-10T08:00:00+00:00,118.41447176943707,133.2225
2025-01-10T09:00:00+00:00,118.29806121319379,121.905
2025-01-10T10:00:00+00:00,118.29774680160207,111.0025
2025-01-10T11:00:00+00:00,118.29552897225787,111.0025
2025-01-10T12:00:00+00:00,106.53256317533535,108.525
2025-01-10T13:00:00+00:00,109.55440624999999,112.80000000000001
2025-01-10T14:00:00+00:00,118.2971238958442,125.7875
2025-01-10T15:00:00+00:00,118.30277369979798,137.3025
2025-01-10T16:00:00+00:00,118.508093701098,148.8025
2025-01-10T17:00:00+00:00,118.54940264119047,148.38
2025-01-10T18:00:00+00:00,118.51010163843564,141.9025
2025-01-10T19:00:00+00:00,118.422031956326,130.5075
2025-01-10T20:00:00+00:00,118.36764658847324,119.2
2025-01-10T21:00:00+00:00,118.29629892580812,117.52250000000001
2025-01-10T22:00:00+00:00,118.29799784153944,107.215
2025-01-10T23:00:00+00:00,118.29781103749283,107.0
2025-01-11T00:00:00+00:00,118.29771959581555,100.64
2025-01-11T01:00:00+00:00,118.24664870473718,99.39999999999999
2025-01-11T02:00:00+00:00,117.8393221566827,95.625
2025-01-11T03:00:00+00:00,116.2773993706836,93.0975
2025-01-11T04:00:00+00:00,115.74820916693942,94.1
2025-01-11T05:00:00+00:00,117.8385686490633,95.55499999999999
2025-01-11T06:00:00+00:00,118.24344197359429,106.9425
2025-01-11T07:00:00+00:00,118.24167292902979,116.6175
2025-01-11T08:00:00+00:00,118.24374598336412,117.56
2025-01-11T09:00:00+00:00,118.23741424466395,111.4025
2025-01-11T10:00:00+00:00,106.53256317533535,102.175
2025-01-11T11:00:00+00:00,97.0494658507073,98.08
2025-01-11T12:00:00+00:00,95.1404434638531,94.4
2025-01-11T13:00:00+00:00,93.8531501987526,94.5025
2025-01-11T14:00:00+00:00,97.0494658507073,106.0925
2025-01-11T15:00:00+00:00,105.67786151442267,116.0
2025-01-11T16:00:00+00:00,118.19496636506463,121.85
2025-01-11T17:00:00+00:00,118.20617223610671,127.05
2025-01-11T18:00:00+00:00,118.20617223610665,122.0025
2025-01-11T19:00:00+00:00,118.22332355607816,113.10249999999999
2025-01-11T20:00:00+00:00,118.2255383258271,105.535
2025-01-11T21:00:00+00:00,118.22554076409762,106.10249999999999
2025-01-11T22:00:00+00:00,118.28600154693378,100.15
2025-01-11T23:00:00+00:00,115.58108026441046,99.4025
2025-01-12T00:00:00+00:00,118.29250961714935,96.325
2025-01-12T01:00:00+00:00,118.01648612399,94.0575
2025-01-12T02:00:00+00:00,117.88903580542195,93.5475
2025-01-12T03:00:00+00:00,117.40564821184769,93.1275
2025-01-12T04:00:00+00:00,117.88903580542195,94.93
2025-01-12T05:00:00+00:00,118.29450836456506,94.01
2025-01-12T06:00:00+00:00,118.29739999301034,100.0
2025-01-12T07:00:00+00:00,118.29780946579535,108.6
2025-01-12T08:00:00+00:00,118.29803789921007,115.66499999999999
2025-01-12T09:00:00+00:00,118.29767183233706,116.4975
2025-01-12T10:00:00+00:00,118.29557237514567,113.2
2025-01-12T11:00:00+00:00,118.17516656926456,111.525
2025-01-12T12:00:00+00:00,115.6136563437046,110.75
2025-01-12T13:00:00+00:00,115.74820916693938,112.1
2025-01-12T14:00:00+00:00,117.22816387181193,121.3
2025-01-12T15:00:00+00:00,118.28349541412392,129.6
2025-01-12T16:00:00+00:00,119.10715211432232,139.8
2025-01-12T17:00:00+00:00,119.03232758999974,141.6825
2025-01-12T18:00:00+00:00,118.86116602305707,138.75
2025-01-12T19:00:00+00:00,118.47660596873922,132.235
2025-01-12T20:00:00+00:00,118.48185962296625,126.8175
2025-01-12T21:00:00+00:00,118.3071722886795,122.77
2025-01-12T22:00:00+00:00,118.29889444858601,111.9025
2025-01-12T23:00:00+00:00,118.2981400832994,106.1
2025-01-13T00:00:00+00:00,118.29827135401581,102.75
2025-01-13T01:00:00+00:00,118.29823557368222,102.375
2025-01-13T02:00:00+00:00,118.29823557228725,100.95
2025-01-13T03:00:00+00:00,118.29821734874199,101.705
2025-01-13T04:00:00+00:00,118.29817045738999,109.325
2025-01-13T05:00:00+00:00,119.8625437322834,129.6025
2025-01-13T06:00:00+00:00,121.49225644704187,149.125
2025-01-13T07:00:00+00:00,121.79202967448732,163.025
2025-01-13T08:00:00+00:00,121.4134660540012,156.6975
2025-01-13T09:00:00+00:00,119.75978078102682,138.1025
2025-01-13T10:00:00+00:00,118.29762948992186,128.2975
2025-01-13T11:00:00+00:00,117.96455998517796,118.7975
2025-01-13T12:00:00+00:00,108.61448233822681,117.4025
2025-01-13T13:00:00+00:00,102.5257957171813,124.425
2025-01-13T14:00:00+00:00,109.55440624999996,132.45
2025-01-13T15:00:00+00:00,117.83253091356913,139.0025
2025-01-13T16:00:00+00:00,119.84074646135406,153.6825
2025-01-13T17:00:00+00:00,119.82076165354991,147.39499999999998
2025-01-13T18:00:00+00:00,119.80156276517678,137.1725
2025-01-13T19:00:00+00:00,118.39216699050516,130.2025
2025-01-13T20:00:00+00:00,118.0620957450449,116.125
2025-01-13T21:00:00+00:00,118.1488499183796,112.60249999999999
2025-01-13T22:00:00+00:00,118.00280200965601,97.8475
2025-01-13T23:00:00+00:00,109.55440624999999,109.44749999999999
2025-01-14T00:00:00+00:00,106.53256317525887,104.57249999999999
2025-01-14T01:00:00+00:00,105.67786151442267,99.5775
2025-01-14T02:00:00+00:00,105.67786151442267,98.00999999999999
2025-01-14T03:00:00+00:00,105.67786151442267,99.0425
2025-01-14T04:00:00+00:00,106.53062358302616,110.75
2025-01-14T05:00:00+00:00,117.09213082990665,129.195
2025-01-14T06:00:00+00:00,119.1091404896367,151.1025
2025-01-14T07:00:00+00:00,119.1805367403457,157.275
2025-01-14T08:00:00+00:00,119.11005233902895,144.2775
2025-01-14T09:00:00+00:00,118.19137650565072,125.9025
2025-01-14T10:00:00+00:00,115.20919194389249,118.05
2025-01-14T11:00:00+00:00,105.67786151442267,109.6225
2025-01-14T12:00:00+00:00,101.73826036513216,112.7
2025-01-14T13:00:00+00:00,105.67786151442267,118.2475
2025-01-14T14:00:00+00:00,109.55440624999999,134.4025
2025-01-14T15:00:00+00:00,117.51111871049501,143.685
2025-01-14T16:00:00+00:00,118.29697291405137,160.7875
2025-01-14T17:00:00+00:00,119.1087769421828,149.155
2025-01-14T18:00:00+00:00,119.10594627974876,144.2625
2025-01-14T19:00:00+00:00,119.1040878855503,143.065
2025-01-14T20:00:00+00:00,118.45988513630387,126.64500000000001
2025-01-14T21:00:00+00:00,118.22796526319861,121.18
2025-01-14T22:00:00+00:00,118.30481690874676,120.02250000000001
2025-01-14T23:00:00+00:00,118.29807100128896,109.0925
2025-01-15T00:00:00+00:00,118.29807100128906,109.4825
2025-01-15T01:00:00+00:00,118.29807100128899,109.55000000000001
2025-01-15T02:00:00+00:00,118.298071001289,109.66499999999999
2025-01-15T03:00:00+00:00,118.29807100128905,110.18
2025-01-15T04:00:00+00:00,118.50635675986214,115.595
2025-01-15T05:00:00+00:00,120.43570727144015,164.04500000000002
2025-01-15T06:00:00+00:00,124.66351548929916,223.86
2025-01-15T07:00:00+00:00,124.66441578741353,265.8975
2025-01-15T08:00:00+00:00,124.66478608872318,287.21
2025-01-15T09:00:00+00:00,124.66478608872318,289.075
2025-01-15T10:00:00+00:00,124.26914115956365,300.005
2025-01-15T11:00:00+00:00,123.47235399964923,289.43
2025-01-15T12:00:00+00:00,122.39043417010923,289.3275
2025-01-15T13:00:00+00:00,123.57578742266082,306.57
2025-01-15T14:00:00+00:00,123.57525844434917,348.7325
2025-01-15T15:00:00+00:00,124.26914115956365,343.265
2025-01-15T16:00:00+00:00,124.62782393635331,414.8875
2025-01-15T17:00:00+00:00,124.66478608872318,354.21
2025-01-15T18:00:00+00:00,124.65501706878104,308.88
2025-01-15T19:00:00+00:00,124.26914115956365,229.4025
2025-01-15T20:00:00+00:00,122.84767417752056,175.06
2025-01-15T21:00:00+00:00,120.40097510282082,146.1125
2025-01-15T22:00:00+00:00,119.80250345985434,138.0825
2025-01-15T23:00:00+00:00,118.29807100128902,126.85
2025-01-16T00:00:00+00:00,118.29807100128899,119.86
2025-01-16T01:00:00+00:00,118.29807100128899,116.7175
2025-01-16T02:00:00+00:00,118.298071001289,114.0
2025-01-16T03:00:00+00:00,118.29807100128902,118.205
2025-01-16T04:00:00+00:00,118.29807100128902,122.025
2025-01-16T05:00:00+00:00,120.40097510282082,148.3
2025-01-16T06:00:00+00:00,123.29531865713994,188.4225
2025-01-16T07:00:00+00:00,123.29531865713987,209.48250000000002
2025-01-16T08:00:00+00:00,123.29531865713992,192.09
2025-01-16T09:00:00+00:00,120.82744166673676,173.85
2025-01-16T10:00:00+00:00,119.90027687668912,147.9475
2025-01-16T11:00:00+00:00,118.29808405910825,138.205
2025-01-16T12:00:00+00:00,118.29720549887082,139.1225
2025-01-16T13:00:00+00:00,118.25815741874749,153.98
2025-01-16T14:00:00+00:00,118.47111814668831,179.8125
2025-01-16T15:00:00+00:00,120.40097510282082,197.5025
2025-01-16T16:00:00+00:00,123.70234325303701,223.4525
2025-01-16T17:00:00+00:00,123.98048248591586,214.49
2025-01-16T18:00:00+00:00,123.35208622818374,193.8775
2025-01-16T19:00:00+00:00,123.09371268410267,167.01749999999998
2025-01-16T20:00:00+00:00,120.40097510282082,140.64749999999998
2025-01-16T21:00:00+00:00,120.09554628465541,134.0025
2025-01-16T22:00:00+00:00,118.47767490540724,122.7
2025-01-16T23:00:00+00:00,118.298071001289,118.1025
2025-01-17T00:00:00+00:00,118.298071001289,114.005
2025-01-17T01:00:00+00:00,118.298071001289,112.41
2025-01-17T02:00:00+00:00,118.29807100128808,110.3925
2025-01-17T03:00:00+00:00,118.29807100128903,113.27250000000001
2025-01-17T04:00:00+00:00,118.41485961090704,120.69749999999999
2025-01-17T05:00:00+00:00,120.74876100294156,145.0825
2025-01-17T06:00:00+00:00,124.26914115956365,181.1525
2025-01-17T07:00:00+00:00,124.26914115956225,208.0625
2025-01-17T08:00:00+00:00,124.26914115956284,181.725
2025-01-17T09:00:00+00:00,121.79202967448218,153.9975
2025-01-17T10:00:00+00:00,118.71368441348328,142.18
2025-01-17T11:00:00+00:00,118.29891285726947,132.42000000000002
2025-01-17T12:00:00+00:00,118.29771043928969,128.5525
2025-01-17T13:00:00+00:00,118.29691645438265,134.6425
2025-01-17T14:00:00+00:00,118.30334710276439,150.06
2025-01-17T15:00:00+00:00,119.3447667255872,176.45499999999998
2025-01-17T16:00:00+00:00,123.88301751866722,187.3975
2025-01-17T17:00:00+00:00,124.011022227687,192.0075
2025-01-17T18:00:00+00:00,124.00580293410307,182.51
2025-01-17T19:00:00+00:00,124.00479536190544,156.2725
2025-01-17T20:00:00+00:00,121.34512213850104,145.8
2025-01-17T21:00:00+00:00,120.40097510282082,137.9975
2025-01-17T22:00:00+00:00,118.70240405523195,130.205
2025-01-17T23:00:00+00:00,118.43291838896312,126.10499999999999
2025-01-18T00:00:00+00:00,118.29807100128899,120.9975
2025-01-18T01:00:00+00:00,118.298071001289,119.8175
2025-01-18T02:00:00+00:00,118.29807100128896,118.7025
2025-01-18T03:00:00+00:00,118.29807100128902,118.2025
2025-01-18T04:00:00+00:00,118.298071001289,118.175
2025-01-18T05:00:00+00:00,118.29807100128902,122.7875
2025-01-18T06:00:00+00:00,119.38743112222402,136.1525
2025-01-18T07:00:00+00:00,120.33623919685346,146.025
2025-01-18T08:00:00+00:00,119.98745445603709,144.5
2025-01-18T09:00:00+00:00,118.4332805644568,140.5425
2025-01-18T10:00:00+00:00,118.29803835581242,123.45750000000001
2025-01-18T11:00:00+00:00,118.29695518530589,120.61250000000001
2025-01-18T12:00:00+00:00,117.89616782255263,117.775
2025-01-18T13:00:00+00:00,117.8306077488149,120.08999999999999
2025-01-18T14:00:00+00:00,118.29444434740596,132.98250000000002
2025-01-18T15:00:00+00:00,118.29824805942853,149.445
2025-01-18T16:00:00+00:00,119.96400230664787,157.41
2025-01-18T17:00:00+00:00,120.4009751028216,169.7525
2025-01-18T18:00:00+00:00,120.40097510282081,164.0125
2025-01-18T19:00:00+00:00,120.39153581538302,148.2825
2025-01-18T20:00:00+00:00,119.89758529741114,139.1975
2025-01-18T21:00:00+00:00,118.68863824697192,132.005
2025-01-18T22:00:00+00:00,118.60343259851544,124.455
2025-01-18T23:00:00+00:00,118.34298227018002,125.27
2025-01-19T00:00:00+00:00,118.29807100128902,122.69
2025-01-19T01:00:00+00:00,118.29807100128902,120.0
2025-01-19T02:00:00+00:00,118.298071001289,117.08250000000001
2025-01-19T03:00:00+00:00,118.29807100128794,116.3275
2025-01-19T04:00:00+00:00,118.29807100128897,118.2825
2025-01-19T05:00:00+00:00,118.29807100128899,121.45
2025-01-19T06:00:00+00:00,118.45084629425479,128.65
2025-01-19T07:00:00+00:00,118.50635675986219,136.0475
2025-01-19T08:00:00+00:00,118.50601872225442,131.79749999999999
2025-01-19T09:00:00+00:00,118.29811265044113,119.125
2025-01-19T10:00:00+00:00,118.29688435687972,109.0875
2025-01-19T11:00:00+00:00,115.44893571445365,104.875
2025-01-19T12:00:00+00:00,105.67786151442259,104.5025
2025-01-19T13:00:00+00:00,105.67786151442267,111.0
2025-01-19T14:00:00+00:00,115.72801867574532,124.9975
2025-01-19T15:00:00+00:00,118.29781258406136,139.3
2025-01-19T16:00:00+00:00,119.2122654715775,151.62
2025-01-19T17:00:00+00:00,120.40097510282082,152.97
2025-01-19T18:00:00+00:00,120.40097510282082,156.115
2025-01-19T19:00:00+00:00,119.2431807915797,148.81
2025-01-19T20:00:00+00:00,119.2437253934563,140.4
2025-01-19T21:00:00+00:00,119.2477922090328,138.1875
2025-01-19T22:00:00+00:00,118.50543623193887,122.4
2025-01-19T23:00:00+00:00,118.45084629425473,128.9375
2025-01-20T00:00:00+00:00,118.29807100128899,127.6375
2025-01-20T01:00:00+00:00,118.29807100128902,123.875
2025-01-20T02:00:00+00:00,118.298071001289,122.4
2025-01-20T03:00:00+00:00,118.29807100128896,123.655
2025-01-20T04:00:00+00:00,120.00328481565667,131.5575
2025-01-20T05:00:00+00:00,121.79202967448215,157.625
2025-01-20T06:00:00+00:00,124.66478608872318,223.64000000000001
2025-01-20T07:00:00+00:00,124.66478608872318,264.965
2025-01-20T08:00:00+00:00,124.66478608872318,226.815
2025-01-20T09:00:00+00:00,123.7165299686313,182.6875
2025-01-20T10:00:00+00:00,120.51350166963542,155.29
2025-01-20T11:00:00+00:00,118.73223301726563,143.76
2025-01-20T12:00:00+00:00,118.50510002152132,145.7275
2025-01-20T13:00:00+00:00,118.50543623193936,152.7925
2025-01-20T14:00:00+00:00,120.40097510282082,197.035
2025-01-20T15:00:00+00:00,121.79202967448215,237.6
2025-01-20T16:00:00+00:00,124.65987297985683,254.55
2025-01-20T17:00:00+00:00,124.65987297985627,240.1525
2025-01-20T18:00:00+00:00,124.65987297985681,206.84
2025-01-20T19:00:00+00:00,124.53976369345773,197.9725
2025-01-20T20:00:00+00:00,121.79202967448215,165.9025
2025-01-20T21:00:00+00:00,120.5205557823962,153.0
2025-01-20T22:00:00+00:00,120.40097510282082,135.545
2025-01-20T23:00:00+00:00,118.50630893433691,125.6425
2025-01-21T00:00:00+00:00,118.45084629425472,121.105
2025-01-21T01:00:00+00:00,118.29807100128902,119.4875
2025-01-21T02:00:00+00:00,118.298071001289,117.325
2025-01-21T03:00:00+00:00,118.29807100128897,119.3175
2025-01-21T04:00:00+00:00,119.91004865874167,125.71249999999999
2025-01-21T05:00:00+00:00,120.8457467397989,153.0
2025-01-21T06:00:00+00:00,123.91682492058465,214.85500000000002
2025-01-21T07:00:00+00:00,123.91013864547806,233.885
2025-01-21T08:00:00+00:00,123.9101386454781,217.14
2025-01-21T09:00:00+00:00,121.24643224120946,183.24
2025-01-21T10:00:00+00:00,120.36647804769761,158.985
2025-01-21T11:00:00+00:00,118.07376046142117,147.8025
2025-01-21T12:00:00+00:00,117.83580933032904,152.25
2025-01-21T13:00:00+00:00,117.87728559307494,158.8025
2025-01-21T14:00:00+00:00,118.24027161268843,174.385
2025-01-21T15:00:00+00:00,120.40097510282082,221.8175
2025-01-21T16:00:00+00:00,122.33503146759652,282.515
2025-01-21T17:00:00+00:00,123.51803233846599,269.165
2025-01-21T18:00:00+00:00,122.83478585685631,218.5525
2025-01-21T19:00:00+00:00,122.20590314139697,172.07999999999998
2025-01-21T20:00:00+00:00,120.84701482959164,146.3175
2025-01-21T21:00:00+00:00,120.40097510282082,137.45
2025-01-21T22:00:00+00:00,119.96135904254272,127.69999999999999
2025-01-21T23:00:00+00:00,118.44377758991038,128.88
2025-01-22T00:00:00+00:00,118.39780869583544,123.10249999999999
2025-01-22T01:00:00+00:00,118.29807127413407,120.765
2025-01-22T02:00:00+00:00,118.29808397830209,116.985
2025-01-22T03:00:00+00:00,118.33866620851536,118.5025
2025-01-22T04:00:00+00:00,119.77047449820236,122.3975
2025-01-22T05:00:00+00:00,120.48891570355715,156.3675
2025-01-22T06:00:00+00:00,121.01624473829845,193.5525
2025-01-22T07:00:00+00:00,121.49225644704505,218.9
2025-01-22T08:00:00+00:00,121.44842359166526,208.15
2025-01-22T09:00:00+00:00,120.83026556670555,185.0975
2025-01-22T10:00:00+00:00,120.40097510282082,169.9175
2025-01-22T11:00:00+00:00,118.31944530337157,156.98
2025-01-22T12:00:00+00:00,118.30879227513407,155.72750000000002
2025-01-22T13:00:00+00:00,118.31272944166017,166.625
2025-01-22T14:00:00+00:00,118.47297924331797,190.135
2025-01-22T15:00:00+00:00,120.40097510282082,196.0925
2025-01-22T16:00:00+00:00,120.87289913192144,216.0425
2025-01-22T17:00:00+00:00,120.82990673526521,203.2975
2025-01-22T18:00:00+00:00,120.82727287266445,172.315
2025-01-22T19:00:00+00:00,120.0393805096681,140.555
2025-01-22T20:00:00+00:00,118.05615864663551,123.09
2025-01-22T21:00:00+00:00,118.07334305714238,117.98
2025-01-22T22:00:00+00:00,118.28515111211804,110.445
2025-01-22T23:00:00+00:00,118.29807100128903,108.6175
2025-01-23T00:00:00+00:00,118.29807100128875,106.45
2025-01-23T01:00:00+00:00,118.1712990863238,102.6225
2025-01-23T02:00:00+00:00,117.85547614098176,97.72500000000001
2025-01-23T03:00:00+00:00,117.2908701191424,98.9075
2025-01-23T04:00:00+00:00,117.05905646583194,104.2425
2025-01-23T05:00:00+00:00,117.09205860515728,121.17
2025-01-23T06:00:00+00:00,117.48051472605557,144.9475
2025-01-23T07:00:00+00:00,117.61037809164327,152.0225
2025-01-23T08:00:00+00:00,117.63763139344807,145.0
2025-01-23T09:00:00+00:00,117.19481512827375,135.43
2025-01-23T10:00:00+00:00,117.72084803289191,124.5025
2025-01-23T11:00:00+00:00,107.31206449052257,114.6225
2025-01-23T12:00:00+00:00,99.17241751883,105.44
2025-01-23T13:00:00+00:00,95.1404434638531,103.4
2025-01-23T14:00:00+00:00,99.13854500545479,103.02250000000001
2025-01-23T15:00:00+00:00,105.67786151442263,102.6925
2025-01-23T16:00:00+00:00,116.83328668538083,120.24249999999999
2025-01-23T17:00:00+00:00,116.80887478803206,118.22
2025-01-23T18:00:00+00:00,116.80872105928279,106.3
2025-01-23T19:00:00+00:00,116.17410519663655,95.97999999999999
2025-01-23T20:00:00+00:00,111.5991107727661,86.03
2025-01-23T21:00:00+00:00,105.67786151442267,76.3
2025-01-23T22:00:00+00:00,99.16130432661822,62.05
2025-01-23T23:00:00+00:00,95.1404434638531,65.4575
2025-01-24T00:00:00+00:00,95.14044346385299,61.082499999999996
2025-01-24T01:00:00+00:00,93.85315019875259,56.96
2025-01-24T02:00:00+00:00,95.1404434638531,46.15
2025-01-24T03:00:00+00:00,95.1404434638531,47.225
2025-01-24T04:00:00+00:00,97.0494658507073,57.29
2025-01-24T05:00:00+00:00,101.36520122480502,84.76
2025-01-24T06:00:00+00:00,109.55440624999974,109.69749999999999
2025-01-24T07:00:00+00:00,109.55440624999986,129.6975
2025-01-24T08:00:00+00:00,109.55440624999986,117.0
2025-01-24T09:00:00+00:00,105.67786151442267,107.4275
2025-01-24T10:00:00+00:00,97.04946585070725,98.8925
2025-01-24T11:00:00+00:00,86.71698691222983,90.6
2025-01-24T12:00:00+00:00,74.09235384075681,85.35
2025-01-24T13:00:00+00:00,74.09235384075677,79.6075
2025-01-24T14:00:00+00:00,74.0923538407543,74.60249999999999
2025-01-24T15:00:00+00:00,88.15344162509173,70.84
2025-01-24T16:00:00+00:00,97.0494658507073,77.185
2025-01-24T17:00:00+00:00,98.78980512100956,90.3675
2025-01-24T18:00:00+00:00,98.78980512100844,83.77000000000001
2025-01-24T19:00:00+00:00,98.78980512100874,84.41499999999999
2025-01-24T20:00:00+00:00,97.04946585070739,80.84
2025-01-24T21:00:00+00:00,95.1404434638525,81.6775
2025-01-24T22:00:00+00:00,95.14044346385309,78.22999999999999
2025-01-24T23:00:00+00:00,95.1404434638531,84.255
2025-01-25T00:00:00+00:00,95.1404434638531,80.8
2025-01-25T01:00:00+00:00,95.14044346385313,77.65
2025-01-25T02:00:00+00:00,93.85315019875128,76.78
2025-01-25T03:00:00+00:00,89.88648033130652,77.595
2025-01-25T04:00:00+00:00,95.14044346385313,75.15
2025-01-25T05:00:00+00:00,95.1404434638531,81.5325
2025-01-25T06:00:00+00:00,97.0494658507073,89.805
2025-01-25T07:00:00+00:00,100.40337357608912,95.8125
2025-01-25T08:00:00+00:00,99.5969360655339,97.8225
2025-01-25T09:00:00+00:00,99.35812818648853,100.2825
2025-01-25T10:00:00+00:00,97.0494658507073,99.4
2025-01-25T11:00:00+00:00,93.15489154741603,97.70750000000001
2025-01-25T12:00:00+00:00,89.43343833479126,98.49000000000001
2025-01-25T13:00:00+00:00,93.15734277362473,100.3475
2025-01-25T14:00:00+00:00,97.04946585070725,100.9875
2025-01-25T15:00:00+00:00,109.55440624999999,120.8
2025-01-25T16:00:00+00:00,118.3051514155785,132.1
2025-01-25T17:00:00+00:00,118.30776549610336,145.3525
2025-01-25T18:00:00+00:00,118.30419571507028,145.58499999999998
2025-01-25T19:00:00+00:00,118.3070938429533,135.49
2025-01-25T20:00:00+00:00,118.29317136073291,130.7625
2025-01-25T21:00:00+00:00,118.27993549459354,129.4825
2025-01-25T22:00:00+00:00,118.27733577321644,125.6375
2025-01-25T23:00:00+00:00,117.5908393947597,119.84
2025-01-26T00:00:00+00:00,115.73203429779349,114.58
2025-01-26T01:00:00+00:00,114.79527069484631,110.26
2025-01-26T02:00:00+00:00,109.55440624999997,108.0025
2025-01-26T03:00:00+00:00,106.53256317533535,106.9525
2025-01-26T04:00:00+00:00,105.67786151442267,106.72749999999999
2025-01-26T05:00:00+00:00,105.67786151442267,108.535
2025-01-26T06:00:00+00:00,105.67786151442267,113.7525
2025-01-26T07:00:00+00:00,107.02042656752778,121.32
2025-01-26T08:00:00+00:00,114.62896288126494,121.3925
2025-01-26T09:00:00+00:00,105.67786151442267,114.075
2025-01-26T10:00:00+00:00,105.13498082796241,107.185
2025-01-26T11:00:00+00:00,97.0494658507073,101.0
2025-01-26T12:00:00+00:00,93.85315019875259,92.4
2025-01-26T13:00:00+00:00,92.21508684782982,94.41
2025-01-26T14:00:00+00:00,95.1404434638531,98.95
2025-01-26T15:00:00+00:00,104.21613706582636,115.41
2025-01-26T16:00:00+00:00,110.29316420955587,125.575
2025-01-26T17:00:00+00:00,113.14877700324733,124.0025
2025-01-26T18:00:00+00:00,112.74794366709556,110.155
2025-01-26T19:00:00+00:00,105.67786151442267,89.9525
2025-01-26T20:00:00+00:00,100.59477919265285,75.11500000000001
2025-01-26T21:00:00+00:00,97.0494658507073,69.8
2025-01-26T22:00:00+00:00,95.14044346385315,43.417500000000004
2025-01-26T23:00:00+00:00,87.55156094374085,26.6625
2025-01-27T00:00:00+00:00,73.64231380016437,16.615
2025-01-27T01:00:00+00:00,73.64231380016423,12.995000000000001
2025-01-27T02:00:00+00:00,73.64231380016443,11.1275
2025-01-27T03:00:00+00:00,68.8732966003893,10.9
2025-01-27T04:00:00+00:00,66.21232673596644,18.2175
2025-01-27T05:00:00+00:00,67.26224239932492,45.275
2025-01-27T06:00:00+00:00,86.16893558681404,82.7
2025-01-27T07:00:00+00:00,98.18975173355166,93.535
2025-01-27T08:00:00+00:00,95.1404434638531,88.6925
2025-01-27T09:00:00+00:00,95.1404434638531,78.67
2025-01-27T10:00:00+00:00,86.7169869122299,71.99
2025-01-27T11:00:00+00:00,73.64231380016436,66.1025
2025-01-27T12:00:00+00:00,73.6423138001644,64.705
2025-01-27T13:00:00+00:00,73.64231380016432,79.3875
2025-01-27T14:00:00+00:00,70.78036289284097,91.6975
2025-01-27T15:00:00+00:00,95.14044346385256,104.28
2025-01-27T16:00:00+00:00,98.18975173355233,119.2525
2025-01-27T17:00:00+00:00,103.77247470400825,117.8025
2025-01-27T18:00:00+00:00,100.47905021466613,127.8725
2025-01-27T19:00:00+00:00,98.18975173355219,116.7
2025-01-27T20:00:00+00:00,98.18975173355221,99.55250000000001
2025-01-27T21:00:00+00:00,95.1404434638531,95.1
2025-01-27T22:00:00+00:00,91.23269595111574,82.675
2025-01-27T23:00:00+00:00,88.15344162509173,61.94
2025-01-28T00:00:00+00:00,87.6195481592627,57.4725
2025-01-28T01:00:00+00:00,87.61954815926373,53.89
2025-01-28T02:00:00+00:00,88.15344162509177,57.417500000000004
2025-01-28T03:00:00+00:00,95.14044346385617,73.005
2025-01-28T04:00:00+00:00,97.0494658507073,85.60249999999999
2025-01-28T05:00:00+00:00,105.67786151442269,101.9875
2025-01-28T06:00:00+00:00,106.53256317533535,128.65
2025-01-28T07:00:00+00:00,109.55440624999974,137.475
2025-01-28T08:00:00+00:00,116.63367740813342,129.88
2025-01-28T09:00:00+00:00,117.14238308843946,121.5675
2025-01-28T10:00:00+00:00,106.53256317533535,117.0975
2025-01-28T11:00:00+00:00,105.67786151441979,114.39
2025-01-28T12:00:00+00:00,105.67786151442255,113.7
2025-01-28T13:00:00+00:00,106.53256317533535,124.845
2025-01-28T14:00:00+00:00,109.55440624999987,139.8725
2025-01-28T15:00:00+00:00,113.96493866474783,146.07999999999998
2025-01-28T16:00:00+00:00,116.507991576433,145.825
2025-01-28T17:00:00+00:00,117.69960053811812,134.6975
2025-01-28T18:00:00+00:00,118.66081664542465,121.1575
2025-01-28T19:00:00+00:00,117.3371666515472,110.04
2025-01-28T20:00:00+00:00,105.67786151442276,92.7675
2025-01-28T21:00:00+00:00,99.4937109517536,85.8
2025-01-28T22:00:00+00:00,98.1897517335524,72.575
2025-01-28T23:00:00+00:00,98.1897517335524,78.24
2025-01-29T00:00:00+00:00,97.0494658507073,71.44
2025-01-29T01:00:00+00:00,95.1404434638531,67.50999999999999
2025-01-29T02:00:00+00:00,95.1404434638531,66.4425
2025-01-29T03:00:00+00:00,95.1404434638531,73.2125
2025-01-29T04:00:00+00:00,97.0494658507073,82.17
2025-01-29T05:00:00+00:00,102.26253321710458,98.9975
2025-01-29T06:00:00+00:00,110.78552572815893,126.255
2025-01-29T07:00:00+00:00,117.42414186134268,143.6
2025-01-29T08:00:00+00:00,117.82160691038051,123.1325
2025-01-29T09:00:00+00:00,106.53256317533535,106.57
2025-01-29T10:00:00+00:00,99.4937109517536,96.6
2025-01-29T11:00:00+00:00,95.51057137926016,90.55
2025-01-29T12:00:00+00:00,88.70682935381782,87.945
2025-01-29T13:00:00+00:00,88.70682935381782,89.9875
2025-01-29T14:00:00+00:00,93.85315019875259,99.815
2025-01-29T15:00:00+00:00,105.67786151442267,123.46000000000001
2025-01-29T16:00:00+00:00,116.10732997248233,149.1025
2025-01-29T17:00:00+00:00,118.27577247175711,148.0225
2025-01-29T18:00:00+00:00,118.27577247175711,141.92499999999998
2025-01-29T19:00:00+00:00,118.27577247175711,130.8
2025-01-29T20:00:00+00:00,118.27577247175711,120.8075
2025-01-29T21:00:00+00:00,118.11692805919739,114.0025
2025-01-29T22:00:00+00:00,117.68770448445592,105.445
2025-01-29T23:00:00+00:00,112.4899539614561,94.275
2025-01-30T00:00:00+00:00,111.02868011017974,95.36
2025-01-30T01:00:00+00:00,106.53256317533547,93.845
2025-01-30T02:00:00+00:00,107.36353945431968,93.69749999999999
2025-01-30T03:00:00+00:00,109.55440624999977,97.975
2025-01-30T04:00:00+00:00,110.64679601454671,108.025
2025-01-30T05:00:00+00:00,118.21537024887652,133.57
2025-01-30T06:00:00+00:00,119.5979370927108,162.70499999999998
2025-01-30T07:00:00+00:00,120.40097510282082,166.8825
2025-01-30T08:00:00+00:00,120.40097510282075,161.9
2025-01-30T09:00:00+00:00,118.29821170728123,147.5025
2025-01-30T10:00:00+00:00,118.29796561269559,137.57750000000001
2025-01-30T11:00:00+00:00,118.19457918307006,136.3075
2025-01-30T12:00:00+00:00,117.93211458374664,139.8525
2025-01-30T13:00:00+00:00,117.97281997091721,140.9975
2025-01-30T14:00:00+00:00,118.26201494092658,151.97
2025-01-30T15:00:00+00:00,118.30216124366709,165.8725
2025-01-30T16:00:00+00:00,120.40097510282538,182.805
2025-01-30T17:00:00+00:00,120.40097510282081,176.6625
2025-01-30T18:00:00+00:00,120.40097510282081,168.6025
2025-01-30T19:00:00+00:00,119.58946947093054,158.2625
2025-01-30T20:00:00+00:00,118.51480253904049,141.21
2025-01-30T21:00:00+00:00,118.35348943198676,133.54250000000002
2025-01-30T22:00:00+00:00,118.29793137552858,119.94749999999999
2025-01-30T23:00:00+00:00,118.29777584916697,118.6525
2025-01-31T00:00:00+00:00,118.29776752632456,113.575
2025-01-31T01:00:00+00:00,118.27266638062778,109.075
2025-01-31T02:00:00+00:00,118.26920255745291,107.005
2025-01-31T03:00:00+00:00,118.26585919173431,106.0625
2025-01-31T04:00:00+00:00,118.26979903009934,115.1975
2025-01-31T05:00:00+00:00,118.3674892697971,130.5975
2025-01-31T06:00:00+00:00,120.40097510282082,153.9925
2025-01-31T07:00:00+00:00,120.77610033719478,165.45499999999998
2025-01-31T08:00:00+00:00,120.40097510282082,153.2025
2025-01-31T09:00:00+00:00,118.29807100128897,145.01749999999998
2025-01-31T10:00:00+00:00,118.29778592273335,127.4425
2025-01-31T11:00:00+00:00,118.29391983847766,120.5
2025-01-31T12:00:00+00:00,115.31190288469192,119.03999999999999
2025-01-31T13:00:00+00:00,109.55440624999999,132.5025
2025-01-31T14:00:00+00:00,118.17092630860353,147.0875
2025-01-31T15:00:00+00:00,118.34705487829012,155.6425
2025-01-31T16:00:00+00:00,120.40097510282082,190.4425
2025-01-31T17:00:00+00:00,121.19677272290332,179.0725
2025-01-31T18:00:00+00:00,121.1052126509926,176.7525
2025-01-31T19:00:00+00:00,120.97469847061758,159.79250000000002
2025-01-31T20:00:00+00:00,120.40097510282082,145.3
2025-01-31T21:00:00+00:00,118.69018081642896,144.415
2025-01-31T22:00:00+00:00,118.38950305916927,131.26
2025-01-31T23:00:00+00:00,118.29807100128897,135.29749999999999
2025-02-01T00:00:00+00:00,121.7274280897722,130.765
2025-02-01T01:00:00+00:00,121.72742808977243,125.1025
2025-02-01T02:00:00+00:00,121.69242398659266,122.9675
2025-02-01T03:00:00+00:00,121.69242398658855,123.41
2025-02-01T04:00:00+00:00,121.69242398658699,125.875
2025-02-01T05:00:00+00:00,121.70513840025185,129.8025
2025-02-01T06:00:00+00:00,121.72742808977233,140.3225
2025-02-01T07:00:00+00:00,121.72742808977216,145.165
2025-02-01T08:00:00+00:00,121.72742808977232,134.8325
2025-02-01T09:00:00+00:00,121.72742808977289,125.1525
2025-02-01T10:00:00+00:00,121.28411693755692,114.725
2025-02-01T11:00:00+00:00,119.09987571363695,108.5075
2025-02-01T12:00:00+00:00,102.01495766965206,103.8
2025-02-01T13:00:00+00:00,102.28346295071543,109.7575
2025-02-01T14:00:00+00:00,106.53256317533516,124.41
2025-02-01T15:00:00+00:00,120.40097510282082,145.815
2025-02-01T16:00:00+00:00,121.7272481233952,165.8025
2025-02-01T17:00:00+00:00,121.72747633462012,163.425
2025-02-01T18:00:00+00:00,121.72742808977196,160.585
2025-02-01T19:00:00+00:00,121.72742808977182,153.13
2025-02-01T20:00:00+00:00,121.7274280897722,143.27
2025-02-01T21:00:00+00:00,121.72742808977237,136.3
2025-02-01T22:00:00+00:00,121.72742808977245,127.155
2025-02-01T23:00:00+00:00,121.72742808977226,130.71
2025-02-02T00:00:00+00:00,121.72742808977233,125.5
2025-02-02T01:00:00+00:00,121.7274280897723,123.0475
2025-02-02T02:00:00+00:00,121.7274280897723,122.8075
2025-02-02T03:00:00+00:00,121.70998194830123,122.8
2025-02-02T04:00:00+00:00,121.72717190029664,124.9375
2025-02-02T05:00:00+00:00,121.72721713926535,122.5975
2025-02-02T06:00:00+00:00,121.72729033696638,130.775
2025-02-02T07:00:00+00:00,121.72742808977232,136.68
2025-02-02T08:00:00+00:00,121.7274280897723,129.2625
2025-02-02T09:00:00+00:00,121.4136424241001,119.0
2025-02-02T10:00:00+00:00,120.40097510282082,110.2025
2025-02-02T11:00:00+00:00,105.67786151442267,104.78999999999999
2025-02-02T12:00:00+00:00,97.0494658507073,102.525
2025-02-02T13:00:00+00:00,95.1404434638531,107.15
2025-02-02T14:00:00+00:00,105.67786151442267,124.29750000000001
2025-02-02T15:00:00+00:00,120.40097510282082,142.04500000000002
2025-02-02T16:00:00+00:00,121.72739029806283,164.0425
2025-02-02T17:00:00+00:00,121.7274280897723,162.8225
2025-02-02T18:00:00+00:00,121.72742808977232,163.45749999999998
2025-02-02T19:00:00+00:00,121.72742808977232,154.3
2025-02-02T20:00:00+00:00,121.7274280897723,146.8075
2025-02-02T21:00:00+00:00,121.72742808977232,142.015
2025-02-02T22:00:00+00:00,121.72742808977232,134.01999999999998
2025-02-02T23:00:00+00:00,121.72742808977233,132.5925
2025-02-03T00:00:00+00:00,121.72732324837901,126.53
2025-02-03T01:00:00+00:00,121.7272841393458,123.5575
2025-02-03T02:00:00+00:00,121.72721713926536,121.39
2025-02-03T03:00:00+00:00,121.7272964857744,123.125
2025-02-03T04:00:00+00:00,121.72744347641964,138.335
2025-02-03T05:00:00+00:00,126.70832495082334,171.3775
2025-02-03T06:00:00+00:00,126.84178768244456,233.7975
2025-02-03T07:00:00+00:00,126.81049999999992,320.0
2025-02-03T08:00:00+00:00,126.81050000000026,245.6
2025-02-03T09:00:00+00:00,121.94201072652959,181.1375
2025-02-03T10:00:00+00:00,121.72742808977229,161.6525
2025-02-03T11:00:00+00:00,120.40097510282077,143.935
2025-02-03T12:00:00+00:00,105.67786151442269,136.64499999999998
2025-02-03T13:00:00+00:00,101.839190901527,143.57999999999998
2025-02-03T14:00:00+00:00,109.55440624999999,171.06
2025-02-03T15:00:00+00:00,120.94956381150917,232.66
2025-02-03T16:00:00+00:00,125.01893567059541,283.12
2025-02-03T17:00:00+00:00,126.98729642584155,288.58
2025-02-03T18:00:00+00:00,126.81050000000005,236.0025
2025-02-03T19:00:00+00:00,126.80485998404657,190.27
2025-02-03T20:00:00+00:00,125.32784254760267,161.55
2025-02-03T21:00:00+00:00,122.11884043377007,147.005
2025-02-03T22:00:00+00:00,121.72742808977239,139.2
2025-02-03T23:00:00+00:00,121.72742808977229,135.88
2025-02-04T00:00:00+00:00,121.7274280897723,131.665
2025-02-04T01:00:00+00:00,121.7274280897723,127.56
2025-02-04T02:00:00+00:00,121.7274280897723,124.89750000000001
2025-02-04T03:00:00+00:00,121.72742808977232,126.47749999999999
2025-02-04T04:00:00+00:00,121.72742808977239,133.8
2025-02-04T05:00:00+00:00,122.01206012227352,163.9
2025-02-04T06:00:00+00:00,123.85103257141678,191.7875
2025-02-04T07:00:00+00:00,123.85103257141688,195.95499999999998
2025-02-04T08:00:00+00:00,123.85103257141688,169.17000000000002
2025-02-04T09:00:00+00:00,121.72742808977229,138.82
2025-02-04T10:00:00+00:00,120.40097510282088,122.97749999999999
2025-02-04T11:00:00+00:00,106.53256317533535,112.3575
2025-02-04T12:00:00+00:00,97.04946585070735,111.36749999999999
2025-02-04T13:00:00+00:00,97.04946585070728,117.4325
2025-02-04T14:00:00+00:00,99.49371095175394,136.10750000000002
2025-02-04T15:00:00+00:00,116.16340870672441,166.9975
2025-02-04T16:00:00+00:00,121.29043164833887,179.8425
2025-02-04T17:00:00+00:00,121.77798380634034,179.85750000000002
2025-02-04T18:00:00+00:00,121.77526706501531,169.0025
2025-02-04T19:00:00+00:00,121.61674224528412,154.275
2025-02-04T20:00:00+00:00,121.43486238393388,138.37
2025-02-04T21:00:00+00:00,120.6898994263911,126.525
2025-02-04T22:00:00+00:00,120.40097510282082,114.7375
2025-02-04T23:00:00+00:00,119.53704299510498,120.1
2025-02-05T00:00:00+00:00,115.4255389652109,115.83500000000001
2025-02-05T01:00:00+00:00,112.20105845335641,111.5375
2025-02-05T02:00:00+00:00,109.5544062499999,110.30000000000001
2025-02-05T03:00:00+00:00,115.41141756039337,111.03750000000001
2025-02-05T04:00:00+00:00,119.09987571363696,119.2775
2025-02-05T05:00:00+00:00,120.80985636562094,132.9375
2025-02-05T06:00:00+00:00,121.3815650288943,157.0775
2025-02-05T07:00:00+00:00,121.8113401704574,172.475
2025-02-05T08:00:00+00:00,121.73063344924157,154.2825
2025-02-05T09:00:00+00:00,121.72742808977232,135.02
2025-02-05T10:00:00+00:00,121.31703589726274,124.6075
2025-02-05T11:00:00+00:00,119.46758682507459,119.4675
2025-02-05T12:00:00+00:00,115.73213319879324,121.5975
2025-02-05T13:00:00+00:00,118.64648524000417,126.6575
2025-02-05T14:00:00+00:00,120.40097510282082,143.725
2025-02-05T15:00:00+00:00,121.45459678589651,165.015
2025-02-05T16:00:00+00:00,122.226241012048,181.20749999999998
2025-02-05T17:00:00+00:00,123.56057421388233,188.2175
2025-02-05T18:00:00+00:00,123.6257825143912,186.3825
2025-02-05T19:00:00+00:00,123.03612375997413,171.8375
2025-02-05T20:00:00+00:00,122.26197969240177,157.72750000000002
2025-02-05T21:00:00+00:00,121.94111143416738,149.4475
2025-02-05T22:00:00+00:00,121.72742808977226,136.9125
2025-02-05T23:00:00+00:00,121.72742808977243,136.8725
2025-02-06T00:00:00+00:00,121.72742808977229,132.565
2025-02-06T01:00:00+00:00,121.72742808977227,129.525
2025-02-06T02:00:00+00:00,121.7274280897723,128.875
2025-02-06T03:00:00+00:00,121.72742808977229,129.6375
2025-02-06T04:00:00+00:00,121.72742808977226,136.5775
2025-02-06T05:00:00+00:00,123.37144529128177,156.215
2025-02-06T06:00:00+00:00,125.32784254760469,191.435
2025-02-06T07:00:00+00:00,125.32784254760469,211.195
2025-02-06T08:00:00+00:00,125.32784254760467,180.99
2025-02-06T09:00:00+00:00,121.86503230986146,170.1625
2025-02-06T10:00:00+00:00,121.72741612187265,157.8025
2025-02-06T11:00:00+00:00,121.72728939481426,146.9875
2025-02-06T12:00:00+00:00,121.69025726868296,143.5625
2025-02-06T13:00:00+00:00,121.44135484282779,148.7
2025-02-06T14:00:00+00:00,121.49465964444299,154.2
2025-02-06T15:00:00+00:00,121.76702237431883,166.62
2025-02-06T16:00:00+00:00,121.84086399878146,170.185
2025-02-06T17:00:00+00:00,121.83659501580061,167.1175
2025-02-06T18:00:00+00:00,121.79554969698401,158.0375
2025-02-06T19:00:00+00:00,121.64532167834713,145.0
2025-02-06T20:00:00+00:00,121.67547934744971,133.885
2025-02-06T21:00:00+00:00,121.54241987277308,127.14
2025-02-06T22:00:00+00:00,120.40097510282082,111.955
2025-02-06T23:00:00+00:00,114.68712621840504,116.88
2025-02-07T00:00:00+00:00,110.37561472972415,110.77250000000001
2025-02-07T01:00:00+00:00,109.55440624999987,106.01
2025-02-07T02:00:00+00:00,109.55440624999999,101.7975
2025-02-07T03:00:00+00:00,106.53256317533535,100.4025
2025-02-07T04:00:00+00:00,109.55440624999999,104.52250000000001
2025-02-07T05:00:00+00:00,117.69930985312936,116.925
2025-02-07T06:00:00+00:00,120.40097510282037,141.025
2025-02-07T07:00:00+00:00,120.40097510282082,153.85750000000002
2025-02-07T08:00:00+00:00,120.40097510282082,139.9775
2025-02-07T09:00:00+00:00,119.85675767638209,119.005
2025-02-07T10:00:00+00:00,106.53256317533535,105.0875
2025-02-07T11:00:00+00:00,100.36397718695827,97.6625
2025-02-07T12:00:00+00:00,98.18975173355243,96.1925
2025-02-07T13:00:00+00:00,98.18975173355241,98.7625
2025-02-07T14:00:00+00:00,99.4937109517536,110.735
2025-02-07T15:00:00+00:00,109.55440624999999,125.24000000000001
2025-02-07T16:00:00+00:00,120.39857944533698,136.0025
2025-02-07T17:00:00+00:00,120.40097510282078,138.89499999999998
2025-02-07T18:00:00+00:00,120.40074757179667,132.9075
2025-02-07T19:00:00+00:00,120.02069921865812,120.98750000000001
2025-02-07T20:00:00+00:00,117.46729276021915,110.8425
2025-02-07T21:00:00+00:00,109.55465168102307,106.85
2025-02-07T22:00:00+00:00,109.55440624999981,104.63250000000001
2025-02-07T23:00:00+00:00,105.67786151442266,93.19
2025-02-08T00:00:00+00:00,105.67786151442267,92.2
2025-02-08T01:00:00+00:00,99.12970217547428,90.7025
2025-02-08T02:00:00+00:00,99.12970217547428,90.2025
2025-02-08T03:00:00+00:00,99.12970217547428,90.125
2025-02-08T04:00:00+00:00,99.12970217547429,88.55
2025-02-08T05:00:00+00:00,105.67786151442267,91.23
2025-02-08T06:00:00+00:00,109.55440624999999,97.1225
2025-02-08T07:00:00+00:00,120.22581475927429,113.625
2025-02-08T08:00:00+00:00,117.46406278979727,102.8275
2025-02-08T09:00:00+00:00,102.3080162245971,87.535
2025-02-08T10:00:00+00:00,97.0494658507073,81.9025
2025-02-08T11:00:00+00:00,93.85315019875259,81.8475
2025-02-08T12:00:00+00:00,91.29557106732925,82.7525
2025-02-08T13:00:00+00:00,91.29557106732925,90.1875
2025-02-08T14:00:00+00:00,95.1404434638531,114.2025
2025-02-08T15:00:00+00:00,106.53256317533535,134.5525
2025-02-08T16:00:00+00:00,120.40097510282082,150.64000000000001
2025-02-08T17:00:00+00:00,121.68347677820596,159.025
2025-02-08T18:00:00+00:00,121.64955639824028,154.52249999999998
2025-02-08T19:00:00+00:00,121.64952799780528,143.9925
2025-02-08T20:00:00+00:00,121.67210069622371,142.115
2025-02-08T21:00:00+00:00,121.72742808977236,142.405
2025-02-08T22:00:00+00:00,121.7274280897723,136.8975
2025-02-08T23:00:00+00:00,121.68970901933159,133.67
2025-02-09T00:00:00+00:00,121.72742808977236,128.77
2025-02-09T01:00:00+00:00,121.61758280654888,128.6
2025-02-09T02:00:00+00:00,121.46653376511186,124.6
2025-02-09T03:00:00+00:00,121.36086747878373,126.3675
2025-02-09T04:00:00+00:00,121.3608674788042,122.3725
2025-02-09T05:00:00+00:00,121.36086747878873,124.015
2025-02-09T06:00:00+00:00,121.40795854228593,130.8
2025-02-09T07:00:00+00:00,121.47631881081743,137.2675
2025-02-09T08:00:00+00:00,121.36082346927651,128.1625
2025-02-09T09:00:00+00:00,120.40097510282082,113.995
2025-02-09T10:00:00+00:00,106.53256317533535,110.81
2025-02-09T11:00:00+00:00,99.4937109517536,106.1
2025-02-09T12:00:00+00:00,97.0494658507073,101.9975
2025-02-09T13:00:00+00:00,95.1404434638531,109.2
2025-02-09T14:00:00+00:00,98.1897517335524,117.2825
2025-02-09T15:00:00+00:00,117.01058160447732,130.5
2025-02-09T16:00:00+00:00,121.25928797775451,146.1475
2025-02-09T17:00:00+00:00,121.50688205962574,154.2475
2025-02-09T18:00:00+00:00,121.55193428188741,150.42000000000002
2025-02-09T19:00:00+00:00,121.4555314729695,143.3325
2025-02-09T20:00:00+00:00,121.26368722826983,135.84
2025-02-09T21:00:00+00:00,121.26231520699187,135.375
2025-02-09T22:00:00+00:00,120.40097510282082,123.8775
2025-02-09T23:00:00+00:00,117.94408108698575,118.88250000000001
2025-02-10T00:00:00+00:00,120.35366027703958,117.3725
2025-02-10T01:00:00+00:00,119.099875713637,115.30250000000001
2025-02-10T02:00:00+00:00,117.63464460680201,114.13
2025-02-10T03:00:00+00:00,118.10579088670164,105.97999999999999
2025-02-10T04:00:00+00:00,120.36856956329487,117.7975
2025-02-10T05:00:00+00:00,120.40097510282082,137.27
2025-02-10T06:00:00+00:00,121.15399804882739,162.935
2025-02-10T07:00:00+00:00,121.44572148258678,172.71
2025-02-10T08:00:00+00:00,121.59543837057296,158.3
2025-02-10T09:00:00+00:00,121.65363583017177,140.48250000000002
2025-02-10T10:00:00+00:00,120.40097510282082,126.23
2025-02-10T11:00:00+00:00,109.55440624999999,120.5375
2025-02-10T12:00:00+00:00,105.67786151442264,118.5375
2025-02-10T13:00:00+00:00,102.33988500268751,123.895
2025-02-10T14:00:00+00:00,105.67786151442267,131.1175
2025-02-10T15:00:00+00:00,119.09987571363695,138.7
2025-02-10T16:00:00+00:00,120.40097510282082,156.92000000000002
2025-02-10T17:00:00+00:00,120.55561559119086,162.5225
2025-02-10T18:00:00+00:00,120.40097510282082,156.5775
2025-02-10T19:00:00+00:00,120.40097510282038,133.74
2025-02-10T20:00:00+00:00,110.74968226549936,121.30000000000001
2025-02-10T21:00:00+00:00,106.53256317533568,115.2775
2025-02-10T22:00:00+00:00,106.53256317533527,108.135
2025-02-10T23:00:00+00:00,99.4937109517536,70.345
2025-02-11T00:00:00+00:00,98.1897517335524,69.3875
2025-02-11T01:00:00+00:00,97.0494658507073,67.515
2025-02-11T02:00:00+00:00,97.0494658507073,67.96000000000001
2025-02-11T03:00:00+00:00,98.84276199005471,71.4075
2025-02-11T04:00:00+00:00,105.67786151442267,78.6
2025-02-11T05:00:00+00:00,119.09987571363695,106.6
2025-02-11T06:00:00+00:00,120.40097510282082,134.9275
2025-02-11T07:00:00+00:00,120.77172091062184,148.35
2025-02-11T08:00:00+00:00,120.40097510282082,132.635
2025-02-11T09:00:00+00:00,120.40097510282082,120.9075
2025-02-11T10:00:00+00:00,120.12822940294929,116.5
2025-02-11T11:00:00+00:00,107.2933732764864,113.005
2025-02-11T12:00:00+00:00,107.48224858589809,115.50999999999999
2025-02-11T13:00:00+00:00,110.34464952762985,117.6075
2025-02-11T14:00:00+00:00,120.40097510282082,138.5525
2025-02-11T15:00:00+00:00,120.40097510282082,141.1
2025-02-11T16:00:00+00:00,121.26765788782203,161.37
2025-02-11T17:00:00+00:00,121.38834308214871,178.17
2025-02-11T18:00:00+00:00,121.30804534857445,174.9525
2025-02-11T19:00:00+00:00,121.23909832424245,158.8025
2025-02-11T20:00:00+00:00,121.181443441631,145.9
2025-02-11T21:00:00+00:00,121.55612919787035,139.065
2025-02-11T22:00:00+00:00,121.53823343223382,125.60249999999999
2025-02-11T23:00:00+00:00,120.47753424376081,122.9
2025-02-12T00:00:00+00:00,121.35600719066373,119.5025
2025-02-12T01:00:00+00:00,121.30968546001628,118.5825
2025-02-12T02:00:00+00:00,121.30968546001627,118.4325
2025-02-12T03:00:00+00:00,121.35600719066356,119.74249999999999
2025-02-12T04:00:00+00:00,121.44282140109173,127.94
2025-02-12T05:00:00+00:00,121.54279157692632,148.1625
2025-02-12T06:00:00+00:00,124.43632518777989,175.1
2025-02-12T07:00:00+00:00,125.01893567058868,192.2475
2025-02-12T08:00:00+00:00,123.76638164984466,177.755
2025-02-12T09:00:00+00:00,121.79869477608513,156.4525
2025-02-12T10:00:00+00:00,121.72143130006647,148.1
2025-02-12T11:00:00+00:00,121.72696864263263,139.3675
2025-02-12T12:00:00+00:00,121.72605590426211,142.7775
2025-02-12T13:00:00+00:00,121.72721293233865,148.2425
2025-02-12T14:00:00+00:00,121.71953192659456,159.4975
2025-02-12T15:00:00+00:00,121.85550437430665,171.0375
2025-02-12T16:00:00+00:00,125.71704118513325,174.0375
2025-02-12T17:00:00+00:00,126.97632468528431,185.4225
2025-02-12T18:00:00+00:00,126.84675225134852,185.98
2025-02-12T19:00:00+00:00,125.69657977381338,170.4375
2025-02-12T20:00:00+00:00,123.92692298483122,156.725
2025-02-12T21:00:00+00:00,121.87784950507597,149.3625
2025-02-12T22:00:00+00:00,121.8044548975436,138.1825
2025-02-12T23:00:00+00:00,121.7273582013269,148.9
2025-02-13T00:00:00+00:00,121.72742808977233,139.765
2025-02-13T01:00:00+00:00,121.7274280897723,134.6325
2025-02-13T02:00:00+00:00,121.72742808977229,134.23499999999999
2025-02-13T03:00:00+00:00,121.7274280897725,134.9775
2025-02-13T04:00:00+00:00,121.72742808977235,142.51999999999998
2025-02-13T05:00:00+00:00,124.10742942538639,160.4775
2025-02-13T06:00:00+00:00,127.13302420614387,187.0975
2025-02-13T07:00:00+00:00,127.15886927447967,215.815
2025-02-13T08:00:00+00:00,127.06185510159804,190.935
2025-02-13T09:00:00+00:00,125.32784254760449,174.91750000000002
2025-02-13T10:00:00+00:00,121.86774009285992,166.9975
2025-02-13T11:00:00+00:00,121.72745354842118,156.795
2025-02-13T12:00:00+00:00,121.72744271409252,156.7375
2025-02-13T13:00:00+00:00,121.7527178757648,158.41250000000002
2025-02-13T14:00:00+00:00,122.12024512843114,166.5625
2025-02-13T15:00:00+00:00,123.0478880398361,175.4425
2025-02-13T16:00:00+00:00,125.32784254760692,187.355
2025-02-13T17:00:00+00:00,126.0839998018762,196.8975
2025-02-13T18:00:00+00:00,125.32784254760362,191.495
2025-02-13T19:00:00+00:00,124.53345879877105,174.525
2025-02-13T20:00:00+00:00,123.64855097156449,159.57999999999998
2025-02-13T21:00:00+00:00,121.84743134374445,151.56
2025-02-13T22:00:00+00:00,121.7274280897725,140.5975
2025-02-13T23:00:00+00:00,121.72742808977232,138.7875
2025-02-14T00:00:00+00:00,121.72742808977232,135.0
2025-02-14T01:00:00+00:00,121.72742808977239,134.7975
2025-02-14T02:00:00+00:00,121.72742808977233,134.2
2025-02-14T03:00:00+00:00,121.72742808977235,136.305
2025-02-14T04:00:00+00:00,121.72742808977146,144.6975
2025-02-14T05:00:00+00:00,125.32784254760485,182.6525
2025-02-14T06:00:00+00:00,127.18369924933018,234.4975
2025-02-14T07:00:00+00:00,127.28072177017324,249.7775
2025-02-14T08:00:00+00:00,127.18069339437648,238.73
2025-02-14T09:00:00+00:00,123.76642299767087,200.965
2025-02-14T10:00:00+00:00,121.75145983636217,182.505
2025-02-14T11:00:00+00:00,121.54372067902894,172.1325
2025-02-14T12:00:00+00:00,121.50979593634749,171.0275
2025-02-14T13:00:00+00:00,121.45021174614004,181.625
2025-02-14T14:00:00+00:00,121.70903499681863,214.37
2025-02-14T15:00:00+00:00,125.01893567059585,229.8475
2025-02-14T16:00:00+00:00,127.49255912897286,305.3075
2025-02-14T17:00:00+00:00,127.47697148964198,281.49
2025-02-14T18:00:00+00:00,127.20895819395169,226.945
2025-02-14T19:00:00+00:00,127.19712001752093,203.695
2025-02-14T20:00:00+00:00,127.131409697374,174.185
2025-02-14T21:00:00+00:00,122.59183652149096,160.51
2025-02-14T22:00:00+00:00,121.87210152159973,149.82999999999998
2025-02-14T23:00:00+00:00,121.72742808977229,139.72
2025-02-15T00:00:00+00:00,121.72742808977351,132.885
2025-02-15T01:00:00+00:00,121.7274280897863,129.025
2025-02-15T02:00:00+00:00,121.72742808977213,126.05250000000001
2025-02-15T03:00:00+00:00,121.72742808977216,127.85
2025-02-15T04:00:00+00:00,121.72742808977239,127.7475
2025-02-15T05:00:00+00:00,121.7274280897727,131.39000000000001
2025-02-15T06:00:00+00:00,121.72742808977709,144.2775
2025-02-15T07:00:00+00:00,121.72742808977844,150.4625
2025-02-15T08:00:00+00:00,121.72742808977267,137.92249999999999
2025-02-15T09:00:00+00:00,121.69348820305304,130.70250000000001
2025-02-15T10:00:00+00:00,120.40097510282082,121.835
2025-02-15T11:00:00+00:00,109.55440625,114.28
2025-02-15T12:00:00+00:00,105.67786151442267,113.4825
2025-02-15T13:00:00+00:00,109.55440624999999,119.82000000000001
2025-02-15T14:00:00+00:00,115.26643508667128,135.69
2025-02-15T15:00:00+00:00,120.40097510282081,152.155
2025-02-15T16:00:00+00:00,121.73050891096725,174.4475
2025-02-15T17:00:00+00:00,122.27079762903402,181.0025
2025-02-15T18:00:00+00:00,121.96910135762798,169.5475
2025-02-15T19:00:00+00:00,121.72742808977637,154.5275
2025-02-15T20:00:00+00:00,121.72742808977746,143.7825
2025-02-15T21:00:00+00:00,121.7274280897723,135.8525
2025-02-15T22:00:00+00:00,121.72742808977122,128.33
2025-02-15T23:00:00+00:00,121.72742808977202,129.3925
2025-02-16T00:00:00+00:00,121.71350414702313,124.48
2025-02-16T01:00:00+00:00,121.69476661362133,119.995
2025-02-16T02:00:00+00:00,121.56969718211906,116.8625
2025-02-16T03:00:00+00:00,121.30975833193197,116.51
2025-02-16T04:00:00+00:00,121.27693496864109,115.81
2025-02-16T05:00:00+00:00,121.27693496864099,115.6525
2025-02-16T06:00:00+00:00,121.27655916125158,122.2325
2025-02-16T07:00:00+00:00,121.40917530287024,124.0475
2025-02-16T08:00:00+00:00,120.40097510282082,115.9
2025-02-16T09:00:00+00:00,109.55440624999999,107.9625
2025-02-16T10:00:00+00:00,98.1897517335524,101.0725
2025-02-16T11:00:00+00:00,92.45599037270784,99.02250000000001
2025-02-16T12:00:00+00:00,91.28964382865968,97.1225
2025-02-16T13:00:00+00:00,92.59716259776286,101.715
2025-02-16T14:00:00+00:00,98.1897517335524,115.61
2025-02-16T15:00:00+00:00,106.82802462108722,133.0
2025-02-16T16:00:00+00:00,121.0478392438237,147.845
2025-02-16T17:00:00+00:00,121.70894284310042,156.8325
2025-02-16T18:00:00+00:00,121.71952510487958,154.905
2025-02-16T19:00:00+00:00,121.71937565237879,146.2975
2025-02-16T20:00:00+00:00,121.71928263218277,138.1025
2025-02-16T21:00:00+00:00,121.71928263218277,135.4125
2025-02-16T22:00:00+00:00,121.71898103752831,128.8025
2025-02-16T23:00:00+00:00,121.70700236712246,125.885
2025-02-17T00:00:00+00:00,121.72742808977232,126.55
2025-02-17T01:00:00+00:00,121.72742808977232,122.27
2025-02-17T02:00:00+00:00,121.72742808977229,119.53
2025-02-17T03:00:00+00:00,121.7274280897723,119.89
2025-02-17T04:00:00+00:00,121.72742808977232,131.6
2025-02-17T05:00:00+00:00,126.54660729329936,166.04250000000002
2025-02-17T06:00:00+00:00,127.34288566861103,210.3775
2025-02-17T07:00:00+00:00,127.41758414215303,206.4075
2025-02-17T08:00:00+00:00,125.32784254760469,171.555
2025-02-17T09:00:00+00:00,121.71407191160245,134.9825
2025-02-17T10:00:00+00:00,120.40097510282082,122.475
2025-02-17T11:00:00+00:00,106.53256317533535,119.9025
2025-02-17T12:00:00+00:00,99.02585780138648,119.74
2025-02-17T13:00:00+00:00,101.98107056720487,122.4675
2025-02-17T14:00:00+00:00,112.9813647938791,139.89
2025-02-17T15:00:00+00:00,120.40097510282082,168.5925
2025-02-17T16:00:00+00:00,124.76767144134878,245.665
2025-02-17T17:00:00+00:00,127.40730000513027,274.525
2025-02-17T18:00:00+00:00,127.26387137824821,212.8325
2025-02-17T19:00:00+00:00,127.15125911247252,185.7
2025-02-17T20:00:00+00:00,127.13497670005142,167.8
2025-02-17T21:00:00+00:00,124.57341584245229,154.975
2025-02-17T22:00:00+00:00,121.87212891453062,141.6875
2025-02-17T23:00:00+00:00,121.7274280897723,135.58
2025-02-18T00:00:00+00:00,121.7274280897723,131.67
2025-02-18T01:00:00+00:00,121.72742808977233,127.9375
2025-02-18T02:00:00+00:00,121.72742808977235,127.685
2025-02-18T03:00:00+00:00,121.7274280897723,128.9275
2025-02-18T04:00:00+00:00,121.81775263726576,132.7875
2025-02-18T05:00:00+00:00,124.87335418194017,154.2825
2025-02-18T06:00:00+00:00,127.11868538996258,193.5
2025-02-18T07:00:00+00:00,127.11868538996262,187.39249999999998
2025-02-18T08:00:00+00:00,121.63208603791244,152.8725
2025-02-18T09:00:00+00:00,120.40097510282082,125.71000000000001
2025-02-18T10:00:00+00:00,105.4959115393234,106.03
2025-02-18T11:00:00+00:00,91.4298425969087,95.895
2025-02-18T12:00:00+00:00,81.95485928154119,94.7375
2025-02-18T13:00:00+00:00,82.22674214172554,99.7875
2025-02-18T14:00:00+00:00,91.31264971858394,116.505
2025-02-18T15:00:00+00:00,99.4937109517536,142.4275
2025-02-18T16:00:00+00:00,120.40097510282082,172.67
2025-02-18T17:00:00+00:00,121.75019962477847,177.5475
2025-02-18T18:00:00+00:00,121.7501996247902,162.445
2025-02-18T19:00:00+00:00,121.75019906753039,144.1775
2025-02-18T20:00:00+00:00,121.73524795010809,127.9375
2025-02-18T21:00:00+00:00,121.34736232503225,121.19999999999999
2025-02-18T22:00:00+00:00,121.37257328176456,111.7375
2025-02-18T23:00:00+00:00,120.40097510282082,108.1
2025-02-19T00:00:00+00:00,119.95926958634213,103.49000000000001
2025-02-19T01:00:00+00:00,119.09987571363692,102.26
2025-02-19T02:00:00+00:00,119.09987571363678,99.595
2025-02-19T03:00:00+00:00,119.09987571363698,99.655
2025-02-19T04:00:00+00:00,119.52214499908541,103.3725
2025-02-19T05:00:00+00:00,120.95385641959258,121.8725
2025-02-19T06:00:00+00:00,121.54435746361298,145.0975
2025-02-19T07:00:00+00:00,121.49725251429578,152.6375
2025-02-19T08:00:00+00:00,120.40097510282082,125.435
2025-02-19T09:00:00+00:00,105.67786151442267,100.9925
2025-02-19T10:00:00+00:00,95.1404434638531,81.41499999999999
2025-02-19T11:00:00+00:00,86.71698691223006,79.5775
2025-02-19T12:00:00+00:00,67.79422250267,76.9125
2025-02-19T13:00:00+00:00,69.7151324215717,81.2175
2025-02-19T14:00:00+00:00,90.30069917385245,101.3875
2025-02-19T15:00:00+00:00,97.04946585070732,115.9025
2025-02-19T16:00:00+00:00,117.43847704792012,144.6725
2025-02-19T17:00:00+00:00,120.40097510282077,151.54500000000002
2025-02-19T18:00:00+00:00,120.40097510282104,141.8
2025-02-19T19:00:00+00:00,120.4009322318036,126.0475
2025-02-19T20:00:00+00:00,120.40093223180361,116.62
2025-02-19T21:00:00+00:00,117.69655455136905,109.27000000000001
2025-02-19T22:00:00+00:00,109.55440624999999,103.25
2025-02-19T23:00:00+00:00,106.53256317533543,94.295
2025-02-20T00:00:00+00:00,106.53256317533535,91.1325
2025-02-20T01:00:00+00:00,105.67786151442267,89.49
2025-02-20T02:00:00+00:00,105.67786151442267,85.295
2025-02-20T03:00:00+00:00,105.67786151442267,84.9975
2025-02-20T04:00:00+00:00,106.53256317533538,90.20750000000001
2025-02-20T05:00:00+00:00,119.82656598093085,105.045
2025-02-20T06:00:00+00:00,120.40097510282082,134.62
2025-02-20T07:00:00+00:00,120.40097510282082,141.99
2025-02-20T08:00:00+00:00,118.09650320891404,120.51
2025-02-20T09:00:00+00:00,105.67786151442267,105.57249999999999
2025-02-20T10:00:00+00:00,97.0494658507073,94.3875
2025-02-20T11:00:00+00:00,89.249685600046,90.0875
2025-02-20T12:00:00+00:00,88.75464634146343,89.525
2025-02-20T13:00:00+00:00,89.24968560004599,95.1
2025-02-20T14:00:00+00:00,95.1404434638531,102.4
2025-02-20T15:00:00+00:00,99.4937109517536,111.60249999999999
2025-02-20T16:00:00+00:00,109.55440624999999,122.045
2025-02-20T17:00:00+00:00,118.99958080006134,125.695
2025-02-20T18:00:00+00:00,118.99958080006135,124.31
2025-02-20T19:00:00+00:00,118.99958080006135,110.14750000000001
2025-02-20T20:00:00+00:00,112.03976663365685,98.80000000000001
2025-02-20T21:00:00+00:00,106.53256317533535,95.9625
2025-02-20T22:00:00+00:00,106.53256317533535,85.1675
2025-02-20T23:00:00+00:00,101.3550643353972,79.08250000000001
2025-02-21T00:00:00+00:00,102.50917224281865,76.9725
2025-02-21T01:00:00+00:00,102.58539767603628,74.72749999999999
2025-02-21T02:00:00+00:00,105.3361491138267,76.785
2025-02-21T03:00:00+00:00,105.3361491138267,80.16499999999999
2025-02-21T04:00:00+00:00,106.53256317533535,83.8775
2025-02-21T05:00:00+00:00,117.73078354067525,105.65
2025-02-21T06:00:00+00:00,119.2876924344468,139.485
2025-02-21T07:00:00+00:00,119.40390710193299,146.46
2025-02-21T08:00:00+00:00,116.56455260483051,125.30250000000001
2025-02-21T09:00:00+00:00,99.4937109517536,103.85
2025-02-21T10:00:00+00:00,95.1404434638531,84.97
2025-02-21T11:00:00+00:00,80.99237220976424,80.9525
2025-02-21T12:00:00+00:00,58.09340762560928,80.185
2025-02-21T13:00:00+00:00,39.8627428906186,80.1125
2025-02-21T14:00:00+00:00,59.16844217089431,84.815
2025-02-21T15:00:00+00:00,80.99237220976424,94.2975
2025-02-21T16:00:00+00:00,95.29719156752716,107.17750000000001
2025-02-21T17:00:00+00:00,98.1897517335524,102.65
2025-02-21T18:00:00+00:00,98.1897517335524,90.9675
2025-02-21T19:00:00+00:00,97.0494658507073,81.175
2025-02-21T20:00:00+00:00,95.1404434638531,73.825
2025-02-21T21:00:00+00:00,92.52275700852006,71.2075
2025-02-21T22:00:00+00:00,89.83629692572404,66.5425
2025-02-21T23:00:00+00:00,87.31388231831852,56.769999999999996
2025-02-22T00:00:00+00:00,85.52160561600085,52.165
2025-02-22T01:00:00+00:00,85.66865804705976,49.845
2025-02-22T02:00:00+00:00,85.31229585948827,46.5525
2025-02-22T03:00:00+00:00,85.31229585948807,46.6725
2025-02-22T04:00:00+00:00,86.71698691222986,51.192499999999995
2025-02-22T05:00:00+00:00,88.15344162508262,59.135000000000005
2025-02-22T06:00:00+00:00,90.86132019656675,71.24
2025-02-22T07:00:00+00:00,92.69375322613715,76.30250000000001
2025-02-22T08:00:00+00:00,91.9056786975893,67.6225
2025-02-22T09:00:00+00:00,80.99237220976424,56.465
2025-02-22T10:00:00+00:00,80.8037044198895,49.57
2025-02-22T11:00:00+00:00,76.15637568027647,47.175
2025-02-22T12:00:00+00:00,72.054352409697,48.91
2025-02-22T13:00:00+00:00,76.15637568027647,55.6875
2025-02-22T14:00:00+00:00,86.71698691222943,74.7575
2025-02-22T15:00:00+00:00,93.85315019875259,90.8
2025-02-22T16:00:00+00:00,99.79072063266294,104.1
2025-02-22T17:00:00+00:00,101.54183424037713,114.95
2025-02-22T18:00:00+00:00,101.54183424036863,111.39750000000001
2025-02-22T19:00:00+00:00,100.41820621101725,99.53
2025-02-22T20:00:00+00:00,100.32749406423248,89.7625
2025-02-22T21:00:00+00:00,100.28467801275539,89.7
2025-02-22T22:00:00+00:00,98.1897517335524,86.60249999999999
2025-02-22T23:00:00+00:00,96.76753223281605,81.3525
2025-02-23T00:00:00+00:00,97.0494658507073,79.19
2025-02-23T01:00:00+00:00,99.12292677384576,77.7625
2025-02-23T02:00:00+00:00,99.4937109517536,79.9075
2025-02-23T03:00:00+00:00,99.4937109517536,79.515
2025-02-23T04:00:00+00:00,101.35435502369351,78.9
2025-02-23T05:00:00+00:00,101.97932209930168,79.545
2025-02-23T06:00:00+00:00,103.68946003140533,88.4
2025-02-23T07:00:00+00:00,105.60587653032181,96.985
2025-02-23T08:00:00+00:00,103.39813525547218,90.4
2025-02-23T09:00:00+00:00,99.4937109517536,78.5
2025-02-23T10:00:00+00:00,97.0494658507073,67.94
2025-02-23T11:00:00+00:00,88.15344162509173,54.2375
2025-02-23T12:00:00+00:00,85.50384528695065,46.6525
2025-02-23T13:00:00+00:00,80.99237220976424,49.0675
2025-02-23T14:00:00+00:00,86.71698691222986,64.1525
2025-02-23T15:00:00+00:00,97.0494658507073,95.505
2025-02-23T16:00:00+00:00,103.94713505273552,108.37
2025-02-23T17:00:00+00:00,106.53256317533535,121.6
2025-02-23T18:00:00+00:00,106.42046432317815,109.95
2025-02-23T19:00:00+00:00,105.67786151442267,95.2975
2025-02-23T20:00:00+00:00,103.66767813903301,90.14750000000001
2025-02-23T21:00:00+00:00,100.03852312069756,86.7275
2025-02-23T22:00:00+00:00,97.0494658507073,70.5025
2025-02-23T23:00:00+00:00,95.1404434638531,52.5975
2025-02-24T00:00:00+00:00,91.40080600545147,41.8925
2025-02-24T01:00:00+00:00,91.09063378892097,31.457500000000003
2025-02-24T02:00:00+00:00,91.10008765482095,28.255
2025-02-24T03:00:00+00:00,91.09063378892242,29.482499999999998
2025-02-24T04:00:00+00:00,95.1404434638531,50.8975
2025-02-24T05:00:00+00:00,95.17559216912358,78.80250000000001
2025-02-24T06:00:00+00:00,102.64662940854777,109.93
2025-02-24T07:00:00+00:00,101.16859502404782,115.03
2025-02-24T08:00:00+00:00,98.1897517335524,101.2575
2025-02-24T09:00:00+00:00,95.1404434638531,93.03
2025-02-24T10:00:00+00:00,86.71698691222986,82.22
2025-02-24T11:00:00+00:00,75.0921574049389,76.0025
2025-02-24T12:00:00+00:00,48.150514154543686,79.55000000000001
2025-02-24T13:00:00+00:00,74.85415117415714,84.3325
2025-02-24T14:00:00+00:00,75.09215740493353,92.895
2025-02-24T15:00:00+00:00,88.75464634146338,109.435
2025-02-24T16:00:00+00:00,98.18975173353667,123.9
2025-02-24T17:00:00+00:00,100.12287653991122,141.31
2025-02-24T18:00:00+00:00,100.1228765399114,138.76
2025-02-24T19:00:00+00:00,99.51178838139158,132.0575
2025-02-24T20:00:00+00:00,100.12287653991127,118.39999999999999
2025-02-24T21:00:00+00:00,100.12287653991153,114.4425
2025-02-24T22:00:00+00:00,100.1228765399114,110.2975
2025-02-24T23:00:00+00:00,100.12287653991136,83.7575
2025-02-25T00:00:00+00:00,105.67786151442267,88.75999999999999
2025-02-25T01:00:00+00:00,105.67786151442326,89.69
2025-02-25T02:00:00+00:00,106.53256317533271,91.7975
2025-02-25T03:00:00+00:00,109.55440624999999,98.10249999999999
2025-02-25T04:00:00+00:00,120.40097510282082,106.32
2025-02-25T05:00:00+00:00,121.84040140226259,129.7425
2025-02-25T06:00:00+00:00,124.0158066283865,164.2975
2025-02-25T07:00:00+00:00,124.07364484764133,167.5
2025-02-25T08:00:00+00:00,122.04849282190882,152.3975
2025-02-25T09:00:00+00:00,121.69550444212562,133.53
2025-02-25T10:00:00+00:00,121.03408727117937,120.58
2025-02-25T11:00:00+00:00,120.36139525079126,120.6
2025-02-25T12:00:00+00:00,119.09987571363693,124.215
2025-02-25T13:00:00+00:00,117.93994150742766,136.9175
2025-02-25T14:00:00+00:00,120.40097510282082,156.6525
2025-02-25T15:00:00+00:00,121.70443736021153,172.26500000000001
2025-02-25T16:00:00+00:00,126.97140242108645,211.505
2025-02-25T17:00:00+00:00,127.48357755374258,226.395
2025-02-25T18:00:00+00:00,127.45887252489241,212.0525
2025-02-25T19:00:00+00:00,125.62344254757116,169.48250000000002
2025-02-25T20:00:00+00:00,125.32784254760405,144.1475
2025-02-25T21:00:00+00:00,121.9881480271313,133.18
2025-02-25T22:00:00+00:00,121.70912603490248,120.6
2025-02-25T23:00:00+00:00,121.56764142776602,119.1275
2025-02-26T00:00:00+00:00,121.7181621552137,114.69749999999999
2025-02-26T01:00:00+00:00,121.70351956508907,112.12
2025-02-26T02:00:00+00:00,121.70022963517317,113.21
2025-02-26T03:00:00+00:00,121.69412772086145,114.725
2025-02-26T04:00:00+00:00,121.70969555341483,121.8375
2025-02-26T05:00:00+00:00,124.05979471107477,155.45
2025-02-26T06:00:00+00:00,127.01532162990881,177.175
2025-02-26T07:00:00+00:00,127.10887352053976,185.745
2025-02-26T08:00:00+00:00,125.01893567059541,167.425
2025-02-26T09:00:00+00:00,121.78038859034226,152.29250000000002
2025-02-26T10:00:00+00:00,121.5120174060827,137.0025
2025-02-26T11:00:00+00:00,118.8955210143173,129.2975
2025-02-26T12:00:00+00:00,119.099875713637,124.3475
2025-02-26T13:00:00+00:00,112.4899539614561,126.735
2025-02-26T14:00:00+00:00,119.43747605397377,137.2475
2025-02-26T15:00:00+00:00,120.40097510282082,154.2225
2025-02-26T16:00:00+00:00,124.39872677934578,176.10750000000002
2025-02-26T17:00:00+00:00,125.01893567059541,185.9725
2025-02-26T18:00:00+00:00,124.30252648212961,171.3175
2025-02-26T19:00:00+00:00,124.30052641431702,154.11
2025-02-26T20:00:00+00:00,121.79945398954933,127.4975
2025-02-26T21:00:00+00:00,121.67586178890372,121.19749999999999
2025-02-26T22:00:00+00:00,121.2786347535125,110.9825
2025-02-26T23:00:00+00:00,120.40097510282082,102.2575
2025-02-27T00:00:00+00:00,120.40097510282082,99.4325
2025-02-27T01:00:00+00:00,120.40097510282082,99.305
2025-02-27T02:00:00+00:00,120.40097510282082,98.745
2025-02-27T03:00:00+00:00,120.40097510282104,101.4475
2025-02-27T04:00:00+00:00,121.03957911661725,105.99249999999999
2025-02-27T05:00:00+00:00,121.77879391378967,124.65
2025-02-27T06:00:00+00:00,121.97602576941317,149.775
2025-02-27T07:00:00+00:00,121.96588081663027,164.0875
2025-02-27T08:00:00+00:00,121.94125258804566,146.66
2025-02-27T09:00:00+00:00,121.72742808977226,124.1325
2025-02-27T10:00:00+00:00,121.62193636205097,115.8225
2025-02-27T11:00:00+00:00,120.40097510282082,112.0625
2025-02-27T12:00:00+00:00,109.55440624999999,111.73
2025-02-27T13:00:00+00:00,106.9403951649686,112.5975
2025-02-27T14:00:00+00:00,120.35111170741335,125.3975
2025-02-27T15:00:00+00:00,120.92674867989261,144.95
2025-02-27T16:00:00+00:00,121.94319400888061,165.3175
2025-02-27T17:00:00+00:00,121.97743138206985,178.275
2025-02-27T18:00:00+00:00,121.9973016688492,167.25
2025-02-27T19:00:00+00:00,121.96046585132828,145.995
2025-02-27T20:00:00+00:00,121.9376905552601,134.64
2025-02-27T21:00:00+00:00,121.7274280897724,123.7075
2025-02-27T22:00:00+00:00,121.72742808977239,117.32
2025-02-27T23:00:00+00:00,121.72742808977239,116.2
2025-02-28T00:00:00+00:00,121.72742808977227,109.905
2025-02-28T01:00:00+00:00,121.7274280897723,108.195
2025-02-28T02:00:00+00:00,121.7274280897723,106.6125
2025-02-28T03:00:00+00:00,121.72742808977225,108.3775
2025-02-28T04:00:00+00:00,121.7274280897723,115.8025
2025-02-28T05:00:00+00:00,121.81647686657612,138.1
2025-02-28T06:00:00+00:00,121.88402263730957,166.3725
2025-02-28T07:00:00+00:00,121.88690144516495,170.17000000000002
2025-02-28T08:00:00+00:00,121.83155508040785,147.53
2025-02-28T09:00:00+00:00,121.7274280897723,134.655
2025-02-28T10:00:00+00:00,121.51005574228977,125.3075
2025-02-28T11:00:00+00:00,120.40097510282082,114.9975
2025-02-28T12:00:00+00:00,118.20115722185646,112.27250000000001
2025-02-28T13:00:00+00:00,106.53256317533535,116.3925
2025-02-28T14:00:00+00:00,113.7933185906145,122.21000000000001
2025-02-28T15:00:00+00:00,120.40097510282082,141.5025
2025-02-28T16:00:00+00:00,121.77076239063118,160.8175
2025-02-28T17:00:00+00:00,121.89404771395324,177.025
2025-02-28T18:00:00+00:00,121.90811515886804,161.7975
2025-02-28T19:00:00+00:00,121.90310635399402,145.925
2025-02-28T20:00:00+00:00,121.85859824785543,131.0025
2025-02-28T21:00:00+00:00,121.72742830470497,125.7525
2025-02-28T22:00:00+00:00,121.7274280897723,116.995
2025-02-28T23:00:00+00:00,121.72742488052016,121.07749999999999
2025-03-01T00:00:00+00:00,106.88149135246402,118.7775
2025-03-01T01:00:00+00:00,106.88147849549974,111.9975
2025-03-01T02:00:00+00:00,106.88191989126732,112.47999999999999
2025-03-01T03:00:00+00:00,106.8818110474858,111.86
2025-03-01T04:00:00+00:00,106.881811047486,111.7025
2025-03-01T05:00:00+00:00,106.88140277862766,119.7325
2025-03-01T06:00:00+00:00,106.8816817959226,126.9975
2025-03-01T07:00:00+00:00,106.88171071650505,133.1
2025-03-01T08:00:00+00:00,106.88149135246395,124.0975
2025-03-01T09:00:00+00:00,106.81610061363492,114.13499999999999
2025-03-01T10:00:00+00:00,106.53256317533535,102.075
2025-03-01T11:00:00+00:00,101.92029241964161,96.6375
2025-03-01T12:00:00+00:00,99.4937109517536,96.36
2025-03-01T13:00:00+00:00,98.78984793944474,99.2975
2025-03-01T14:00:00+00:00,101.41102990394573,106.9025
2025-03-01T15:00:00+00:00,103.73309403515897,117.43
2025-03-01T16:00:00+00:00,106.88514796370114,139.0
2025-03-01T17:00:00+00:00,106.88157499979384,149.915
2025-03-01T18:00:00+00:00,106.88171062838764,145.56
2025-03-01T19:00:00+00:00,106.8816684449244,133.7
2025-03-01T20:00:00+00:00,106.88152226557047,120.475
2025-03-01T21:00:00+00:00,106.88140724833292,117.11500000000001
2025-03-01T22:00:00+00:00,106.88132196859388,111.205
2025-03-01T23:00:00+00:00,106.88015970941284,105.26
2025-03-02T00:00:00+00:00,106.73929050890175,106.575
2025-03-02T01:00:00+00:00,106.59275831753554,103.0975
2025-03-02T02:00:00+00:00,106.59222652691726,99.9075
2025-03-02T03:00:00+00:00,106.58941212507659,99.9675
2025-03-02T04:00:00+00:00,106.59156195203926,99.2
2025-03-02T05:00:00+00:00,106.59181647191105,99.9475
2025-03-02T06:00:00+00:00,106.57950701588503,100.9
2025-03-02T07:00:00+00:00,106.58394951789117,98.89750000000001
2025-03-02T08:00:00+00:00,106.09133435696235,83.2275
2025-03-02T09:00:00+00:00,99.67761729284202,61.88
2025-03-02T10:00:00+00:00,81.92120612474189,43.18
2025-03-02T11:00:00+00:00,40.496602620925906,29.95
2025-03-02T12:00:00+00:00,20.21801336529556,23.07
2025-03-02T13:00:00+00:00,19.979914529914524,29.849999999999998
2025-03-02T14:00:00+00:00,22.79992859583819,51.2575
2025-03-02T15:00:00+00:00,63.472864007302896,90.02000000000001
2025-03-02T16:00:00+00:00,97.56727142810347,127.41
2025-03-02T17:00:00+00:00,106.57256289825237,143.48499999999999
2025-03-02T18:00:00+00:00,106.59253616006342,141.7
2025-03-02T19:00:00+00:00,106.57291709851233,133.24
2025-03-02T20:00:00+00:00,106.57256289825237,117.44500000000001
2025-03-02T21:00:00+00:00,106.57256289825236,112.5575
2025-03-02T22:00:00+00:00,106.57256289825236,107.39750000000001
2025-03-02T23:00:00+00:00,106.50139070427386,101.83250000000001
2025-03-03T00:00:00+00:00,106.42002559413085,101.295
2025-03-03T01:00:00+00:00,105.67786151442269,98.2525
2025-03-03T02:00:00+00:00,105.67786151442267,96.105
2025-03-03T03:00:00+00:00,106.41866915940871,93.96
2025-03-03T04:00:00+00:00,106.83929458431182,101.4025
2025-03-03T05:00:00+00:00,106.88140770334395,122.8625
2025-03-03T06:00:00+00:00,106.88149135246931,137.01500000000001
2025-03-03T07:00:00+00:00,106.88149135246562,133.97
2025-03-03T08:00:00+00:00,106.88149135246401,105.175
2025-03-03T09:00:00+00:00,98.30288456076316,76.1875
2025-03-03T10:00:00+00:00,91.55155640693944,58.14
2025-03-03T11:00:00+00:00,71.20043898790452,35.2
2025-03-03T12:00:00+00:00,20.448637053161413,29.572499999999998
2025-03-03T13:00:00+00:00,19.979914529914524,54.1
2025-03-03T14:00:00+00:00,35.930899999999994,77.1675
2025-03-03T15:00:00+00:00,86.7169869122298,100.8025
2025-03-03T16:00:00+00:00,106.48393164244028,133.01749999999998
2025-03-03T17:00:00+00:00,106.88149135246529,157.5375
2025-03-03T18:00:00+00:00,106.88149135246461,163.625
2025-03-03T19:00:00+00:00,106.88149135246489,140.85
2025-03-03T20:00:00+00:00,106.88149135246402,126.985
2025-03-03T21:00:00+00:00,106.88149135246431,116.0
2025-03-03T22:00:00+00:00,106.88149135246384,108.14
2025-03-03T23:00:00+00:00,106.77369742927141,117.89999999999999
2025-03-04T00:00:00+00:00,106.60436620785335,115.13
2025-03-04T01:00:00+00:00,106.60146880564926,112.30000000000001
2025-03-04T02:00:00+00:00,106.60124379388375,112.0375
2025-03-04T03:00:00+00:00,106.60431213679276,113.4975
2025-03-04T04:00:00+00:00,106.8813408687643,121.5775
2025-03-04T05:00:00+00:00,106.92624116068184,142.935
2025-03-04T06:00:00+00:00,106.93718339366093,165.3525
2025-03-04T07:00:00+00:00,106.93453449536997,149.7025
2025-03-04T08:00:00+00:00,106.7708329319361,116.83
2025-03-04T09:00:00+00:00,100.96451878138501,85.035
2025-03-04T10:00:00+00:00,79.94817276880696,49.135
2025-03-04T11:00:00+00:00,46.570457166946085,20.7575
2025-03-04T12:00:00+00:00,19.97991452991453,18.5075
2025-03-04T13:00:00+00:00,19.979914529914524,46.9875
2025-03-04T14:00:00+00:00,35.930899999999994,79.9
2025-03-04T15:00:00+00:00,79.94817276880775,105.97
2025-03-04T16:00:00+00:00,99.4937109517536,149.9275
2025-03-04T17:00:00+00:00,106.59756369174275,176.595
2025-03-04T18:00:00+00:00,106.62605829948886,165.7975
2025-03-04T19:00:00+00:00,106.5975636917436,138.98250000000002
2025-03-04T20:00:00+00:00,106.59756369174264,122.1275
2025-03-04T21:00:00+00:00,106.59756369174367,113.8375
2025-03-04T22:00:00+00:00,105.67786151442267,105.125
2025-03-04T23:00:00+00:00,101.46378830036545,97.82499999999999
2025-03-05T00:00:00+00:00,100.88454234545091,94.11
2025-03-05T01:00:00+00:00,99.4937109517515,90.7
2025-03-05T02:00:00+00:00,98.64995271716836,88.725
2025-03-05T03:00:00+00:00,98.64995271716826,88.71
2025-03-05T04:00:00+00:00,100.88026927010444,95.1375
2025-03-05T05:00:00+00:00,105.67786151442239,113.72
2025-03-05T06:00:00+00:00,106.16354393147822,133.465
2025-03-05T07:00:00+00:00,106.18617210453998,99.2975
2025-03-05T08:00:00+00:00,97.0494658507073,54.495
2025-03-05T09:00:00+00:00,38.0273833323249,11.9125
2025-03-05T10:00:00+00:00,19.979914529914524,3.1425
2025-03-05T11:00:00+00:00,-0.0,0.15749999999999975
2025-03-05T12:00:00+00:00,-0.0,0.1700000000000001
2025-03-05T13:00:00+00:00,-2.1201790323388536e-14,5.4624999999999995
2025-03-05T14:00:00+00:00,18.029382165844385,54.4425
2025-03-05T15:00:00+00:00,21.876984860936812,93.245
2025-03-05T16:00:00+00:00,95.1404434638531,132.9975
2025-03-05T17:00:00+00:00,101.16307884612436,150.66500000000002
2025-03-05T18:00:00+00:00,105.67786151442267,149.465
2025-03-05T19:00:00+00:00,104.59026699311978,128.8375
2025-03-05T20:00:00+00:00,101.1630788461317,115.99000000000001
2025-03-05T21:00:00+00:00,100.88599709110602,111.1825
2025-03-05T22:00:00+00:00,100.88599709112276,101.15
2025-03-05T23:00:00+00:00,99.49371095175238,89.16
2025-03-06T00:00:00+00:00,98.4924856085306,87.9375
2025-03-06T01:00:00+00:00,98.49418976167952,85.075
2025-03-06T02:00:00+00:00,98.60136746491213,85.775
2025-03-06T03:00:00+00:00,98.60469615577142,88.38
2025-03-06T04:00:00+00:00,100.7269698767161,97.4525
2025-03-06T05:00:00+00:00,105.67786151442267,120.8
2025-03-06T06:00:00+00:00,106.59890708828236,144.8375
2025-03-06T07:00:00+00:00,106.59952585582353,115.135
2025-03-06T08:00:00+00:00,98.6350691835404,76.335
2025-03-06T09:00:00+00:00,75.84158561427553,49.3
2025-03-06T10:00:00+00:00,44.62821411853381,22.9475
2025-03-06T11:00:00+00:00,21.408267648490607,9.625
2025-03-06T12:00:00+00:00,19.979914529914527,10.1525
2025-03-06T13:00:00+00:00,19.979914529914524,30.567500000000003
2025-03-06T14:00:00+00:00,35.9309,72.47
2025-03-06T15:00:00+00:00,74.67776626199436,106.605
2025-03-06T16:00:00+00:00,98.03473314868936,149.8425
2025-03-06T17:00:00+00:00,102.32321951685013,160.255
2025-03-06T18:00:00+00:00,104.59026699311978,154.3775
2025-03-06T19:00:00+00:00,101.77533297667364,134.225
2025-03-06T20:00:00+00:00,99.5703550159925,113.565
2025-03-06T21:00:00+00:00,99.4937109517536,105.5425
2025-03-06T22:00:00+00:00,99.4937109517536,93.2075
2025-03-06T23:00:00+00:00,98.19823969710751,89.4925
2025-03-07T00:00:00+00:00,105.0700806876143,90.5675
2025-03-07T01:00:00+00:00,104.54272925782915,90.0025
2025-03-07T02:00:00+00:00,104.58396267918947,92.63749999999999
2025-03-07T03:00:00+00:00,104.59026699311978,96.67
2025-03-07T04:00:00+00:00,105.21641454545968,108.1275
2025-03-07T05:00:00+00:00,106.57157925023901,136.16
2025-03-07T06:00:00+00:00,106.76545973721372,150.58
2025-03-07T07:00:00+00:00,106.70604393875861,121.02
2025-03-07T08:00:00+00:00,105.67786151442267,82.07249999999999
2025-03-07T09:00:00+00:00,96.7612269535246,59.2025
2025-03-07T10:00:00+00:00,86.71698691222751,32.0225
2025-03-07T11:00:00+00:00,76.4064586326314,13.7675
2025-03-07T12:00:00+00:00,35.93090000000001,13.9625
2025-03-07T13:00:00+00:00,63.04186770985378,38.1425
2025-03-07T14:00:00+00:00,80.06730102377173,81.0025
2025-03-07T15:00:00+00:00,91.55926324610746,124.34
2025-03-07T16:00:00+00:00,103.3951037404898,157.545
2025-03-07T17:00:00+00:00,106.75640136502923,206.825
2025-03-07T18:00:00+00:00,106.83123865402594,178.7725
2025-03-07T19:00:00+00:00,106.75680074363252,143.93
2025-03-07T20:00:00+00:00,106.75640136502898,127.1225
2025-03-07T21:00:00+00:00,106.68887326768417,118.6
2025-03-07T22:00:00+00:00,105.67786151442267,112.9675
2025-03-07T23:00:00+00:00,105.32584129889732,110.6975
2025-03-08T00:00:00+00:00,104.59026699311978,109.93
2025-03-08T01:00:00+00:00,104.30551376044792,109.26
2025-03-08T02:00:00+00:00,104.21698981341883,108.93
2025-03-08T03:00:00+00:00,104.59026699311978,109.7825
2025-03-08T04:00:00+00:00,104.602109990728,109.965
2025-03-08T05:00:00+00:00,104.59026699311978,112.755
2025-03-08T06:00:00+00:00,105.67786151442267,111.8075
2025-03-08T07:00:00+00:00,103.25465209116491,97.0
2025-03-08T08:00:00+00:00,95.00290825105868,54.3
2025-03-08T09:00:00+00:00,65.46986991856006,21.87
2025-03-08T10:00:00+00:00,35.93089999999999,7.0024999999999995
2025-03-08T11:00:00+00:00,19.979914529914524,3.0524999999999998
2025-03-08T12:00:00+00:00,17.476977700491783,-1.0500000000000003
2025-03-08T13:00:00+00:00,17.106772983525627,7.08
2025-03-08T14:00:00+00:00,21.833183619115058,37.0225
2025-03-08T15:00:00+00:00,35.9309,85.765
2025-03-08T16:00:00+00:00,88.35182568138279,120.13749999999999
2025-03-08T17:00:00+00:00,93.73197150434034,139.135
2025-03-08T18:00:00+00:00,93.85315019875259,129.44
2025-03-08T19:00:00+00:00,93.73197150434034,111.9525
2025-03-08T20:00:00+00:00,93.75078975314557,95.7275
2025-03-08T21:00:00+00:00,93.73197150434034,93.26
2025-03-08T22:00:00+00:00,93.73197150434034,83.1125
2025-03-08T23:00:00+00:00,93.73197150434034,90.28999999999999
2025-03-09T00:00:00+00:00,95.1404434638531,87.72
2025-03-09T01:00:00+00:00,94.89624122309044,87.4025
2025-03-09T02:00:00+00:00,95.1404434638531,86.16
2025-03-09T03:00:00+00:00,95.1404434638531,87.8
2025-03-09T04:00:00+00:00,95.1404434638531,86.7
2025-03-09T05:00:00+00:00,95.14044346385306,88.985
2025-03-09T06:00:00+00:00,97.64269084307956,83.37
2025-03-09T07:00:00+00:00,96.51835029467706,50.795
2025-03-09T08:00:00+00:00,91.5515564069403,19.14
2025-03-09T09:00:00+00:00,67.48755601780138,1.7475000000000005
2025-03-09T10:00:00+00:00,34.7072253836367,-0.022499999999999964
2025-03-09T11:00:00+00:00,19.979914529914527,-4.3825
2025-03-09T12:00:00+00:00,18.532631163307407,-4.4799999999999995
2025-03-09T13:00:00+00:00,19.979914529914527,-0.10750000000000082
2025-03-09T14:00:00+00:00,24.65115058130777,20.805000000000003
2025-03-09T15:00:00+00:00,67.50116095432469,75.95
2025-03-09T16:00:00+00:00,95.14044346385309,109.66499999999999
2025-03-09T17:00:00+00:00,103.0574194784777,133.375
2025-03-09T18:00:00+00:00,104.59026699311957,130.8025
2025-03-09T19:00:00+00:00,104.58098128367659,124.895
2025-03-09T20:00:00+00:00,104.58098128368026,115.0625
2025-03-09T21:00:00+00:00,104.58098128367389,115.38749999999999
2025-03-09T22:00:00+00:00,104.55314423573014,102.85
2025-03-09T23:00:00+00:00,104.55314423573405,99.5025
2025-03-10T00:00:00+00:00,106.86746200908178,98.1575
2025-03-10T01:00:00+00:00,106.86746200908176,96.035
2025-03-10T02:00:00+00:00,106.86031700594758,95.69
2025-03-10T03:00:00+00:00,106.88187768404003,100.0
2025-03-10T04:00:00+00:00,106.88082263600747,112.3825
2025-03-10T05:00:00+00:00,106.88375824180068,140.4325
2025-03-10T06:00:00+00:00,106.88821546116681,170.1575
2025-03-10T07:00:00+00:00,106.88136958264093,148.5
2025-03-10T08:00:00+00:00,106.86180122388136,121.48750000000001
2025-03-10T09:00:00+00:00,105.62703498397322,96.845
2025-03-10T10:00:00+00:00,101.01476709423201,84.88
2025-03-10T11:00:00+00:00,95.1404434638531,78.8875
2025-03-10T12:00:00+00:00,86.71698691222986,78.5275
2025-03-10T13:00:00+00:00,88.75464634146343,85.495
2025-03-10T14:00:00+00:00,95.1404434638531,102.2025
2025-03-10T15:00:00+00:00,99.4937109517536,128.06
2025-03-10T16:00:00+00:00,106.27231271616961,158.6725
2025-03-10T17:00:00+00:00,106.88207443477931,174.72
2025-03-10T18:00:00+00:00,106.88143752341128,163.9
2025-03-10T19:00:00+00:00,106.88144022287318,143.2375
2025-03-10T20:00:00+00:00,106.8827449785777,123.4325
2025-03-10T21:00:00+00:00,106.87853692235798,115.3825
2025-03-10T22:00:00+00:00,106.87602864342881,100.8125
2025-03-10T23:00:00+00:00,106.85393041131447,100.245
2025-03-11T00:00:00+00:00,106.81338145312898,99.26
2025-03-11T01:00:00+00:00,106.81338145312901,98.705
2025-03-11T02:00:00+00:00,106.82780721206316,99.07
2025-03-11T03:00:00+00:00,106.82943193022592,101.5
2025-03-11T04:00:00+00:00,106.84206238657177,108.905
2025-03-11T05:00:00+00:00,106.9712795804795,145.5525
2025-03-11T06:00:00+00:00,106.97596607799969,166.805
2025-03-11T07:00:00+00:00,106.97588897762557,151.085
2025-03-11T08:00:00+00:00,106.97608734562175,131.7725
2025-03-11T09:00:00+00:00,106.87760145450197,104.14750000000001
2025-03-11T10:00:00+00:00,106.58436488642057,96.55499999999999
2025-03-11T11:00:00+00:00,105.49492379530545,93.955
2025-03-11T12:00:00+00:00,102.02545633162265,94.50999999999999
2025-03-11T13:00:00+00:00,97.0494658507073,100.8775
2025-03-11T14:00:00+00:00,98.1897517335524,112.4725
2025-03-11T15:00:00+00:00,105.13226501966612,135.58249999999998
2025-03-11T16:00:00+00:00,106.83117865147706,163.825
2025-03-11T17:00:00+00:00,106.97712114538932,187.815
2025-03-11T18:00:00+00:00,106.97432497070174,174.2825
2025-03-11T19:00:00+00:00,106.97381820834568,148.89
2025-03-11T20:00:00+00:00,106.9695775305428,131.35
2025-03-11T21:00:00+00:00,106.88206707725888,114.5775
2025-03-11T22:00:00+00:00,106.88139081851988,106.0325
2025-03-11T23:00:00+00:00,106.87781715870376,99.14
2025-03-12T00:00:00+00:00,106.87497866668289,97.8375
2025-03-12T01:00:00+00:00,106.86315968363186,98.16
2025-03-12T02:00:00+00:00,106.80828680040409,99.6525
2025-03-12T03:00:00+00:00,106.8208510912581,101.3075
2025-03-12T04:00:00+00:00,106.87951201493898,109.1075
2025-03-12T05:00:00+00:00,108.80433041755428,136.4025
2025-03-12T06:00:00+00:00,109.57236552626557,155.09750000000003
2025-03-12T07:00:00+00:00,109.55440624999999,147.1
2025-03-12T08:00:00+00:00,106.91501521032076,129.46
2025-03-12T09:00:00+00:00,106.85317249772136,114.475
2025-03-12T10:00:00+00:00,105.87596972383263,105.2225
2025-03-12T11:00:00+00:00,104.19974712057116,102.765
2025-03-12T12:00:00+00:00,102.31158228283978,101.9975
2025-03-12T13:00:00+00:00,102.74769907745427,107.8
2025-03-12T14:00:00+00:00,105.35324121770587,117.105
2025-03-12T15:00:00+00:00,106.4795079008041,145.15
2025-03-12T16:00:00+00:00,108.8589823627528,169.0975
2025-03-12T17:00:00+00:00,109.59242251364998,200.0
2025-03-12T18:00:00+00:00,109.6038812433237,181.545
2025-03-12T19:00:00+00:00,109.60620991798775,152.86
2025-03-12T20:00:00+00:00,109.5566612501157,138.2975
2025-03-12T21:00:00+00:00,107.23536811009178,120.0675
2025-03-12T22:00:00+00:00,106.88149135246275,110.3
2025-03-12T23:00:00+00:00,106.8834362972048,108.3925
2025-03-13T00:00:00+00:00,106.88624874733593,102.49000000000001
2025-03-13T01:00:00+00:00,106.8905118243408,101.0
2025-03-13T02:00:00+00:00,106.89128947600985,99.9975
2025-03-13T03:00:00+00:00,106.89360811665712,101.1875
2025-03-13T04:00:00+00:00,106.89449037995242,104.925
2025-03-13T05:00:00+00:00,107.45399585688462,135.4875
2025-03-13T06:00:00+00:00,107.45402421255054,148.2725
2025-03-13T07:00:00+00:00,107.45595461072448,146.95749999999998
2025-03-13T08:00:00+00:00,106.88149135246333,135.0525
2025-03-13T09:00:00+00:00,106.88149135246408,117.235
2025-03-13T10:00:00+00:00,106.80563866341656,106.6975
2025-03-13T11:00:00+00:00,106.6002987149968,102.66499999999999
2025-03-13T12:00:00+00:00,106.29609506177684,101.9975
2025-03-13T13:00:00+00:00,106.27389772505886,102.9975
2025-03-13T14:00:00+00:00,106.55267805269584,111.71000000000001
2025-03-13T15:00:00+00:00,106.61263963375322,124.0
2025-03-13T16:00:00+00:00,106.8893490941982,145.755
2025-03-13T17:00:00+00:00,107.05879135112711,164.64499999999998
2025-03-13T18:00:00+00:00,107.13509289656736,176.55
2025-03-13T19:00:00+00:00,107.12926028000204,152.685
2025-03-13T20:00:00+00:00,107.07395276576204,136.64249999999998
2025-03-13T21:00:00+00:00,106.88149135246412,129.0675
2025-03-13T22:00:00+00:00,106.881491352464,112.83
2025-03-13T23:00:00+00:00,106.88148278044872,109.7375
2025-03-14T00:00:00+00:00,106.88148322965515,108.6425
2025-03-14T01:00:00+00:00,106.88148278128605,106.5875
2025-03-14T02:00:00+00:00,106.88151035326067,104.34
2025-03-14T03:00:00+00:00,106.88151035326072,103.7
2025-03-14T04:00:00+00:00,106.88155304802453,108.80499999999999
2025-03-14T05:00:00+00:00,107.18898015111297,135.435
2025-03-14T06:00:00+00:00,109.55440624999999,156.91750000000002
2025-03-14T07:00:00+00:00,107.26631045387438,154.0025
2025-03-14T08:00:00+00:00,106.88149135246402,140.755
2025-03-14T09:00:00+00:00,106.8814193884861,122.5325
2025-03-14T10:00:00+00:00,106.68404688542901,110.1975
2025-03-14T11:00:00+00:00,106.34159731116294,107.9975
2025-03-14T12:00:00+00:00,105.97578859161754,105.7
2025-03-14T13:00:00+00:00,106.28670481720228,107.41
2025-03-14T14:00:00+00:00,106.28866682741828,111.955
2025-03-14T15:00:00+00:00,106.4567152463299,121.475
2025-03-14T16:00:00+00:00,106.87798713499555,136.4825
2025-03-14T17:00:00+00:00,106.88148252204779,155.4975
2025-03-14T18:00:00+00:00,106.88149135246408,149.66
2025-03-14T19:00:00+00:00,106.88149135246404,138.1175
2025-03-14T20:00:00+00:00,106.88149135246402,118.95
2025-03-14T21:00:00+00:00,106.88149135246402,113.3
2025-03-14T22:00:00+00:00,106.88149135246402,105.3275
2025-03-14T23:00:00+00:00,106.85521700627542,104.6
2025-03-15T00:00:00+00:00,106.81193115121657,101.27
2025-03-15T01:00:00+00:00,106.53256317533418,96.1625
2025-03-15T02:00:00+00:00,105.98181420564795,94.79249999999999
2025-03-15T03:00:00+00:00,105.98181420564791,95.13
2025-03-15T04:00:00+00:00,105.9818142056478,95.0025
2025-03-15T05:00:00+00:00,105.98181420564786,99.5425
2025-03-15T06:00:00+00:00,105.98181420564784,100.875
2025-03-15T07:00:00+00:00,105.7721412391965,99.3725
2025-03-15T08:00:00+00:00,104.59026699311978,88.55
2025-03-15T09:00:00+00:00,95.1404434638531,71.96
2025-03-15T10:00:00+00:00,86.71698691222986,60.1
2025-03-15T11:00:00+00:00,79.40214168853244,59.8075
2025-03-15T12:00:00+00:00,72.57293936312121,60.0
2025-03-15T13:00:00+00:00,79.40214168853274,64.53
2025-03-15T14:00:00+00:00,86.71698691222981,77.92
2025-03-15T15:00:00+00:00,95.1404434638531,95.82249999999999
2025-03-15T16:00:00+00:00,102.05938023767162,118.9575
2025-03-15T17:00:00+00:00,105.86902299384327,132.0675
2025-03-15T18:00:00+00:00,105.8695222513766,129.5575
2025-03-15T19:00:00+00:00,105.86952225137655,115.61
2025-03-15T20:00:00+00:00,105.86952225137712,104.8225
2025-03-15T21:00:00+00:00,105.86952225137776,101.13
2025-03-15T22:00:00+00:00,105.84916162446368,96.0525
2025-03-15T23:00:00+00:00,105.84915960836682,100.23750000000001
2025-03-16T00:00:00+00:00,105.82396216466422,96.9325
2025-03-16T01:00:00+00:00,105.65565866124052,94.7575
2025-03-16T02:00:00+00:00,105.65565866124051,92.71000000000001
2025-03-16T03:00:00+00:00,105.65565866124052,92.69
2025-03-16T04:00:00+00:00,105.65565866124051,93.3475
2025-03-16T05:00:00+00:00,105.65565866124051,93.0
2025-03-16T06:00:00+00:00,105.65565866124051,86.3975
2025-03-16T07:00:00+00:00,105.0989651183395,74.9975
2025-03-16T08:00:00+00:00,101.60275273671036,55.887499999999996
2025-03-16T09:00:00+00:00,78.81318668142127,33.1225
2025-03-16T10:00:00+00:00,78.39825293064972,28.9325
2025-03-16T11:00:00+00:00,39.965713059665894,21.1025
2025-03-16T12:00:00+00:00,28.03718279110702,14.9
2025-03-16T13:00:00+00:00,35.9309,26.5
2025-03-16T14:00:00+00:00,75.45197748237425,47.11
2025-03-16T15:00:00+00:00,79.13720476417127,79.39
2025-03-16T16:00:00+00:00,98.82041463302087,107.44999999999999
2025-03-16T17:00:00+00:00,104.59050714003328,126.98750000000001
2025-03-16T18:00:00+00:00,104.59027131412469,129.1975
2025-03-16T19:00:00+00:00,104.59026699311978,118.2925
2025-03-16T20:00:00+00:00,104.59026699311978,104.785
2025-03-16T21:00:00+00:00,104.59026699311983,104.075
2025-03-16T22:00:00+00:00,104.59026699311978,94.4325
2025-03-16T23:00:00+00:00,104.59026699311978,88.295
2025-03-17T00:00:00+00:00,105.67786151442274,86.125
2025-03-17T01:00:00+00:00,105.67786151442273,84.4
2025-03-17T02:00:00+00:00,105.67786151442249,86.465
2025-03-17T03:00:00+00:00,105.6825944412047,90.2975
2025-03-17T04:00:00+00:00,106.53256317533538,101.595
2025-03-17T05:00:00+00:00,106.88149135246402,123.1925
2025-03-17T06:00:00+00:00,106.88149135246401,144.635
2025-03-17T07:00:00+00:00,106.88149135246402,128.1975
2025-03-17T08:00:00+00:00,105.60966023403324,98.2
2025-03-17T09:00:00+00:00,99.65428657510024,71.00999999999999
2025-03-17T10:00:00+00:00,95.14044346385279,58.43
2025-03-17T11:00:00+00:00,80.45813453435562,39.0225
2025-03-17T12:00:00+00:00,80.16111851434785,36.3025
2025-03-17T13:00:00+00:00,80.16111851434793,52.042500000000004
2025-03-17T14:00:00+00:00,86.71698691222979,72.65
2025-03-17T15:00:00+00:00,93.85315019875266,100.59
2025-03-17T16:00:00+00:00,102.59065212908158,135.82
2025-03-17T17:00:00+00:00,106.88122724392052,161.1
2025-03-17T18:00:00+00:00,106.881491352464,161.55
2025-03-17T19:00:00+00:00,106.88149135246374,144.695
2025-03-17T20:00:00+00:00,106.88149135246411,129.0
2025-03-17T21:00:00+00:00,106.88149135246391,119.9975
2025-03-17T22:00:00+00:00,106.7789490690634,110.4375
2025-03-17T23:00:00+00:00,106.27545020869009,96.95
2025-03-18T00:00:00+00:00,106.68113523138511,97.0025
2025-03-18T01:00:00+00:00,106.68113523138504,94.3725
2025-03-18T02:00:00+00:00,106.68113523138506,97.175
2025-03-18T03:00:00+00:00,106.68113523138506,100.775
2025-03-18T04:00:00+00:00,106.84463722101448,109.2075
2025-03-18T05:00:00+00:00,106.87406479556188,139.0975
2025-03-18T06:00:00+00:00,106.88155857425275,137.3
2025-03-18T07:00:00+00:00,106.87199665184106,104.24
2025-03-18T08:00:00+00:00,100.96423729313388,64.36
2025-03-18T09:00:00+00:00,78.35527898315848,16.6725
2025-03-18T10:00:00+00:00,37.91124008288962,3.9649999999999994
2025-03-18T11:00:00+00:00,19.979914529914492,-0.9
2025-03-18T12:00:00+00:00,19.979914529914527,1.8424999999999998
2025-03-18T13:00:00+00:00,19.97991452991453,10.872499999999999
2025-03-18T14:00:00+00:00,35.930899999999994,50.3
2025-03-18T15:00:00+00:00,54.44003935822823,94.8
2025-03-18T16:00:00+00:00,95.1404434638531,142.395
2025-03-18T17:00:00+00:00,105.6523447962486,170.11
2025-03-18T18:00:00+00:00,106.27397894586784,170.9975
2025-03-18T19:00:00+00:00,105.95454611069115,145.5
2025-03-18T20:00:00+00:00,105.65237486291161,122.30250000000001
2025-03-18T21:00:00+00:00,105.65234479624864,114.45750000000001
2025-03-18T22:00:00+00:00,105.65234479615467,102.95750000000001
2025-03-18T23:00:00+00:00,105.6523447962477,105.1675
2025-03-19T00:00:00+00:00,106.80098540700935,101.81
2025-03-19T01:00:00+00:00,106.80098540700938,100.4475
2025-03-19T02:00:00+00:00,106.81389777520869,101.84
2025-03-19T03:00:00+00:00,106.83131609264471,107.5925
2025-03-19T04:00:00+00:00,106.83672910060686,121.0625
2025-03-19T05:00:00+00:00,106.88377467341037,145.1275
2025-03-19T06:00:00+00:00,106.88436047501598,147.095
2025-03-19T07:00:00+00:00,106.87399987205589,110.89750000000001
2025-03-19T08:00:00+00:00,104.41166586178602,79.2525
2025-03-19T09:00:00+00:00,86.81237887528037,38.685
2025-03-19T10:00:00+00:00,63.69914572760385,17.235
2025-03-19T11:00:00+00:00,35.9309,5.9875
2025-03-19T12:00:00+00:00,21.553144258584684,7.9425
2025-03-19T13:00:00+00:00,35.9309,21.9875
2025-03-19T14:00:00+00:00,63.20559552691931,65.0
2025-03-19T15:00:00+00:00,82.65509321880066,111.6925
2025-03-19T16:00:00+00:00,100.65856750423886,153.24
2025-03-19T17:00:00+00:00,106.47345406936509,208.26
2025-03-19T18:00:00+00:00,106.54584098069336,202.4475
2025-03-19T19:00:00+00:00,106.49748288407825,166.6
2025-03-19T20:00:00+00:00,106.49475278352088,134.4675
2025-03-19T21:00:00+00:00,106.47022314385956,121.345
2025-03-19T22:00:00+00:00,106.46000163486842,114.1125
2025-03-19T23:00:00+00:00,106.34089423885698,112.2675
2025-03-20T00:00:00+00:00,106.53256317533517,109.18
2025-03-20T01:00:00+00:00,106.53256317534961,106.3
2025-03-20T02:00:00+00:00,106.53133624905728,105.155
2025-03-20T03:00:00+00:00,106.53256317533553,107.565
2025-03-20T04:00:00+00:00,107.29387120927959,120.8
2025-03-20T05:00:00+00:00,108.59485660274859,148.985
2025-03-20T06:00:00+00:00,109.19826687299647,148.2525
2025-03-20T07:00:00+00:00,107.19494643522857,112.21000000000001
2025-03-20T08:00:00+00:00,100.5691220345246,73.6725
2025-03-20T09:00:00+00:00,92.72300235752881,36.370000000000005
2025-03-20T10:00:00+00:00,78.84498487542172,9.129999999999999
2025-03-20T11:00:00+00:00,62.50310464983697,0.7025000000000001
2025-03-20T12:00:00+00:00,45.89975376916867,6.21
2025-03-20T13:00:00+00:00,45.96263513448538,22.4225
2025-03-20T14:00:00+00:00,78.8449848754652,72.065
2025-03-20T15:00:00+00:00,88.1534416245164,112.39999999999999
2025-03-20T16:00:00+00:00,103.64572464879845,151.20499999999998
2025-03-20T17:00:00+00:00,107.67830459599236,235.785
2025-03-20T18:00:00+00:00,107.95623893365268,216.735
2025-03-20T19:00:00+00:00,107.88886532757672,156.6875
2025-03-20T20:00:00+00:00,107.89879538133121,140.665
2025-03-20T21:00:00+00:00,107.67830459599128,131.885
2025-03-20T22:00:00+00:00,106.5325631752901,115.8625
2025-03-20T23:00:00+00:00,105.67786151442267,122.725
2025-03-21T00:00:00+00:00,105.50271691506619,116.41
2025-03-21T01:00:00+00:00,105.67786151442267,108.8125
2025-03-21T02:00:00+00:00,104.73214457860371,109.4525
2025-03-21T03:00:00+00:00,105.67786151442267,110.5175
2025-03-21T04:00:00+00:00,105.67786151442267,127.14500000000001
2025-03-21T05:00:00+00:00,107.64671772815048,150.64
2025-03-21T06:00:00+00:00,108.03693791161363,144.945
2025-03-21T07:00:00+00:00,105.48705350574492,99.52
2025-03-21T08:00:00+00:00,95.1404434638531,53.1
2025-03-21T09:00:00+00:00,68.80400599666451,6.470000000000001
2025-03-21T10:00:00+00:00,29.900083862177294,-0.9799999999999991
2025-03-21T11:00:00+00:00,19.979914529914524,-5.45
2025-03-21T12:00:00+00:00,0.8785575149528865,-5.685
2025-03-21T13:00:00+00:00,0.23790258044038626,-5.695
2025-03-21T14:00:00+00:00,2.087750954876995,3.227499999999999
2025-03-21T15:00:00+00:00,19.979914529914524,31.999999999999996
2025-03-21T16:00:00+00:00,40.540280323678445,74.155
2025-03-21T17:00:00+00:00,54.053707098237936,91.855
2025-03-21T18:00:00+00:00,59.49780586883408,75.865
2025-03-21T19:00:00+00:00,54.053707098237936,58.005
2025-03-21T20:00:00+00:00,49.29610319479109,32.99
2025-03-21T21:00:00+00:00,43.25029951014544,32.167500000000004
2025-03-21T22:00:00+00:00,40.540280323678445,26.682499999999997
2025-03-21T23:00:00+00:00,38.19724387189754,17.05
2025-03-22T00:00:00+00:00,29.635419773219304,17.145
2025-03-22T01:00:00+00:00,32.77614590198102,11.879999999999999
2025-03-22T02:00:00+00:00,35.00631391724823,8.3325
2025-03-22T03:00:00+00:00,35.00631391724766,8.12
2025-03-22T04:00:00+00:00,35.00631391724636,14.87
2025-03-22T05:00:00+00:00,35.345591520469874,5.55
2025-03-22T06:00:00+00:00,35.34559152046683,5.394999999999999
2025-03-22T07:00:00+00:00,19.979914529914524,7.7
2025-03-22T08:00:00+00:00,12.74889659519068,0.969999999999998
2025-03-22T09:00:00+00:00,-0.0,-0.3574999999999995
2025-03-22T10:00:00+00:00,-0.0,-5.922500000000001
2025-03-22T11:00:00+00:00,-0.0,-26.955
2025-03-22T12:00:00+00:00,-0.0,-27.0625
2025-03-22T13:00:00+00:00,-0.0,-2.3850000000000007
2025-03-22T14:00:00+00:00,-0.0,-1.9975000000000005
2025-03-22T15:00:00+00:00,-0.0,9.422499999999996
2025-03-22T16:00:00+00:00,19.979914529914524,30.31
2025-03-22T17:00:00+00:00,61.66158360627628,54.0225
2025-03-22T18:00:00+00:00,61.176035609431494,49.1025
2025-03-22T19:00:00+00:00,53.440745676231984,41.325
2025-03-22T20:00:00+00:00,53.440745676266516,35.4975
2025-03-22T21:00:00+00:00,53.440745676231984,35.0575
2025-03-22T22:00:00+00:00,63.5163611611449,29.96
2025-03-22T23:00:00+00:00,60.76703993390181,20.93
2025-03-23T00:00:00+00:00,63.12405968575405,22.04
2025-03-23T01:00:00+00:00,63.25441826433145,24.165
2025-03-23T02:00:00+00:00,70.25715544137275,31.625
2025-03-23T03:00:00+00:00,70.25715544137236,34.395
2025-03-23T04:00:00+00:00,70.32094806635462,30.4125
2025-03-23T05:00:00+00:00,71.45272788007865,29.505
2025-03-23T06:00:00+00:00,72.93764830292103,29.335
2025-03-23T07:00:00+00:00,71.45314354781766,21.89
2025-03-23T08:00:00+00:00,51.411429697828055,13.8475
2025-03-23T09:00:00+00:00,35.960601124431946,7.789999999999999
2025-03-23T10:00:00+00:00,35.930899999999994,6.345
2025-03-23T11:00:00+00:00,35.72285052829429,4.879999999999999
2025-03-23T12:00:00+00:00,29.77066919107778,5.4175
2025-03-23T13:00:00+00:00,35.930899999999994,20.405
2025-03-23T14:00:00+00:00,45.32297927798642,46.0575
2025-03-23T15:00:00+00:00,75.48245057356789,85.7475
2025-03-23T16:00:00+00:00,97.42481003918074,122.0875
2025-03-23T17:00:00+00:00,98.72760247366732,143.8825
2025-03-23T18:00:00+00:00,103.05069569563008,148.04250000000002
2025-03-23T19:00:00+00:00,103.04058908868039,131.0225
2025-03-23T20:00:00+00:00,103.04058908868053,121.10000000000001
2025-03-23T21:00:00+00:00,103.04058908870203,117.61500000000001
2025-03-23T22:00:00+00:00,102.82095335158103,106.255
2025-03-23T23:00:00+00:00,102.36720174511116,98.7225
2025-03-24T00:00:00+00:00,106.5796947131643,99.425
2025-03-24T01:00:00+00:00,106.5796947131643,99.425
2025-03-24T02:00:00+00:00,106.57969471316432,99.275
2025-03-24T03:00:00+00:00,106.5796947131643,100.34
2025-03-24T04:00:00+00:00,106.90146517565869,112.0
2025-03-24T05:00:00+00:00,106.90780197496068,142.7875
2025-03-24T06:00:00+00:00,107.06861427414192,154.7
2025-03-24T07:00:00+00:00,106.88480405533825,142.5
2025-03-24T08:00:00+00:00,106.88072744221861,119.5575
2025-03-24T09:00:00+00:00,106.5325487501319,105.2225
2025-03-24T10:00:00+00:00,102.1271611197486,89.64
2025-03-24T11:00:00+00:00,95.90308121253055,84.36
2025-03-24T12:00:00+00:00,95.1404434638531,86.8
2025-03-24T13:00:00+00:00,92.69353041813349,95.275
2025-03-24T14:00:00+00:00,95.1404434638531,106.1
2025-03-24T15:00:00+00:00,99.4937109517536,125.9925
2025-03-24T16:00:00+00:00,105.97384362433218,148.665
2025-03-24T17:00:00+00:00,106.88346624543676,176.42000000000002
2025-03-24T18:00:00+00:00,106.8905329871681,174.7125
2025-03-24T19:00:00+00:00,106.88297624308194,153.3
2025-03-24T20:00:00+00:00,106.8829708074209,131.2625
2025-03-24T21:00:00+00:00,106.88299581239109,120.4
2025-03-24T22:00:00+00:00,106.87254274972288,105.9025
2025-03-24T23:00:00+00:00,106.70247498510356,113.66749999999999
2025-03-25T00:00:00+00:00,106.72178955556723,108.195
2025-03-25T01:00:00+00:00,106.70247498510354,104.1
2025-03-25T02:00:00+00:00,106.70247498510355,101.925
2025-03-25T03:00:00+00:00,106.70247498510354,102.83
2025-03-25T04:00:00+00:00,106.86976795276492,112.6
2025-03-25T05:00:00+00:00,106.87944523136528,131.9725
2025-03-25T06:00:00+00:00,106.8895019709249,144.025
2025-03-25T07:00:00+00:00,106.88149135246402,128.39
2025-03-25T08:00:00+00:00,106.80099511117464,105.85249999999999
2025-03-25T09:00:00+00:00,101.14199129516228,85.7175
2025-03-25T10:00:00+00:00,97.0494658507073,77.945
2025-03-25T11:00:00+00:00,89.04679674708197,67.9
2025-03-25T12:00:00+00:00,86.71698691222986,62.265
2025-03-25T13:00:00+00:00,86.71698691222986,73.765
2025-03-25T14:00:00+00:00,93.9853292039239,87.83250000000001
2025-03-25T15:00:00+00:00,97.0494658507073,109.6275
2025-03-25T16:00:00+00:00,106.28946683730666,135.9375
2025-03-25T17:00:00+00:00,106.87243152407518,152.505
2025-03-25T18:00:00+00:00,106.88149135246402,159.6575
2025-03-25T19:00:00+00:00,106.88149135246402,137.8
2025-03-25T20:00:00+00:00,106.88149135246402,120.72999999999999
2025-03-25T21:00:00+00:00,106.88149135246404,110.15
2025-03-25T22:00:00+00:00,106.88149135246404,97.50999999999999
2025-03-25T23:00:00+00:00,106.59534047744107,97.475
2025-03-26T00:00:00+00:00,106.59781402220904,93.68
2025-03-26T01:00:00+00:00,106.5945786129401,91.3225
2025-03-26T02:00:00+00:00,106.59457861294028,89.5925
2025-03-26T03:00:00+00:00,106.59764607958013,92.575
2025-03-26T04:00:00+00:00,106.64911357423262,101.36
2025-03-26T05:00:00+00:00,106.86147403327193,127.1375
2025-03-26T06:00:00+00:00,106.88149135246363,138.9575
2025-03-26T07:00:00+00:00,106.88149135246323,133.7975
2025-03-26T08:00:00+00:00,106.8641398183893,116.485
2025-03-26T09:00:00+00:00,106.60808878978702,103.725
2025-03-26T10:00:00+00:00,105.67786151442267,96.3
2025-03-26T11:00:00+00:00,103.26153813086201,89.4575
2025-03-26T12:00:00+00:00,101.74590313603163,87.6425
2025-03-26T13:00:00+00:00,101.6102749600941,88.20750000000001
2025-03-26T14:00:00+00:00,103.94308819165431,95.265
2025-03-26T15:00:00+00:00,105.01338643515979,110.435
2025-03-26T16:00:00+00:00,106.53256317533535,141.37
2025-03-26T17:00:00+00:00,106.8834423144545,166.865
2025-03-26T18:00:00+00:00,106.8832178776878,163.465
2025-03-26T19:00:00+00:00,106.8829106682062,146.44
2025-03-26T20:00:00+00:00,106.88291066819741,129.8225
2025-03-26T21:00:00+00:00,106.88286173499597,118.85
2025-03-26T22:00:00+00:00,106.87492770659172,105.03
2025-03-26T23:00:00+00:00,106.70124263954621,105.9675
2025-03-27T00:00:00+00:00,106.84399434200917,102.1
2025-03-27T01:00:00+00:00,106.7536987381701,99.33
2025-03-27T02:00:00+00:00,106.7536987381719,97.27250000000001
2025-03-27T03:00:00+00:00,106.75369873816875,98.4125
2025-03-27T04:00:00+00:00,106.86984459925185,106.79249999999999
2025-03-27T05:00:00+00:00,106.87948473003341,130.2075
2025-03-27T06:00:00+00:00,106.88149135246411,137.56
2025-03-27T07:00:00+00:00,106.88149135246417,123.36
2025-03-27T08:00:00+00:00,106.72474709980682,97.325
2025-03-27T09:00:00+00:00,103.31727691407625,71.2075
2025-03-27T10:00:00+00:00,95.1404434638531,41.625
2025-03-27T11:00:00+00:00,79.2583961358148,22.0
2025-03-27T12:00:00+00:00,64.18189405113047,19.9975
2025-03-27T13:00:00+00:00,65.71690707454592,28.19
2025-03-27T14:00:00+00:00,79.2583961358148,64.6875
2025-03-27T15:00:00+00:00,91.55155640693927,90.555
2025-03-27T16:00:00+00:00,99.49371095176636,133.73749999999998
2025-03-27T17:00:00+00:00,105.67786151442283,169.65
2025-03-27T18:00:00+00:00,107.42334324950204,177.1375
2025-03-27T19:00:00+00:00,106.53256317533614,145.4225
2025-03-27T20:00:00+00:00,105.67786151441976,126.0
2025-03-27T21:00:00+00:00,105.67786151441126,114.9125
2025-03-27T22:00:00+00:00,104.8157023668526,102.2675
2025-03-27T23:00:00+00:00,102.0996527116562,96.225
2025-03-28T00:00:00+00:00,99.4937109517536,90.41
2025-03-28T01:00:00+00:00,99.4937109517536,89.2325
2025-03-28T02:00:00+00:00,99.49371095175282,88.675
2025-03-28T03:00:00+00:00,99.49371095175302,90.2425
2025-03-28T04:00:00+00:00,100.91616476445486,96.5175
2025-03-28T05:00:00+00:00,104.59026699311978,118.0625
2025-03-28T06:00:00+00:00,104.59026699311978,118.03
2025-03-28T07:00:00+00:00,101.3448833335912,85.3275
2025-03-28T08:00:00+00:00,93.76979749870624,58.552499999999995
2025-03-28T09:00:00+00:00,46.92233122730161,18.55
2025-03-28T10:00:00+00:00,21.263176311113675,3.0974999999999997
2025-03-28T11:00:00+00:00,19.979914529914524,1.2575000000000003
2025-03-28T12:00:00+00:00,11.654686918522897,-0.02250000000000041
2025-03-28T13:00:00+00:00,19.979914529914524,14.299999999999999
2025-03-28T14:00:00+00:00,40.977666387786385,60.9975
2025-03-28T15:00:00+00:00,74.68946605928542,92.9975
2025-03-28T16:00:00+00:00,98.18975173354818,129.8475
2025-03-28T17:00:00+00:00,100.49795465241763,158.0675
2025-03-28T18:00:00+00:00,102.87264601075056,161.135
2025-03-28T19:00:00+00:00,99.60269163883353,142.29500000000002
2025-03-28T20:00:00+00:00,99.58595474571393,124.39500000000001
2025-03-28T21:00:00+00:00,99.58595474571392,114.45
2025-03-28T22:00:00+00:00,99.58595474571393,103.245
2025-03-28T23:00:00+00:00,99.49371095175016,101.73
2025-03-29T00:00:00+00:00,99.4937109517536,98.10249999999999
2025-03-29T01:00:00+00:00,97.0494658507073,94.3
2025-03-29T02:00:00+00:00,97.04898000754159,94.25
2025-03-29T03:00:00+00:00,97.04946585070724,91.9
2025-03-29T04:00:00+00:00,97.04806824010213,92.74000000000001
2025-03-29T05:00:00+00:00,97.0494658507073,92.805
2025-03-29T06:00:00+00:00,97.0494658507073,97.39750000000001
2025-03-29T07:00:00+00:00,95.99232503169532,95.4225
2025-03-29T08:00:00+00:00,95.14044346385565,82.2
2025-03-29T09:00:00+00:00,86.71698691222986,54.5
2025-03-29T10:00:00+00:00,59.70538076052546,43.324999999999996
2025-03-29T11:00:00+00:00,56.74490646976261,27.6125
2025-03-29T12:00:00+00:00,41.046962528464206,13.299999999999999
2025-03-29T13:00:00+00:00,35.93090000000001,17.4775
2025-03-29T14:00:00+00:00,41.33362271526278,38.364999999999995
2025-03-29T15:00:00+00:00,59.70538076052546,62.3125
2025-03-29T16:00:00+00:00,86.71698691222986,98.705
2025-03-29T17:00:00+00:00,97.0494658507073,128.335
2025-03-29T18:00:00+00:00,99.49371095175489,134.1
2025-03-29T19:00:00+00:00,98.10586044524436,118.97999999999999
2025-03-29T20:00:00+00:00,96.40430447739118,102.3025
2025-03-29T21:00:00+00:00,96.24767190374104,92.0425
2025-03-29T22:00:00+00:00,95.1404434638531,80.0025
2025-03-29T23:00:00+00:00,90.41868438176982,70.63000000000001
2025-03-30T00:00:00+00:00,87.77680396645877,57.9975
2025-03-30T01:00:00+00:00,80.09601729601057,47.815
2025-03-30T02:00:00+00:00,64.44661079002496,31.7575
2025-03-30T03:00:00+00:00,40.08787611135211,20.0025
2025-03-30T04:00:00+00:00,35.9309,16.3075
2025-03-30T05:00:00+00:00,35.930899999999994,1.37
2025-03-30T06:00:00+00:00,35.930899999999994,2.2499999999999996
2025-03-30T07:00:00+00:00,19.979914529914527,-0.6074999999999999
2025-03-30T08:00:00+00:00,2.1945597041856573,-0.6025000000000004
2025-03-30T09:00:00+00:00,-0.0,-9.465
2025-03-30T10:00:00+00:00,-0.0,-8.469999999999999
2025-03-30T11:00:00+00:00,-0.0,-13.07
2025-03-30T12:00:00+00:00,-0.0,-13.6125
2025-03-30T13:00:00+00:00,-0.0,-14.4725
2025-03-30T14:00:00+00:00,-0.0,-10.8625
2025-03-30T15:00:00+00:00,-0.0,1.6999999999999997
2025-03-30T16:00:00+00:00,2.125035789765755,15.395
2025-03-30T17:00:00+00:00,22.00613799617563,43.62
2025-03-30T18:00:00+00:00,53.45050148180282,53.0
2025-03-30T19:00:00+00:00,53.45050148180282,46.065
2025-03-30T20:00:00+00:00,53.450501481802824,35.0
2025-03-30T21:00:00+00:00,53.45050148180282,24.322499999999998
2025-03-30T22:00:00+00:00,56.97242503248722,30.83
2025-03-30T23:00:00+00:00,53.45050148180282,33.0325
2025-03-31T00:00:00+00:00,88.3187968147666,26.8575
2025-03-31T01:00:00+00:00,88.31879681476498,32.7375
2025-03-31T02:00:00+00:00,91.55155640693941,57.0
2025-03-31T03:00:00+00:00,97.0494658507073,71.16499999999999
2025-03-31T04:00:00+00:00,101.9917389756387,94.9
2025-03-31T05:00:00+00:00,105.69415847589066,124.7025
2025-03-31T06:00:00+00:00,105.69415847589026,114.0
2025-03-31T07:00:00+00:00,105.67786151442267,97.80250000000001
2025-03-31T08:00:00+00:00,99.39627934169295,85.0025
2025-03-31T09:00:00+00:00,95.1404434638531,78.1225
2025-03-31T10:00:00+00:00,88.89435690122203,74.1625
2025-03-31T11:00:00+00:00,79.27061885691764,59.4
2025-03-31T12:00:00+00:00,65.34113483047058,48.75
2025-03-31T13:00:00+00:00,70.73924224436065,76.4875
2025-03-31T14:00:00+00:00,79.27061885691798,81.5025
2025-03-31T15:00:00+00:00,92.9154636646039,103.68
2025-03-31T16:00:00+00:00,98.34797832834798,134.04250000000002
2025-03-31T17:00:00+00:00,105.69415847589063,158.175
2025-03-31T18:00:00+00:00,106.5325631753353,156.7975
2025-03-31T19:00:00+00:00,106.3039112250176,133.9975
2025-03-31T20:00:00+00:00,105.6941584758902,123.9975
2025-03-31T21:00:00+00:00,105.67929495236933,111.6
2025-03-31T22:00:00+00:00,105.24397779613302,105.7
2025-03-31T23:00:00+00:00,104.59026699311978,101.475
2025-04-01T00:00:00+00:00,98.18975173355238,100.67
2025-04-01T01:00:00+00:00,98.20915998761814,100.3075
2025-04-01T02:00:00+00:00,99.4937109517536,103.2
2025-04-01T03:00:00+00:00,100.18288164767309,113.19999999999999
2025-04-01T04:00:00+00:00,100.34140711749723,141.45499999999998
2025-04-01T05:00:00+00:00,100.49812501523085,179.81
2025-04-01T06:00:00+00:00,100.47823539316754,165.72750000000002
2025-04-01T07:00:00+00:00,100.1828816476731,128.4375
2025-04-01T08:00:00+00:00,96.2531605718042,93.7975
2025-04-01T09:00:00+00:00,81.46702122243147,63.9175
2025-04-01T10:00:00+00:00,66.56598475609658,37.7475
2025-04-01T11:00:00+00:00,39.73128930099953,21.35
2025-04-01T12:00:00+00:00,27.54081304834304,17.9025
2025-04-01T13:00:00+00:00,35.930899999999994,25.12
2025-04-01T14:00:00+00:00,66.56598475609715,53.7975
2025-04-01T15:00:00+00:00,74.22927472187278,82.9675
2025-04-01T16:00:00+00:00,86.99563715697728,120.5
2025-04-01T17:00:00+00:00,89.42988776890697,155.1775
2025-04-01T18:00:00+00:00,91.93014528137451,141.4525
2025-04-01T19:00:00+00:00,89.15195756492461,109.1
2025-04-01T20:00:00+00:00,88.75464634146215,94.43
2025-04-01T21:00:00+00:00,87.09516292642611,80.7325
2025-04-01T22:00:00+00:00,86.49219234007883,71.765
2025-04-01T23:00:00+00:00,86.00267553859399,71.7775
2025-04-02T00:00:00+00:00,86.81812610425224,74.11
2025-04-02T01:00:00+00:00,88.75464634146329,74.1825
2025-04-02T02:00:00+00:00,89.87423596482472,76.5775
2025-04-02T03:00:00+00:00,91.89927382625022,86.7
2025-04-02T04:00:00+00:00,93.46573367658834,118.1
2025-04-02T05:00:00+00:00,97.0494658507073,141.9975
2025-04-02T06:00:00+00:00,97.04946585070792,124.92999999999999
2025-04-02T07:00:00+00:00,91.7139339553713,88.035
2025-04-02T08:00:00+00:00,79.46206744475307,54.1475
2025-04-02T09:00:00+00:00,28.31953867229626,8.75
2025-04-02T10:00:00+00:00,-1.2165338181269192e-12,-2.1250000000000004
2025-04-02T11:00:00+00:00,-0.0,-8.6
2025-04-02T12:00:00+00:00,-0.0,-9.4025
2025-04-02T13:00:00+00:00,-0.0,-10.1875
2025-04-02T14:00:00+00:00,-0.0,-0.30000000000000293
2025-04-02T15:00:00+00:00,0.1222896711860244,30.135
2025-04-02T16:00:00+00:00,42.20494926022292,89.2975
2025-04-02T17:00:00+00:00,67.167173084837,124.9475
2025-04-02T18:00:00+00:00,68.51496860723299,117.2
2025-04-02T19:00:00+00:00,67.16877506954403,96.155
2025-04-02T20:00:00+00:00,67.167173084837,87.675
2025-04-02T21:00:00+00:00,67.17310757342787,74.145
2025-04-02T22:00:00+00:00,67.167173084837,57.385000000000005
2025-04-02T23:00:00+00:00,67.167173084837,56.5
2025-04-03T00:00:00+00:00,86.81630234826949,62.2325
2025-04-03T01:00:00+00:00,87.05989544020322,67.7
2025-04-03T02:00:00+00:00,90.3583339188317,72.7
2025-04-03T03:00:00+00:00,93.39354328362103,87.075
2025-04-03T04:00:00+00:00,95.1404434638531,117.815
2025-04-03T05:00:00+00:00,98.1897517335524,154.165
2025-04-03T06:00:00+00:00,98.20915998761814,124.9525
2025-04-03T07:00:00+00:00,90.93800727654991,79.325
2025-04-03T08:00:00+00:00,81.2711581206141,43.245
2025-04-03T09:00:00+00:00,39.75656817176277,4.120000000000001
2025-04-03T10:00:00+00:00,20.21801336529556,-4.01
2025-04-03T11:00:00+00:00,3.6244264900977714,-11.85
2025-04-03T12:00:00+00:00,2.0280275365616953,-12.407499999999999
2025-04-03T13:00:00+00:00,3.3627743308874547,-2.8925
2025-04-03T14:00:00+00:00,19.979914529914524,20.65
2025-04-03T15:00:00+00:00,35.9309,86.3925
2025-04-03T16:00:00+00:00,85.36756363628602,136.4275
2025-04-03T17:00:00+00:00,91.97425418969611,174.78
2025-04-03T18:00:00+00:00,95.1404434638531,159.9
2025-04-03T19:00:00+00:00,93.39354328347883,133.2325
2025-04-03T20:00:00+00:00,91.97425418969611,118.5775
2025-04-03T21:00:00+00:00,91.97425418969611,107.6375
2025-04-03T22:00:00+00:00,91.97425418969611,103.185
2025-04-03T23:00:00+00:00,91.97425418969611,101.0
2025-04-04T00:00:00+00:00,97.0494658507073,101.2
2025-04-04T01:00:00+00:00,97.97030561402191,101.1875
2025-04-04T02:00:00+00:00,98.18975173355227,106.2925
2025-04-04T03:00:00+00:00,99.23689384091495,119.545
2025-04-04T04:00:00+00:00,100.1828816476731,150.8175
2025-04-04T05:00:00+00:00,100.49812501523085,172.445
2025-04-04T06:00:00+00:00,100.49812501523085,146.14000000000001
2025-04-04T07:00:00+00:00,98.88129557678828,92.9675
2025-04-04T08:00:00+00:00,86.71698691222986,62.3575
2025-04-04T09:00:00+00:00,58.46835412876164,8.075
2025-04-04T10:00:00+00:00,23.786069877387835,0.39999999999999947
2025-04-04T11:00:00+00:00,18.757718171609323,-6.1075
2025-04-04T12:00:00+00:00,1.822036019486841,-8.759999999999998
2025-04-04T13:00:00+00:00,3.080271371962512,0.7849999999999984
2025-04-04T14:00:00+00:00,19.979914529914524,28.1975
2025-04-04T15:00:00+00:00,35.9309,73.97
2025-04-04T16:00:00+00:00,81.2919734909618,124.7025
2025-04-04T17:00:00+00:00,86.71698691222969,159.29749999999999
2025-04-04T18:00:00+00:00,90.05921832492086,144.2025
2025-04-04T19:00:00+00:00,88.39436497191015,120.5025
2025-04-04T20:00:00+00:00,86.71698691222986,105.9025
2025-04-04T21:00:00+00:00,86.71698691222986,91.6025
2025-04-04T22:00:00+00:00,86.71698691222986,91.6
2025-04-04T23:00:00+00:00,86.71698691222986,87.4625
2025-04-05T00:00:00+00:00,90.33962873471962,87.0025
2025-04-05T01:00:00+00:00,90.33962873471995,83.285
2025-04-05T02:00:00+00:00,90.33962873471964,80.45
2025-04-05T03:00:00+00:00,90.33962873471962,80.89750000000001
2025-04-05T04:00:00+00:00,90.33962873471962,86.39750000000001
2025-04-05T05:00:00+00:00,90.34248729888654,92.12
2025-04-05T06:00:00+00:00,90.3662429417487,75.905
2025-04-05T07:00:00+00:00,85.99484825312076,42.0
2025-04-05T08:00:00+00:00,32.06119462484745,0.9825000000000026
2025-04-05T09:00:00+00:00,4.820677928158015,-5.027500000000002
2025-04-05T10:00:00+00:00,1.4214737976012937,-28.43
2025-04-05T11:00:00+00:00,-0.0,-48.415000000000006
2025-04-05T12:00:00+00:00,-0.0,-48.7775
2025-04-05T13:00:00+00:00,-0.0,-22.8375
2025-04-05T14:00:00+00:00,-0.0,-8.752500000000003
2025-04-05T15:00:00+00:00,0.7386560815033075,8.857499999999998
2025-04-05T16:00:00+00:00,20.160548886514274,51.9025
2025-04-05T17:00:00+00:00,47.33290923726842,84.18
2025-04-05T18:00:00+00:00,58.33374403569442,84.3275
2025-04-05T19:00:00+00:00,56.35312474577732,79.5025
2025-04-05T20:00:00+00:00,49.35120871664413,62.9525
2025-04-05T21:00:00+00:00,49.35120744410232,47.92
2025-04-05T22:00:00+00:00,56.35312474577732,44.0
2025-04-05T23:00:00+00:00,56.960573424561986,39.8975
2025-04-06T00:00:00+00:00,88.14879568174119,45.2275
2025-04-06T01:00:00+00:00,88.1487956816952,45.2975
2025-04-06T02:00:00+00:00,88.15344162508288,43.3575
2025-04-06T03:00:00+00:00,88.15344162508269,47.6225
2025-04-06T04:00:00+00:00,88.14939796086688,58.605000000000004
2025-04-06T05:00:00+00:00,88.15344162508578,58.8775
2025-04-06T06:00:00+00:00,88.15593805602592,43.510000000000005
2025-04-06T07:00:00+00:00,85.30663312227446,9.2775
2025-04-06T08:00:00+00:00,35.9309,-3.9025000000000025
2025-04-06T09:00:00+00:00,17.939100330477405,-13.785
2025-04-06T10:00:00+00:00,19.979914529914524,-19.689999999999998
2025-04-06T11:00:00+00:00,6.098615118967375,-57.3325
2025-04-06T12:00:00+00:00,2.3469777688534528,-54.96
2025-04-06T13:00:00+00:00,0.4747362896264855,-26.365000000000002
2025-04-06T14:00:00+00:00,8.423753428311104,-4.047500000000003
2025-04-06T15:00:00+00:00,35.93090000000001,31.4
2025-04-06T16:00:00+00:00,69.03123313263046,85.985
2025-04-06T17:00:00+00:00,88.08832927753605,133.9975
2025-04-06T18:00:00+00:00,95.1404434638531,143.0975
2025-04-06T19:00:00+00:00,95.1404434638531,126.565
2025-04-06T20:00:00+00:00,94.67635454835735,111.9975
2025-04-06T21:00:00+00:00,93.40661347768702,103.6575
2025-04-06T22:00:00+00:00,93.39354328362329,91.2975
2025-04-06T23:00:00+00:00,93.39431287340561,89.2875
2025-04-07T00:00:00+00:00,98.20915998761814,89.2625
2025-04-07T01:00:00+00:00,98.20915998761821,89.4075
2025-04-07T02:00:00+00:00,99.49371095175353,94.4225
2025-04-07T03:00:00+00:00,100.18288164767311,107.0925
2025-04-07T04:00:00+00:00,100.4981250152231,139.8725
2025-04-07T05:00:00+00:00,100.49812501523085,182.2375
2025-04-07T06:00:00+00:00,100.40955630639885,142.85
2025-04-07T07:00:00+00:00,98.18975173355203,108.69749999999999
2025-04-07T08:00:00+00:00,95.1404434638571,68.6475
2025-04-07T09:00:00+00:00,72.78709938802969,41.0
2025-04-07T10:00:00+00:00,35.930899999999895,17.0775
2025-04-07T11:00:00+00:00,20.174743021012397,4.4025
2025-04-07T12:00:00+00:00,19.979914529914524,5.1725
2025-04-07T13:00:00+00:00,20.21801336529556,20.2725
2025-04-07T14:00:00+00:00,35.93089999999992,48.3975
2025-04-07T15:00:00+00:00,80.99237220976413,85.69999999999999
2025-04-07T16:00:00+00:00,94.80096898803365,130.6375
2025-04-07T17:00:00+00:00,97.04946585070718,179.1575
2025-04-07T18:00:00+00:00,98.1897517335524,180.9825
2025-04-07T19:00:00+00:00,97.070247153818,137.925
2025-04-07T20:00:00+00:00,97.049465850707,122.0025
2025-04-07T21:00:00+00:00,97.04946585070599,108.7975
2025-04-07T22:00:00+00:00,97.04946585070597,97.10249999999999
2025-04-07T23:00:00+00:00,97.04946585070712,93.4
2025-04-08T00:00:00+00:00,100.1828816476731,93.0025
2025-04-08T01:00:00+00:00,100.18288164767317,91.0
2025-04-08T02:00:00+00:00,100.39850922845123,93.94999999999999
2025-04-08T03:00:00+00:00,100.49812501523085,107.3075
2025-04-08T04:00:00+00:00,100.7926979254963,141.1475
2025-04-08T05:00:00+00:00,100.70046404475646,188.605
2025-04-08T06:00:00+00:00,100.49812501523085,146.065
2025-04-08T07:00:00+00:00,99.49371095175358,98.2675
2025-04-08T08:00:00+00:00,95.47083610568643,76.7125
2025-04-08T09:00:00+00:00,86.71698691222984,55.67
2025-04-08T10:00:00+00:00,57.9732028276979,36.6125
2025-04-08T11:00:00+00:00,34.63415021533017,26.5775
2025-04-08T12:00:00+00:00,35.9309,37.6475
2025-04-08T13:00:00+00:00,64.62818045750056,63.1325
2025-04-08T14:00:00+00:00,73.6171115043276,83.145
2025-04-08T15:00:00+00:00,83.02777198187226,103.94749999999999
2025-04-08T16:00:00+00:00,95.1404434638531,130.8225
2025-04-08T17:00:00+00:00,97.94311853753894,191.73499999999999
2025-04-08T18:00:00+00:00,98.21085459670577,179.61
2025-04-08T19:00:00+00:00,98.2091599876187,135.2
2025-04-08T20:00:00+00:00,98.15614867244008,120.6
2025-04-08T21:00:00+00:00,98.15614867243671,103.75999999999999
2025-04-08T22:00:00+00:00,98.06064011399945,97.4675
2025-04-08T23:00:00+00:00,97.37988587811564,94.4
2025-04-09T00:00:00+00:00,98.74556577269337,94.6725
2025-04-09T01:00:00+00:00,98.74556577269522,93.64750000000001
2025-04-09T02:00:00+00:00,99.49371095175385,94.8925
2025-04-09T03:00:00+00:00,99.84325092441813,106.8325
2025-04-09T04:00:00+00:00,100.33676106588668,138.6325
2025-04-09T05:00:00+00:00,100.4686741805927,178.865
2025-04-09T06:00:00+00:00,100.46867418059266,141.0025
2025-04-09T07:00:00+00:00,97.97030561402191,90.9725
2025-04-09T08:00:00+00:00,95.3027393774413,75.56
2025-04-09T09:00:00+00:00,71.5480864011007,47.845
2025-04-09T10:00:00+00:00,38.94615434576632,18.835
2025-04-09T11:00:00+00:00,33.10654935377839,16.595
2025-04-09T12:00:00+00:00,35.9309,22.4225
2025-04-09T13:00:00+00:00,39.83534751639879,41.9025
2025-04-09T14:00:00+00:00,61.06457613612423,59.055
2025-04-09T15:00:00+00:00,80.99237220976424,75.925
2025-04-09T16:00:00+00:00,93.39354328362074,105.8075
2025-04-09T17:00:00+00:00,95.3974485347879,134.315
2025-04-09T18:00:00+00:00,95.74438004066025,138.24
2025-04-09T19:00:00+00:00,95.72023150911484,117.9325
2025-04-09T20:00:00+00:00,95.39744853480053,99.9025
2025-04-09T21:00:00+00:00,95.39744853477144,91.1425
2025-04-09T22:00:00+00:00,95.39744853479382,89.9875
2025-04-09T23:00:00+00:00,95.39744853477671,87.4075
2025-04-10T00:00:00+00:00,98.1897517335524,87.5275
2025-04-10T01:00:00+00:00,98.20915998761814,87.6775
2025-04-10T02:00:00+00:00,98.37836353537934,87.69749999999999
2025-04-10T03:00:00+00:00,99.6827083152274,101.995
2025-04-10T04:00:00+00:00,100.49812501523085,134.4225
2025-04-10T05:00:00+00:00,100.51117577186947,161.3275
2025-04-10T06:00:00+00:00,100.49812501523085,135.795
2025-04-10T07:00:00+00:00,99.4937109517536,104.50750000000001
2025-04-10T08:00:00+00:00,96.89891203575024,79.365
2025-04-10T09:00:00+00:00,93.85315019875254,57.23
2025-04-10T10:00:00+00:00,69.61557580928371,11.385
2025-04-10T11:00:00+00:00,41.2823538620862,1.1275
2025-04-10T12:00:00+00:00,33.061453159920944,0.0574999999999998
2025-04-10T13:00:00+00:00,35.93089999999999,2.1850000000000005
2025-04-10T14:00:00+00:00,37.14221864475478,25.09
2025-04-10T15:00:00+00:00,52.50459756553078,74.0575
2025-04-10T16:00:00+00:00,80.9923722097644,102.0175
2025-04-10T17:00:00+00:00,93.39354328362128,134.7225
2025-04-10T18:00:00+00:00,94.80358170255134,128.0375
2025-04-10T19:00:00+00:00,93.8531501987531,99.7125
2025-04-10T20:00:00+00:00,93.28095810500406,94.7175
2025-04-10T21:00:00+00:00,93.20702935616109,80.3425
2025-04-10T22:00:00+00:00,93.2070293561628,70.0075
2025-04-10T23:00:00+00:00,86.71698691222986,63.550000000000004
2025-04-11T00:00:00+00:00,94.55285817382325,61.525
2025-04-11T01:00:00+00:00,94.52128628330482,64.1675
2025-04-11T02:00:00+00:00,94.52011944291004,61.6725
2025-04-11T03:00:00+00:00,94.6482514740571,69.1
2025-04-11T04:00:00+00:00,95.1404434638531,94.975
2025-04-11T05:00:00+00:00,95.26487141644718,106.57
2025-04-11T06:00:00+00:00,95.16597404036784,84.215
2025-04-11T07:00:00+00:00,94.79852397826409,58.32
2025-04-11T08:00:00+00:00,71.35533259788983,10.299999999999999
2025-04-11T09:00:00+00:00,19.979914529914524,-2.1249999999999996
2025-04-11T10:00:00+00:00,6.372825758765826,-4.672499999999999
2025-04-11T11:00:00+00:00,0.056711301685204774,-10.8425
2025-04-11T12:00:00+00:00,-0.0,-13.3375
2025-04-11T13:00:00+00:00,1.389697311727474,-6.297499999999999
2025-04-11T14:00:00+00:00,19.979914529914524,3.8025
2025-04-11T15:00:00+00:00,41.38460017742058,54.6
2025-04-11T16:00:00+00:00,86.71698691222986,101.6725
2025-04-11T17:00:00+00:00,94.97330097066201,129.14
2025-04-11T18:00:00+00:00,95.1404434638531,141.305
2025-04-11T19:00:00+00:00,95.14044346385312,117.4025
2025-04-11T20:00:00+00:00,95.14044346385312,109.315
2025-04-11T21:00:00+00:00,95.1404434638531,101.6375
2025-04-11T22:00:00+00:00,96.16225652384342,105.95
2025-04-11T23:00:00+00:00,95.5665736001168,99.8625
2025-04-12T00:00:00+00:00,97.0494658507073,95.215
2025-04-12T01:00:00+00:00,97.0494658507073,95.4
2025-04-12T02:00:00+00:00,97.07721135934517,94.8975
2025-04-12T03:00:00+00:00,97.97030561401712,99.99000000000001
2025-04-12T04:00:00+00:00,98.20915998763226,111.1725
2025-04-12T05:00:00+00:00,99.46210887961749,117.7325
2025-04-12T06:00:00+00:00,99.46210887965805,98.1375
2025-04-12T07:00:00+00:00,95.1404434638531,69.42999999999999
2025-04-12T08:00:00+00:00,57.522530601993765,22.5475
2025-04-12T09:00:00+00:00,35.930899999999994,-0.17499999999999982
2025-04-12T10:00:00+00:00,19.97991452991453,-12.2325
2025-04-12T11:00:00+00:00,19.979914529914367,-36.957499999999996
2025-04-12T12:00:00+00:00,2.1606101922091927,-42.715
2025-04-12T13:00:00+00:00,2.217052098620433,-25.8675
2025-04-12T14:00:00+00:00,19.97991452991453,-1.5824999999999996
2025-04-12T15:00:00+00:00,26.19103683389173,47.595
2025-04-12T16:00:00+00:00,47.32446182172728,96.295
2025-04-12T17:00:00+00:00,65.8604349502738,130.4
2025-04-12T18:00:00+00:00,71.7007854775126,121.0
2025-04-12T19:00:00+00:00,71.6955851054274,96.6975
2025-04-12T20:00:00+00:00,66.70064768021277,85.855
2025-04-12T21:00:00+00:00,65.40482190859623,73.1625
2025-04-12T22:00:00+00:00,64.20383032970838,59.6475
2025-04-12T23:00:00+00:00,62.97944561254375,49.45
2025-04-13T00:00:00+00:00,58.29398730877405,43.800000000000004
2025-04-13T01:00:00+00:00,48.328271650570784,41.4125
2025-04-13T02:00:00+00:00,48.328271650570784,38.0575
2025-04-13T03:00:00+00:00,46.62213426868239,37.5275
2025-04-13T04:00:00+00:00,48.52633066464088,38.307500000000005
2025-04-13T05:00:00+00:00,55.71920647407084,38.400000000000006
2025-04-13T06:00:00+00:00,56.11965054559811,25.07
2025-04-13T07:00:00+00:00,46.45897266490862,10.182500000000001
2025-04-13T08:00:00+00:00,35.9309,4.799999999999999
2025-04-13T09:00:00+00:00,19.436949809925043,0.43000000000000016
2025-04-13T10:00:00+00:00,19.436949809925043,-0.9999999999999993
2025-04-13T11:00:00+00:00,0.9918675621679176,-1.815
2025-04-13T12:00:00+00:00,-0.0,-8.78
2025-04-13T13:00:00+00:00,-0.0,-10.682500000000001
2025-04-13T14:00:00+00:00,11.176979764292033,0.4999999999999991
2025-04-13T15:00:00+00:00,24.029039080251817,31.345
2025-04-13T16:00:00+00:00,46.45897266490862,85.47
2025-04-13T17:00:00+00:00,80.99237220976424,113.75750000000001
2025-04-13T18:00:00+00:00,87.67632717083781,133.6975
2025-04-13T19:00:00+00:00,89.5195203166721,115.9625
2025-04-13T20:00:00+00:00,89.2825738287185,109.3
2025-04-13T21:00:00+00:00,87.67632717085498,95.97500000000001
2025-04-13T22:00:00+00:00,86.71989613649963,83.6375
2025-04-13T23:00:00+00:00,86.71698691222986,81.0
2025-04-14T00:00:00+00:00,95.1404434638531,80.58250000000001
2025-04-14T01:00:00+00:00,95.1404434638531,80.255
2025-04-14T02:00:00+00:00,96.41526636105422,82.4275
2025-04-14T03:00:00+00:00,97.0494658507073,93.9125
2025-04-14T04:00:00+00:00,99.60804947225787,123.765
2025-04-14T05:00:00+00:00,100.39850922845112,157.91750000000002
2025-04-14T06:00:00+00:00,100.1828816476731,142.0025
2025-04-14T07:00:00+00:00,97.97030561402191,106.35
2025-04-14T08:00:00+00:00,95.14044346385289,91.96000000000001
2025-04-14T09:00:00+00:00,82.66746543148786,84.765
2025-04-14T10:00:00+00:00,72.78709938803047,72.5925
2025-04-14T11:00:00+00:00,68.02065127486655,68.535
2025-04-14T12:00:00+00:00,66.70250967820783,68.19500000000001
2025-04-14T13:00:00+00:00,72.78709938803047,79.2925
2025-04-14T14:00:00+00:00,82.91003244821925,91.00999999999999
2025-04-14T15:00:00+00:00,93.3935432836207,111.6725
2025-04-14T16:00:00+00:00,95.67530167607477,127.165
2025-04-14T17:00:00+00:00,97.04946585070732,158.92249999999999
2025-04-14T18:00:00+00:00,99.56060796064024,155.9
2025-04-14T19:00:00+00:00,97.04946585070732,125.60499999999999
2025-04-14T20:00:00+00:00,97.04946585070732,103.61
2025-04-14T21:00:00+00:00,94.80716852120239,91.415
2025-04-14T22:00:00+00:00,84.65813768175116,65.67
2025-04-14T23:00:00+00:00,80.99237220976424,58.1225
2025-04-15T00:00:00+00:00,86.69735643448057,53.025000000000006
2025-04-15T01:00:00+00:00,85.45147438484642,53.0
2025-04-15T02:00:00+00:00,85.44771750410855,52.525000000000006
2025-04-15T03:00:00+00:00,88.3672228775021,66.78999999999999
2025-04-15T04:00:00+00:00,89.7727974768733,93.2775
2025-04-15T05:00:00+00:00,93.2943848567543,110.0
2025-04-15T06:00:00+00:00,93.42497280550005,91.0
2025-04-15T07:00:00+00:00,89.65068251675173,62.835
2025-04-15T08:00:00+00:00,72.16592388639782,37.63
2025-04-15T09:00:00+00:00,42.46808297481167,20.4375
2025-04-15T10:00:00+00:00,35.9309,5.944999999999999
2025-04-15T11:00:00+00:00,20.1747430210124,7.557499999999999
2025-04-15T12:00:00+00:00,20.21801336529556,11.774999999999999
2025-04-15T13:00:00+00:00,41.74600471016834,38.375
2025-04-15T14:00:00+00:00,46.517205223867606,59.58
2025-04-15T15:00:00+00:00,67.0101345718417,80.82499999999999
2025-04-15T16:00:00+00:00,94.53790358725223,106.565
2025-04-15T17:00:00+00:00,95.09319564562493,133.1175
2025-04-15T18:00:00+00:00,95.2095646160511,132.6175
2025-04-15T19:00:00+00:00,95.1404434638536,108.0725
2025-04-15T20:00:00+00:00,95.09319564562473,96.4025
2025-04-15T21:00:00+00:00,95.06706739290883,86.655
2025-04-15T22:00:00+00:00,95.04164878223133,84.795
2025-04-15T23:00:00+00:00,93.8531501987561,80.97
2025-04-16T00:00:00+00:00,94.40268652046105,78.8875
2025-04-16T01:00:00+00:00,93.65832664622648,78.1
2025-04-16T02:00:00+00:00,93.89336805863,80.4875
2025-04-16T03:00:00+00:00,95.1404434638531,88.7
2025-04-16T04:00:00+00:00,98.0661968104844,110.0025
2025-04-16T05:00:00+00:00,99.02111647473181,132.025
2025-04-16T06:00:00+00:00,98.79354164649344,108.78750000000001
2025-04-16T07:00:00+00:00,96.88255252045897,85.035
2025-04-16T08:00:00+00:00,94.37012303328773,70.77250000000001
2025-04-16T09:00:00+00:00,82.25138615992425,58.8025
2025-04-16T10:00:00+00:00,72.78709938803047,38.575
2025-04-16T11:00:00+00:00,68.61944108958447,26.85
2025-04-16T12:00:00+00:00,65.31932260047128,31.29
2025-04-16T13:00:00+00:00,71.77185071316838,58.7275
2025-04-16T14:00:00+00:00,73.9999858727144,75.625
2025-04-16T15:00:00+00:00,92.78348233416197,96.9225
2025-04-16T16:00:00+00:00,95.1404434638531,121.6225
2025-04-16T17:00:00+00:00,95.78319887582529,151.77249999999998
2025-04-16T18:00:00+00:00,97.84234750005156,144.985
2025-04-16T19:00:00+00:00,97.0494658507073,113.1625
2025-04-16T20:00:00+00:00,97.0494658507073,97.285
2025-04-16T21:00:00+00:00,96.84134612195835,91.85
2025-04-16T22:00:00+00:00,96.37562308856965,87.81
2025-04-16T23:00:00+00:00,96.80408610181807,82.8075
2025-04-17T00:00:00+00:00,95.66478811396519,83.8175
2025-04-17T01:00:00+00:00,95.66468804264913,80.34
2025-04-17T02:00:00+00:00,95.75122726876019,82.6
2025-04-17T03:00:00+00:00,97.0494658507073,93.4975
2025-04-17T04:00:00+00:00,97.95895569661963,111.2625
2025-04-17T05:00:00+00:00,97.97030561402191,131.6
2025-04-17T06:00:00+00:00,97.0494658507073,124.775
2025-04-17T07:00:00+00:00,95.69735711039283,117.575
2025-04-17T08:00:00+00:00,95.70035753055012,103.06750000000001
2025-04-17T09:00:00+00:00,87.80006906044258,96.5275
2025-04-17T10:00:00+00:00,75.52324121632898,81.22
2025-04-17T11:00:00+00:00,71.35533259788981,71.5025
2025-04-17T12:00:00+00:00,69.65101269606272,63.45
2025-04-17T13:00:00+00:00,70.62233075524775,68.375
2025-04-17T14:00:00+00:00,78.89709691445435,78.0
2025-04-17T15:00:00+00:00,88.51244519567061,93.53999999999999
2025-04-17T16:00:00+00:00,94.2710493255997,105.53
2025-04-17T17:00:00+00:00,95.1404434638531,120.17
2025-04-17T18:00:00+00:00,95.1404434638531,117.5
2025-04-17T19:00:00+00:00,95.1404434638531,98.8125
2025-04-17T20:00:00+00:00,95.1404434638531,94.4875
2025-04-17T21:00:00+00:00,95.1404434638531,85.7075
2025-04-17T22:00:00+00:00,95.1404434638531,88.94
2025-04-17T23:00:00+00:00,95.1404434638531,82.83500000000001
2025-04-18T00:00:00+00:00,95.1404434638531,80.97
2025-04-18T01:00:00+00:00,95.04798503734902,77.965
2025-04-18T02:00:00+00:00,95.04767760433336,76.36
2025-04-18T03:00:00+00:00,95.05363263279706,77.5225
2025-04-18T04:00:00+00:00,95.1404434638531,73.9
2025-04-18T05:00:00+00:00,95.24902320444775,85.4325
2025-04-18T06:00:00+00:00,95.41753658392057,88.355
2025-04-18T07:00:00+00:00,95.39891307009074,86.58500000000001
2025-04-18T08:00:00+00:00,95.1404434638531,78.89999999999999
2025-04-18T09:00:00+00:00,95.12904692201364,75.9925
2025-04-18T10:00:00+00:00,94.9671060661417,67.925
2025-04-18T11:00:00+00:00,80.99237220976424,56.6625
2025-04-18T12:00:00+00:00,76.44166302144252,52.57
2025-04-18T13:00:00+00:00,79.25784453505489,59.3975
2025-04-18T14:00:00+00:00,86.08866051151553,64.0025
2025-04-18T15:00:00+00:00,86.71698691222986,82.005
2025-04-18T16:00:00+00:00,95.1404434638531,99.4025
2025-04-18T17:00:00+00:00,95.95675772586326,113.365
2025-04-18T18:00:00+00:00,96.9174160484596,120.495
2025-04-18T19:00:00+00:00,97.0494658507073,110.73
2025-04-18T20:00:00+00:00,97.04946585070365,105.0925
2025-04-18T21:00:00+00:00,96.86303172520023,96.6825
2025-04-18T22:00:00+00:00,95.38564313966451,101.3175
2025-04-18T23:00:00+00:00,95.1404434638531,97.39
2025-04-19T00:00:00+00:00,95.1404434638531,98.025
2025-04-19T01:00:00+00:00,95.1404434638531,93.675
2025-04-19T02:00:00+00:00,95.33292249366932,92.88499999999999
2025-04-19T03:00:00+00:00,96.44112140655,101.03999999999999
2025-04-19T04:00:00+00:00,96.44112140654978,102.205
2025-04-19T05:00:00+00:00,97.04946585070549,98.5625
2025-04-19T06:00:00+00:00,97.00385379791258,85.9675
2025-04-19T07:00:00+00:00,95.1404434638531,66.4
2025-04-19T08:00:00+00:00,80.99237220976403,23.72
2025-04-19T09:00:00+00:00,57.336236254494025,8.497499999999999
2025-04-19T10:00:00+00:00,53.69126951654154,-1.56
2025-04-19T11:00:00+00:00,36.706170146390484,-9.27
2025-04-19T12:00:00+00:00,35.87193058656982,-9.475000000000001
2025-04-19T13:00:00+00:00,35.930899999999994,-1.2000000000000015
2025-04-19T14:00:00+00:00,49.108208533270165,12.860000000000001
2025-04-19T15:00:00+00:00,51.18640791292037,71.1675
2025-04-19T16:00:00+00:00,67.33623656178159,104.185
2025-04-19T17:00:00+00:00,88.75464634146401,128.585
2025-04-19T18:00:00+00:00,93.39354328362262,136.2275
2025-04-19T19:00:00+00:00,93.39354328362103,119.39750000000001
2025-04-19T20:00:00+00:00,88.75464634146468,109.8
2025-04-19T21:00:00+00:00,88.75464634146383,98.57
2025-04-19T22:00:00+00:00,88.75464634146401,92.105
2025-04-19T23:00:00+00:00,88.15051735229186,87.285
2025-04-20T00:00:00+00:00,95.14044346384503,85.1025
2025-04-20T01:00:00+00:00,95.55450859509452,85.28999999999999
2025-04-20T02:00:00+00:00,95.55450859509214,84.89
2025-04-20T03:00:00+00:00,95.5228242306335,83.9775
2025-04-20T04:00:00+00:00,95.52223930795941,84.89750000000001
2025-04-20T05:00:00+00:00,97.0494658507073,74.67
2025-04-20T06:00:00+00:00,97.0494658507073,43.7825
2025-04-20T07:00:00+00:00,72.88279084776278,11.7
2025-04-20T08:00:00+00:00,39.66545756464429,2.4450000000000003
2025-04-20T09:00:00+00:00,27.42429972211967,-9.647499999999999
2025-04-20T10:00:00+00:00,27.322803680981597,-49.33
2025-04-20T11:00:00+00:00,1.5325276351057884,-80.325
2025-04-20T12:00:00+00:00,0.7588195340560202,-65.2025
2025-04-20T13:00:00+00:00,20.372774842185613,-34.08
2025-04-20T14:00:00+00:00,27.322803680981593,-2.9575000000000014
2025-04-20T15:00:00+00:00,35.930899999999994,27.835
2025-04-20T16:00:00+00:00,66.56598475609806,88.515
2025-04-20T17:00:00+00:00,88.75464634146365,121.57
2025-04-20T18:00:00+00:00,97.0494658507073,125.965
2025-04-20T19:00:00+00:00,97.04946585070645,115.2025
2025-04-20T20:00:00+00:00,97.04946585066814,106.8125
2025-04-20T21:00:00+00:00,97.04946585066557,94.2025
2025-04-20T22:00:00+00:00,97.0494658506682,84.4
2025-04-20T23:00:00+00:00,94.67590513562021,80.0
2025-04-21T00:00:00+00:00,97.04934611887498,77.1975
2025-04-21T01:00:00+00:00,97.04946585071416,78.0625
2025-04-21T02:00:00+00:00,97.0494658507073,78.1425
2025-04-21T03:00:00+00:00,97.0494658507077,78.1
2025-04-21T04:00:00+00:00,97.04934611887502,70.295
2025-04-21T05:00:00+00:00,96.98939718039024,65.465
2025-04-21T06:00:00+00:00,96.96490793771808,48.6625
2025-04-21T07:00:00+00:00,95.1404434638531,38.04
2025-04-21T08:00:00+00:00,80.78991940834395,8.587499999999999
2025-04-21T09:00:00+00:00,73.24217113549328,0.3024999999999989
2025-04-21T10:00:00+00:00,47.636705760463606,-3.8274999999999983
2025-04-21T11:00:00+00:00,27.54563842252902,-8.619999999999997
2025-04-21T12:00:00+00:00,27.688672449831135,-8.620000000000001
2025-04-21T13:00:00+00:00,36.16553166493946,-0.29249999999999865
2025-04-21T14:00:00+00:00,73.24217113549328,5.4025
2025-04-21T15:00:00+00:00,83.60126436450679,46.754999999999995
2025-04-21T16:00:00+00:00,93.39354328362103,85.9025
2025-04-21T17:00:00+00:00,95.1404434638531,103.4
2025-04-21T18:00:00+00:00,98.1897517335524,114.1025
2025-04-21T19:00:00+00:00,98.1897517335524,104.46000000000001
2025-04-21T20:00:00+00:00,97.97030561402211,92.39750000000001
2025-04-21T21:00:00+00:00,97.65622818065773,85.455
2025-04-21T22:00:00+00:00,97.65622818065773,79.9
2025-04-21T23:00:00+00:00,97.0494658507073,79.3325
2025-04-22T00:00:00+00:00,97.44124208365291,77.33250000000001
2025-04-22T01:00:00+00:00,97.49811766700472,76.4125
2025-04-22T02:00:00+00:00,97.54774564949993,79.0925
2025-04-22T03:00:00+00:00,98.10973304069395,91.2525
2025-04-22T04:00:00+00:00,99.4937109517536,123.96249999999999
2025-04-22T05:00:00+00:00,100.1828816476731,137.4625
2025-04-22T06:00:00+00:00,100.1828816476731,122.1925
2025-04-22T07:00:00+00:00,98.1897517335524,117.6975
2025-04-22T08:00:00+00:00,96.27944498971293,93.77
2025-04-22T09:00:00+00:00,94.1426000489062,76.9025
2025-04-22T10:00:00+00:00,86.71698691222988,68.5925
2025-04-22T11:00:00+00:00,74.92462019665946,52.9975
2025-04-22T12:00:00+00:00,74.8933729395122,58.1125
2025-04-22T13:00:00+00:00,74.92462019665946,66.0
2025-04-22T14:00:00+00:00,86.71698691222986,81.42999999999999
2025-04-22T15:00:00+00:00,95.1404434638531,97.0025
2025-04-22T16:00:00+00:00,96.01453087905132,123.9975
2025-04-22T17:00:00+00:00,99.4937109517536,141.1925
2025-04-22T18:00:00+00:00,99.89949359554596,165.12
2025-04-22T19:00:00+00:00,99.89949359554596,138.47
2025-04-22T20:00:00+00:00,99.70936559379132,119.97999999999999
2025-04-22T21:00:00+00:00,99.4937109517536,105.5
2025-04-22T22:00:00+00:00,98.30336486178825,101.875
2025-04-22T23:00:00+00:00,97.73049986536853,97.1425
2025-04-23T00:00:00+00:00,99.74013846038093,97.125
2025-04-23T01:00:00+00:00,99.77896054083453,94.4575
2025-04-23T02:00:00+00:00,100.1828816476731,96.66
2025-04-23T03:00:00+00:00,99.72995609042822,107.6125
2025-04-23T04:00:00+00:00,100.1828816476731,142.14000000000001
2025-04-23T05:00:00+00:00,100.49812501523085,174.62
2025-04-23T06:00:00+00:00,100.1828816476731,146.52
2025-04-23T07:00:00+00:00,99.29779278835562,108.595
2025-04-23T08:00:00+00:00,97.0494658507073,99.4025
2025-04-23T09:00:00+00:00,93.71918432169477,91.0
2025-04-23T10:00:00+00:00,80.66223853631467,85.4525
2025-04-23T11:00:00+00:00,74.41159254128694,80.8575
2025-04-23T12:00:00+00:00,74.40647923913801,81.49249999999999
2025-04-23T13:00:00+00:00,80.99237220976424,90.0775
2025-04-23T14:00:00+00:00,87.44147970792422,101.8025
2025-04-23T15:00:00+00:00,94.35758665342053,118.3
2025-04-23T16:00:00+00:00,95.1404434638531,134.2725
2025-04-23T17:00:00+00:00,97.54867173460941,157.2175
2025-04-23T18:00:00+00:00,98.20915998761814,159.45
2025-04-23T19:00:00+00:00,98.13627817531652,129.57999999999998
2025-04-23T20:00:00+00:00,97.0494658507073,113.06
2025-04-23T21:00:00+00:00,95.60953979901927,98.8025
2025-04-23T22:00:00+00:00,95.1404434638531,90.2025
2025-04-23T23:00:00+00:00,95.1404434638531,86.94999999999999
2025-04-24T00:00:00+00:00,96.56255821931057,86.1525
2025-04-24T01:00:00+00:00,96.56255601618855,86.5275
2025-04-24T02:00:00+00:00,96.76034714926261,86.8825
2025-04-24T03:00:00+00:00,97.0494658507073,92.2
2025-04-24T04:00:00+00:00,97.70208945157826,113.7125
2025-04-24T05:00:00+00:00,97.87992246199084,128.4125
2025-04-24T06:00:00+00:00,97.49401065237974,125.9975
2025-04-24T07:00:00+00:00,97.49385540301576,113.9975
2025-04-24T08:00:00+00:00,97.03736198613709,100.6975
2025-04-24T09:00:00+00:00,95.76174188758554,97.36
2025-04-24T10:00:00+00:00,95.33425140114514,87.0
2025-04-24T11:00:00+00:00,95.1404434638531,84.8425
2025-04-24T12:00:00+00:00,95.1404434638531,84.42
2025-04-24T13:00:00+00:00,95.1404434638531,89.7475
2025-04-24T14:00:00+00:00,95.14173131997772,90.9975
2025-04-24T15:00:00+00:00,95.62132793333363,99.39999999999999
2025-04-24T16:00:00+00:00,97.04946585070732,114.5125
2025-04-24T17:00:00+00:00,97.95015621208482,132.055
2025-04-24T18:00:00+00:00,98.1897517335524,129.70499999999998
2025-04-24T19:00:00+00:00,98.00815968396705,118.9975
2025-04-24T20:00:00+00:00,97.0494658507073,102.7
2025-04-24T21:00:00+00:00,96.71958619589908,93.91
2025-04-24T22:00:00+00:00,96.9780540110108,89.9475
2025-04-24T23:00:00+00:00,96.91827525795898,84.855
2025-04-25T00:00:00+00:00,96.35575009319508,83.87
2025-04-25T01:00:00+00:00,96.35575009319508,83.7625
2025-04-25T02:00:00+00:00,96.35575009319508,85.45750000000001
2025-04-25T03:00:00+00:00,96.3557500931951,92.15
2025-04-25T04:00:00+00:00,97.37112359499724,109.16
2025-04-25T05:00:00+00:00,98.20915998761814,117.60499999999999
2025-04-25T06:00:00+00:00,97.97030561402191,117.19749999999999
2025-04-25T07:00:00+00:00,97.0494658507073,102.44
2025-04-25T08:00:00+00:00,96.140550353081,87.805
2025-04-25T09:00:00+00:00,95.90279941070276,81.175
2025-04-25T10:00:00+00:00,90.98459555227922,69.4525
2025-04-25T11:00:00+00:00,80.99237220976424,58.2425
2025-04-25T12:00:00+00:00,74.62028321381518,53.735
2025-04-25T13:00:00+00:00,81.64406402133763,61.0025
2025-04-25T14:00:00+00:00,83.10722496025832,74.995
2025-04-25T15:00:00+00:00,91.55155640693944,87.395
2025-04-25T16:00:00+00:00,96.05423671064295,106.5975
2025-04-25T17:00:00+00:00,97.0494658507073,121.76
2025-04-25T18:00:00+00:00,99.4937109517536,128.1175
2025-04-25T19:00:00+00:00,99.4937109517536,114.5975
2025-04-25T20:00:00+00:00,98.20915998761814,102.0625
2025-04-25T21:00:00+00:00,97.88577359941907,93.6975
2025-04-25T22:00:00+00:00,97.63792287792573,93.32
2025-04-25T23:00:00+00:00,97.0494658507073,86.99
2025-04-26T00:00:00+00:00,97.04947581763422,87.64
2025-04-26T01:00:00+00:00,97.04947581763409,88.3625
2025-04-26T02:00:00+00:00,97.0494758176342,87.7625
2025-04-26T03:00:00+00:00,97.04947581763436,90.7
2025-04-26T04:00:00+00:00,97.04947581763423,88.4325
2025-04-26T05:00:00+00:00,97.04947581763423,88.7625
2025-04-26T06:00:00+00:00,97.0494658507073,80.0
2025-04-26T07:00:00+00:00,95.1404434638531,53.3025
2025-04-26T08:00:00+00:00,67.35408777854967,18.8125
2025-04-26T09:00:00+00:00,42.410424639415865,-0.2599999999999998
2025-04-26T10:00:00+00:00,30.65383528308465,-2.8075
2025-04-26T11:00:00+00:00,27.322803680981593,-12.475000000000001
2025-04-26T12:00:00+00:00,27.21152349060899,-9.02
2025-04-26T13:00:00+00:00,27.217652621726515,-3.437500000000001
2025-04-26T14:00:00+00:00,35.46275830609878,-0.10249999999999959
2025-04-26T15:00:00+00:00,50.661422394366504,51.302499999999995
2025-04-26T16:00:00+00:00,63.77676863524972,80.9975
2025-04-26T17:00:00+00:00,72.53090553655576,102.9975
2025-04-26T18:00:00+00:00,77.44685383159188,111.32
2025-04-26T19:00:00+00:00,77.47597079820825,95.0225
2025-04-26T20:00:00+00:00,72.7215095393042,88.545
2025-04-26T21:00:00+00:00,72.72022577415154,76.07
2025-04-26T22:00:00+00:00,72.53090553655576,77.0325
2025-04-26T23:00:00+00:00,72.4158431310322,68.9225
2025-04-27T00:00:00+00:00,88.7546463414699,70.2
2025-04-27T01:00:00+00:00,88.91531080974197,68.905
2025-04-27T02:00:00+00:00,88.91567998948021,68.8575
2025-04-27T03:00:00+00:00,88.65343663559808,70.2025
2025-04-27T04:00:00+00:00,89.3906218260881,69.0025
2025-04-27T05:00:00+00:00,90.45428842482134,64.9975
2025-04-27T06:00:00+00:00,89.33560757083468,27.51
2025-04-27T07:00:00+00:00,65.20507088629742,4.7799999999999985
2025-04-27T08:00:00+00:00,29.201305641774336,-4.127499999999999
2025-04-27T09:00:00+00:00,20.41331893790761,-28.9925
2025-04-27T10:00:00+00:00,19.979914529914524,-62.800000000000004
2025-04-27T11:00:00+00:00,0.9776526616763559,-89.4725
2025-04-27T12:00:00+00:00,-0.0,-85.3125
2025-04-27T13:00:00+00:00,0.7996075740102314,-43.115
2025-04-27T14:00:00+00:00,19.245136923266234,-4.48
2025-04-27T15:00:00+00:00,28.445456198684006,32.6575
2025-04-27T16:00:00+00:00,37.57683252816867,93.2275
2025-04-27T17:00:00+00:00,86.94009451506327,126.4325
2025-04-27T18:00:00+00:00,97.0494658507073,130.8975
2025-04-27T19:00:00+00:00,97.80267981484069,118.08
2025-04-27T20:00:00+00:00,97.0494658507073,107.4325
2025-04-27T21:00:00+00:00,97.0494658507073,95.8675
2025-04-27T22:00:00+00:00,93.39354328362077,92.32249999999999
2025-04-27T23:00:00+00:00,93.85315019875259,87.0
2025-04-28T00:00:00+00:00,97.76139844871793,86.785
2025-04-28T01:00:00+00:00,97.78282303844641,86.2
2025-04-28T02:00:00+00:00,97.78282303843665,88.89
2025-04-28T03:00:00+00:00,97.98287547281937,105.2775
2025-04-28T04:00:00+00:00,98.49296999751523,130.2425
2025-04-28T05:00:00+00:00,99.49371095175474,135.2
2025-04-28T06:00:00+00:00,99.4937109517535,110.6025
2025-04-28T07:00:00+00:00,96.93092146274851,82.60000000000001
2025-04-28T08:00:00+00:00,71.35533259790091,54.0175
2025-04-28T09:00:00+00:00,31.968127278666024,7.5275
2025-04-28T10:00:00+00:00,27.322803680981604,1.6799999999999997
2025-04-28T11:00:00+00:00,21.59497984662641,1.0675
2025-04-28T12:00:00+00:00,19.979914529914524,2.2925000000000004
2025-04-28T13:00:00+00:00,20.179071574532003,4.9825
2025-04-28T14:00:00+00:00,29.91590347260151,35.5075
2025-04-28T15:00:00+00:00,36.45808736636589,85.5625
2025-04-28T16:00:00+00:00,63.92941076007501,116.6025
2025-04-28T17:00:00+00:00,95.1404434638483,151.66
2025-04-28T18:00:00+00:00,97.0494658507073,183.745
2025-04-28T19:00:00+00:00,97.0494658507073,136.9975
2025-04-28T20:00:00+00:00,95.14504780133541,120.32499999999999
2025-04-28T21:00:00+00:00,95.14044605929097,101.495
2025-04-28T22:00:00+00:00,95.14044346386217,96.97
2025-04-28T23:00:00+00:00,95.14044346386487,94.67750000000001
2025-04-29T00:00:00+00:00,98.18975173347187,90.9
2025-04-29T01:00:00+00:00,97.97030561403017,86.7875
2025-04-29T02:00:00+00:00,98.18975173355216,89.7025
2025-04-29T03:00:00+00:00,98.91438841671936,94.8675
2025-04-29T04:00:00+00:00,99.4937109517536,121.22
2025-04-29T05:00:00+00:00,100.1267971471951,122.9975
2025-04-29T06:00:00+00:00,99.15862261040918,99.38250000000001
2025-04-29T07:00:00+00:00,96.18775779931067,68.705
2025-04-29T08:00:00+00:00,64.19109610376333,23.0625
2025-04-29T09:00:00+00:00,35.9309,4.614999999999999
2025-04-29T10:00:00+00:00,27.322803680981593,-4.9025
2025-04-29T11:00:00+00:00,27.322803680981597,-6.699999999999999
2025-04-29T12:00:00+00:00,27.322803680981593,-4.9025
2025-04-29T13:00:00+00:00,27.322803680981593,1.2900000000000005
2025-04-29T14:00:00+00:00,32.35360599616239,19.1
2025-04-29T15:00:00+00:00,49.855329721794945,74.6075
2025-04-29T16:00:00+00:00,76.13629882434819,103.8975
2025-04-29T17:00:00+00:00,93.85315019875347,139.67000000000002
2025-04-29T18:00:00+00:00,95.19591428514372,169.6025
2025-04-29T19:00:00+00:00,95.32382068211575,136.27
2025-04-29T20:00:00+00:00,95.14044346385332,111.565
2025-04-29T21:00:00+00:00,95.14044346385099,99.7
2025-04-29T22:00:00+00:00,95.14044346385404,96.21
2025-04-29T23:00:00+00:00,95.1404434638531,88.8075
2025-04-30T00:00:00+00:00,97.97030561402191,86.4025
2025-04-30T01:00:00+00:00,97.97030561402201,86.625
2025-04-30T02:00:00+00:00,98.1897517335524,86.84
2025-04-30T03:00:00+00:00,99.18943639604039,96.2975
2025-04-30T04:00:00+00:00,100.07178941136337,119.25
2025-04-30T05:00:00+00:00,100.1828816476731,119.8575
2025-04-30T06:00:00+00:00,99.49371095175349,99.205
2025-04-30T07:00:00+00:00,97.0494658507073,74.3125
2025-04-30T08:00:00+00:00,72.36284111402651,28.8975
2025-04-30T09:00:00+00:00,44.40920919507914,1.1825
2025-04-30T10:00:00+00:00,27.434728287567538,-4.275
2025-04-30T11:00:00+00:00,27.416049347826768,-5.0
2025-04-30T12:00:00+00:00,27.322803680981593,-4.760000000000001
2025-04-30T13:00:00+00:00,27.322803680981593,-0.0999999999999992
2025-04-30T14:00:00+00:00,31.754804668847193,20.8325
2025-04-30T15:00:00+00:00,45.47147122378512,70.94
2025-04-30T16:00:00+00:00,76.61456283252832,98.95
2025-04-30T17:00:00+00:00,95.1404434638531,136.4725
2025-04-30T18:00:00+00:00,97.04946652948938,163.1975
2025-04-30T19:00:00+00:00,97.04951988412535,124.63
2025-04-30T20:00:00+00:00,97.0494658506996,106.4475
2025-04-30T21:00:00+00:00,97.04946578791932,91.825
2025-04-30T22:00:00+00:00,97.04910073019153,95.82249999999999
2025-04-30T23:00:00+00:00,96.48378815203537,92.325
2025-05-01T00:00:00+00:00,97.9581858517955,87.7025
2025-05-01T01:00:00+00:00,97.9708926712091,86.05
2025-05-01T02:00:00+00:00,97.97089267120909,88.9
2025-05-01T03:00:00+00:00,97.97089267120862,87.2875
2025-05-01T04:00:00+00:00,97.97089267121036,87.8275
2025-05-01T05:00:00+00:00,98.1897517335524,83.1975
2025-05-01T06:00:00+00:00,97.0494658507073,48.28
2025-05-01T07:00:00+00:00,92.90941110634833,10.46
2025-05-01T08:00:00+00:00,32.96739804106576,-11.7
2025-05-01T09:00:00+00:00,27.405962876279652,-32.402499999999996
2025-05-01T10:00:00+00:00,27.32280368098159,-61.865
2025-05-01T11:00:00+00:00,19.979914529914524,-79.785
2025-05-01T12:00:00+00:00,19.481482860838113,-97.62
2025-05-01T13:00:00+00:00,19.979914529914524,-51.545
2025-05-01T14:00:00+00:00,27.29199358546899,-6.892500000000001
2025-05-01T15:00:00+00:00,30.06127415489189,34.86
2025-05-01T16:00:00+00:00,63.82420479216656,88.55
2025-05-01T17:00:00+00:00,89.79975925925925,112.8275
2025-05-01T18:00:00+00:00,95.1404434638531,134.0
2025-05-01T19:00:00+00:00,95.1404434638531,120.555
2025-05-01T20:00:00+00:00,95.79410004573504,106.095
2025-05-01T21:00:00+00:00,95.1404434638531,94.1075
2025-05-01T22:00:00+00:00,86.82972949504338,83.9975
2025-05-01T23:00:00+00:00,86.82972949504338,81.7
2025-05-02T00:00:00+00:00,94.9775715646758,76.2
2025-05-02T01:00:00+00:00,93.85315019875031,71.5
2025-05-02T02:00:00+00:00,93.85315019875257,70.9
2025-05-02T03:00:00+00:00,94.96411128407138,77.3725
2025-05-02T04:00:00+00:00,96.21312737919492,88.9975
2025-05-02T05:00:00+00:00,97.02131523370856,89.98750000000001
2025-05-02T06:00:00+00:00,95.1404434638531,80.89750000000001
2025-05-02T07:00:00+00:00,80.99237220976424,58.23
2025-05-02T08:00:00+00:00,49.4449932488794,11.602500000000001
2025-05-02T09:00:00+00:00,27.44703975402655,-0.4024999999999981
2025-05-02T10:00:00+00:00,27.326399348818153,-4.005
2025-05-02T11:00:00+00:00,27.254531247533816,-14.559999999999999
2025-05-02T12:00:00+00:00,19.97991452991453,-18.74
2025-05-02T13:00:00+00:00,21.324754617468162,-7.22
2025-05-02T14:00:00+00:00,27.322803680981597,-0.8199999999999994
2025-05-02T15:00:00+00:00,32.424572366728825,45.512499999999996
2025-05-02T16:00:00+00:00,59.536053332966446,90.145
2025-05-02T17:00:00+00:00,80.6847873228157,118.24000000000001
2025-05-02T18:00:00+00:00,92.0119465700593,136.275
2025-05-02T19:00:00+00:00,96.45533942139467,114.99249999999999
2025-05-02T20:00:00+00:00,95.1404434638531,98.7575
2025-05-02T21:00:00+00:00,86.71698691222444,88.13
2025-05-02T22:00:00+00:00,86.71698691222986,95.9975
2025-05-02T23:00:00+00:00,86.71698691222986,90.8
2025-05-03T00:00:00+00:00,95.55123633788895,87.9975
2025-05-03T01:00:00+00:00,96.12920774105494,86.9975
2025-05-03T02:00:00+00:00,96.12920774105493,86.0975
2025-05-03T03:00:00+00:00,96.12920774105511,87.2225
2025-05-03T04:00:00+00:00,96.27848795581198,91.6
2025-05-03T05:00:00+00:00,96.32726964977368,85.6025
2025-05-03T06:00:00+00:00,96.29090775507278,72.78
2025-05-03T07:00:00+00:00,86.71698691222986,41.5425
2025-05-03T08:00:00+00:00,49.4449932488794,6.2425
2025-05-03T09:00:00+00:00,27.953573844683156,-0.5699999999999985
2025-05-03T10:00:00+00:00,27.435750900552783,-1.4100000000000004
2025-05-03T11:00:00+00:00,27.322803680981593,-3.5324999999999998
2025-05-03T12:00:00+00:00,27.322803680981597,-4.3725000000000005
2025-05-03T13:00:00+00:00,27.322803680981593,0.9049999999999997
2025-05-03T14:00:00+00:00,27.953573844683156,2.8000000000000007
2025-05-03T15:00:00+00:00,30.048366866696583,33.755
2025-05-03T16:00:00+00:00,36.39354969401541,68.6
2025-05-03T17:00:00+00:00,48.524732925353895,84.9725
2025-05-03T18:00:00+00:00,48.524732925353895,93.715
2025-05-03T19:00:00+00:00,48.524732925353895,89.0
2025-05-03T20:00:00+00:00,48.524732925353895,71.0025
2025-05-03T21:00:00+00:00,45.39353898832604,59.7875
2025-05-03T22:00:00+00:00,45.397081211973344,49.0025
2025-05-03T23:00:00+00:00,36.39354969401541,35.6325
2025-05-04T00:00:00+00:00,35.93090000000001,20.93
2025-05-04T01:00:00+00:00,35.930899999999994,19.0
2025-05-04T02:00:00+00:00,34.06959717779412,18.0
2025-05-04T03:00:00+00:00,33.90264346135608,17.45
2025-05-04T04:00:00+00:00,32.99563592699395,16.35
2025-05-04T05:00:00+00:00,35.930899999999994,11.0975
2025-05-04T06:00:00+00:00,30.03403926763752,9.0
2025-05-04T07:00:00+00:00,28.89305892429789,2.509999999999998
2025-05-04T08:00:00+00:00,19.979914529914527,1.0600000000000005
2025-05-04T09:00:00+00:00,19.979914529914527,-0.2574999999999994
2025-05-04T10:00:00+00:00,19.979914529914527,-0.24749999999999872
2025-05-04T11:00:00+00:00,19.427247844480224,-0.2650000000000001
2025-05-04T12:00:00+00:00,1.4443604633962615,-0.38999999999999946
2025-05-04T13:00:00+00:00,14.278156368005593,0.8575000000000004
2025-05-04T14:00:00+00:00,19.427247844480224,1.9224999999999994
2025-05-04T15:00:00+00:00,21.324754617468464,46.2675
2025-05-04T16:00:00+00:00,30.96252701753249,81.64
2025-05-04T17:00:00+00:00,68.38971716882958,101.0025
2025-05-04T18:00:00+00:00,81.18850769621932,118.33749999999999
2025-05-04T19:00:00+00:00,86.71698691222986,102.89
2025-05-04T20:00:00+00:00,86.71698691222986,91.8225
2025-05-04T21:00:00+00:00,80.8037044198895,84.3875
2025-05-04T22:00:00+00:00,77.45205944268456,83.7925
2025-05-04T23:00:00+00:00,76.77321358739361,80.165
2025-05-05T00:00:00+00:00,92.19501213409904,76.9325
2025-05-05T01:00:00+00:00,93.39410120789215,76.54
2025-05-05T02:00:00+00:00,93.85315019875259,78.1275
2025-05-05T03:00:00+00:00,95.1404434638531,85.855
2025-05-05T04:00:00+00:00,97.0494658507073,108.475
2025-05-05T05:00:00+00:00,98.1897517335524,124.785
2025-05-05T06:00:00+00:00,97.0494658507073,102.805
2025-05-05T07:00:00+00:00,86.98088344029601,82.0025
2025-05-05T08:00:00+00:00,65.23566258022198,72.425
2025-05-05T09:00:00+00:00,39.34965692639818,60.370000000000005
2025-05-05T10:00:00+00:00,36.585146969059714,56.834999999999994
2025-05-05T11:00:00+00:00,35.93090000000001,48.72
2025-05-05T12:00:00+00:00,46.06804119181247,52.2875
2025-05-05T13:00:00+00:00,50.162735683844204,57.2425
2025-05-05T14:00:00+00:00,65.23566258022198,63.3125
2025-05-05T15:00:00+00:00,74.2892996937121,80.8825
2025-05-05T16:00:00+00:00,76.86592729482784,104.7825
2025-05-05T17:00:00+00:00,86.980883440296,125.9825
2025-05-05T18:00:00+00:00,95.1404434638531,154.0
2025-05-05T19:00:00+00:00,95.1404434638531,120.975
2025-05-05T20:00:00+00:00,89.89990360887683,102.0
2025-05-05T21:00:00+00:00,86.980883440296,91.9325
2025-05-05T22:00:00+00:00,86.980883440296,78.055
2025-05-05T23:00:00+00:00,86.98088344029601,78.5625
2025-05-06T00:00:00+00:00,95.14044346385117,82.8275
2025-05-06T01:00:00+00:00,95.14044346385047,82.795
2025-05-06T02:00:00+00:00,95.14044346382417,83.92
2025-05-06T03:00:00+00:00,97.04946585067138,91.95
2025-05-06T04:00:00+00:00,98.18975173339996,110.41
2025-05-06T05:00:00+00:00,98.20974856520826,117.545
2025-05-06T06:00:00+00:00,98.2097485652086,99.1
2025-05-06T07:00:00+00:00,95.1404434638531,87.41499999999999
2025-05-06T08:00:00+00:00,58.42977766826641,68.4
2025-05-06T09:00:00+00:00,55.110632410142884,44.605
2025-05-06T10:00:00+00:00,55.11063241014288,33.1975
2025-05-06T11:00:00+00:00,48.03116470013625,26.1175
2025-05-06T12:00:00+00:00,35.9309,30.252499999999998
2025-05-06T13:00:00+00:00,39.96129139260037,45.675
2025-05-06T14:00:00+00:00,43.38192715221267,69.735
2025-05-06T15:00:00+00:00,57.656770377664,92.5525
2025-05-06T16:00:00+00:00,80.99237220978677,106.5
2025-05-06T17:00:00+00:00,94.44107364339129,131.6
2025-05-06T18:00:00+00:00,95.1404434638531,139.05
2025-05-06T19:00:00+00:00,95.23016713267077,127.24000000000001
2025-05-06T20:00:00+00:00,95.1404434638525,112.225
2025-05-06T21:00:00+00:00,95.14044346385126,100.24000000000001
2025-05-06T22:00:00+00:00,95.14044346385504,92.6475
2025-05-06T23:00:00+00:00,95.1404434638531,88.6
2025-05-07T00:00:00+00:00,97.97089267120909,87.16
2025-05-07T01:00:00+00:00,98.06209883802167,88.1375
2025-05-07T02:00:00+00:00,98.16327589615388,93.3575
2025-05-07T03:00:00+00:00,99.08413685960788,102.60249999999999
2025-05-07T04:00:00+00:00,100.02104385249427,126.02
2025-05-07T05:00:00+00:00,100.399111742122,135.495
2025-05-07T06:00:00+00:00,100.18348278878847,123.685
2025-05-07T07:00:00+00:00,97.0494658507074,91.29
2025-05-07T08:00:00+00:00,92.53125269701104,72.555
2025-05-07T09:00:00+00:00,72.78709938803047,65.6175
2025-05-07T10:00:00+00:00,72.78709938803047,58.4675
2025-05-07T11:00:00+00:00,72.53444760663079,53.245
2025-05-07T12:00:00+00:00,72.38062727293456,60.535000000000004
2025-05-07T13:00:00+00:00,72.78709938803047,73.1425
2025-05-07T14:00:00+00:00,75.26735025191874,83.285
2025-05-07T15:00:00+00:00,80.8037044198895,98.7325
2025-05-07T16:00:00+00:00,88.07206617313041,110.9925
2025-05-07T17:00:00+00:00,95.1404434638531,131.585
2025-05-07T18:00:00+00:00,97.0494658507073,143.97
2025-05-07T19:00:00+00:00,97.04946585070729,128.3425
2025-05-07T20:00:00+00:00,97.04946585070729,110.3
2025-05-07T21:00:00+00:00,97.04946585070729,99.9
2025-05-07T22:00:00+00:00,97.04946585070729,91.9975
2025-05-07T23:00:00+00:00,95.14044346385288,87.2
2025-05-08T00:00:00+00:00,97.72902285620133,86.6
2025-05-08T01:00:00+00:00,97.83028946734788,86.7025
2025-05-08T02:00:00+00:00,97.9708926712091,92.0025
2025-05-08T03:00:00+00:00,98.2097485652086,101.545
2025-05-08T04:00:00+00:00,99.49371095175434,120.89500000000001
2025-05-08T05:00:00+00:00,99.49371095175522,135.9025
2025-05-08T06:00:00+00:00,99.4937109517536,118.35249999999999
2025-05-08T07:00:00+00:00,97.04946585070732,96.0025
2025-05-08T08:00:00+00:00,94.14315494633574,78.7975
2025-05-08T09:00:00+00:00,74.29152568496227,68.2125
2025-05-08T10:00:00+00:00,67.47874822074009,58.22
2025-05-08T11:00:00+00:00,58.03120085004311,56.7
2025-05-08T12:00:00+00:00,70.14243555500904,63.75
2025-05-08T13:00:00+00:00,71.11976483006623,73.705
2025-05-08T14:00:00+00:00,71.83891658563455,81.3425
2025-05-08T15:00:00+00:00,78.20997232482294,94.60249999999999
2025-05-08T16:00:00+00:00,89.06385897950858,108.5825
2025-05-08T17:00:00+00:00,95.1404434638531,135.6025
2025-05-08T18:00:00+00:00,95.78522211417943,157.1375
2025-05-08T19:00:00+00:00,96.16991170861151,137.14
2025-05-08T20:00:00+00:00,95.78522211417943,115.08500000000001
2025-05-08T21:00:00+00:00,95.78522211417942,105.08500000000001
2025-05-08T22:00:00+00:00,95.1404434638531,101.34
2025-05-08T23:00:00+00:00,95.1404434638531,96.0925
2025-05-09T00:00:00+00:00,98.2097485652086,94.0575
2025-05-09T01:00:00+00:00,98.2097485652086,93.4675
2025-05-09T02:00:00+00:00,98.20974856520861,97.175
2025-05-09T03:00:00+00:00,99.4937109517536,110.3725
2025-05-09T04:00:00+00:00,100.18348278878847,131.7875
2025-05-09T05:00:00+00:00,100.18348278878847,132.9225
2025-05-09T06:00:00+00:00,99.4937109517536,109.97
2025-05-09T07:00:00+00:00,95.1404434638531,87.8375
2025-05-09T08:00:00+00:00,66.53891807606433,65.2025
2025-05-09T09:00:00+00:00,51.83634075582322,32.205
2025-05-09T10:00:00+00:00,29.9493459834362,14.8125
2025-05-09T11:00:00+00:00,23.751745046710823,12.977500000000001
2025-05-09T12:00:00+00:00,23.60206099960476,17.82
2025-05-09T13:00:00+00:00,37.65427599129196,51.9525
2025-05-09T14:00:00+00:00,51.96679541719735,56.5275
2025-05-09T15:00:00+00:00,66.52229355231921,74.4425
2025-05-09T16:00:00+00:00,72.97334414073076,97.1925
2025-05-09T17:00:00+00:00,82.86647738852774,123.2975
2025-05-09T18:00:00+00:00,93.39410120789215,157.4625
2025-05-09T19:00:00+00:00,94.51414298537924,133.4025
2025-05-09T20:00:00+00:00,95.1404434638531,112.165
2025-05-09T21:00:00+00:00,93.39410120789215,103.065
2025-05-09T22:00:00+00:00,88.69639140309228,99.925
2025-05-09T23:00:00+00:00,88.69639140309229,99.1975
2025-05-10T00:00:00+00:00,97.04946585070672,96.4975
2025-05-10T01:00:00+00:00,97.04946585070705,95.9375
2025-05-10T02:00:00+00:00,97.0494658507073,94.625
2025-05-10T03:00:00+00:00,97.04946585070103,99.83250000000001
2025-05-10T04:00:00+00:00,97.84836054849126,98.885
2025-05-10T05:00:00+00:00,97.99453825591365,95.0025
2025-05-10T06:00:00+00:00,97.04946585070728,67.875
2025-05-10T07:00:00+00:00,86.7169869122299,23.1
2025-05-10T08:00:00+00:00,47.75941880405773,-2.8000000000000003
2025-05-10T09:00:00+00:00,28.705415520403278,-15.8475
2025-05-10T10:00:00+00:00,23.894036173441737,-47.1875
2025-05-10T11:00:00+00:00,20.174743021012397,-62.4225
2025-05-10T12:00:00+00:00,19.97991452991453,-62.875
2025-05-10T13:00:00+00:00,19.97991452991451,-33.3875
2025-05-10T14:00:00+00:00,20.174743021012407,-5.307500000000002
2025-05-10T15:00:00+00:00,28.878884438155954,40.415
2025-05-10T16:00:00+00:00,35.930900000000015,94.2
2025-05-10T17:00:00+00:00,69.96323437416511,110.7
2025-05-10T18:00:00+00:00,80.41232865921542,130.2
2025-05-10T19:00:00+00:00,80.99237220976423,117.9975
2025-05-10T20:00:00+00:00,77.60587732807859,99.2
2025-05-10T21:00:00+00:00,77.60344671782428,89.865
2025-05-10T22:00:00+00:00,74.47386741413237,84.7475
2025-05-10T23:00:00+00:00,74.47386741413236,80.395
2025-05-11T00:00:00+00:00,83.54406885597331,78.03
2025-05-11T01:00:00+00:00,83.5440688559732,76.1375
2025-05-11T02:00:00+00:00,83.54406885597206,76.02000000000001
2025-05-11T03:00:00+00:00,83.54406885597072,75.695
2025-05-11T04:00:00+00:00,83.5440688559725,69.9975
2025-05-11T05:00:00+00:00,83.5440688559729,56.7025
2025-05-11T06:00:00+00:00,83.54406885597209,16.0
2025-05-11T07:00:00+00:00,35.93089999999989,4.25
2025-05-11T08:00:00+00:00,26.43166400219056,-38.725
2025-05-11T09:00:00+00:00,22.76995787668373,-81.21
2025-05-11T10:00:00+00:00,19.979914529914524,-109.06
2025-05-11T11:00:00+00:00,-0.0,-159.845
2025-05-11T12:00:00+00:00,-0.0,-167.395
2025-05-11T13:00:00+00:00,1.485190290035801,-125.3225
2025-05-11T14:00:00+00:00,19.979914529914524,-69.5575
2025-05-11T15:00:00+00:00,20.544214036219234,-1.597500000000001
2025-05-11T16:00:00+00:00,27.62185969676224,54.545
2025-05-11T17:00:00+00:00,45.10009142853551,84.30250000000001
2025-05-11T18:00:00+00:00,68.97427621939184,105.595
2025-05-11T19:00:00+00:00,69.02098245275492,100.275
2025-05-11T20:00:00+00:00,56.70044078930394,92.0925
2025-05-11T21:00:00+00:00,47.72113240236857,82.4
2025-05-11T22:00:00+00:00,40.5353609543231,64.1975
2025-05-11T23:00:00+00:00,40.5450740605007,59.88
2025-05-12T00:00:00+00:00,78.19884591182479,60.3175
2025-05-12T01:00:00+00:00,78.19884591182486,60.2
2025-05-12T02:00:00+00:00,78.19884591182485,64.05250000000001
2025-05-12T03:00:00+00:00,80.80370441988887,75.7
2025-05-12T04:00:00+00:00,93.39410120789354,100.10249999999999
2025-05-12T05:00:00+00:00,95.11185835954514,107.005
2025-05-12T06:00:00+00:00,94.73640584259047,81.8975
2025-05-12T07:00:00+00:00,77.08011310739963,51.325
2025-05-12T08:00:00+00:00,37.689219723196445,29.265
2025-05-12T09:00:00+00:00,21.6821415924021,11.262500000000001
2025-05-12T10:00:00+00:00,19.979914529914538,-30.645
2025-05-12T11:00:00+00:00,-0.0,-44.375
2025-05-12T12:00:00+00:00,-0.0,-32.285
2025-05-12T13:00:00+00:00,-0.0,-8.925
2025-05-12T14:00:00+00:00,19.979914529914538,26.2125
2025-05-12T15:00:00+00:00,22.023388010496273,46.1
2025-05-12T16:00:00+00:00,35.93089999999951,71.3025
2025-05-12T17:00:00+00:00,73.67704215111401,95.9975
2025-05-12T18:00:00+00:00,80.99237220976447,127.5575
2025-05-12T19:00:00+00:00,86.71698691223037,119.2975
2025-05-12T20:00:00+00:00,79.29214439479549,94.2
2025-05-12T21:00:00+00:00,76.72631272433097,81.9025
2025-05-12T22:00:00+00:00,74.55174349506393,89.9975
2025-05-12T23:00:00+00:00,74.54449115003176,88.585
2025-05-13T00:00:00+00:00,93.37467114089914,88.5825
2025-05-13T01:00:00+00:00,93.39410120789215,90.48750000000001
2025-05-13T02:00:00+00:00,95.1404434638531,97.0025
2025-05-13T03:00:00+00:00,96.35038112571054,107.875
2025-05-13T04:00:00+00:00,98.1897517335524,135.0425
2025-05-13T05:00:00+00:00,98.99584688092156,137.88
2025-05-13T06:00:00+00:00,98.1897517335524,105.6925
2025-05-13T07:00:00+00:00,93.39410120789215,78.28
2025-05-13T08:00:00+00:00,59.09461683776421,37.2675
2025-05-13T09:00:00+00:00,29.329881263222475,3.397499999999999
2025-05-13T10:00:00+00:00,21.838430171439356,-12.9
2025-05-13T11:00:00+00:00,19.979914529914524,-17.1625
2025-05-13T12:00:00+00:00,15.628057751182665,-14.9925
2025-05-13T13:00:00+00:00,19.979914529914524,-0.022500000000000034
2025-05-13T14:00:00+00:00,21.838430171439356,25.200000000000003
2025-05-13T15:00:00+00:00,28.629273726837226,80.605
2025-05-13T16:00:00+00:00,60.74427915732318,113.0025
2025-05-13T17:00:00+00:00,80.99237220976424,148.0
2025-05-13T18:00:00+00:00,86.71698691222986,182.7075
2025-05-13T19:00:00+00:00,93.85315019875259,150.4
2025-05-13T20:00:00+00:00,86.71698691222986,122.3775
2025-05-13T21:00:00+00:00,82.06876934414757,109.75
2025-05-13T22:00:00+00:00,80.99237220976424,102.1
2025-05-13T23:00:00+00:00,82.06876934414757,99.205
2025-05-14T00:00:00+00:00,95.1404434638531,97.2975
2025-05-14T01:00:00+00:00,95.95915561579139,96.31
2025-05-14T02:00:00+00:00,96.54701879450312,99.9425
2025-05-14T03:00:00+00:00,97.0494658507073,111.425
2025-05-14T04:00:00+00:00,98.20974856520418,138.44
2025-05-14T05:00:00+00:00,99.80303148603157,132.9375
2025-05-14T06:00:00+00:00,98.1897517335524,106.6475
2025-05-14T07:00:00+00:00,86.71698691222986,72.9225
2025-05-14T08:00:00+00:00,32.62689589568205,11.770000000000001
2025-05-14T09:00:00+00:00,23.78048069178562,-4.765
2025-05-14T10:00:00+00:00,16.10038216188132,-35.4575
2025-05-14T11:00:00+00:00,1.3776669781122663,-56.74
2025-05-14T12:00:00+00:00,-0.0,-51.8975
2025-05-14T13:00:00+00:00,-0.0,-29.7675
2025-05-14T14:00:00+00:00,-0.0,-4.57
2025-05-14T15:00:00+00:00,19.979914529914524,51.162499999999994
2025-05-14T16:00:00+00:00,28.558044891466682,96.77
2025-05-14T17:00:00+00:00,56.19061955605915,124.67
2025-05-14T18:00:00+00:00,66.97147861435964,149.825
2025-05-14T19:00:00+00:00,67.42897348066934,129.0225
2025-05-14T20:00:00+00:00,67.21386893714293,110.0025
2025-05-14T21:00:00+00:00,67.01307531101696,100.5
2025-05-14T22:00:00+00:00,65.74165683104701,90.065
2025-05-14T23:00:00+00:00,64.69253463462803,84.825
2025-05-15T00:00:00+00:00,80.99237220976494,87.41
2025-05-15T01:00:00+00:00,80.99237220976474,88.1
2025-05-15T02:00:00+00:00,80.99237220976431,87.4
2025-05-15T03:00:00+00:00,86.71698691222986,94.865
2025-05-15T04:00:00+00:00,88.8206541340355,115.855
2025-05-15T05:00:00+00:00,97.0494658507073,118.08
2025-05-15T06:00:00+00:00,95.1404434638531,94.4125
2025-05-15T07:00:00+00:00,61.7929843511599,65.515
2025-05-15T08:00:00+00:00,28.982957816593004,24.775
2025-05-15T09:00:00+00:00,20.21801336529556,-0.04000000000000048
2025-05-15T10:00:00+00:00,4.822188624229229,-9.0725
2025-05-15T11:00:00+00:00,-0.0,-17.5975
2025-05-15T12:00:00+00:00,-0.0,-14.995000000000001
2025-05-15T13:00:00+00:00,-0.0,-12.897499999999999
2025-05-15T14:00:00+00:00,-0.0,-6.08
2025-05-15T15:00:00+00:00,12.41991661960158,23.12
2025-05-15T16:00:00+00:00,21.568661449822645,83.315
2025-05-15T17:00:00+00:00,47.25787259356426,112.6975
2025-05-15T18:00:00+00:00,73.60659021889907,146.23000000000002
2025-05-15T19:00:00+00:00,82.08299998189533,134.095
2025-05-15T20:00:00+00:00,80.99237220976424,110.675
2025-05-15T21:00:00+00:00,73.69412117190268,101.9625
2025-05-15T22:00:00+00:00,73.69412117187858,95.0625
2025-05-15T23:00:00+00:00,73.69412117190268,91.85
2025-05-16T00:00:00+00:00,90.5640155715261,88.6
2025-05-16T01:00:00+00:00,91.55155640693967,88.4075
2025-05-16T02:00:00+00:00,91.55155640693835,89.97999999999999
2025-05-16T03:00:00+00:00,91.55155640693712,97.9175
2025-05-16T04:00:00+00:00,95.1404434638531,116.0425
2025-05-16T05:00:00+00:00,98.20974856521224,117.105
2025-05-16T06:00:00+00:00,97.9708926712091,95.9875
2025-05-16T07:00:00+00:00,80.99237220976424,66.7025
2025-05-16T08:00:00+00:00,35.43927532614367,29.737499999999997
2025-05-16T09:00:00+00:00,28.860241681099083,6.9750000000000005
2025-05-16T10:00:00+00:00,23.87485488782913,1.9175000000000002
2025-05-16T11:00:00+00:00,19.979914529914524,-0.5225
2025-05-16T12:00:00+00:00,3.5544633078609564,-1.085
2025-05-16T13:00:00+00:00,10.250814239584955,1.8624999999999998
2025-05-16T14:00:00+00:00,19.979914529914527,23.2
2025-05-16T15:00:00+00:00,23.87485488782913,59.900000000000006
2025-05-16T16:00:00+00:00,35.43927532614367,90.6725
2025-05-16T17:00:00+00:00,66.72637582833863,111.555
2025-05-16T18:00:00+00:00,85.82223056204964,135.14499999999998
2025-05-16T19:00:00+00:00,81.13032284920439,130.9975
2025-05-16T20:00:00+00:00,88.75464634146343,112.4
2025-05-16T21:00:00+00:00,80.99237220976424,99.9025
2025-05-16T22:00:00+00:00,80.99237220976424,97.155
2025-05-16T23:00:00+00:00,79.69977969615714,91.5925
2025-05-17T00:00:00+00:00,85.56212056013705,87.62
2025-05-17T01:00:00+00:00,85.14333932411282,83.6675
2025-05-17T02:00:00+00:00,84.57071227409965,84.1975
2025-05-17T03:00:00+00:00,84.57071227409962,83.85
2025-05-17T04:00:00+00:00,84.52952633775608,80.83
2025-05-17T05:00:00+00:00,86.71698691222986,75.705
2025-05-17T06:00:00+00:00,82.60953394041226,39.61
2025-05-17T07:00:00+00:00,36.39354969401526,5.1125
2025-05-17T08:00:00+00:00,29.090505449925686,-4.05
2025-05-17T09:00:00+00:00,19.979914529914524,-5.5125
2025-05-17T10:00:00+00:00,19.979914529914524,-14.41
2025-05-17T11:00:00+00:00,19.074234403737496,-25.6225
2025-05-17T12:00:00+00:00,12.30615884949466,-24.75
2025-05-17T13:00:00+00:00,17.367597542205413,-10.0975
2025-05-17T14:00:00+00:00,12.920257060278537,-2.0974999999999997
2025-05-17T15:00:00+00:00,20.21801336529556,14.3
2025-05-17T16:00:00+00:00,28.604710664395455,75.0975
2025-05-17T17:00:00+00:00,63.06699096386679,99.7
2025-05-17T18:00:00+00:00,71.45798037804887,132.055
2025-05-17T19:00:00+00:00,80.99237220976424,123.19749999999999
2025-05-17T20:00:00+00:00,86.71698691222986,113.8675
2025-05-17T21:00:00+00:00,86.71698691222986,103.895
2025-05-17T22:00:00+00:00,80.99237220976424,101.125
2025-05-17T23:00:00+00:00,77.06985816786435,96.9675
2025-05-18T00:00:00+00:00,88.46605513572901,95.13
2025-05-18T01:00:00+00:00,88.46605513378246,90.6
2025-05-18T02:00:00+00:00,88.46773434297907,92.5375
2025-05-18T03:00:00+00:00,88.15344162512439,93.7375
2025-05-18T04:00:00+00:00,88.46773434301356,85.995
2025-05-18T05:00:00+00:00,87.25003290870407,70.11
2025-05-18T06:00:00+00:00,86.71698691222986,50.94
2025-05-18T07:00:00+00:00,74.57487505617618,11.5
2025-05-18T08:00:00+00:00,44.0529029235114,-2.9025
2025-05-18T09:00:00+00:00,28.124064380074017,-11.999999999999998
2025-05-18T10:00:00+00:00,27.322803680981593,-33.4375
2025-05-18T11:00:00+00:00,27.3228036809816,-38.1025
2025-05-18T12:00:00+00:00,20.515790975287192,-39.3975
2025-05-18T13:00:00+00:00,20.59910289501564,-23.57
2025-05-18T14:00:00+00:00,21.866773223539486,-4.49
2025-05-18T15:00:00+00:00,29.101688767022566,12.347500000000002
2025-05-18T16:00:00+00:00,34.16763311970506,70.8125
2025-05-18T17:00:00+00:00,68.02125908710612,104.9
2025-05-18T18:00:00+00:00,88.15344162509172,125.065
2025-05-18T19:00:00+00:00,93.783758590884,121.4975
2025-05-18T20:00:00+00:00,93.51752028338694,112.525
2025-05-18T21:00:00+00:00,91.87108326607961,102.9
2025-05-18T22:00:00+00:00,86.71698691222903,95.77
2025-05-18T23:00:00+00:00,86.71698691222906,88.4
2025-05-19T00:00:00+00:00,95.58071587034698,88.64
2025-05-19T01:00:00+00:00,95.6148161621237,85.7875
2025-05-19T02:00:00+00:00,95.61481616212971,90.1
2025-05-19T03:00:00+00:00,95.61599485167667,100.3
2025-05-19T04:00:00+00:00,98.18975173355244,117.01249999999999
2025-05-19T05:00:00+00:00,99.35660759439014,127.38499999999999
2025-05-19T06:00:00+00:00,99.17626369956093,108.4
2025-05-19T07:00:00+00:00,95.26701456191128,90.6975
2025-05-19T08:00:00+00:00,74.76978396859543,52.3375
2025-05-19T09:00:00+00:00,45.936369467659766,38.6175
2025-05-19T10:00:00+00:00,41.688833949290355,31.697499999999998
2025-05-19T11:00:00+00:00,33.820685598394626,35.5975
2025-05-19T12:00:00+00:00,41.951865960230656,41.5
2025-05-19T13:00:00+00:00,50.13411045712374,58.795
2025-05-19T14:00:00+00:00,56.91356740731224,62.52
2025-05-19T15:00:00+00:00,79.6245088375799,88.245
2025-05-19T16:00:00+00:00,86.71698691222986,119.80250000000001
2025-05-19T17:00:00+00:00,95.14044346385305,137.3825
2025-05-19T18:00:00+00:00,97.0494658507073,183.9625
2025-05-19T19:00:00+00:00,97.97089267120836,155.9875
2025-05-19T20:00:00+00:00,97.65948119569529,128.525
2025-05-19T21:00:00+00:00,95.1404434638531,109.9
2025-05-19T22:00:00+00:00,95.14044346385303,107.8325
2025-05-19T23:00:00+00:00,95.14044346385307,104.1
2025-05-20T00:00:00+00:00,96.6294587647643,101.46000000000001
2025-05-20T01:00:00+00:00,96.62945876476431,101.1125
2025-05-20T02:00:00+00:00,96.62945876476432,104.0025
2025-05-20T03:00:00+00:00,98.20974856520863,118.00750000000001
2025-05-20T04:00:00+00:00,99.03758951596437,149.1725
2025-05-20T05:00:00+00:00,99.4937109517542,136.77
2025-05-20T06:00:00+00:00,98.57516310700522,108.4125
2025-05-20T07:00:00+00:00,95.61892416532586,90.0425
2025-05-20T08:00:00+00:00,73.51832329639718,57.425
2025-05-20T09:00:00+00:00,42.24271727350879,15.532499999999999
2025-05-20T10:00:00+00:00,31.686726749750427,6.0
2025-05-20T11:00:00+00:00,29.07776629512304,4.915
2025-05-20T12:00:00+00:00,28.785439626226193,4.7749999999999995
2025-05-20T13:00:00+00:00,35.93090000000001,11.7875
2025-05-20T14:00:00+00:00,37.840991607442426,58.402499999999996
2025-05-20T15:00:00+00:00,59.90189156576813,84.1525
2025-05-20T16:00:00+00:00,80.00658380439535,111.89999999999999
2025-05-20T17:00:00+00:00,94.8438740149019,142.1975
2025-05-20T18:00:00+00:00,94.84897017113053,203.8175
2025-05-20T19:00:00+00:00,95.1404434638531,151.8575
2025-05-20T20:00:00+00:00,95.1404434638531,123.975
2025-05-20T21:00:00+00:00,94.84387401489684,111.30000000000001
2025-05-20T22:00:00+00:00,94.52281590118162,107.93
2025-05-20T23:00:00+00:00,94.78676522390933,103.2775
2025-05-21T00:00:00+00:00,95.00641914903869,97.56
2025-05-21T01:00:00+00:00,94.77162502764338,93.52250000000001
2025-05-21T02:00:00+00:00,95.01401921175406,93.4825
2025-05-21T03:00:00+00:00,95.1404434638531,102.86
2025-05-21T04:00:00+00:00,97.04946585070743,121.7375
2025-05-21T05:00:00+00:00,97.04946585070401,121.2525
2025-05-21T06:00:00+00:00,95.14044346385003,102.2975
2025-05-21T07:00:00+00:00,81.282865704817,78.3775
2025-05-21T08:00:00+00:00,34.23159485219895,39.6
2025-05-21T09:00:00+00:00,23.55073541945758,3.4374999999999987
2025-05-21T10:00:00+00:00,19.979914529914524,-2.5849999999999995
2025-05-21T11:00:00+00:00,3.821685057937744,-9.785
2025-05-21T12:00:00+00:00,0.5120743941816,-10.07
2025-05-21T13:00:00+00:00,0.3309125310916486,-5.300000000000001
2025-05-21T14:00:00+00:00,18.953481048228355,7.705000000000001
2025-05-21T15:00:00+00:00,19.97991452991453,51.985
2025-05-21T16:00:00+00:00,29.177110989485037,82.4
2025-05-21T17:00:00+00:00,56.29246838506329,99.78750000000001
2025-05-21T18:00:00+00:00,69.0702578964275,124.1775
2025-05-21T19:00:00+00:00,70.07266686153415,115.82
2025-05-21T20:00:00+00:00,71.49700013946426,99.68
2025-05-21T21:00:00+00:00,69.23281503723429,89.99
2025-05-21T22:00:00+00:00,68.82651122653583,91.325
2025-05-21T23:00:00+00:00,62.11576010010466,87.1425
2025-05-22T00:00:00+00:00,64.41139161172046,83.2425
2025-05-22T01:00:00+00:00,64.40949119579106,82.5
2025-05-22T02:00:00+00:00,67.07418974278657,86.6575
2025-05-22T03:00:00+00:00,72.53986132244971,92.1475
2025-05-22T04:00:00+00:00,86.71698691222986,111.2625
2025-05-22T05:00:00+00:00,86.71698691222986,112.65
2025-05-22T06:00:00+00:00,72.25587966860381,92.6725
2025-05-22T07:00:00+00:00,35.93089999999969,67.17
2025-05-22T08:00:00+00:00,29.20410295182563,19.805
2025-05-22T09:00:00+00:00,20.174743021012432,0.0024999999999990585
2025-05-22T10:00:00+00:00,19.979914529914524,-2.8075000000000006
2025-05-22T11:00:00+00:00,1.2075138585864644,-9.195
2025-05-22T12:00:00+00:00,1.0103490788655332,-11.925
2025-05-22T13:00:00+00:00,-0.0,-3.3499999999999996
2025-05-22T14:00:00+00:00,-0.0,0.0799999999999994
2025-05-22T15:00:00+00:00,12.714858200406113,10.0975
2025-05-22T16:00:00+00:00,23.45977907557316,61.9675
2025-05-22T17:00:00+00:00,35.930899999999994,90.75
2025-05-22T18:00:00+00:00,69.53093366861616,117.73
2025-05-22T19:00:00+00:00,79.20342482623103,118.755
2025-05-22T20:00:00+00:00,82.53154890783456,108.7325
2025-05-22T21:00:00+00:00,79.75523045003982,101.225
2025-05-22T22:00:00+00:00,79.20342482622874,99.2575
2025-05-22T23:00:00+00:00,77.30308378007568,92.6625
2025-05-23T00:00:00+00:00,93.39410120789243,91.14
2025-05-23T01:00:00+00:00,86.71698691223024,91.11
2025-05-23T02:00:00+00:00,86.71698691222967,91.615
2025-05-23T03:00:00+00:00,91.55155640693891,102.47
2025-05-23T04:00:00+00:00,96.36812604615159,118.7575
2025-05-23T05:00:00+00:00,97.04946585070732,120.7625
2025-05-23T06:00:00+00:00,96.97061415971075,102.7025
2025-05-23T07:00:00+00:00,75.82223793506742,78.99000000000001
2025-05-23T08:00:00+00:00,35.9309,50.4675
2025-05-23T09:00:00+00:00,29.019110864918392,18.692500000000003
2025-05-23T10:00:00+00:00,24.206088486338697,13.4225
2025-05-23T11:00:00+00:00,20.218013365295466,3.6675000000000004
2025-05-23T12:00:00+00:00,19.979914529914613,0.9999999999999999
2025-05-23T13:00:00+00:00,19.979914529914478,3.3200000000000003
2025-05-23T14:00:00+00:00,19.979914529914524,16.4775
2025-05-23T15:00:00+00:00,23.402905508388987,65.775
2025-05-23T16:00:00+00:00,29.034849969543107,90.8325
2025-05-23T17:00:00+00:00,56.93265182043223,113.87
2025-05-23T18:00:00+00:00,73.25223164040185,139.0975
2025-05-23T19:00:00+00:00,88.75464634146186,142.2625
2025-05-23T20:00:00+00:00,86.71698691222986,115.69749999999999
2025-05-23T21:00:00+00:00,75.13025321731924,104.81
2025-05-23T22:00:00+00:00,73.2522316404016,110.2025
2025-05-23T23:00:00+00:00,72.6406720109934,102.2825
2025-05-24T00:00:00+00:00,86.71698691222986,98.92750000000001
2025-05-24T01:00:00+00:00,83.73598707873965,97.68
2025-05-24T02:00:00+00:00,83.6477578634534,96.9
2025-05-24T03:00:00+00:00,83.64203397397641,99.5275
2025-05-24T04:00:00+00:00,86.67295542896875,98.1975
2025-05-24T05:00:00+00:00,86.71698691222986,91.0825
2025-05-24T06:00:00+00:00,80.99237220976424,73.035
2025-05-24T07:00:00+00:00,32.47510436550677,30.400000000000002
2025-05-24T08:00:00+00:00,27.68832476762812,3.9499999999999993
2025-05-24T09:00:00+00:00,21.38759195639546,0.9999999999999998
2025-05-24T10:00:00+00:00,21.39010307419276,0.1775
2025-05-24T11:00:00+00:00,21.39010307419276,-0.7000000000000001
2025-05-24T12:00:00+00:00,21.324754617468464,-1.1375000000000002
2025-05-24T13:00:00+00:00,21.32475461746844,0.04500000000000015
2025-05-24T14:00:00+00:00,21.390103074192748,9.4725
2025-05-24T15:00:00+00:00,26.36058622510555,51.18
2025-05-24T16:00:00+00:00,29.655269534212035,89.4975
2025-05-24T17:00:00+00:00,35.93090000000001,109.545
2025-05-24T18:00:00+00:00,39.58788042505809,114.9625
2025-05-24T19:00:00+00:00,45.96459813116445,107.5975
2025-05-24T20:00:00+00:00,35.94008409377436,95.1
2025-05-24T21:00:00+00:00,35.93090000000001,84.725
2025-05-24T22:00:00+00:00,34.47344859837333,72.545
2025-05-24T23:00:00+00:00,34.47344859837333,54.46
2025-05-25T00:00:00+00:00,32.11271645242918,42.2025
2025-05-25T01:00:00+00:00,32.156230586504506,21.9475
2025-05-25T02:00:00+00:00,32.133333770075055,19.6325
2025-05-25T03:00:00+00:00,32.13333377007509,19.4575
2025-05-25T04:00:00+00:00,32.15623058650417,12.46
2025-05-25T05:00:00+00:00,35.9309,9.815000000000001
2025-05-25T06:00:00+00:00,32.03360083525424,9.4025
2025-05-25T07:00:00+00:00,29.162928277799423,3.7974999999999994
2025-05-25T08:00:00+00:00,27.37707448338595,5.275
2025-05-25T09:00:00+00:00,27.32713577979761,0.43500000000000005
2025-05-25T10:00:00+00:00,27.32280368098159,0.2549999999999999
2025-05-25T11:00:00+00:00,19.979914529914527,-5.9025
2025-05-25T12:00:00+00:00,19.979914529914524,-11.4675
2025-05-25T13:00:00+00:00,19.979914529914524,-9.765
2025-05-25T14:00:00+00:00,20.17907157453198,-3.6674999999999995
2025-05-25T15:00:00+00:00,24.66452528457487,-2.5
2025-05-25T16:00:00+00:00,29.504262234954485,25.265
2025-05-25T17:00:00+00:00,36.39354969401519,63.205
2025-05-25T18:00:00+00:00,48.524732925353604,81.4
2025-05-25T19:00:00+00:00,64.94144105822116,83.8025
2025-05-25T20:00:00+00:00,67.51507116433632,90.13
2025-05-25T21:00:00+00:00,62.950427627032475,82.825
2025-05-25T22:00:00+00:00,62.950427627032475,81.8475
2025-05-25T23:00:00+00:00,62.95042762703251,81.0875
2025-05-26T00:00:00+00:00,81.32499610506916,73.3775
2025-05-26T01:00:00+00:00,81.32499610506912,73.9
2025-05-26T02:00:00+00:00,81.29746913411374,77.7925
2025-05-26T03:00:00+00:00,81.30410556878222,89.725
2025-05-26T04:00:00+00:00,88.20800777346204,119.1975
2025-05-26T05:00:00+00:00,91.55155640693971,123.38749999999999
2025-05-26T06:00:00+00:00,91.55155640693972,98.78
2025-05-26T07:00:00+00:00,77.75664794935282,72.5125
2025-05-26T08:00:00+00:00,48.47678291101603,37.1
2025-05-26T09:00:00+00:00,32.818649932448075,11.542499999999999
2025-05-26T10:00:00+00:00,22.310724400217374,2.0025000000000004
2025-05-26T11:00:00+00:00,19.979914529914527,0.7549999999999994
2025-05-26T12:00:00+00:00,6.132256265528416,0.7224999999999999
2025-05-26T13:00:00+00:00,3.364738562344381,0.7974999999999994
2025-05-26T14:00:00+00:00,10.755627157551835,2.9
2025-05-26T15:00:00+00:00,21.324754617468464,39.6975
2025-05-26T16:00:00+00:00,35.9309,92.8225
2025-05-26T17:00:00+00:00,64.63571054802148,128.8425
2025-05-26T18:00:00+00:00,70.28062091990373,162.75
2025-05-26T19:00:00+00:00,88.75464634146343,151.44
2025-05-26T20:00:00+00:00,86.71698691222986,124.1
2025-05-26T21:00:00+00:00,70.28062091990336,105.115
2025-05-26T22:00:00+00:00,67.73242737727469,96.005
2025-05-26T23:00:00+00:00,65.62795337961842,87.62
2025-05-27T00:00:00+00:00,65.03953505977066,74.155
2025-05-27T01:00:00+00:00,60.12639718460338,67.6975
2025-05-27T02:00:00+00:00,60.12639718460338,67.5475
2025-05-27T03:00:00+00:00,59.83476643390041,70.77
2025-05-27T04:00:00+00:00,63.595065301620245,84.9575
2025-05-27T05:00:00+00:00,61.303602654526884,104.0325
2025-05-27T06:00:00+00:00,59.83476643390041,91.9225
2025-05-27T07:00:00+00:00,35.9309,59.9925
2025-05-27T08:00:00+00:00,28.566247047714555,22.615000000000002
2025-05-27T09:00:00+00:00,19.979914529914527,13.29
2025-05-27T10:00:00+00:00,23.613144752880395,8.0675
2025-05-27T11:00:00+00:00,19.979914529914527,7.1
2025-05-27T12:00:00+00:00,21.290086646180455,5.4799999999999995
2025-05-27T13:00:00+00:00,28.65749375984329,10.469999999999999
2025-05-27T14:00:00+00:00,29.051112906744216,42.144999999999996
2025-05-27T15:00:00+00:00,35.9309,77.5775
2025-05-27T16:00:00+00:00,60.82001242537542,104.5025
2025-05-27T17:00:00+00:00,64.00596538209258,130.565
2025-05-27T18:00:00+00:00,65.91088486322253,141.42000000000002
2025-05-27T19:00:00+00:00,65.91859312513887,126.96000000000001
2025-05-27T20:00:00+00:00,64.00596538209258,104.7325
2025-05-27T21:00:00+00:00,60.82001242537542,85.7925
2025-05-27T22:00:00+00:00,55.07690747201575,71.4025
2025-05-27T23:00:00+00:00,36.41348742914147,58.712500000000006
2025-05-28T00:00:00+00:00,48.80725705195469,51.33
2025-05-28T01:00:00+00:00,48.80725705195463,48.455
2025-05-28T02:00:00+00:00,48.80725705195465,50.302499999999995
2025-05-28T03:00:00+00:00,36.48451835707425,53.68
2025-05-28T04:00:00+00:00,57.000791230349655,74.51
2025-05-28T05:00:00+00:00,65.07634273593962,90.49
2025-05-28T06:00:00+00:00,65.07634273593978,97.3575
2025-05-28T07:00:00+00:00,63.39882289668558,84.72
2025-05-28T08:00:00+00:00,60.847071354365916,64.13
2025-05-28T09:00:00+00:00,64.02882260372701,51.6875
2025-05-28T10:00:00+00:00,64.46639550490423,32.96
2025-05-28T11:00:00+00:00,48.80725705195482,26.759999999999998
2025-05-28T12:00:00+00:00,40.974278630955126,15.3875
2025-05-28T13:00:00+00:00,34.50143723597565,16.87
2025-05-28T14:00:00+00:00,35.93089999999997,34.917500000000004
2025-05-28T15:00:00+00:00,35.93090000000031,49.375
2025-05-28T16:00:00+00:00,53.93228083052133,87.1
2025-05-28T17:00:00+00:00,63.63954595055209,109.0025
2025-05-28T18:00:00+00:00,86.71698691222954,136.415
2025-05-28T19:00:00+00:00,87.26397862050462,130.4975
2025-05-28T20:00:00+00:00,94.46258876156918,113.5875
2025-05-28T21:00:00+00:00,94.11887923366038,100.5425
2025-05-28T22:00:00+00:00,86.71698691222991,97.095
2025-05-28T23:00:00+00:00,86.71698691222898,91.3775
2025-05-29T00:00:00+00:00,93.62761586664473,92.42
2025-05-29T01:00:00+00:00,94.05413514520684,89.2425
2025-05-29T02:00:00+00:00,93.8531501987515,90.3
2025-05-29T03:00:00+00:00,94.06352612715051,92.3575
2025-05-29T04:00:00+00:00,94.49143129697721,90.105
2025-05-29T05:00:00+00:00,94.45307444944712,84.12
2025-05-29T06:00:00+00:00,93.3941012078921,74.89750000000001
2025-05-29T07:00:00+00:00,80.8037044198895,41.74
2025-05-29T08:00:00+00:00,35.930899999999994,6.370000000000001
2025-05-29T09:00:00+00:00,28.641760956831988,-0.05749999999999966
2025-05-29T10:00:00+00:00,28.6429698485711,-1.085
2025-05-29T11:00:00+00:00,26.129155215609135,-1.4899999999999998
2025-05-29T12:00:00+00:00,20.329038012140145,-1.7024999999999997
2025-05-29T13:00:00+00:00,21.324754617468454,-1.0749999999999997
2025-05-29T14:00:00+00:00,28.64176095683196,0.2625000000000002
2025-05-29T15:00:00+00:00,28.763976237338685,36.6425
2025-05-29T16:00:00+00:00,35.728165280335965,72.9125
2025-05-29T17:00:00+00:00,43.5452255974607,91.36
2025-05-29T18:00:00+00:00,47.714147140444645,92.4025
2025-05-29T19:00:00+00:00,47.714147140444645,94.9325
2025-05-29T20:00:00+00:00,47.714147140444645,83.8675
2025-05-29T21:00:00+00:00,43.626757917911824,68.4625
2025-05-29T22:00:00+00:00,35.785610355333574,54.475
2025-05-29T23:00:00+00:00,35.785610355333475,45.125
2025-05-30T00:00:00+00:00,28.96223679823793,46.91
2025-05-30T01:00:00+00:00,28.96223679823892,44.0375
2025-05-30T02:00:00+00:00,32.6054996030463,45.8025
2025-05-30T03:00:00+00:00,35.9309,56.865
2025-05-30T04:00:00+00:00,35.93090000008647,60.0
2025-05-30T05:00:00+00:00,50.94278608368842,70.3375
2025-05-30T06:00:00+00:00,35.93090000008647,48.6875
2025-05-30T07:00:00+00:00,29.269706473245165,14.232500000000002
2025-05-30T08:00:00+00:00,23.225352302496017,0.16500000000000092
2025-05-30T09:00:00+00:00,16.124394548093726,-0.4674999999999996
2025-05-30T10:00:00+00:00,16.124394548093726,-4.59
2025-05-30T11:00:00+00:00,16.124394548093726,-8.64
2025-05-30T12:00:00+00:00,3.842766213230437,-13.49
2025-05-30T13:00:00+00:00,3.3843141267008967,-7.775
2025-05-30T14:00:00+00:00,2.64059197928151,-4.952500000000001
2025-05-30T15:00:00+00:00,19.979914529914524,7.4624999999999995
2025-05-30T16:00:00+00:00,29.040774684446628,62.8825
2025-05-30T17:00:00+00:00,53.784137925776236,112.025
2025-05-30T18:00:00+00:00,88.15344162509179,125.35
2025-05-30T19:00:00+00:00,92.5666642120086,129.7525
2025-05-30T20:00:00+00:00,93.19356170271217,126.0
2025-05-30T21:00:00+00:00,92.91663321515347,110.0
2025-05-30T22:00:00+00:00,92.5666642120086,106.0
2025-05-30T23:00:00+00:00,92.56666421200859,103.14500000000001
2025-05-31T00:00:00+00:00,95.1404434638531,104.0
2025-05-31T01:00:00+00:00,95.63411206474144,102.57
2025-05-31T02:00:00+00:00,97.0494658507073,100.2675
2025-05-31T03:00:00+00:00,97.0494658507073,100.27250000000001
2025-05-31T04:00:00+00:00,97.0494658507073,97.55
2025-05-31T05:00:00+00:00,97.0494658507073,95.7875
2025-05-31T06:00:00+00:00,95.1404434638531,67.8
2025-05-31T07:00:00+00:00,80.99237220976424,14.0
2025-05-31T08:00:00+00:00,43.71481913887177,1.9124999999999988
2025-05-31T09:00:00+00:00,27.829873093936055,-0.899999999999999
2025-05-31T10:00:00+00:00,27.345835251150667,-7.397500000000001
2025-05-31T11:00:00+00:00,27.345835251150667,-11.7175
2025-05-31T12:00:00+00:00,27.322803680981576,-11.58
2025-05-31T13:00:00+00:00,27.32280368098159,-2.8525
2025-05-31T14:00:00+00:00,27.3228036809816,-1.3699999999999992
2025-05-31T15:00:00+00:00,43.71490182635561,49.075
2025-05-31T16:00:00+00:00,70.87007336404127,100.82
2025-05-31T17:00:00+00:00,93.39410120789216,124.2825
2025-05-31T18:00:00+00:00,94.28263238229154,167.0675
2025-05-31T19:00:00+00:00,94.3249806420726,163.5675
2025-05-31T20:00:00+00:00,93.39410120789215,126.85249999999999
2025-05-31T21:00:00+00:00,89.2391730708552,109.04249999999999
2025-05-31T22:00:00+00:00,86.71698691222986,90.825
2025-05-31T23:00:00+00:00,86.71698691222986,87.775
2025-06-01T00:00:00+00:00,86.71698691222974,80.65
2025-06-01T01:00:00+00:00,80.99237220976426,77.375
2025-06-01T02:00:00+00:00,76.48126795432539,75.125
2025-06-01T03:00:00+00:00,73.18327389265849,66.03
2025-06-01T04:00:00+00:00,73.18327389265855,67.92750000000001
2025-06-01T05:00:00+00:00,73.18327389265849,59.162499999999994
2025-06-01T06:00:00+00:00,71.57822021674409,35.02
2025-06-01T07:00:00+00:00,48.14938942965543,21.205000000000002
2025-06-01T08:00:00+00:00,34.472393994691984,7.834999999999999
2025-06-01T09:00:00+00:00,27.389415652967376,-2.975
2025-06-01T10:00:00+00:00,27.20689383191676,-14.087499999999999
2025-06-01T11:00:00+00:00,20.21801336529556,-19.682499999999997
2025-06-01T12:00:00+00:00,19.979914529914527,-24.235
2025-06-01T13:00:00+00:00,12.070515661206027,-20.2675
2025-06-01T14:00:00+00:00,20.17474302101239,-14.739999999999998
2025-06-01T15:00:00+00:00,24.72764735318247,-5.470000000000001
2025-06-01T16:00:00+00:00,29.341614040051397,37.75
2025-06-01T17:00:00+00:00,38.04625191060393,75.245
2025-06-01T18:00:00+00:00,64.57989415405083,95.1525
2025-06-01T19:00:00+00:00,68.52596412791046,94.89
2025-06-01T20:00:00+00:00,72.04615467040854,92.4175
2025-06-01T21:00:00+00:00,68.40799166240193,86.025
2025-06-01T22:00:00+00:00,67.96263849432536,84.2175
2025-06-01T23:00:00+00:00,67.96263849432532,77.74000000000001
2025-06-02T00:00:00+00:00,86.71698691222986,81.55
2025-06-02T01:00:00+00:00,86.71698691222979,81.8
2025-06-02T02:00:00+00:00,86.71698691222984,83.0
2025-06-02T03:00:00+00:00,89.65460557768816,84.475
2025-06-02T04:00:00+00:00,96.45833617972713,114.1375
2025-06-02T05:00:00+00:00,97.04946585071005,133.3275
2025-06-02T06:00:00+00:00,97.0494658507073,114.0
2025-06-02T07:00:00+00:00,95.43363344757849,86.6825
2025-06-02T08:00:00+00:00,86.71698691222986,66.7175
2025-06-02T09:00:00+00:00,68.18325513834857,53.307500000000005
2025-06-02T10:00:00+00:00,61.827901854860116,36.0025
2025-06-02T11:00:00+00:00,29.930780081509965,22.66
2025-06-02T12:00:00+00:00,28.650990847927496,13.6025
2025-06-02T13:00:00+00:00,29.203970316453212,23.8475
2025-06-02T14:00:00+00:00,35.930900000000015,51.49
2025-06-02T15:00:00+00:00,72.19184855094045,71.86250000000001
2025-06-02T16:00:00+00:00,84.40269393691197,101.29
2025-06-02T17:00:00+00:00,95.75266576836921,146.455
2025-06-02T18:00:00+00:00,96.25579806792064,184.45499999999998
2025-06-02T19:00:00+00:00,96.25579806792064,165.0975
2025-06-02T20:00:00+00:00,96.25579806792064,125.9025
2025-06-02T21:00:00+00:00,96.25579806792084,108.35249999999999
2025-06-02T22:00:00+00:00,96.25579806792064,108.41250000000001
2025-06-02T23:00:00+00:00,96.35895008938331,101.85249999999999
2025-06-03T00:00:00+00:00,97.04946585070614,96.9325
2025-06-03T01:00:00+00:00,96.67700193495634,93.9975
2025-06-03T02:00:00+00:00,96.67368417230601,96.625
2025-06-03T03:00:00+00:00,96.97354285910194,106.9025
2025-06-03T04:00:00+00:00,97.04946585070662,123.0275
2025-06-03T05:00:00+00:00,98.18975173355038,111.0125
2025-06-03T06:00:00+00:00,97.0494658507073,96.5
2025-06-03T07:00:00+00:00,83.39219829869167,66.4975
2025-06-03T08:00:00+00:00,44.583621659799356,20.995
2025-06-03T09:00:00+00:00,21.368382414594947,2.5449999999999995
2025-06-03T10:00:00+00:00,19.979914529914524,1.9
2025-06-03T11:00:00+00:00,7.7297398960634975,-1.4125
2025-06-03T12:00:00+00:00,3.735505949969531,0.5724999999999996
2025-06-03T13:00:00+00:00,19.979914529914524,3.9125
2025-06-03T14:00:00+00:00,21.32475461746921,12.845
2025-06-03T15:00:00+00:00,29.433509681232383,67.21000000000001
2025-06-03T16:00:00+00:00,53.01566373934367,96.045
2025-06-03T17:00:00+00:00,70.68755165245824,112.5825
2025-06-03T18:00:00+00:00,80.99237220976427,149.4975
2025-06-03T19:00:00+00:00,85.48155360677173,135.725
2025-06-03T20:00:00+00:00,74.50814044485492,105.26249999999999
2025-06-03T21:00:00+00:00,73.76381342266578,92.07
2025-06-03T22:00:00+00:00,71.08496456672323,85.0175
2025-06-03T23:00:00+00:00,71.07435099004358,81.475
2025-06-04T00:00:00+00:00,80.99237220976289,72.575
2025-06-04T01:00:00+00:00,80.99237220976231,77.03999999999999
2025-06-04T02:00:00+00:00,80.99237220976266,76.73
2025-06-04T03:00:00+00:00,80.99313867317493,88.065
2025-06-04T04:00:00+00:00,95.14044346385336,100.0525
2025-06-04T05:00:00+00:00,96.53072730456402,111.43
2025-06-04T06:00:00+00:00,95.75266576836889,95.19749999999999
2025-06-04T07:00:00+00:00,77.47045198744297,77.9
2025-06-04T08:00:00+00:00,40.11627684560905,56.7525
2025-06-04T09:00:00+00:00,28.6992071952899,30.1975
2025-06-04T10:00:00+00:00,28.726385261967256,21.015
2025-06-04T11:00:00+00:00,25.12832531155276,24.925
2025-06-04T12:00:00+00:00,21.82835173186866,29.9825
2025-06-04T13:00:00+00:00,23.649059899586312,50.7125
2025-06-04T14:00:00+00:00,29.062756639405578,69.64750000000001
2025-06-04T15:00:00+00:00,35.9309,85.565
2025-06-04T16:00:00+00:00,71.41515601921536,101.095
2025-06-04T17:00:00+00:00,93.75940884577301,130.515
2025-06-04T18:00:00+00:00,95.1404434638531,173.8225
2025-06-04T19:00:00+00:00,95.75266576836889,161.94
2025-06-04T20:00:00+00:00,95.1404434638531,123.5575
2025-06-04T21:00:00+00:00,95.1404434638531,107.9375
2025-06-04T22:00:00+00:00,95.1401196322317,94.275
2025-06-04T23:00:00+00:00,94.67025559847816,90.3
2025-06-05T00:00:00+00:00,93.85315019875229,88.715
2025-06-05T01:00:00+00:00,91.73320024406841,87.175
2025-06-05T02:00:00+00:00,90.16382150393859,86.72749999999999
2025-06-05T03:00:00+00:00,89.6550774743311,92.7
2025-06-05T04:00:00+00:00,95.1404434638531,115.815
2025-06-05T05:00:00+00:00,97.04946585070728,130.76749999999998
2025-06-05T06:00:00+00:00,95.75266576836889,119.27250000000001
2025-06-05T07:00:00+00:00,81.64793474734007,86.0625
2025-06-05T08:00:00+00:00,70.53877569435248,56.9525
2025-06-05T09:00:00+00:00,35.930900000000065,40.5625
2025-06-05T10:00:00+00:00,34.501916399912986,15.762500000000001
2025-06-05T11:00:00+00:00,29.199967196590027,10.147499999999999
2025-06-05T12:00:00+00:00,29.486629301736702,12.102500000000001
2025-06-05T13:00:00+00:00,29.486629301737175,22.725
2025-06-05T14:00:00+00:00,29.414960837089172,44.6575
2025-06-05T15:00:00+00:00,29.877557110696472,75.1475
2025-06-05T16:00:00+00:00,43.99304222687712,97.425
2025-06-05T17:00:00+00:00,62.33633390260598,115.5025
2025-06-05T18:00:00+00:00,71.36678356392987,129.89
2025-06-05T19:00:00+00:00,73.29878806135993,117.155
2025-06-05T20:00:00+00:00,71.30039596397752,94.795
2025-06-05T21:00:00+00:00,65.74183838774745,79.59
2025-06-05T22:00:00+00:00,58.657389635836175,76.0025
2025-06-05T23:00:00+00:00,40.996780223217144,65.49000000000001
2025-06-06T00:00:00+00:00,35.930899999999994,61.09
2025-06-06T01:00:00+00:00,33.81795856655478,53.2025
2025-06-06T02:00:00+00:00,28.999132611051127,50.51
2025-06-06T03:00:00+00:00,29.095234625788923,54.894999999999996
2025-06-06T04:00:00+00:00,29.242877590412945,68.16
2025-06-06T05:00:00+00:00,35.930899999999994,73.3275
2025-06-06T06:00:00+00:00,32.59514345060843,57.097500000000004
2025-06-06T07:00:00+00:00,28.99913261105113,21.4
2025-06-06T08:00:00+00:00,11.232836311885158,1.6200000000000006
2025-06-06T09:00:00+00:00,-0.0,-0.8999999999999999
2025-06-06T10:00:00+00:00,-7.105427357601002e-15,-4.0
2025-06-06T11:00:00+00:00,-0.0,-8.1
2025-06-06T12:00:00+00:00,-0.0,-15.3125
2025-06-06T13:00:00+00:00,-0.0,-8.1325
2025-06-06T14:00:00+00:00,-0.0,-2.9725
2025-06-06T15:00:00+00:00,-0.0,2.1624999999999996
2025-06-06T16:00:00+00:00,20.174743021012397,64.7925
2025-06-06T17:00:00+00:00,36.60037179219985,100.985
2025-06-06T18:00:00+00:00,64.70620488548725,127.625
2025-06-06T19:00:00+00:00,73.08023224763234,128.0225
2025-06-06T20:00:00+00:00,77.85482184518231,113.225
2025-06-06T21:00:00+00:00,73.07983940649825,99.3025
2025-06-06T22:00:00+00:00,68.98479579423078,93.6975
2025-06-06T23:00:00+00:00,68.98479579423068,86.78999999999999
2025-06-07T00:00:00+00:00,86.71698691222986,83.36
2025-06-07T01:00:00+00:00,86.71698691222986,81.425
2025-06-07T02:00:00+00:00,86.71698691222986,84.9975
2025-06-07T03:00:00+00:00,87.4300353948431,93.85
2025-06-07T04:00:00+00:00,93.85315019875259,86.8
2025-06-07T05:00:00+00:00,93.85315019875259,84.60000000000001
2025-06-07T06:00:00+00:00,93.7885231476172,77.1
2025-06-07T07:00:00+00:00,86.71698691222986,53.2625
2025-06-07T08:00:00+00:00,57.428080986676164,28.29
2025-06-07T09:00:00+00:00,43.798449996666186,7.71
2025-06-07T10:00:00+00:00,27.77350681806694,5.165
2025-06-07T11:00:00+00:00,27.32280368098137,-1.5224999999999995
2025-06-07T12:00:00+00:00,24.037880699288873,-2.8825
2025-06-07T13:00:00+00:00,20.437413077687253,-3.5974999999999997
2025-06-07T14:00:00+00:00,23.0495380693414,-2.022500000000001
2025-06-07T15:00:00+00:00,28.370535835743702,18.560000000000002
2025-06-07T16:00:00+00:00,34.914137513897124,62.2775
2025-06-07T17:00:00+00:00,71.02060897792863,89.8
2025-06-07T18:00:00+00:00,72.78404319815706,104.2
2025-06-07T19:00:00+00:00,72.78404319815706,106.275
2025-06-07T20:00:00+00:00,72.78404319815705,91.89750000000001
2025-06-07T21:00:00+00:00,72.78404319815705,80.81
2025-06-07T22:00:00+00:00,72.9822569087233,74.9125
2025-06-07T23:00:00+00:00,73.01436731401826,59.7975
2025-06-08T00:00:00+00:00,76.04727953627524,44.260000000000005
2025-06-08T01:00:00+00:00,69.63383116928948,27.8
2025-06-08T02:00:00+00:00,36.689082706142706,16.9025
2025-06-08T03:00:00+00:00,35.9309,13.3025
2025-06-08T04:00:00+00:00,33.7660510118975,1.29
2025-06-08T05:00:00+00:00,28.78818388401695,-0.09250000000000025
2025-06-08T06:00:00+00:00,28.75215177131366,-1.0000000000000009
2025-06-08T07:00:00+00:00,19.97991452991453,-5.040000000000001
2025-06-08T08:00:00+00:00,7.059102257518951,-12.5725
2025-06-08T09:00:00+00:00,1.9880984875847862,-24.3675
2025-06-08T10:00:00+00:00,-0.0,-68.62
2025-06-08T11:00:00+00:00,-0.0,-78.1
2025-06-08T12:00:00+00:00,-0.0,-78.9875
2025-06-08T13:00:00+00:00,-0.0,-70.4775
2025-06-08T14:00:00+00:00,-0.0,-52.9
2025-06-08T15:00:00+00:00,-0.0,-19.7975
2025-06-08T16:00:00+00:00,-0.0,-2.7999999999999994
2025-06-08T17:00:00+00:00,0.6729238305540743,8.015
2025-06-08T18:00:00+00:00,24.3350400650008,27.455
2025-06-08T19:00:00+00:00,27.420836335701093,46.535000000000004
2025-06-08T20:00:00+00:00,33.92850193777986,60.7325
2025-06-08T21:00:00+00:00,33.048370849981374,51.385
2025-06-08T22:00:00+00:00,27.91044289696434,37.1025
2025-06-08T23:00:00+00:00,27.94552398913976,34.1
2025-06-09T00:00:00+00:00,28.137506228573496,15.7125
2025-06-09T01:00:00+00:00,28.14204345694548,22.9025
2025-06-09T02:00:00+00:00,28.142043456945416,27.7975
2025-06-09T03:00:00+00:00,35.9309,26.7025
2025-06-09T04:00:00+00:00,43.58936935116955,30.255
2025-06-09T05:00:00+00:00,42.89169704006845,34.2275
2025-06-09T06:00:00+00:00,35.93090000000166,24.935
2025-06-09T07:00:00+00:00,28.254008694332352,3.6975000000000007
2025-06-09T08:00:00+00:00,19.979914529914524,-9.0425
2025-06-09T09:00:00+00:00,2.944199857599995,-14.325
2025-06-09T10:00:00+00:00,1.0736008683041405,-30.605
2025-06-09T11:00:00+00:00,0.36506644439156344,-44.865
2025-06-09T12:00:00+00:00,0.2628134793603465,-44.625
2025-06-09T13:00:00+00:00,0.3650664443915588,-29.724999999999998
2025-06-09T14:00:00+00:00,0.6884810387093511,-15.31
2025-06-09T15:00:00+00:00,19.979914529914524,8.1025
2025-06-09T16:00:00+00:00,28.995928250957142,34.49
2025-06-09T17:00:00+00:00,48.91877694152363,84.7975
2025-06-09T18:00:00+00:00,76.71373510056159,97.0975
2025-06-09T19:00:00+00:00,86.71698691222987,108.7975
2025-06-09T20:00:00+00:00,86.71698691222986,105.155
2025-06-09T21:00:00+00:00,80.0924990438094,90.5525
2025-06-09T22:00:00+00:00,74.21048592898852,93.9975
2025-06-09T23:00:00+00:00,69.8048489252476,84.95
2025-06-10T00:00:00+00:00,75.92868951892885,79.8
2025-06-10T01:00:00+00:00,75.72464271270975,79.9025
2025-06-10T02:00:00+00:00,75.80838067975093,79.7125
2025-06-10T03:00:00+00:00,76.32150523309868,89.9925
2025-06-10T04:00:00+00:00,86.71698691222942,126.245
2025-06-10T05:00:00+00:00,86.71698691222954,125.465
2025-06-10T06:00:00+00:00,78.55505972327221,87.36
2025-06-10T07:00:00+00:00,38.08258976965067,70.0
2025-06-10T08:00:00+00:00,28.276148537553293,19.0025
2025-06-10T09:00:00+00:00,25.199906201890574,14.4
2025-06-10T10:00:00+00:00,24.300340927478114,5.8275
2025-06-10T11:00:00+00:00,19.979914529914527,0.9775
2025-06-10T12:00:00+00:00,19.979914529914524,7.26
2025-06-10T13:00:00+00:00,20.174743021012397,3.87
2025-06-10T14:00:00+00:00,19.979914529914524,22.974999999999998
2025-06-10T15:00:00+00:00,20.41331893790753,61.8275
2025-06-10T16:00:00+00:00,29.01832706782346,88.6875
2025-06-10T17:00:00+00:00,35.93090000000006,114.505
2025-06-10T18:00:00+00:00,50.77678635953419,141.2525
2025-06-10T19:00:00+00:00,51.86954272442465,135.62
2025-06-10T20:00:00+00:00,52.20334011819323,122.71000000000001
2025-06-10T21:00:00+00:00,51.86954272442457,111.0
2025-06-10T22:00:00+00:00,51.86954272442439,66.1625
2025-06-10T23:00:00+00:00,51.86954272442457,68.355
2025-06-11T00:00:00+00:00,78.43986519959782,64.99
2025-06-11T01:00:00+00:00,79.87617301041261,68.1
2025-06-11T02:00:00+00:00,80.58605244615657,71.965
2025-06-11T03:00:00+00:00,86.71698691222986,79.9825
2025-06-11T04:00:00+00:00,95.1404434638531,100.88250000000001
2025-06-11T05:00:00+00:00,95.75266576836889,106.2025
2025-06-11T06:00:00+00:00,93.85315019875259,91.895
2025-06-11T07:00:00+00:00,81.83917402407967,69.80000000000001
2025-06-11T08:00:00+00:00,72.5197180276502,28.6775
2025-06-11T09:00:00+00:00,35.2616878242777,9.700000000000001
2025-06-11T10:00:00+00:00,29.137753086880036,0.04500000000000037
2025-06-11T11:00:00+00:00,28.749331726313873,-2.5124999999999997
2025-06-11T12:00:00+00:00,19.979914529914524,-3.6900000000000004
2025-06-11T13:00:00+00:00,19.97991452991453,-1.335
2025-06-11T14:00:00+00:00,20.948495225743354,7.327500000000001
2025-06-11T15:00:00+00:00,28.74918154934716,63.25000000000001
2025-06-11T16:00:00+00:00,60.93327145897017,97.2025
2025-06-11T17:00:00+00:00,86.71698691222986,125.07499999999999
2025-06-11T18:00:00+00:00,95.1404434638531,184.0325
2025-06-11T19:00:00+00:00,95.51019437487064,163.60000000000002
2025-06-11T20:00:00+00:00,95.1404434638531,120.285
2025-06-11T21:00:00+00:00,90.2771482743885,106.895
2025-06-11T22:00:00+00:00,88.61098936469904,99.52250000000001
2025-06-11T23:00:00+00:00,88.15344162508052,92.5025
2025-06-12T00:00:00+00:00,92.41193479737844,89.61
2025-06-12T01:00:00+00:00,92.41193479737842,87.6
2025-06-12T02:00:00+00:00,92.41193479737788,89.4975
2025-06-12T03:00:00+00:00,92.57413627413393,100.0
2025-06-12T04:00:00+00:00,95.75266576839795,114.1
2025-06-12T05:00:00+00:00,97.04946585070735,108.125
2025-06-12T06:00:00+00:00,96.11186260690425,89.11
2025-06-12T07:00:00+00:00,83.28291169701208,51.4
2025-06-12T08:00:00+00:00,28.464874159696187,8.700000000000001
2025-06-12T09:00:00+00:00,19.979914529914524,-0.9999999999999998
2025-06-12T10:00:00+00:00,17.252240327771307,-6.2125
2025-06-12T11:00:00+00:00,-0.0,-17.3625
2025-06-12T12:00:00+00:00,-0.0,-17.66
2025-06-12T13:00:00+00:00,-0.0,-6.359999999999999
2025-06-12T14:00:00+00:00,-0.0,7.2225
2025-06-12T15:00:00+00:00,17.252240327745625,30.22
2025-06-12T16:00:00+00:00,28.163496794715932,73.91
2025-06-12T17:00:00+00:00,41.352307093096755,104.255
2025-06-12T18:00:00+00:00,79.12798803932952,124.0
2025-06-12T19:00:00+00:00,73.15351822833426,113.98750000000001
2025-06-12T20:00:00+00:00,49.304052374554885,103.01249999999999
2025-06-12T21:00:00+00:00,48.5247329253536,90.345
2025-06-12T22:00:00+00:00,43.51424508470425,76.7675
2025-06-12T23:00:00+00:00,37.349486672356974,65.14
2025-06-13T00:00:00+00:00,64.82554113936499,63.57
2025-06-13T01:00:00+00:00,64.82554113936499,62.26
2025-06-13T02:00:00+00:00,66.08362348007908,65.915
2025-06-13T03:00:00+00:00,83.01117015551489,72.515
2025-06-13T04:00:00+00:00,86.43405485248667,86.6725
2025-06-13T05:00:00+00:00,86.71698691222986,87.69
2025-06-13T06:00:00+00:00,86.43405485248665,67.9975
2025-06-13T07:00:00+00:00,67.23067474206903,39.7875
2025-06-13T08:00:00+00:00,28.283959608850395,6.657500000000001
2025-06-13T09:00:00+00:00,19.979914529914527,-2.5825000000000005
2025-06-13T10:00:00+00:00,19.979914529914524,-5.327500000000001
2025-06-13T11:00:00+00:00,0.301929776829005,-8.915
2025-06-13T12:00:00+00:00,-0.0,-7.5975
2025-06-13T13:00:00+00:00,-0.0,-4.5025
2025-06-13T14:00:00+00:00,1.4106352883710542,4.59
2025-06-13T15:00:00+00:00,19.979914529914524,38.9275
2025-06-13T16:00:00+00:00,28.976374096888065,81.1975
2025-06-13T17:00:00+00:00,48.524732925353604,101.555
2025-06-13T18:00:00+00:00,75.43695795037735,112.1175
2025-06-13T19:00:00+00:00,71.8684724003295,101.88
2025-06-13T20:00:00+00:00,48.54141476777424,89.5475
2025-06-13T21:00:00+00:00,48.524732925353604,78.3975
2025-06-13T22:00:00+00:00,48.524732925353696,64.84
2025-06-13T23:00:00+00:00,49.553436889000395,57.83
2025-06-14T00:00:00+00:00,45.274715146980846,56.34
2025-06-14T01:00:00+00:00,45.274715146980846,53.415
2025-06-14T02:00:00+00:00,59.38190277794077,51.9
2025-06-14T03:00:00+00:00,60.36628686264114,50.25
2025-06-14T04:00:00+00:00,60.36628686264114,39.8975
2025-06-14T05:00:00+00:00,60.36628686264114,27.515
2025-06-14T06:00:00+00:00,36.45836064718288,9.555000000000001
2025-06-14T07:00:00+00:00,28.816434662903568,-0.8174999999999994
2025-06-14T08:00:00+00:00,19.979914529914527,-2.0949999999999998
2025-06-14T09:00:00+00:00,6.62893499692775,-5.987499999999999
2025-06-14T10:00:00+00:00,3.7457440828085775,-16.8975
2025-06-14T11:00:00+00:00,-0.0,-16.44
2025-06-14T12:00:00+00:00,-0.0,-12.4575
2025-06-14T13:00:00+00:00,-0.0,-5.6225000000000005
2025-06-14T14:00:00+00:00,6.62893499692775,0.47250000000000014
2025-06-14T15:00:00+00:00,21.38933936824019,27.22
2025-06-14T16:00:00+00:00,35.9309,77.8325
2025-06-14T17:00:00+00:00,75.51521174973473,100.2
2025-06-14T18:00:00+00:00,78.35547417183142,124.05250000000001
2025-06-14T19:00:00+00:00,80.18660973046805,112.9025
2025-06-14T20:00:00+00:00,79.33505713220151,107.11
2025-06-14T21:00:00+00:00,77.85216054522238,96.4125
2025-06-14T22:00:00+00:00,78.35547417183142,86.4025
2025-06-14T23:00:00+00:00,78.35547417183142,80.84
2025-06-15T00:00:00+00:00,88.15344162509173,81.0
2025-06-15T01:00:00+00:00,90.60313472638981,80.825
2025-06-15T02:00:00+00:00,90.96993438055995,81.9675
2025-06-15T03:00:00+00:00,91.67050525257346,77.89
2025-06-15T04:00:00+00:00,91.70081549649989,73.9575
2025-06-15T05:00:00+00:00,91.67050525257355,64.55749999999999
2025-06-15T06:00:00+00:00,88.36262266296599,44.8
2025-06-15T07:00:00+00:00,63.54293424029293,23.6875
2025-06-15T08:00:00+00:00,50.34398766534069,7.955000000000001
2025-06-15T09:00:00+00:00,26.75002017903821,1.9224999999999999
2025-06-15T10:00:00+00:00,27.31530869717231,0.9975
2025-06-15T11:00:00+00:00,27.322803680981593,1.1102230246251565e-16
2025-06-15T12:00:00+00:00,27.322803680981583,-0.14749999999999996
2025-06-15T13:00:00+00:00,27.322803680981583,2.7
2025-06-15T14:00:00+00:00,26.839746008640027,11.715
2025-06-15T15:00:00+00:00,31.788923867633166,51.879999999999995
2025-06-15T16:00:00+00:00,57.19581751819131,92.24
2025-06-15T17:00:00+00:00,76.2610900242551,110.5025
2025-06-15T18:00:00+00:00,80.99237220976424,130.2025
2025-06-15T19:00:00+00:00,81.98094640954722,126.1875
2025-06-15T20:00:00+00:00,82.17501504065666,111.9875
2025-06-15T21:00:00+00:00,81.86355177600326,97.5575
2025-06-15T22:00:00+00:00,80.99237220976424,87.0775
2025-06-15T23:00:00+00:00,80.8037044198895,81.2775
2025-06-16T00:00:00+00:00,84.02330356544209,78.42
2025-06-16T01:00:00+00:00,84.02330356543843,79.55000000000001
2025-06-16T02:00:00+00:00,86.71698691222988,80.0025
2025-06-16T03:00:00+00:00,87.97590126903955,86.31
2025-06-16T04:00:00+00:00,95.42752212569165,124.345
2025-06-16T05:00:00+00:00,97.0494658507073,130.94
2025-06-16T06:00:00+00:00,95.75266576836889,104.0
2025-06-16T07:00:00+00:00,85.69350475354595,84.585
2025-06-16T08:00:00+00:00,80.45622353023701,61.74
2025-06-16T09:00:00+00:00,53.87361959134058,57.692499999999995
2025-06-16T10:00:00+00:00,52.80578720793675,13.934999999999999
2025-06-16T11:00:00+00:00,33.68123790778858,10.6975
2025-06-16T12:00:00+00:00,31.729826127896242,11.197499999999998
2025-06-16T13:00:00+00:00,53.87361959134058,10.1
2025-06-16T14:00:00+00:00,53.87361959134058,26.87
2025-06-16T15:00:00+00:00,72.20426802067794,69.78999999999999
2025-06-16T16:00:00+00:00,79.9276155791827,100.05
2025-06-16T17:00:00+00:00,95.1404434638531,125.30250000000001
2025-06-16T18:00:00+00:00,97.03496098390808,167.0
2025-06-16T19:00:00+00:00,97.0494658507073,151.5625
2025-06-16T20:00:00+00:00,97.0494658507073,128.4025
2025-06-16T21:00:00+00:00,97.03496098390806,103.67
2025-06-16T22:00:00+00:00,96.27235736090397,110.3
2025-06-16T23:00:00+00:00,96.27235736090395,104.995
2025-06-17T00:00:00+00:00,97.98752519378185,99.53
2025-06-17T01:00:00+00:00,98.06518366156354,100.15
2025-06-17T02:00:00+00:00,98.06518366156419,101.2725
2025-06-17T03:00:00+00:00,98.55896312433039,110.8
2025-06-17T04:00:00+00:00,100.20873837808331,130.20999999999998
2025-06-17T05:00:00+00:00,99.49371095175361,123.495
2025-06-17T06:00:00+00:00,99.41665869151606,100.42999999999999
2025-06-17T07:00:00+00:00,93.85315019875256,79.455
2025-06-17T08:00:00+00:00,57.98669266819662,40.6
2025-06-17T09:00:00+00:00,29.118768961779722,5.1000000000000005
2025-06-17T10:00:00+00:00,28.21999234631387,0.5600000000000003
2025-06-17T11:00:00+00:00,19.979914529914527,0.13250000000000003
2025-06-17T12:00:00+00:00,13.860364169504507,-0.8999999999999997
2025-06-17T13:00:00+00:00,19.979914529914524,0.5875000000000008
2025-06-17T14:00:00+00:00,21.32475461746847,27.9025
2025-06-17T15:00:00+00:00,29.03208833861966,75.2
2025-06-17T16:00:00+00:00,71.35533259788983,104.16
2025-06-17T17:00:00+00:00,95.1404434638531,133.95
2025-06-17T18:00:00+00:00,97.03967037755294,226.65
2025-06-17T19:00:00+00:00,97.0494658507073,227.91750000000002
2025-06-17T20:00:00+00:00,97.21595230557884,152.4875
2025-06-17T21:00:00+00:00,97.04946585081561,132.2775
2025-06-17T22:00:00+00:00,96.9061266551616,111.0025
2025-06-17T23:00:00+00:00,96.47241377617962,107.9975
2025-06-18T00:00:00+00:00,98.1897517335524,103.0
2025-06-18T01:00:00+00:00,98.1897517335524,100.035
2025-06-18T02:00:00+00:00,98.1897517335524,100.0325
2025-06-18T03:00:00+00:00,98.62576474581562,107.435
2025-06-18T04:00:00+00:00,100.47588074760186,114.9975
2025-06-18T05:00:00+00:00,100.69789672041153,114.34
2025-06-18T06:00:00+00:00,99.87655948143875,101.51
2025-06-18T07:00:00+00:00,96.97974294990293,79.3
2025-06-18T08:00:00+00:00,80.10999742197194,26.317500000000003
2025-06-18T09:00:00+00:00,35.93090000000001,4.692500000000001
2025-06-18T10:00:00+00:00,28.60778675578129,-1.4600000000000004
2025-06-18T11:00:00+00:00,24.417201262561136,-4.075
2025-06-18T12:00:00+00:00,20.174743021012397,-5.1075
2025-06-18T13:00:00+00:00,22.674522743395357,-2.4
2025-06-18T14:00:00+00:00,28.352568962458612,3.6999999999999997
2025-06-18T15:00:00+00:00,31.345191896690046,64.41749999999999
2025-06-18T16:00:00+00:00,72.73274846942985,88.2
2025-06-18T17:00:00+00:00,95.1404434638531,112.69
2025-06-18T18:00:00+00:00,96.20212833409772,153.235
2025-06-18T19:00:00+00:00,97.04946585069449,152.46499999999997
2025-06-18T20:00:00+00:00,97.0494658506909,128.7275
2025-06-18T21:00:00+00:00,96.20212833431887,109.2125
2025-06-18T22:00:00+00:00,96.20144224475735,114.77000000000001
2025-06-18T23:00:00+00:00,96.20144224478938,108.08
2025-06-19T00:00:00+00:00,97.15552924942641,105.10249999999999
2025-06-19T01:00:00+00:00,97.0494658507439,99.995
2025-06-19T02:00:00+00:00,97.0494658507073,97.4725
2025-06-19T03:00:00+00:00,97.0494658507073,97.44749999999999
2025-06-19T04:00:00+00:00,97.04946585074343,88.7225
2025-06-19T05:00:00+00:00,97.04946585070694,90.71
2025-06-19T06:00:00+00:00,95.14044346385336,61.800000000000004
2025-06-19T07:00:00+00:00,81.97296558362218,5.767500000000001
2025-06-19T08:00:00+00:00,28.132002801802372,-6.645
2025-06-19T09:00:00+00:00,11.535798048133781,-14.615
2025-06-19T10:00:00+00:00,2.039145258019343,-46.3825
2025-06-19T11:00:00+00:00,-0.0,-54.027499999999996
2025-06-19T12:00:00+00:00,-0.0,-48.015
2025-06-19T13:00:00+00:00,-0.0,-22.15
2025-06-19T14:00:00+00:00,0.4127145714434519,-3.572499999999998
2025-06-19T15:00:00+00:00,19.979914529914296,10.195
2025-06-19T16:00:00+00:00,27.555565578547395,72.1375
2025-06-19T17:00:00+00:00,63.077195604267224,103.4725
2025-06-19T18:00:00+00:00,85.37868456301743,141.39749999999998
2025-06-19T19:00:00+00:00,88.75464634146336,149.5525
2025-06-19T20:00:00+00:00,91.55155640693738,120.86
2025-06-19T21:00:00+00:00,86.45964495256793,110.0
2025-06-19T22:00:00+00:00,85.37868456298807,97.71000000000001
2025-06-19T23:00:00+00:00,86.26580245124876,95.9625
2025-06-20T00:00:00+00:00,97.0494658507073,95.2475
2025-06-20T01:00:00+00:00,97.0494658507073,94.4025
2025-06-20T02:00:00+00:00,97.0494658507073,96.0375
2025-06-20T03:00:00+00:00,98.1897517335524,100.92
2025-06-20T04:00:00+00:00,99.4937109517536,113.085
2025-06-20T05:00:00+00:00,100.41842387776948,109.135
2025-06-20T06:00:00+00:00,99.38194445467897,93.6625
2025-06-20T07:00:00+00:00,88.75464634146297,65.875
2025-06-20T08:00:00+00:00,67.986460450071,21.392500000000002
2025-06-20T09:00:00+00:00,27.571547457114644,-1.7025000000000001
2025-06-20T10:00:00+00:00,20.238092616522085,-6.4
2025-06-20T11:00:00+00:00,19.979914529914527,-8.2
2025-06-20T12:00:00+00:00,3.117954888218371,-7.7
2025-06-20T13:00:00+00:00,19.979914529914527,-4.7225
2025-06-20T14:00:00+00:00,20.41331893790761,12.99
2025-06-20T15:00:00+00:00,28.778676511941683,67.4375
2025-06-20T16:00:00+00:00,70.38986264906444,106.5275
2025-06-20T17:00:00+00:00,93.85315019875259,145.9275
2025-06-20T18:00:00+00:00,95.75266576836889,223.47750000000002
2025-06-20T19:00:00+00:00,97.04946585182756,200.075
2025-06-20T20:00:00+00:00,96.40544382080861,145.9275
2025-06-20T21:00:00+00:00,95.75266576836887,119.5425
2025-06-20T22:00:00+00:00,95.51988720547668,114.34
2025-06-20T23:00:00+00:00,95.75266576836889,108.8325
2025-06-21T00:00:00+00:00,97.0494658507073,104.235
2025-06-21T01:00:00+00:00,97.0494658507073,102.795
2025-06-21T02:00:00+00:00,97.0494658507073,102.74249999999999
2025-06-21T03:00:00+00:00,97.0494658507072,101.41749999999999
2025-06-21T04:00:00+00:00,97.88224682812738,101.555
2025-06-21T05:00:00+00:00,97.06822734024527,89.1
2025-06-21T06:00:00+00:00,95.75266576836805,67.985
2025-06-21T07:00:00+00:00,74.91736437490259,17.487499999999997
2025-06-21T08:00:00+00:00,34.227737745500065,-1.0925000000000011
2025-06-21T09:00:00+00:00,20.4133189379076,-0.01750000000000007
2025-06-21T10:00:00+00:00,12.78802348700648,-10.775
2025-06-21T11:00:00+00:00,10.640214981534088,-18.25
2025-06-21T12:00:00+00:00,4.3504487431387915,-18.6625
2025-06-21T13:00:00+00:00,10.490572618372498,-5.942500000000001
2025-06-21T14:00:00+00:00,19.979914529914524,-2.7399999999999993
2025-06-21T15:00:00+00:00,28.357300671813054,40.870000000000005
2025-06-21T16:00:00+00:00,35.9309,97.7025
2025-06-21T17:00:00+00:00,86.71698691222986,126.7875
2025-06-21T18:00:00+00:00,95.1404434638531,157.195
2025-06-21T19:00:00+00:00,95.75266576838723,158.2975
2025-06-21T20:00:00+00:00,95.75266576836889,130.6375
2025-06-21T21:00:00+00:00,95.1404434638531,113.81
2025-06-21T22:00:00+00:00,86.71698691222986,108.5175
2025-06-21T23:00:00+00:00,86.71698691222986,96.65
2025-06-22T00:00:00+00:00,90.74923613281874,89.1425
2025-06-22T01:00:00+00:00,87.48595321048661,84.08
2025-06-22T02:00:00+00:00,86.71698691225211,84.39999999999999
2025-06-22T03:00:00+00:00,86.71698691222795,81.0125
2025-06-22T04:00:00+00:00,86.71698691221782,62.3
2025-06-22T05:00:00+00:00,86.67790742277984,38.019999999999996
2025-06-22T06:00:00+00:00,76.40539749228842,19.605
2025-06-22T07:00:00+00:00,31.254744573472852,2.8949999999999996
2025-06-22T08:00:00+00:00,20.437413077687136,-1.5225000000000004
2025-06-22T09:00:00+00:00,10.688367949946741,-11.030000000000001
2025-06-22T10:00:00+00:00,10.688367949945656,-54.2525
2025-06-22T11:00:00+00:00,-0.0,-91.5225
2025-06-22T12:00:00+00:00,-0.0,-77.4025
2025-06-22T13:00:00+00:00,-0.0,-26.46
2025-06-22T14:00:00+00:00,2.5723172539261228,5.2574999999999985
2025-06-22T15:00:00+00:00,10.68836794995492,9.362499999999997
2025-06-22T16:00:00+00:00,27.68472287711037,66.6
2025-06-22T17:00:00+00:00,53.99616724721046,108.22999999999999
2025-06-22T18:00:00+00:00,75.82360027996322,121.7575
2025-06-22T19:00:00+00:00,76.245119899114,134.25
2025-06-22T20:00:00+00:00,79.3686769636635,118.945
2025-06-22T21:00:00+00:00,76.13079280841416,108.2375
2025-06-22T22:00:00+00:00,76.13079280840861,84.3
2025-06-22T23:00:00+00:00,63.84923296102545,76.775
2025-06-23T00:00:00+00:00,80.99237220976424,70.225
2025-06-23T01:00:00+00:00,80.99237220976424,65.0275
2025-06-23T02:00:00+00:00,77.16234497928654,66.8
2025-06-23T03:00:00+00:00,80.99237220976424,73.55
2025-06-23T04:00:00+00:00,80.99237220976424,95.6
2025-06-23T05:00:00+00:00,80.99237220976424,106.125
2025-06-23T06:00:00+00:00,80.97607577875442,91.7225
2025-06-23T07:00:00+00:00,31.39472252659168,67.3925
2025-06-23T08:00:00+00:00,5.620674206692044,24.837500000000002
2025-06-23T09:00:00+00:00,-0.0,1.1649999999999991
2025-06-23T10:00:00+00:00,-0.0,-0.42750000000000044
2025-06-23T11:00:00+00:00,-0.0,-15.44
2025-06-23T12:00:00+00:00,-0.0,-18.2525
2025-06-23T13:00:00+00:00,-0.0,-19.2775
2025-06-23T14:00:00+00:00,-0.0,-6.297499999999999
2025-06-23T15:00:00+00:00,-0.0,0.002500000000001279
2025-06-23T16:00:00+00:00,-0.0,31.640000000000004
2025-06-23T17:00:00+00:00,13.681357216956801,56.7575
2025-06-23T18:00:00+00:00,30.47609612208906,78.8225
2025-06-23T19:00:00+00:00,37.732835968640515,92.9275
2025-06-23T20:00:00+00:00,41.08797843456776,91.89
2025-06-23T21:00:00+00:00,41.08558286832918,84.0975
2025-06-23T22:00:00+00:00,35.93090000000001,71.94
2025-06-23T23:00:00+00:00,35.90724966313816,60.97
2025-06-24T00:00:00+00:00,38.17650587529105,59.0025
2025-06-24T01:00:00+00:00,38.176664244895015,57.5025
2025-06-24T02:00:00+00:00,38.17666424490077,54.545
2025-06-24T03:00:00+00:00,59.40772858647414,64.4325
2025-06-24T04:00:00+00:00,57.067114750303524,77.105
2025-06-24T05:00:00+00:00,64.54831760756423,78.77
2025-06-24T06:00:00+00:00,65.45946131045328,50.5
2025-06-24T07:00:00+00:00,20.35913444633983,5.7075
2025-06-24T08:00:00+00:00,9.284240043427872e-15,-7.980000000000001
2025-06-24T09:00:00+00:00,-0.0,-15.435
2025-06-24T10:00:00+00:00,-0.0,-24.872500000000002
2025-06-24T11:00:00+00:00,-0.0,-27.08
2025-06-24T12:00:00+00:00,-0.0,-20.48
2025-06-24T13:00:00+00:00,-0.0,-11.2
2025-06-24T14:00:00+00:00,-0.0,-6.067499999999999
2025-06-24T15:00:00+00:00,7.105427357601002e-15,1.9400000000000013
2025-06-24T16:00:00+00:00,19.97991452991453,60.54
2025-06-24T17:00:00+00:00,33.22748245598564,95.945
2025-06-24T18:00:00+00:00,50.90221899320503,123.4975
2025-06-24T19:00:00+00:00,56.21960272997021,117.1425
2025-06-24T20:00:00+00:00,50.90221899319995,112.2975
2025-06-24T21:00:00+00:00,50.902218993199675,97.1975
2025-06-24T22:00:00+00:00,50.90221899319893,73.10249999999999
2025-06-24T23:00:00+00:00,43.78182981930419,68.9375
2025-06-25T00:00:00+00:00,65.03774018417238,63.7525
2025-06-25T01:00:00+00:00,65.03774018417238,65.0875
2025-06-25T02:00:00+00:00,68.35219684880141,67.8025
2025-06-25T03:00:00+00:00,68.89655612231341,79.29
2025-06-25T04:00:00+00:00,81.69096029014572,91.19
2025-06-25T05:00:00+00:00,88.33331299673888,97.70750000000001
2025-06-25T06:00:00+00:00,86.71698691222986,87.155
2025-06-25T07:00:00+00:00,80.99237220976424,56.725
2025-06-25T08:00:00+00:00,38.521778207888936,18.0575
2025-06-25T09:00:00+00:00,30.612426246947635,-1.0350000000000004
2025-06-25T10:00:00+00:00,29.72117637579174,-3.0450000000000004
2025-06-25T11:00:00+00:00,19.979914529914524,-6.015
2025-06-25T12:00:00+00:00,13.355858078744262,-4.6
2025-06-25T13:00:00+00:00,12.42612781832834,-2.0600000000000005
2025-06-25T14:00:00+00:00,21.058634137152815,17.505
2025-06-25T15:00:00+00:00,35.01064907303051,67.73
2025-06-25T16:00:00+00:00,80.45166426626523,104.41
2025-06-25T17:00:00+00:00,95.1404434638531,135.73250000000002
2025-06-25T18:00:00+00:00,98.26156999456072,221.92249999999999
2025-06-25T19:00:00+00:00,98.26840180927914,248.255
2025-06-25T20:00:00+00:00,98.47557838784783,191.6975
2025-06-25T21:00:00+00:00,98.20821969144748,148.215
2025-06-25T22:00:00+00:00,97.36330523311746,125.3
2025-06-25T23:00:00+00:00,97.0494658507073,117.925
2025-06-26T00:00:00+00:00,98.3669752993551,112.925
2025-06-26T01:00:00+00:00,98.06243727764775,109.5575
2025-06-26T02:00:00+00:00,97.4026353093776,108.6
2025-06-26T03:00:00+00:00,97.68484631428183,113.0
2025-06-26T04:00:00+00:00,100.45261348581334,128.43
2025-06-26T05:00:00+00:00,100.56825721129134,134.0475
2025-06-26T06:00:00+00:00,98.68771849646303,120.27
2025-06-26T07:00:00+00:00,97.04946585070623,100.6
2025-06-26T08:00:00+00:00,86.71698691222986,84.1925
2025-06-26T09:00:00+00:00,42.28552674925518,73.39
2025-06-26T10:00:00+00:00,35.9309,61.977500000000006
2025-06-26T11:00:00+00:00,34.69197328021263,49.36
2025-06-26T12:00:00+00:00,33.56331277282656,42.9625
2025-06-26T13:00:00+00:00,33.97023100832318,50.292500000000004
2025-06-26T14:00:00+00:00,34.25339610963191,59.125
2025-06-26T15:00:00+00:00,34.69197328021268,72.17500000000001
2025-06-26T16:00:00+00:00,37.540554531737925,90.655
2025-06-26T17:00:00+00:00,42.285526749255176,100.59
2025-06-26T18:00:00+00:00,56.38070233234027,107.3475
2025-06-26T19:00:00+00:00,56.38070233234025,107.4
2025-06-26T20:00:00+00:00,56.38070233234027,106.0
2025-06-26T21:00:00+00:00,56.38070233234027,93.3025
2025-06-26T22:00:00+00:00,56.38070233234027,85.0425
2025-06-26T23:00:00+00:00,56.38070233234027,76.28
2025-06-27T00:00:00+00:00,81.5965358933361,74.7125
2025-06-27T01:00:00+00:00,85.84710795132615,71.8975
2025-06-27T02:00:00+00:00,85.73198867412599,73.9975
2025-06-27T03:00:00+00:00,86.71698691222986,85.1
2025-06-27T04:00:00+00:00,93.83702424061995,102.47749999999999
2025-06-27T05:00:00+00:00,95.1404434638531,112.5575
2025-06-27T06:00:00+00:00,93.85315019875259,106.19749999999999
2025-06-27T07:00:00+00:00,86.71698691222986,88.22
2025-06-27T08:00:00+00:00,62.615440980875746,64.285
2025-06-27T09:00:00+00:00,35.93089999999999,48.59
2025-06-27T10:00:00+00:00,35.93090000000002,27.19
2025-06-27T11:00:00+00:00,35.930900000000015,10.444999999999999
2025-06-27T12:00:00+00:00,35.9309,3.5025
2025-06-27T13:00:00+00:00,34.46293742809193,12.524999999999999
2025-06-27T14:00:00+00:00,30.98699621907659,30.925
2025-06-27T15:00:00+00:00,35.9309,54.055
2025-06-27T16:00:00+00:00,77.58911069765448,84.0
2025-06-27T17:00:00+00:00,83.04614954126575,108.2825
2025-06-27T18:00:00+00:00,88.75464634146347,130.915
2025-06-27T19:00:00+00:00,91.5515564069403,139.09
2025-06-27T20:00:00+00:00,93.25910583366522,125.4125
2025-06-27T21:00:00+00:00,89.28535556851503,109.785
2025-06-27T22:00:00+00:00,83.75483876656237,102.575
2025-06-27T23:00:00+00:00,83.48725464116768,96.47
2025-06-28T00:00:00+00:00,86.37150018583023,87.875
2025-06-28T01:00:00+00:00,83.13320006053254,84.4
2025-06-28T02:00:00+00:00,79.26000570475905,79.325
2025-06-28T03:00:00+00:00,79.26000570477346,76.0325
2025-06-28T04:00:00+00:00,79.2600057047762,69.7
2025-06-28T05:00:00+00:00,79.26000570477922,53.4325
2025-06-28T06:00:00+00:00,75.79188207062359,32.195
2025-06-28T07:00:00+00:00,31.692723252615615,3.5275000000000016
2025-06-28T08:00:00+00:00,19.979914529914524,-6.661338147750939e-16
2025-06-28T09:00:00+00:00,3.887471077638665,-1.0774999999999997
2025-06-28T10:00:00+00:00,3.887471077638665,-2.5575
2025-06-28T11:00:00+00:00,3.864907853585051,-8.82
2025-06-28T12:00:00+00:00,3.8649078535850725,-7.86
2025-06-28T13:00:00+00:00,3.8874710776387422,-4.82
2025-06-28T14:00:00+00:00,3.887471077638672,-0.7050000000000001
2025-06-28T15:00:00+00:00,19.979914529914524,1.1925000000000008
2025-06-28T16:00:00+00:00,29.79518203161978,50.3825
2025-06-28T17:00:00+00:00,36.38216282689011,91.39
2025-06-28T18:00:00+00:00,48.912406362680336,111.3925
2025-06-28T19:00:00+00:00,53.77913463639988,118.88
2025-06-28T20:00:00+00:00,65.9141254297121,112.0975
2025-06-28T21:00:00+00:00,53.77913463640279,102.47
2025-06-28T22:00:00+00:00,53.949454033869614,94.8975
2025-06-28T23:00:00+00:00,53.77913463640128,88.3175
2025-06-29T00:00:00+00:00,79.08661876835129,85.1725
2025-06-29T01:00:00+00:00,78.57672051619558,84.535
2025-06-29T02:00:00+00:00,78.44688311672944,90.095
2025-06-29T03:00:00+00:00,79.04758835812764,90.12
2025-06-29T04:00:00+00:00,79.61841926620676,83.5025
2025-06-29T05:00:00+00:00,84.09148057176968,74.0775
2025-06-29T06:00:00+00:00,80.99237220976453,15.934999999999999
2025-06-29T07:00:00+00:00,40.85670599882714,0.6475000000000009
2025-06-29T08:00:00+00:00,31.056209948129386,-1.48
2025-06-29T09:00:00+00:00,19.979914529914524,-9.425
2025-06-29T10:00:00+00:00,18.901254682227055,-14.6175
2025-06-29T11:00:00+00:00,10.629165911743788,-23.735
2025-06-29T12:00:00+00:00,-0.0,-23.2
2025-06-29T13:00:00+00:00,0.24894251196347844,-16.2175
2025-06-29T14:00:00+00:00,4.176124914977002,-1.6125000000000005
2025-06-29T15:00:00+00:00,18.901254682227055,3.9949999999999997
2025-06-29T16:00:00+00:00,29.145662467255224,80.9
2025-06-29T17:00:00+00:00,55.69077529343112,111.7375
2025-06-29T18:00:00+00:00,84.21322270813486,134.535
2025-06-29T19:00:00+00:00,85.04106901186444,136.7
2025-06-29T20:00:00+00:00,85.04106901186452,133.255
2025-06-29T21:00:00+00:00,85.04106901186448,123.8
2025-06-29T22:00:00+00:00,85.6370875956505,104.8225
2025-06-29T23:00:00+00:00,85.91188849704263,100.825
2025-06-30T00:00:00+00:00,96.27492828594086,99.39500000000001
2025-06-30T01:00:00+00:00,96.26265305123258,99.9
2025-06-30T02:00:00+00:00,96.85915898128202,100.425
2025-06-30T03:00:00+00:00,97.0494658507073,107.67750000000001
2025-06-30T04:00:00+00:00,98.16037332190815,133.865
2025-06-30T05:00:00+00:00,99.4937109517535,132.975
2025-06-30T06:00:00+00:00,98.13127269611395,114.52000000000001
2025-06-30T07:00:00+00:00,97.37493031270725,92.44749999999999
2025-06-30T08:00:00+00:00,82.53762722039149,67.98
2025-06-30T09:00:00+00:00,37.444733944194006,43.230000000000004
2025-06-30T10:00:00+00:00,31.43093944907931,24.6875
2025-06-30T11:00:00+00:00,21.324754617468464,16.2675
2025-06-30T12:00:00+00:00,20.41331893790761,19.5825
2025-06-30T13:00:00+00:00,21.062749349069925,35.3525
2025-06-30T14:00:00+00:00,31.717084873665915,73.125
2025-06-30T15:00:00+00:00,45.56620530053355,104.2925
2025-06-30T16:00:00+00:00,92.2076010734762,128.5925
2025-06-30T17:00:00+00:00,97.27830432774101,156.47
2025-06-30T18:00:00+00:00,97.52256802865496,218.2525
2025-06-30T19:00:00+00:00,97.71180961498293,199.14
2025-06-30T20:00:00+00:00,97.5844993087512,148.895
2025-06-30T21:00:00+00:00,97.27830432774101,120.895
2025-06-30T22:00:00+00:00,97.17961824925747,108.35
2025-06-30T23:00:00+00:00,97.14580262777942,95.535
2025-07-01T00:00:00+00:00,93.10910360672395,91.89
2025-07-01T01:00:00+00:00,93.0895961820486,90.875
2025-07-01T02:00:00+00:00,93.11410779155062,90.8525
2025-07-01T03:00:00+00:00,93.32300773621742,100.96000000000001
2025-07-01T04:00:00+00:00,95.1404434638531,113.68
2025-07-01T05:00:00+00:00,95.39938660565524,122.80000000000001
2025-07-01T06:00:00+00:00,95.15656708469469,114.3975
2025-07-01T07:00:00+00:00,93.13463871561032,96.08500000000001
2025-07-01T08:00:00+00:00,92.81669498555947,75.59
2025-07-01T09:00:00+00:00,71.29729578911125,65.1
2025-07-01T10:00:00+00:00,59.73446748710238,44.62
2025-07-01T11:00:00+00:00,35.93090000000001,35.1725
2025-07-01T12:00:00+00:00,34.97822978855236,48.055
2025-07-01T13:00:00+00:00,37.625308531283196,71.145
2025-07-01T14:00:00+00:00,59.73446748710238,85.77499999999999
2025-07-01T15:00:00+00:00,80.99237220976424,100.9325
2025-07-01T16:00:00+00:00,93.0837548506477,121.75999999999999
2025-07-01T17:00:00+00:00,95.06306105214833,197.3475
2025-07-01T18:00:00+00:00,95.1404434638531,333.6325
2025-07-01T19:00:00+00:00,95.22245097893804,269.1975
2025-07-01T20:00:00+00:00,95.09128365082323,169.0375
2025-07-01T21:00:00+00:00,95.06306105214843,127.425
2025-07-01T22:00:00+00:00,94.78348438967492,112.4525
2025-07-01T23:00:00+00:00,93.23052898064778,101.7025
2025-07-02T00:00:00+00:00,93.17473907972114,95.385
2025-07-02T01:00:00+00:00,93.15878636349811,94.905
2025-07-02T02:00:00+00:00,93.12423674854313,97.0025
2025-07-02T03:00:00+00:00,93.21547849468439,104.3275
2025-07-02T04:00:00+00:00,95.18374981157277,122.69
2025-07-02T05:00:00+00:00,95.81935942611683,126.2825
2025-07-02T06:00:00+00:00,95.14044346385349,113.515
2025-07-02T07:00:00+00:00,93.1457933982638,97.07
2025-07-02T08:00:00+00:00,93.10738246113854,81.5025
2025-07-02T09:00:00+00:00,90.74494963117701,66.6775
2025-07-02T10:00:00+00:00,66.73549058709052,32.9775
2025-07-02T11:00:00+00:00,57.24166362052648,39.9775
2025-07-02T12:00:00+00:00,35.93090000000002,48.475
2025-07-02T13:00:00+00:00,38.475493654363305,67.8
2025-07-02T14:00:00+00:00,46.94741792620654,80.5475
2025-07-02T15:00:00+00:00,63.23392544516673,93.9375
2025-07-02T16:00:00+00:00,86.71698691222986,115.4175
2025-07-02T17:00:00+00:00,92.40047913936381,165.31
2025-07-02T18:00:00+00:00,92.66745091633555,240.2425
2025-07-02T19:00:00+00:00,92.91181311013021,188.7375
2025-07-02T20:00:00+00:00,92.62549341599562,152.2
2025-07-02T21:00:00+00:00,92.4004791393632,119.1275
2025-07-02T22:00:00+00:00,92.40047913936343,94.20500000000001
2025-07-02T23:00:00+00:00,92.35956827377885,83.3
2025-07-03T00:00:00+00:00,92.7823662536375,80.2175
2025-07-03T01:00:00+00:00,92.21055842380296,74.6425
2025-07-03T02:00:00+00:00,91.1282043410089,74.85
2025-07-03T03:00:00+00:00,92.6372223074565,84.8075
2025-07-03T04:00:00+00:00,93.04132233410984,94.49
2025-07-03T05:00:00+00:00,93.06390727558914,103.7475
2025-07-03T06:00:00+00:00,93.04204252518034,96.0975
2025-07-03T07:00:00+00:00,93.00563649087987,81.735
2025-07-03T08:00:00+00:00,86.71698691222986,64.3175
2025-07-03T09:00:00+00:00,48.82921463077263,45.12
2025-07-03T10:00:00+00:00,36.23696747202019,30.7675
2025-07-03T11:00:00+00:00,29.01873975959711,23.795
2025-07-03T12:00:00+00:00,19.979914529914527,24.5025
2025-07-03T13:00:00+00:00,19.979914529914527,34.2
2025-07-03T14:00:00+00:00,23.616902354261395,45.9675
2025-07-03T15:00:00+00:00,35.93090000000001,84.465
2025-07-03T16:00:00+00:00,74.3716763474132,105.4975
2025-07-03T17:00:00+00:00,91.95389871147935,133.0725
2025-07-03T18:00:00+00:00,93.66344072651307,184.25
2025-07-03T19:00:00+00:00,93.85315019875259,179.51
2025-07-03T20:00:00+00:00,94.1988126030599,135.98
2025-07-03T21:00:00+00:00,93.66344072651307,117.39
2025-07-03T22:00:00+00:00,93.76402715094314,109.10249999999999
2025-07-03T23:00:00+00:00,93.7616082501945,104.4375
2025-07-04T00:00:00+00:00,95.81935942611364,99.69999999999999
2025-07-04T01:00:00+00:00,95.58667834325966,98.015
2025-07-04T02:00:00+00:00,95.58667834325969,99.3475
2025-07-04T03:00:00+00:00,95.87395291021609,106.135
2025-07-04T04:00:00+00:00,96.95239278386946,125.875
2025-07-04T05:00:00+00:00,96.79425276447307,122.1775
2025-07-04T06:00:00+00:00,96.49494934135258,102.39
2025-07-04T07:00:00+00:00,93.05379622169495,90.28
2025-07-04T08:00:00+00:00,80.99237220976403,65.27000000000001
2025-07-04T09:00:00+00:00,35.93090000000001,35.8
2025-07-04T10:00:00+00:00,35.532783581814314,15.0825
2025-07-04T11:00:00+00:00,26.463437320134986,4.9125
2025-07-04T12:00:00+00:00,20.179071574532003,1.0524999999999998
2025-07-04T13:00:00+00:00,21.324754617468464,7.654999999999999
2025-07-04T14:00:00+00:00,29.741082258671653,35.21
2025-07-04T15:00:00+00:00,36.31644958660156,68.02000000000001
2025-07-04T16:00:00+00:00,75.3817125976747,93.395
2025-07-04T17:00:00+00:00,81.4228175749499,113.715
2025-07-04T18:00:00+00:00,88.15344162509173,155.4975
2025-07-04T19:00:00+00:00,91.1282043410089,163.275
2025-07-04T20:00:00+00:00,91.12820434100911,130.8475
2025-07-04T21:00:00+00:00,90.06059109491139,108.83
2025-07-04T22:00:00+00:00,86.71698691222986,100.46000000000001
2025-07-04T23:00:00+00:00,80.9923722097637,96.45
2025-07-05T00:00:00+00:00,78.57278919871044,91.2375
2025-07-05T01:00:00+00:00,77.98767410776472,87.11
2025-07-05T02:00:00+00:00,75.65756121027316,84.62
2025-07-05T03:00:00+00:00,75.1935457380142,82.15
2025-07-05T04:00:00+00:00,75.7157433724345,74.4175
2025-07-05T05:00:00+00:00,75.19818606568116,66.6325
2025-07-05T06:00:00+00:00,58.43164958464257,46.1125
2025-07-05T07:00:00+00:00,34.979867654893674,14.935
2025-07-05T08:00:00+00:00,19.979914529914524,4.120000000000001
2025-07-05T09:00:00+00:00,1.4461189903592197e-15,0.3125000000000005
2025-07-05T10:00:00+00:00,-1.226276025168005e-14,-2.1599999999999997
2025-07-05T11:00:00+00:00,-0.0,-5.2250000000000005
2025-07-05T12:00:00+00:00,-0.0,-5.407500000000001
2025-07-05T13:00:00+00:00,-0.0,-1.3825000000000003
2025-07-05T14:00:00+00:00,-0.0,0.8050000000000006
2025-07-05T15:00:00+00:00,-0.0,5.33
2025-07-05T16:00:00+00:00,18.95658050438076,61.92
2025-07-05T17:00:00+00:00,34.97986765489356,93.1175
2025-07-05T18:00:00+00:00,48.871034714011515,106.7975
2025-07-05T19:00:00+00:00,62.365682124011535,117.225
2025-07-05T20:00:00+00:00,77.09021638428139,113.825
2025-07-05T21:00:00+00:00,77.50841818337486,102.6
2025-07-05T22:00:00+00:00,62.36568212401152,93.17
2025-07-05T23:00:00+00:00,62.00533013186759,91.3225
2025-07-06T00:00:00+00:00,76.59866308770788,85.87
2025-07-06T01:00:00+00:00,75.72366805078408,82.41
2025-07-06T02:00:00+00:00,75.24245525600517,83.9225
2025-07-06T03:00:00+00:00,63.35857253036528,84.225
2025-07-06T04:00:00+00:00,75.72366805078406,74.0625
2025-07-06T05:00:00+00:00,75.78235621405766,72.6375
2025-07-06T06:00:00+00:00,63.233933434696,66.1
2025-07-06T07:00:00+00:00,52.87544207422804,41.215
2025-07-06T08:00:00+00:00,41.70629674778956,24.2
2025-07-06T09:00:00+00:00,37.100713762188086,15.755
2025-07-06T10:00:00+00:00,36.47633616243415,10.0025
2025-07-06T11:00:00+00:00,35.16834814793033,1.0524999999999998
2025-07-06T12:00:00+00:00,35.93090000000001,1.0474999999999999
2025-07-06T13:00:00+00:00,37.10865964705464,10.092500000000001
2025-07-06T14:00:00+00:00,41.818641781939085,33.7175
2025-07-06T15:00:00+00:00,73.06634430775107,64.6975
2025-07-06T16:00:00+00:00,90.07264077842333,92.02499999999999
2025-07-06T17:00:00+00:00,92.15559952664148,107.615
2025-07-06T18:00:00+00:00,94.28810273877562,125.295
2025-07-06T19:00:00+00:00,94.50684424323593,129.07999999999998
2025-07-06T20:00:00+00:00,95.81935942611364,115.8
2025-07-06T21:00:00+00:00,95.1404434638531,102.725
2025-07-06T22:00:00+00:00,94.26350941881115,98.0275
2025-07-06T23:00:00+00:00,93.44380644594206,89.7975
2025-07-07T00:00:00+00:00,94.42891778631947,86.30499999999999
2025-07-07T01:00:00+00:00,94.44456732897571,85.45750000000001
2025-07-07T02:00:00+00:00,94.44680651523541,86.94500000000001
2025-07-07T03:00:00+00:00,95.1404434638531,97.2475
2025-07-07T04:00:00+00:00,97.0494658507073,116.7675
2025-07-07T05:00:00+00:00,97.7420694280253,121.32249999999999
2025-07-07T06:00:00+00:00,97.7420694280253,111.0775
2025-07-07T07:00:00+00:00,97.0494658507073,93.2825
2025-07-07T08:00:00+00:00,94.31842653129712,83.8825
2025-07-07T09:00:00+00:00,84.8738233734353,75.1825
2025-07-07T10:00:00+00:00,80.45436250808297,53.1775
2025-07-07T11:00:00+00:00,65.03774018417238,41.4875
2025-07-07T12:00:00+00:00,49.01052693438651,40.05
2025-07-07T13:00:00+00:00,38.0605040081078,45.57
2025-07-07T14:00:00+00:00,38.42483070496312,59.769999999999996
2025-07-07T15:00:00+00:00,65.03774018417239,74.3675
2025-07-07T16:00:00+00:00,65.03774018417232,89.745
2025-07-07T17:00:00+00:00,79.56397631800128,104.84
2025-07-07T18:00:00+00:00,86.7169869122298,116.9075
2025-07-07T19:00:00+00:00,86.71698691222986,115.6575
2025-07-07T20:00:00+00:00,86.71698691222988,108.3125
2025-07-07T21:00:00+00:00,86.71698691222986,97.4825
2025-07-07T22:00:00+00:00,88.22035297514232,94.695
2025-07-07T23:00:00+00:00,86.82204532024696,89.75750000000001
2025-07-08T00:00:00+00:00,86.71698691222981,87.47500000000001
2025-07-08T01:00:00+00:00,86.71698691222986,85.765
2025-07-08T02:00:00+00:00,86.71698691222986,86.9125
2025-07-08T03:00:00+00:00,91.1282043410088,90.92
2025-07-08T04:00:00+00:00,95.1404434638531,105.89500000000001
2025-07-08T05:00:00+00:00,95.81935942611364,115.77000000000001
2025-07-08T06:00:00+00:00,95.1404434638531,106.9525
2025-07-08T07:00:00+00:00,91.276421335303,98.3
2025-07-08T08:00:00+00:00,54.590664829465496,86.9025
2025-07-08T09:00:00+00:00,37.75575138318246,78.2025
2025-07-08T10:00:00+00:00,37.65783378574845,60.4025
2025-07-08T11:00:00+00:00,32.865736851290485,56.6975
2025-07-08T12:00:00+00:00,29.463053352414946,49.9375
2025-07-08T13:00:00+00:00,28.800433513470022,56.0775
2025-07-08T14:00:00+00:00,34.062512815546775,67.4525
2025-07-08T15:00:00+00:00,37.65783378574845,85.755
2025-07-08T16:00:00+00:00,55.4172433695357,94.1175
2025-07-08T17:00:00+00:00,81.93775955350097,117.425
2025-07-08T18:00:00+00:00,88.80691656926373,130.51
2025-07-08T19:00:00+00:00,90.18485105027655,129.66
2025-07-08T20:00:00+00:00,91.1282043410089,118.155
2025-07-08T21:00:00+00:00,90.48454687115655,102.29
2025-07-08T22:00:00+00:00,90.5166387407325,98.2175
2025-07-08T23:00:00+00:00,89.77736219223249,91.4875
2025-07-09T00:00:00+00:00,93.10726717505612,89.675
2025-07-09T01:00:00+00:00,93.10796923919094,88.5
2025-07-09T02:00:00+00:00,93.11402287287711,90.19999999999999
2025-07-09T03:00:00+00:00,93.12385233482456,97.0225
2025-07-09T04:00:00+00:00,93.67525311881245,109.3075
2025-07-09T05:00:00+00:00,94.69228887601088,114.375
2025-07-09T06:00:00+00:00,93.69268098600706,110.0875
2025-07-09T07:00:00+00:00,93.12395300552642,96.9725
2025-07-09T08:00:00+00:00,92.54627840214016,82.175
2025-07-09T09:00:00+00:00,70.06481623714134,76.935
2025-07-09T10:00:00+00:00,69.91013455410993,65.64750000000001
2025-07-09T11:00:00+00:00,52.1975714804678,51.625
2025-07-09T12:00:00+00:00,37.4718026915626,49.375
2025-07-09T13:00:00+00:00,36.28681478269443,56.45
2025-07-09T14:00:00+00:00,39.60151910821787,66.75
2025-07-09T15:00:00+00:00,80.07774992907099,82.245
2025-07-09T16:00:00+00:00,91.88391217294031,96.995
2025-07-09T17:00:00+00:00,93.12924816521208,118.7
2025-07-09T18:00:00+00:00,93.2135127388131,145.5025
2025-07-09T19:00:00+00:00,93.23016459157508,145.105
2025-07-09T20:00:00+00:00,93.23016459160652,123.9375
2025-07-09T21:00:00+00:00,93.21351273881181,108.0025
2025-07-09T22:00:00+00:00,93.21351273881263,101.4725
2025-07-09T23:00:00+00:00,93.20509502824363,95.77250000000001
2025-07-10T00:00:00+00:00,93.2004219079366,93.195
2025-07-10T01:00:00+00:00,93.20038468808858,93.39750000000001
2025-07-10T02:00:00+00:00,93.20038468808856,94.29249999999999
2025-07-10T03:00:00+00:00,93.30208261583914,101.8975
2025-07-10T04:00:00+00:00,95.1404434638531,120.075
2025-07-10T05:00:00+00:00,95.5866783432597,122.9975
2025-07-10T06:00:00+00:00,95.1404434638531,112.5975
2025-07-10T07:00:00+00:00,93.19413058573839,96.505
2025-07-10T08:00:00+00:00,92.86486870048748,81.1075
2025-07-10T09:00:00+00:00,69.93216798341159,69.8425
2025-07-10T10:00:00+00:00,69.70151585751404,50.9875
2025-07-10T11:00:00+00:00,39.22649774027664,45.025
2025-07-10T12:00:00+00:00,35.60535657796592,46.885
2025-07-10T13:00:00+00:00,35.930899999999994,55.7
2025-07-10T14:00:00+00:00,57.73013428822107,72.67999999999999
2025-07-10T15:00:00+00:00,69.83932370330663,87.7125
2025-07-10T16:00:00+00:00,92.01421949862299,102.9925
2025-07-10T17:00:00+00:00,93.1190982710812,118.58500000000001
2025-07-10T18:00:00+00:00,93.11909827108249,138.76500000000001
2025-07-10T19:00:00+00:00,93.11909827107975,135.83499999999998
2025-07-10T20:00:00+00:00,93.1190982710764,119.5375
2025-07-10T21:00:00+00:00,93.11909827107941,106.265
2025-07-10T22:00:00+00:00,93.11909827109638,103.56
2025-07-10T23:00:00+00:00,93.11909827110077,98.0025
2025-07-11T00:00:00+00:00,93.20023300235577,93.6275
2025-07-11T01:00:00+00:00,93.20041224304333,93.35
2025-07-11T02:00:00+00:00,93.20041224304327,93.15
2025-07-11T03:00:00+00:00,93.20041224304342,99.225
2025-07-11T04:00:00+00:00,95.1404434638531,113.55
2025-07-11T05:00:00+00:00,95.14044346385316,115.8975
2025-07-11T06:00:00+00:00,93.85315019875273,105.06
2025-07-11T07:00:00+00:00,93.10738246113927,92.035
2025-07-11T08:00:00+00:00,92.55549178756766,80.18
2025-07-11T09:00:00+00:00,69.63814282093566,69.10249999999999
2025-07-11T10:00:00+00:00,57.752173674908704,54.71
2025-07-11T11:00:00+00:00,35.930899999999966,36.535
2025-07-11T12:00:00+00:00,34.565604368594315,27.1725
2025-07-11T13:00:00+00:00,35.34526375263792,38.182500000000005
2025-07-11T14:00:00+00:00,36.12236198053586,64.4075
2025-07-11T15:00:00+00:00,57.648835409566296,78.3875
2025-07-11T16:00:00+00:00,81.92607819690811,91.3475
2025-07-11T17:00:00+00:00,92.18047166672054,101.785
2025-07-11T18:00:00+00:00,92.85085709458134,123.61
2025-07-11T19:00:00+00:00,92.8508570945875,122.8725
2025-07-11T20:00:00+00:00,92.85085709458299,112.46000000000001
2025-07-11T21:00:00+00:00,92.85085709456703,100.39
2025-07-11T22:00:00+00:00,92.85085709457097,101.75999999999999
2025-07-11T23:00:00+00:00,92.8508570945782,95.7
2025-07-12T00:00:00+00:00,93.13302814677664,92.75
2025-07-12T01:00:00+00:00,93.12561002165495,92.3825
2025-07-12T02:00:00+00:00,92.87926930075402,89.83749999999999
2025-07-12T03:00:00+00:00,92.83248615471904,90.57000000000001
2025-07-12T04:00:00+00:00,92.8752619987435,86.17750000000001
2025-07-12T05:00:00+00:00,92.87525093830423,88.7075
2025-07-12T06:00:00+00:00,92.83182542406855,77.2525
2025-07-12T07:00:00+00:00,89.79975925925925,54.042500000000004
2025-07-12T08:00:00+00:00,56.72388900396983,24.175
2025-07-12T09:00:00+00:00,34.791993553986245,7.2299999999999995
2025-07-12T10:00:00+00:00,30.710847160523205,1.7024999999999997
2025-07-12T11:00:00+00:00,28.615926348004685,0.8725000000000003
2025-07-12T12:00:00+00:00,28.521107549196422,0.4500000000000003
2025-07-12T13:00:00+00:00,32.50454263319484,2.3975
2025-07-12T14:00:00+00:00,35.9309,13.692499999999999
2025-07-12T15:00:00+00:00,38.29098805644026,49.615
2025-07-12T16:00:00+00:00,64.59357555488134,87.7875
2025-07-12T17:00:00+00:00,79.4613205388143,97.82000000000001
2025-07-12T18:00:00+00:00,92.80315648185183,112.875
2025-07-12T19:00:00+00:00,93.19795802834737,118.0975
2025-07-12T20:00:00+00:00,93.19795802834737,112.42
2025-07-12T21:00:00+00:00,92.80315648185183,105.0625
2025-07-12T22:00:00+00:00,92.80315648185183,102.605
2025-07-12T23:00:00+00:00,92.80315648185183,99.3275
2025-07-13T00:00:00+00:00,94.59717344334149,96.3025
2025-07-13T01:00:00+00:00,92.13022062266049,95.05499999999999
2025-07-13T02:00:00+00:00,92.13022062266178,95.3575
2025-07-13T03:00:00+00:00,92.13022062266124,95.35
2025-07-13T04:00:00+00:00,92.1302206226598,92.5625
2025-07-13T05:00:00+00:00,92.13022062265891,82.95
2025-07-13T06:00:00+00:00,94.07970634665719,68.455
2025-07-13T07:00:00+00:00,84.2189618729641,45.3025
2025-07-13T08:00:00+00:00,64.3381130368044,22.075000000000003
2025-07-13T09:00:00+00:00,48.46740718498425,5.8325
2025-07-13T10:00:00+00:00,32.72227989970058,2.0025000000000004
2025-07-13T11:00:00+00:00,27.322803680981597,1.2075000000000002
2025-07-13T12:00:00+00:00,27.322803680981593,1.3375000000000004
2025-07-13T13:00:00+00:00,27.94742945124018,2.075
2025-07-13T14:00:00+00:00,33.691530906775256,16.47
2025-07-13T15:00:00+00:00,36.389276202654905,62.05
2025-07-13T16:00:00+00:00,71.04792559742349,91.2
2025-07-13T17:00:00+00:00,91.55155640692949,109.71
2025-07-13T18:00:00+00:00,94.97574436309422,126.2
2025-07-13T19:00:00+00:00,94.99588410507862,135.125
2025-07-13T20:00:00+00:00,94.9958841050811,127.5675
2025-07-13T21:00:00+00:00,94.9824557293384,111.0575
2025-07-13T22:00:00+00:00,94.98245572933854,104.52
2025-07-13T23:00:00+00:00,94.97572938896776,101.27
2025-07-14T00:00:00+00:00,95.1404434638531,96.94
2025-07-14T01:00:00+00:00,94.86138155386278,96.9525
2025-07-14T02:00:00+00:00,94.85218316581175,98.3925
2025-07-14T03:00:00+00:00,95.1390391007418,105.3425
2025-07-14T04:00:00+00:00,95.83972617276066,128.64
2025-07-14T05:00:00+00:00,97.04946585063838,131.46
2025-07-14T06:00:00+00:00,95.81935942611166,116.80250000000001
2025-07-14T07:00:00+00:00,94.8278397044139,103.9
2025-07-14T08:00:00+00:00,91.24582402277039,91.3075
2025-07-14T09:00:00+00:00,71.35533259789048,82.825
2025-07-14T10:00:00+00:00,63.42826532445802,76.1175
2025-07-14T11:00:00+00:00,60.9074707395062,68.225
2025-07-14T12:00:00+00:00,51.87199388635259,66.8375
2025-07-14T13:00:00+00:00,58.66406098770178,68.72
2025-07-14T14:00:00+00:00,63.42826532445812,80.905
2025-07-14T15:00:00+00:00,79.79782015664357,91.4525
2025-07-14T16:00:00+00:00,80.99237220976302,106.9025
2025-07-14T17:00:00+00:00,93.76651303011037,133.07999999999998
2025-07-14T18:00:00+00:00,95.22376354021944,158.5375
2025-07-14T19:00:00+00:00,95.81935942609589,175.14
2025-07-14T20:00:00+00:00,95.5866783432597,133.775
2025-07-14T21:00:00+00:00,95.14044346385393,114.0
2025-07-14T22:00:00+00:00,94.67355033391141,106.27
2025-07-14T23:00:00+00:00,93.49845562275739,99.7825
2025-07-15T00:00:00+00:00,89.6697836167291,93.795
2025-07-15T01:00:00+00:00,89.76191841517308,88.955
2025-07-15T02:00:00+00:00,88.75464634146338,91.345
2025-07-15T03:00:00+00:00,91.12820434100911,97.12
2025-07-15T04:00:00+00:00,95.1404434638531,112.2375
2025-07-15T05:00:00+00:00,95.81935942611364,114.53
2025-07-15T06:00:00+00:00,95.23949970126546,102.6575
2025-07-15T07:00:00+00:00,91.80926361966034,90.05
2025-07-15T08:00:00+00:00,86.71698691222943,74.985
2025-07-15T09:00:00+00:00,68.34615325575643,67.0475
2025-07-15T10:00:00+00:00,49.46632919210333,56.845
2025-07-15T11:00:00+00:00,35.9309,43.33
2025-07-15T12:00:00+00:00,35.99256747968081,39.19
2025-07-15T13:00:00+00:00,36.01855685969139,51.4825
2025-07-15T14:00:00+00:00,36.06802510797128,68.105
2025-07-15T15:00:00+00:00,49.65699574627529,84.1
2025-07-15T16:00:00+00:00,78.59702362796168,95.0325
2025-07-15T17:00:00+00:00,86.71698691223125,110.52250000000001
2025-07-15T18:00:00+00:00,95.0288033458112,135.6
2025-07-15T19:00:00+00:00,95.13623141611671,140.37
2025-07-15T20:00:00+00:00,95.14044346385305,124.5975
2025-07-15T21:00:00+00:00,92.43563440000418,112.3
2025-07-15T22:00:00+00:00,91.1282043410086,103.9
2025-07-15T23:00:00+00:00,91.1282043410086,96.4575
2025-07-16T00:00:00+00:00,88.78345949713658,90.9975
2025-07-16T01:00:00+00:00,88.78345949713658,87.6
2025-07-16T02:00:00+00:00,88.78345949713655,87.8
2025-07-16T03:00:00+00:00,88.75464634146343,93.52
2025-07-16T04:00:00+00:00,95.58667834325969,107.5525
2025-07-16T05:00:00+00:00,95.85942568646685,111.81
2025-07-16T06:00:00+00:00,95.14044346385359,111.175
2025-07-16T07:00:00+00:00,93.20705163189498,98.46
2025-07-16T08:00:00+00:00,92.74238278919212,93.9975
2025-07-16T09:00:00+00:00,85.84109603208722,88.7
2025-07-16T10:00:00+00:00,80.99237220976428,79.5025
2025-07-16T11:00:00+00:00,64.80373514848694,73.9175
2025-07-16T12:00:00+00:00,63.60442790708925,63.755
2025-07-16T13:00:00+00:00,58.18074618854042,67.5875
2025-07-16T14:00:00+00:00,64.48890528545972,78.575
2025-07-16T15:00:00+00:00,80.99237220976416,90.575
2025-07-16T16:00:00+00:00,92.62849750179574,99.0
2025-07-16T17:00:00+00:00,93.6466267701127,111.3
2025-07-16T18:00:00+00:00,93.7439871159144,123.7
2025-07-16T19:00:00+00:00,94.31701800973445,126.83
2025-07-16T20:00:00+00:00,93.7439855199142,122.0
2025-07-16T21:00:00+00:00,93.73310819856721,109.2
2025-07-16T22:00:00+00:00,93.33163203365476,102.77250000000001
2025-07-16T23:00:00+00:00,93.17948817988801,95.945
2025-07-17T00:00:00+00:00,93.10738246113964,91.94
2025-07-17T01:00:00+00:00,93.10738246113871,91.565
2025-07-17T02:00:00+00:00,93.10738246113854,91.63499999999999
2025-07-17T03:00:00+00:00,93.10738246113917,94.6
2025-07-17T04:00:00+00:00,93.2494815252315,108.3175
2025-07-17T05:00:00+00:00,93.24788545128695,110.735
2025-07-17T06:00:00+00:00,93.24739270408814,108.375
2025-07-17T07:00:00+00:00,93.1015881785393,96.1575
2025-07-17T08:00:00+00:00,93.05367630912082,87.4
2025-07-17T09:00:00+00:00,90.54275873246809,73.185
2025-07-17T10:00:00+00:00,70.13793846250461,68.075
2025-07-17T11:00:00+00:00,67.54843448494469,59.42
2025-07-17T12:00:00+00:00,59.591720630122936,55.097500000000004
2025-07-17T13:00:00+00:00,59.871597013014764,61.0
2025-07-17T14:00:00+00:00,68.35886410063975,73.3875
2025-07-17T15:00:00+00:00,78.66061839547638,86.0
2025-07-17T16:00:00+00:00,91.84275543337283,97.2825
2025-07-17T17:00:00+00:00,93.21202673856145,110.3025
2025-07-17T18:00:00+00:00,93.5172512833395,132.025
2025-07-17T19:00:00+00:00,95.1404434638531,142.5425
2025-07-17T20:00:00+00:00,93.59533291671258,130.3975
2025-07-17T21:00:00+00:00,93.5172512833395,114.0225
2025-07-17T22:00:00+00:00,93.49459371179431,108.7175
2025-07-17T23:00:00+00:00,93.28303387677411,100.4025
2025-07-18T00:00:00+00:00,93.69217748725443,98.71000000000001
2025-07-18T01:00:00+00:00,93.69217748725441,96.96000000000001
2025-07-18T02:00:00+00:00,94.02786351239062,100.17750000000001
2025-07-18T03:00:00+00:00,94.19366041245863,107.9
2025-07-18T04:00:00+00:00,96.00668880732711,121.7925
2025-07-18T05:00:00+00:00,96.57222851845518,122.8975
2025-07-18T06:00:00+00:00,95.81935942611365,112.685
2025-07-18T07:00:00+00:00,93.42567640493235,100.0025
2025-07-18T08:00:00+00:00,93.10904767007838,90.2975
2025-07-18T09:00:00+00:00,92.94139513601712,83.82
2025-07-18T10:00:00+00:00,72.61022493682083,72.89
2025-07-18T11:00:00+00:00,71.3553325978898,64.97749999999999
2025-07-18T12:00:00+00:00,71.3553325978898,62.95
2025-07-18T13:00:00+00:00,71.35533259788981,70.1
2025-07-18T14:00:00+00:00,79.91526238447321,80.3375
2025-07-18T15:00:00+00:00,86.71698691222986,92.0
2025-07-18T16:00:00+00:00,93.07016539734587,109.39
2025-07-18T17:00:00+00:00,93.85315019875297,130.2825
2025-07-18T18:00:00+00:00,95.14044346385305,172.625
2025-07-18T19:00:00+00:00,95.14044346385307,165.91750000000002
2025-07-18T20:00:00+00:00,95.1404434638531,130.075
2025-07-18T21:00:00+00:00,93.97686792738432,115.585
2025-07-18T22:00:00+00:00,93.28749730865796,114.745
2025-07-18T23:00:00+00:00,93.12563629129107,108.6275
2025-07-19T00:00:00+00:00,93.12983764854573,104.6
2025-07-19T01:00:00+00:00,93.20782846871334,104.0675
2025-07-19T02:00:00+00:00,93.24572256918105,102.0675
2025-07-19T03:00:00+00:00,93.2457225691815,101.9
2025-07-19T04:00:00+00:00,93.2457225691796,101.08
2025-07-19T05:00:00+00:00,93.24572256917662,93.8
2025-07-19T06:00:00+00:00,93.2132378788434,83.73
2025-07-19T07:00:00+00:00,92.12084191751882,66.495
2025-07-19T08:00:00+00:00,55.517765683591776,18.9175
2025-07-19T09:00:00+00:00,34.108446793638024,4.047499999999999
2025-07-19T10:00:00+00:00,30.84376346396928,1.2625000000000002
2025-07-19T11:00:00+00:00,20.179071574532003,-0.5700000000000002
2025-07-19T12:00:00+00:00,19.979914529914524,-0.55
2025-07-19T13:00:00+00:00,21.75512951731982,4.0175
2025-07-19T14:00:00+00:00,31.262495848562533,37.87
2025-07-19T15:00:00+00:00,31.365837669863865,80.4825
2025-07-19T16:00:00+00:00,55.517765683591776,99.155
2025-07-19T17:00:00+00:00,74.02368757812236,115.775
2025-07-19T18:00:00+00:00,74.94606203176366,121.8
2025-07-19T19:00:00+00:00,74.89783004616139,122.5
2025-07-19T20:00:00+00:00,74.8964535938097,111.60249999999999
2025-07-19T21:00:00+00:00,74.89524918516317,102.5275
2025-07-19T22:00:00+00:00,74.5632248571445,96.0025
2025-07-19T23:00:00+00:00,74.56322485732105,93.925
2025-07-20T00:00:00+00:00,92.37092488795707,90.675
2025-07-20T01:00:00+00:00,88.75464634146343,90.55
2025-07-20T02:00:00+00:00,88.59579508510423,92.89
2025-07-20T03:00:00+00:00,91.31634437045612,95.14
2025-07-20T04:00:00+00:00,91.60523777540732,90.0
2025-07-20T05:00:00+00:00,91.60382279271292,83.3825
2025-07-20T06:00:00+00:00,91.1282043410089,78.0975
2025-07-20T07:00:00+00:00,80.99237220976424,56.4025
2025-07-20T08:00:00+00:00,59.79510208685392,14.195
2025-07-20T09:00:00+00:00,34.13116237203211,2.3000000000000003
2025-07-20T10:00:00+00:00,27.723795177158856,1.7999999999999998
2025-07-20T11:00:00+00:00,21.579900783846497,1.1975000000000002
2025-07-20T12:00:00+00:00,20.437413077687253,2.1024999999999996
2025-07-20T13:00:00+00:00,23.184161814086657,15.1
2025-07-20T14:00:00+00:00,32.123800154511514,54.155
2025-07-20T15:00:00+00:00,35.87826670922449,83.2375
2025-07-20T16:00:00+00:00,62.95446037387494,107.1
2025-07-20T17:00:00+00:00,86.71698691222986,121.7975
2025-07-20T18:00:00+00:00,91.1282043410089,127.2775
2025-07-20T19:00:00+00:00,95.1404434638531,132.2
2025-07-20T20:00:00+00:00,93.85315019875259,123.44999999999999
2025-07-20T21:00:00+00:00,91.1282043410089,111.87
2025-07-20T22:00:00+00:00,86.71698691222986,102.7275
2025-07-20T23:00:00+00:00,86.71698691222986,98.1575
2025-07-21T00:00:00+00:00,93.32826774501858,97.77250000000001
2025-07-21T01:00:00+00:00,91.1282043410089,98.325
2025-07-21T02:00:00+00:00,91.1282043410089,98.94
2025-07-21T03:00:00+00:00,93.85315019875272,102.975
2025-07-21T04:00:00+00:00,95.31026854168275,114.9
2025-07-21T05:00:00+00:00,96.93132118795423,128.775
2025-07-21T06:00:00+00:00,96.74307501559886,115.4075
2025-07-21T07:00:00+00:00,96.31765508098906,103.0
2025-07-21T08:00:00+00:00,93.78596939513844,95.9975
2025-07-21T09:00:00+00:00,91.81177777379023,92.9975
2025-07-21T10:00:00+00:00,90.56422065166454,90.66499999999999
2025-07-21T11:00:00+00:00,91.1282043410084,88.5
2025-07-21T12:00:00+00:00,86.7169869122006,87.8
2025-07-21T13:00:00+00:00,78.30664688590427,87.2225
2025-07-21T14:00:00+00:00,89.24438336719086,90.025
2025-07-21T15:00:00+00:00,93.39123776537976,93.76
2025-07-21T16:00:00+00:00,95.1404434638531,102.9975
2025-07-21T17:00:00+00:00,95.81935942611364,112.0
2025-07-21T18:00:00+00:00,97.0494658507073,127.8125
2025-07-21T19:00:00+00:00,97.04951760350542,120.8125
2025-07-21T20:00:00+00:00,97.0494658507073,109.8075
2025-07-21T21:00:00+00:00,96.41996142875881,97.9
2025-07-21T22:00:00+00:00,95.81935942611369,95.2975
2025-07-21T23:00:00+00:00,95.1404434638531,90.6925
2025-07-22T00:00:00+00:00,95.1404434638531,90.0
2025-07-22T01:00:00+00:00,95.14044346385087,88.0975
2025-07-22T02:00:00+00:00,95.14044346385339,86.1525
2025-07-22T03:00:00+00:00,95.1404434638531,91.5475
2025-07-22T04:00:00+00:00,97.0494658507073,101.4825
2025-07-22T05:00:00+00:00,95.81935942611364,107.465
2025-07-22T06:00:00+00:00,96.98545039692166,100.4075
2025-07-22T07:00:00+00:00,93.38349803392632,91.935
2025-07-22T08:00:00+00:00,77.47668553076224,77.44
2025-07-22T09:00:00+00:00,59.866864629651246,68.4225
2025-07-22T10:00:00+00:00,40.284865324868626,45.14
2025-07-22T11:00:00+00:00,33.53115820658051,12.41
2025-07-22T12:00:00+00:00,24.002643587541872,9.7975
2025-07-22T13:00:00+00:00,22.56184085001009,14.125
2025-07-22T14:00:00+00:00,32.504756666384395,34.54
2025-07-22T15:00:00+00:00,35.9309,75.52250000000001
2025-07-22T16:00:00+00:00,57.53185095398901,89.58500000000001
2025-07-22T17:00:00+00:00,79.90891086739266,103.5275
2025-07-22T18:00:00+00:00,88.15344162509173,120.0975
2025-07-22T19:00:00+00:00,92.92108001208227,117.50999999999999
2025-07-22T20:00:00+00:00,88.75464634146343,109.1
2025-07-22T21:00:00+00:00,80.20137359594993,99.67
2025-07-22T22:00:00+00:00,79.82248617286834,89.94
2025-07-22T23:00:00+00:00,72.86187171447828,84.2975
2025-07-23T00:00:00+00:00,86.57543458192873,80.0
2025-07-23T01:00:00+00:00,86.57543458192839,78.3
2025-07-23T02:00:00+00:00,86.57542253112686,78.73
2025-07-23T03:00:00+00:00,86.57580704511699,83.0
2025-07-23T04:00:00+00:00,86.71698691222986,96.5625
2025-07-23T05:00:00+00:00,91.1282043410089,103.53
2025-07-23T06:00:00+00:00,91.4393256089016,95.62
2025-07-23T07:00:00+00:00,86.30907513394042,84.25
2025-07-23T08:00:00+00:00,64.51430612744103,60.755
2025-07-23T09:00:00+00:00,36.607398083529404,45.115
2025-07-23T10:00:00+00:00,36.52912502556377,25.5075
2025-07-23T11:00:00+00:00,35.930899999999994,17.995
2025-07-23T12:00:00+00:00,19.979914529914524,19.005
2025-07-23T13:00:00+00:00,20.96907758500241,38.2025
2025-07-23T14:00:00+00:00,31.29922608346023,63.1525
2025-07-23T15:00:00+00:00,36.64554399886832,76.59
2025-07-23T16:00:00+00:00,77.64182617849023,94.6175
2025-07-23T17:00:00+00:00,88.15344162509173,111.28999999999999
2025-07-23T18:00:00+00:00,93.85315019875252,122.4875
2025-07-23T19:00:00+00:00,95.1404434638531,119.195
2025-07-23T20:00:00+00:00,95.1404434638531,115.755
2025-07-23T21:00:00+00:00,95.12126915547088,106.0975
2025-07-23T22:00:00+00:00,95.12126915547088,99.8375
2025-07-23T23:00:00+00:00,94.82880511912302,97.745
2025-07-24T00:00:00+00:00,93.54055936128732,93.66
2025-07-24T01:00:00+00:00,93.544939215188,91.8
2025-07-24T02:00:00+00:00,93.85315019875259,93.125
2025-07-24T03:00:00+00:00,95.07055984346792,98.9975
2025-07-24T04:00:00+00:00,95.86697689968973,113.575
2025-07-24T05:00:00+00:00,97.0494658507073,121.2275
2025-07-24T06:00:00+00:00,95.58667834325968,110.0725
2025-07-24T07:00:00+00:00,94.35473133835747,97.36250000000001
2025-07-24T08:00:00+00:00,93.18274705005592,90.47749999999999
2025-07-24T09:00:00+00:00,92.48568126011733,87.39750000000001
2025-07-24T10:00:00+00:00,85.68236837304214,87.0
2025-07-24T11:00:00+00:00,84.53595300036132,86.1575
2025-07-24T12:00:00+00:00,84.85328428384734,85.00750000000001
2025-07-24T13:00:00+00:00,84.85328428384737,87.02250000000001
2025-07-24T14:00:00+00:00,85.09267494767998,88.95
2025-07-24T15:00:00+00:00,87.46113707756996,96.215
2025-07-24T16:00:00+00:00,92.62348641640376,106.45
2025-07-24T17:00:00+00:00,95.1404434638531,118.8
2025-07-24T18:00:00+00:00,97.0494658507073,147.2575
2025-07-24T19:00:00+00:00,97.21968301478684,140.7225
2025-07-24T20:00:00+00:00,97.0494658507073,121.3175
2025-07-24T21:00:00+00:00,95.5866783432597,109.0475
2025-07-24T22:00:00+00:00,95.1404434638531,104.55
2025-07-24T23:00:00+00:00,94.02291715576342,99.5075
2025-07-25T00:00:00+00:00,93.38879857122421,96.31
2025-07-25T01:00:00+00:00,93.37032388976918,94.765
2025-07-25T02:00:00+00:00,93.37032388976945,94.225
2025-07-25T03:00:00+00:00,93.3703238897693,98.9025
2025-07-25T04:00:00+00:00,95.1404434638531,110.58749999999999
2025-07-25T05:00:00+00:00,97.0494658507073,116.0025
2025-07-25T06:00:00+00:00,95.5866783432597,108.41499999999999
2025-07-25T07:00:00+00:00,93.51490447365623,97.77
2025-07-25T08:00:00+00:00,93.12169474562974,91.22749999999999
2025-07-25T09:00:00+00:00,90.16289737865624,84.14
2025-07-25T10:00:00+00:00,76.37879723671601,81.5
2025-07-25T11:00:00+00:00,71.69000875744483,74.815
2025-07-25T12:00:00+00:00,71.13135152575157,73.0675
2025-07-25T13:00:00+00:00,71.1496688404588,73.3775
2025-07-25T14:00:00+00:00,71.69000875744482,81.3875
2025-07-25T15:00:00+00:00,79.31946551569796,87.895
2025-07-25T16:00:00+00:00,80.91398935664532,99.6175
2025-07-25T17:00:00+00:00,93.18234407574953,109.09
2025-07-25T18:00:00+00:00,95.58667834325979,124.425
2025-07-25T19:00:00+00:00,95.81935942611364,124.8625
2025-07-25T20:00:00+00:00,95.58667834325979,114.7425
2025-07-25T21:00:00+00:00,95.58667834325979,106.03999999999999
2025-07-25T22:00:00+00:00,95.1404434638531,103.7125
2025-07-25T23:00:00+00:00,94.01049924791342,99.925
2025-07-26T00:00:00+00:00,93.23263522432785,97.36749999999999
2025-07-26T01:00:00+00:00,93.17113916006915,97.2525
2025-07-26T02:00:00+00:00,93.171139160065,97.49
2025-07-26T03:00:00+00:00,93.17113916006558,96.87
2025-07-26T04:00:00+00:00,93.17325601030036,95.17
2025-07-26T05:00:00+00:00,93.1785960038452,93.755
2025-07-26T06:00:00+00:00,93.20339992751455,92.0
2025-07-26T07:00:00+00:00,93.1568210731727,87.25
2025-07-26T08:00:00+00:00,83.61588522469998,74.355
2025-07-26T09:00:00+00:00,73.15570401664162,64.44
2025-07-26T10:00:00+00:00,71.52093143394501,58.4825
2025-07-26T11:00:00+00:00,65.5460331275173,48.5875
2025-07-26T12:00:00+00:00,60.07959922041249,45.5825
2025-07-26T13:00:00+00:00,60.906267765725886,57.6
2025-07-26T14:00:00+00:00,71.52093143394502,73.8
2025-07-26T15:00:00+00:00,73.32888643096426,88.8
2025-07-26T16:00:00+00:00,79.0160535535962,99.12
2025-07-26T17:00:00+00:00,91.12820434100898,111.35249999999999
2025-07-26T18:00:00+00:00,95.1404434638531,123.0475
2025-07-26T19:00:00+00:00,95.73906879806694,116.4575
2025-07-26T20:00:00+00:00,95.73906879806685,109.72
2025-07-26T21:00:00+00:00,95.52591819280164,102.67750000000001
2025-07-26T22:00:00+00:00,95.36124191192656,101.735
2025-07-26T23:00:00+00:00,95.1404434638531,98.8
2025-07-27T00:00:00+00:00,94.62567288630714,95.91
2025-07-27T01:00:00+00:00,93.85315019873705,93.9275
2025-07-27T02:00:00+00:00,92.85072556274059,93.5
2025-07-27T03:00:00+00:00,92.81455792245696,93.19
2025-07-27T04:00:00+00:00,92.85072556269708,90.185
2025-07-27T05:00:00+00:00,92.85072556270286,86.69999999999999
2025-07-27T06:00:00+00:00,93.54742057737766,81.725
2025-07-27T07:00:00+00:00,91.49430663757455,72.8275
2025-07-27T08:00:00+00:00,72.82622818151397,61.685
2025-07-27T09:00:00+00:00,47.91330475917273,59.99
2025-07-27T10:00:00+00:00,41.67621894227006,50.745000000000005
2025-07-27T11:00:00+00:00,37.436253143003704,21.79
2025-07-27T12:00:00+00:00,37.5306144837213,20.435
2025-07-27T13:00:00+00:00,37.533800813436066,33.985
2025-07-27T14:00:00+00:00,37.58487268521762,55.71
2025-07-27T15:00:00+00:00,43.13290529184987,72.41499999999999
2025-07-27T16:00:00+00:00,62.4816423996285,92.99000000000001
2025-07-27T17:00:00+00:00,72.95106574830888,104.64
2025-07-27T18:00:00+00:00,84.7938402727767,107.2
2025-07-27T19:00:00+00:00,95.02236508986232,109.25
2025-07-27T20:00:00+00:00,93.97698415289783,104.675
2025-07-27T21:00:00+00:00,91.12820434100885,95.09
2025-07-27T22:00:00+00:00,91.12820434100885,92.475
2025-07-27T23:00:00+00:00,84.79384027277676,90.93
2025-07-28T00:00:00+00:00,89.89916413364541,85.83500000000001
2025-07-28T01:00:00+00:00,86.71698691222986,85.62
2025-07-28T02:00:00+00:00,86.71698691222986,84.80250000000001
2025-07-28T03:00:00+00:00,91.1282043410089,88.7825
2025-07-28T04:00:00+00:00,93.85315019875259,105.5975
2025-07-28T05:00:00+00:00,94.08013184283314,115.6525
2025-07-28T06:00:00+00:00,94.44085112960735,104.7825
2025-07-28T07:00:00+00:00,92.793439494827,99.605
2025-07-28T08:00:00+00:00,87.40464587210171,86.875
2025-07-28T09:00:00+00:00,74.1309088293034,76.22
2025-07-28T10:00:00+00:00,50.57717564452247,67.13
2025-07-28T11:00:00+00:00,35.947981957245645,57.8675
2025-07-28T12:00:00+00:00,34.27868427586493,45.215
2025-07-28T13:00:00+00:00,34.27865753999952,43.69
2025-07-28T14:00:00+00:00,35.17941127167418,52.7225
2025-07-28T15:00:00+00:00,35.947981957245645,72.585
2025-07-28T16:00:00+00:00,58.03071660845257,85.35249999999999
2025-07-28T17:00:00+00:00,75.84718291780607,96.7075
2025-07-28T18:00:00+00:00,84.04454197612849,108.4025
2025-07-28T19:00:00+00:00,84.07336426369862,105.98
2025-07-28T20:00:00+00:00,84.07336426369864,97.2025
2025-07-28T21:00:00+00:00,84.07336426369862,88.3125
2025-07-28T22:00:00+00:00,84.33157161708915,83.01249999999999
2025-07-28T23:00:00+00:00,84.07336426369862,80.495
2025-07-29T00:00:00+00:00,91.1282043410089,77.3
2025-07-29T01:00:00+00:00,91.1282043410089,76.275
2025-07-29T02:00:00+00:00,92.26731042567025,76.9625
2025-07-29T03:00:00+00:00,92.30865028059567,81.485
2025-07-29T04:00:00+00:00,94.39747977380985,95.285
2025-07-29T05:00:00+00:00,94.83561967713264,100.79249999999999
2025-07-29T06:00:00+00:00,94.40275044578186,96.095
2025-07-29T07:00:00+00:00,92.302981147378,90.5
2025-07-29T08:00:00+00:00,80.5657194696732,74.1275
2025-07-29T09:00:00+00:00,44.47239689549226,57.87
2025-07-29T10:00:00+00:00,31.968586216965964,37.9025
2025-07-29T11:00:00+00:00,21.305828749880344,12.2775
2025-07-29T12:00:00+00:00,19.979914529914527,9.23
2025-07-29T13:00:00+00:00,20.437413077687253,21.02
2025-07-29T14:00:00+00:00,29.37894191022392,48.445
2025-07-29T15:00:00+00:00,35.47212454350229,78.9025
2025-07-29T16:00:00+00:00,68.35034599398548,94.775
2025-07-29T17:00:00+00:00,86.71698691222986,102.8775
2025-07-29T18:00:00+00:00,91.15943983199477,125.88
2025-07-29T19:00:00+00:00,92.58783358887237,122.08
2025-07-29T20:00:00+00:00,91.54172685382625,112.0025
2025-07-29T21:00:00+00:00,91.15943983199477,98.045
2025-07-29T22:00:00+00:00,91.1337946586464,93.0025
2025-07-29T23:00:00+00:00,91.1337946586464,88.9975
2025-07-30T00:00:00+00:00,92.94159241825261,86.6125
2025-07-30T01:00:00+00:00,92.9010677569469,85.0825
2025-07-30T02:00:00+00:00,92.88848635204542,84.6825
2025-07-30T03:00:00+00:00,92.92726813879167,90.275
2025-07-30T04:00:00+00:00,93.11986545420824,98.0025
2025-07-30T05:00:00+00:00,93.11285819905582,102.2
2025-07-30T06:00:00+00:00,93.11008340609003,95.0
2025-07-30T07:00:00+00:00,92.93922514429985,81.1
2025-07-30T08:00:00+00:00,89.83147806473447,71.9
2025-07-30T09:00:00+00:00,60.10083050724811,64.555
2025-07-30T10:00:00+00:00,49.2517383754818,46.555
2025-07-30T11:00:00+00:00,36.59793452669177,31.5425
2025-07-30T12:00:00+00:00,35.9309,23.0
2025-07-30T13:00:00+00:00,33.002690093005114,34.4425
2025-07-30T14:00:00+00:00,33.246625989182924,57.94
2025-07-30T15:00:00+00:00,42.90729221386798,77.89999999999999
2025-07-30T16:00:00+00:00,60.10083050724811,92.0425
2025-07-30T17:00:00+00:00,80.13444067633084,100.7
2025-07-30T18:00:00+00:00,80.34796723440542,114.015
2025-07-30T19:00:00+00:00,84.83284184403678,109.765
2025-07-30T20:00:00+00:00,81.70470316443857,104.39
2025-07-30T21:00:00+00:00,80.34796723440543,93.5025
2025-07-30T22:00:00+00:00,80.34796723440543,91.0
2025-07-30T23:00:00+00:00,79.42662500646473,81.3075
2025-07-31T00:00:00+00:00,88.17848198231903,80.67
2025-07-31T01:00:00+00:00,84.08497716615362,79.6
2025-07-31T02:00:00+00:00,86.71698691222986,81.2025
2025-07-31T03:00:00+00:00,91.50616354473378,84.68
2025-07-31T04:00:00+00:00,92.5338785546348,91.045
2025-07-31T05:00:00+00:00,93.14313797125824,99.61500000000001
2025-07-31T06:00:00+00:00,93.13341263012099,102.15
2025-07-31T07:00:00+00:00,92.48747369743768,90.8175
2025-07-31T08:00:00+00:00,87.9899454472704,76.6
2025-07-31T09:00:00+00:00,65.24983221881256,71.1025
2025-07-31T10:00:00+00:00,65.24983221881024,58.37
2025-07-31T11:00:00+00:00,63.39361067717651,37.652499999999996
2025-07-31T12:00:00+00:00,44.09454523972776,32.6175
2025-07-31T13:00:00+00:00,50.71292849176016,46.87
2025-07-31T14:00:00+00:00,57.2886920064784,63.332499999999996
2025-07-31T15:00:00+00:00,64.29501409001772,83.6225
2025-07-31T16:00:00+00:00,72.53063702479842,97.0275
2025-07-31T17:00:00+00:00,91.12820434101437,101.965
2025-07-31T18:00:00+00:00,93.64580288749565,124.7325
2025-07-31T19:00:00+00:00,93.64580288749579,119.2775
2025-07-31T20:00:00+00:00,93.65757503267635,112.0025
2025-07-31T21:00:00+00:00,93.64580288749579,102.0575
2025-07-31T22:00:00+00:00,93.64580288749579,101.115
2025-07-31T23:00:00+00:00,93.64580288749595,94.655
2025-08-01T00:00:00+00:00,90.95456730823763,92.815
2025-08-01T01:00:00+00:00,90.92132793816126,88.63250000000001
2025-08-01T02:00:00+00:00,90.67905024480304,89.925
2025-08-01T03:00:00+00:00,90.72168479062944,95.8475
2025-08-01T04:00:00+00:00,91.25583486962282,112.34
2025-08-01T05:00:00+00:00,92.08306608395955,112.3575
2025-08-01T06:00:00+00:00,91.1196914819658,107.47999999999999
2025-08-01T07:00:00+00:00,90.95456878917143,101.025
2025-08-01T08:00:00+00:00,90.05250165836806,93.455
2025-08-01T09:00:00+00:00,80.72002368242298,84.8025
2025-08-01T10:00:00+00:00,61.373050164073646,72.1075
2025-08-01T11:00:00+00:00,48.65551587573478,59.712500000000006
2025-08-01T12:00:00+00:00,48.668975672449385,56.2775
2025-08-01T13:00:00+00:00,48.66897567245156,59.7975
2025-08-01T14:00:00+00:00,48.320643279639725,68.9125
2025-08-01T15:00:00+00:00,48.95500299408598,85.725
2025-08-01T16:00:00+00:00,60.37270146862763,97.30499999999999
2025-08-01T17:00:00+00:00,80.40737656723175,105.4875
2025-08-01T18:00:00+00:00,86.71698691222963,120.48
2025-08-01T19:00:00+00:00,86.74282328329627,120.6375
2025-08-01T20:00:00+00:00,86.71743097604373,110.2
2025-08-01T21:00:00+00:00,86.71698691222991,105.1825
2025-08-01T22:00:00+00:00,86.7169869122301,103.83
2025-08-01T23:00:00+00:00,86.71698691222994,96.2
2025-08-02T00:00:00+00:00,86.08711223172048,94.535
2025-08-02T01:00:00+00:00,83.79502211933685,92.04249999999999
2025-08-02T02:00:00+00:00,83.74727566957128,93.2475
2025-08-02T03:00:00+00:00,85.61278257518092,93.53999999999999
2025-08-02T04:00:00+00:00,85.61800043451156,92.0275
2025-08-02T05:00:00+00:00,85.65085876817858,88.41
2025-08-02T06:00:00+00:00,86.3228028865211,86.55499999999999
2025-08-02T07:00:00+00:00,81.00020926991655,83.2
2025-08-02T08:00:00+00:00,58.26878957137459,63.955
2025-08-02T09:00:00+00:00,35.93090000000054,39.1275
2025-08-02T10:00:00+00:00,29.977569248676033,15.18
2025-08-02T11:00:00+00:00,27.413859412455988,3.6225000000000005
2025-08-02T12:00:00+00:00,27.05778999498178,2.3249999999999993
2025-08-02T13:00:00+00:00,21.3247546174685,3.7425
2025-08-02T14:00:00+00:00,30.72517893579051,27.672500000000003
2025-08-02T15:00:00+00:00,32.4264444402348,60.32
2025-08-02T16:00:00+00:00,35.40670657001125,84.355
2025-08-02T17:00:00+00:00,62.82482704541134,96.4
2025-08-02T18:00:00+00:00,70.05394367423202,106.645
2025-08-02T19:00:00+00:00,73.36734616225735,110.25
2025-08-02T20:00:00+00:00,73.36505627888124,102.5475
2025-08-02T21:00:00+00:00,70.31563957157024,96.3175
2025-08-02T22:00:00+00:00,69.61368582657691,89.9
2025-08-02T23:00:00+00:00,64.84886719733133,82.16
2025-08-03T00:00:00+00:00,61.99897717890887,77.2
2025-08-03T01:00:00+00:00,36.53549815929769,75.32
2025-08-03T02:00:00+00:00,35.93090000000001,73.0
2025-08-03T03:00:00+00:00,35.93089999999992,69.45
2025-08-03T04:00:00+00:00,36.05747137833937,66.69500000000001
2025-08-03T05:00:00+00:00,67.56460264274781,65.36
2025-08-03T06:00:00+00:00,54.852687552020704,59.5925
2025-08-03T07:00:00+00:00,35.93090000000001,49.292500000000004
2025-08-03T08:00:00+00:00,33.277357100411386,31.475
2025-08-03T09:00:00+00:00,31.324275771982848,18.6
2025-08-03T10:00:00+00:00,27.988860852048948,6.04
2025-08-03T11:00:00+00:00,27.294146298397262,2.7475
2025-08-03T12:00:00+00:00,27.220352979738323,2.3024999999999998
2025-08-03T13:00:00+00:00,27.245652207643236,3.197499999999999
2025-08-03T14:00:00+00:00,20.76605677945038,9.4
2025-08-03T15:00:00+00:00,28.49213761866005,44.9675
2025-08-03T16:00:00+00:00,32.88938872464152,74.9975
2025-08-03T17:00:00+00:00,47.75905023302404,89.85249999999999
2025-08-03T18:00:00+00:00,52.50746548128433,99.58500000000001
2025-08-03T19:00:00+00:00,69.53560577241838,98.8225
2025-08-03T20:00:00+00:00,62.833947170824516,96.9
2025-08-03T21:00:00+00:00,52.50746548128433,90.425
2025-08-03T22:00:00+00:00,52.50746548128439,86.8
2025-08-03T23:00:00+00:00,48.458938113109184,80.9975
2025-08-04T00:00:00+00:00,62.00917979342681,79.0
2025-08-04T01:00:00+00:00,61.56427529307258,77.9525
2025-08-04T02:00:00+00:00,62.00917979342683,82.7175
2025-08-04T03:00:00+00:00,80.99237220976424,86.2825
2025-08-04T04:00:00+00:00,86.71698691222986,101.4
2025-08-04T05:00:00+00:00,90.40334586858438,117.8
2025-08-04T06:00:00+00:00,90.40576315012036,121.30000000000001
2025-08-04T07:00:00+00:00,90.40576315012036,101.735
2025-08-04T08:00:00+00:00,86.71698691222986,91.995
2025-08-04T09:00:00+00:00,78.37046702131856,84.9125
2025-08-04T10:00:00+00:00,44.33688143122366,64.8525
2025-08-04T11:00:00+00:00,39.21869256444268,35.0
2025-08-04T12:00:00+00:00,35.930899999999994,29.2025
2025-08-04T13:00:00+00:00,34.0660362323738,34.57
2025-08-04T14:00:00+00:00,34.63206847290318,58.0
2025-08-04T15:00:00+00:00,35.9309,75.4
2025-08-04T16:00:00+00:00,44.26740620497658,93.0975
2025-08-04T17:00:00+00:00,54.757079180659964,103.99000000000001
2025-08-04T18:00:00+00:00,55.36218652620563,117.74000000000001
2025-08-04T19:00:00+00:00,55.3464538832038,108.8
2025-08-04T20:00:00+00:00,52.29159008592358,87.5
2025-08-04T21:00:00+00:00,35.00137485743219,70.89500000000001
2025-08-04T22:00:00+00:00,34.32748626356783,35.587500000000006
2025-08-04T23:00:00+00:00,34.40264952612046,29.975
2025-08-05T00:00:00+00:00,35.93089999999873,32.255
2025-08-05T01:00:00+00:00,52.297111464126715,40.707499999999996
2025-08-05T02:00:00+00:00,35.9309000000011,48.9275
2025-08-05T03:00:00+00:00,61.84861223191398,70.2925
2025-08-05T04:00:00+00:00,69.72948195216898,87.0025
2025-08-05T05:00:00+00:00,76.25014702350735,89.5
2025-08-05T06:00:00+00:00,73.86219462674173,81.22749999999999
2025-08-05T07:00:00+00:00,69.72948195216898,29.1275
2025-08-05T08:00:00+00:00,35.9309,7.640000000000001
2025-08-05T09:00:00+00:00,28.832294379946028,0.0974999999999997
2025-08-05T10:00:00+00:00,28.708999931227872,-2.4974999999999996
2025-08-05T11:00:00+00:00,19.979914529914524,-8.3975
2025-08-05T12:00:00+00:00,6.967068956515351,-9.7
2025-08-05T13:00:00+00:00,3.308613274942041,-3.375
2025-08-05T14:00:00+00:00,1.3518092653908282,-2.8725000000000005
2025-08-05T15:00:00+00:00,1.5480221923005288,0.6950000000000007
2025-08-05T16:00:00+00:00,19.979914529914524,21.787499999999998
2025-08-05T17:00:00+00:00,33.68913132365579,78.355
2025-08-05T18:00:00+00:00,35.93089999999986,90.235
2025-08-05T19:00:00+00:00,47.55192925519981,91.3725
2025-08-05T20:00:00+00:00,47.55192925519981,85.18
2025-08-05T21:00:00+00:00,40.047206283329196,76.56
2025-08-05T22:00:00+00:00,36.859267497882264,68.74
2025-08-05T23:00:00+00:00,36.98855209348882,59.955
2025-08-06T00:00:00+00:00,57.306102529049596,55.7025
2025-08-06T01:00:00+00:00,57.3061025290496,58.6625
2025-08-06T02:00:00+00:00,71.5971329377279,59.31
2025-08-06T03:00:00+00:00,57.30610252904958,74.0
2025-08-06T04:00:00+00:00,76.27894305880868,87.57
2025-08-06T05:00:00+00:00,86.6796521808675,90.63499999999999
2025-08-06T06:00:00+00:00,80.99237220976424,74.3275
2025-08-06T07:00:00+00:00,40.29444767154897,19.8725
2025-08-06T08:00:00+00:00,29.525551579401302,3.7924999999999995
2025-08-06T09:00:00+00:00,19.97991452991453,-1.0675000000000006
2025-08-06T10:00:00+00:00,6.695454382898369,-5.16
2025-08-06T11:00:00+00:00,6.695454382898348,-6.2125
2025-08-06T12:00:00+00:00,7.179379823302613,-4.0925
2025-08-06T13:00:00+00:00,8.065660273366097,0.5175000000000001
2025-08-06T14:00:00+00:00,20.273473547129335,10.0
2025-08-06T15:00:00+00:00,29.743378647690417,54.44
2025-08-06T16:00:00+00:00,38.07297610732715,93.0175
2025-08-06T17:00:00+00:00,84.82656391655296,116.41749999999999
2025-08-06T18:00:00+00:00,90.39760232530583,147.53
2025-08-06T19:00:00+00:00,92.27649630851705,156.99
2025-08-06T20:00:00+00:00,92.25813925530635,117.0675
2025-08-06T21:00:00+00:00,92.31687304625017,107.9575
2025-08-06T22:00:00+00:00,92.25813925530635,103.84
2025-08-06T23:00:00+00:00,91.98477644801744,97.0975
2025-08-07T00:00:00+00:00,90.34482823974882,94.33250000000001
2025-08-07T01:00:00+00:00,90.3813472790627,92.9425
2025-08-07T02:00:00+00:00,88.99016670270518,92.93
2025-08-07T03:00:00+00:00,89.8452948816184,102.30250000000001
2025-08-07T04:00:00+00:00,93.33699961981877,109.21
2025-08-07T05:00:00+00:00,93.83931237065269,107.635
2025-08-07T06:00:00+00:00,93.56385432158889,92.10000000000001
2025-08-07T07:00:00+00:00,88.75464634146064,74.9
2025-08-07T08:00:00+00:00,58.46922350226913,33.5725
2025-08-07T09:00:00+00:00,32.078646717009214,5.965
2025-08-07T10:00:00+00:00,20.935477792711676,-1.0475000000000003
2025-08-07T11:00:00+00:00,17.446118647585866,-1.0899999999999999
2025-08-07T12:00:00+00:00,12.42339604658532,-0.965
2025-08-07T13:00:00+00:00,11.86726875927257,0.2124999999999997
2025-08-07T14:00:00+00:00,20.935477792711403,8.7975
2025-08-07T15:00:00+00:00,23.450709481395798,67.915
2025-08-07T16:00:00+00:00,62.94096495617942,97.5575
2025-08-07T17:00:00+00:00,83.92128660826458,118.1525
2025-08-07T18:00:00+00:00,88.99016670269636,148.9675
2025-08-07T19:00:00+00:00,90.23168027760799,137.5975
2025-08-07T20:00:00+00:00,88.9901667027074,110.5
2025-08-07T21:00:00+00:00,86.71698691222365,101.275
2025-08-07T22:00:00+00:00,85.30597798978951,92.91499999999999
2025-08-07T23:00:00+00:00,86.20223899815018,90.4
2025-08-08T00:00:00+00:00,86.5754494483406,85.9725
2025-08-08T01:00:00+00:00,85.96281118513834,85.3175
2025-08-08T02:00:00+00:00,86.00105939942775,85.08
2025-08-08T03:00:00+00:00,88.75464634146338,90.39750000000001
2025-08-08T04:00:00+00:00,93.33699961981877,102.5125
2025-08-08T05:00:00+00:00,93.81098667445625,106.0
2025-08-08T06:00:00+00:00,93.85315019875227,97.425
2025-08-08T07:00:00+00:00,91.45179861785908,82.575
2025-08-08T08:00:00+00:00,80.99237220976424,60.8375
2025-08-08T09:00:00+00:00,43.45873696320875,20.0
2025-08-08T10:00:00+00:00,36.508500312941734,7.915000000000001
2025-08-08T11:00:00+00:00,26.258652656416352,-1.0299999999999998
2025-08-08T12:00:00+00:00,20.21801336529556,-1.9425
2025-08-08T13:00:00+00:00,19.979914529914524,1.625
2025-08-08T14:00:00+00:00,32.71077184193369,25.3425
2025-08-08T15:00:00+00:00,34.91760849430703,73.32249999999999
2025-08-08T16:00:00+00:00,80.80370441989083,101.1
2025-08-08T17:00:00+00:00,90.23652061628644,115.08
2025-08-08T18:00:00+00:00,91.46864002816586,154.8225
2025-08-08T19:00:00+00:00,92.37632804869392,152.7775
2025-08-08T20:00:00+00:00,91.70731126510064,116.12
2025-08-08T21:00:00+00:00,91.46864002816966,106.1
2025-08-08T22:00:00+00:00,91.55155640689036,109.4875
2025-08-08T23:00:00+00:00,91.46864002816986,104.2975
2025-08-09T00:00:00+00:00,93.24153756123425,101.7575
2025-08-09T01:00:00+00:00,93.15309699325594,99.725
2025-08-09T02:00:00+00:00,92.4548841171625,98.55
2025-08-09T03:00:00+00:00,92.45488411734102,99.425
2025-08-09T04:00:00+00:00,93.33699961981877,99.30250000000001
2025-08-09T05:00:00+00:00,93.33699961978397,92.1875
2025-08-09T06:00:00+00:00,93.115710394587,79.2475
2025-08-09T07:00:00+00:00,88.99016670270643,34.1
2025-08-09T08:00:00+00:00,54.83170657629972,0.8000000000000003
2025-08-09T09:00:00+00:00,30.63502486168056,-3.000000000000001
2025-08-09T10:00:00+00:00,27.19873802577232,-9.9625
2025-08-09T11:00:00+00:00,20.351371025203914,-19.91
2025-08-09T12:00:00+00:00,19.979914529914527,-20.1925
2025-08-09T13:00:00+00:00,9.428912309771986,-12.295
2025-08-09T14:00:00+00:00,15.404950613037736,0.2650000000000001
2025-08-09T15:00:00+00:00,20.413318937907633,18.009999999999998
2025-08-09T16:00:00+00:00,35.602058093824205,85.82000000000001
2025-08-09T17:00:00+00:00,73.10894210173299,101.1525
2025-08-09T18:00:00+00:00,80.17956805314938,118.59
2025-08-09T19:00:00+00:00,82.8706854020518,118.725
2025-08-09T20:00:00+00:00,79.44263470397902,107.9425
2025-08-09T21:00:00+00:00,77.21881255140262,99.11
2025-08-09T22:00:00+00:00,77.20640596311424,97.2
2025-08-09T23:00:00+00:00,73.16436542398998,89.8
2025-08-10T00:00:00+00:00,82.19298643053521,85.2975
2025-08-10T01:00:00+00:00,80.8037044198895,81.3125
2025-08-10T02:00:00+00:00,80.55314467811934,80.73
2025-08-10T03:00:00+00:00,80.99237220976417,84.22749999999999
2025-08-10T04:00:00+00:00,86.28498383562885,76.57000000000001
2025-08-10T05:00:00+00:00,86.71698691224091,60.025
2025-08-10T06:00:00+00:00,84.33953125056863,20.8475
2025-08-10T07:00:00+00:00,63.037701548538806,1.9949999999999992
2025-08-10T08:00:00+00:00,33.217287252848934,-5.2175
2025-08-10T09:00:00+00:00,19.789705361985927,-27.385
2025-08-10T10:00:00+00:00,7.156114505557495,-54.525
2025-08-10T11:00:00+00:00,-0.0,-81.4325
2025-08-10T12:00:00+00:00,-0.0,-74.515
2025-08-10T13:00:00+00:00,-0.0,-40.3525
2025-08-10T14:00:00+00:00,6.426967694169212,-8.9775
2025-08-10T15:00:00+00:00,19.979914529914527,3.4899999999999998
2025-08-10T16:00:00+00:00,35.27242645067045,80.0025
2025-08-10T17:00:00+00:00,75.89671704055664,105.4025
2025-08-10T18:00:00+00:00,90.55257056679983,120.3
2025-08-10T19:00:00+00:00,92.13868213772277,121.2
2025-08-10T20:00:00+00:00,91.34995310896171,114.455
2025-08-10T21:00:00+00:00,90.5847234429589,104.43
2025-08-10T22:00:00+00:00,90.58472344295937,91.2175
2025-08-10T23:00:00+00:00,90.83478789873148,89.12
2025-08-11T00:00:00+00:00,93.56385432159081,88.265
2025-08-11T01:00:00+00:00,93.56385432159072,88.015
2025-08-11T02:00:00+00:00,94.72341120765422,90.085
2025-08-11T03:00:00+00:00,95.14044346385312,97.9125
2025-08-11T04:00:00+00:00,95.1404434638531,114.995
2025-08-11T05:00:00+00:00,95.73782531022141,122.4925
2025-08-11T06:00:00+00:00,95.2656908872659,105.425
2025-08-11T07:00:00+00:00,91.4938481091906,87.2475
2025-08-11T08:00:00+00:00,88.15344162509166,48.68
2025-08-11T09:00:00+00:00,55.24813146061385,18.22
2025-08-11T10:00:00+00:00,37.21164015464067,8.3
2025-08-11T11:00:00+00:00,21.777571777987113,3.2725
2025-08-11T12:00:00+00:00,20.179071574532003,2.8024999999999993
2025-08-11T13:00:00+00:00,21.76458403880328,10.1
2025-08-11T14:00:00+00:00,37.294827750431025,46.3225
2025-08-11T15:00:00+00:00,52.99403265508873,83.22749999999999
2025-08-11T16:00:00+00:00,86.71698691222998,108.13
2025-08-11T17:00:00+00:00,91.99397180723554,138.2475
2025-08-11T18:00:00+00:00,94.4065908384229,191.8175
2025-08-11T19:00:00+00:00,94.40659083842348,158.9425
2025-08-11T20:00:00+00:00,91.99397180723565,118.1925
2025-08-11T21:00:00+00:00,91.99397180723531,103.8
2025-08-11T22:00:00+00:00,91.99397180723544,96.915
2025-08-11T23:00:00+00:00,91.9939718072353,93.4425
2025-08-12T00:00:00+00:00,90.95527690675924,91.24
2025-08-12T01:00:00+00:00,91.00538635932013,91.2125
2025-08-12T02:00:00+00:00,91.13772832320174,91.6475
2025-08-12T03:00:00+00:00,91.60452809529758,102.62
2025-08-12T04:00:00+00:00,93.56385432159081,123.205
2025-08-12T05:00:00+00:00,95.1404434638531,122.555
2025-08-12T06:00:00+00:00,92.97790086208242,104.7675
2025-08-12T07:00:00+00:00,90.91978580490705,88.8075
2025-08-12T08:00:00+00:00,90.68072277021896,68.3475
2025-08-12T09:00:00+00:00,68.45430061111715,33.255
2025-08-12T10:00:00+00:00,68.13930040140643,15.582500000000001
2025-08-12T11:00:00+00:00,22.595133526377992,13.942499999999999
2025-08-12T12:00:00+00:00,20.174743021012397,12.6475
2025-08-12T13:00:00+00:00,21.840211844684564,25.4825
2025-08-12T14:00:00+00:00,35.9309,70.8225
2025-08-12T15:00:00+00:00,69.0789627951796,98.22749999999999
2025-08-12T16:00:00+00:00,89.42270300844395,111.685
2025-08-12T17:00:00+00:00,90.94953832993211,138.0025
2025-08-12T18:00:00+00:00,90.95054560015792,169.6025
2025-08-12T19:00:00+00:00,90.95055731067907,140.565
2025-08-12T20:00:00+00:00,90.95048591188177,108.7725
2025-08-12T21:00:00+00:00,90.95048591188177,98.7025
2025-08-12T22:00:00+00:00,90.91719015753563,100.8
2025-08-12T23:00:00+00:00,90.91910585886028,93.645
2025-08-13T00:00:00+00:00,90.91978580490706,91.0975
2025-08-13T01:00:00+00:00,90.9197858049071,87.82249999999999
2025-08-13T02:00:00+00:00,90.92378534345289,87.91
2025-08-13T03:00:00+00:00,91.10190280515857,98.7875
2025-08-13T04:00:00+00:00,92.8113656503144,107.745
2025-08-13T05:00:00+00:00,93.82179271736246,110.42
2025-08-13T06:00:00+00:00,92.80449757032575,106.27250000000001
2025-08-13T07:00:00+00:00,90.91978580490708,96.21
2025-08-13T08:00:00+00:00,90.91978580490708,76.3075
2025-08-13T09:00:00+00:00,80.99237220976481,46.375
2025-08-13T10:00:00+00:00,68.74263368273301,19.96
2025-08-13T11:00:00+00:00,67.64247607942032,14.790000000000001
2025-08-13T12:00:00+00:00,21.32475461746921,21.48
2025-08-13T13:00:00+00:00,32.53354708177127,46.660000000000004
2025-08-13T14:00:00+00:00,65.93412549574887,85.22999999999999
2025-08-13T15:00:00+00:00,79.02295253165407,101.615
2025-08-13T16:00:00+00:00,90.85220527551243,119.6275
2025-08-13T17:00:00+00:00,91.65684491031104,172.825
2025-08-13T18:00:00+00:00,92.55707336584868,192.3475
2025-08-13T19:00:00+00:00,92.55572705144559,148.73250000000002
2025-08-13T20:00:00+00:00,92.29900526328193,127.03999999999999
2025-08-13T21:00:00+00:00,91.65684491030811,108.3375
2025-08-13T22:00:00+00:00,91.18838093725725,98.92999999999999
2025-08-13T23:00:00+00:00,91.04064758035214,95.195
2025-08-14T00:00:00+00:00,91.09437926543958,93.0425
2025-08-14T01:00:00+00:00,91.15367250276459,90.445
2025-08-14T02:00:00+00:00,91.20960725953526,90.48
2025-08-14T03:00:00+00:00,93.52675447597937,95.89750000000001
2025-08-14T04:00:00+00:00,95.09925029908834,116.235
2025-08-14T05:00:00+00:00,95.43841927860413,115.28
2025-08-14T06:00:00+00:00,95.10056829365239,100.05
2025-08-14T07:00:00+00:00,90.91978580490733,90.42
2025-08-14T08:00:00+00:00,90.91978580490705,84.47
2025-08-14T09:00:00+00:00,86.7169869122312,71.43
2025-08-14T10:00:00+00:00,69.47351819204043,58.697500000000005
2025-08-14T11:00:00+00:00,68.1723813180452,48.9975
2025-08-14T12:00:00+00:00,35.930899999999994,59.01
2025-08-14T13:00:00+00:00,68.21867403371914,80.9075
2025-08-14T14:00:00+00:00,71.96145181277771,93.74
2025-08-14T15:00:00+00:00,80.63181650268838,106.1225
2025-08-14T16:00:00+00:00,90.89268994027604,123.6625
2025-08-14T17:00:00+00:00,93.54641032072598,224.58499999999998
2025-08-14T18:00:00+00:00,93.56385432159021,282.41499999999996
2025-08-14T19:00:00+00:00,93.56385432159021,169.2125
2025-08-14T20:00:00+00:00,93.5638543215922,127.30000000000001
2025-08-14T21:00:00+00:00,93.56385432159202,110.34
2025-08-14T22:00:00+00:00,91.6667843345602,104.1425
2025-08-14T23:00:00+00:00,91.05435548834413,94.2275
2025-08-15T00:00:00+00:00,90.93650390382986,89.58
2025-08-15T01:00:00+00:00,90.94145167624573,89.75
2025-08-15T02:00:00+00:00,90.94696755220123,94.375
2025-08-15T03:00:00+00:00,91.51696039817777,97.9125
2025-08-15T04:00:00+00:00,93.56385432159081,107.125
2025-08-15T05:00:00+00:00,95.09213517524671,105.94
2025-08-15T06:00:00+00:00,93.56385432159081,94.715
2025-08-15T07:00:00+00:00,90.93694209929002,76.9225
2025-08-15T08:00:00+00:00,89.75308165929049,49.9375
2025-08-15T09:00:00+00:00,36.45497107809961,8.0
2025-08-15T10:00:00+00:00,28.90652043459313,3.4425000000000003
2025-08-15T11:00:00+00:00,20.179071574532003,2.0
2025-08-15T12:00:00+00:00,19.979914529914524,2.375
2025-08-15T13:00:00+00:00,19.979914529914524,10.0
2025-08-15T14:00:00+00:00,24.71322480089897,40.72
2025-08-15T15:00:00+00:00,33.86667564356479,80.145
2025-08-15T16:00:00+00:00,69.4504682633258,95.5
2025-08-15T17:00:00+00:00,86.71698691222986,108.50999999999999
2025-08-15T18:00:00+00:00,90.48737498954827,122.52250000000001
2025-08-15T19:00:00+00:00,90.8416191283217,116.80250000000001
2025-08-15T20:00:00+00:00,90.67736575070819,104.6325
2025-08-15T21:00:00+00:00,90.4630800430878,98.5175
2025-08-15T22:00:00+00:00,90.47302159182075,94.9025
2025-08-15T23:00:00+00:00,90.45792487787577,89.67
2025-08-16T00:00:00+00:00,90.81671457887654,87.735
2025-08-16T01:00:00+00:00,89.29776702149604,83.785
2025-08-16T02:00:00+00:00,85.36520911704656,83.71000000000001
2025-08-16T03:00:00+00:00,84.17337427717057,86.0075
2025-08-16T04:00:00+00:00,86.71698691222986,85.72
2025-08-16T05:00:00+00:00,88.99016670270521,83.19749999999999
2025-08-16T06:00:00+00:00,90.82894355146368,86.53999999999999
2025-08-16T07:00:00+00:00,86.71698691222986,64.765
2025-08-16T08:00:00+00:00,62.95631885648759,22.9875
2025-08-16T09:00:00+00:00,35.305338381894074,9.7625
2025-08-16T10:00:00+00:00,24.222331034665107,2.5225
2025-08-16T11:00:00+00:00,19.979914529914524,0.040000000000000036
2025-08-16T12:00:00+00:00,8.933992184677898,1.1102230246251565e-16
2025-08-16T13:00:00+00:00,6.687688223992342,-1.7950000000000004
2025-08-16T14:00:00+00:00,19.979914529914524,0.7150000000000007
2025-08-16T15:00:00+00:00,23.85393333256566,25.247500000000002
2025-08-16T16:00:00+00:00,34.307137193016466,69.8875
2025-08-16T17:00:00+00:00,65.64870854431605,98.6225
2025-08-16T18:00:00+00:00,78.7081239982954,101.15
2025-08-16T19:00:00+00:00,79.2944085385971,100.3475
2025-08-16T20:00:00+00:00,79.29440853859684,97.0925
2025-08-16T21:00:00+00:00,79.29440853859056,90.57000000000001
2025-08-16T22:00:00+00:00,79.29845859692743,88.16
2025-08-16T23:00:00+00:00,79.29440853859819,85.2525
2025-08-17T00:00:00+00:00,90.45003404893939,84.54
2025-08-17T01:00:00+00:00,90.21386719083503,84.03
2025-08-17T02:00:00+00:00,91.25371120729547,82.95
2025-08-17T03:00:00+00:00,91.51358942700307,84.45
2025-08-17T04:00:00+00:00,91.28336429581402,83.2525
2025-08-17T05:00:00+00:00,91.65471606519759,77.2225
2025-08-17T06:00:00+00:00,90.70591892416965,70.715
2025-08-17T07:00:00+00:00,86.71698691223224,27.47
2025-08-17T08:00:00+00:00,63.317233352691524,0.7699999999999989
2025-08-17T09:00:00+00:00,41.35135356000013,-0.9000000000000004
2025-08-17T10:00:00+00:00,39.6091891480708,-1.9999999999999998
2025-08-17T11:00:00+00:00,28.42743720573721,-10.379999999999999
2025-08-17T12:00:00+00:00,28.35732662895246,-8.17
2025-08-17T13:00:00+00:00,34.3643703883981,-0.1775000000000002
2025-08-17T14:00:00+00:00,35.93089999999986,7.539999999999999
2025-08-17T15:00:00+00:00,57.8805437391034,68.545
2025-08-17T16:00:00+00:00,79.38590846198014,102.6825
2025-08-17T17:00:00+00:00,91.04612653315542,118.5975
2025-08-17T18:00:00+00:00,91.72098436813756,119.8575
2025-08-17T19:00:00+00:00,91.74356080841595,117.30250000000001
2025-08-17T20:00:00+00:00,91.72098436813756,108.675
2025-08-17T21:00:00+00:00,91.72098436813721,101.5325
2025-08-17T22:00:00+00:00,91.9115605758606,95.965
2025-08-17T23:00:00+00:00,91.72098436813819,91.69
2025-08-18T00:00:00+00:00,91.49550803507394,88.0825
2025-08-18T01:00:00+00:00,93.33699961981877,88.395
2025-08-18T02:00:00+00:00,93.85315019875259,88.8425
2025-08-18T03:00:00+00:00,95.1404434638531,102.7975
2025-08-18T04:00:00+00:00,95.43841927860387,128.315
2025-08-18T05:00:00+00:00,95.73782531022138,129.2825
2025-08-18T06:00:00+00:00,95.43841927860387,109.9
2025-08-18T07:00:00+00:00,91.48472177519949,91.30250000000001
2025-08-18T08:00:00+00:00,90.6754581980281,71.6575
2025-08-18T09:00:00+00:00,72.26568296004764,64.0
2025-08-18T10:00:00+00:00,64.85305506482683,30.985
2025-08-18T11:00:00+00:00,42.083274245870655,21.2575
2025-08-18T12:00:00+00:00,37.277436496569486,21.2925
2025-08-18T13:00:00+00:00,37.23881862587871,47.347500000000004
2025-08-18T14:00:00+00:00,55.885955721178576,68.8975
2025-08-18T15:00:00+00:00,71.3678502574863,93.425
2025-08-18T16:00:00+00:00,89.87091733579837,112.35000000000001
2025-08-18T17:00:00+00:00,92.10415016864695,181.20749999999998
2025-08-18T18:00:00+00:00,93.85315019875294,238.665
2025-08-18T19:00:00+00:00,93.87601768321485,156.32
2025-08-18T20:00:00+00:00,92.10555006263266,118.7475
2025-08-18T21:00:00+00:00,92.10555006263264,105.2
2025-08-18T22:00:00+00:00,91.49552886153667,99.44
2025-08-18T23:00:00+00:00,91.18827574740376,94.645
2025-08-19T00:00:00+00:00,90.97267909729607,92.64
2025-08-19T01:00:00+00:00,91.07114082538942,89.795
2025-08-19T02:00:00+00:00,91.1237651013717,93.0
2025-08-19T03:00:00+00:00,93.42977334936651,100.4975
2025-08-19T04:00:00+00:00,95.10190002231641,119.94999999999999
2025-08-19T05:00:00+00:00,95.1404434638531,120.3675
2025-08-19T06:00:00+00:00,95.09940391161052,103.845
2025-08-19T07:00:00+00:00,90.91806852928721,92.2425
2025-08-19T08:00:00+00:00,90.25413920296391,70.07
2025-08-19T09:00:00+00:00,59.17844681035583,43.879999999999995
2025-08-19T10:00:00+00:00,32.349846029020576,9.4875
2025-08-19T11:00:00+00:00,20.21801336529556,4.745
2025-08-19T12:00:00+00:00,19.979914529914524,5.704999999999999
2025-08-19T13:00:00+00:00,19.979914529914524,22.0975
2025-08-19T14:00:00+00:00,27.68246669657499,64.52
2025-08-19T15:00:00+00:00,35.930899999999994,91.9175
2025-08-19T16:00:00+00:00,80.66187144093415,107.6875
2025-08-19T17:00:00+00:00,90.7903491931626,136.765
2025-08-19T18:00:00+00:00,90.96819000042288,148.13
2025-08-19T19:00:00+00:00,90.97077135470856,118.0925
2025-08-19T20:00:00+00:00,90.85891326994324,101.4525
2025-08-19T21:00:00+00:00,90.84938964457025,92.075
2025-08-19T22:00:00+00:00,90.84938964456998,96.8375
2025-08-19T23:00:00+00:00,90.71477801112307,89.185
2025-08-20T00:00:00+00:00,90.81678073498797,85.8225
2025-08-20T01:00:00+00:00,90.70000964564584,83.8575
2025-08-20T02:00:00+00:00,91.55155640693944,85.8175
2025-08-20T03:00:00+00:00,93.56385432159081,96.95
2025-08-20T04:00:00+00:00,95.1404434638531,106.3
2025-08-20T05:00:00+00:00,95.1404434638531,107.2675
2025-08-20T06:00:00+00:00,93.56385432159081,95.1575
2025-08-20T07:00:00+00:00,90.9571590061312,90.8675
2025-08-20T08:00:00+00:00,89.7090500056331,78.6625
2025-08-20T09:00:00+00:00,68.23348428438159,64.6675
2025-08-20T10:00:00+00:00,68.10513132381851,50.8075
2025-08-20T11:00:00+00:00,67.70774183223818,41.6725
2025-08-20T12:00:00+00:00,60.574613538749965,53.4825
2025-08-20T13:00:00+00:00,62.18035487514147,67.8375
2025-08-20T14:00:00+00:00,68.27709260901902,89.2625
2025-08-20T15:00:00+00:00,79.44835152541172,100.53750000000001
2025-08-20T16:00:00+00:00,87.26336034539626,110.42
2025-08-20T17:00:00+00:00,91.03612347869205,120.4525
2025-08-20T18:00:00+00:00,91.16186958323952,126.0425
2025-08-20T19:00:00+00:00,91.16187423104992,110.55250000000001
2025-08-20T20:00:00+00:00,91.03726972481333,102.0925
2025-08-20T21:00:00+00:00,91.03612347869205,97.335
2025-08-20T22:00:00+00:00,91.03612347869205,95.7575
2025-08-20T23:00:00+00:00,91.03612347869205,91.3025
2025-08-21T00:00:00+00:00,90.9625241911737,90.55
2025-08-21T01:00:00+00:00,90.94920033429563,90.31
2025-08-21T02:00:00+00:00,90.94920033429561,94.1
2025-08-21T03:00:00+00:00,91.53928761250936,100.5925
2025-08-21T04:00:00+00:00,93.1346086001938,113.3675
2025-08-21T05:00:00+00:00,95.1404434638531,117.3575
2025-08-21T06:00:00+00:00,93.02274301685173,108.7975
2025-08-21T07:00:00+00:00,91.02563668420633,98.1775
2025-08-21T08:00:00+00:00,88.99016670270521,89.89
2025-08-21T09:00:00+00:00,64.10491999407714,76.89
2025-08-21T10:00:00+00:00,62.20602498672932,65.905
2025-08-21T11:00:00+00:00,53.20439297323292,53.9775
2025-08-21T12:00:00+00:00,38.909361978467714,53.019999999999996
2025-08-21T13:00:00+00:00,55.533912499636116,63.58
2025-08-21T14:00:00+00:00,62.20602498672932,74.80250000000001
2025-08-21T15:00:00+00:00,62.8619406620484,84.96
2025-08-21T16:00:00+00:00,65.04746245336298,97.1375
2025-08-21T17:00:00+00:00,80.8037044198895,105.6275
2025-08-21T18:00:00+00:00,90.49236298421347,111.6
2025-08-21T19:00:00+00:00,90.63915385153673,104.4
2025-08-21T20:00:00+00:00,90.5892617070069,97.575
2025-08-21T21:00:00+00:00,90.49236298421359,87.19
2025-08-21T22:00:00+00:00,90.24804300598882,90.4675
2025-08-21T23:00:00+00:00,90.24804300598882,87.08
2025-08-22T00:00:00+00:00,90.9152540117389,83.8925
2025-08-22T01:00:00+00:00,90.91522857597226,82.66499999999999
2025-08-22T02:00:00+00:00,90.91464774581559,84.675
2025-08-22T03:00:00+00:00,90.91568297572363,92.58250000000001
2025-08-22T04:00:00+00:00,91.01459433170658,102.685
2025-08-22T05:00:00+00:00,91.01332288391983,107.9975
2025-08-22T06:00:00+00:00,91.00297042243578,101.8125
2025-08-22T07:00:00+00:00,90.91640914789421,87.8925
2025-08-22T08:00:00+00:00,90.68059557134909,65.2275
2025-08-22T09:00:00+00:00,60.77760075460477,34.1025
2025-08-22T10:00:00+00:00,40.85704103377675,24.165
2025-08-22T11:00:00+00:00,35.93090000000001,12.087499999999999
2025-08-22T12:00:00+00:00,34.417344356310245,3.84
2025-08-22T13:00:00+00:00,35.93090000000001,9.3
2025-08-22T14:00:00+00:00,40.85704103377675,33.0375
2025-08-22T15:00:00+00:00,42.70981083085877,71.48
2025-08-22T16:00:00+00:00,70.77561301982627,96.4625
2025-08-22T17:00:00+00:00,90.64192015161453,109.4425
2025-08-22T18:00:00+00:00,90.65114219304965,117.2175
2025-08-22T19:00:00+00:00,90.67381149451516,111.52250000000001
2025-08-22T20:00:00+00:00,90.65004389017983,102.6975
2025-08-22T21:00:00+00:00,90.65004389018338,96.7775
2025-08-22T22:00:00+00:00,90.64638975776325,96.4175
2025-08-22T23:00:00+00:00,90.64638975776325,90.0
2025-08-23T00:00:00+00:00,90.75873303701287,87.0
2025-08-23T01:00:00+00:00,90.70037607501438,82.72
2025-08-23T02:00:00+00:00,90.6942166050568,81.8
2025-08-23T03:00:00+00:00,90.70388173063985,81.7975
2025-08-23T04:00:00+00:00,90.71861207514652,85.6675
2025-08-23T05:00:00+00:00,90.71999169337417,86.0375
2025-08-23T06:00:00+00:00,90.71701385701897,77.3775
2025-08-23T07:00:00+00:00,89.72094579700597,56.902499999999996
2025-08-23T08:00:00+00:00,55.218176655623694,16.1175
2025-08-23T09:00:00+00:00,33.30028062318108,2.825
2025-08-23T10:00:00+00:00,28.99940542176216,0.9774999999999998
2025-08-23T11:00:00+00:00,24.625804932390228,0.7824999999999998
2025-08-23T12:00:00+00:00,20.63457893923842,0.09750000000000025
2025-08-23T13:00:00+00:00,21.82049780816218,0.9124999999999999
2025-08-23T14:00:00+00:00,28.99940542176216,7.63
2025-08-23T15:00:00+00:00,33.09913741739969,61.45
2025-08-23T16:00:00+00:00,68.39304653385416,98.13
2025-08-23T17:00:00+00:00,88.99016670270521,109.9825
2025-08-23T18:00:00+00:00,89.4865256640083,117.5
2025-08-23T19:00:00+00:00,89.48652566400827,113.2225
2025-08-23T20:00:00+00:00,89.4865256640083,107.1275
2025-08-23T21:00:00+00:00,89.4865256640083,103.495
2025-08-23T22:00:00+00:00,89.48652566400825,100.0
2025-08-23T23:00:00+00:00,89.48652566400794,94.0
2025-08-24T00:00:00+00:00,91.00590759626648,93.4975
2025-08-24T01:00:00+00:00,91.00579652479028,93.9975
2025-08-24T02:00:00+00:00,91.00579652479028,89.6875
2025-08-24T03:00:00+00:00,91.00579652479024,93.0275
2025-08-24T04:00:00+00:00,91.00590759626657,92.4375
2025-08-24T05:00:00+00:00,91.00595282546081,83.7375
2025-08-24T06:00:00+00:00,90.91276641300992,64.42750000000001
2025-08-24T07:00:00+00:00,86.71698691222986,15.15
2025-08-24T08:00:00+00:00,35.93089999999999,0.7625000000000002
2025-08-24T09:00:00+00:00,25.640935993771645,-3.8025
2025-08-24T10:00:00+00:00,27.322803680981565,-5.3950000000000005
2025-08-24T11:00:00+00:00,27.32280368098159,-13.495000000000001
2025-08-24T12:00:00+00:00,27.322803680981583,-10.38
2025-08-24T13:00:00+00:00,27.322803680981593,-2.2100000000000004
2025-08-24T14:00:00+00:00,25.401560737979263,2.8625000000000007
2025-08-24T15:00:00+00:00,29.313518704100836,44.85
2025-08-24T16:00:00+00:00,64.07009317461979,93.55
2025-08-24T17:00:00+00:00,87.04407771614527,107.6725
2025-08-24T18:00:00+00:00,92.4489218624464,120.91
2025-08-24T19:00:00+00:00,93.33699961981907,117.1
2025-08-24T20:00:00+00:00,92.66769461276922,107.61
2025-08-24T21:00:00+00:00,92.4489218624464,101.97
2025-08-24T22:00:00+00:00,91.51100103731025,94.905
2025-08-24T23:00:00+00:00,88.90807964865328,89.62
2025-08-25T00:00:00+00:00,90.94789462265345,87.36
2025-08-25T01:00:00+00:00,90.94908277477319,85.7
2025-08-25T02:00:00+00:00,90.95953020772637,90.215
2025-08-25T03:00:00+00:00,90.97379457030488,98.3275
2025-08-25T04:00:00+00:00,92.66256558792183,117.555
2025-08-25T05:00:00+00:00,93.56385432159084,123.6325
2025-08-25T06:00:00+00:00,92.8393067875809,112.3925
2025-08-25T07:00:00+00:00,91.00120518165593,93.285
2025-08-25T08:00:00+00:00,77.13678575919393,64.265
2025-08-25T09:00:00+00:00,46.61798632700389,39.775
2025-08-25T10:00:00+00:00,36.53410113617251,7.94
2025-08-25T11:00:00+00:00,21.785998373293026,5.4125
2025-08-25T12:00:00+00:00,19.979914529914524,4.702500000000001
2025-08-25T13:00:00+00:00,21.236003686491742,24.5075
2025-08-25T14:00:00+00:00,36.53410113617251,62.7
2025-08-25T15:00:00+00:00,47.08678164097054,88.785
2025-08-25T16:00:00+00:00,88.44768587160645,111.56
2025-08-25T17:00:00+00:00,91.92481178830485,149.1025
2025-08-25T18:00:00+00:00,93.25125744062441,185.03
2025-08-25T19:00:00+00:00,93.25105557947147,138.97
2025-08-25T20:00:00+00:00,92.35689595583565,117.4475
2025-08-25T21:00:00+00:00,92.17868119277313,106.7625
2025-08-25T22:00:00+00:00,91.92481178830336,102.8475
2025-08-25T23:00:00+00:00,90.87157343220419,98.4275
2025-08-26T00:00:00+00:00,93.56385432159081,94.8725
2025-08-26T01:00:00+00:00,93.56385432159084,93.8775
2025-08-26T02:00:00+00:00,94.02917302849046,94.97749999999999
2025-08-26T03:00:00+00:00,94.51825122016653,105.665
2025-08-26T04:00:00+00:00,95.43841927860387,122.0025
2025-08-26T05:00:00+00:00,95.73782531022138,126.25
2025-08-26T06:00:00+00:00,94.23245135570777,107.83
2025-08-26T07:00:00+00:00,90.9982807036181,93.89999999999999
2025-08-26T08:00:00+00:00,89.96731366131446,78.2
2025-08-26T09:00:00+00:00,67.41669650717742,56.2475
2025-08-26T10:00:00+00:00,43.33049685865381,38.0475
2025-08-26T11:00:00+00:00,26.192269947036337,30.0025
2025-08-26T12:00:00+00:00,24.04949923678795,42.9
2025-08-26T13:00:00+00:00,28.607818030936652,68.89750000000001
2025-08-26T14:00:00+00:00,55.410512766174726,84.16499999999999
2025-08-26T15:00:00+00:00,74.65318161706331,102.84
2025-08-26T16:00:00+00:00,87.70151064073522,120.6
2025-08-26T17:00:00+00:00,89.88892867623642,168.11
2025-08-26T18:00:00+00:00,92.58763683830922,167.475
2025-08-26T19:00:00+00:00,90.92377700452984,126.0175
2025-08-26T20:00:00+00:00,89.88892867623656,110.165
2025-08-26T21:00:00+00:00,89.88892867623656,95.9075
2025-08-26T22:00:00+00:00,89.88892867623636,96.19999999999999
2025-08-26T23:00:00+00:00,85.33762538034256,90.9025
2025-08-27T00:00:00+00:00,90.88226708038461,87.1625
2025-08-27T01:00:00+00:00,90.88226708038454,85.7775
2025-08-27T02:00:00+00:00,90.88695944194534,86.95
2025-08-27T03:00:00+00:00,90.88836666633924,95.15
2025-08-27T04:00:00+00:00,91.54165049470947,106.12
2025-08-27T05:00:00+00:00,93.56385432159159,118.095
2025-08-27T06:00:00+00:00,92.18246762207609,107.24000000000001
2025-08-27T07:00:00+00:00,90.91845065229559,98.6875
2025-08-27T08:00:00+00:00,90.81342736411175,87.3
2025-08-27T09:00:00+00:00,88.80896983538513,78.7025
2025-08-27T10:00:00+00:00,69.10625227263654,55.0325
2025-08-27T11:00:00+00:00,67.1493616546295,47.802499999999995
2025-08-27T12:00:00+00:00,56.86502075319487,52.9075
2025-08-27T13:00:00+00:00,58.73092822673993,75.035
2025-08-27T14:00:00+00:00,74.72499967135113,86.37
2025-08-27T15:00:00+00:00,89.11652528870054,104.1875
2025-08-27T16:00:00+00:00,91.14225930729532,133.2525
2025-08-27T17:00:00+00:00,93.85139915092353,219.2175
2025-08-27T18:00:00+00:00,93.85315019875269,253.36
2025-08-27T19:00:00+00:00,93.85600346097381,142.105
2025-08-27T20:00:00+00:00,93.85315019875243,111.8375
2025-08-27T21:00:00+00:00,93.83600736846827,100.575
2025-08-27T22:00:00+00:00,93.55568588304068,102.465
2025-08-27T23:00:00+00:00,92.54367838837662,97.3275
2025-08-28T00:00:00+00:00,93.56385432159061,93.6125
2025-08-28T01:00:00+00:00,93.55805599467027,92.72
2025-08-28T02:00:00+00:00,93.5879291856893,93.8875
2025-08-28T03:00:00+00:00,93.8708096525184,103.56
2025-08-28T04:00:00+00:00,95.1404434638531,121.87
2025-08-28T05:00:00+00:00,95.14209322278855,138.875
2025-08-28T06:00:00+00:00,95.1404434638531,143.35
2025-08-28T07:00:00+00:00,94.75760388460903,122.77250000000001
2025-08-28T08:00:00+00:00,92.55800128962154,115.9725
2025-08-28T09:00:00+00:00,91.53864879821306,114.075
2025-08-28T10:00:00+00:00,91.4708775401253,116.21
2025-08-28T11:00:00+00:00,91.46883658965137,111.29499999999999
2025-08-28T12:00:00+00:00,91.60491924894143,106.3975
2025-08-28T13:00:00+00:00,91.57253074745408,109.46000000000001
2025-08-28T14:00:00+00:00,91.4894430768471,115.935
2025-08-28T15:00:00+00:00,91.98275484604386,121.51
2025-08-28T16:00:00+00:00,93.84206934751526,150.84
2025-08-28T17:00:00+00:00,95.1404434638531,197.205
2025-08-28T18:00:00+00:00,95.73782531022138,188.4
2025-08-28T19:00:00+00:00,95.50639077772132,132.0425
2025-08-28T20:00:00+00:00,95.1404434638531,112.705
2025-08-28T21:00:00+00:00,93.56385432159058,99.9625
2025-08-28T22:00:00+00:00,92.04192906459424,93.4875
2025-08-28T23:00:00+00:00,91.88571415434906,89.82
2025-08-29T00:00:00+00:00,93.00793068342867,88.5025
2025-08-29T01:00:00+00:00,92.997776890217,87.41
2025-08-29T02:00:00+00:00,92.99777689021684,88.0
2025-08-29T03:00:00+00:00,93.79124351102966,95.38499999999999
2025-08-29T04:00:00+00:00,95.1404434638531,113.23
2025-08-29T05:00:00+00:00,95.73782531022138,126.4025
2025-08-29T06:00:00+00:00,95.43841927860387,119.19
2025-08-29T07:00:00+00:00,95.1404434638531,103.7525
2025-08-29T08:00:00+00:00,92.42464558384017,91.565
2025-08-29T09:00:00+00:00,81.83191203477031,78.9825
2025-08-29T10:00:00+00:00,80.8037044198895,68.2375
2025-08-29T11:00:00+00:00,69.02593694566883,58.8525
2025-08-29T12:00:00+00:00,57.60670679984294,58.4325
2025-08-29T13:00:00+00:00,60.731346645707966,69.105
2025-08-29T14:00:00+00:00,67.89253152137847,84.1725
2025-08-29T15:00:00+00:00,86.71698691222986,101.2225
2025-08-29T16:00:00+00:00,89.67259344844871,121.1975
2025-08-29T17:00:00+00:00,92.03458259422513,147.005
2025-08-29T18:00:00+00:00,92.03458259422513,134.79749999999999
2025-08-29T19:00:00+00:00,92.8034681400571,112.82
2025-08-29T20:00:00+00:00,92.03458259422513,100.36500000000001
2025-08-29T21:00:00+00:00,92.03458259422513,92.6625
2025-08-29T22:00:00+00:00,89.28960144796223,90.445
2025-08-29T23:00:00+00:00,88.75464634146343,87.595
2025-08-30T00:00:00+00:00,90.81988653978449,85.5975
2025-08-30T01:00:00+00:00,90.34715434613395,84.7675
2025-08-30T02:00:00+00:00,91.24660025201122,86.3425
2025-08-30T03:00:00+00:00,91.24669071388676,91.09
2025-08-30T04:00:00+00:00,93.33699961981877,95.8075
2025-08-30T05:00:00+00:00,93.56385432159081,95.865
2025-08-30T06:00:00+00:00,93.33699961981877,92.1575
2025-08-30T07:00:00+00:00,88.99016670270521,75.935
2025-08-30T08:00:00+00:00,60.78454157857491,43.295
2025-08-30T09:00:00+00:00,37.611049148888036,8.8075
2025-08-30T10:00:00+00:00,35.9309,3.1025
2025-08-30T11:00:00+00:00,19.979914529914524,-1.3325
2025-08-30T12:00:00+00:00,16.732629454912896,0.9225000000000001
2025-08-30T13:00:00+00:00,18.677651749675764,-0.009999999999999898
2025-08-30T14:00:00+00:00,21.66825813896035,17.7025
2025-08-30T15:00:00+00:00,38.07845729941763,77.075
2025-08-30T16:00:00+00:00,66.12620164715209,99.0425
2025-08-30T17:00:00+00:00,86.71698691222986,120.1
2025-08-30T18:00:00+00:00,92.39237380443817,129.55
2025-08-30T19:00:00+00:00,88.99016670270521,113.2975
2025-08-30T20:00:00+00:00,86.71698691222986,105.455
2025-08-30T21:00:00+00:00,86.71698691222986,94.5175
2025-08-30T22:00:00+00:00,74.00129934781953,87.1825
2025-08-30T23:00:00+00:00,68.3858876281321,81.0
2025-08-31T00:00:00+00:00,78.51629284527195,76.235
2025-08-31T01:00:00+00:00,68.333922866502,70.82249999999999
2025-08-31T02:00:00+00:00,68.08851067314122,62.625
2025-08-31T03:00:00+00:00,68.08853708668754,63.45
2025-08-31T04:00:00+00:00,68.08853708668751,61.9175
2025-08-31T05:00:00+00:00,68.07643973550117,55.925
2025-08-31T06:00:00+00:00,70.62858843375066,44.58
2025-08-31T07:00:00+00:00,62.50257790577043,14.0025
2025-08-31T08:00:00+00:00,42.946789067952096,2.4999999999999996
2025-08-31T09:00:00+00:00,22.137695411724746,-1.4049999999999996
2025-08-31T10:00:00+00:00,20.179071574532003,-3.7975
2025-08-31T11:00:00+00:00,20.174743021012397,-6.54
2025-08-31T12:00:00+00:00,20.540825014994326,-4.4875
2025-08-31T13:00:00+00:00,26.376773604895572,0.47250000000000014
2025-08-31T14:00:00+00:00,42.88044203025489,18.615000000000002
2025-08-31T15:00:00+00:00,52.92074794001189,86.75750000000001
2025-08-31T16:00:00+00:00,81.13392198981295,111.79
2025-08-31T17:00:00+00:00,83.33677054102711,133.2575
2025-08-31T18:00:00+00:00,88.75464634146343,146.6375
2025-08-31T19:00:00+00:00,86.71698691222986,117.22999999999999
2025-08-31T20:00:00+00:00,83.33677054102711,104.9175
2025-08-31T21:00:00+00:00,83.33677054102711,99.07
2025-08-31T22:00:00+00:00,83.33677054102711,91.745
2025-08-31T23:00:00+00:00,83.33677054102711,87.8
2025-09-01T00:00:00+00:00,90.0860924174369,85.5675
2025-09-01T01:00:00+00:00,90.10598909331443,83.45750000000001
2025-09-01T02:00:00+00:00,90.21256148320144,84.10249999999999
2025-09-01T03:00:00+00:00,90.10892883904857,93.7775
2025-09-01T04:00:00+00:00,92.99028801658756,110.64750000000001
2025-09-01T05:00:00+00:00,94.75726510196768,117.0
2025-09-01T06:00:00+00:00,94.26541881603121,109.15
2025-09-01T07:00:00+00:00,92.24872480890552,98.095
2025-09-01T08:00:00+00:00,89.94192708626602,89.6
2025-09-01T09:00:00+00:00,82.92363588073658,77.425
2025-09-01T10:00:00+00:00,71.57471443792963,62.0925
2025-09-01T11:00:00+00:00,67.56818429786627,51.1
2025-09-01T12:00:00+00:00,69.12355581193013,56.0475
2025-09-01T13:00:00+00:00,71.27701705105656,63.8975
2025-09-01T14:00:00+00:00,73.60018471483497,81.6975
2025-09-01T15:00:00+00:00,82.26789356716249,101.5325
2025-09-01T16:00:00+00:00,92.89693589964362,114.425
2025-09-01T17:00:00+00:00,95.0360227347421,162.6625
2025-09-01T18:00:00+00:00,95.05439739492243,145.785
2025-09-01T19:00:00+00:00,94.96050464352325,111.4025
2025-09-01T20:00:00+00:00,94.53294848612568,98.73750000000001
2025-09-01T21:00:00+00:00,91.69346298038025,90.2225
2025-09-01T22:00:00+00:00,90.69847389472346,95.485
2025-09-01T23:00:00+00:00,91.90205912340298,92.89750000000001
2025-09-02T00:00:00+00:00,91.75194883027736,91.1225
2025-09-02T01:00:00+00:00,91.75102388207046,86.9025
2025-09-02T02:00:00+00:00,92.23655334676766,92.525
2025-09-02T03:00:00+00:00,93.85315019875256,100.35
2025-09-02T04:00:00+00:00,95.05439739492243,123.92
2025-09-02T05:00:00+00:00,95.1404434638531,151.735
2025-09-02T06:00:00+00:00,95.1404434638531,135.08749999999998
2025-09-02T07:00:00+00:00,94.99836169292453,110.685
2025-09-02T08:00:00+00:00,91.3741973842581,101.4375
2025-09-02T09:00:00+00:00,76.72358833389477,93.7
2025-09-02T10:00:00+00:00,74.39575631921844,85.935
2025-09-02T11:00:00+00:00,70.57475876388837,78.1225
2025-09-02T12:00:00+00:00,62.744980345970774,77.07
2025-09-02T13:00:00+00:00,71.06794882647574,79.3
2025-09-02T14:00:00+00:00,71.06794882647573,91.53
2025-09-02T15:00:00+00:00,73.70200950641238,108.5675
2025-09-02T16:00:00+00:00,89.33580773833081,146.6675
2025-09-02T17:00:00+00:00,94.75726510196768,246.2475
2025-09-02T18:00:00+00:00,94.96050464352325,212.6525
2025-09-02T19:00:00+00:00,94.75726510196768,133.8
2025-09-02T20:00:00+00:00,94.7572651019678,111.0975
2025-09-02T21:00:00+00:00,91.55155640693958,101.1375
2025-09-02T22:00:00+00:00,90.54163065741517,97.1125
2025-09-02T23:00:00+00:00,86.71698691223014,89.385
2025-09-03T00:00:00+00:00,80.80370441988839,84.0475
2025-09-03T01:00:00+00:00,77.52677430719457,81.8125
2025-09-03T02:00:00+00:00,77.52677430719466,81.445
2025-09-03T03:00:00+00:00,77.53019562975628,86.57249999999999
2025-09-03T04:00:00+00:00,85.09191201276747,101.68
2025-09-03T05:00:00+00:00,88.75464634146344,107.6025
2025-09-03T06:00:00+00:00,88.35798161700554,97.8775
2025-09-03T07:00:00+00:00,79.72605090314069,84.325
2025-09-03T08:00:00+00:00,34.831317581207685,43.900000000000006
2025-09-03T09:00:00+00:00,19.979914529914424,6.9075
2025-09-03T10:00:00+00:00,19.979914529914424,-0.40000000000000036
2025-09-03T11:00:00+00:00,19.74207123749285,-1.9324999999999997
2025-09-03T12:00:00+00:00,14.636186277849717,-1.9625
2025-09-03T13:00:00+00:00,19.979914529914524,7.165
2025-09-03T14:00:00+00:00,19.979914529914527,26.5575
2025-09-03T15:00:00+00:00,23.549848137577982,68.36749999999999
2025-09-03T16:00:00+00:00,35.73458942449449,94.19749999999999
2025-09-03T17:00:00+00:00,36.179453848384476,110.485
2025-09-03T18:00:00+00:00,47.5702217319266,113.065
2025-09-03T19:00:00+00:00,47.4552822900356,91.05
2025-09-03T20:00:00+00:00,36.18156582107527,81.89750000000001
2025-09-03T21:00:00+00:00,35.930899999999994,68.81
2025-09-03T22:00:00+00:00,35.59146171752669,45.4375
2025-09-03T23:00:00+00:00,35.59146171752669,39.0025
2025-09-04T00:00:00+00:00,34.18689218485798,41.165
2025-09-04T01:00:00+00:00,34.192199119138266,45.5175
2025-09-04T02:00:00+00:00,35.930899999999994,55.545
2025-09-04T03:00:00+00:00,54.528873740957216,79.4975
2025-09-04T04:00:00+00:00,69.62514040969582,107.3625
2025-09-04T05:00:00+00:00,79.54639040241027,121.68249999999999
2025-09-04T06:00:00+00:00,84.20913341760762,99.5125
2025-09-04T07:00:00+00:00,70.75522125690865,84.65
2025-09-04T08:00:00+00:00,35.93089999999999,60.962500000000006
2025-09-04T09:00:00+00:00,32.47342739598696,35.7
2025-09-04T10:00:00+00:00,29.342449779740186,19.32
2025-09-04T11:00:00+00:00,20.21801336529556,17.3425
2025-09-04T12:00:00+00:00,20.41331893790761,36.1475
2025-09-04T13:00:00+00:00,30.425981704972735,75.3
2025-09-04T14:00:00+00:00,34.561543542493084,97.175
2025-09-04T15:00:00+00:00,71.80042152224729,113.195
2025-09-04T16:00:00+00:00,86.90527698639185,177.615
2025-09-04T17:00:00+00:00,92.89693589964386,271.615
2025-09-04T18:00:00+00:00,94.75726510196768,229.7425
2025-09-04T19:00:00+00:00,93.8531501987528,138.975
2025-09-04T20:00:00+00:00,91.06284089239425,114.575
2025-09-04T21:00:00+00:00,88.3579816170047,105.8
2025-09-04T22:00:00+00:00,88.35798161700474,100.0925
2025-09-04T23:00:00+00:00,88.35798161700471,98.125
2025-09-05T00:00:00+00:00,90.3113249857347,90.97749999999999
2025-09-05T01:00:00+00:00,90.33690324887245,88.985
2025-09-05T02:00:00+00:00,90.33690324887228,92.43
2025-09-05T03:00:00+00:00,90.54840569234418,99.68
2025-09-05T04:00:00+00:00,94.75726510196768,118.11749999999999
2025-09-05T05:00:00+00:00,94.75737899229591,133.775
2025-09-05T06:00:00+00:00,94.75737899229591,126.5475
2025-09-05T07:00:00+00:00,92.89693589964386,105.4225
2025-09-05T08:00:00+00:00,90.46831066202674,95.4225
2025-09-05T09:00:00+00:00,88.81258407132962,90.8975
2025-09-05T10:00:00+00:00,86.84250101218896,72.5
2025-09-05T11:00:00+00:00,71.06803424422404,64.095
2025-09-05T12:00:00+00:00,71.06803424422401,68.42
2025-09-05T13:00:00+00:00,80.99237220976424,72.8875
2025-09-05T14:00:00+00:00,84.64993847697627,86.8625
2025-09-05T15:00:00+00:00,87.04880788577177,101.14750000000001
2025-09-05T16:00:00+00:00,91.77783841021436,133.2025
2025-09-05T17:00:00+00:00,94.75726510196806,214.145
2025-09-05T18:00:00+00:00,94.75737899229887,176.53
2025-09-05T19:00:00+00:00,94.75726510196746,125.10499999999999
2025-09-05T20:00:00+00:00,94.66736955207854,108.185
2025-09-05T21:00:00+00:00,94.34024250881436,104.365
2025-09-05T22:00:00+00:00,93.11541122633577,103.38
2025-09-05T23:00:00+00:00,93.68165151767326,99.2975
2025-09-06T00:00:00+00:00,93.63444773376543,99.91
2025-09-06T01:00:00+00:00,93.63214726575512,97.545
2025-09-06T02:00:00+00:00,94.06909300453525,98.16
2025-09-06T03:00:00+00:00,94.57407547480275,101.265
2025-09-06T04:00:00+00:00,94.75726510196768,108.48
2025-09-06T05:00:00+00:00,94.95302202550708,109.58250000000001
2025-09-06T06:00:00+00:00,94.95970795310426,98.2
2025-09-06T07:00:00+00:00,92.89693589964386,82.0975
2025-09-06T08:00:00+00:00,60.74427915732318,40.980000000000004
2025-09-06T09:00:00+00:00,35.9309,1.9899999999999989
2025-09-06T10:00:00+00:00,22.335571388555866,-1.2125
2025-09-06T11:00:00+00:00,20.726479351585283,-1.4249999999999998
2025-09-06T12:00:00+00:00,20.722039435784435,-1.4275000000000002
2025-09-06T13:00:00+00:00,22.27959109665578,4.204999999999999
2025-09-06T14:00:00+00:00,35.9309,48.95
2025-09-06T15:00:00+00:00,56.949348006213484,93.6825
2025-09-06T16:00:00+00:00,80.99237220976424,119.3075
2025-09-06T17:00:00+00:00,86.3651917376644,159.475
2025-09-06T18:00:00+00:00,88.01292519576758,145.7275
2025-09-06T19:00:00+00:00,86.20130340075814,118.1275
2025-09-06T20:00:00+00:00,83.67986457075655,103.1
2025-09-06T21:00:00+00:00,80.99237220976424,87.9125
2025-09-06T22:00:00+00:00,79.8176936677272,94.0025
2025-09-06T23:00:00+00:00,79.8176936677272,85.365
2025-09-07T00:00:00+00:00,82.29902576193712,84.57
2025-09-07T01:00:00+00:00,82.29902576193484,80.9125
2025-09-07T02:00:00+00:00,82.29902576193716,80.69749999999999
2025-09-07T03:00:00+00:00,82.29902576193712,81.0325
2025-09-07T04:00:00+00:00,82.29405491294197,81.0
2025-09-07T05:00:00+00:00,82.29310709661631,71.5275
2025-09-07T06:00:00+00:00,82.29404194842819,29.735
2025-09-07T07:00:00+00:00,35.93090000000001,3.8125
2025-09-07T08:00:00+00:00,25.130587238043116,0.0024999999999999467
2025-09-07T09:00:00+00:00,7.698646748205669,-5.95
2025-09-07T10:00:00+00:00,1.933478698592487,-21.3725
2025-09-07T11:00:00+00:00,-0.0,-40.1075
2025-09-07T12:00:00+00:00,-0.0,-30.855
2025-09-07T13:00:00+00:00,-0.0,-6.7325
2025-09-07T14:00:00+00:00,-0.0,0.8800000000000008
2025-09-07T15:00:00+00:00,0.2149896072924957,63.3
2025-09-07T16:00:00+00:00,25.130587238040015,92.58
2025-09-07T17:00:00+00:00,35.9309,112.325
2025-09-07T18:00:00+00:00,48.06039041502881,109.6325
2025-09-07T19:00:00+00:00,48.06039041504635,102.0725
2025-09-07T20:00:00+00:00,35.93089999994877,88.77000000000001
2025-09-07T21:00:00+00:00,35.930899999999994,84.195
2025-09-07T22:00:00+00:00,36.04529281127728,66.44
2025-09-07T23:00:00+00:00,35.95065368970474,66.4675
2025-09-08T00:00:00+00:00,88.066984310679,69.6525
2025-09-08T01:00:00+00:00,88.42889521419687,74.32
2025-09-08T02:00:00+00:00,88.35798161700498,80.0975
2025-09-08T03:00:00+00:00,89.78150057628704,90.2
2025-09-08T04:00:00+00:00,93.49237937773925,117.3775
2025-09-08T05:00:00+00:00,93.61891341294785,130.725
2025-09-08T06:00:00+00:00,93.61891341294785,118.9
2025-09-08T07:00:00+00:00,90.8499135595056,102.6725
2025-09-08T08:00:00+00:00,88.3579816170047,90.39750000000001
2025-09-08T09:00:00+00:00,85.51350802592759,78.2025
2025-09-08T10:00:00+00:00,70.21418505971087,68.7025
2025-09-08T11:00:00+00:00,66.96498329611933,69.0775
2025-09-08T12:00:00+00:00,70.1910140037199,76.75
2025-09-08T13:00:00+00:00,72.56385254571636,86.15
2025-09-08T14:00:00+00:00,86.40225482519048,97.4025
2025-09-08T15:00:00+00:00,88.54751839942841,113.05
2025-09-08T16:00:00+00:00,93.58801867162708,181.7425
2025-09-08T17:00:00+00:00,94.82103103945052,305.21
2025-09-08T18:00:00+00:00,95.05439739492243,244.10999999999999
2025-09-08T19:00:00+00:00,94.96050464352325,144.9625
2025-09-08T20:00:00+00:00,94.75726510196768,112.93
2025-09-08T21:00:00+00:00,94.249037847018,102.5325
2025-09-08T22:00:00+00:00,93.60616931393352,108.725
2025-09-08T23:00:00+00:00,93.37973757901833,105.4825
2025-09-09T00:00:00+00:00,93.31037205504894,101.595
2025-09-09T01:00:00+00:00,93.461899008185,101.5025
2025-09-09T02:00:00+00:00,94.17169800707312,105.4725
2025-09-09T03:00:00+00:00,94.41566227043522,114.5775
2025-09-09T04:00:00+00:00,95.05439739492243,160.0775
2025-09-09T05:00:00+00:00,95.1404434638531,215.7525
2025-09-09T06:00:00+00:00,95.1404434638531,188.0625
2025-09-09T07:00:00+00:00,94.75726510196768,130.055
2025-09-09T08:00:00+00:00,91.69300666888958,119.3675
2025-09-09T09:00:00+00:00,90.95616086175139,106.2775
2025-09-09T10:00:00+00:00,89.66954511409142,97.2475
2025-09-09T11:00:00+00:00,89.79068089933223,94.825
2025-09-09T12:00:00+00:00,89.81347441223933,94.64
2025-09-09T13:00:00+00:00,90.38617412177608,99.0525
2025-09-09T14:00:00+00:00,90.37324456649786,106.3
2025-09-09T15:00:00+00:00,93.10495637466272,128.2
2025-09-09T16:00:00+00:00,95.0543973949224,199.9975
2025-09-09T17:00:00+00:00,95.05439739492243,355.7075
2025-09-09T18:00:00+00:00,96.12078083009266,245.4875
2025-09-09T19:00:00+00:00,95.05439739492243,139.2225
2025-09-09T20:00:00+00:00,94.82596647094509,115.745
2025-09-09T21:00:00+00:00,93.82409142389297,102.5825
2025-09-09T22:00:00+00:00,94.54320032012639,104.5975
2025-09-09T23:00:00+00:00,93.15836666002785,101.7
2025-09-10T00:00:00+00:00,93.26966951478843,100.3
2025-09-10T01:00:00+00:00,92.89693589964372,100.0
2025-09-10T02:00:00+00:00,93.8531501987526,102.8
2025-09-10T03:00:00+00:00,94.75726510196768,113.2975
2025-09-10T04:00:00+00:00,95.41554922039565,166.1
2025-09-10T05:00:00+00:00,96.55046369621319,262.905
2025-09-10T06:00:00+00:00,96.8531417852633,195.6625
2025-09-10T07:00:00+00:00,95.05439739492243,124.3425
2025-09-10T08:00:00+00:00,94.75726510196768,107.505
2025-09-10T09:00:00+00:00,87.85232910314504,98.0825
2025-09-10T10:00:00+00:00,84.43089061848146,87.89750000000001
2025-09-10T11:00:00+00:00,83.88605189057749,84.7975
2025-09-10T12:00:00+00:00,82.41589753842221,87.33500000000001
2025-09-10T13:00:00+00:00,84.04707606795246,94.52
2025-09-10T14:00:00+00:00,85.5706413841396,102.48
2025-09-10T15:00:00+00:00,90.82370608068645,134.01500000000001
2025-09-10T16:00:00+00:00,94.75726510196768,198.035
2025-09-10T17:00:00+00:00,95.2132051336384,347.385
2025-09-10T18:00:00+00:00,96.12078083009271,204.485
2025-09-10T19:00:00+00:00,95.05439739492243,124.43
2025-09-10T20:00:00+00:00,94.75726510196768,104.9975
2025-09-10T21:00:00+00:00,88.17411151017143,92.3575
2025-09-10T22:00:00+00:00,87.01756881543142,98.8175
2025-09-10T23:00:00+00:00,86.14899266796337,87.6625
2025-09-11T00:00:00+00:00,83.94655128246963,81.7175
2025-09-11T01:00:00+00:00,83.71457176998928,79.1
2025-09-11T02:00:00+00:00,83.71457176998929,78.4325
2025-09-11T03:00:00+00:00,85.4968376383271,87.495
2025-09-11T04:00:00+00:00,88.35798161700468,108.025
2025-09-11T05:00:00+00:00,92.19927678829842,122.815
2025-09-11T06:00:00+00:00,90.99907598076824,114.6225
2025-09-11T07:00:00+00:00,86.58408816926469,93.66499999999999
2025-09-11T08:00:00+00:00,35.93089999999914,72.5475
2025-09-11T09:00:00+00:00,22.531515236167962,22.9775
2025-09-11T10:00:00+00:00,19.979914529914524,4.914999999999999
2025-09-11T11:00:00+00:00,4.547336167507595,2.2975000000000003
2025-09-11T12:00:00+00:00,-0.0,-0.7974999999999993
2025-09-11T13:00:00+00:00,1.236396377122425,5.6025
2025-09-11T14:00:00+00:00,15.06631184537234,31.02
2025-09-11T15:00:00+00:00,22.531515236167962,84.69
2025-09-11T16:00:00+00:00,35.93090000000111,107.835
2025-09-11T17:00:00+00:00,66.00328664732298,135.26999999999998
2025-09-11T18:00:00+00:00,75.94196306744323,128.9325
2025-09-11T19:00:00+00:00,67.70922311139596,108.19
2025-09-11T20:00:00+00:00,53.4513115637525,90.8325
2025-09-11T21:00:00+00:00,53.4513115637525,70.12
2025-09-11T22:00:00+00:00,35.93089999999793,48.595
2025-09-11T23:00:00+00:00,35.93090000000001,32.415
2025-09-12T00:00:00+00:00,60.744279157319205,23.14
2025-09-12T01:00:00+00:00,60.744279157326304,24.9425
2025-09-12T02:00:00+00:00,60.74427915732629,36.8175
2025-09-12T03:00:00+00:00,54.75614198093901,61.75
2025-09-12T04:00:00+00:00,80.75729743150237,95.2
2025-09-12T05:00:00+00:00,80.99237220976842,113.2425
2025-09-12T06:00:00+00:00,80.9923722097684,100.6325
2025-09-12T07:00:00+00:00,75.85974182670081,72.71
2025-09-12T08:00:00+00:00,21.706983465903615,28.4625
2025-09-12T09:00:00+00:00,19.344118117632966,-1.0125000000000002
2025-09-12T10:00:00+00:00,18.335197501459838,-2.0750000000000006
2025-09-12T11:00:00+00:00,-0.0,-4.9399999999999995
2025-09-12T12:00:00+00:00,-0.0,-5.3125
2025-09-12T13:00:00+00:00,-0.0,0.925
2025-09-12T14:00:00+00:00,-0.0,7.0
2025-09-12T15:00:00+00:00,20.179071574532003,66.25
2025-09-12T16:00:00+00:00,35.9309,109.8
2025-09-12T17:00:00+00:00,72.81045477056387,138.115
2025-09-12T18:00:00+00:00,86.71698691222792,138.6375
2025-09-12T19:00:00+00:00,80.80370441989012,117.3525
2025-09-12T20:00:00+00:00,72.81045477056864,104.28
2025-09-12T21:00:00+00:00,72.8104547705644,92.2225
2025-09-12T22:00:00+00:00,56.33829169744499,82.60249999999999
2025-09-12T23:00:00+00:00,56.3382916974426,73.7975
2025-09-13T00:00:00+00:00,75.76412546314323,67.145
2025-09-13T01:00:00+00:00,75.76418588297781,68.8375
2025-09-13T02:00:00+00:00,72.70928094461249,71.1975
2025-09-13T03:00:00+00:00,75.0436344481804,74.455
2025-09-13T04:00:00+00:00,75.82185660518412,84.7
2025-09-13T05:00:00+00:00,75.6004419678395,87.6
2025-09-13T06:00:00+00:00,76.1267724893492,82.93
2025-09-13T07:00:00+00:00,69.54664971698173,57.87
2025-09-13T08:00:00+00:00,35.05080153268608,19.5925
2025-09-13T09:00:00+00:00,21.797804547157362,6.3374999999999995
2025-09-13T10:00:00+00:00,19.979914529914524,-2.2875000000000005
2025-09-13T11:00:00+00:00,1.9625534819018353,-2.3549999999999995
2025-09-13T12:00:00+00:00,0.821577139443793,-2.3724999999999996
2025-09-13T13:00:00+00:00,1.9263135126356268,-1.5025
2025-09-13T14:00:00+00:00,15.204874447525377,8.7725
2025-09-13T15:00:00+00:00,22.401523285827103,70.2425
2025-09-13T16:00:00+00:00,52.178930063990336,105.2175
2025-09-13T17:00:00+00:00,57.373789255191966,124.825
2025-09-13T18:00:00+00:00,60.22501630443121,128.1225
2025-09-13T19:00:00+00:00,57.373789255245896,105.02000000000001
2025-09-13T20:00:00+00:00,57.37378925524577,96.155
2025-09-13T21:00:00+00:00,57.37378925524376,91.2325
2025-09-13T22:00:00+00:00,57.37378925524376,87.82
2025-09-13T23:00:00+00:00,57.3737892552436,80.9375
2025-09-14T00:00:00+00:00,75.15739652906498,80.3
2025-09-14T01:00:00+00:00,79.01106341009208,79.695
2025-09-14T02:00:00+00:00,79.01106341009208,81.2
2025-09-14T03:00:00+00:00,80.8037044198895,83.905
2025-09-14T04:00:00+00:00,86.71698691222986,87.7375
2025-09-14T05:00:00+00:00,88.15344162509173,95.15
2025-09-14T06:00:00+00:00,89.82384749599332,87.6
2025-09-14T07:00:00+00:00,87.7935246709034,66.08250000000001
2025-09-14T08:00:00+00:00,81.14638970074712,26.91
2025-09-14T09:00:00+00:00,51.31712531891893,5.2425
2025-09-14T10:00:00+00:00,41.821654433912656,-0.015000000000000124
2025-09-14T11:00:00+00:00,30.15811779295629,-0.0525000000000001
2025-09-14T12:00:00+00:00,20.233287076418353,-0.05499999999999983
2025-09-14T13:00:00+00:00,24.170294440327318,0.2999999999999998
2025-09-14T14:00:00+00:00,35.9309,18.657500000000002
2025-09-14T15:00:00+00:00,41.821654433912656,81.3375
2025-09-14T16:00:00+00:00,80.19313711754722,117.775
2025-09-14T17:00:00+00:00,85.86595303153204,132.52
2025-09-14T18:00:00+00:00,85.86840294344834,120.72
2025-09-14T19:00:00+00:00,83.46012647746264,85.94
2025-09-14T20:00:00+00:00,80.19313711754722,73.9025
2025-09-14T21:00:00+00:00,80.02732560203643,24.415
2025-09-14T22:00:00+00:00,49.9303663024601,8.035
2025-09-14T23:00:00+00:00,40.28885616214757,3.4399999999999995
2025-09-15T00:00:00+00:00,35.1304713878185,3.4499999999999997
2025-09-15T01:00:00+00:00,22.474699717914767,1.2700000000000005
2025-09-15T02:00:00+00:00,21.44586024969768,1.0949999999999995
2025-09-15T03:00:00+00:00,21.457194738254696,1.785
2025-09-15T04:00:00+00:00,35.93089999999999,9.64
2025-09-15T05:00:00+00:00,40.09553165673511,57.205
2025-09-15T06:00:00+00:00,49.343338468585884,57.325
2025-09-15T07:00:00+00:00,35.930899999999994,22.925
2025-09-15T08:00:00+00:00,19.97991452991452,-1.7974999999999999
2025-09-15T09:00:00+00:00,0.3733397764260431,-4.202500000000001
2025-09-15T10:00:00+00:00,2.3492684739148313,-22.44
2025-09-15T11:00:00+00:00,-0.0,-31.09
2025-09-15T12:00:00+00:00,-0.0,-26.47
2025-09-15T13:00:00+00:00,-0.0,-18.61
2025-09-15T14:00:00+00:00,-0.0,-3.0999999999999996
2025-09-15T15:00:00+00:00,-0.0,4.775
2025-09-15T16:00:00+00:00,19.083159775830183,73.065
2025-09-15T17:00:00+00:00,28.785944163793868,93.3
2025-09-15T18:00:00+00:00,35.93090000000011,97.175
2025-09-15T19:00:00+00:00,32.85920872972202,64.445
2025-09-15T20:00:00+00:00,23.468484475460407,50.085
2025-09-15T21:00:00+00:00,19.979914529914524,26.3625
2025-09-15T22:00:00+00:00,19.979914529914527,-5.1825
2025-09-15T23:00:00+00:00,13.195381711681677,-5.3125
2025-09-16T00:00:00+00:00,2.2436966894941577,-5.66
2025-09-16T01:00:00+00:00,2.0175436108372065,-5.455
2025-09-16T02:00:00+00:00,2.2436966894946693,-5.455
2025-09-16T03:00:00+00:00,16.84789680906833,-4.6
2025-09-16T04:00:00+00:00,21.32475461746848,1.9124999999999992
2025-09-16T05:00:00+00:00,31.724922827549264,18.2825
2025-09-16T06:00:00+00:00,32.86704806007705,6.8950000000000005
2025-09-16T07:00:00+00:00,20.413318937907633,-1.0
2025-09-16T08:00:00+00:00,-2.4868995751603507e-14,-5.6075
2025-09-16T09:00:00+00:00,-0.0,-7.4
2025-09-16T10:00:00+00:00,-0.0,-11.5775
2025-09-16T11:00:00+00:00,-0.0,-14.875
2025-09-16T12:00:00+00:00,-0.0,-8.155
2025-09-16T13:00:00+00:00,-0.0,-8.4025
2025-09-16T14:00:00+00:00,-0.0,-2.6975000000000002
2025-09-16T15:00:00+00:00,-0.0,5.535
2025-09-16T16:00:00+00:00,20.174743021012397,68.595
2025-09-16T17:00:00+00:00,51.43068594847615,95.1525
2025-09-16T18:00:00+00:00,46.33590198490029,95.535
2025-09-16T19:00:00+00:00,46.33590198490038,81.39750000000001
2025-09-16T20:00:00+00:00,55.93169203294853,66.1975
2025-09-16T21:00:00+00:00,43.706195082348266,53.9375
2025-09-16T22:00:00+00:00,40.812427371870484,55.0675
2025-09-16T23:00:00+00:00,40.75906298075395,50.43
2025-09-17T00:00:00+00:00,47.63700137062666,48.3125
2025-09-17T01:00:00+00:00,47.63700137062669,50.0
2025-09-17T02:00:00+00:00,53.03219477429024,56.845
2025-09-17T03:00:00+00:00,56.14625292099402,77.7425
2025-09-17T04:00:00+00:00,70.709593032387,97.8625
2025-09-17T05:00:00+00:00,85.80894385404703,117.2
2025-09-17T06:00:00+00:00,86.61163482178557,113.03
2025-09-17T07:00:00+00:00,70.709593032387,100.6425
2025-09-17T08:00:00+00:00,46.95103515466229,74.5475
2025-09-17T09:00:00+00:00,34.75280966541686,53.7
2025-09-17T10:00:00+00:00,35.310312534062966,28.0675
2025-09-17T11:00:00+00:00,34.08112751100195,18.259999999999998
2025-09-17T12:00:00+00:00,27.47588978615202,10.24
2025-09-17T13:00:00+00:00,34.7519264886752,24.845
2025-09-17T14:00:00+00:00,34.75280966541686,64.85
2025-09-17T15:00:00+00:00,56.23410839884414,100.685
2025-09-17T16:00:00+00:00,72.74787109098457,114.3325
2025-09-17T17:00:00+00:00,88.3579816170047,131.4275
2025-09-17T18:00:00+00:00,88.47585507631332,121.9825
2025-09-17T19:00:00+00:00,86.71698691223082,96.6125
2025-09-17T20:00:00+00:00,72.74787109098457,82.61
2025-09-17T21:00:00+00:00,76.31005966493244,68.4
2025-09-17T22:00:00+00:00,61.8595308378965,60.565
2025-09-17T23:00:00+00:00,41.01625541739849,52.5875
2025-09-18T00:00:00+00:00,64.1692672363857,44.114999999999995
2025-09-18T01:00:00+00:00,64.16926723639624,37.1425
2025-09-18T02:00:00+00:00,64.16926723638612,49.0775
2025-09-18T03:00:00+00:00,73.01875461056592,69.92
2025-09-18T04:00:00+00:00,82.2730885005488,104.9375
2025-09-18T05:00:00+00:00,85.55902298184449,121.4
2025-09-18T06:00:00+00:00,86.71698691222986,111.125
2025-09-18T07:00:00+00:00,84.0440742399667,95.6125
2025-09-18T08:00:00+00:00,64.88676627634803,68.5575
2025-09-18T09:00:00+00:00,35.9309,19.2
2025-09-18T10:00:00+00:00,35.54026186505865,10.98
2025-09-18T11:00:00+00:00,20.21801336529556,1.7999999999999994
2025-09-18T12:00:00+00:00,7.4750094254152515,1.5000000000000002
2025-09-18T13:00:00+00:00,7.80616501659687,6.6274999999999995
2025-09-18T14:00:00+00:00,19.979914529914524,34.18
2025-09-18T15:00:00+00:00,35.53397441323783,92.35
2025-09-18T16:00:00+00:00,60.973918594969696,113.3325
2025-09-18T17:00:00+00:00,80.4074115363625,141.325
2025-09-18T18:00:00+00:00,88.03172335428518,120.485
2025-09-18T19:00:00+00:00,87.50382761517562,104.17
2025-09-18T20:00:00+00:00,76.14373599045288,95.03
2025-09-18T21:00:00+00:00,65.44471331995955,87.97
2025-09-18T22:00:00+00:00,65.44471331996002,74.57
2025-09-18T23:00:00+00:00,67.16505456979124,68.5325
2025-09-19T00:00:00+00:00,77.90873541735596,68.61500000000001
2025-09-19T01:00:00+00:00,79.67185821276686,70.85
2025-09-19T02:00:00+00:00,77.33833801983108,78.02000000000001
2025-09-19T03:00:00+00:00,83.4139648724609,91.215
2025-09-19T04:00:00+00:00,90.21078459664302,113.3825
2025-09-19T05:00:00+00:00,93.3663279309201,141.81
2025-09-19T06:00:00+00:00,92.89693589964394,114.5725
2025-09-19T07:00:00+00:00,90.15304244039613,87.6
2025-09-19T08:00:00+00:00,74.01218573525219,59.9475
2025-09-19T09:00:00+00:00,36.75970109256319,7.907499999999999
2025-09-19T10:00:00+00:00,27.632606253218608,0.9100000000000001
2025-09-19T11:00:00+00:00,19.979914529914524,-0.875
2025-09-19T12:00:00+00:00,19.979914529914545,-0.8800000000000008
2025-09-19T13:00:00+00:00,19.97991452991457,7.865
2025-09-19T14:00:00+00:00,26.17326268460839,69.24000000000001
2025-09-19T15:00:00+00:00,55.4680678533137,110.39
2025-09-19T16:00:00+00:00,86.56583294840081,192.9825
2025-09-19T17:00:00+00:00,89.95110629581883,311.21
2025-09-19T18:00:00+00:00,90.27636773845713,153.79500000000002
2025-09-19T19:00:00+00:00,89.0306936927147,110.82249999999999
2025-09-19T20:00:00+00:00,87.77779210782313,101.1625
2025-09-19T21:00:00+00:00,86.5658329484049,92.4575
2025-09-19T22:00:00+00:00,80.99237220976426,84.0
2025-09-19T23:00:00+00:00,63.054895901409886,78.58
2025-09-20T00:00:00+00:00,61.69719650845094,77.49000000000001
2025-09-20T01:00:00+00:00,61.697196508450965,75.7
2025-09-20T02:00:00+00:00,61.69719650845089,75.8875
2025-09-20T03:00:00+00:00,62.009675890487735,77.96000000000001
2025-09-20T04:00:00+00:00,62.00967589048772,85.72
2025-09-20T05:00:00+00:00,80.10175304882458,89.285
2025-09-20T06:00:00+00:00,86.71698691223001,71.5925
2025-09-20T07:00:00+00:00,63.86346913315426,44.3575
2025-09-20T08:00:00+00:00,36.37234236371883,8.2525
2025-09-20T09:00:00+00:00,24.323813215845295,2.0025000000000004
2025-09-20T10:00:00+00:00,20.30718864866338,0.5750000000000002
2025-09-20T11:00:00+00:00,5.778844252727323,-0.45249999999999996
2025-09-20T12:00:00+00:00,3.489916186953415,-0.3774999999999993
2025-09-20T13:00:00+00:00,19.979914529914524,1.2025000000000003
2025-09-20T14:00:00+00:00,19.979914529914524,30.2425
2025-09-20T15:00:00+00:00,33.32971429519847,91.75
2025-09-20T16:00:00+00:00,62.07527997871401,119.8375
2025-09-20T17:00:00+00:00,79.57579523823792,135.82500000000002
2025-09-20T18:00:00+00:00,80.82436860832266,106.6975
2025-09-20T19:00:00+00:00,63.127161840496555,90.19500000000001
2025-09-20T20:00:00+00:00,62.07865014742302,75.745
2025-09-20T21:00:00+00:00,62.07865014742315,58.41
2025-09-20T22:00:00+00:00,62.07865014742326,48.3325
2025-09-20T23:00:00+00:00,41.33097467048208,36.1125
2025-09-21T00:00:00+00:00,41.5445948117408,26.45
2025-09-21T01:00:00+00:00,38.84647633923245,17.5225
2025-09-21T02:00:00+00:00,38.846476339232574,14.415
2025-09-21T03:00:00+00:00,35.93089999999857,13.4475
2025-09-21T04:00:00+00:00,35.9308999999744,16.4775
2025-09-21T05:00:00+00:00,38.7102963454182,17.4025
2025-09-21T06:00:00+00:00,38.82059914832381,9.9725
2025-09-21T07:00:00+00:00,35.66579029909147,8.96
2025-09-21T08:00:00+00:00,21.068361156830733,6.2250000000000005
2025-09-21T09:00:00+00:00,13.270304186401226,4.614999999999999
2025-09-21T10:00:00+00:00,19.979914529914524,3.9975
2025-09-21T11:00:00+00:00,0.8459601775059398,2.275
2025-09-21T12:00:00+00:00,19.979914529914534,6.2075
2025-09-21T13:00:00+00:00,19.979914529914524,20.9975
2025-09-21T14:00:00+00:00,20.07035419259896,70.1375
2025-09-21T15:00:00+00:00,35.66579029909145,92.7025
2025-09-21T16:00:00+00:00,62.736817707832294,111.7325
2025-09-21T17:00:00+00:00,72.95080686601844,126.77
2025-09-21T18:00:00+00:00,74.05488234651727,119.7025
2025-09-21T19:00:00+00:00,74.05488234651675,107.6125
2025-09-21T20:00:00+00:00,74.22086192486273,104.0025
2025-09-21T21:00:00+00:00,74.0528564599425,93.85
2025-09-21T22:00:00+00:00,74.05488234651685,85.305
2025-09-21T23:00:00+00:00,74.05285645994321,79.6275
2025-09-22T00:00:00+00:00,84.14062836504819,75.22749999999999
2025-09-22T01:00:00+00:00,81.17447416546611,71.1
2025-09-22T02:00:00+00:00,81.18016937459497,73.3275
2025-09-22T03:00:00+00:00,84.15862561478123,85.8025
2025-09-22T04:00:00+00:00,91.55155640693931,121.1325
2025-09-22T05:00:00+00:00,94.75726510196768,152.1725
2025-09-22T06:00:00+00:00,95.05439739492243,148.5225
2025-09-22T07:00:00+00:00,92.89693589964385,140.7125
2025-09-22T08:00:00+00:00,88.55730517242914,126.5975
2025-09-22T09:00:00+00:00,80.73247881987966,103.64500000000001
2025-09-22T10:00:00+00:00,80.32589337502715,88.1075
2025-09-22T11:00:00+00:00,71.29079804619182,88.0
2025-09-22T12:00:00+00:00,71.29079804619181,82.39750000000001
2025-09-22T13:00:00+00:00,71.29079804619181,92.22749999999999
2025-09-22T14:00:00+00:00,80.29584036603931,104.6275
2025-09-22T15:00:00+00:00,83.46436130199412,118.8925
2025-09-22T16:00:00+00:00,94.54172785367241,139.4
2025-09-22T17:00:00+00:00,95.05439739492243,190.875
2025-09-22T18:00:00+00:00,95.05439739492243,166.425
2025-09-22T19:00:00+00:00,95.05439739492243,128.2275
2025-09-22T20:00:00+00:00,94.75726510196768,112.1025
2025-09-22T21:00:00+00:00,92.28306065855314,101.95
2025-09-22T22:00:00+00:00,90.33180983862249,92.5625
2025-09-22T23:00:00+00:00,90.4080913839636,88.7875
2025-09-23T00:00:00+00:00,90.64642307278152,87.7025
2025-09-23T01:00:00+00:00,90.28420059564687,89.6325
2025-09-23T02:00:00+00:00,90.28420059564694,91.0
2025-09-23T03:00:00+00:00,90.6656973900498,96.94
2025-09-23T04:00:00+00:00,95.0266385427909,128.4775
2025-09-23T05:00:00+00:00,95.05439739492243,212.735
2025-09-23T06:00:00+00:00,95.14044346385289,172.79749999999999
2025-09-23T07:00:00+00:00,95.02663854279099,125.10000000000001
2025-09-23T08:00:00+00:00,91.48672736160641,99.8775
2025-09-23T09:00:00+00:00,87.27955630184938,93.9975
2025-09-23T10:00:00+00:00,79.66327794351373,82.255
2025-09-23T11:00:00+00:00,62.988539163321896,79.28999999999999
2025-09-23T12:00:00+00:00,54.08485697871032,79.6125
2025-09-23T13:00:00+00:00,63.66275935722136,85.8225
2025-09-23T14:00:00+00:00,80.99237220976424,93.1125
2025-09-23T15:00:00+00:00,88.3579816170047,120.5275
2025-09-23T16:00:00+00:00,93.33963684662717,139.67000000000002
2025-09-23T17:00:00+00:00,94.88343973230707,158.6025
2025-09-23T18:00:00+00:00,94.75726510196768,129.59
2025-09-23T19:00:00+00:00,92.67180396979948,108.5925
2025-09-23T20:00:00+00:00,90.37518184071317,91.0
2025-09-23T21:00:00+00:00,89.89055619223534,81.9
2025-09-23T22:00:00+00:00,88.75464634146213,89.72
2025-09-23T23:00:00+00:00,88.82249700402467,84.0
2025-09-24T00:00:00+00:00,89.47419920022702,83.6425
2025-09-24T01:00:00+00:00,87.46900534283735,82.325
2025-09-24T02:00:00+00:00,88.32703794066701,83.63
2025-09-24T03:00:00+00:00,90.14300579182508,88.80000000000001
2025-09-24T04:00:00+00:00,92.10186195027454,111.975
2025-09-24T05:00:00+00:00,93.54261930828125,130.2
2025-09-24T06:00:00+00:00,93.63578606393354,127.60249999999999
2025-09-24T07:00:00+00:00,90.29168243848217,108.3975
2025-09-24T08:00:00+00:00,89.39219766935523,90.5375
2025-09-24T09:00:00+00:00,69.57549641645213,71.9
2025-09-24T10:00:00+00:00,59.426154244266385,46.39
2025-09-24T11:00:00+00:00,22.108244454378404,26.6825
2025-09-24T12:00:00+00:00,19.979914529914527,34.6975
2025-09-24T13:00:00+00:00,20.179071574532003,51.06
2025-09-24T14:00:00+00:00,35.9309,70.95
2025-09-24T15:00:00+00:00,61.29328056070707,89.4575
2025-09-24T16:00:00+00:00,81.72437408094277,111.98
2025-09-24T17:00:00+00:00,85.06877071129051,122.1625
2025-09-24T18:00:00+00:00,85.45139060595302,106.8625
2025-09-24T19:00:00+00:00,81.97214324343437,91.08500000000001
2025-09-24T20:00:00+00:00,81.72437408094277,78.225
2025-09-24T21:00:00+00:00,81.58417775494416,67.1975
2025-09-24T22:00:00+00:00,80.99237220976424,63.8825
2025-09-24T23:00:00+00:00,75.27366654633968,55.5025
2025-09-25T00:00:00+00:00,74.05496142270036,52.730000000000004
2025-09-25T01:00:00+00:00,74.13695364018295,52.822500000000005
2025-09-25T02:00:00+00:00,74.21192205174431,58.835
2025-09-25T03:00:00+00:00,75.58483597839609,75.24249999999999
2025-09-25T04:00:00+00:00,88.63123064146862,94.2675
2025-09-25T05:00:00+00:00,90.01190828699121,109.6075
2025-09-25T06:00:00+00:00,90.26160335964799,112.275
2025-09-25T07:00:00+00:00,90.09229182023029,99.91
2025-09-25T08:00:00+00:00,87.90156247093672,78.08250000000001
2025-09-25T09:00:00+00:00,58.920025343072126,53.964999999999996
2025-09-25T10:00:00+00:00,56.209817650583005,28.755000000000003
2025-09-25T11:00:00+00:00,29.783276682297302,13.155
2025-09-25T12:00:00+00:00,21.324754617468464,16.3
2025-09-25T13:00:00+00:00,21.87617439047458,34.16
2025-09-25T14:00:00+00:00,35.9309,72.265
2025-09-25T15:00:00+00:00,66.47890853996076,91.785
2025-09-25T16:00:00+00:00,88.63854471994767,111.7975
2025-09-25T17:00:00+00:00,88.72542446983675,124.8
2025-09-25T18:00:00+00:00,89.18041609695513,114.02
2025-09-25T19:00:00+00:00,88.6769043506468,98.275
2025-09-25T20:00:00+00:00,88.67690435064681,89.5
2025-09-25T21:00:00+00:00,88.63854471994767,80.48
2025-09-25T22:00:00+00:00,88.60236108697949,78.705
2025-09-25T23:00:00+00:00,88.3579816170047,77.155
2025-09-26T00:00:00+00:00,90.04631438120515,74.805
2025-09-26T01:00:00+00:00,90.05755999488592,74.54
2025-09-26T02:00:00+00:00,90.05745158163123,76.2125
2025-09-26T03:00:00+00:00,90.24175222256338,83.4975
2025-09-26T04:00:00+00:00,90.3781089960263,108.56
2025-09-26T05:00:00+00:00,92.05651808154987,128.4
2025-09-26T06:00:00+00:00,92.89693589964584,126.76249999999999
2025-09-26T07:00:00+00:00,90.37427707585583,111.405
2025-09-26T08:00:00+00:00,90.27138009637017,95.0725
2025-09-26T09:00:00+00:00,88.3579816170047,85.95
2025-09-26T10:00:00+00:00,76.94706397313611,71.695
2025-09-26T11:00:00+00:00,72.76107330542777,69.1775
2025-09-26T12:00:00+00:00,73.75453227048388,67.6625
2025-09-26T13:00:00+00:00,75.18298802679035,77.13250000000001
2025-09-26T14:00:00+00:00,80.8037044198895,92.5375
2025-09-26T15:00:00+00:00,88.35798161700471,109.3825
2025-09-26T16:00:00+00:00,90.27413664931647,127.72749999999999
2025-09-26T17:00:00+00:00,92.87493874793601,137.58249999999998
2025-09-26T18:00:00+00:00,91.04153463321285,121.5325
2025-09-26T19:00:00+00:00,90.30019739471166,105.9825
2025-09-26T20:00:00+00:00,90.27422094988707,98.3875
2025-09-26T21:00:00+00:00,90.27708001326826,90.3425
2025-09-26T22:00:00+00:00,90.25164066821691,88.995
2025-09-26T23:00:00+00:00,90.00469952030602,88.7075
2025-09-27T00:00:00+00:00,90.02641938649258,84.66250000000001
2025-09-27T01:00:00+00:00,90.02465241904923,83.81
2025-09-27T02:00:00+00:00,90.03773486918011,84.91
2025-09-27T03:00:00+00:00,90.0711527586734,86.0625
2025-09-27T04:00:00+00:00,90.24160181701423,93.0025
2025-09-27T05:00:00+00:00,90.30185598607255,103.3075
2025-09-27T06:00:00+00:00,90.32991341046971,101.8
2025-09-27T07:00:00+00:00,90.3130370570127,94.16749999999999
2025-09-27T08:00:00+00:00,90.09518831147732,84.335
2025-09-27T09:00:00+00:00,71.3021364123165,70.3075
2025-09-27T10:00:00+00:00,68.69017144289109,60.279999999999994
2025-09-27T11:00:00+00:00,66.5600555833697,46.6675
2025-09-27T12:00:00+00:00,66.56005558337039,59.32
2025-09-27T13:00:00+00:00,69.67270192473316,68.8825
2025-09-27T14:00:00+00:00,78.0976333337163,87.97
2025-09-27T15:00:00+00:00,88.79234280289181,107.655
2025-09-27T16:00:00+00:00,92.13255352844654,134.8725
2025-09-27T17:00:00+00:00,93.7241917295957,151.89499999999998
2025-09-27T18:00:00+00:00,93.34412303600115,129.48250000000002
2025-09-27T19:00:00+00:00,92.89693589964422,113.11250000000001
2025-09-27T20:00:00+00:00,92.89693589964362,108.0
2025-09-27T21:00:00+00:00,92.05962179218945,99.8025
2025-09-27T22:00:00+00:00,91.8778428318105,102.44
2025-09-27T23:00:00+00:00,91.86251913412539,95.32
2025-09-28T00:00:00+00:00,90.31954694048119,96.00999999999999
2025-09-28T01:00:00+00:00,90.26818645790684,95.425
2025-09-28T02:00:00+00:00,90.26818646438582,97.9
2025-09-28T03:00:00+00:00,90.26818853889557,99.4
2025-09-28T04:00:00+00:00,90.26836246053506,100.2975
2025-09-28T05:00:00+00:00,90.48908319248856,100.0075
2025-09-28T06:00:00+00:00,90.48323913566374,101.2075
2025-09-28T07:00:00+00:00,90.32574743142729,88.3875
2025-09-28T08:00:00+00:00,89.75219219013708,59.03
2025-09-28T09:00:00+00:00,67.72599584885559,16.9375
2025-09-28T10:00:00+00:00,67.58542347439614,8.8575
2025-09-28T11:00:00+00:00,35.99375086406185,5.66
2025-09-28T12:00:00+00:00,37.25359578846097,7.0575
2025-09-28T13:00:00+00:00,43.79845492090145,25.8475
2025-09-28T14:00:00+00:00,67.76483157139712,79.405
2025-09-28T15:00:00+00:00,88.3579816170047,107.5725
2025-09-28T16:00:00+00:00,90.35310876186284,135.2
2025-09-28T17:00:00+00:00,90.44110567583776,153.9025
2025-09-28T18:00:00+00:00,90.42668868349014,125.8025
2025-09-28T19:00:00+00:00,90.35310876186284,111.9375
2025-09-28T20:00:00+00:00,90.35310876186284,107.4025
2025-09-28T21:00:00+00:00,90.33349371543417,100.985
2025-09-28T22:00:00+00:00,90.32672430253452,90.6
2025-09-28T23:00:00+00:00,90.33270320144365,88.94999999999999
2025-09-29T00:00:00+00:00,90.2844729695594,88.9
2025-09-29T01:00:00+00:00,90.31969338092212,89.0025
2025-09-29T02:00:00+00:00,90.38641168622388,98.025
2025-09-29T03:00:00+00:00,92.77876734844666,104.35499999999999
2025-09-29T04:00:00+00:00,94.96050464352325,138.015
2025-09-29T05:00:00+00:00,95.1404434638531,204.16
2025-09-29T06:00:00+00:00,96.1207808300927,186.37
2025-09-29T07:00:00+00:00,95.05439739492243,128.0975
2025-09-29T08:00:00+00:00,90.98887308158773,104.1
2025-09-29T09:00:00+00:00,90.29075753160183,92.2325
2025-09-29T10:00:00+00:00,89.42777962321756,83.0025
2025-09-29T11:00:00+00:00,72.51978577916526,80.985
2025-09-29T12:00:00+00:00,72.11586879953245,83.535
2025-09-29T13:00:00+00:00,80.80370441989011,91.03999999999999
2025-09-29T14:00:00+00:00,89.62477093460326,111.54
2025-09-29T15:00:00+00:00,90.86424162055164,140.82
2025-09-29T16:00:00+00:00,94.89491335574091,250.10250000000002
2025-09-29T17:00:00+00:00,95.1404434638531,402.895
2025-09-29T18:00:00+00:00,95.1404434638531,196.4625
2025-09-29T19:00:00+00:00,95.05439739492243,128.85750000000002
2025-09-29T20:00:00+00:00,94.45857928777077,114.8025
2025-09-29T21:00:00+00:00,91.56680056862469,104.98
2025-09-29T22:00:00+00:00,91.16921403481574,97.2
2025-09-29T23:00:00+00:00,90.8696303338586,95.855
2025-09-30T00:00:00+00:00,90.40489142968852,92.2
2025-09-30T01:00:00+00:00,90.52033184935573,92.59
2025-09-30T02:00:00+00:00,91.55155640693944,95.8775
2025-09-30T03:00:00+00:00,94.47304474814337,116.0675
2025-09-30T04:00:00+00:00,95.05439739492243,133.9975
2025-09-30T05:00:00+00:00,95.1404434638531,213.23
2025-09-30T06:00:00+00:00,96.1207808300927,192.7475
2025-09-30T07:00:00+00:00,95.05439739492243,142.675
2025-09-30T08:00:00+00:00,93.85315019875259,115.945
2025-09-30T09:00:00+00:00,90.29809730803568,103.3475
2025-09-30T10:00:00+00:00,90.06973621789857,94.565
2025-09-30T11:00:00+00:00,86.71698691222986,91.9
2025-09-30T12:00:00+00:00,86.71698691222986,93.02
2025-09-30T13:00:00+00:00,87.90598324591255,100.1
2025-09-30T14:00:00+00:00,90.22406051812942,114.0
2025-09-30T15:00:00+00:00,90.82983593123669,156.625
2025-09-30T16:00:00+00:00,94.75726510196768,282.675
2025-09-30T17:00:00+00:00,95.1404434638531,373.15999999999997
2025-09-30T18:00:00+00:00,95.1404434638531,157.895
2025-09-30T19:00:00+00:00,95.05439739492243,126.49
2025-09-30T20:00:00+00:00,94.36502378790166,111.4325
2025-09-30T21:00:00+00:00,92.89693589964386,96.865
2025-09-30T22:00:00+00:00,91.18910252851056,102.94999999999999
2025-09-30T23:00:00+00:00,90.65350720217631,99.95
2025-10-01T00:00:00+00:00,92.78062492306594,98.625
2025-10-01T01:00:00+00:00,93.20556156440685,99.025
2025-10-01T02:00:00+00:00,93.37574292844549,99.6
2025-10-01T03:00:00+00:00,94.03374362323333,109.6
2025-10-01T04:00:00+00:00,94.32846075260794,148.32
2025-10-01T05:00:00+00:00,95.1404434638531,242.815
2025-10-01T06:00:00+00:00,95.14044346385359,170.76
2025-10-01T07:00:00+00:00,94.23533118433946,135.465
2025-10-01T08:00:00+00:00,89.61231125009962,110.10499999999999
2025-10-01T09:00:00+00:00,89.4442343824316,112.0025
2025-10-01T10:00:00+00:00,81.54273296965982,69.5375
2025-10-01T11:00:00+00:00,76.39152595729672,67.15
2025-10-01T12:00:00+00:00,71.3553325978899,95.7475
2025-10-01T13:00:00+00:00,84.12985632272947,103.63
2025-10-01T14:00:00+00:00,86.52326240427814,109.83
2025-10-01T15:00:00+00:00,94.03374362323282,149.6425
2025-10-01T16:00:00+00:00,94.32846075260794,315.9975
2025-10-01T17:00:00+00:00,95.14044346385319,512.59
2025-10-01T18:00:00+00:00,95.1404434638531,196.075
2025-10-01T19:00:00+00:00,94.32846075260794,138.225
2025-10-01T20:00:00+00:00,93.7928356570458,117.85000000000001
2025-10-01T21:00:00+00:00,91.12229650584767,108.0975
2025-10-01T22:00:00+00:00,90.21620020111246,90.75
2025-10-01T23:00:00+00:00,90.72163846174051,89.3175
2025-10-02T00:00:00+00:00,89.79582382257782,88.655
2025-10-02T01:00:00+00:00,91.55155640693944,90.7475
2025-10-02T02:00:00+00:00,92.18853562934753,89.8175
2025-10-02T03:00:00+00:00,93.08945171973025,97.055
2025-10-02T04:00:00+00:00,94.32846075260794,130.85
2025-10-02T05:00:00+00:00,94.32846075260794,192.5025
2025-10-02T06:00:00+00:00,94.32846075260794,142.5975
2025-10-02T07:00:00+00:00,94.03374362323282,107.675
2025-10-02T08:00:00+00:00,89.58587502528965,92.335
2025-10-02T09:00:00+00:00,87.9998555235996,77.5675
2025-10-02T10:00:00+00:00,70.38152509105058,60.864999999999995
2025-10-02T11:00:00+00:00,41.753317540119994,58.355000000000004
2025-10-02T12:00:00+00:00,44.33004512752268,61.615
2025-10-02T13:00:00+00:00,70.51688571202635,75.98
2025-10-02T14:00:00+00:00,75.4488071473435,88.58250000000001
2025-10-02T15:00:00+00:00,87.68647507160118,109.535
2025-10-02T16:00:00+00:00,94.02251428270179,170.995
2025-10-02T17:00:00+00:00,94.03374362323282,188.9725
2025-10-02T18:00:00+00:00,94.02251428270193,122.0
2025-10-02T19:00:00+00:00,94.0225142827018,98.3625
2025-10-02T20:00:00+00:00,92.78502033670449,83.0475
2025-10-02T21:00:00+00:00,88.72989393488999,73.5225
2025-10-02T22:00:00+00:00,83.61986095909128,79.93
2025-10-02T23:00:00+00:00,83.29149792438089,70.92999999999999
2025-10-03T00:00:00+00:00,84.33902860553188,72.525
2025-10-03T01:00:00+00:00,84.33902860553188,71.0275
2025-10-03T02:00:00+00:00,84.33902860553188,72.12
2025-10-03T03:00:00+00:00,84.36072282365205,75.09
2025-10-03T04:00:00+00:00,87.6864750716012,89.7875
2025-10-03T05:00:00+00:00,88.81047310129384,100.0
2025-10-03T06:00:00+00:00,88.78484694838787,90.32000000000001
2025-10-03T07:00:00+00:00,86.74892814411811,85.69
2025-10-03T08:00:00+00:00,71.85868578629625,49.07
2025-10-03T09:00:00+00:00,33.50976297858595,29.2025
2025-10-03T10:00:00+00:00,27.98621401884979,26.205000000000002
2025-10-03T11:00:00+00:00,19.979914529914524,19.28
2025-10-03T12:00:00+00:00,17.22995934795792,19.375
2025-10-03T13:00:00+00:00,19.97991452991453,31.72
2025-10-03T14:00:00+00:00,20.642254760511417,59.17
2025-10-03T15:00:00+00:00,34.018004661300196,87.435
2025-10-03T16:00:00+00:00,59.8606477228175,105.78
2025-10-03T17:00:00+00:00,60.90364593833639,106.22
2025-10-03T18:00:00+00:00,51.25243432595823,77.9825
2025-10-03T19:00:00+00:00,48.051424858101996,57.1
2025-10-03T20:00:00+00:00,35.93090000000001,40.4275
2025-10-03T21:00:00+00:00,33.50976297858595,12.3775
2025-10-03T22:00:00+00:00,33.50976297858595,2.2
2025-10-03T23:00:00+00:00,20.174743021012397,-4.0875
2025-10-04T00:00:00+00:00,1.2333605638403426,-4.115
2025-10-04T01:00:00+00:00,1.2185461370109323,-2.8000000000000003
2025-10-04T02:00:00+00:00,1.2185461370108328,-3.75
2025-10-04T03:00:00+00:00,1.2549124507913945,-4.045
2025-10-04T04:00:00+00:00,1.2522271710604047,-4.115
2025-10-04T05:00:00+00:00,1.2909825506437835,-4.452500000000001
2025-10-04T06:00:00+00:00,1.2936455284058574,-4.4875
2025-10-04T07:00:00+00:00,10.927121848587444,-4.192500000000001
2025-10-04T08:00:00+00:00,19.979914529914396,-3.0225
2025-10-04T09:00:00+00:00,13.216550461064113,-3.5549999999999997
2025-10-04T10:00:00+00:00,19.21364161992388,-1.9549999999999998
2025-10-04T11:00:00+00:00,0.9845761549728185,-9.9975
2025-10-04T12:00:00+00:00,-0.0,-10.0
2025-10-04T13:00:00+00:00,-0.0,-5.132499999999999
2025-10-04T14:00:00+00:00,-0.0,-4.0325
2025-10-04T15:00:00+00:00,5.010082314007138e-13,1.325
2025-10-04T16:00:00+00:00,10.927121848588406,6.0375
2025-10-04T17:00:00+00:00,19.979914529914637,16.0925
2025-10-04T18:00:00+00:00,12.255655533046646,3.96
2025-10-04T19:00:00+00:00,10.927121848588381,1.0999999999999999
2025-10-04T20:00:00+00:00,1.204212625282027,-0.33000000000000007
2025-10-04T21:00:00+00:00,-0.0,-2.805
2025-10-04T22:00:00+00:00,-0.0,-4.6575
2025-10-04T23:00:00+00:00,-0.0,-5.9975
2025-10-05T00:00:00+00:00,-0.0,-4.3
2025-10-05T01:00:00+00:00,-0.0,-0.9125000000000001
2025-10-05T02:00:00+00:00,-0.0,-10.0
2025-10-05T03:00:00+00:00,-0.0,-1.0249999999999997
2025-10-05T04:00:00+00:00,-0.0,-3.005
2025-10-05T05:00:00+00:00,1.206541588485301,-3.5
2025-10-05T06:00:00+00:00,1.2065415884852833,-4.9750000000000005
2025-10-05T07:00:00+00:00,1.206056920127807,-6.0
2025-10-05T08:00:00+00:00,2.842170943040401e-14,-6.85
2025-10-05T09:00:00+00:00,-0.0,-14.525
2025-10-05T10:00:00+00:00,1.4156534161514185,-20.1225
2025-10-05T11:00:00+00:00,-0.0,-19.9625
2025-10-05T12:00:00+00:00,-0.0,-18.48
2025-10-05T13:00:00+00:00,-0.0,-2.92
2025-10-05T14:00:00+00:00,-0.0,-0.6550000000000007
2025-10-05T15:00:00+00:00,0.39500610267595704,3.0474999999999994
2025-10-05T16:00:00+00:00,21.634935867458044,16.6125
2025-10-05T17:00:00+00:00,35.37317278222797,31.305
2025-10-05T18:00:00+00:00,33.68244127162608,18.2575
2025-10-05T19:00:00+00:00,32.464073001808124,11.9225
2025-10-05T20:00:00+00:00,32.47785796930844,12.625
2025-10-05T21:00:00+00:00,21.465086012941107,8.625
2025-10-05T22:00:00+00:00,26.919920216411,16.119999999999997
2025-10-05T23:00:00+00:00,20.179071574532003,11.9975
2025-10-06T00:00:00+00:00,21.539764168557305,9.0
2025-10-06T01:00:00+00:00,21.53976416853781,8.34
2025-10-06T02:00:00+00:00,21.631485292318857,11.5025
2025-10-06T03:00:00+00:00,35.93090000021027,24.725
2025-10-06T04:00:00+00:00,73.2168484282547,67.9775
2025-10-06T05:00:00+00:00,85.50173791738149,98.3825
2025-10-06T06:00:00+00:00,87.37560134462642,97.0925
2025-10-06T07:00:00+00:00,87.60174733504867,89.445
2025-10-06T08:00:00+00:00,86.71698691222986,78.57000000000001
2025-10-06T09:00:00+00:00,73.19668814135503,78.555
2025-10-06T10:00:00+00:00,72.32261590195169,77.42
2025-10-06T11:00:00+00:00,69.76033953928744,77.49
2025-10-06T12:00:00+00:00,72.15304687457794,78.06
2025-10-06T13:00:00+00:00,73.87110376182292,79.88
2025-10-06T14:00:00+00:00,80.99237220976424,84.8775
2025-10-06T15:00:00+00:00,89.94931071340727,92.0025
2025-10-06T16:00:00+00:00,93.57701086032642,115.495
2025-10-06T17:00:00+00:00,93.13986971335646,130.2175
2025-10-06T18:00:00+00:00,92.48877779403654,115.8775
2025-10-06T19:00:00+00:00,92.36440831463679,79.175
2025-10-06T20:00:00+00:00,92.07594160987068,97.425
2025-10-06T21:00:00+00:00,91.12279631218576,84.35
2025-10-06T22:00:00+00:00,90.39863911690692,93.4825
2025-10-06T23:00:00+00:00,89.95159084366725,90.4
2025-10-07T00:00:00+00:00,91.4464988741607,89.6
2025-10-07T01:00:00+00:00,91.44685166962935,89.905
2025-10-07T02:00:00+00:00,91.96523362661125,91.7925
2025-10-07T03:00:00+00:00,93.20522030036992,97.9425
2025-10-07T04:00:00+00:00,94.23533118433947,137.9325
2025-10-07T05:00:00+00:00,94.32846075260794,211.47
2025-10-07T06:00:00+00:00,95.1404434638531,298.705
2025-10-07T07:00:00+00:00,95.140443463853,231.375
2025-10-07T08:00:00+00:00,94.23533118433947,136.4
2025-10-07T09:00:00+00:00,93.69040697240358,121.3175
2025-10-07T10:00:00+00:00,92.9985484088824,108.3825
2025-10-07T11:00:00+00:00,89.27973338044188,103.425
2025-10-07T12:00:00+00:00,88.75464634146338,99.975
2025-10-07T13:00:00+00:00,91.26977838124606,107.59
2025-10-07T14:00:00+00:00,93.85315019875259,118.445
2025-10-07T15:00:00+00:00,94.32846075260794,160.0975
2025-10-07T16:00:00+00:00,94.32846075260794,234.6925
2025-10-07T17:00:00+00:00,94.32846075260794,235.3025
2025-10-07T18:00:00+00:00,94.32846075260794,155.035
2025-10-07T19:00:00+00:00,94.23533118433966,123.7975
2025-10-07T20:00:00+00:00,93.80337306973549,110.1
2025-10-07T21:00:00+00:00,91.55155640693943,100.8
2025-10-07T22:00:00+00:00,90.49283000512017,97.16499999999999
2025-10-07T23:00:00+00:00,90.18549662526272,93.64750000000001
2025-10-08T00:00:00+00:00,89.59640814716455,88.8375
2025-10-08T01:00:00+00:00,89.59569263763991,88.9825
2025-10-08T02:00:00+00:00,89.60020787962573,89.38499999999999
2025-10-08T03:00:00+00:00,89.83181361166761,96.4425
2025-10-08T04:00:00+00:00,94.03374362323282,126.28999999999999
2025-10-08T05:00:00+00:00,94.32846075260794,188.405
2025-10-08T06:00:00+00:00,95.1404434638531,202.5875
2025-10-08T07:00:00+00:00,94.32846075260794,147.67
2025-10-08T08:00:00+00:00,94.03374362323291,110.94
2025-10-08T09:00:00+00:00,90.00251708466796,102.5525
2025-10-08T10:00:00+00:00,89.9585783427056,94.54249999999999
2025-10-08T11:00:00+00:00,90.76825992981398,92.3
2025-10-08T12:00:00+00:00,90.75955983683288,94.9325
2025-10-08T13:00:00+00:00,92.57306451231801,99.1925
2025-10-08T14:00:00+00:00,94.03374362323282,112.5975
2025-10-08T15:00:00+00:00,94.32846075260794,154.89999999999998
2025-10-08T16:00:00+00:00,95.1404434638531,227.7625
2025-10-08T17:00:00+00:00,95.38617636372942,277.12
2025-10-08T18:00:00+00:00,95.1404434638531,161.66750000000002
2025-10-08T19:00:00+00:00,94.32846075260794,124.58250000000001
2025-10-08T20:00:00+00:00,93.895659260246,111.3675
2025-10-08T21:00:00+00:00,93.69136964042724,102.8
2025-10-08T22:00:00+00:00,92.1885356293475,100.75
2025-10-08T23:00:00+00:00,92.10228642317423,95.6
2025-10-09T00:00:00+00:00,91.49741110444128,91.9575
2025-10-09T01:00:00+00:00,91.9652336266113,91.87
2025-10-09T02:00:00+00:00,92.18853562934729,94.31
2025-10-09T03:00:00+00:00,94.0337436232328,102.07
2025-10-09T04:00:00+00:00,94.32846075260794,118.785
2025-10-09T05:00:00+00:00,95.1404434638531,171.445
2025-10-09T06:00:00+00:00,95.25692224899666,157.845
2025-10-09T07:00:00+00:00,95.1404434638531,126.22999999999999
2025-10-09T08:00:00+00:00,94.03374362323282,108.4175
2025-10-09T09:00:00+00:00,90.52789995499188,96.47
2025-10-09T10:00:00+00:00,89.543509402881,86.62
2025-10-09T11:00:00+00:00,86.59897526566512,89.7125
2025-10-09T12:00:00+00:00,82.95745252647625,82.4625
2025-10-09T13:00:00+00:00,87.6864750716012,86.08
2025-10-09T14:00:00+00:00,88.66562001147683,91.9425
2025-10-09T15:00:00+00:00,92.18853562934753,111.1225
2025-10-09T16:00:00+00:00,94.03374362323282,130.895
2025-10-09T17:00:00+00:00,94.14369179040824,132.105
2025-10-09T18:00:00+00:00,94.00964714587496,112.3075
2025-10-09T19:00:00+00:00,90.42802355752175,97.3375
2025-10-09T20:00:00+00:00,89.60549206201283,89.0
2025-10-09T21:00:00+00:00,89.57343153558374,82.4075
2025-10-09T22:00:00+00:00,89.57086422056675,85.1875
2025-10-09T23:00:00+00:00,89.53030382733301,81.32249999999999
2025-10-10T00:00:00+00:00,89.40646243067995,77.2525
2025-10-10T01:00:00+00:00,89.36263830839593,75.995
2025-10-10T02:00:00+00:00,89.36326890755458,78.09
2025-10-10T03:00:00+00:00,89.52615196361457,86.105
2025-10-10T04:00:00+00:00,89.69104418440185,100.67999999999999
2025-10-10T05:00:00+00:00,91.45639578399016,121.7975
2025-10-10T06:00:00+00:00,92.18853562934753,123.755
2025-10-10T07:00:00+00:00,89.659287926727,110.735
2025-10-10T08:00:00+00:00,89.58585512074433,92.9275
2025-10-10T09:00:00+00:00,89.31652655859826,82.47
2025-10-10T10:00:00+00:00,86.71698691222986,74.6
2025-10-10T11:00:00+00:00,80.8037044198895,73.19749999999999
2025-10-10T12:00:00+00:00,80.99237220976424,74.89750000000001
2025-10-10T13:00:00+00:00,81.91645102730523,82.7
2025-10-10T14:00:00+00:00,86.71698691222986,91.85
2025-10-10T15:00:00+00:00,89.60752943805564,111.2975
2025-10-10T16:00:00+00:00,91.24971969194368,128.565
2025-10-10T17:00:00+00:00,92.18853562934753,124.89
2025-10-10T18:00:00+00:00,90.94247457721194,112.7175
2025-10-10T19:00:00+00:00,89.65338438147045,99.1375
2025-10-10T20:00:00+00:00,89.59483712304718,94.565
2025-10-10T21:00:00+00:00,89.5822428027254,87.1
2025-10-10T22:00:00+00:00,89.58200732061455,90.375
2025-10-10T23:00:00+00:00,89.56708827931014,86.455
2025-10-11T00:00:00+00:00,89.54339960940628,83.2
2025-10-11T01:00:00+00:00,89.50407962740384,81.38499999999999
2025-10-11T02:00:00+00:00,89.51447207087507,82.3
2025-10-11T03:00:00+00:00,89.57817018451213,83.9275
2025-10-11T04:00:00+00:00,89.58184188477452,90.725
2025-10-11T05:00:00+00:00,89.58990922413402,100.5025
2025-10-11T06:00:00+00:00,89.59417273045547,106.17750000000001
2025-10-11T07:00:00+00:00,89.59463809414454,95.5075
2025-10-11T08:00:00+00:00,89.5443912642723,86.5775
2025-10-11T09:00:00+00:00,87.92722298324284,74.4275
2025-10-11T10:00:00+00:00,80.99237220976424,63.17
2025-10-11T11:00:00+00:00,67.68349855719994,46.7725
2025-10-11T12:00:00+00:00,67.71569163865236,52.795
2025-10-11T13:00:00+00:00,67.7156916386525,70.9625
2025-10-11T14:00:00+00:00,86.71698691222986,90.81
2025-10-11T15:00:00+00:00,89.87019628111896,103.84
2025-10-11T16:00:00+00:00,90.28758885153661,121.7475
2025-10-11T17:00:00+00:00,90.28767169445486,125.7475
2025-10-11T18:00:00+00:00,90.28758885153698,114.83500000000001
2025-10-11T19:00:00+00:00,90.28719909655527,106.0675
2025-10-11T20:00:00+00:00,89.72559204569355,102.775
2025-10-11T21:00:00+00:00,89.63737185485351,93.6175
2025-10-11T22:00:00+00:00,89.63789479113723,92.33500000000001
2025-10-11T23:00:00+00:00,89.62344326437783,85.385
2025-10-12T00:00:00+00:00,89.58556806310183,84.3175
2025-10-12T01:00:00+00:00,89.58425410798932,81.405
2025-10-12T02:00:00+00:00,89.58570887840914,79.3825
2025-10-12T03:00:00+00:00,89.5896629964257,80.525
2025-10-12T04:00:00+00:00,89.5842541079893,82.4625
2025-10-12T05:00:00+00:00,89.58502605369831,87.85
2025-10-12T06:00:00+00:00,89.59060655864575,93.3275
2025-10-12T07:00:00+00:00,89.58991248799792,80.875
2025-10-12T08:00:00+00:00,89.35785425111025,70.8
2025-10-12T09:00:00+00:00,69.141401722009,60.68
2025-10-12T10:00:00+00:00,69.14140172201262,51.9775
2025-10-12T11:00:00+00:00,69.14140172200894,45.35
2025-10-12T12:00:00+00:00,69.14140172201115,54.8275
2025-10-12T13:00:00+00:00,69.14140172201833,76.19999999999999
2025-10-12T14:00:00+00:00,83.01854657590239,86.2
2025-10-12T15:00:00+00:00,90.12586475513497,106.975
2025-10-12T16:00:00+00:00,92.13885674482628,133.475
2025-10-12T17:00:00+00:00,92.1885375931409,140.0075
2025-10-12T18:00:00+00:00,92.18853562934753,120.1775
2025-10-12T19:00:00+00:00,92.18853562935429,115.165
2025-10-12T20:00:00+00:00,92.1468273699803,111.2325
2025-10-12T21:00:00+00:00,91.96523362661141,104.1175
2025-10-12T22:00:00+00:00,91.08264032003787,97.5925
2025-10-12T23:00:00+00:00,90.26116008293086,94.41
2025-10-13T00:00:00+00:00,89.96461751982734,91.4975
2025-10-13T01:00:00+00:00,90.48072105211828,91.47
2025-10-13T02:00:00+00:00,92.18853562934753,93.89750000000001
2025-10-13T03:00:00+00:00,94.03374362323282,103.825
2025-10-13T04:00:00+00:00,94.32846075260794,149.98
2025-10-13T05:00:00+00:00,96.72489122487146,261.6975
2025-10-13T06:00:00+00:00,97.0494658507073,272.25
2025-10-13T07:00:00+00:00,95.38617636372942,181.3325
2025-10-13T08:00:00+00:00,94.32846075260794,134.60750000000002
2025-10-13T09:00:00+00:00,93.6918214589604,111.3775
2025-10-13T10:00:00+00:00,89.8824669513111,100.625
2025-10-13T11:00:00+00:00,90.94066381446888,96.03999999999999
2025-10-13T12:00:00+00:00,90.79480353966856,100.65
2025-10-13T13:00:00+00:00,91.42374425049186,109.67750000000001
2025-10-13T14:00:00+00:00,93.06379526411565,133.255
2025-10-13T15:00:00+00:00,94.32846075260794,183.01999999999998
2025-10-13T16:00:00+00:00,95.38617636372942,259.3975
2025-10-13T17:00:00+00:00,97.04946585070758,356.7525
2025-10-13T18:00:00+00:00,96.72712381180284,160.6075
2025-10-13T19:00:00+00:00,94.32846075260794,128.0
2025-10-13T20:00:00+00:00,94.23533118433947,111.2225
2025-10-13T21:00:00+00:00,93.70220859440057,102.755
2025-10-13T22:00:00+00:00,92.18853562934754,103.03
2025-10-13T23:00:00+00:00,92.05860005644104,98.0525
2025-10-14T00:00:00+00:00,91.5515564069396,94.15
2025-10-14T01:00:00+00:00,91.96523362661124,94.795
2025-10-14T02:00:00+00:00,92.18853562934753,95.8625
2025-10-14T03:00:00+00:00,93.73399368126499,105.7025
2025-10-14T04:00:00+00:00,94.32846075260794,128.5975
2025-10-14T05:00:00+00:00,95.14044346385526,177.1975
2025-10-14T06:00:00+00:00,95.38617636372938,171.575
2025-10-14T07:00:00+00:00,95.14044346385319,139.98250000000002
2025-10-14T08:00:00+00:00,94.03374362323282,119.9425
2025-10-14T09:00:00+00:00,90.65109384846527,107.375
2025-10-14T10:00:00+00:00,89.69347047221731,100.8
2025-10-14T11:00:00+00:00,89.36118274646478,101.775
2025-10-14T12:00:00+00:00,89.3422807633518,99.525
2025-10-14T13:00:00+00:00,90.34314499289921,107.3525
2025-10-14T14:00:00+00:00,93.77009916524365,126.4
2025-10-14T15:00:00+00:00,94.32846075260794,185.6775
2025-10-14T16:00:00+00:00,95.14044346385165,305.76750000000004
2025-10-14T17:00:00+00:00,97.06834265437229,296.66249999999997
2025-10-14T18:00:00+00:00,97.04946585070469,199.3775
2025-10-14T19:00:00+00:00,95.14044346385242,145.7675
2025-10-14T20:00:00+00:00,94.32846075260794,131.5575
2025-10-14T21:00:00+00:00,94.03374362323282,115.1175
2025-10-14T22:00:00+00:00,94.03374362323282,109.8
2025-10-14T23:00:00+00:00,93.69528404082851,101.9975
2025-10-15T00:00:00+00:00,93.695225484189,102.395
2025-10-15T01:00:00+00:00,93.85315019875257,100.56
2025-10-15T02:00:00+00:00,94.03374362323282,103.26
2025-10-15T03:00:00+00:00,94.23533118433947,108.69749999999999
2025-10-15T04:00:00+00:00,95.1404434638531,143.86
2025-10-15T05:00:00+00:00,97.04946585070687,277.4425
2025-10-15T06:00:00+00:00,97.30651020130806,245.62
2025-10-15T07:00:00+00:00,97.04946585070728,179.54
2025-10-15T08:00:00+00:00,95.1404434638531,142.0025
2025-10-15T09:00:00+00:00,94.03374362323282,124.2
2025-10-15T10:00:00+00:00,92.18853562934753,106.66250000000001
2025-10-15T11:00:00+00:00,91.38767966382741,103.4975
2025-10-15T12:00:00+00:00,91.39246193209205,105.69
2025-10-15T13:00:00+00:00,92.18853562934756,115.275
2025-10-15T14:00:00+00:00,94.23533118433947,123.9
2025-10-15T15:00:00+00:00,94.32846075260794,166.76749999999998
2025-10-15T16:00:00+00:00,95.38617636372531,239.2825
2025-10-15T17:00:00+00:00,96.00000561745121,230.1225
2025-10-15T18:00:00+00:00,95.1404434638531,171.85500000000002
2025-10-15T19:00:00+00:00,94.32846075260794,135.15
2025-10-15T20:00:00+00:00,94.06475903296327,117.4875
2025-10-15T21:00:00+00:00,92.93355283887665,105.945
2025-10-15T22:00:00+00:00,91.22287532222434,90.28
2025-10-15T23:00:00+00:00,90.61879517370528,85.0325
2025-10-16T00:00:00+00:00,89.58972149321022,83.0325
2025-10-16T01:00:00+00:00,89.58990249123046,82.2425
2025-10-16T02:00:00+00:00,89.58793920955816,84.6575
2025-10-16T03:00:00+00:00,89.84449095898752,89.8575
2025-10-16T04:00:00+00:00,94.32846075260794,109.9525
2025-10-16T05:00:00+00:00,95.1404434638531,132.6675
2025-10-16T06:00:00+00:00,95.1404434638531,133.5375
2025-10-16T07:00:00+00:00,94.32846075260794,122.9
2025-10-16T08:00:00+00:00,93.72909809258331,106.64
2025-10-16T09:00:00+00:00,89.58652982296039,96.2975
2025-10-16T10:00:00+00:00,89.59395206568927,91.69749999999999
2025-10-16T11:00:00+00:00,88.95221581212338,87.9275
2025-10-16T12:00:00+00:00,87.26198475578673,88.21000000000001
2025-10-16T13:00:00+00:00,87.6864750716013,96.6975
2025-10-16T14:00:00+00:00,89.37553530261812,106.9375
2025-10-16T15:00:00+00:00,92.18853562934753,124.5
2025-10-16T16:00:00+00:00,94.32846075260794,143.625
2025-10-16T17:00:00+00:00,94.84208517437764,152.065
2025-10-16T18:00:00+00:00,94.32846075260794,119.8
2025-10-16T19:00:00+00:00,94.23533118433947,104.0
2025-10-16T20:00:00+00:00,92.18853562934316,94.0025
2025-10-16T21:00:00+00:00,89.73959304864809,88.6375
2025-10-16T22:00:00+00:00,89.5876191218678,95.4825
2025-10-16T23:00:00+00:00,89.58621791821257,94.565
2025-10-17T00:00:00+00:00,89.58738654633409,92.0
2025-10-17T01:00:00+00:00,89.58738654633413,87.6825
2025-10-17T02:00:00+00:00,89.58849463090961,92.0
2025-10-17T03:00:00+00:00,89.76222557468148,95.5975
2025-10-17T04:00:00+00:00,94.23533118434044,113.6275
2025-10-17T05:00:00+00:00,94.32846075260794,134.695
2025-10-17T06:00:00+00:00,95.1404434638531,144.7
2025-10-17T07:00:00+00:00,94.32846075260794,130.075
2025-10-17T08:00:00+00:00,93.75742173446775,115.19999999999999
2025-10-17T09:00:00+00:00,89.67867625017914,103.2025
2025-10-17T10:00:00+00:00,89.57679857765997,93.6025
2025-10-17T11:00:00+00:00,88.98408506589021,89.9875
2025-10-17T12:00:00+00:00,88.98406022593385,89.025
2025-10-17T13:00:00+00:00,88.98252144910383,93.8225
2025-10-17T14:00:00+00:00,89.0921383863693,102.1425
2025-10-17T15:00:00+00:00,92.18853562934754,125.55000000000001
2025-10-17T16:00:00+00:00,94.05348827648014,139.395
2025-10-17T17:00:00+00:00,94.32846075260794,143.235
2025-10-17T18:00:00+00:00,94.03374362327017,123.7025
2025-10-17T19:00:00+00:00,94.03374362323282,108.5
2025-10-17T20:00:00+00:00,92.21480585593689,104.3825
2025-10-17T21:00:00+00:00,90.0173613779966,98.4
2025-10-17T22:00:00+00:00,89.97866494151936,95.66499999999999
2025-10-17T23:00:00+00:00,89.60812834047408,91.53999999999999
2025-10-18T00:00:00+00:00,89.5907614118758,92.53999999999999
2025-10-18T01:00:00+00:00,89.65753489017753,90.56
2025-10-18T02:00:00+00:00,89.68157471908115,91.9425
2025-10-18T03:00:00+00:00,89.72944286291558,95.0425
2025-10-18T04:00:00+00:00,90.59153268526764,98.77
2025-10-18T05:00:00+00:00,92.08611103908738,109.86
2025-10-18T06:00:00+00:00,93.14342491910767,109.4025
2025-10-18T07:00:00+00:00,92.07986917061106,102.055
2025-10-18T08:00:00+00:00,89.58965369099276,98.5975
2025-10-18T09:00:00+00:00,82.61662778020582,82.36500000000001
2025-10-18T10:00:00+00:00,69.14140172201061,75.7
2025-10-18T11:00:00+00:00,60.19026266011622,70.69749999999999
2025-10-18T12:00:00+00:00,56.98602945261203,72.3925
2025-10-18T13:00:00+00:00,64.75077734511801,85.675
2025-10-18T14:00:00+00:00,67.39856871654175,98.3275
2025-10-18T15:00:00+00:00,88.9233751990369,125.1
2025-10-18T16:00:00+00:00,92.18853562934751,145.375
2025-10-18T17:00:00+00:00,93.12519694809106,134.81
2025-10-18T18:00:00+00:00,92.18853562934751,118.7275
2025-10-18T19:00:00+00:00,92.18853562934751,105.5
2025-10-18T20:00:00+00:00,91.96523362661125,96.69749999999999
2025-10-18T21:00:00+00:00,90.5397025497193,88.65
2025-10-18T22:00:00+00:00,88.70290868526052,92.3025
2025-10-18T23:00:00+00:00,87.79423966702112,87.8775
2025-10-19T00:00:00+00:00,85.9393992702171,84.67
2025-10-19T01:00:00+00:00,85.76418566875692,82.2875
2025-10-19T02:00:00+00:00,86.36944723899367,82.565
2025-10-19T03:00:00+00:00,85.15460224514281,83.3
2025-10-19T04:00:00+00:00,86.36516574227892,83.9
2025-10-19T05:00:00+00:00,86.3714015645509,84.9175
2025-10-19T06:00:00+00:00,86.36516574227888,83.6
2025-10-19T07:00:00+00:00,85.252668325464,79.2175
2025-10-19T08:00:00+00:00,76.72915649289388,76.4
2025-10-19T09:00:00+00:00,47.75982506611985,65.9975
2025-10-19T10:00:00+00:00,41.92282612898483,49.9325
2025-10-19T11:00:00+00:00,22.508340630007208,28.2025
2025-10-19T12:00:00+00:00,12.895523509476641,41.1025
2025-10-19T13:00:00+00:00,19.979914529914527,52.24
2025-10-19T14:00:00+00:00,32.547991596180175,73.4575
2025-10-19T15:00:00+00:00,47.602836793228676,89.4075
2025-10-19T16:00:00+00:00,63.491452105987285,99.9175
2025-10-19T17:00:00+00:00,66.56270877108567,92.57
2025-10-19T18:00:00+00:00,63.47044905763825,57.8025
2025-10-19T19:00:00+00:00,63.47044905763825,60.0125
2025-10-19T20:00:00+00:00,63.47044905763825,54.4975
2025-10-19T21:00:00+00:00,65.46078551976666,41.8175
2025-10-19T22:00:00+00:00,66.6943695154989,42.925
2025-10-19T23:00:00+00:00,65.91251516767532,38.125
2025-10-20T00:00:00+00:00,75.84749601460634,36.5
2025-10-20T01:00:00+00:00,75.36475779922526,33.4
2025-10-20T02:00:00+00:00,75.36071158871373,37.725
2025-10-20T03:00:00+00:00,78.62104516072364,50.5
2025-10-20T04:00:00+00:00,80.99237220976424,79.345
2025-10-20T05:00:00+00:00,84.32141134640743,103.425
2025-10-20T06:00:00+00:00,87.6864750716012,92.0025
2025-10-20T07:00:00+00:00,87.5749598127283,97.25
2025-10-20T08:00:00+00:00,80.8037044198895,90.80250000000001
2025-10-20T09:00:00+00:00,63.774211773464884,99.2
2025-10-20T10:00:00+00:00,64.42281303374492,96.8625
2025-10-20T11:00:00+00:00,59.82647469142166,95.0975
2025-10-20T12:00:00+00:00,59.82552263600545,95.995
2025-10-20T13:00:00+00:00,64.42281303374492,100.16
2025-10-20T14:00:00+00:00,74.6459071440313,95.65
2025-10-20T15:00:00+00:00,81.84676593160256,105.36
2025-10-20T16:00:00+00:00,85.89708404499324,111.53750000000001
2025-10-20T17:00:00+00:00,86.09704179326705,102.9075
2025-10-20T18:00:00+00:00,85.89708404499325,99.35
2025-10-20T19:00:00+00:00,81.80834980909131,74.375
2025-10-20T20:00:00+00:00,73.28597802975683,56.3
2025-10-20T21:00:00+00:00,57.59234787627974,37.1975
2025-10-20T22:00:00+00:00,72.1896313596926,45.1225
2025-10-20T23:00:00+00:00,55.80148894892981,27.16
2025-10-21T00:00:00+00:00,58.53026540303539,25.395000000000003
2025-10-21T01:00:00+00:00,55.861775715196856,18.3875
2025-10-21T02:00:00+00:00,55.85748962733612,26.29
2025-10-21T03:00:00+00:00,58.530265403035415,30.57
2025-10-21T04:00:00+00:00,61.986898214991506,68.2425
2025-10-21T05:00:00+00:00,76.89960194406888,85.1975
2025-10-21T06:00:00+00:00,78.70918528719591,91.345
2025-10-21T07:00:00+00:00,78.04035387071386,78.8925
2025-10-21T08:00:00+00:00,74.88492626207604,69.085
2025-10-21T09:00:00+00:00,46.56340938779557,56.07
2025-10-21T10:00:00+00:00,46.56340938779559,42.55
2025-10-21T11:00:00+00:00,20.41331893792392,31.8375
2025-10-21T12:00:00+00:00,19.979914529917156,36.910000000000004
2025-10-21T13:00:00+00:00,20.179071574223105,59.8075
2025-10-21T14:00:00+00:00,41.92024914856181,73.015
2025-10-21T15:00:00+00:00,61.31770236995355,104.545
2025-10-21T16:00:00+00:00,80.51546930445319,123.21000000000001
2025-10-21T17:00:00+00:00,86.71698691215657,114.8
2025-10-21T18:00:00+00:00,81.8164444787599,100.46
2025-10-21T19:00:00+00:00,81.08572768504929,87.9675
2025-10-21T20:00:00+00:00,80.58314396255591,80.36500000000001
2025-10-21T21:00:00+00:00,79.50296075399034,70.8125
2025-10-21T22:00:00+00:00,78.97071132994513,72.52250000000001
2025-10-21T23:00:00+00:00,78.97071132988829,71.53999999999999
2025-10-22T00:00:00+00:00,83.70446313825332,70.025
2025-10-22T01:00:00+00:00,83.71373307643931,72.375
2025-10-22T02:00:00+00:00,85.43554635554213,77.58500000000001
2025-10-22T03:00:00+00:00,88.25406749229369,84.125
2025-10-22T04:00:00+00:00,92.35163292994922,94.35
2025-10-22T05:00:00+00:00,94.03374362323282,116.2975
2025-10-22T06:00:00+00:00,94.32846075260794,128.9425
2025-10-22T07:00:00+00:00,94.03374362323282,124.8975
2025-10-22T08:00:00+00:00,90.18595726742451,116.3975
2025-10-22T09:00:00+00:00,89.58403897801755,107.8025
2025-10-22T10:00:00+00:00,89.38426683889739,107.6
2025-10-22T11:00:00+00:00,88.15344162509184,106.2125
2025-10-22T12:00:00+00:00,87.6864750716012,107.5975
2025-10-22T13:00:00+00:00,88.71595083615951,115.0025
2025-10-22T14:00:00+00:00,90.32336934171984,122.09
2025-10-22T15:00:00+00:00,94.32846075260784,169.51749999999998
2025-10-22T16:00:00+00:00,95.32297879933013,293.11749999999995
2025-10-22T17:00:00+00:00,98.63942129066677,266.27750000000003
2025-10-22T18:00:00+00:00,98.1897517335524,170.27
2025-10-22T19:00:00+00:00,95.38617636372942,132.6975
2025-10-22T20:00:00+00:00,95.14044346385299,116.7825
2025-10-22T21:00:00+00:00,94.32846075260794,105.175
2025-10-22T22:00:00+00:00,94.03374362323274,106.9975
2025-10-22T23:00:00+00:00,91.62806900908421,97.66
2025-10-23T00:00:00+00:00,87.6864750716012,90.5
2025-10-23T01:00:00+00:00,84.3869798228924,86.9025
2025-10-23T02:00:00+00:00,82.18543994525979,74.11
2025-10-23T03:00:00+00:00,81.94551500060676,67.82
2025-10-23T04:00:00+00:00,81.00224193044825,82.2475
2025-10-23T05:00:00+00:00,80.9923722097652,85.19749999999999
2025-10-23T06:00:00+00:00,82.55099688237902,88.095
2025-10-23T07:00:00+00:00,81.51278491335813,83.1175
2025-10-23T08:00:00+00:00,50.75125920415795,80.21000000000001
2025-10-23T09:00:00+00:00,48.816323344400956,76.85249999999999
2025-10-23T10:00:00+00:00,65.08843112586793,73.0575
2025-10-23T11:00:00+00:00,49.16272385026731,61.93
2025-10-23T12:00:00+00:00,36.18911471406729,59.0275
2025-10-23T13:00:00+00:00,48.632216338069654,73.71000000000001
2025-10-23T14:00:00+00:00,48.81632334440095,78.565
2025-10-23T15:00:00+00:00,48.544618778183874,91.1175
2025-10-23T16:00:00+00:00,70.38769303632452,96.155
2025-10-23T17:00:00+00:00,78.24298834677728,80.39750000000001
2025-10-23T18:00:00+00:00,65.08843112586794,80.6
2025-10-23T19:00:00+00:00,49.14142602204062,68.4525
2025-10-23T20:00:00+00:00,36.01796040360203,56.51
2025-10-23T21:00:00+00:00,32.51887009208629,36.2375
2025-10-23T22:00:00+00:00,32.518870092086246,18.11
2025-10-23T23:00:00+00:00,23.303816437092056,10.795
2025-10-24T00:00:00+00:00,19.381793747878596,5.415
2025-10-24T01:00:00+00:00,19.3817937478786,5.415
2025-10-24T02:00:00+00:00,19.3817937478786,5.592499999999999
2025-10-24T03:00:00+00:00,19.381793747878596,14.2025
2025-10-24T04:00:00+00:00,21.655248229069002,39.44
2025-10-24T05:00:00+00:00,25.842391663838136,66.6
2025-10-24T06:00:00+00:00,35.930899999999994,76.8
2025-10-24T07:00:00+00:00,34.11609277455175,72.2975
2025-10-24T08:00:00+00:00,25.842391663838136,44.22
2025-10-24T09:00:00+00:00,14.984935897436117,18.245
2025-10-24T10:00:00+00:00,8.675291101278589,6.619999999999999
2025-10-24T11:00:00+00:00,-0.0,2.62
2025-10-24T12:00:00+00:00,-0.0,1.75
2025-10-24T13:00:00+00:00,-0.0,2.5175
2025-10-24T14:00:00+00:00,-0.0,9.73
2025-10-24T15:00:00+00:00,13.093387050762555,48.0375
2025-10-24T16:00:00+00:00,19.979914529914822,70.89750000000001
2025-10-24T17:00:00+00:00,28.41005547204592,54.3725
2025-10-24T18:00:00+00:00,20.180743867980503,48.325
2025-10-24T19:00:00+00:00,19.979914529914822,25.6425
2025-10-24T20:00:00+00:00,19.979914529914822,17.052500000000002
2025-10-24T21:00:00+00:00,19.979914529914524,7.3375
2025-10-24T22:00:00+00:00,19.9799145299145,2.4
2025-10-24T23:00:00+00:00,19.979914529914524,1.4
2025-10-25T00:00:00+00:00,19.979914529914524,2.19
2025-10-25T01:00:00+00:00,19.979914529914524,0.6950000000000001
2025-10-25T02:00:00+00:00,19.979914529914524,1.5075
2025-10-25T03:00:00+00:00,19.979914529914524,0.4024999999999999
2025-10-25T04:00:00+00:00,19.979914529914524,0.6975
2025-10-25T05:00:00+00:00,19.979914529914524,-1.0000000000000009
2025-10-25T06:00:00+00:00,21.645689719560927,9.985
2025-10-25T07:00:00+00:00,20.21801336529556,18.3275
2025-10-25T08:00:00+00:00,19.036535057432474,9.087500000000002
2025-10-25T09:00:00+00:00,7.463996528820839,10.1575
2025-10-25T10:00:00+00:00,7.572683331009508,2.9625
2025-10-25T11:00:00+00:00,19.979914529914527,2.5
2025-10-25T12:00:00+00:00,19.979914529914524,2.4
2025-10-25T13:00:00+00:00,17.508689817565596,4.93
2025-10-25T14:00:00+00:00,1.373753961661734,14.8225
2025-10-25T15:00:00+00:00,19.979914529914524,46.325
2025-10-25T16:00:00+00:00,28.76636343774149,62.0975
2025-10-25T17:00:00+00:00,30.222575620289838,60.275
2025-10-25T18:00:00+00:00,29.120525305833876,47.055
2025-10-25T19:00:00+00:00,28.767370120239747,38.35
2025-10-25T20:00:00+00:00,28.76636343774149,32.125
2025-10-25T21:00:00+00:00,28.76636343774163,14.360000000000001
2025-10-25T22:00:00+00:00,28.76636343774163,17.0025
2025-10-25T23:00:00+00:00,21.36360191699802,6.55
2025-10-26T00:00:00+00:00,21.350645503137766,-1.7000000000000002
2025-10-26T01:00:00+00:00,20.179071574532003,2.625
2025-10-26T02:00:00+00:00,19.979914529914524,0.20000000000000004
2025-10-26T03:00:00+00:00,19.979914529914527,-1.75
2025-10-26T04:00:00+00:00,19.97991452991453,-6.2325
2025-10-26T05:00:00+00:00,19.979914529914524,-7.1
2025-10-26T06:00:00+00:00,19.979914529914527,0.6000000000000002
2025-10-26T07:00:00+00:00,19.979914529914524,2.95
2025-10-26T08:00:00+00:00,13.554467296982125,-1.5999999999999999
2025-10-26T09:00:00+00:00,-0.0,-0.7375
2025-10-26T10:00:00+00:00,-0.0,-0.8750000000000001
2025-10-26T11:00:00+00:00,-0.0,-3.1875
2025-10-26T12:00:00+00:00,-0.0,-1.1
2025-10-26T13:00:00+00:00,-0.0,3.625
2025-10-26T14:00:00+00:00,1.758629878195741,13.6
2025-10-26T15:00:00+00:00,1.2696372704250152,14.95
2025-10-26T16:00:00+00:00,20.17926632036115,24.4
2025-10-26T17:00:00+00:00,21.55655872798078,39.485
2025-10-26T18:00:00+00:00,20.978000351244006,43.49
2025-10-26T19:00:00+00:00,20.735766410470198,17.997500000000002
2025-10-26T20:00:00+00:00,20.1747430210123,14.91
2025-10-26T21:00:00+00:00,19.979914529914524,12.575
2025-10-26T22:00:00+00:00,19.979914529914527,9.3575
2025-10-26T23:00:00+00:00,19.181840638339327,6.76
2025-10-27T00:00:00+00:00,19.538609358727214,1.9024999999999999
2025-10-27T01:00:00+00:00,18.930408861962256,1.2075
2025-10-27T02:00:00+00:00,18.930408861962256,1.21
2025-10-27T03:00:00+00:00,19.97991452991453,6.4
2025-10-27T04:00:00+00:00,20.437413077687253,21.9975
2025-10-27T05:00:00+00:00,49.21871707555782,73.5125
2025-10-27T06:00:00+00:00,76.77624867521124,88.2375
2025-10-27T07:00:00+00:00,79.21199896261876,90.1225
2025-10-27T08:00:00+00:00,76.77624867521124,91.5975
2025-10-27T09:00:00+00:00,76.62418724522666,81.03
2025-10-27T10:00:00+00:00,82.73003507037616,86.2975
2025-10-27T11:00:00+00:00,72.5970151713673,86.39750000000001
2025-10-27T12:00:00+00:00,49.423170412244396,86.2
2025-10-27T13:00:00+00:00,49.00358416348341,80.5
2025-10-27T14:00:00+00:00,49.00358416348344,84.5975
2025-10-27T15:00:00+00:00,52.38270707975806,91.0125
2025-10-27T16:00:00+00:00,81.02370605258055,100.7375
2025-10-27T17:00:00+00:00,87.61798310342405,114.075
2025-10-27T18:00:00+00:00,87.60024390556744,108.505
2025-10-27T19:00:00+00:00,80.8037044198895,85.8025
2025-10-27T20:00:00+00:00,80.8037044198895,70.425
2025-10-27T21:00:00+00:00,80.72254496784028,60.7525
2025-10-27T22:00:00+00:00,70.25917982990751,49.7
2025-10-27T23:00:00+00:00,33.68108987882161,34.41
2025-10-28T00:00:00+00:00,35.9309000000001,22.9075
2025-10-28T01:00:00+00:00,35.930899999999106,15.8225
2025-10-28T02:00:00+00:00,35.930899999997884,11.6425
2025-10-28T03:00:00+00:00,37.59166628559932,11.602500000000001
2025-10-28T04:00:00+00:00,38.27154922800112,21.57
2025-10-28T05:00:00+00:00,80.99237220976424,61.105000000000004
2025-10-28T06:00:00+00:00,71.91013511434254,85.69
2025-10-28T07:00:00+00:00,80.80370441989139,88.7975
2025-10-28T08:00:00+00:00,58.97998067263147,84.93
2025-10-28T09:00:00+00:00,51.64545871346011,80.7975
2025-10-28T10:00:00+00:00,50.057061955273376,73.0975
2025-10-28T11:00:00+00:00,40.02945034081891,65.1925
2025-10-28T12:00:00+00:00,35.93089999999995,60.045
2025-10-28T13:00:00+00:00,22.38983381682591,64.1425
2025-10-28T14:00:00+00:00,23.601508188313822,70.9325
2025-10-28T15:00:00+00:00,37.84831830466679,85.7475
2025-10-28T16:00:00+00:00,68.59305591177474,96.0025
2025-10-28T17:00:00+00:00,86.88003268317323,104.0025
2025-10-28T18:00:00+00:00,86.98273057086446,101.7625
2025-10-28T19:00:00+00:00,86.71698691222986,94.4375
2025-10-28T20:00:00+00:00,67.87834645984628,83.17
2025-10-28T21:00:00+00:00,86.83855880853517,75.53
2025-10-28T22:00:00+00:00,86.71698691223003,64.4625
2025-10-28T23:00:00+00:00,43.96008379149778,55.435
2025-10-29T00:00:00+00:00,67.2088870836819,50.25
2025-10-29T01:00:00+00:00,70.06011417738056,49.075
2025-10-29T02:00:00+00:00,80.8037044198895,48.5325
2025-10-29T03:00:00+00:00,84.22480637302252,55.2025
2025-10-29T04:00:00+00:00,88.17025787036573,72.0
2025-10-29T05:00:00+00:00,88.97220721950762,89.4675
2025-10-29T06:00:00+00:00,89.59822015946082,108.1725
2025-10-29T07:00:00+00:00,89.56938687866067,106.2975
2025-10-29T08:00:00+00:00,88.82609927112735,95.215
2025-10-29T09:00:00+00:00,88.36194610421558,86.0025
2025-10-29T10:00:00+00:00,88.04137260645089,81.0
2025-10-29T11:00:00+00:00,66.72915541463071,78.8775
2025-10-29T12:00:00+00:00,67.20888708368192,84.0025
2025-10-29T13:00:00+00:00,87.97175318782483,94.9725
2025-10-29T14:00:00+00:00,88.41966935977015,114.975
2025-10-29T15:00:00+00:00,89.43642692758347,125.2
2025-10-29T16:00:00+00:00,89.61184944490861,132.26
2025-10-29T17:00:00+00:00,89.6118494449089,130.0
2025-10-29T18:00:00+00:00,89.6118494449086,119.10249999999999
2025-10-29T19:00:00+00:00,89.6118494449092,103.28999999999999
2025-10-29T20:00:00+00:00,89.60167721567609,97.77
2025-10-29T21:00:00+00:00,89.11955287326866,93.3875
2025-10-29T22:00:00+00:00,88.97220721950762,84.68
2025-10-29T23:00:00+00:00,88.41545673658891,71.935
2025-10-30T00:00:00+00:00,86.72997343669022,68.4
2025-10-30T01:00:00+00:00,86.64655820205424,62.5125
2025-10-30T02:00:00+00:00,80.99237220976424,56.0
2025-10-30T03:00:00+00:00,75.0121386224591,47.6575
2025-10-30T04:00:00+00:00,80.8037044198896,54.79
2025-10-30T05:00:00+00:00,87.68647507160102,76.4025
2025-10-30T06:00:00+00:00,87.86034671516832,98.65
2025-10-30T07:00:00+00:00,87.86305673662321,97.31
2025-10-30T08:00:00+00:00,87.68647507160043,73.3125
2025-10-30T09:00:00+00:00,62.81711253904811,43.2025
2025-10-30T10:00:00+00:00,33.05019873438138,16.615
2025-10-30T11:00:00+00:00,12.41192882510444,10.195
2025-10-30T12:00:00+00:00,1.7079346968243048,14.175
2025-10-30T13:00:00+00:00,11.960518399283938,49.955
2025-10-30T14:00:00+00:00,52.648892376045225,87.1975
2025-10-30T15:00:00+00:00,80.99237220976472,114.28
2025-10-30T16:00:00+00:00,89.58151730578633,133.4675
2025-10-30T17:00:00+00:00,89.7865305772601,135.76999999999998
2025-10-30T18:00:00+00:00,89.92608523860586,123.96000000000001
2025-10-30T19:00:00+00:00,89.74178266783655,115.42500000000001
2025-10-30T20:00:00+00:00,89.60651611060966,105.9575
2025-10-30T21:00:00+00:00,89.6049797294545,99.1275
2025-10-30T22:00:00+00:00,89.54471953305172,91.0
2025-10-30T23:00:00+00:00,88.70679300800938,88.2025
2025-10-31T00:00:00+00:00,88.75464634146333,87.4
2025-10-31T01:00:00+00:00,88.42593231014142,84.315
2025-10-31T02:00:00+00:00,89.10483589878844,82.0
2025-10-31T03:00:00+00:00,89.105385275169,81.3
2025-10-31T04:00:00+00:00,89.10964355712586,85.69749999999999
2025-10-31T05:00:00+00:00,93.31041156242851,100.2
2025-10-31T06:00:00+00:00,93.85315019875264,114.27
2025-10-31T07:00:00+00:00,91.56051367014626,102.22
2025-10-31T08:00:00+00:00,89.47225761213058,89.5975
2025-10-31T09:00:00+00:00,84.90691561939035,77.14
2025-10-31T10:00:00+00:00,84.0689459346633,77.86
2025-10-31T11:00:00+00:00,80.4157190396441,79.33749999999999
2025-10-31T12:00:00+00:00,79.23676923242571,81.4425
2025-10-31T13:00:00+00:00,81.68420345950624,87.455
2025-10-31T14:00:00+00:00,85.24787514569785,101.7375
2025-10-31T15:00:00+00:00,90.19670556410976,115.41
2025-10-31T16:00:00+00:00,94.03374362323282,121.245
2025-10-31T17:00:00+00:00,89.663625263042,116.0125
2025-10-31T18:00:00+00:00,88.7783705010319,99.0925
2025-10-31T19:00:00+00:00,89.9473733568502,95.9975
2025-10-31T20:00:00+00:00,90.29663174432375,86.0025
2025-10-31T21:00:00+00:00,87.24083144940954,79.0
2025-10-31T22:00:00+00:00,85.93812068055567,76.035
2025-10-31T23:00:00+00:00,85.95104781845905,65.0
2025-11-01T00:00:00+00:00,83.30143080090212,56.5525
2025-11-01T01:00:00+00:00,81.49541102842473,47.265
2025-11-01T02:00:00+00:00,81.49541102842474,50.9125
2025-11-01T03:00:00+00:00,80.99237220976339,48.1025
2025-11-01T04:00:00+00:00,80.99237220976403,50.1975
2025-11-01T05:00:00+00:00,81.070746960679,51.66
2025-11-01T06:00:00+00:00,81.0710039645318,52.6475
2025-11-01T07:00:00+00:00,79.87525641571887,44.48
2025-11-01T08:00:00+00:00,53.25284303887182,29.119999999999997
2025-11-01T09:00:00+00:00,35.53655432868504,18.8125
2025-11-01T10:00:00+00:00,35.9309,23.2875
2025-11-01T11:00:00+00:00,24.482662990688624,30.0275
2025-11-01T12:00:00+00:00,35.66553057550689,41.46
2025-11-01T13:00:00+00:00,35.930899999999916,47.9975
2025-11-01T14:00:00+00:00,55.178025495507384,62.4975
2025-11-01T15:00:00+00:00,79.6731311510508,72.04
2025-11-01T16:00:00+00:00,82.32598374331361,83.5975
2025-11-01T17:00:00+00:00,86.37479767824112,90.92750000000001
2025-11-01T18:00:00+00:00,85.62394454028258,85.5
2025-11-01T19:00:00+00:00,86.6278913722921,80.25999999999999
2025-11-01T20:00:00+00:00,85.63999021223324,76.5
2025-11-01T21:00:00+00:00,82.22871038918765,74.8025
2025-11-01T22:00:00+00:00,82.2287103891875,68.5
2025-11-01T23:00:00+00:00,82.22871038918751,67.6
2025-11-02T00:00:00+00:00,80.9923722097643,64.2
2025-11-02T01:00:00+00:00,80.99237220976423,63.28
2025-11-02T02:00:00+00:00,79.88798761607134,63.447500000000005
2025-11-02T03:00:00+00:00,79.88798761607134,64.935
2025-11-02T04:00:00+00:00,80.99237220976424,68.0175
2025-11-02T05:00:00+00:00,82.6360313880966,76.2
2025-11-02T06:00:00+00:00,83.97739150389215,78.95750000000001
2025-11-02T07:00:00+00:00,85.63999021223336,81.13
2025-11-02T08:00:00+00:00,85.63999021223334,83.9
2025-11-02T09:00:00+00:00,83.90319875712683,82.79249999999999
2025-11-02T10:00:00+00:00,86.71698691222986,82.0825
2025-11-02T11:00:00+00:00,82.57461883647622,80.6275
2025-11-02T12:00:00+00:00,82.57461883647628,83.2575
2025-11-02T13:00:00+00:00,82.75055870539428,87.76
2025-11-02T14:00:00+00:00,85.71718098909918,99.2275
2025-11-02T15:00:00+00:00,90.32171547883125,109.785
2025-11-02T16:00:00+00:00,92.11609460736925,119.525
2025-11-02T17:00:00+00:00,91.82873793595606,118.63
2025-11-02T18:00:00+00:00,90.0296133709466,108.9775
2025-11-02T19:00:00+00:00,90.09959503167202,100.6625
2025-11-02T20:00:00+00:00,90.02961337094104,95.3075
2025-11-02T21:00:00+00:00,88.20451712429637,89.3825
2025-11-02T22:00:00+00:00,87.83605695930837,83.45
2025-11-02T23:00:00+00:00,87.98392248633559,70.3725
2025-11-03T00:00:00+00:00,86.54488954130778,69.82000000000001
2025-11-03T01:00:00+00:00,86.38235182469052,67.5325
2025-11-03T02:00:00+00:00,86.12116040903594,67.6275
2025-11-03T03:00:00+00:00,86.22444126994908,69.49
2025-11-03T04:00:00+00:00,88.2047624190788,77.0175
2025-11-03T05:00:00+00:00,89.74576723627104,89.9025
2025-11-03T06:00:00+00:00,91.82873793595607,113.9975
2025-11-03T07:00:00+00:00,91.81774261985599,101.07
2025-11-03T08:00:00+00:00,88.47063463336134,92.2975
2025-11-03T09:00:00+00:00,74.05917052639995,80.2675
2025-11-03T10:00:00+00:00,71.9627114647601,76.72
2025-11-03T11:00:00+00:00,55.82331518252662,75.0
2025-11-03T12:00:00+00:00,61.41432982031107,72.18
2025-11-03T13:00:00+00:00,66.26481582283856,76.1825
2025-11-03T14:00:00+00:00,73.34600077812256,83.4025
2025-11-03T15:00:00+00:00,88.35308776378453,97.805
2025-11-03T16:00:00+00:00,88.75464634146363,100.6225
2025-11-03T17:00:00+00:00,88.35308776378476,100.13250000000001
2025-11-03T18:00:00+00:00,88.35293496552688,90.0
2025-11-03T19:00:00+00:00,88.35308776378476,86.33
2025-11-03T20:00:00+00:00,88.00848851433364,74.3
2025-11-03T21:00:00+00:00,87.4308686497433,66.07
2025-11-03T22:00:00+00:00,86.71698691222997,55.565
2025-11-03T23:00:00+00:00,80.99237220976424,40.2
2025-11-04T00:00:00+00:00,74.89605399239485,36.4525
2025-11-04T01:00:00+00:00,74.90207571487726,32.67
2025-11-04T02:00:00+00:00,74.90207571487726,34.1925
2025-11-04T03:00:00+00:00,79.88725039549598,54.932500000000005
2025-11-04T04:00:00+00:00,83.01620370081604,66.085
2025-11-04T05:00:00+00:00,88.50467726610913,98.7975
2025-11-04T06:00:00+00:00,91.82873793595607,119.4125
2025-11-04T07:00:00+00:00,91.82873793595607,105.3125
2025-11-04T08:00:00+00:00,87.61544744116522,81.4725
2025-11-04T09:00:00+00:00,79.87526458853768,71.1925
2025-11-04T10:00:00+00:00,67.52221002821082,68.305
2025-11-04T11:00:00+00:00,37.752831846216324,67.7475
2025-11-04T12:00:00+00:00,35.9309,67.55
2025-11-04T13:00:00+00:00,46.98522436906386,76.3625
2025-11-04T14:00:00+00:00,67.52221002821082,103.775
2025-11-04T15:00:00+00:00,86.71698691222986,124.9275
2025-11-04T16:00:00+00:00,90.02961337094779,129.27
2025-11-04T17:00:00+00:00,90.0296133709466,123.8475
2025-11-04T18:00:00+00:00,90.02961337094777,105.2925
2025-11-04T19:00:00+00:00,90.02961337094777,98.4375
2025-11-04T20:00:00+00:00,89.81188825818425,87.78
2025-11-04T21:00:00+00:00,85.63999021223336,79.85
2025-11-04T22:00:00+00:00,85.63999021223336,70.1925
2025-11-04T23:00:00+00:00,76.65866119810475,71.7
2025-11-05T00:00:00+00:00,74.88836252567596,67.79
2025-11-05T01:00:00+00:00,74.82382369593684,69.0
2025-11-05T02:00:00+00:00,74.82382369593786,68.9
2025-11-05T03:00:00+00:00,79.54292748778485,72.9925
2025-11-05T04:00:00+00:00,86.63204009195019,81.18
2025-11-05T05:00:00+00:00,91.38211534451675,99.4825
2025-11-05T06:00:00+00:00,91.89351616264838,118.795
2025-11-05T07:00:00+00:00,90.24358492744507,107.3475
2025-11-05T08:00:00+00:00,87.36568855789565,87.9275
2025-11-05T09:00:00+00:00,69.06693676393814,73.95
2025-11-05T10:00:00+00:00,60.27311354063102,66.755
2025-11-05T11:00:00+00:00,37.67203207955535,65.57249999999999
2025-11-05T12:00:00+00:00,35.93090000000001,77.37
2025-11-05T13:00:00+00:00,57.294960454506224,90.6
2025-11-05T14:00:00+00:00,79.31186678511835,108.905
2025-11-05T15:00:00+00:00,90.73005200066845,143.51
2025-11-05T16:00:00+00:00,92.0892490185788,156.815
2025-11-05T17:00:00+00:00,92.11609460736925,145.5825
2025-11-05T18:00:00+00:00,92.08924901858309,134.345
2025-11-05T19:00:00+00:00,92.08924901858472,121.675
2025-11-05T20:00:00+00:00,92.08924901858472,107.7875
2025-11-05T21:00:00+00:00,89.30742775745571,100.42
2025-11-05T22:00:00+00:00,88.69806872838093,91.6375
2025-11-05T23:00:00+00:00,88.03854034269082,85.3025
2025-11-06T00:00:00+00:00,88.75464634146343,86.1275
2025-11-06T01:00:00+00:00,88.4882756651402,85.37
2025-11-06T02:00:00+00:00,89.81188825818421,85.42
2025-11-06T03:00:00+00:00,91.46524506172808,88.5675
2025-11-06T04:00:00+00:00,91.82873793595607,94.08
2025-11-06T05:00:00+00:00,92.11609460736925,113.7
2025-11-06T06:00:00+00:00,93.3987139363134,145.01
2025-11-06T07:00:00+00:00,93.81116593951714,115.6775
2025-11-06T08:00:00+00:00,89.8509539016479,99.9
2025-11-06T09:00:00+00:00,87.63646354199216,84.0625
2025-11-06T10:00:00+00:00,87.45422423577361,82.5
2025-11-06T11:00:00+00:00,86.71698691222984,84.3075
2025-11-06T12:00:00+00:00,86.36038183012016,87.89
2025-11-06T13:00:00+00:00,86.90664666217978,104.97
2025-11-06T14:00:00+00:00,87.61009810192614,123.68
2025-11-06T15:00:00+00:00,91.82873793595607,157.3075
2025-11-06T16:00:00+00:00,95.14044346385315,173.5425
2025-11-06T17:00:00+00:00,95.1404434638531,149.7
2025-11-06T18:00:00+00:00,93.14739413840792,130.1125
2025-11-06T19:00:00+00:00,92.3877567965894,120.8
2025-11-06T20:00:00+00:00,92.11609460736925,108.8475
2025-11-06T21:00:00+00:00,91.82873793595604,100.8275
2025-11-06T22:00:00+00:00,91.22124680262229,95.6
2025-11-06T23:00:00+00:00,89.84961028117631,92.96
2025-11-07T00:00:00+00:00,89.31309539202033,93.09
2025-11-07T01:00:00+00:00,89.26006479850719,92.65
2025-11-07T02:00:00+00:00,89.30756077370987,92.16
2025-11-07T03:00:00+00:00,89.81188825818394,93.53
2025-11-07T04:00:00+00:00,91.82873793595607,97.03
2025-11-07T05:00:00+00:00,93.42591292831617,119.1975
2025-11-07T06:00:00+00:00,95.25867809326432,141.635
2025-11-07T07:00:00+00:00,96.83248988591649,131.94
2025-11-07T08:00:00+00:00,92.08924901858643,106.27
2025-11-07T09:00:00+00:00,88.88243470244986,96.28999999999999
2025-11-07T10:00:00+00:00,87.6453269649894,89.66
2025-11-07T11:00:00+00:00,87.5183643433752,86.8775
2025-11-07T12:00:00+00:00,87.52208698600347,89.7675
2025-11-07T13:00:00+00:00,87.52605490052251,101.6475
2025-11-07T14:00:00+00:00,88.75464634146333,130.365
2025-11-07T15:00:00+00:00,93.14739413840806,164.6175
2025-11-07T16:00:00+00:00,97.04946585070729,189.39
2025-11-07T17:00:00+00:00,97.0494658507073,172.0
2025-11-07T18:00:00+00:00,97.0494658507073,135.79
2025-11-07T19:00:00+00:00,95.86080941323354,125.6275
2025-11-07T20:00:00+00:00,95.1404434638532,111.47500000000001
2025-11-07T21:00:00+00:00,93.30446641682764,108.39750000000001
2025-11-07T22:00:00+00:00,92.11609460736925,101.9975
2025-11-07T23:00:00+00:00,91.82873793595607,93.8675
2025-11-08T00:00:00+00:00,91.82873793595621,89.91
2025-11-08T01:00:00+00:00,91.57401126148909,89.88
2025-11-08T02:00:00+00:00,91.56298495944513,89.94
2025-11-08T03:00:00+00:00,91.55398425860342,89.9075
2025-11-08T04:00:00+00:00,91.55155640693945,91.7325
2025-11-08T05:00:00+00:00,92.11609460736925,99.04
2025-11-08T06:00:00+00:00,93.14739413849696,108.1375
2025-11-08T07:00:00+00:00,93.77240739530237,107.8025
2025-11-08T08:00:00+00:00,92.11609460736925,102.3475
2025-11-08T09:00:00+00:00,91.49167198051957,96.1325
2025-11-08T10:00:00+00:00,90.0296133709466,93.54
2025-11-08T11:00:00+00:00,89.30153663084076,93.4
2025-11-08T12:00:00+00:00,89.56756816218208,97.16
2025-11-08T13:00:00+00:00,90.36296643196829,101.455
2025-11-08T14:00:00+00:00,92.0252909177284,120.7025
2025-11-08T15:00:00+00:00,93.96182209038069,134.0725
2025-11-08T16:00:00+00:00,97.0494658507073,145.47
2025-11-08T17:00:00+00:00,97.0494658507073,139.4025
2025-11-08T18:00:00+00:00,95.14044346385162,124.5275
2025-11-08T19:00:00+00:00,95.14044346385379,123.235
2025-11-08T20:00:00+00:00,93.14739413841359,110.16499999999999
2025-11-08T21:00:00+00:00,92.11609460736925,100.0975
2025-11-08T22:00:00+00:00,91.93303291513178,91.9725
2025-11-08T23:00:00+00:00,91.82873793595607,95.9
2025-11-09T00:00:00+00:00,90.0296133709466,93.99
2025-11-09T01:00:00+00:00,89.81188825818424,93.255
2025-11-09T02:00:00+00:00,89.81188825818428,93.0375
2025-11-09T03:00:00+00:00,89.81188825818428,92.9175
2025-11-09T04:00:00+00:00,90.0296133709466,93.30250000000001
2025-11-09T05:00:00+00:00,91.36161322231932,94.8225
2025-11-09T06:00:00+00:00,91.64227619990052,98.2325
2025-11-09T07:00:00+00:00,91.82873793595607,98.54249999999999
2025-11-09T08:00:00+00:00,91.82873793595607,96.82
2025-11-09T09:00:00+00:00,92.02529091772789,95.89750000000001
2025-11-09T10:00:00+00:00,92.11609460736925,95.18
2025-11-09T11:00:00+00:00,91.82873793595607,95.0025
2025-11-09T12:00:00+00:00,91.82873793595607,95.19749999999999
2025-11-09T13:00:00+00:00,92.02529091772789,100.8575
2025-11-09T14:00:00+00:00,92.11609460736925,116.06
2025-11-09T15:00:00+00:00,95.1404434638531,126.7125
2025-11-09T16:00:00+00:00,95.1404434638531,139.845
2025-11-09T17:00:00+00:00,95.1404434638531,132.975
2025-11-09T18:00:00+00:00,93.85315019875259,117.9025
2025-11-09T19:00:00+00:00,92.23912785922874,108.6925
2025-11-09T20:00:00+00:00,92.11609460736925,102.08
2025-11-09T21:00:00+00:00,92.08924901858643,98.1025
2025-11-09T22:00:00+00:00,91.64106072541423,91.8425
2025-11-09T23:00:00+00:00,90.35006837234515,98.0
2025-11-10T00:00:00+00:00,91.54203355348258,96.1825
2025-11-10T01:00:00+00:00,91.44697588533265,94.32
2025-11-10T02:00:00+00:00,91.82873793595607,93.60249999999999
2025-11-10T03:00:00+00:00,92.39152387681149,95.8725
2025-11-10T04:00:00+00:00,92.48242820390003,102.4725
2025-11-10T05:00:00+00:00,93.85315019875259,143.1
2025-11-10T06:00:00+00:00,95.1404434638531,181.73250000000002
2025-11-10T07:00:00+00:00,97.04942476798588,197.2525
2025-11-10T08:00:00+00:00,95.1404434638531,178.0525
2025-11-10T09:00:00+00:00,93.6570646300213,146.9325
2025-11-10T10:00:00+00:00,92.15049566503794,135.2625
2025-11-10T11:00:00+00:00,92.11609460736925,124.66499999999999
2025-11-10T12:00:00+00:00,92.1706660675641,127.4775
2025-11-10T13:00:00+00:00,92.17751936734288,139.165
2025-11-10T14:00:00+00:00,93.41638794727095,177.7125
2025-11-10T15:00:00+00:00,93.14739413840789,198.675
2025-11-10T16:00:00+00:00,95.1404434638531,246.195
2025-11-10T17:00:00+00:00,95.1404434638531,211.8
2025-11-10T18:00:00+00:00,94.920958891506,176.2
2025-11-10T19:00:00+00:00,94.29594431010528,138.3025
2025-11-10T20:00:00+00:00,92.11609460736925,118.16
2025-11-10T21:00:00+00:00,91.82873793595607,102.515
2025-11-10T22:00:00+00:00,88.99187848763141,94.3025
2025-11-10T23:00:00+00:00,88.28881498213191,81.82000000000001
2025-11-11T00:00:00+00:00,87.75297656509171,78.85
2025-11-11T01:00:00+00:00,87.69390185859815,76.3775
2025-11-11T02:00:00+00:00,87.69842552032088,74.72
2025-11-11T03:00:00+00:00,87.72279472784992,77.1975
2025-11-11T04:00:00+00:00,90.0296133709466,82.4975
2025-11-11T05:00:00+00:00,91.9396563544075,93.255
2025-11-11T06:00:00+00:00,92.11609460736925,110.1025
2025-11-11T07:00:00+00:00,92.15349323600901,115.4975
2025-11-11T08:00:00+00:00,91.82873793595607,102.44749999999999
2025-11-11T09:00:00+00:00,89.84353006841047,92.2775
2025-11-11T10:00:00+00:00,90.49752007439487,84.19999999999999
2025-11-11T11:00:00+00:00,86.71698691222986,83.5625
2025-11-11T12:00:00+00:00,86.71698691222956,87.745
2025-11-11T13:00:00+00:00,88.83925045370707,101.9575
2025-11-11T14:00:00+00:00,91.2502744751479,121.3875
2025-11-11T15:00:00+00:00,92.84902976370992,136.56
2025-11-11T16:00:00+00:00,94.9945656403161,142.3625
2025-11-11T17:00:00+00:00,94.7826201404632,128.1
2025-11-11T18:00:00+00:00,94.77641662960863,109.0
2025-11-11T19:00:00+00:00,93.14739413841141,99.0175
2025-11-11T20:00:00+00:00,92.11609460736925,88.0025
2025-11-11T21:00:00+00:00,92.11609460736925,80.9025
2025-11-11T22:00:00+00:00,90.02961337097786,76.5975
2025-11-11T23:00:00+00:00,89.21575203825107,78.56
2025-11-12T00:00:00+00:00,89.81188825818424,74.53
2025-11-12T01:00:00+00:00,88.15344162509173,69.53
2025-11-12T02:00:00+00:00,86.71698691222986,67.355
2025-11-12T03:00:00+00:00,86.71698691222984,65.9975
2025-11-12T04:00:00+00:00,90.0296133709466,67.34
2025-11-12T05:00:00+00:00,90.83285593863047,88.2525
2025-11-12T06:00:00+00:00,92.11609460736925,109.07
2025-11-12T07:00:00+00:00,91.82873793595607,101.25
2025-11-12T08:00:00+00:00,87.44048060384097,81.2025
2025-11-12T09:00:00+00:00,74.37238171486842,64.06
2025-11-12T10:00:00+00:00,48.08640822816997,54.792500000000004
2025-11-12T11:00:00+00:00,47.982656918293735,55.8275
2025-11-12T12:00:00+00:00,47.98771163325598,67.2175
2025-11-12T13:00:00+00:00,47.987711633255955,80.89999999999999
2025-11-12T14:00:00+00:00,48.28187585199756,96.53
2025-11-12T15:00:00+00:00,87.5906598592413,110.025
2025-11-12T16:00:00+00:00,88.52515094738081,114.27000000000001
2025-11-12T17:00:00+00:00,87.5906598592413,100.88
2025-11-12T18:00:00+00:00,87.5906598592413,87.0
2025-11-12T19:00:00+00:00,86.7169869122321,73.6275
2025-11-12T20:00:00+00:00,81.3094751834352,66.4975
2025-11-12T21:00:00+00:00,72.40370202667039,58.955
2025-11-12T22:00:00+00:00,67.55365489855895,49.16
2025-11-12T23:00:00+00:00,49.144162840840856,28.23
2025-11-13T00:00:00+00:00,65.67797832881219,19.5325
2025-11-13T01:00:00+00:00,65.67797832881219,16.2975
2025-11-13T02:00:00+00:00,65.67797832881217,19.12
2025-11-13T03:00:00+00:00,65.67797832881217,25.89
2025-11-13T04:00:00+00:00,70.7977776778826,43.3625
2025-11-13T05:00:00+00:00,84.91491683982869,66.8
2025-11-13T06:00:00+00:00,87.57063777174959,87.46
2025-11-13T07:00:00+00:00,87.5706377717495,82.8725
2025-11-13T08:00:00+00:00,72.66526666811731,64.37
2025-11-13T09:00:00+00:00,35.93090000000001,49.5375
2025-11-13T10:00:00+00:00,24.875129664163758,33.0325
2025-11-13T11:00:00+00:00,19.979914529914524,39.8975
2025-11-13T12:00:00+00:00,19.94956560380537,56.45
2025-11-13T13:00:00+00:00,21.735397988007012,80.0
2025-11-13T14:00:00+00:00,61.57191937863823,96.775
2025-11-13T15:00:00+00:00,86.71698691222986,104.9025
2025-11-13T16:00:00+00:00,90.02961337094635,124.4975
2025-11-13T17:00:00+00:00,90.02961337094723,120.9825
2025-11-13T18:00:00+00:00,90.02961337094615,113.15
2025-11-13T19:00:00+00:00,90.02961337094658,111.1
2025-11-13T20:00:00+00:00,91.64346107538465,110.43
2025-11-13T21:00:00+00:00,90.67609151384684,106.24000000000001
2025-11-13T22:00:00+00:00,91.26824714857355,100.215
2025-11-13T23:00:00+00:00,90.02961337094644,91.48
2025-11-14T00:00:00+00:00,91.82873793595607,92.2975
2025-11-14T01:00:00+00:00,91.82873793595607,91.2975
2025-11-14T02:00:00+00:00,91.82873793595607,92.995
2025-11-14T03:00:00+00:00,92.08924901858643,92.685
2025-11-14T04:00:00+00:00,92.11609460736925,93.86
2025-11-14T05:00:00+00:00,95.1404434638531,111.8575
2025-11-14T06:00:00+00:00,95.1404434638531,129.345
2025-11-14T07:00:00+00:00,95.1404434638531,124.82
2025-11-14T08:00:00+00:00,92.11609460736925,120.80250000000001
2025-11-14T09:00:00+00:00,91.82873793595607,104.305
2025-11-14T10:00:00+00:00,91.54884840086102,98.64750000000001
2025-11-14T11:00:00+00:00,87.72739696104125,96.23
2025-11-14T12:00:00+00:00,87.43350461010264,96.1025
2025-11-14T13:00:00+00:00,87.36843448205768,107.2
2025-11-14T14:00:00+00:00,91.55155640693944,125.4425
2025-11-14T15:00:00+00:00,92.11609460736925,133.645
2025-11-14T16:00:00+00:00,93.27991303405663,131.96
2025-11-14T17:00:00+00:00,94.69640648922683,120.53
2025-11-14T18:00:00+00:00,93.14739413840789,95.66749999999999
2025-11-14T19:00:00+00:00,92.86295254648417,88.80250000000001
2025-11-14T20:00:00+00:00,92.11609460736925,84.81
2025-11-14T21:00:00+00:00,91.82873793595607,77.89750000000001
2025-11-14T22:00:00+00:00,88.1534416250923,68.315
2025-11-14T23:00:00+00:00,87.35380935557319,70.28999999999999
2025-11-15T00:00:00+00:00,86.78090322520384,64.9175
2025-11-15T01:00:00+00:00,86.17030500474512,57.42
2025-11-15T02:00:00+00:00,86.17030500474496,55.775
2025-11-15T03:00:00+00:00,86.17030500474492,56.2875
2025-11-15T04:00:00+00:00,86.17030500474489,59.1125
2025-11-15T05:00:00+00:00,86.9286863305677,63.01
2025-11-15T06:00:00+00:00,87.11761987593978,75.1875
2025-11-15T07:00:00+00:00,87.17832404934846,84.6025
2025-11-15T08:00:00+00:00,87.09676524389208,85.2225
2025-11-15T09:00:00+00:00,87.02982679529723,88.0925
2025-11-15T10:00:00+00:00,87.01527927252866,88.15
2025-11-15T11:00:00+00:00,86.19361731837857,83.85000000000001
2025-11-15T12:00:00+00:00,85.63999021223339,88.4025
2025-11-15T13:00:00+00:00,86.60019840955182,93.30250000000001
2025-11-15T14:00:00+00:00,87.05232771927577,99.29249999999999
2025-11-15T15:00:00+00:00,88.15344162509172,102.6625
2025-11-15T16:00:00+00:00,91.11845239066298,113.13
2025-11-15T17:00:00+00:00,91.25833805069445,116.3775
2025-11-15T18:00:00+00:00,91.27289908602265,109.35249999999999
2025-11-15T19:00:00+00:00,90.02961337094659,103.6
2025-11-15T20:00:00+00:00,89.19867679013896,100.72749999999999
2025-11-15T21:00:00+00:00,88.1438519887299,101.83500000000001
2025-11-15T22:00:00+00:00,88.11673618375205,98.41499999999999
2025-11-15T23:00:00+00:00,87.80403995460871,90.5975
2025-11-16T00:00:00+00:00,87.55730031261699,88.775
2025-11-16T01:00:00+00:00,87.56031590656286,86.5975
2025-11-16T02:00:00+00:00,87.5603259243402,86.87
2025-11-16T03:00:00+00:00,87.54893076806633,87.5625
2025-11-16T04:00:00+00:00,87.54893076806626,89.10249999999999
2025-11-16T05:00:00+00:00,87.70406618185635,90.9475
2025-11-16T06:00:00+00:00,88.3980140626147,93.83
2025-11-16T07:00:00+00:00,88.75464634146343,94.8725
2025-11-16T08:00:00+00:00,88.24029172071211,93.3425
2025-11-16T09:00:00+00:00,87.56952660393564,91.7775
2025-11-16T10:00:00+00:00,87.55002734206813,92.28
2025-11-16T11:00:00+00:00,87.47429760933068,95.1575
2025-11-16T12:00:00+00:00,87.29835038669364,96.15
2025-11-16T13:00:00+00:00,88.15344162509173,100.98
2025-11-16T14:00:00+00:00,90.0296133709466,114.7675
2025-11-16T15:00:00+00:00,92.17798896870585,120.45750000000001
2025-11-16T16:00:00+00:00,92.11609460736925,126.735
2025-11-16T17:00:00+00:00,92.11609460736925,124.3675
2025-11-16T18:00:00+00:00,92.02529091772789,109.185
2025-11-16T19:00:00+00:00,91.79576409862125,102.8975
2025-11-16T20:00:00+00:00,91.06781885517617,97.1975
2025-11-16T21:00:00+00:00,88.56760627381226,92.19749999999999
2025-11-16T22:00:00+00:00,87.83046720423239,86.4975
2025-11-16T23:00:00+00:00,87.50010410757847,84.8025
2025-11-17T00:00:00+00:00,89.81188825818438,80.1
2025-11-17T01:00:00+00:00,91.1146705216079,78.75999999999999
2025-11-17T02:00:00+00:00,91.44961659904989,77.0025
2025-11-17T03:00:00+00:00,91.09516146316,77.9975
2025-11-17T04:00:00+00:00,92.02529091772789,83.68
2025-11-17T05:00:00+00:00,91.82873793595607,99.9975
2025-11-17T06:00:00+00:00,92.02529091772789,118.6
2025-11-17T07:00:00+00:00,92.11609460736925,118.2025
2025-11-17T08:00:00+00:00,92.02529091772789,107.7425
2025-11-17T09:00:00+00:00,91.75791913912701,100.105
2025-11-17T10:00:00+00:00,91.82873793595607,97.24000000000001
2025-11-17T11:00:00+00:00,90.0296133709466,91.755
2025-11-17T12:00:00+00:00,88.59684611892783,92.5
2025-11-17T13:00:00+00:00,88.37349651666592,93.7025
2025-11-17T14:00:00+00:00,89.81188825818425,106.3
2025-11-17T15:00:00+00:00,91.72883914587396,117.02250000000001
2025-11-17T16:00:00+00:00,92.11609460736925,126.475
2025-11-17T17:00:00+00:00,92.20168613711323,122.77
2025-11-17T18:00:00+00:00,92.20162162292614,116.5775
2025-11-17T19:00:00+00:00,92.11609460736925,107.2225
2025-11-17T20:00:00+00:00,91.82873793595607,96.0
2025-11-17T21:00:00+00:00,91.22271526815081,91.78999999999999
2025-11-17T22:00:00+00:00,87.8272108825255,85.905
2025-11-17T23:00:00+00:00,87.49194351879919,84.3
2025-11-18T00:00:00+00:00,87.59348090185595,81.0
2025-11-18T01:00:00+00:00,87.49194582721405,79.525
2025-11-18T02:00:00+00:00,87.49194582721404,81.6025
2025-11-18T03:00:00+00:00,87.49198905660897,82.1225
2025-11-18T04:00:00+00:00,88.47799335405179,85.7925
2025-11-18T05:00:00+00:00,91.95558223326614,98.7475
2025-11-18T06:00:00+00:00,92.11609460736925,120.945
2025-11-18T07:00:00+00:00,92.11609460736925,128.82999999999998
2025-11-18T08:00:00+00:00,91.82873793595607,106.77
2025-11-18T09:00:00+00:00,87.58185678123135,100.5375
2025-11-18T10:00:00+00:00,87.56154943510106,91.6825
2025-11-18T11:00:00+00:00,87.46702630416499,90.28999999999999
2025-11-18T12:00:00+00:00,87.33620339637825,92.57
2025-11-18T13:00:00+00:00,87.34957306462606,106.37
2025-11-18T14:00:00+00:00,89.16472829506284,123.5125
2025-11-18T15:00:00+00:00,92.06882899595396,136.41
2025-11-18T16:00:00+00:00,92.12277658589974,144.825
2025-11-18T17:00:00+00:00,92.16537292826078,134.3225
2025-11-18T18:00:00+00:00,92.11609460736925,123.85
2025-11-18T19:00:00+00:00,92.11609460736925,111.4175
2025-11-18T20:00:00+00:00,92.02529091772789,103.1425
2025-11-18T21:00:00+00:00,91.82873793595607,96.2625
2025-11-18T22:00:00+00:00,91.75503994627456,83.6325
2025-11-18T23:00:00+00:00,89.5782492170629,91.60000000000001
2025-11-19T00:00:00+00:00,89.70187970684452,90.19749999999999
2025-11-19T01:00:00+00:00,89.90656935310827,82.9275
2025-11-19T02:00:00+00:00,90.3005746801387,83.0325
2025-11-19T03:00:00+00:00,91.24314162353696,86.6175
2025-11-19T04:00:00+00:00,91.82873793595607,89.345
2025-11-19T05:00:00+00:00,94.49462813992112,96.9
2025-11-19T06:00:00+00:00,95.21623629425021,116.27
2025-11-19T07:00:00+00:00,96.24699954490629,122.9025
2025-11-19T08:00:00+00:00,95.1404434638531,107.6825
2025-11-19T09:00:00+00:00,91.82873793595607,99.5075
2025-11-19T10:00:00+00:00,91.51467992557808,94.55
2025-11-19T11:00:00+00:00,90.83573602338798,92.3725
2025-11-19T12:00:00+00:00,91.82873793595607,95.5575
2025-11-19T13:00:00+00:00,92.08924901858643,104.4425
2025-11-19T14:00:00+00:00,93.1473941384079,118.3375
2025-11-19T15:00:00+00:00,94.53798294400755,123.095
2025-11-19T16:00:00+00:00,96.31447989671733,132.5875
2025-11-19T17:00:00+00:00,96.29752449132826,122.505
2025-11-19T18:00:00+00:00,95.1404434638531,118.0575
2025-11-19T19:00:00+00:00,93.88764938747214,99.9
2025-11-19T20:00:00+00:00,93.58603238172206,94.28
2025-11-19T21:00:00+00:00,92.11609460736925,94.41
2025-11-19T22:00:00+00:00,91.82873793595607,88.4275
2025-11-19T23:00:00+00:00,89.89476298961587,86.74000000000001
2025-11-20T00:00:00+00:00,90.17809250011804,84.0
2025-11-20T01:00:00+00:00,90.0296133709466,84.52000000000001
2025-11-20T02:00:00+00:00,90.0296133709466,83.39750000000001
2025-11-20T03:00:00+00:00,91.82873793595607,85.53
2025-11-20T04:00:00+00:00,92.08924901858643,90.70500000000001
2025-11-20T05:00:00+00:00,93.8531501987374,109.2975
2025-11-20T06:00:00+00:00,96.70518027533073,137.2575
2025-11-20T07:00:00+00:00,97.0494658507073,147.185
2025-11-20T08:00:00+00:00,96.91255267313221,132.5
2025-11-20T09:00:00+00:00,94.73790818373004,121.01
2025-11-20T10:00:00+00:00,92.11609460736925,111.935
2025-11-20T11:00:00+00:00,91.82873793595607,110.5
2025-11-20T12:00:00+00:00,91.58840405133438,112.1525
2025-11-20T13:00:00+00:00,91.55155640693944,122.185
2025-11-20T14:00:00+00:00,92.11609460736925,137.7375
2025-11-20T15:00:00+00:00,96.90720306909803,157.225
2025-11-20T16:00:00+00:00,98.20440404294558,167.98000000000002
2025-11-20T17:00:00+00:00,97.0494658507073,151.77
2025-11-20T18:00:00+00:00,97.04942476798168,140.3475
2025-11-20T19:00:00+00:00,97.0494658507073,124.95
2025-11-20T20:00:00+00:00,96.83248988591589,115.8
2025-11-20T21:00:00+00:00,94.65331033648742,110.2
2025-11-20T22:00:00+00:00,92.11609460736925,99.88499999999999
2025-11-20T23:00:00+00:00,91.82873793595607,103.9825
2025-11-21T00:00:00+00:00,92.11609460736925,102.7175
2025-11-21T01:00:00+00:00,92.11609460736925,101.1175
2025-11-21T02:00:00+00:00,92.1160946073689,100.5575
2025-11-21T03:00:00+00:00,92.11609460736925,101.41
2025-11-21T04:00:00+00:00,95.1404434638531,106.9075
2025-11-21T05:00:00+00:00,97.04946585070687,132.2125
2025-11-21T06:00:00+00:00,97.09911072771504,171.0625
2025-11-21T07:00:00+00:00,98.10998358725922,200.0975
2025-11-21T08:00:00+00:00,97.06084910271802,169.1525
2025-11-21T09:00:00+00:00,95.1404434638531,150.85
2025-11-21T10:00:00+00:00,92.10088246114708,135.85500000000002
2025-11-21T11:00:00+00:00,91.60876294700468,129.2
2025-11-21T12:00:00+00:00,90.0296133709466,131.91
2025-11-21T13:00:00+00:00,91.82873793595607,144.38
2025-11-21T14:00:00+00:00,92.11609460736925,170.29000000000002
2025-11-21T15:00:00+00:00,96.66609558125137,199.9875
2025-11-21T16:00:00+00:00,97.90521973347428,232.86
2025-11-21T17:00:00+00:00,97.99744255323978,189.48
2025-11-21T18:00:00+00:00,97.11080592529447,170.705
2025-11-21T19:00:00+00:00,97.05047621602716,133.9
2025-11-21T20:00:00+00:00,97.04946585070493,122.315
2025-11-21T21:00:00+00:00,95.14044346385313,109.9125
2025-11-21T22:00:00+00:00,92.11609460736925,97.555
2025-11-21T23:00:00+00:00,91.55155640693943,103.41
2025-11-22T00:00:00+00:00,89.63508207011579,98.5175
2025-11-22T01:00:00+00:00,87.63626378781463,94.8725
2025-11-22T02:00:00+00:00,87.4919784860258,93.0
2025-11-22T03:00:00+00:00,87.49195616179608,91.85
2025-11-22T04:00:00+00:00,87.49197222553398,93.725
2025-11-22T05:00:00+00:00,87.64825408847618,96.2
2025-11-22T06:00:00+00:00,88.15344162509173,103.2375
2025-11-22T07:00:00+00:00,88.75464634146343,103.4975
2025-11-22T08:00:00+00:00,87.43842701992128,91.3325
2025-11-22T09:00:00+00:00,87.49117791369568,87.7975
2025-11-22T10:00:00+00:00,86.07974818111843,83.205
2025-11-22T11:00:00+00:00,80.99237220976424,84.2775
2025-11-22T12:00:00+00:00,65.72227314695712,84.14
2025-11-22T13:00:00+00:00,65.72227314695712,88.47999999999999
2025-11-22T14:00:00+00:00,77.65064047633125,99.2975
2025-11-22T15:00:00+00:00,85.74297844839353,112.3325
2025-11-22T16:00:00+00:00,87.62969752927617,117.3725
2025-11-22T17:00:00+00:00,87.62969752927617,115.28
2025-11-22T18:00:00+00:00,87.61411651407403,104.44
2025-11-22T19:00:00+00:00,87.40557796391361,92.0175
2025-11-22T20:00:00+00:00,87.44353181822594,85.21000000000001
2025-11-22T21:00:00+00:00,87.50282674729138,85.92
2025-11-22T22:00:00+00:00,87.49195312659052,82.5775
2025-11-22T23:00:00+00:00,87.49193159495898,82.005
2025-11-23T00:00:00+00:00,87.4649997902771,79.0
2025-11-23T01:00:00+00:00,87.35781425425273,76.0
2025-11-23T02:00:00+00:00,87.26881902137723,71.94
2025-11-23T03:00:00+00:00,87.00479065509379,76.6675
2025-11-23T04:00:00+00:00,86.96511107987875,71.955
2025-11-23T05:00:00+00:00,86.7169869122298,66.9675
2025-11-23T06:00:00+00:00,86.97717727763495,72.64750000000001
2025-11-23T07:00:00+00:00,86.28844424421254,75.58
2025-11-23T08:00:00+00:00,85.63999021223336,72.6575
2025-11-23T09:00:00+00:00,83.20471614995512,71.44999999999999
2025-11-23T10:00:00+00:00,64.2282230559729,68.9
2025-11-23T11:00:00+00:00,62.16517726075766,68.4425
2025-11-23T12:00:00+00:00,35.93089999999999,75.47
2025-11-23T13:00:00+00:00,35.93090000000001,82.6975
2025-11-23T14:00:00+00:00,61.88480297992997,86.74000000000001
2025-11-23T15:00:00+00:00,75.86848155875046,94.79249999999999
2025-11-23T16:00:00+00:00,85.61373903013106,98.2175
2025-11-23T17:00:00+00:00,85.63356170541282,95.395
2025-11-23T18:00:00+00:00,85.63693360142365,85.15
2025-11-23T19:00:00+00:00,85.63693360142364,84.7025
2025-11-23T20:00:00+00:00,85.63763074129724,81.27250000000001
2025-11-23T21:00:00+00:00,85.79784026941354,82.46
2025-11-23T22:00:00+00:00,86.14051533246013,77.6
2025-11-23T23:00:00+00:00,85.63999021223336,70.125
2025-11-24T00:00:00+00:00,87.0731792890897,68.8275
2025-11-24T01:00:00+00:00,87.2002812994713,67.8
2025-11-24T02:00:00+00:00,86.71698691222986,68.005
2025-11-24T03:00:00+00:00,87.36247393316594,71.27
2025-11-24T04:00:00+00:00,90.0296133709466,75.3
2025-11-24T05:00:00+00:00,91.82873793595607,98.82
2025-11-24T06:00:00+00:00,94.03809408838887,124.3725
2025-11-24T07:00:00+00:00,95.1404434638531,133.19
2025-11-24T08:00:00+00:00,95.1404434638531,131.3075
2025-11-24T09:00:00+00:00,94.0811637180077,127.96
2025-11-24T10:00:00+00:00,94.29396595379528,127.75999999999999
2025-11-24T11:00:00+00:00,93.14739413840789,128.7
2025-11-24T12:00:00+00:00,93.14739413840789,132.495
2025-11-24T13:00:00+00:00,95.1404434638531,139.2075
2025-11-24T14:00:00+00:00,95.41639952123839,151.0025
2025-11-24T15:00:00+00:00,95.51784541488668,178.6925
2025-11-24T16:00:00+00:00,97.0494658507073,188.7275
2025-11-24T17:00:00+00:00,97.0494658507073,175.5775
2025-11-24T18:00:00+00:00,96.88479490803566,151.6325
2025-11-24T19:00:00+00:00,95.42762138078777,127.1
2025-11-24T20:00:00+00:00,95.1404434638531,110.0
2025-11-24T21:00:00+00:00,95.08084149064723,102.2175
2025-11-24T22:00:00+00:00,94.43935261587247,94.805
2025-11-24T23:00:00+00:00,92.11609460736925,110.8875
2025-11-25T00:00:00+00:00,94.65042076314197,107.4
2025-11-25T01:00:00+00:00,94.69253843712826,106.355
2025-11-25T02:00:00+00:00,94.40500822719002,104.3175
2025-11-25T03:00:00+00:00,95.1404434638531,100.97749999999999
2025-11-25T04:00:00+00:00,97.0494658507073,113.485
2025-11-25T05:00:00+00:00,98.20440404294558,127.06
2025-11-25T06:00:00+00:00,99.23765030230084,226.695
2025-11-25T07:00:00+00:00,99.72955628164416,307.5375
2025-11-25T08:00:00+00:00,99.72038639028048,285.555
2025-11-25T09:00:00+00:00,99.17372882851863,277.775
2025-11-25T10:00:00+00:00,98.20440404294558,254.7525
2025-11-25T11:00:00+00:00,98.18975173355238,252.62499999999997
2025-11-25T12:00:00+00:00,98.1897517335524,255.7775
2025-11-25T13:00:00+00:00,98.20440404294558,274.02
2025-11-25T14:00:00+00:00,98.4927062550513,298.57
2025-11-25T15:00:00+00:00,99.4937109517536,344.615
2025-11-25T16:00:00+00:00,99.49371095175913,379.2375
2025-11-25T17:00:00+00:00,99.21084068617608,301.54
2025-11-25T18:00:00+00:00,98.70868138207817,237.51250000000002
2025-11-25T19:00:00+00:00,98.20440404294558,169.66
2025-11-25T20:00:00+00:00,97.0494658507074,135.555
2025-11-25T21:00:00+00:00,95.1404434638531,115.0675
2025-11-25T22:00:00+00:00,93.83701194102427,107.1575
2025-11-25T23:00:00+00:00,92.11609460736925,99.5
2025-11-26T00:00:00+00:00,93.14739413840789,95.5025
2025-11-26T01:00:00+00:00,92.11609460736925,92.8
2025-11-26T02:00:00+00:00,92.11609460736925,93.19500000000001
2025-11-26T03:00:00+00:00,92.11609460736925,93.0
2025-11-26T04:00:00+00:00,95.1404434638531,102.2
2025-11-26T05:00:00+00:00,98.1897517335524,136.1325
2025-11-26T06:00:00+00:00,99.49240303624357,214.4125
2025-11-26T07:00:00+00:00,99.49282987821019,266.05
2025-11-26T08:00:00+00:00,99.49389227579277,261.03
2025-11-26T09:00:00+00:00,99.49067249042608,240.74
2025-11-26T10:00:00+00:00,98.20440404294558,223.425
2025-11-26T11:00:00+00:00,97.0494658507073,223.6375
2025-11-26T12:00:00+00:00,96.83248988591644,223.35750000000002
2025-11-26T13:00:00+00:00,97.0494658507073,244.3375
2025-11-26T14:00:00+00:00,98.20440404294558,281.21500000000003
2025-11-26T15:00:00+00:00,99.4937109517536,338.3975
2025-11-26T16:00:00+00:00,99.4937109517536,344.4925
2025-11-26T17:00:00+00:00,99.49805409227469,277.51750000000004
2025-11-26T18:00:00+00:00,99.49805971649718,216.935
2025-11-26T19:00:00+00:00,99.4937109517536,160.06
2025-11-26T20:00:00+00:00,97.0494658507073,126.1225
2025-11-26T21:00:00+00:00,93.14739413840789,110.39750000000001
2025-11-26T22:00:00+00:00,91.82873793595607,98.0175
2025-11-26T23:00:00+00:00,89.81188825818425,89.0975
2025-11-27T00:00:00+00:00,87.5170457892494,83.11
2025-11-27T01:00:00+00:00,87.49195331167266,80.35
2025-11-27T02:00:00+00:00,87.49191752019756,77.2975
2025-11-27T03:00:00+00:00,87.49191752019523,77.54
2025-11-27T04:00:00+00:00,87.57314262814936,80.1525
2025-11-27T05:00:00+00:00,91.82873793595607,103.46000000000001
2025-11-27T06:00:00+00:00,92.11609460736925,123.37
2025-11-27T07:00:00+00:00,92.11609460736925,125.24
2025-11-27T08:00:00+00:00,91.06474335114413,110.4225
2025-11-27T09:00:00+00:00,86.79813914034885,101.245
2025-11-27T10:00:00+00:00,86.55436889874592,90.3875
2025-11-27T11:00:00+00:00,85.60885669464768,85.1025
2025-11-27T12:00:00+00:00,81.21763691542915,86.3
2025-11-27T13:00:00+00:00,82.66777275341694,89.4275
2025-11-27T14:00:00+00:00,86.03889309233489,98.5025
2025-11-27T15:00:00+00:00,87.30490954175228,104.14
2025-11-27T16:00:00+00:00,89.79975925925879,109.7775
2025-11-27T17:00:00+00:00,89.04269205064715,101.475
2025-11-27T18:00:00+00:00,88.75464634146347,93.6975
2025-11-27T19:00:00+00:00,87.26723548346243,87.29
2025-11-27T20:00:00+00:00,86.97321834546216,82.075
2025-11-27T21:00:00+00:00,87.48096726716757,76.235
2025-11-27T22:00:00+00:00,87.49195331167034,69.2275
2025-11-27T23:00:00+00:00,87.49195331166752,58.0175
2025-11-28T00:00:00+00:00,86.71698691222986,53.0025
2025-11-28T01:00:00+00:00,86.20518254321877,50.0475
2025-11-28T02:00:00+00:00,86.2068137021517,50.8525
2025-11-28T03:00:00+00:00,86.71698691222987,55.295
2025-11-28T04:00:00+00:00,87.48260133644371,65.8
2025-11-28T05:00:00+00:00,87.35914545650591,83.5025
2025-11-28T06:00:00+00:00,90.190256879749,102.505
2025-11-28T07:00:00+00:00,91.82873793595607,107.565
2025-11-28T08:00:00+00:00,91.4771601073722,102.41499999999999
2025-11-28T09:00:00+00:00,88.52669461355802,98.0
2025-11-28T10:00:00+00:00,89.81188825818427,92.6325
2025-11-28T11:00:00+00:00,87.50059119624298,90.695
2025-11-28T12:00:00+00:00,87.49308438503375,91.9925
2025-11-28T13:00:00+00:00,89.81188825818425,96.0975
2025-11-28T14:00:00+00:00,90.0296133709466,103.2825
2025-11-28T15:00:00+00:00,91.82873793595607,113.39
2025-11-28T16:00:00+00:00,92.02529091772789,114.6075
2025-11-28T17:00:00+00:00,91.82873793595607,108.9975
2025-11-28T18:00:00+00:00,90.60428832350703,97.9175
2025-11-28T19:00:00+00:00,90.10903423289315,90.59
2025-11-28T20:00:00+00:00,87.47252546884083,84.11
2025-11-28T21:00:00+00:00,87.65311298111575,83.0225
2025-11-28T22:00:00+00:00,87.4954797488195,73.7025
2025-11-28T23:00:00+00:00,87.4919533116688,79.35249999999999
2025-11-29T00:00:00+00:00,87.49195331166865,78.2675
2025-11-29T01:00:00+00:00,87.49195331166858,75.63499999999999
2025-11-29T02:00:00+00:00,87.4838462777986,73.9725
2025-11-29T03:00:00+00:00,87.48385790215193,76.84
2025-11-29T04:00:00+00:00,87.48199198488594,78.33
2025-11-29T05:00:00+00:00,87.52520887017391,82.0975
2025-11-29T06:00:00+00:00,87.66334460354247,88.525
2025-11-29T07:00:00+00:00,88.15344162509173,100.355
2025-11-29T08:00:00+00:00,88.77023941810468,101.6725
2025-11-29T09:00:00+00:00,87.82735550689037,98.10249999999999
2025-11-29T10:00:00+00:00,87.73362489337354,95.0
2025-11-29T11:00:00+00:00,87.85079313401789,93.4
2025-11-29T12:00:00+00:00,87.44152304441772,94.39750000000001
2025-11-29T13:00:00+00:00,86.71698691222986,97.1375
2025-11-29T14:00:00+00:00,88.75464634146343,99.5875
2025-11-29T15:00:00+00:00,87.62781515656141,103.27
2025-11-29T16:00:00+00:00,87.7064809345901,107.3
2025-11-29T17:00:00+00:00,87.48150673517617,101.9425
2025-11-29T18:00:00+00:00,87.44934600457016,98.28
2025-11-29T19:00:00+00:00,87.34306942288137,88.59
2025-11-29T20:00:00+00:00,87.31640848210219,86.14750000000001
2025-11-29T21:00:00+00:00,87.34416136300239,86.2625
2025-11-29T22:00:00+00:00,87.46204602066209,79.3
2025-11-29T23:00:00+00:00,87.38156040419013,76.69
2025-11-30T00:00:00+00:00,86.71698691223106,72.4725
2025-11-30T01:00:00+00:00,85.63999021223322,69.215
2025-11-30T02:00:00+00:00,84.96934970656656,68.16
2025-11-30T03:00:00+00:00,84.87491596923454,66.63
2025-11-30T04:00:00+00:00,85.2461165744239,67.7
2025-11-30T05:00:00+00:00,86.71698691222987,68.6
2025-11-30T06:00:00+00:00,87.42307833954003,72.375
2025-11-30T07:00:00+00:00,87.4664641543122,78.3
2025-11-30T08:00:00+00:00,87.46615572248761,81.3175
2025-11-30T09:00:00+00:00,87.46501372922062,82.1275
2025-11-30T10:00:00+00:00,87.32850763234579,84.535
2025-11-30T11:00:00+00:00,85.99607837095755,86.1275
2025-11-30T12:00:00+00:00,82.45359975193028,89.8625
2025-11-30T13:00:00+00:00,83.47200080221725,93.875
2025-11-30T14:00:00+00:00,86.43427936264852,100.3
2025-11-30T15:00:00+00:00,87.48792874508983,108.495
2025-11-30T16:00:00+00:00,87.53547708700887,113.705
2025-11-30T17:00:00+00:00,87.53587405903292,113.24
2025-11-30T18:00:00+00:00,87.52921997625693,109.71000000000001
2025-11-30T19:00:00+00:00,87.51520727466085,104.665
2025-11-30T20:00:00+00:00,87.58636856757796,99.8875
2025-11-30T21:00:00+00:00,87.49195331166993,96.1025
2025-11-30T22:00:00+00:00,87.49195331166885,88.1975
2025-11-30T23:00:00+00:00,87.49195331153959,85.5775
2025-12-01T00:00:00+00:00,82.00209868038252,82.4975
2025-12-01T01:00:00+00:00,82.00209868038259,80.9
2025-12-01T02:00:00+00:00,82.00275924994084,79.44
2025-12-01T03:00:00+00:00,82.01366856858569,79.81
2025-12-01T04:00:00+00:00,82.16841989557376,87.5175
2025-12-01T05:00:00+00:00,86.04764277582429,107.0575
2025-12-01T06:00:00+00:00,86.29065901099446,132.0225
2025-12-01T07:00:00+00:00,86.3157017610018,137.1375
2025-12-01T08:00:00+00:00,86.04764277582566,121.78999999999999
2025-12-01T09:00:00+00:00,82.68469508154745,103.8725
2025-12-01T10:00:00+00:00,81.41288279669983,98.78750000000001
2025-12-01T11:00:00+00:00,80.99237220976423,93.74
2025-12-01T12:00:00+00:00,80.27450576743576,96.5275
2025-12-01T13:00:00+00:00,81.02798022932161,105.12
2025-12-01T14:00:00+00:00,82.44741911383633,117.26750000000001
2025-12-01T15:00:00+00:00,84.88179371021094,121.53
2025-12-01T16:00:00+00:00,86.04764277582397,118.625
2025-12-01T17:00:00+00:00,85.94200754840662,109.5
2025-12-01T18:00:00+00:00,85.85001147050423,96.1875
2025-12-01T19:00:00+00:00,84.16623638556794,90.34
2025-12-01T20:00:00+00:00,82.30412371224627,80.8
2025-12-01T21:00:00+00:00,81.09286247625023,77.3
2025-12-01T22:00:00+00:00,81.5946554108554,68.07499999999999
2025-12-01T23:00:00+00:00,81.8233533634064,60.9025
2025-12-02T00:00:00+00:00,81.6545630947086,59.995000000000005
2025-12-02T01:00:00+00:00,81.02485167762076,54.3375
2025-12-02T02:00:00+00:00,79.94517376663012,53.4025
2025-12-02T03:00:00+00:00,80.18426132947084,59.2975
2025-12-02T04:00:00+00:00,80.99237220976424,68.1575
2025-12-02T05:00:00+00:00,82.59795791438566,74.56
2025-12-02T06:00:00+00:00,85.51473770256038,92.5025
2025-12-02T07:00:00+00:00,86.04764277582429,92.2
2025-12-02T08:00:00+00:00,85.56916378790477,90.0025
2025-12-02T09:00:00+00:00,84.16623638556709,86.6825
2025-12-02T10:00:00+00:00,82.47765649108862,90.0
2025-12-02T11:00:00+00:00,81.84097967147169,90.8375
2025-12-02T12:00:00+00:00,81.8342450480437,103.1925
2025-12-02T13:00:00+00:00,82.31529875666968,118.99000000000001
2025-12-02T14:00:00+00:00,85.56858133337361,143.3275
2025-12-02T15:00:00+00:00,86.34908913985468,169.115
2025-12-02T16:00:00+00:00,89.0736065173866,180.6175
2025-12-02T17:00:00+00:00,90.17057665317938,168.5625
2025-12-02T18:00:00+00:00,88.75464634146346,152.8075
2025-12-02T19:00:00+00:00,88.15344162509173,132.0025
2025-12-02T20:00:00+00:00,86.71698691222981,121.33250000000001
2025-12-02T21:00:00+00:00,87.27774347851326,111.2
2025-12-02T22:00:00+00:00,86.31570176100213,102.765
2025-12-02T23:00:00+00:00,86.29065901099311,100.7
2025-12-03T00:00:00+00:00,86.71698691222986,93.60249999999999
2025-12-03T01:00:00+00:00,86.31570176100213,91.575
2025-12-03T02:00:00+00:00,86.31570176100213,93.975
2025-12-03T03:00:00+00:00,87.15257992955225,96.9475
2025-12-03T04:00:00+00:00,91.99514550150508,99.9025
2025-12-03T05:00:00+00:00,95.49065879813169,135.4
2025-12-03T06:00:00+00:00,96.93479315462024,204.6175
2025-12-03T07:00:00+00:00,97.18124353596008,237.285
2025-12-03T08:00:00+00:00,97.0494658507073,210.3025
2025-12-03T09:00:00+00:00,95.1404434638531,178.6825
2025-12-03T10:00:00+00:00,95.1404434638531,161.065
2025-12-03T11:00:00+00:00,93.94899209891986,158.91
2025-12-03T12:00:00+00:00,94.22186972493573,159.8225
2025-12-03T13:00:00+00:00,94.47786374094868,184.225
2025-12-03T14:00:00+00:00,95.1404434638531,258.2875
2025-12-03T15:00:00+00:00,96.37786592495237,357.005
2025-12-03T16:00:00+00:00,98.1897517335524,354.59
2025-12-03T17:00:00+00:00,97.66015093408316,228.61249999999998
2025-12-03T18:00:00+00:00,96.95950375099073,183.965
2025-12-03T19:00:00+00:00,95.29282661294111,147.17249999999999
2025-12-03T20:00:00+00:00,95.1404434638531,129.2575
2025-12-03T21:00:00+00:00,91.99514550150508,118.5675
2025-12-03T22:00:00+00:00,88.75464634146343,103.92750000000001
2025-12-03T23:00:00+00:00,86.71698691222986,98.7
2025-12-04T00:00:00+00:00,90.27569081543203,95.9325
2025-12-04T01:00:00+00:00,90.27569081543214,92.4875
2025-12-04T02:00:00+00:00,88.9072926469171,90.52
2025-12-04T03:00:00+00:00,89.35433695872325,92.1525
2025-12-04T04:00:00+00:00,91.99514550150508,98.9125
2025-12-04T05:00:00+00:00,95.1414288111165,121.7025
2025-12-04T06:00:00+00:00,95.1414288111134,166.8475
2025-12-04T07:00:00+00:00,95.14528948007236,180.7125
2025-12-04T08:00:00+00:00,95.14044346385295,166.4
2025-12-04T09:00:00+00:00,95.1404434638531,151.0275
2025-12-04T10:00:00+00:00,93.85315019875398,139.66
2025-12-04T11:00:00+00:00,90.91772986043236,131.995
2025-12-04T12:00:00+00:00,89.14352426886302,132.6975
2025-12-04T13:00:00+00:00,90.17636923191552,144.2175
2025-12-04T14:00:00+00:00,91.77166292665382,162.5575
2025-12-04T15:00:00+00:00,95.12967526916893,172.17000000000002
2025-12-04T16:00:00+00:00,95.1404434638531,171.16
2025-12-04T17:00:00+00:00,95.14044346384931,146.5925
2025-12-04T18:00:00+00:00,95.0719653497782,133.955
2025-12-04T19:00:00+00:00,95.07180590133306,124.4975
2025-12-04T20:00:00+00:00,91.99514550150573,111.39999999999999
2025-12-04T21:00:00+00:00,89.71452763616406,102.4525
2025-12-04T22:00:00+00:00,87.27774347851326,95.465
2025-12-04T23:00:00+00:00,86.31570176100213,95.525
2025-12-05T00:00:00+00:00,89.79146953468495,90.725
2025-12-05T01:00:00+00:00,87.27774347851326,89.7325
2025-12-05T02:00:00+00:00,88.99566937040474,89.79
2025-12-05T03:00:00+00:00,90.71536342832108,92.24000000000001
2025-12-05T04:00:00+00:00,91.99514550150508,97.5775
2025-12-05T05:00:00+00:00,96.82198376983462,130.16
2025-12-05T06:00:00+00:00,97.0494658507073,171.335
2025-12-05T07:00:00+00:00,97.24796393379737,238.4
2025-12-05T08:00:00+00:00,97.24763576102644,227.515
2025-12-05T09:00:00+00:00,97.04946585070874,198.94
2025-12-05T10:00:00+00:00,97.0494658510574,198.065
2025-12-05T11:00:00+00:00,95.28254444356192,187.28
2025-12-05T12:00:00+00:00,94.64353378912061,180.86
2025-12-05T13:00:00+00:00,94.6477540965822,177.79
2025-12-05T14:00:00+00:00,96.30570554933183,198.7525
2025-12-05T15:00:00+00:00,97.29545839108476,203.61
2025-12-05T16:00:00+00:00,97.41283949183608,195.74
2025-12-05T17:00:00+00:00,97.31901152338682,164.3875
2025-12-05T18:00:00+00:00,97.04946585070924,134.4
2025-12-05T19:00:00+00:00,95.1404434638531,126.0975
2025-12-05T20:00:00+00:00,90.94421388510212,104.66499999999999
2025-12-05T21:00:00+00:00,86.71698691222986,96.305
2025-12-05T22:00:00+00:00,86.04764277582429,85.5975
2025-12-05T23:00:00+00:00,83.3190179404243,81.9725
2025-12-06T00:00:00+00:00,84.22991921680023,79.27250000000001
2025-12-06T01:00:00+00:00,82.46138636752663,74.0
2025-12-06T02:00:00+00:00,82.26805628070774,70.45750000000001
2025-12-06T03:00:00+00:00,82.40073105382878,62.2275
2025-12-06T04:00:00+00:00,82.23254387506624,59.855000000000004
2025-12-06T05:00:00+00:00,82.35618141107648,61.072500000000005
2025-12-06T06:00:00+00:00,83.07297879933134,68.955
2025-12-06T07:00:00+00:00,82.1261681503425,74.765
2025-12-06T08:00:00+00:00,81.91781964810838,79.1
2025-12-06T09:00:00+00:00,81.99066280010443,79.8425
2025-12-06T10:00:00+00:00,82.04998180209684,81.9725
2025-12-06T11:00:00+00:00,81.97412682873333,82.4975
2025-12-06T12:00:00+00:00,80.8037044198895,83.3775
2025-12-06T13:00:00+00:00,80.41495639666668,85.60249999999999
2025-12-06T14:00:00+00:00,82.12816495823037,87.1
2025-12-06T15:00:00+00:00,82.09963158059274,93.2975
2025-12-06T16:00:00+00:00,82.29543901001111,95.7525
2025-12-06T17:00:00+00:00,82.27418554317907,91.9975
2025-12-06T18:00:00+00:00,82.24650849039826,83.23
2025-12-06T19:00:00+00:00,82.07659953805742,78.8825
2025-12-06T20:00:00+00:00,82.05573319622033,75.0925
2025-12-06T21:00:00+00:00,82.04128962002773,76.70750000000001
2025-12-06T22:00:00+00:00,81.9829005828844,69.415
2025-12-06T23:00:00+00:00,81.83907707806426,62.005
2025-12-07T00:00:00+00:00,81.8004188094354,57.0025
2025-12-07T01:00:00+00:00,81.68023355101045,54.02
2025-12-07T02:00:00+00:00,80.99237220976424,53.5975
2025-12-07T03:00:00+00:00,80.80370441988951,56.1975
2025-12-07T04:00:00+00:00,80.99237220976437,62.45
2025-12-07T05:00:00+00:00,81.81185581118274,67.74249999999999
2025-12-07T06:00:00+00:00,81.96279139501891,74.815
2025-12-07T07:00:00+00:00,82.13264319350934,76.775
2025-12-07T08:00:00+00:00,82.12724164576194,82.94
2025-12-07T09:00:00+00:00,82.03042222626392,85.4975
2025-12-07T10:00:00+00:00,82.09727942349127,86.9675
2025-12-07T11:00:00+00:00,82.08883339447486,89.0975
2025-12-07T12:00:00+00:00,82.16559375645897,91.09
2025-12-07T13:00:00+00:00,82.62714086193901,96.425
2025-12-07T14:00:00+00:00,84.63499256310935,102.0675
2025-12-07T15:00:00+00:00,86.23099607181112,110.5975
2025-12-07T16:00:00+00:00,86.04764277582446,105.9025
2025-12-07T17:00:00+00:00,84.36933997974421,106.5625
2025-12-07T18:00:00+00:00,83.91979020731637,95.3225
2025-12-07T19:00:00+00:00,82.35605132714139,86.81
2025-12-07T20:00:00+00:00,82.13312393810845,80.71000000000001
2025-12-07T21:00:00+00:00,78.13876869145238,72.28999999999999
2025-12-07T22:00:00+00:00,72.53637602225533,56.01
2025-12-07T23:00:00+00:00,42.719111069398714,36.985
2025-12-08T00:00:00+00:00,45.93329370591057,37.8575
2025-12-08T01:00:00+00:00,37.07833474691526,25.8475
2025-12-08T02:00:00+00:00,37.06578036158707,19.395
2025-12-08T03:00:00+00:00,37.94949387049822,15.9725
2025-12-08T04:00:00+00:00,62.16806142628008,30.1025
2025-12-08T05:00:00+00:00,81.14490917778002,47.7575
2025-12-08T06:00:00+00:00,82.51006296188277,75.6
2025-12-08T07:00:00+00:00,82.81577139532035,74.6125
2025-12-08T08:00:00+00:00,82.77552931421951,73.2325
2025-12-08T09:00:00+00:00,82.48720532923682,74.4
2025-12-08T10:00:00+00:00,82.87076541544101,73.0025
2025-12-08T11:00:00+00:00,82.89074856837355,68.7975
2025-12-08T12:00:00+00:00,82.68891486492574,72.755
2025-12-08T13:00:00+00:00,82.50228636206128,81.02
2025-12-08T14:00:00+00:00,82.89074856837355,88.7025
2025-12-08T15:00:00+00:00,82.89074856837355,93.30250000000001
2025-12-08T16:00:00+00:00,82.8907485683726,98.2
2025-12-08T17:00:00+00:00,82.89074856837351,98.765
2025-12-08T18:00:00+00:00,82.89074856837355,93.4
2025-12-08T19:00:00+00:00,82.80822678162073,88.3975
2025-12-08T20:00:00+00:00,82.39216698776363,83.23750000000001
2025-12-08T21:00:00+00:00,82.14072044650763,78.89
2025-12-08T22:00:00+00:00,82.01252096757361,70.7
2025-12-08T23:00:00+00:00,81.98292807312968,72.63250000000001
2025-12-09T00:00:00+00:00,81.96861792290491,70.715
2025-12-09T01:00:00+00:00,81.90992918486701,68.5175
2025-12-09T02:00:00+00:00,81.50968500913201,74.8
2025-12-09T03:00:00+00:00,82.29181979274681,79.0475
2025-12-09T04:00:00+00:00,86.23099607181119,82.09
2025-12-09T05:00:00+00:00,86.35358706588767,96.9675
2025-12-09T06:00:00+00:00,87.27774347851326,111.295
2025-12-09T07:00:00+00:00,88.09397315547157,120.85249999999999
2025-12-09T08:00:00+00:00,87.13136210365597,105.93
2025-12-09T09:00:00+00:00,86.31570176100213,98.935
2025-12-09T10:00:00+00:00,86.64838005255,91.79
2025-12-09T11:00:00+00:00,86.31570176100213,90.33250000000001
2025-12-09T12:00:00+00:00,86.31570176100213,91.725
2025-12-09T13:00:00+00:00,86.31570176100213,97.7675
2025-12-09T14:00:00+00:00,87.27774347851326,101.225
2025-12-09T15:00:00+00:00,87.35924712701645,106.2475
2025-12-09T16:00:00+00:00,87.61349761950575,110.9025
2025-12-09T17:00:00+00:00,87.0865472393254,99.2975
2025-12-09T18:00:00+00:00,86.72605280002266,91.8
2025-12-09T19:00:00+00:00,86.71698691222986,88.2625
2025-12-09T20:00:00+00:00,86.04764277582429,80.0175
2025-12-09T21:00:00+00:00,82.50984592141897,71.995
2025-12-09T22:00:00+00:00,82.05061043686888,63.730000000000004
2025-12-09T23:00:00+00:00,81.63746830070072,52.09
2025-12-10T00:00:00+00:00,79.82551755925928,43.8925
2025-12-10T01:00:00+00:00,79.55970634100572,42.4475
2025-12-10T02:00:00+00:00,79.55970634100555,42.692499999999995
2025-12-10T03:00:00+00:00,79.58762382624673,54.01
2025-12-10T04:00:00+00:00,82.11003151206619,64.9625
2025-12-10T05:00:00+00:00,84.16623638556324,81.9
2025-12-10T06:00:00+00:00,86.28549023585008,98.2925
2025-12-10T07:00:00+00:00,86.31570176100213,106.35
2025-12-10T08:00:00+00:00,86.31570176100213,98.80250000000001
2025-12-10T09:00:00+00:00,84.16623638556632,90.8
2025-12-10T10:00:00+00:00,82.133862229073,87.7775
2025-12-10T11:00:00+00:00,82.00209868038253,87.1775
2025-12-10T12:00:00+00:00,82.00209868038255,89.1
2025-12-10T13:00:00+00:00,82.00209868038297,94.175
2025-12-10T14:00:00+00:00,83.53278025071246,102.9325
2025-12-10T15:00:00+00:00,86.29392491678757,105.795
2025-12-10T16:00:00+00:00,86.71698691222961,105.785
2025-12-10T17:00:00+00:00,86.45117933769001,105.2425
2025-12-10T18:00:00+00:00,86.31570176100213,94.7575
2025-12-10T19:00:00+00:00,86.07086006235063,90.12
2025-12-10T20:00:00+00:00,84.36933997974351,84.945
2025-12-10T21:00:00+00:00,81.86872040119135,85.9975
2025-12-10T22:00:00+00:00,82.06625834934444,75.9175
2025-12-10T23:00:00+00:00,82.00209868038255,70.2125
2025-12-11T00:00:00+00:00,82.00209868038259,64.33749999999999
2025-12-11T01:00:00+00:00,82.00209868038243,64.00999999999999
2025-12-11T02:00:00+00:00,82.0020986803825,65.765
2025-12-11T03:00:00+00:00,82.00209868038253,71.0125
2025-12-11T04:00:00+00:00,82.06063039493942,78.355
2025-12-11T05:00:00+00:00,86.23099607181172,86.4275
2025-12-11T06:00:00+00:00,86.31570176100226,100.3
2025-12-11T07:00:00+00:00,86.71698691222957,108.7
2025-12-11T08:00:00+00:00,86.71698691223169,104.8175
2025-12-11T09:00:00+00:00,86.23099607181119,92.7
2025-12-11T10:00:00+00:00,82.64249647238222,89.0825
2025-12-11T11:00:00+00:00,82.0430719176696,89.0575
2025-12-11T12:00:00+00:00,82.01862955149065,91.4
2025-12-11T13:00:00+00:00,82.11884321147383,101.80250000000001
2025-12-11T14:00:00+00:00,86.04764277582429,110.39
2025-12-11T15:00:00+00:00,86.31570176100213,118.6975
2025-12-11T16:00:00+00:00,86.99629079279683,123.0
2025-12-11T17:00:00+00:00,86.98905011657307,122.14750000000001
2025-12-11T18:00:00+00:00,87.0198348927351,117.175
2025-12-11T19:00:00+00:00,86.71698691222986,108.8075
2025-12-11T20:00:00+00:00,86.62608674396041,100.14
2025-12-11T21:00:00+00:00,86.23099607181119,102.3425
2025-12-11T22:00:00+00:00,84.78085375972046,99.35
2025-12-11T23:00:00+00:00,83.01235141226938,83.8
2025-12-12T00:00:00+00:00,86.31570176100213,87.0975
2025-12-12T01:00:00+00:00,86.31570176100213,87.7025
2025-12-12T02:00:00+00:00,86.31570176100213,82.6775
2025-12-12T03:00:00+00:00,86.31570176100213,85.54249999999999
2025-12-12T04:00:00+00:00,89.9820568888503,91.3575
2025-12-12T05:00:00+00:00,94.66603954833569,113.1
2025-12-12T06:00:00+00:00,95.33404643461108,134.1975
2025-12-12T07:00:00+00:00,96.18159667398007,137.4875
2025-12-12T08:00:00+00:00,95.27611547801155,132.09
2025-12-12T09:00:00+00:00,93.99595408490612,122.1975
2025-12-12T10:00:00+00:00,91.99514550150508,119.4125
2025-12-12T11:00:00+00:00,89.44743728113035,118.9675
2025-12-12T12:00:00+00:00,87.27774347851326,113.8025
2025-12-12T13:00:00+00:00,88.88713144541705,124.11
2025-12-12T14:00:00+00:00,91.99514550150508,145.6975
2025-12-12T15:00:00+00:00,94.66603954833569,158.8
2025-12-12T16:00:00+00:00,96.65227020601144,153.555
2025-12-12T17:00:00+00:00,95.32810934935273,142.235
2025-12-12T18:00:00+00:00,95.33289305846792,131.4
2025-12-12T19:00:00+00:00,94.99008524937977,123.9625
2025-12-12T20:00:00+00:00,94.2018087531362,107.7975
2025-12-12T21:00:00+00:00,88.85490044075962,102.4475
2025-12-12T22:00:00+00:00,86.98739156894136,94.355
2025-12-12T23:00:00+00:00,86.31570176100213,93.9975
2025-12-13T00:00:00+00:00,86.31570176100213,90.2
2025-12-13T01:00:00+00:00,86.0476427758236,89.6025
2025-12-13T02:00:00+00:00,86.03440456474702,87.705
2025-12-13T03:00:00+00:00,86.03440456474705,85.8375
2025-12-13T04:00:00+00:00,86.04764277582436,88.13
2025-12-13T05:00:00+00:00,86.31570176100213,91.265
2025-12-13T06:00:00+00:00,86.33972243523901,95.1825
2025-12-13T07:00:00+00:00,86.37676815257645,105.48
2025-12-13T08:00:00+00:00,86.31570176100213,106.4125
2025-12-13T09:00:00+00:00,86.2906590109934,101.015
2025-12-13T10:00:00+00:00,85.78124667948093,98.36
2025-12-13T11:00:00+00:00,85.76689278919568,94.0
2025-12-13T12:00:00+00:00,85.83056076802649,95.5925
2025-12-13T13:00:00+00:00,85.83233840640168,99.9975
2025-12-13T14:00:00+00:00,86.27507724880401,109.3925
2025-12-13T15:00:00+00:00,86.52454711570068,115.945
2025-12-13T16:00:00+00:00,86.773410627617,118.2925
2025-12-13T17:00:00+00:00,86.72996730234671,113.16499999999999
2025-12-13T18:00:00+00:00,86.5611795445684,102.8125
2025-12-13T19:00:00+00:00,86.71698691222986,94.195
2025-12-13T20:00:00+00:00,86.71698691222986,88.6125
2025-12-13T21:00:00+00:00,86.04764277582561,85.1
2025-12-13T22:00:00+00:00,82.34954061980847,81.1
2025-12-13T23:00:00+00:00,82.05826787641712,82.75
2025-12-14T00:00:00+00:00,82.00209868038255,78.5975
2025-12-14T01:00:00+00:00,82.00201941575696,75.545
2025-12-14T02:00:00+00:00,81.98576259635243,73.4
2025-12-14T03:00:00+00:00,81.9848971130422,72.3
2025-12-14T04:00:00+00:00,81.98494348837616,70.055
2025-12-14T05:00:00+00:00,81.994239512198,71.32000000000001
2025-12-14T06:00:00+00:00,82.04731291775306,73.91749999999999
2025-12-14T07:00:00+00:00,82.06847385888328,78.44
2025-12-14T08:00:00+00:00,82.09516210752956,81.115
2025-12-14T09:00:00+00:00,82.00193681856122,81.05
2025-12-14T10:00:00+00:00,82.00161206956555,78.03
2025-12-14T11:00:00+00:00,80.40358344521594,77.59
2025-12-14T12:00:00+00:00,77.44338490067344,77.0325
2025-12-14T13:00:00+00:00,77.5814269137698,82.9025
2025-12-14T14:00:00+00:00,80.99237220976426,90.2975
2025-12-14T15:00:00+00:00,84.46535799683195,93.39750000000001
2025-12-14T16:00:00+00:00,86.0476427758235,95.7025
2025-12-14T17:00:00+00:00,85.87263860298637,92.1275
2025-12-14T18:00:00+00:00,85.87116203590136,89.935
2025-12-14T19:00:00+00:00,85.86407772239058,82.5975
2025-12-14T20:00:00+00:00,84.16623638556709,80.1325
2025-12-14T21:00:00+00:00,82.62426315474372,78.3875
2025-12-14T22:00:00+00:00,82.0947015970426,72.9975
2025-12-14T23:00:00+00:00,81.99515637688884,70.88
2025-12-15T00:00:00+00:00,81.82515974336809,69.88
2025-12-15T01:00:00+00:00,81.70838638868906,66.74000000000001
2025-12-15T02:00:00+00:00,80.48720070527163,69.75750000000001
2025-12-15T03:00:00+00:00,80.8037044198895,72.0
2025-12-15T04:00:00+00:00,82.38949901227262,80.0
2025-12-15T05:00:00+00:00,86.04764277582429,94.09
2025-12-15T06:00:00+00:00,86.31570176100213,111.8375
2025-12-15T07:00:00+00:00,86.71698691222986,118.5825
2025-12-15T08:00:00+00:00,86.31570176100213,110.5325
2025-12-15T09:00:00+00:00,84.16623638556709,97.8
2025-12-15T10:00:00+00:00,81.95634467178301,93.8375
2025-12-15T11:00:00+00:00,81.12645728566486,88.295
2025-12-15T12:00:00+00:00,80.61821029274464,93.085
2025-12-15T13:00:00+00:00,80.68708144639828,105.43
2025-12-15T14:00:00+00:00,82.4788325134707,118.65
2025-12-15T15:00:00+00:00,86.2309960718095,120.3875
2025-12-15T16:00:00+00:00,87.61742267413034,121.315
2025-12-15T17:00:00+00:00,86.9667867363772,115.825
2025-12-15T18:00:00+00:00,86.69234864166293,106.0
2025-12-15T19:00:00+00:00,86.31570176100213,99.09
2025-12-15T20:00:00+00:00,86.04764277582429,90.0875
2025-12-15T21:00:00+00:00,86.04764277582429,87.8325
2025-12-15T22:00:00+00:00,86.04764277582429,83.0
2025-12-15T23:00:00+00:00,84.21355700950477,82.0975
2025-12-16T00:00:00+00:00,86.04764277582429,81.0
2025-12-16T01:00:00+00:00,86.04764277582429,79.3025
2025-12-16T02:00:00+00:00,86.04284087512023,79.2975
2025-12-16T03:00:00+00:00,86.04764277582429,82.5725
2025-12-16T04:00:00+00:00,86.71698691222986,79.2975
2025-12-16T05:00:00+00:00,87.66583560134748,90.0
2025-12-16T06:00:00+00:00,89.55626954980761,106.12
2025-12-16T07:00:00+00:00,90.9179613625408,122.88749999999999
2025-12-16T08:00:00+00:00,90.18206797846662,111.2025
2025-12-16T09:00:00+00:00,87.27774347851326,99.1175
2025-12-16T10:00:00+00:00,86.31570176100213,97.535
2025-12-16T11:00:00+00:00,84.36933997974427,95.705
2025-12-16T12:00:00+00:00,84.16623638556709,109.5975
2025-12-16T13:00:00+00:00,86.31570176100213,115.715
2025-12-16T14:00:00+00:00,87.27774347851326,134.6025
2025-12-16T15:00:00+00:00,90.9179613625408,146.005
2025-12-16T16:00:00+00:00,92.7803688121525,155.28
2025-12-16T17:00:00+00:00,92.24879452396752,150.0975
2025-12-16T18:00:00+00:00,92.27019125301959,140.285
2025-12-16T19:00:00+00:00,91.99514550150508,128.4675
2025-12-16T20:00:00+00:00,90.94421388510212,116.1
2025-12-16T21:00:00+00:00,91.99514550150508,110.85499999999999
2025-12-16T22:00:00+00:00,87.5643237764909,100.94
2025-12-16T23:00:00+00:00,86.71698691222986,94.3775
2025-12-17T00:00:00+00:00,90.37329969005728,91.045
2025-12-17T01:00:00+00:00,89.30892877833253,87.1
2025-12-17T02:00:00+00:00,90.40987631796078,88.4
2025-12-17T03:00:00+00:00,90.52172025360495,87.3525
2025-12-17T04:00:00+00:00,91.83325051640648,92.9875
2025-12-17T05:00:00+00:00,94.52332548776812,106.9
2025-12-17T06:00:00+00:00,96.35095580182262,127.52
2025-12-17T07:00:00+00:00,97.0494658507073,136.4025
2025-12-17T08:00:00+00:00,96.90724880925647,129.695
2025-12-17T09:00:00+00:00,93.2738154794194,120.3
2025-12-17T10:00:00+00:00,91.68098141887295,113.8
2025-12-17T11:00:00+00:00,87.27774347851326,111.6325
2025-12-17T12:00:00+00:00,86.71698691222986,116.03999999999999
2025-12-17T13:00:00+00:00,90.61022402537311,122.91
2025-12-17T14:00:00+00:00,91.99514550150404,132.0025
2025-12-17T15:00:00+00:00,92.2285372693583,138.985
2025-12-17T16:00:00+00:00,95.1404434638531,130.8025
2025-12-17T17:00:00+00:00,95.1404434638531,119.3325
2025-12-17T18:00:00+00:00,94.02730550492417,104.77
2025-12-17T19:00:00+00:00,92.25592414358323,93.8
2025-12-17T20:00:00+00:00,91.99514550150508,86.27000000000001
2025-12-17T21:00:00+00:00,88.75464634146343,82.9475
2025-12-17T22:00:00+00:00,86.31570176100213,76.6275
2025-12-17T23:00:00+00:00,86.04764277582429,75.0125
2025-12-18T00:00:00+00:00,84.36933997974434,71.09
2025-12-18T01:00:00+00:00,83.99465232592071,66.2
2025-12-18T02:00:00+00:00,83.86131789738059,63.4075
2025-12-18T03:00:00+00:00,83.99841332173685,62.125
2025-12-18T04:00:00+00:00,84.20269999305164,61.915
2025-12-18T05:00:00+00:00,85.35167625479731,74.9675
2025-12-18T06:00:00+00:00,86.04764277582429,86.19
2025-12-18T07:00:00+00:00,86.23099607181119,91.9475
2025-12-18T08:00:00+00:00,86.04764277582429,87.69
2025-12-18T09:00:00+00:00,82.73795670241374,83.78
2025-12-18T10:00:00+00:00,82.15484200940281,79.4
2025-12-18T11:00:00+00:00,73.35456882281295,86.4
2025-12-18T12:00:00+00:00,64.24905011198001,85.8325
2025-12-18T13:00:00+00:00,64.24905011198123,94.0975
2025-12-18T14:00:00+00:00,69.36203121266081,99.0575
2025-12-18T15:00:00+00:00,80.99237220976423,105.47
2025-12-18T16:00:00+00:00,85.66540014930804,97.9025
2025-12-18T17:00:00+00:00,85.66434541329488,88.84
2025-12-18T18:00:00+00:00,82.98389411611737,77.2175
2025-12-18T19:00:00+00:00,82.21877709722537,68.93
2025-12-18T20:00:00+00:00,67.85015540350727,59.28
2025-12-18T21:00:00+00:00,44.55417707029088,49.442499999999995
2025-12-18T22:00:00+00:00,42.593373024004954,28.48
2025-12-18T23:00:00+00:00,38.50132220293217,13.11
2025-12-19T00:00:00+00:00,41.28511612847675,7.4225
2025-12-19T01:00:00+00:00,36.319957771437004,5.8925
2025-12-19T02:00:00+00:00,41.28511612847679,4.56
2025-12-19T03:00:00+00:00,41.28511612847675,8.299999999999999
2025-12-19T04:00:00+00:00,52.09790744227681,20.0
2025-12-19T05:00:00+00:00,69.45033679776999,55.0
2025-12-19T06:00:00+00:00,81.40358008778117,74.6575
2025-12-19T07:00:00+00:00,85.67102442934744,85.2975
2025-12-19T08:00:00+00:00,85.5383289516949,84.465
2025-12-19T09:00:00+00:00,82.16555576881213,82.1975
2025-12-19T10:00:00+00:00,83.70713029918535,81.0375
2025-12-19T11:00:00+00:00,82.05758123573476,82.985
2025-12-19T12:00:00+00:00,82.00209868038257,87.0025
2025-12-19T13:00:00+00:00,82.01056078170512,99.16
2025-12-19T14:00:00+00:00,84.36933997974427,104.6325
2025-12-19T15:00:00+00:00,86.29065901099311,111.88499999999999
2025-12-19T16:00:00+00:00,86.31570176100213,114.0275
2025-12-19T17:00:00+00:00,86.29563434795985,109.53
2025-12-19T18:00:00+00:00,86.29065901099311,105.66499999999999
2025-12-19T19:00:00+00:00,86.29065901099311,102.9025
2025-12-19T20:00:00+00:00,86.29065901099311,97.7
2025-12-19T21:00:00+00:00,86.29065901099311,97.8725
2025-12-19T22:00:00+00:00,86.04764277582429,92.72
2025-12-19T23:00:00+00:00,84.14874926856874,85.5975
2025-12-20T00:00:00+00:00,82.14718604149934,84.1275
2025-12-20T01:00:00+00:00,82.14718678677636,82.48
2025-12-20T02:00:00+00:00,82.14909848255623,84.86
2025-12-20T03:00:00+00:00,82.14985044614036,85.2
2025-12-20T04:00:00+00:00,86.04764277582429,88.39
2025-12-20T05:00:00+00:00,86.31570176100213,89.4075
2025-12-20T06:00:00+00:00,88.15344162509173,96.9
2025-12-20T07:00:00+00:00,91.4211606108347,109.2875
2025-12-20T08:00:00+00:00,91.78363139037393,110.11
2025-12-20T09:00:00+00:00,87.20149888617664,105.365
2025-12-20T10:00:00+00:00,86.31570176100213,101.6825
2025-12-20T11:00:00+00:00,86.04764277582429,101.69749999999999
2025-12-20T12:00:00+00:00,86.04764277582429,101.1
2025-12-20T13:00:00+00:00,86.31570176100213,108.41
2025-12-20T14:00:00+00:00,91.08298509493936,116.4025
2025-12-20T15:00:00+00:00,91.99514550150478,120.555
2025-12-20T16:00:00+00:00,92.09761591579738,117.8675
2025-12-20T17:00:00+00:00,91.99514550150508,116.4375
2025-12-20T18:00:00+00:00,91.94086092076732,107.4975
2025-12-20T19:00:00+00:00,91.71337442919126,99.5025
2025-12-20T20:00:00+00:00,87.79680589135835,91.94
2025-12-20T21:00:00+00:00,86.71698691222986,91.9025
2025-12-20T22:00:00+00:00,86.31570176100213,88.31
2025-12-20T23:00:00+00:00,83.82847901989948,90.89
2025-12-21T00:00:00+00:00,82.21551911968685,88.6175
2025-12-21T01:00:00+00:00,82.32843669132077,88.0
2025-12-21T02:00:00+00:00,82.36015726747638,85.42750000000001
2025-12-21T03:00:00+00:00,82.42918448069736,85.9125
2025-12-21T04:00:00+00:00,82.42918448069736,84.34
2025-12-21T05:00:00+00:00,84.16623638556705,84.395
2025-12-21T06:00:00+00:00,86.04764277582437,84.5
2025-12-21T07:00:00+00:00,86.04764277582383,89.185
2025-12-21T08:00:00+00:00,86.04764277582389,91.12
2025-12-21T09:00:00+00:00,84.28396445845829,90.49000000000001
2025-12-21T10:00:00+00:00,82.68882404205034,91.0025
2025-12-21T11:00:00+00:00,81.92026238590749,89.84
2025-12-21T12:00:00+00:00,80.99237220976431,89.685
2025-12-21T13:00:00+00:00,80.99237220976424,92.1125
2025-12-21T14:00:00+00:00,82.23273874940178,98.21000000000001
2025-12-21T15:00:00+00:00,84.13569943060564,100.725
2025-12-21T16:00:00+00:00,84.36933997974025,99.39750000000001
2025-12-21T17:00:00+00:00,84.35567267548095,94.0025
2025-12-21T18:00:00+00:00,84.16623638556,88.21000000000001
2025-12-21T19:00:00+00:00,83.92536259278167,81.505
2025-12-21T20:00:00+00:00,82.46248826299366,75.9975
2025-12-21T21:00:00+00:00,82.2800078681929,73.4
2025-12-21T22:00:00+00:00,82.12473191033548,65.94
2025-12-21T23:00:00+00:00,81.99210869573338,68.02
2025-12-22T00:00:00+00:00,81.66907954667435,62.5525
2025-12-22T01:00:00+00:00,81.5537917327168,59.2525
2025-12-22T02:00:00+00:00,80.8037044198895,56.955
2025-12-22T03:00:00+00:00,82.32321607556064,58.182500000000005
2025-12-22T04:00:00+00:00,82.11284362830943,66.9325
2025-12-22T05:00:00+00:00,86.31570176100213,77.28
2025-12-22T06:00:00+00:00,86.71698691222986,88.3425
2025-12-22T07:00:00+00:00,86.71803113040787,99.81
2025-12-22T08:00:00+00:00,86.71770961742588,98.55250000000001
2025-12-22T09:00:00+00:00,86.71698691222986,96.23
2025-12-22T10:00:00+00:00,86.7148205712586,90.89750000000001
2025-12-22T11:00:00+00:00,86.04764277582429,87.83
2025-12-22T12:00:00+00:00,85.60576971917914,88.4025
2025-12-22T13:00:00+00:00,86.04764277582429,95.095
2025-12-22T14:00:00+00:00,86.31570176100213,103.135
2025-12-22T15:00:00+00:00,86.71274055105953,109.1225
2025-12-22T16:00:00+00:00,86.72930757774162,110.7175
2025-12-22T17:00:00+00:00,86.71701261120687,109.74
2025-12-22T18:00:00+00:00,86.71698691222986,103.4125
2025-12-22T19:00:00+00:00,86.71698691222986,99.89750000000001
2025-12-22T20:00:00+00:00,86.7145330175427,92.66749999999999
2025-12-22T21:00:00+00:00,86.31570176100213,91.2225
2025-12-22T22:00:00+00:00,86.04764277582429,84.685
2025-12-22T23:00:00+00:00,82.09331008923942,76.17750000000001
2025-12-23T00:00:00+00:00,82.01325997915973,71.9625
2025-12-23T01:00:00+00:00,81.9937766991105,69.1775
2025-12-23T02:00:00+00:00,81.85259235469819,68.065
2025-12-23T03:00:00+00:00,81.85259235469819,69.14
2025-12-23T04:00:00+00:00,82.01991433646319,72.17
2025-12-23T05:00:00+00:00,84.32410713261446,75.91749999999999
2025-12-23T06:00:00+00:00,86.04764277582429,84.9375
2025-12-23T07:00:00+00:00,86.04764277582429,88.5775
2025-12-23T08:00:00+00:00,86.04992861357839,88.7
2025-12-23T09:00:00+00:00,84.55419489268071,86.0
2025-12-23T10:00:00+00:00,84.2148212955499,82.455
2025-12-23T11:00:00+00:00,84.19932320264473,82.0
2025-12-23T12:00:00+00:00,82.52484560673958,81.1925
2025-12-23T13:00:00+00:00,83.69511250832124,83.32249999999999
2025-12-23T14:00:00+00:00,84.19596715471572,85.61
2025-12-23T15:00:00+00:00,84.54552083319656,86.33
2025-12-23T16:00:00+00:00,86.04764277582429,89.41
2025-12-23T17:00:00+00:00,84.5293192874797,85.4025
2025-12-23T18:00:00+00:00,84.55665755812593,81.30250000000001
2025-12-23T19:00:00+00:00,84.36933997974427,74.3025
2025-12-23T20:00:00+00:00,84.23012589528776,70.0825
2025-12-23T21:00:00+00:00,82.38875135351344,70.80000000000001
2025-12-23T22:00:00+00:00,82.00209868038256,61.9675
2025-12-23T23:00:00+00:00,81.98478036980812,49.6125
2025-12-24T00:00:00+00:00,81.79474830580284,44.8025
2025-12-24T01:00:00+00:00,81.70666235193576,36.84
2025-12-24T02:00:00+00:00,81.28031404794861,38.275
2025-12-24T03:00:00+00:00,79.3957275875825,38.335
2025-12-24T04:00:00+00:00,79.50029294579788,39.94
2025-12-24T05:00:00+00:00,80.90960164950381,46.260000000000005
2025-12-24T06:00:00+00:00,81.80193938594411,57.745
2025-12-24T07:00:00+00:00,82.08514353517998,69.9025
2025-12-24T08:00:00+00:00,82.10712863461073,73.4625
2025-12-24T09:00:00+00:00,81.95863307577308,70.6875
2025-12-24T10:00:00+00:00,81.92345860998688,68.18
2025-12-24T11:00:00+00:00,74.03892273076444,57.6
2025-12-24T12:00:00+00:00,62.29763534101706,55.235
2025-12-24T13:00:00+00:00,60.10737013871973,56.457499999999996
2025-12-24T14:00:00+00:00,71.28911859938871,71.34
2025-12-24T15:00:00+00:00,81.67827738642333,74.5975
2025-12-24T16:00:00+00:00,82.16593628130656,74.1
2025-12-24T17:00:00+00:00,82.09077520367705,69.2975
2025-12-24T18:00:00+00:00,82.0338655196008,64.4
2025-12-24T19:00:00+00:00,81.93327446849266,65.2475
2025-12-24T20:00:00+00:00,81.80048501817899,58.02
2025-12-24T21:00:00+00:00,81.6584366740995,62.067499999999995
2025-12-24T22:00:00+00:00,81.98224692072839,49.6025
2025-12-24T23:00:00+00:00,81.8360462232094,57.6825
2025-12-25T00:00:00+00:00,80.99237220976424,48.17
2025-12-25T01:00:00+00:00,80.58665079265965,46.447500000000005
2025-12-25T02:00:00+00:00,69.98566464596234,44.8
2025-12-25T03:00:00+00:00,70.02894342894906,44.725
2025-12-25T04:00:00+00:00,75.4171580602372,47.7125
2025-12-25T05:00:00+00:00,69.71174105062886,49.64
2025-12-25T06:00:00+00:00,80.8037044198895,56.0975
2025-12-25T07:00:00+00:00,81.92400659703011,65.9425
2025-12-25T08:00:00+00:00,81.94605824284741,52.765
2025-12-25T09:00:00+00:00,66.75895429934951,28.6775
2025-12-25T10:00:00+00:00,60.01799471687275,18.9875
2025-12-25T11:00:00+00:00,33.07096635375225,16.8525
2025-12-25T12:00:00+00:00,19.979914529914527,32.214999999999996
2025-12-25T13:00:00+00:00,24.776203621537054,70.2625
2025-12-25T14:00:00+00:00,49.797866943006056,83.795
2025-12-25T15:00:00+00:00,80.5251551304226,87.925
2025-12-25T16:00:00+00:00,82.61711683846553,91.6
2025-12-25T17:00:00+00:00,82.61711683846556,94.7125
2025-12-25T18:00:00+00:00,82.61711683846544,94.5
2025-12-25T19:00:00+00:00,82.61711683846711,101.13
2025-12-25T20:00:00+00:00,82.61711683846539,98.3425
2025-12-25T21:00:00+00:00,82.6171168384655,98.1975
2025-12-25T22:00:00+00:00,82.58703315154484,99.0975
2025-12-25T23:00:00+00:00,82.05018962498485,84.5975
2025-12-26T00:00:00+00:00,82.00209868038255,83.51
2025-12-26T01:00:00+00:00,82.00107771184075,82.10249999999999
2025-12-26T02:00:00+00:00,82.00106957748903,81.7025
2025-12-26T03:00:00+00:00,82.0029474399759,81.25
2025-12-26T04:00:00+00:00,82.00453199075845,83.4375
2025-12-26T05:00:00+00:00,82.00209868038247,82.575
2025-12-26T06:00:00+00:00,82.17379931977614,85.60249999999999
2025-12-26T07:00:00+00:00,83.46103224340347,83.5025
2025-12-26T08:00:00+00:00,84.36933997974427,86.275
2025-12-26T09:00:00+00:00,82.00209868038257,79.06
2025-12-26T10:00:00+00:00,81.81207480828738,70.685
2025-12-26T11:00:00+00:00,67.22382121142024,67.3575
2025-12-26T12:00:00+00:00,63.28300219286498,71.03
2025-12-26T13:00:00+00:00,64.53573208186819,86.08500000000001
2025-12-26T14:00:00+00:00,80.99237220976424,88.6
2025-12-26T15:00:00+00:00,82.2626037731056,96.0975
2025-12-26T16:00:00+00:00,86.04764277582429,95.6
2025-12-26T17:00:00+00:00,86.04764277582429,100.675
2025-12-26T18:00:00+00:00,86.0476427758243,95.3025
2025-12-26T19:00:00+00:00,86.04764277582429,98.10249999999999
2025-12-26T20:00:00+00:00,86.04061924444187,92.4025
2025-12-26T21:00:00+00:00,85.82351121307029,92.0975
2025-12-26T22:00:00+00:00,84.35202064888526,89.41
2025-12-26T23:00:00+00:00,82.14133403755051,89.63
2025-12-27T00:00:00+00:00,82.0020995690878,89.4025
2025-12-27T01:00:00+00:00,82.00209868038259,89.39
2025-12-27T02:00:00+00:00,82.01920803537581,91.2975
2025-12-27T03:00:00+00:00,82.03088540536797,91.9
2025-12-27T04:00:00+00:00,82.030885405368,92.9
2025-12-27T05:00:00+00:00,82.04509568866862,94.2
2025-12-27T06:00:00+00:00,82.17822868053806,96.8
2025-12-27T07:00:00+00:00,82.25933731958253,111.4975
2025-12-27T08:00:00+00:00,82.00209959040075,109.8025
2025-12-27T09:00:00+00:00,82.00199754491526,90.015
2025-12-27T10:00:00+00:00,80.8037044198895,78.3875
2025-12-27T11:00:00+00:00,61.64600370347946,73.915
2025-12-27T12:00:00+00:00,60.40326383966909,78.25
2025-12-27T13:00:00+00:00,60.40510421324771,90.4175
2025-12-27T14:00:00+00:00,66.00307864270711,98.9525
2025-12-27T15:00:00+00:00,81.99912525289291,109.5
2025-12-27T16:00:00+00:00,82.19467160463988,107.82249999999999
2025-12-27T17:00:00+00:00,82.1946716046394,107.7675
2025-12-27T18:00:00+00:00,82.19467160463967,102.86500000000001
2025-12-27T19:00:00+00:00,82.16985452915274,95.69749999999999
2025-12-27T20:00:00+00:00,82.09744367211665,92.7
2025-12-27T21:00:00+00:00,82.1059716597484,89.815
2025-12-27T22:00:00+00:00,82.00213240041406,82.10000000000001
2025-12-27T23:00:00+00:00,82.00215772262791,79.9175
2025-12-28T00:00:00+00:00,82.00214370520601,81.1625
2025-12-28T01:00:00+00:00,82.0020864517516,80.09
2025-12-28T02:00:00+00:00,82.00119028204057,80.0025
2025-12-28T03:00:00+00:00,82.00105347085103,79.3775
2025-12-28T04:00:00+00:00,82.01121252031898,80.72749999999999
2025-12-28T05:00:00+00:00,82.07924666247352,82.0625
2025-12-28T06:00:00+00:00,84.16623638556699,80.42
2025-12-28T07:00:00+00:00,84.63445203366601,88.1
2025-12-28T08:00:00+00:00,84.60750553443148,87.08749999999999
2025-12-28T09:00:00+00:00,82.00216805118369,84.205
2025-12-28T10:00:00+00:00,82.00203186989364,82.6875
2025-12-28T11:00:00+00:00,81.44454741264101,79.63000000000001
2025-12-28T12:00:00+00:00,67.9475474637845,84.6
2025-12-28T13:00:00+00:00,69.70079585972749,85.715
2025-12-28T14:00:00+00:00,81.85851309909894,90.9025
2025-12-28T15:00:00+00:00,82.00225025189528,101.7925
2025-12-28T16:00:00+00:00,86.0476427758264,106.9425
2025-12-28T17:00:00+00:00,86.04764277582102,114.1
2025-12-28T18:00:00+00:00,85.66915216697113,104.9
2025-12-28T19:00:00+00:00,84.4103435704774,97.9
2025-12-28T20:00:00+00:00,83.47404905793414,92.5
2025-12-28T21:00:00+00:00,82.12167611551382,89.01
2025-12-28T22:00:00+00:00,82.00209868038257,81.5325
2025-12-28T23:00:00+00:00,82.00209868038252,83.03
2025-12-29T00:00:00+00:00,82.00209868038256,78.6
2025-12-29T01:00:00+00:00,82.00209868038255,74.52
2025-12-29T02:00:00+00:00,82.00209868038255,75.67
2025-12-29T03:00:00+00:00,82.00209868038255,71.1
2025-12-29T04:00:00+00:00,82.00209868038256,89.30000000000001
2025-12-29T05:00:00+00:00,82.10560762735588,95.3
2025-12-29T06:00:00+00:00,86.0476427758238,123.39500000000001
2025-12-29T07:00:00+00:00,86.05430390765093,107.6
2025-12-29T08:00:00+00:00,85.60338535390993,119.6
2025-12-29T09:00:00+00:00,82.00209868038259,112.6
2025-12-29T10:00:00+00:00,82.00209868038252,109.8
2025-12-29T11:00:00+00:00,82.00191472864483,95.9
2025-12-29T12:00:00+00:00,82.00104365861614,94.07
2025-12-29T13:00:00+00:00,82.00174016683957,94.405
2025-12-29T14:00:00+00:00,82.00205727763183,100.705
2025-12-29T15:00:00+00:00,85.93203681960384,114.19999999999999
2025-12-29T16:00:00+00:00,86.31570176100213,106.1
2025-12-29T17:00:00+00:00,86.71698691222747,94.89500000000001
2025-12-29T18:00:00+00:00,86.33191995530494,90.5
2025-12-29T19:00:00+00:00,86.23011999270565,103.5
2025-12-29T20:00:00+00:00,86.04764277582429,94.79749999999999
2025-12-29T21:00:00+00:00,84.36933997974431,81.7025
2025-12-29T22:00:00+00:00,82.14259362722133,85.7
2025-12-29T23:00:00+00:00,82.00209868038253,80.89
2025-12-30T00:00:00+00:00,82.00209868038257,77.80000000000001
2025-12-30T01:00:00+00:00,82.00209868038255,74.89
2025-12-30T02:00:00+00:00,82.00209868038255,73.5575
2025-12-30T03:00:00+00:00,82.00209868038255,73.01
2025-12-30T04:00:00+00:00,82.00209868038255,76.045
2025-12-30T05:00:00+00:00,84.16623638556709,80.905
2025-12-30T06:00:00+00:00,86.13360379914312,90.75999999999999
2025-12-30T07:00:00+00:00,86.31570176100213,101.315
2025-12-30T08:00:00+00:00,85.81624829439825,96.30250000000001
2025-12-30T09:00:00+00:00,82.00209868038259,86.75
2025-12-30T10:00:00+00:00,82.00209868038255,80.64750000000001
2025-12-30T11:00:00+00:00,81.99968542939199,77.12
2025-12-30T12:00:00+00:00,80.54748293903802,77.1175
2025-12-30T13:00:00+00:00,78.99043784924464,86.13250000000001
2025-12-30T14:00:00+00:00,81.82818655863916,104.5625
2025-12-30T15:00:00+00:00,86.29065901099311,113.9975
2025-12-30T16:00:00+00:00,88.83023095235527,113.9
2025-12-30T17:00:00+00:00,89.17636157269175,115.9975
2025-12-30T18:00:00+00:00,86.90501494037856,111.3925
2025-12-30T19:00:00+00:00,86.71698691222986,103.4525
2025-12-30T20:00:00+00:00,86.7126689076951,100.0
2025-12-30T21:00:00+00:00,86.31570176100213,98.6
2025-12-30T22:00:00+00:00,86.04764277582429,90.2825
2025-12-30T23:00:00+00:00,83.66569165231496,90.0025
2025-12-31T00:00:00+00:00,82.12233897465762,87.57249999999999
2025-12-31T01:00:00+00:00,82.00209868038257,82.3025
2025-12-31T02:00:00+00:00,82.00209868038256,81.37
2025-12-31T03:00:00+00:00,82.00209868038256,78.83
2025-12-31T04:00:00+00:00,82.00209868038256,79.9525
2025-12-31T05:00:00+00:00,82.10561634620444,79.0325
2025-12-31T06:00:00+00:00,85.42066178490732,85.7975
2025-12-31T07:00:00+00:00,85.7947534002967,85.8525
2025-12-31T08:00:00+00:00,82.29983587999314,85.6825
2025-12-31T09:00:00+00:00,82.00209868038255,82.69999999999999
2025-12-31T10:00:00+00:00,82.00209868038253,80.8025
2025-12-31T11:00:00+00:00,81.8417795094402,78.77250000000001
2025-12-31T12:00:00+00:00,80.09640529391365,78.1875
2025-12-31T13:00:00+00:00,77.61526538597131,82.4025
2025-12-31T14:00:00+00:00,79.081718572198,86.0
2025-12-31T15:00:00+00:00,84.7205722642469,92.2025
2025-12-31T16:00:00+00:00,86.31570176100213,98.7975
2025-12-31T17:00:00+00:00,86.31570176100459,98.7475
2025-12-31T18:00:00+00:00,86.31570176100216,91.5625
2025-12-31T19:00:00+00:00,86.04764277582436,85.06
2025-12-31T20:00:00+00:00,85.41462699552095,78.8825
2025-12-31T21:00:00+00:00,81.68092690456282,76.2825
2025-12-31T22:00:00+00:00,81.54958274486964,69.2575
2025-12-31T23:00:00+00:00,80.27450576743541,51.86
