utc,hydro_mw,inflow_mw,spill_mw,end_inventory_mwh
2025-01-01 00:00:00,6682.722188431086,11539.862315501923,0.0,634649.5942468335
2025-01-01 01:00:00,6696.4253713987455,11541.775415758515,0.0,638750.8970277045
2025-01-01 02:00:00,6580.98543622786,11542.806658158934,0.0,642981.4976456102
2025-01-01 03:00:00,6920.783500674264,11551.452292070599,0.0,646843.1904924874
2025-01-01 04:00:00,7071.8821335416815,11559.188232455075,0.0,650544.7319098961
2025-01-01 05:00:00,7222.204329624599,11564.907579922838,0.0,654084.9680124582
2025-01-01 06:00:00,7443.821650862353,11563.307406936623,0.0,657377.3624739923
2025-01-01 07:00:00,7890.490969783114,11552.222288115854,0.0,660162.3725734603
2025-01-01 08:00:00,8209.884435595162,11542.189313230267,0.0,662582.4680693626
2025-01-01 09:00:00,8346.703934464822,11534.900961406633,0.0,664843.2535480305
2025-01-01 10:00:00,8692.490313901526,11527.105833854823,0.0,666712.0368108836
2025-01-01 11:00:00,9284.183751234941,11519.29783146532,0.0,667915.5749187544
2025-01-01 12:00:00,9128.414971511673,11512.381758792817,0.0,669285.2733758676
2025-01-01 13:00:00,9416.39725965746,11505.966658019977,0.0,670328.576412046
2025-01-01 14:00:00,9844.594240750273,11500.19647475923,0.0,670890.3348415272
2025-01-01 15:00:00,9873.2818445211,11494.742040501036,0.0,671414.7637214492
2025-01-01 16:00:00,9924.241453290104,11489.689668328461,0.0,671877.5184416776
2025-01-01 17:00:00,9712.077574028313,11484.91315065869,0.0,672571.2342878603
2025-01-01 18:00:00,9629.134492157335,11480.525381533775,0.0,673352.7213447748
2025-01-01 19:00:00,9377.770716759125,11476.401861774526,0.0,674409.3779657058
2025-01-01 20:00:00,9079.200662185049,11472.538651083132,0.0,675793.9158810278
2025-01-01 21:00:00,8782.574601597733,11468.862371404179,0.0,677504.3620284345
2025-01-01 22:00:00,8143.870360023659,11465.296495524277,0.0,679920.913679488
2025-01-01 23:00:00,8097.436289955196,11461.931625271538,0.0,682385.693871476
2025-01-02 00:00:00,7744.586760026397,11458.650161925749,0.0,685239.2476333724
2025-01-02 01:00:00,7372.839574932985,11455.442715174582,0.0,688502.6463763993
2025-01-02 02:00:00,7055.964284964657,11452.37601068622,0.0,692115.0620704582
2025-01-02 03:00:00,7056.7880616716175,11449.351628271603,0.0,695723.5380746501
2025-01-02 04:00:00,7602.716544690871,11446.434073365683,0.0,698722.5093205816
2025-01-02 05:00:00,8761.285385250349,11443.562597803033,0.0,700431.3103792175
2025-01-02 06:00:00,9769.869466256603,11440.82166195326,0.0,701016.7215231078
2025-01-02 07:00:00,9896.313931792945,11438.104953649594,0.0,701458.9221080986
2025-01-02 08:00:00,10158.895259580147,11435.47232096236,0.0,701606.7330295275
2025-01-02 09:00:00,10118.233832596303,11432.878700586883,0.0,701797.1296938963
2025-01-02 10:00:00,9692.448053381391,11430.370001899359,0.0,702458.1129698163
2025-01-02 11:00:00,9713.815488586311,11427.868655178918,0.0,703092.8533043438
2025-01-02 12:00:00,9377.114371759604,11425.429811945016,0.0,704099.267147667
2025-01-02 13:00:00,9584.234847459653,11422.973611899712,0.0,704873.0909290558
2025-01-02 14:00:00,9867.481746940335,11420.520685858817,0.0,705329.7430072032
2025-01-02 15:00:00,10312.059746987392,11418.110009283408,0.0,705290.0088531675
2025-01-02 16:00:00,10415.253534776999,11415.730110270795,0.0,705133.2350359083
2025-01-02 17:00:00,10587.29000846188,11413.393890676734,0.0,704782.9733616274
2025-01-02 18:00:00,10506.561518362507,11410.978478524603,0.0,704519.994597527
2025-01-02 19:00:00,10449.192070641167,11408.637834737252,0.0,704318.4190204407
2025-01-02 20:00:00,10542.668946149128,11406.270770030187,0.0,704010.6131836385
2025-01-02 21:00:00,9794.94684784292,11403.938599222967,0.0,704531.2775074806
2025-01-02 22:00:00,8788.025534270924,11401.607359141102,0.0,706168.412050765
2025-01-02 23:00:00,7503.620061390979,11399.276192896596,0.0,709230.3326198938
2025-01-03 00:00:00,7352.5786232090795,11396.963459859948,0.0,712457.7642761881
2025-01-03 01:00:00,7367.181675484209,11394.630090174442,0.0,715666.6369491579
2025-01-03 02:00:00,6863.260043768443,11392.316614875333,0.0,719433.1090709572
2025-01-03 03:00:00,6452.812686294485,11390.03712180268,0.0,723653.3543190993
2025-01-03 04:00:00,6816.487516783813,11387.7490649445,0.0,727467.2283653952
2025-01-03 05:00:00,8117.349105917174,11385.461620891445,0.0,729833.4132019342
2025-01-03 06:00:00,9358.314982700394,11383.159623302512,0.0,730818.4450666805
2025-01-03 07:00:00,9930.319506043144,11380.852499825613,0.0,731165.6092264584
2025-01-03 08:00:00,10054.841063219264,11378.531665339393,0.0,731372.0952659986
2025-01-03 09:00:00,9994.460845155969,11376.220304814891,0.0,731643.3590761956
2025-01-03 10:00:00,10018.5029434085,11373.9397335397,0.0,731885.6288726148
2025-01-03 11:00:00,10144.709617095172,11371.65460043803,0.0,731985.3838985026
2025-01-03 12:00:00,10184.207696431933,11369.345504227918,0.0,732038.9430733615
2025-01-03 13:00:00,10282.343565552444,11367.037588960691,0.0,731981.1544783752
2025-01-03 14:00:00,10220.910595394336,11364.715862675841,0.0,731989.303012835
2025-01-03 15:00:00,10272.9629751255,11362.384276850802,0.0,731937.2839839908
2025-01-03 16:00:00,10577.16400512863,11360.047856512789,0.0,731544.9273903606
2025-01-03 17:00:00,10510.624724872876,11357.719499025401,0.0,731224.1749728607
2025-01-03 18:00:00,10366.68437096692,11355.372079205821,0.0,731061.0088621032
2025-01-03 19:00:00,10811.631459687178,11353.032714504454,0.0,730401.117732511
2025-01-03 20:00:00,10419.44966705071,11350.706260949768,0.0,730174.6576967378
2025-01-03 21:00:00,9847.439927838743,11348.36128400978,0.0,730581.4190609268
2025-01-03 22:00:00,9592.196316360772,11346.020077187142,0.0,731269.4432310463
2025-01-03 23:00:00,9567.955703437405,11343.661332414726,0.0,731982.0426707529
2025-01-04 00:00:00,8848.518403115988,11341.305514822936,0.0,733491.6610710025
2025-01-04 01:00:00,8622.958829977295,11338.94017475836,0.0,735249.5358791194
2025-01-04 02:00:00,8557.869912163264,11336.55859548812,0.0,737077.3501277594
2025-01-04 03:00:00,8498.914459736297,11334.186604460614,0.0,738968.2984436242
2025-01-04 04:00:00,8320.982985890249,11331.80238945624,0.0,741054.5641820913
2025-01-04 05:00:00,8755.665861763633,11329.433142349802,0.0,742655.4797002593
2025-01-04 06:00:00,9763.087055175212,11327.061085695115,0.0,743134.6662802041
2025-01-04 07:00:00,10366.502901990394,11324.67586291564,0.0,742941.0055853528
2025-01-04 08:00:00,10776.523153029071,11322.253892032524,0.0,742289.3448629085
2025-01-04 09:00:00,10645.140016193312,11319.830279332513,0.0,741781.241790915
2025-01-04 10:00:00,10643.329287042276,11317.39195104171,0.0,741272.7123119099
2025-01-04 11:00:00,10326.879773562843,11314.926657063428,0.0,741113.3281094589
2025-01-04 12:00:00,10405.12901700732,11312.467612950733,0.0,740864.5412590684
2025-01-04 13:00:00,10419.419130453847,11309.999623073834,0.0,740597.4085149713
2025-01-04 14:00:00,10576.218261688113,11307.596287427394,0.0,740153.6511783008
2025-01-04 15:00:00,11326.674651481351,11305.115233709977,0.0,738873.5723548093
2025-01-04 16:00:00,11411.429447244318,11302.647711667683,0.0,737496.8540139832
2025-01-04 17:00:00,11714.21287777308,11300.175179790827,0.0,735781.2371073596
2025-01-04 18:00:00,11773.917748280579,11297.703628278656,0.0,733996.8099042153
2025-01-04 19:00:00,11374.319188281397,11295.206259662806,0.0,732653.8837324544
2025-01-04 20:00:00,11033.899614809852,11292.695733896782,0.0,731686.6910054511
2025-01-04 21:00:00,10863.81505678978,11290.20336681103,0.0,730905.9887536069
2025-01-04 22:00:00,10065.535409150361,11287.690831232861,0.0,731009.7513524505
2025-01-04 23:00:00,9604.384850042838,11285.169802058845,0.0,731623.3824322394
2025-01-05 00:00:00,9141.109561777314,11282.640487096547,0.0,732749.2345173612
2025-01-05 01:00:00,8988.966677779817,11280.110840733285,0.0,734041.6046050058
2025-01-05 02:00:00,9129.098776864224,11277.577470114891,0.0,735175.7389897162
2025-01-05 03:00:00,9201.379905256319,11275.02906156663,0.0,736227.0126009978
2025-01-05 04:00:00,9208.64945423861,11272.46042160087,0.0,737267.6402956668
2025-01-05 05:00:00,9399.558022484613,11269.895995826682,0.0,738093.5829331772
2025-01-05 06:00:00,9409.654911075417,11267.319628225652,0.0,738905.7304379859
2025-01-05 07:00:00,9818.659255584163,11264.738866115315,0.0,739260.8479090078
2025-01-05 08:00:00,10275.098390015948,11262.120447141298,0.0,739106.1923672425
2025-01-05 09:00:00,10659.927018232062,11259.54826347092,0.0,738521.3772771221
2025-01-05 10:00:00,10787.460145694382,11256.984864559143,0.0,737792.295313132
2025-01-05 11:00:00,10914.980632836821,11254.408596877422,0.0,736918.9476513016
2025-01-05 12:00:00,10918.813793378315,11251.81913137406,0.0,736038.7514566999
2025-01-05 13:00:00,11147.755030148917,11249.211101531882,0.0,734901.5680802884
2025-01-05 14:00:00,11384.257940410705,11246.558341628412,0.0,733498.9509325717
2025-01-05 15:00:00,11863.4948942882,11243.990202372412,0.0,731561.2801412905
2025-01-05 16:00:00,11642.267459952685,11241.33680197826,0.0,729866.7642099881
2025-01-05 17:00:00,11685.630706622287,11238.680098431085,0.0,728121.41018995
2025-01-05 18:00:00,11354.087469354592,11236.030908103106,0.0,726741.7883543258
2025-01-05 19:00:00,11117.742932127556,11233.368041847289,0.0,725622.1086938091
2025-01-05 20:00:00,10578.895468156259,11230.715372126273,0.0,725098.495767984
2025-01-05 21:00:00,10093.711405662936,11228.071284666497,0.0,725111.3321574695
2025-01-05 22:00:00,9374.984938148842,11225.426707702663,0.0,725920.1089338956
2025-01-05 23:00:00,8628.515334506053,11222.744106857699,0.0,727555.6137801909
2025-01-06 00:00:00,8218.22168873195,11220.07451093739,0.0,729644.330859204
2025-01-06 01:00:00,8123.470822130437,11217.40962785533,0.0,731835.6617958032
2025-01-06 02:00:00,7973.591736210214,11214.746587583943,0.0,734190.8620098204
2025-01-06 03:00:00,7935.569023747953,11212.060586453112,0.0,736585.623680998
2025-01-06 04:00:00,8101.450292952014,11209.364865118812,0.0,738793.3771095033
2025-01-06 05:00:00,9228.312412168816,11206.65483408783,0.0,739746.3514856258
2025-01-06 06:00:00,10549.726499261653,11203.953053676874,0.0,739228.3862067898
2025-01-06 07:00:00,10815.850966734382,11201.236898055506,0.0,738412.0109195849
2025-01-06 08:00:00,10665.49280758265,11198.518652411463,0.0,737759.9820080156
2025-01-06 09:00:00,10447.320867429804,11195.795705086954,0.0,737347.6434159584
2025-01-06 10:00:00,10406.579741591053,11193.051263382355,0.0,736977.8282997952
2025-01-06 11:00:00,10487.913614056935,11190.305800026252,0.0,736514.8967508691
2025-01-06 12:00:00,10239.67500194133,11187.570120628852,0.0,736325.0502026745
2025-01-06 13:00:00,10239.74801684327,11184.818520246963,0.0,736132.3709264288
2025-01-06 14:00:00,10403.175611111976,11182.064678561352,0.0,735755.3515926437
2025-01-06 15:00:00,10467.871170576645,11179.327723672548,0.0,735303.7113490087
2025-01-06 16:00:00,10004.767574939153,11176.562492958703,0.0,735363.8654253683
2025-01-06 17:00:00,9378.66119510192,11173.795765914121,0.0,736116.9265300581
2025-01-06 18:00:00,8892.12129248293,11171.027566036812,0.0,737407.8193266694
2025-01-06 19:00:00,8403.073783453117,11168.259310243995,0.0,739239.3299886322
2025-01-06 20:00:00,7889.61912876214,11165.482973010314,0.0,741638.5694852402
2025-01-06 21:00:00,7394.768076802638,11162.70522722575,0.0,744584.8657382408
2025-01-06 22:00:00,6861.8545007987395,11159.936707248127,0.0,748120.5196668237
2025-01-06 23:00:00,6169.596957859905,11157.181347838638,0.0,752422.5932837068
2025-01-07 00:00:00,5949.390445184806,11154.421932964487,0.0,756966.5813886881
2025-01-07 01:00:00,5846.219402598889,11151.712934639942,0.0,761622.494987107
2025-01-07 02:00:00,5762.870055544653,11148.954317825972,0.0,766368.2603543279
2025-01-07 03:00:00,5823.627272182813,11146.204571775905,0.0,771043.7679570117
2025-01-07 04:00:00,6117.636038589674,11143.45023510014,0.0,775389.8448159011
2025-01-07 05:00:00,7117.740505299035,11140.705267787718,0.0,778621.9495222453
2025-01-07 06:00:00,8344.474745329348,11137.978713744287,0.0,780488.2896300682
2025-01-07 07:00:00,9063.54103077161,11135.317318082547,0.0,781553.0058028491
2025-01-07 08:00:00,9001.606435953381,11132.642776958803,0.0,782683.8636509706
2025-01-07 09:00:00,8816.309658664624,11129.902837269261,0.0,784017.8668675014
2025-01-07 10:00:00,8889.268415418017,11127.138324474854,0.0,785268.0402859563
2025-01-07 11:00:00,8894.54747380318,11124.351449073569,0.0,786509.5612085819
2025-01-07 12:00:00,8955.27710287974,11121.54591432503,0.0,787680.7992308183
2025-01-07 13:00:00,9180.779240748408,11118.723728115508,0.0,788598.6571358801
2025-01-07 14:00:00,9501.631474889773,11115.880152788133,0.0,789157.168983235
2025-01-07 15:00:00,10195.818878757213,11113.024100767241,0.0,788941.5054409386
2025-01-07 16:00:00,10192.93125142538,11110.166374421045,0.0,788726.1926471094
2025-01-07 17:00:00,9946.924800487674,11107.28602431497,0.0,788781.3400042157
2025-01-07 18:00:00,9886.217096509747,11104.406045510643,0.0,788901.0603869377
2025-01-07 19:00:00,9796.262570018887,11101.542581288804,0.0,789117.8667793167
2025-01-07 20:00:00,9791.79182422756,11098.684782331544,0.0,789336.7828680621
2025-01-07 21:00:00,9567.017108291664,11095.823240268,0.0,789802.5870991172
2025-01-07 22:00:00,9338.345790513307,11092.939686415522,0.0,790519.5870182958
2025-01-07 23:00:00,8654.605469072005,11090.049005110304,0.0,791993.4077244372
2025-01-08 00:00:00,8463.84726566181,11084.469743830654,0.0,793673.6027286437
2025-01-08 01:00:00,8445.54944767103,11078.829111358862,0.0,795368.4880092569
2025-01-08 02:00:00,8289.572203740667,11073.121218549353,0.0,797230.9734458722
2025-01-08 03:00:00,7979.690252333748,11067.170121207804,0.0,799431.821064487
2025-01-08 04:00:00,7828.925077164718,11061.111532411825,0.0,801794.1269556044
2025-01-08 05:00:00,8871.479839840074,11054.989744549663,0.0,802991.9168781098
2025-01-08 06:00:00,10584.624336815908,11049.072238573934,0.0,802280.2954091105
2025-01-08 07:00:00,11052.99013998725,11043.594734406493,0.0,801042.7899879756
2025-01-08 08:00:00,11426.078887198593,11038.149788642813,0.0,799385.2965686199
2025-01-08 09:00:00,11385.958136675403,11032.608608132456,0.0,797766.8405804464
2025-01-08 10:00:00,10660.491722625062,11027.155041322647,0.0,796949.0048188523
2025-01-08 11:00:00,10687.439140421375,11021.761026759945,0.0,796095.8334673664
2025-01-08 12:00:00,10727.280811470118,11016.36301372251,0.0,795192.9955794553
2025-01-08 13:00:00,10737.472239795923,11010.945433853063,0.0,794273.4163024242
2025-01-08 14:00:00,11037.968787691578,11005.520411960153,0.0,793014.5269502825
2025-01-08 15:00:00,11751.890910124865,11000.090171958775,0.0,790956.9605554359
2025-01-08 16:00:00,12128.98852464071,10994.64975526602,0.0,788474.9563944344
2025-01-08 17:00:00,11941.298564832203,10989.212675312672,0.0,786196.0595532669
2025-01-08 18:00:00,11631.321418192018,10983.755849124658,0.0,784256.1249377338
2025-01-08 19:00:00,11454.862847724053,10978.273354271043,0.0,782506.7729056447
2025-01-08 20:00:00,11618.018907992997,10972.77237666625,0.0,780570.6353845408
2025-01-08 21:00:00,11366.574170877673,10967.256475043787,0.0,778908.3650030539
2025-01-08 22:00:00,10510.242313075027,10961.716117562617,0.0,778192.0341060887
2025-01-08 23:00:00,9433.752861559227,10956.154252039269,0.0,778666.2407341733
2025-01-09 00:00:00,9228.465618238431,10950.580875934578,0.0,779362.9709231763
2025-01-09 01:00:00,9122.831073955545,10945.001633435291,0.0,780171.4935855499
2025-01-09 02:00:00,8927.554193777873,10939.400823758368,0.0,781191.389749555
2025-01-09 03:00:00,8999.504763853598,10933.796748781875,0.0,782125.7367607218
2025-01-09 04:00:00,9354.179336737085,10928.17831760003,0.0,782660.3824819473
2025-01-09 05:00:00,11070.768880989128,10922.53967457251,0.0,781282.0678443096
2025-01-09 06:00:00,21959.456892163482,10916.856300476433,0.0,767799.5275979377
2025-01-09 07:00:00,22907.343473699533,10911.175874145663,0.0,753258.0996124172
2025-01-09 08:00:00,22782.6246670553,10905.478658438251,0.0,738849.5508630164
2025-01-09 09:00:00,22468.543427912773,10899.759088209672,0.0,724784.2616979897
2025-01-09 10:00:00,12081.981820118652,10894.010580671775,0.0,722253.848034085
2025-01-09 11:00:00,11965.12462953422,10888.246110284072,0.0,719847.5112226645
2025-01-09 12:00:00,11402.41965603404,10882.46631758165,0.0,718060.622366875
2025-01-09 13:00:00,11382.407319427966,10876.702202635675,0.0,716290.2053257017
2025-01-09 14:00:00,11532.385720615717,10870.941318415224,0.0,714347.3847323216
2025-01-09 15:00:00,12574.20173887329,10865.130597882386,0.0,711241.1800647894
2025-01-09 16:00:00,13695.440670820195,10859.303500498305,0.0,706883.3272643761
2025-01-09 17:00:00,11833.046619910265,10853.445554194426,0.0,704588.9432408925
2025-01-09 18:00:00,11654.037773916962,10847.592587967283,0.0,702487.604968952
2025-01-09 19:00:00,11327.411157351775,10841.713932182949,0.0,700743.3065040774
2025-01-09 20:00:00,10727.202127458935,10835.828264547521,0.0,699660.0212936706
2025-01-09 21:00:00,10177.822552849757,10829.918263040368,0.0,699181.2478313225
2025-01-09 22:00:00,9718.635114709592,10823.996686276334,0.0,699206.7610568103
2025-01-09 23:00:00,9080.899206611723,10818.073865823302,0.0,699934.9469152873
2025-01-10 00:00:00,8709.239209880467,10812.13267934749,0.0,701070.147139212
2025-01-10 01:00:00,8443.293593964305,10806.193031597835,0.0,702494.9028441828
2025-01-10 02:00:00,8363.222700747117,10800.232527632348,0.0,704002.6657043183
2025-01-10 03:00:00,8570.565540877762,10794.248221285206,0.0,705274.0633246283
2025-01-10 04:00:00,8800.71513872291,10788.250224428863,0.0,706283.7411726983
2025-01-10 05:00:00,9912.828150292695,10782.236338206656,0.0,706051.7240105796
2025-01-10 06:00:00,11260.745587853005,10776.243196318575,0.0,704316.0276648394
2025-01-10 07:00:00,12024.22895258528,10770.212730195044,0.0,701725.986003273
2025-01-10 08:00:00,12001.395228407026,10764.174252193983,0.0,699155.2766683481
2025-01-10 09:00:00,12104.20523020592,10758.144013912222,0.0,696464.3037598094
2025-01-10 10:00:00,11613.763813825266,10752.06836369436,0.0,694312.1901081423
2025-01-10 11:00:00,10894.356847247811,10745.98145155205,0.0,692953.330618308
2025-01-10 12:00:00,10581.87920886296,10739.904405601332,0.0,691935.5914585061
2025-01-10 13:00:00,10560.93396731555,10733.810429780337,0.0,690935.0308134913
2025-01-10 14:00:00,10497.300078873552,10727.693098902926,0.0,689999.0571580903
2025-01-10 15:00:00,11705.942760871145,10721.601102256645,0.0,687714.0551927125
2025-01-10 16:00:00,13197.595820273304,10715.486967522107,0.0,683765.5468043752
2025-01-10 17:00:00,15384.642390426066,10709.34877557184,0.0,677380.8484794737
2025-01-10 18:00:00,13747.109181132424,10703.186039537619,0.0,672809.4687621975
2025-01-10 19:00:00,11385.420971043663,10697.044496142416,0.0,670856.0455127358
2025-01-10 20:00:00,10937.294619946499,10690.891050211667,0.0,669394.3869852292
2025-01-10 21:00:00,9930.527337098278,10684.734207869851,0.0,669045.2019296566
2025-01-10 22:00:00,9707.620629890498,10678.567147004042,0.0,668937.5239323378
2025-01-10 23:00:00,9225.962907036008,10672.391673240547,0.0,669358.8457088718
2025-01-11 00:00:00,8436.186212243056,10666.200917435493,0.0,670651.5063904816
2025-01-11 01:00:00,8265.192141383988,10660.00340990294,0.0,672127.9629766247
2025-01-11 02:00:00,8251.063147814239,10653.79648047831,0.0,673613.9115150871
2025-01-11 03:00:00,10292.920909260873,10647.57364066578,0.0,672824.9063676853
2025-01-11 04:00:00,10210.407668040192,10641.353521273657,0.0,672121.3624800253
2025-01-11 05:00:00,8478.227307958756,10635.117676837905,0.0,673336.2275924645
2025-01-11 06:00:00,8843.309332607634,10628.87372111681,0.0,674139.2020551285
2025-01-11 07:00:00,9616.95838371829,10622.625729746567,0.0,674076.3184696325
2025-01-11 08:00:00,10188.559784343312,10616.385502445979,0.0,673372.081989475
2025-01-11 09:00:00,10072.942539124599,10610.129584132388,0.0,672790.0531968022
2025-01-11 10:00:00,11420.659633887091,10603.867747688255,0.0,670704.2991290602
2025-01-11 11:00:00,9782.793094959461,10597.61934114393,0.0,670432.1483646936
2025-01-11 12:00:00,9471.58999077113,10591.35329887702,0.0,670499.5127849361
2025-01-11 13:00:00,9948.432123145954,10585.086182275802,0.0,670030.7854970497
2025-01-11 14:00:00,9500.057115313277,10578.766541019502,0.0,670053.9330210545
2025-01-11 15:00:00,10166.646476907823,10572.470576561347,0.0,669330.1297343848
2025-01-11 16:00:00,10600.189210809755,10566.15294025903,0.0,668118.2946626331
2025-01-11 17:00:00,10932.287612423968,10559.845166008401,0.0,666531.1535926149
2025-01-11 18:00:00,10746.351119426561,10553.529011057328,0.0,665144.292470976
2025-01-11 19:00:00,10180.41823608165,10547.213403460957,0.0,664379.9300565684
2025-01-11 20:00:00,9696.45712167771,10540.906658859047,0.0,664146.9954691188
2025-01-11 21:00:00,9314.518050918083,10534.574846201907,0.0,664332.1058143006
2025-01-11 22:00:00,8987.410171678956,10528.251821202968,0.0,664874.3463336381
2025-01-11 23:00:00,8736.15860686744,10521.942759805765,0.0,665689.4461969243
2025-01-12 00:00:00,8920.736982300245,10515.628653345728,0.0,666293.1448699365
2025-01-12 01:00:00,8565.662490202765,10509.31675536788,0.0,667285.0588584124
2025-01-12 02:00:00,8561.361093406867,10503.014797817548,0.0,668275.4502191112
2025-01-12 03:00:00,10457.852129304305,10496.707659199836,0.0,667152.3221790841
2025-01-12 04:00:00,8417.413248124867,10490.409662385873,0.0,668290.0504546645
2025-01-12 05:00:00,8511.593267412725,10484.134281756775,0.0,669316.8588837404
2025-01-12 06:00:00,8637.174806096487,10477.882944080588,0.0,670197.8809321583
2025-01-12 07:00:00,10049.73577368463,10471.601818588746,0.0,669503.1096688751
2025-01-12 08:00:00,10531.068453066284,10465.334927636311,0.0,668267.2574264378
2025-01-12 09:00:00,9988.258024486513,10459.030801623107,0.0,667628.2237564091
2025-01-12 10:00:00,9877.385550556839,10452.726194076424,0.0,667106.0771165334
2025-01-12 11:00:00,9721.387494148377,10446.41653275658,0.0,666750.9519891252
2025-01-12 12:00:00,9496.195281489505,10440.096309778159,0.0,666639.7202083595
2025-01-12 13:00:00,9387.35297507213,10433.777576657823,0.0,666643.1055904927
2025-01-12 14:00:00,9569.34939589348,10427.488619744081,0.0,666437.9837703551
2025-01-12 15:00:00,10482.351594478783,10421.160853909758,0.0,665212.0872970662
2025-01-12 16:00:00,12354.056298860496,10414.876551985762,0.0,661900.234628096
2025-01-12 17:00:00,17266.65034466945,10408.562358697838,0.0,653123.6299371611
2025-01-12 18:00:00,17508.313006611163,10402.24730122945,0.0,644072.1961199337
2025-01-12 19:00:00,17445.523980131904,10396.01681756373,0.0,635084.2974040175
2025-01-12 20:00:00,11485.507603558754,10389.823125056962,0.0,632712.4454140092
2025-01-12 21:00:00,10119.273597046464,10383.658150366728,0.0,631852.4662343244
2025-01-12 22:00:00,9406.03671408969,10377.537718684998,0.0,631778.8520484653
2025-01-12 23:00:00,8983.985588851076,10371.453352234701,0.0,632168.0991908654
2025-01-13 00:00:00,8718.162773616876,10365.369878299136,0.0,632846.6215429235
2025-01-13 01:00:00,8022.7773399494645,10359.27405952601,0.0,634291.6985580613
2025-01-13 02:00:00,7550.298265668423,10353.14236436765,0.0,636255.6206272419
2025-01-13 03:00:00,7412.5450662125795,10347.01851747689,0.0,638366.477960038
2025-01-13 04:00:00,8083.5029640472285,10340.774378473152,0.0,639725.5823784587
2025-01-13 05:00:00,15413.421069148473,10334.54530303552,0.0,632934.1042713291
2025-01-13 06:00:00,16450.05057067172,10328.346678945289,0.0,624984.6169828615
2025-01-13 07:00:00,16319.318661737609,10322.575174723244,0.0,617174.6158667651
2025-01-13 08:00:00,15939.8188638186,10317.234077470179,0.0,609780.940095548
2025-01-13 09:00:00,14038.205725607368,10312.599916165153,0.0,604495.5336499271
2025-01-13 10:00:00,9101.158324203041,10308.858219052425,0.0,604691.9937309762
2025-01-13 11:00:00,9045.192309061771,10306.377112592347,0.0,604948.1571668332
2025-01-13 12:00:00,8577.919904464896,10305.13854342113,0.0,605722.2735941823
2025-01-13 13:00:00,8457.270443096339,10306.443764230276,0.0,606631.7501994167
2025-01-13 14:00:00,8834.236895639635,10313.836341835082,0.0,607129.7677683188
2025-01-13 15:00:00,13384.345087169237,10327.332650232012,0.0,602585.6058772517
2025-01-13 16:00:00,13152.715469969662,10341.880383021238,0.0,598313.3579603066
2025-01-13 17:00:00,12777.370460768409,10356.483880407302,0.0,594472.7635509712
2025-01-13 18:00:00,12467.163407038528,10373.77328765295,0.0,590994.1330530257
2025-01-13 19:00:00,12113.764557349026,10392.807408994715,0.0,587927.202064966
2025-01-13 20:00:00,11942.979478669113,10414.898243617621,0.0,585072.1231100623
2025-01-13 21:00:00,11524.294249300809,10435.442357176504,0.0,582702.7940791269
2025-01-13 22:00:00,10914.049985966683,10461.579920626424,0.0,581037.6517931237
2025-01-13 23:00:00,10464.531340764453,10494.436708747622,0.0,579904.8314565774
2025-01-14 00:00:00,10177.584102040342,10531.743570342383,0.0,579128.148246875
2025-01-14 01:00:00,9919.005172049445,10556.078166767498,0.0,578663.1095558098
2025-01-14 02:00:00,9802.535120878503,10582.420563014004,0.0,578353.8244289588
2025-01-14 03:00:00,9880.088083737242,10600.344464841812,0.0,577976.2932452038
2025-01-14 04:00:00,10317.818047732515,10613.721593291948,0.0,577125.7725632373
2025-01-14 05:00:00,11499.44176105897,10625.434384057766,0.0,574974.0494350074
2025-01-14 06:00:00,11309.943803224713,10637.543930494523,0.0,573044.9891396966
2025-01-14 07:00:00,13444.008922839683,10646.69588757997,0.0,568753.8973352325
2025-01-14 08:00:00,11762.76409154098,10655.36477140675,0.0,566339.5242271493
2025-01-14 09:00:00,8484.407195268774,10665.030581614641,0.0,567577.4357029096
2025-01-14 10:00:00,10034.353298443253,10673.055218894644,0.0,567101.2094790897
2025-01-14 11:00:00,9890.968937270125,10680.74573654179,0.0,566791.9897297756
2025-01-14 12:00:00,9685.229388596996,10687.277409082897,0.0,566717.9011515286
2025-01-14 13:00:00,9420.586938368975,10691.611502889766,0.0,566942.1938340083
2025-01-14 14:00:00,9013.93932269744,10694.344607713543,0.0,567621.0503053913
2025-01-14 15:00:00,8453.886566911975,10693.485678488592,0.0,568921.3286873112
2025-01-14 16:00:00,8813.400985417338,10690.959782402104,0.0,569819.6207081386
2025-01-14 17:00:00,11278.503211907951,10687.741268303065,0.0,567975.6917409883
2025-01-14 18:00:00,10062.732943203348,10684.111359887043,0.0,567478.9887195382
2025-01-14 19:00:00,10032.839614462495,10680.598259587912,0.0,567011.9874074999
2025-01-14 20:00:00,8301.02868950622,10676.89792318384,0.0,568465.5201201213
2025-01-14 21:00:00,7725.01300919543,10673.02442037959,0.0,570555.1967525061
2025-01-14 22:00:00,7608.252668254526,10669.274470072038,0.0,572770.8571467397
2025-01-14 23:00:00,6985.706522676853,10665.27294668442,0.0,575674.2339571165
2025-01-15 00:00:00,11332.167195370686,10661.198856593928,0.0,573744.1359299652
2025-01-15 01:00:00,11796.996068181375,10657.252036343963,0.0,571293.6145572187
2025-01-15 02:00:00,10927.495263030189,10655.370797437978,0.0,569807.3239512899
2025-01-15 03:00:00,11638.719276662869,10657.676569650906,0.0,567533.0902135376
2025-01-15 04:00:00,11485.791664157463,10661.730383936223,0.0,565432.8298595212
2025-01-15 05:00:00,12517.708146664852,10669.456495275612,0.0,562193.7217473913
2025-01-15 06:00:00,15799.671502480784,10684.41048997934,0.0,555322.9416790586
2025-01-15 07:00:00,15158.680617393657,10705.599273120903,0.0,549185.5624884089
2025-01-15 08:00:00,14651.089141646664,10738.329434652274,0.0,543644.9039878981
2025-01-15 09:00:00,14368.961411143444,10776.890695678156,0.0,538456.282004528
2025-01-15 10:00:00,14303.73202686892,10829.947761276046,0.0,533393.1941803942
2025-01-15 11:00:00,13638.319333065943,10899.554555895353,0.0,529139.0605884385
2025-01-15 12:00:00,12727.82254290186,10989.986796857806,0.0,525987.0223376276
2025-01-15 13:00:00,12904.019915187075,11078.4891094329,0.0,522727.711541297
2025-01-15 14:00:00,14591.369932019294,11150.853795747715,0.0,517665.93207924545
2025-01-15 15:00:00,14686.098790464343,11199.673880680875,0.0,512547.71841496596
2025-01-15 16:00:00,14386.19451422831,11250.852582217944,0.0,507813.91042581917
2025-01-15 17:00:00,14207.379024828173,11296.800159528599,0.0,503324.7338910942
2025-01-15 18:00:00,14127.832146852403,11334.313348710704,0.0,498961.45596552454
2025-01-15 19:00:00,14025.109450785383,11368.69803692601,0.0,494746.6990571334
2025-01-15 20:00:00,13892.6018671172,11409.638137375785,0.0,490720.1128977123
2025-01-15 21:00:00,12841.024708825478,11472.82828928422,0.0,487925.1359549682
2025-01-15 22:00:00,11237.468699939287,11548.188676789925,0.0,486987.2482984923
2025-01-15 23:00:00,10500.048927128213,11643.322878802348,0.0,486963.85014715214
2025-01-16 00:00:00,10004.449176185255,11756.769882969824,0.0,487604.5653899161
2025-01-16 01:00:00,9523.739989170905,11831.610156740127,0.0,488854.2422253552
2025-01-16 02:00:00,9354.007951816046,11876.337592206912,0.0,490337.2376488775
2025-01-16 03:00:00,9328.266534968712,11927.348908770633,0.0,491899.84596323856
2025-01-16 04:00:00,9617.126828263257,11977.9835457395,0.0,493192.13303312997
2025-01-16 05:00:00,10838.015276301156,12023.514500330057,0.0,493173.40833756985
2025-01-16 06:00:00,12729.752002921712,12070.059537764999,0.0,491099.2989831996
2025-01-16 07:00:00,14406.804719382977,12129.894410160936,0.0,487221.6325940461
2025-01-16 08:00:00,12813.1493910553,12200.275179704578,0.0,485185.07511702256
2025-01-16 09:00:00,11750.453897201653,12274.310827883088,0.0,484403.3260591261
2025-01-16 10:00:00,11615.26049268978,12343.536366481505,0.0,483841.01743373007
2025-01-16 11:00:00,11392.657133568864,12409.632878462005,0.0,483592.1423860044
2025-01-16 12:00:00,11510.289750110405,12460.77574340891,0.0,483263.7072959573
2025-01-16 13:00:00,12238.170078996292,12507.755659795044,0.0,482173.49620131205
2025-01-16 14:00:00,12416.388258046802,12544.406699658783,0.0,480921.9159475855
2025-01-16 15:00:00,12699.576339065337,12572.682842904225,0.0,479383.95841375046
2025-01-16 16:00:00,14933.189523735018,12597.784147332071,0.0,475389.30975693255
2025-01-16 17:00:00,14406.650377819395,12618.453768521267,0.0,472000.3742167655
2025-01-16 18:00:00,13250.20654214705,12637.728805283661,0.0,469915.65130855254
2025-01-16 19:00:00,12112.569145797277,12659.816196208054,0.0,469117.0573427636
2025-01-16 20:00:00,11621.800658129792,12682.903043200826,0.0,468886.84854359797
2025-01-16 21:00:00,10959.523712711763,12708.098488114947,0.0,469417.6984620332
2025-01-16 22:00:00,10533.985621560425,12745.377058041287,0.0,470458.647051674
2025-01-16 23:00:00,10817.902931969465,12788.096236113739,0.0,471226.851141155
2025-01-17 00:00:00,9256.158416559867,12833.134871137921,0.0,473775.3655494486
2025-01-17 01:00:00,9051.07298353758,12874.605033705633,0.0,476593.22282366804
2025-01-17 02:00:00,9701.246546808736,12909.600189472872,0.0,478723.66018335347
2025-01-17 03:00:00,8905.331925557672,12940.523970388174,0.0,481769.37090312195
2025-01-17 04:00:00,9128.954671399715,12977.652012749759,0.0,484603.7399476499
2025-01-17 05:00:00,10112.777006722912,13016.021921687214,0.0,486383.34297297825
2025-01-17 06:00:00,12132.32048121211,13051.675633079625,0.0,485954.66251582216
2025-01-17 07:00:00,12059.291007775184,13107.86071258021,0.0,485663.3109975411
2025-01-17 08:00:00,13033.77472952479,13162.029703440528,0.0,484343.36877928744
2025-01-17 09:00:00,12147.461633197498,13219.316086905437,0.0,484065.50527375116
2025-01-17 10:00:00,12650.848821265477,13277.964403497053,0.0,483286.97098695324
2025-01-17 11:00:00,11297.661465356785,13343.265230362567,0.0,484077.27903358603
2025-01-17 12:00:00,10854.798609615422,13412.521231651208,0.0,485428.91292122006
2025-01-17 13:00:00,11010.720301723568,13467.050287568667,0.0,486661.829540207
2025-01-17 14:00:00,11122.848889768455,13525.089031015123,0.0,487828.19758259057
2025-01-17 15:00:00,12245.973937960465,13585.895562869788,0.0,487807.45543661545
2025-01-17 16:00:00,12505.64066579035,13653.875429539657,0.0,487566.1745708325
2025-01-17 17:00:00,10960.624200377248,13718.91884818427,0.0,489106.62208526424
2025-01-17 18:00:00,10433.901572082292,13765.511992833099,0.0,491278.910109117
2025-01-17 19:00:00,10295.697432720135,13836.34372267865,0.0,493675.5900176621
2025-01-17 20:00:00,10250.514882186972,13894.575299599865,0.0,496180.7043370543
2025-01-17 21:00:00,9973.901553085683,13934.507321408906,0.0,499033.09882170125
2025-01-17 22:00:00,9605.510881123122,13965.726137440586,0.0,502326.0350912273
2025-01-17 23:00:00,9565.955640457087,13989.166577848127,0.0,505686.3620685675
2025-01-18 00:00:00,9587.483266413528,14009.306447920999,0.0,509042.9093315845
2025-01-18 01:00:00,9147.859129211578,14026.278058726772,0.0,512904.8994689652
2025-01-18 02:00:00,8899.060697804593,14041.983788578827,0.0,517059.0380377611
2025-01-18 03:00:00,8893.610663320804,14056.86813526314,0.0,521234.11654711224
2025-01-18 04:00:00,9029.284457076563,14071.026443682082,0.0,525272.6047051537
2025-01-18 05:00:00,9403.137648768625,14085.174448478521,0.0,528909.8484327783
2025-01-18 06:00:00,10339.428313740462,14099.985896402692,0.0,531521.580647247
2025-01-18 07:00:00,11164.02717317626,14118.462933181218,0.0,533235.5689435657
2025-01-18 08:00:00,11894.762172271054,14134.996067399474,0.0,534154.1625973308
2025-01-18 09:00:00,13833.734175245778,14151.04674503701,0.0,532934.3935920948
2025-01-18 10:00:00,14094.382788581966,14167.02574753666,0.0,531440.9940189847
2025-01-18 11:00:00,13835.271019915863,14183.277527429475,0.0,530251.7481909521
2025-01-18 12:00:00,11347.943757536046,14199.859667965211,0.0,531842.781461655
2025-01-18 13:00:00,10526.98168009842,14216.62703689564,0.0,534362.7621873302
2025-01-18 14:00:00,13064.517212044968,14232.636383417988,0.0,534079.2683351426
2025-01-18 15:00:00,12908.24860604745,14246.710612684194,0.0,533983.4804966631
2025-01-18 16:00:00,12916.676973978332,14260.174002042566,0.0,533891.7911942853
2025-01-18 17:00:00,12641.570731779313,14273.529149997292,0.0,534119.1306423055
2025-01-18 18:00:00,12444.005274855212,14287.033385962766,0.0,534579.4915006515
2025-01-18 19:00:00,11873.426826204419,14300.6865033643,0.0,535687.4815304553
2025-01-18 20:00:00,11558.970611334888,14316.879592097705,0.0,537161.060443292
2025-01-18 21:00:00,11067.101830933781,14341.247145933603,0.0,539205.5277770769
2025-01-18 22:00:00,10886.452433202589,14369.512755689226,0.0,541478.9822736521
2025-01-18 23:00:00,11445.427695353635,14401.103245150483,0.0,543162.9436350764
2025-01-19 00:00:00,11072.207803437836,14438.381243369417,0.0,545298.8717635149
2025-01-19 01:00:00,10144.805190480727,14480.978870912835,0.0,548507.8448672269
2025-01-19 02:00:00,10083.92567897174,14527.66693219147,0.0,551831.1499338942
2025-01-19 03:00:00,10031.578663427885,14575.22931741438,0.0,555260.1807363888
2025-01-19 04:00:00,9985.363903865455,14625.952512989677,0.0,558791.2844673058
2025-01-19 05:00:00,11033.853792837279,14674.686824622562,0.0,561206.1337443313
2025-01-19 06:00:00,10374.010230422562,14718.100000090137,0.0,564397.5557106186
2025-01-19 07:00:00,10753.857352230263,14751.477975162821,0.0,567200.3032944144
2025-01-19 08:00:00,11368.143309918814,14780.473658061377,0.0,569349.5066081217
2025-01-19 09:00:00,11757.551573894249,14802.703090599545,0.0,571088.2635055053
2025-01-19 10:00:00,12176.923884194563,14821.910438885303,0.0,572380.2585175078
2025-01-19 11:00:00,9294.514443507363,14839.16694756361,0.0,576892.1871945077
2025-01-19 12:00:00,9172.751211507704,14855.750624596913,0.0,581555.9920285406
2025-01-19 13:00:00,9216.67945148791,14872.066228089774,0.0,586187.3033105326
2025-01-19 14:00:00,9921.976658145773,14888.14479011301,0.0,590051.0295915947
2025-01-19 15:00:00,14659.088646269302,14903.601419228618,0.0,588666.7547371908
2025-01-19 16:00:00,14067.78594382381,14918.753995999468,0.0,587954.635462275
2025-01-19 17:00:00,14904.772524201739,14933.779411774072,0.0,586327.5565138248
2025-01-19 18:00:00,14316.841014039674,14948.804956416312,0.0,585368.7603435304
2025-01-19 19:00:00,13934.681113785657,14967.2873515032,0.0,584853.0686797162
2025-01-19 20:00:00,13542.721284816502,14982.447745009911,0.0,584788.0483304855
2025-01-19 21:00:00,13389.677622549567,14997.641383591215,0.0,584908.2701334661
2025-01-19 22:00:00,12908.712386792486,15012.760577902145,0.0,585578.0169482655
2025-01-19 23:00:00,12357.341619780334,15027.78289503495,0.0,586875.4202657668
2025-01-20 00:00:00,11837.991764696511,15042.801994743306,0.0,588764.8980775139
2025-01-20 01:00:00,12358.461195679058,15057.809800600342,0.0,590091.0843273597
2025-01-20 02:00:00,11435.753791689996,15072.864727912642,0.0,592457.5559533945
2025-01-20 03:00:00,11372.517371302136,15087.964524214543,0.0,594909.3900650513
2025-01-20 04:00:00,12319.737887771815,15103.218716387664,0.0,596324.0111283591
2025-01-20 05:00:00,14838.531577772697,15118.519839942617,0.0,594955.2736596654
2025-01-20 06:00:00,19560.815141028626,15133.799678314668,0.0,588354.8342923927
2025-01-20 07:00:00,17103.54585150744,15148.682601662922,0.0,584499.5770590474
2025-01-20 08:00:00,16127.716660057955,15163.176297685248,0.0,581743.0681788904
2025-01-20 09:00:00,15168.698953440198,15176.959121557013,0.0,580065.9173521806
2025-01-20 10:00:00,14497.666361357871,15189.898609641858,0.0,579147.2977825359
2025-01-20 11:00:00,13859.130641570588,15201.586578767154,0.0,578949.8503151136
2025-01-20 12:00:00,13970.008939417003,15212.039701164313,0.0,578639.65786137
2025-01-20 13:00:00,14211.276414851764,15219.941972731083,0.0,578069.2927064879
2025-01-20 14:00:00,13256.762517537558,15221.758078156017,0.0,578561.3146540467
2025-01-20 15:00:00,16320.422023570623,15217.456710802875,0.0,575644.9691164377
2025-01-20 16:00:00,16184.847261636807,15212.095313076728,0.0,572873.9008054736
2025-01-20 17:00:00,17801.803873703153,15206.684286353366,0.0,568300.8030099345
2025-01-20 18:00:00,14845.336354339255,15198.576282414677,0.0,567004.5611208612
2025-01-20 19:00:00,15227.38238746046,15188.735172323284,0.0,565273.9825293395
2025-01-20 20:00:00,14136.212622531715,15175.824965735297,0.0,564742.9045811506
2025-01-20 21:00:00,13871.960925618532,15164.45597651805,0.0,564494.0706403148
2025-01-20 22:00:00,13278.843628903483,15147.469018759699,0.0,564887.2689602928
2025-01-20 23:00:00,12549.328351174154,15123.749236012583,0.0,566067.3200283342
2025-01-21 00:00:00,12199.13837704233,15095.567481345362,0.0,567608.2893129658
2025-01-21 01:00:00,12019.349361563647,15080.300002642574,0.0,569333.7566916487
2025-01-21 02:00:00,11862.077593733546,15063.049955251437,0.0,571216.7204316406
2025-01-21 03:00:00,11890.455027608947,15054.201926733862,0.0,573059.3056610313
2025-01-21 04:00:00,12485.256039199929,15049.889470416694,0.0,574236.6884212259
2025-01-21 05:00:00,13815.819333119718,15047.22325093621,0.0,573933.0013020291
2025-01-21 06:00:00,16495.047177223063,15044.112563334053,0.0,570649.2836684486
2025-01-21 07:00:00,16578.73146435506,15043.88148988841,0.0,567272.3524201646
2025-01-21 08:00:00,16401.328412922245,15044.139619660855,0.0,564092.7938032451
2025-01-21 09:00:00,16016.234879620642,15043.438206605506,0.0,561340.415476939
2025-01-21 10:00:00,13508.960872316919,15044.37737834168,0.0,561374.836330484
2025-01-21 11:00:00,13573.572160847903,15045.654961854761,0.0,561338.7444469522
2025-01-21 12:00:00,13447.021574873019,15048.092763777466,0.0,561445.7021275373
2025-01-21 13:00:00,13556.371717749265,15052.722728846282,0.0,561435.7896144401
2025-01-21 14:00:00,12635.280681807722,15058.95382567235,0.0,562455.5426825482
2025-01-21 15:00:00,15413.063991796487,15068.761960990627,0.0,560398.6779859872
2025-01-21 16:00:00,17370.64592268873,15080.222409789145,0.0,556178.1827039
2025-01-21 17:00:00,18065.879876505274,15092.377922052225,0.0,551197.3607631685
2025-01-21 18:00:00,16664.480074312654,15104.921491468453,0.0,547786.1932831785
2025-01-21 19:00:00,16623.23969380592,15117.311122031959,0.0,544433.2380787594
2025-01-21 20:00:00,14747.148992455634,15129.859931296392,0.0,543177.3769073273
2025-01-21 21:00:00,14381.338516576096,15142.555734552416,0.0,542340.6676234618
2025-01-21 22:00:00,13920.798734806263,15155.131051018212,0.0,542028.2445246953
2025-01-21 23:00:00,13547.549327333669,15167.933717289512,0.0,542143.3456560586
2025-01-22 00:00:00,13905.072780108974,15180.796094445122,0.0,541874.0608837159
2025-01-22 01:00:00,14024.263813607668,15193.502264699637,0.0,541485.0477999625
2025-01-22 02:00:00,14010.351576385347,15204.146688149218,0.0,541122.137181017
2025-01-22 03:00:00,13768.900944184988,15210.604340178657,0.0,541033.9626943234
2025-01-22 04:00:00,14009.180435731345,15215.310360464038,0.0,540683.5170150858
2025-01-22 05:00:00,20124.738567695968,15216.294108326916,0.0,533538.9904926396
2025-01-22 06:00:00,23169.125948293076,15210.077546524173,0.0,523005.5947632825
2025-01-22 07:00:00,24243.83975484428,15197.53996813322,0.0,511265.535003811
2025-01-22 08:00:00,24626.974650420474,15173.442421990574,0.0,499075.67225866776
2025-01-22 09:00:00,21087.018986210744,15143.499471476265,0.0,490789.1506343542
2025-01-22 10:00:00,23532.360521254086,15099.046649826007,0.0,479741.1300383424
2025-01-22 11:00:00,16626.10918811112,15038.02680822305,0.0,476305.7021931086
2025-01-22 12:00:00,16178.958364434973,14956.164591848097,0.0,473285.24638002896
2025-01-22 13:00:00,19076.02274469588,14876.221554207463,0.0,466965.8871067966
2025-01-22 14:00:00,21604.020289241405,14812.379445498651,0.0,457773.7995642492
2025-01-22 15:00:00,22581.47590009013,14772.049955207896,0.0,447455.3207415792
2025-01-22 16:00:00,24504.24586944944,14729.241683476555,0.0,434957.62257011194
2025-01-22 17:00:00,23736.383901531546,14691.628848517474,0.0,423275.49152803887
2025-01-22 18:00:00,18975.600451800077,14662.519922565385,0.0,416854.01094860403
2025-01-22 19:00:00,14341.863928276365,14636.529928334638,0.0,415555.13651218713
2025-01-22 20:00:00,14235.122429081304,14603.94398206128,0.0,414342.2777952692
2025-01-22 21:00:00,13486.30673732985,14549.094327311088,0.0,413906.5868588805
2025-01-22 22:00:00,14920.999194366519,14482.053695647623,0.0,411809.75256078754
2025-01-22 23:00:00,12453.22551427687,14395.214730975391,0.0,412368.05005367746
2025-01-23 00:00:00,11670.691011817577,14290.035555974802,0.0,413690.65115207725
2025-01-23 01:00:00,11009.974972006476,14223.421127925496,0.0,415680.76675555116
2025-01-23 02:00:00,9665.041580071735,14186.887023432897,0.0,419128.7186900154
2025-01-23 03:00:00,8442.433410207592,14144.059839519778,0.0,423892.2969626378
2025-01-23 04:00:00,8737.575377181347,14101.573273885415,0.0,428285.4531507662
2025-01-23 05:00:00,11629.357782969253,14064.1836380836,0.0,429428.1281411062
2025-01-23 06:00:00,12218.675689272233,14025.762739653585,0.0,429877.58455934614
2025-01-23 07:00:00,13655.189718422691,13974.018296887894,0.0,428679.16983576433
2025-01-23 08:00:00,13670.497629501426,13911.681452460713,0.0,427401.40947766794
2025-01-23 09:00:00,12805.139410595199,13845.677808512533,0.0,427019.1546077414
2025-01-23 10:00:00,12546.058884571328,13784.465294940313,0.0,426863.5544753802
2025-01-23 11:00:00,10712.061644225229,13726.397794927585,0.0,428687.661554502
2025-01-23 12:00:00,10438.713338372694,13683.25640381349,0.0,430772.3475823458
2025-01-23 13:00:00,10678.447656931923,13644.22254639704,0.0,432551.6282877074
2025-01-23 14:00:00,11375.564335920646,13615.45522215153,0.0,433527.56758105813
2025-01-23 15:00:00,11741.760445275548,13595.070073404693,0.0,434076.2371597123
2025-01-23 16:00:00,12478.847985485376,13577.841859519533,0.0,433788.6923686925
2025-01-23 17:00:00,14327.827412089875,13565.014636971,0.0,431433.8987700081
2025-01-23 18:00:00,13971.9433380345,13553.569213043142,0.0,429463.0864963463
2025-01-23 19:00:00,11777.224992654614,13539.294416743518,0.0,429916.5753656958
2025-01-23 20:00:00,10417.940081816978,13524.004809463435,0.0,431865.09119536256
2025-01-23 21:00:00,9964.69666513999,13506.59187274304,0.0,434299.7978846167
2025-01-23 22:00:00,9118.61948975921,13477.04238296344,0.0,437645.0408345144
2025-01-23 23:00:00,8790.83868353049,13442.01576620529,0.0,441319.4580634636
2025-01-24 00:00:00,8289.721728739043,13404.653950765214,0.0,445513.3100934077
2025-01-24 01:00:00,8115.854803649074,13370.824403277235,0.0,449866.518048186
2025-01-24 02:00:00,8043.650798943312,13343.455845765908,0.0,454272.5841173482
2025-01-24 03:00:00,7918.266851754974,13320.134071261946,0.0,458794.6439088824
2025-01-24 04:00:00,8257.11480901362,13290.584107128658,0.0,462910.65600599593
2025-01-24 05:00:00,9536.055986915642,13259.771787195219,0.0,465574.8100299515
2025-01-24 06:00:00,11041.765296916827,13231.631410515021,0.0,466537.81333278125
2025-01-24 07:00:00,11446.22780857632,13182.970562986487,0.0,467002.75299734954
2025-01-24 08:00:00,11328.59339261147,13136.322781042054,0.0,467551.74978660105
2025-01-24 09:00:00,10903.842509614762,13086.543219106741,0.0,468522.9124394692
2025-01-24 10:00:00,10331.200528913656,13035.439602437595,0.0,470079.2403431138
2025-01-24 11:00:00,9729.733015519949,12977.705814169934,0.0,472246.1316955949
2025-01-24 12:00:00,9014.798359303702,12916.156497685815,0.0,475145.8455718322
2025-01-24 13:00:00,8821.99706441196,12869.445477411586,0.0,478213.072088786
2025-01-24 14:00:00,8757.960728252103,12820.623448837321,0.0,481302.6280617877
2025-01-24 15:00:00,8758.768767096632,12769.195090110961,0.0,484339.8578551246
2025-01-24 16:00:00,8529.34348703894,12709.914766770069,0.0,487572.7243029625
2025-01-24 17:00:00,7987.190837508463,12652.879604111906,0.0,491350.9474209539
2025-01-24 18:00:00,7441.550574160356,12614.532891998557,0.0,495697.09078610764
2025-01-24 19:00:00,6699.344357916487,12551.557282373185,0.0,500804.93211524026
2025-01-24 20:00:00,6010.683854929244,12501.233800571952,0.0,506627.62829922425
2025-01-24 21:00:00,5745.550895684883,12469.304573667008,0.0,512712.98743324133
2025-01-24 22:00:00,5482.413957698454,12446.103072530366,0.0,519067.51944166236
2025-01-24 23:00:00,5558.614212719427,12430.567998808596,0.0,525321.8494263383
2025-01-25 00:00:00,5070.44343542418,12418.267316150668,0.0,532106.2907031288
2025-01-25 01:00:00,4912.330239327223,12409.060882711663,0.0,539057.2068754769
2025-01-25 02:00:00,5945.463798890134,12401.020536957361,0.0,544852.1565247785
2025-01-25 03:00:00,6136.91083341822,12393.83551570068,0.0,550427.20222557
2025-01-25 04:00:00,6247.365715947566,12387.484160346099,0.0,555873.168923752
2025-01-25 05:00:00,7069.634437341772,12381.15729314857,0.0,560399.1768420765
2025-01-25 06:00:00,5770.760268741378,12374.194581926065,0.0,566361.4155698455
2025-01-25 07:00:00,6534.394108874384,12363.651398645414,0.0,571464.6290697416
2025-01-25 08:00:00,6017.506981618683,12355.13854054026,0.0,577133.6487418166
2025-01-25 09:00:00,6072.57159958292,12347.124092171382,0.0,582733.4710566736
2025-01-25 10:00:00,6304.262426122265,12339.193603804953,0.0,588067.9286314538
2025-01-25 11:00:00,6129.131464222987,12331.026532060465,0.0,593588.8090921554
2025-01-25 12:00:00,5961.3635052343725,12322.49746530196,0.0,599287.5693294192
2025-01-25 13:00:00,5886.052629100682,12313.718330244246,0.0,605061.2291828849
2025-01-25 14:00:00,6092.580047424128,12305.550676750434,0.0,610597.2464736085
2025-01-25 15:00:00,6295.116983824397,12299.309358156195,0.0,615901.9814052932
2025-01-25 16:00:00,9222.504450903838,12293.64199955942,0.0,617948.3962371816
2025-01-25 17:00:00,12062.466959686084,12288.204515569976,0.0,616833.8596864338
2025-01-25 18:00:00,11203.740897362706,12282.739505684414,0.0,616667.9981950485
2025-01-25 19:00:00,10741.81307558146,12276.892357455932,0.0,617009.5426907473
2025-01-25 20:00:00,10339.59130998094,12268.606196901677,0.0,617789.7140987812
2025-01-25 21:00:00,10079.719162790472,12251.970577630722,0.0,618841.9967177559
2025-01-25 22:00:00,10040.539918644154,12231.221064807962,0.0,619917.0623174036
2025-01-25 23:00:00,5821.193656117863,12206.992779290567,0.0,625656.0621454521
2025-01-26 00:00:00,6052.810881363178,12177.031909397487,0.0,631107.7486311129
2025-01-26 01:00:00,6124.639581776568,12141.684122067767,0.0,636444.2776623179
2025-01-26 02:00:00,6222.014962073867,12101.996314747883,0.0,641632.9240192058
2025-01-26 03:00:00,6370.250667174477,12061.31230317568,0.0,646616.1800255209
2025-01-26 04:00:00,6528.360343616699,12017.410483276286,0.0,651379.8567936675
2025-01-26 05:00:00,6865.2438800087975,11975.439108947008,0.0,655727.2471470492
2025-01-26 06:00:00,6241.80165702458,11938.697754428415,0.0,660730.6097270059
2025-01-26 07:00:00,6313.2511523807025,11911.976262171134,0.0,665627.8624865317
2025-01-26 08:00:00,6938.012232291071,11889.65408282003,0.0,669808.6140890284
2025-01-26 09:00:00,7350.424743937022,11874.072808418725,0.0,673515.5482930727
2025-01-26 10:00:00,6735.623033610641,11861.485178077784,0.0,677893.0078782499
2025-01-26 11:00:00,6822.356347248039,11850.85376928553,0.0,682163.4657061485
2025-01-26 12:00:00,6777.3601240451135,11840.897197311118,0.0,686473.9627656318
2025-01-26 13:00:00,6693.126967711603,11831.331044822906,0.0,690868.486068553
2025-01-26 14:00:00,7188.505780676468,11822.007341638815,0.0,694703.2647649951
2025-01-26 15:00:00,7786.718724394417,11813.17497885003,0.0,697864.5300500735
2025-01-26 16:00:00,8703.920233430998,11804.481963412654,0.0,699997.9895318961
2025-01-26 17:00:00,8897.73201846601,11795.85102764877,0.0,701907.4716501383
2025-01-26 18:00:00,7703.1737183249525,11787.143560771274,0.0,705135.5333016595
2025-01-26 19:00:00,7973.6800403789,11774.896991619979,0.0,708050.7858039696
2025-01-26 20:00:00,7892.838803811897,11765.988503561577,0.0,711046.953414407
2025-01-26 21:00:00,7354.436185767164,11756.858473930935,0.0,714632.2161263743
2025-01-26 22:00:00,6774.577660357268,11747.713939307328,0.0,718852.6215541738
2025-01-26 23:00:00,6712.753153052069,11738.586275020862,0.0,723132.5932146922
2025-01-27 00:00:00,6016.7836659442855,11729.424363959868,0.0,728176.7023942696
2025-01-27 01:00:00,5608.242175470739,11720.267117224641,0.0,733665.5893165267
2025-01-27 02:00:00,5588.2223499596075,11711.065305728154,0.0,739167.5186778553
2025-01-27 03:00:00,5766.49404711441,11701.798322948891,0.0,744462.1013928992
2025-01-27 04:00:00,6235.820068605021,11692.474362094143,0.0,749225.8867898769
2025-01-27 05:00:00,7519.093016027628,11683.081984760976,0.0,752554.4209790515
2025-01-27 06:00:00,8907.525086230651,11673.662355450035,0.0,754330.8332386897
2025-01-27 07:00:00,8996.848565333716,11664.2303464647,0.0,755998.5651792281
2025-01-27 08:00:00,9251.83514042319,11654.730312967442,0.0,757373.4786695031
2025-01-27 09:00:00,9334.115407068995,11645.210133851868,0.0,758647.4494621672
2025-01-27 10:00:00,8387.897782101425,11635.639723170603,0.0,760963.2027607805
2025-01-27 11:00:00,8068.303300424851,11626.038392558454,0.0,763624.4597084224
2025-01-27 12:00:00,8034.618464224605,11616.403743415349,0.0,766313.5096026995
2025-01-27 13:00:00,8247.093133329612,11606.800210092106,0.0,768756.8729979808
2025-01-27 14:00:00,8760.834455412682,11597.146482895601,0.0,770619.7589748624
2025-01-27 15:00:00,9075.5145575722,11587.473976159341,0.0,772123.3278870526
2025-01-27 16:00:00,9184.249634662205,11577.809765926953,0.0,773496.4158366882
2025-01-27 17:00:00,11083.325622718392,11568.093973540264,0.0,772749.7035627638
2025-01-27 18:00:00,10650.925710754898,11558.364448830964,0.0,772473.7061107558
2025-01-27 19:00:00,9455.376195662504,11548.675332733292,0.0,773516.4078927529
2025-01-27 20:00:00,8540.00044753378,11539.006694814932,0.0,775566.5252014194
2025-01-27 21:00:00,8359.805098728215,11529.399319184362,0.0,777807.2521886834
2025-01-27 22:00:00,7713.296796191382,11519.753722806317,0.0,780756.6761379439
2025-01-27 23:00:00,7065.66218146252,11510.216665016233,0.0,784416.1570457793
2025-01-28 00:00:00,6793.629798302516,11500.622697022985,0.0,788368.3021891329
2025-01-28 01:00:00,6637.465827790933,11490.949497521984,0.0,792484.2896557761
2025-01-28 02:00:00,6465.51389822028,11481.29680693378,0.0,796781.682131354
2025-01-28 03:00:00,6313.170113319745,11471.630063656303,0.0,801238.6787357661
2025-01-28 04:00:00,6437.225428470694,11461.955286491446,0.0,805548.1613239569
2025-01-28 05:00:00,8036.104538720741,11452.323141920071,0.0,808071.4794228538
2025-01-28 06:00:00,9675.207952884432,11442.819438813225,0.0,808764.0678029066
2025-01-28 07:00:00,10533.500277313167,11433.512315926551,0.0,808493.6909218185
2025-01-28 08:00:00,12032.32813094631,11423.91410073339,0.0,806548.3515437226
2025-01-28 09:00:00,11464.42506679337,11414.35475566107,0.0,805224.4562251689
2025-01-28 10:00:00,11191.987391644761,11405.021882488307,0.0,804193.9365613852
2025-01-28 11:00:00,11176.138688098694,11395.607739761357,0.0,803171.6124254813
2025-01-28 12:00:00,11147.315756477923,11386.357237620441,0.0,802172.0632670152
2025-01-28 13:00:00,11440.619869532784,11376.962437324353,0.0,800837.2258493032
2025-01-28 14:00:00,12025.85837201175,11367.464048053596,0.0,798842.625039566
2025-01-28 15:00:00,12557.922074909056,11357.907788269074,0.0,796247.2860779361
2025-01-28 16:00:00,12109.208644088681,11348.280198998751,0.0,794140.8900057251
2025-01-28 17:00:00,10737.10510687207,11338.680552114825,0.0,793549.4537724265
2025-01-28 18:00:00,11562.014856068556,11329.194227675822,0.0,792031.9648266928
2025-01-28 19:00:00,9693.402417183439,11319.65933634079,0.0,792581.1770328297
2025-01-28 20:00:00,9112.322606187561,11310.085420879665,0.0,793766.4595579456
2025-01-28 21:00:00,8438.599138920017,11300.411340061697,0.0,795690.6496325406
2025-01-28 22:00:00,7645.786762358778,11290.67921778782,0.0,798486.010225486
2025-01-28 23:00:00,7080.955647436704,11280.966859620028,0.0,801899.2485879542
2025-01-29 00:00:00,7029.006043144183,11271.263851074595,0.0,805360.5057244241
2025-01-29 01:00:00,6878.676299479748,11261.589899748642,0.0,808979.1219580843
2025-01-29 02:00:00,6962.840033142946,11251.939525098553,0.0,812494.5725574684
2025-01-29 03:00:00,6863.495695299809,11242.320965268342,0.0,816110.7871946258
2025-01-29 04:00:00,7089.883269805896,11232.727299527527,0.0,819465.8664165913
2025-01-29 05:00:00,8028.446228598531,11223.179675197907,0.0,821768.5502822351
2025-01-29 06:00:00,8916.51820385423,11213.583533591207,0.0,823074.8913670996
2025-01-29 07:00:00,9604.291590671513,11204.038497949095,0.0,823607.4947643025
2025-01-29 08:00:00,9846.484738897192,11194.469563178987,0.0,823861.4257287068
2025-01-29 09:00:00,8949.049273188506,11184.941249781356,0.0,825102.9788971676
2025-01-29 10:00:00,9080.04743776425,11175.4151178956,0.0,826189.4524175473
2025-01-29 11:00:00,9352.143642282557,11165.879445656907,0.0,826964.061149557
2025-01-29 12:00:00,9221.64680315282,11156.361541135848,0.0,827874.1484649674
2025-01-29 13:00:00,9225.618221254288,11146.885249628254,0.0,828770.346802091
2025-01-29 14:00:00,9474.593416437474,11137.393174402008,0.0,829380.4139582291
2025-01-29 15:00:00,11460.433943469565,11127.88639497719,0.0,827774.4848604624
2025-01-29 16:00:00,11952.01524940236,11118.44827026783,0.0,825612.9161869498
2025-01-29 17:00:00,20217.226675807,11109.014983679444,0.0,814258.3459752881
2025-01-29 18:00:00,20276.161736711034,11099.480146312595,0.0,802828.7575252551
2025-01-29 19:00:00,19899.19983075739,11089.94145462552,0.0,791808.4769457058
2025-01-29 20:00:00,16723.10074484666,11080.441326946306,0.0,784307.6952228223
2025-01-29 21:00:00,14374.021680707672,11070.948114152436,0.0,779407.5081361885
2025-01-29 22:00:00,10194.93712770298,11061.49792345829,0.0,779141.2981399767
2025-01-29 23:00:00,8165.224799596287,11052.043326429615,0.0,781120.869466855
2025-01-30 00:00:00,8087.427698865392,11042.620266939604,0.0,783177.4589572776
2025-01-30 01:00:00,8070.66889168037,11033.228603343294,0.0,785243.2776809761
2025-01-30 02:00:00,7997.6385477310005,11023.862488008523,0.0,787380.87511595
2025-01-30 03:00:00,7816.841367130832,11014.50306199108,0.0,789709.9988811288
2025-01-30 04:00:00,7865.558022403603,11005.158022467089,0.0,791975.6479898144
2025-01-30 05:00:00,9213.552370576217,10995.829392891204,0.0,792734.1969709542
2025-01-30 06:00:00,20900.5025129806,10986.537771944346,0.0,780497.9541729202
2025-01-30 07:00:00,21262.740389777933,10977.234204982555,0.0,767849.9212781495
2025-01-30 08:00:00,21174.93262864108,10967.98016832626,0.0,755290.1985257635
2025-01-30 09:00:00,21137.407627911376,10958.730335071172,0.0,742762.9203853775
2025-01-30 10:00:00,20882.805668034,10949.49685345711,0.0,730509.299829908
2025-01-30 11:00:00,14540.821267997235,10940.245116495413,0.0,725293.076870851
2025-01-30 12:00:00,10238.00988815297,10931.014770555797,0.0,724848.5250990145
2025-01-30 13:00:00,10150.160718093146,10921.837701665547,0.0,724492.4064472433
2025-01-30 14:00:00,12700.36349021107,10912.701626665033,0.0,721293.5930847849
2025-01-30 15:00:00,20463.904410083025,10903.618855940182,0.0,709459.5403739662
2025-01-30 16:00:00,21035.602889276604,10894.558222843214,0.0,696981.2064976131
2025-01-30 17:00:00,20959.02560039718,10885.535241689393,0.0,684578.935516639
2025-01-30 18:00:00,20954.468726341052,10876.488475885422,0.0,672172.6809632566
2025-01-30 19:00:00,20776.848935546175,10867.48943809905,0.0,659954.7826951932
2025-01-30 20:00:00,20608.099253594177,10858.476719479322,0.0,647915.3713551234
2025-01-30 21:00:00,20260.93849607509,10849.465371159966,0.0,636252.6828417554
2025-01-30 22:00:00,19536.031822751873,10840.495830392638,0.0,625386.4766468683
2025-01-30 23:00:00,14994.727975107926,10831.561272494604,0.0,619557.2290581318
2025-01-31 00:00:00,13571.373547944488,10822.638151344001,0.0,615300.5632673154
2025-01-31 01:00:00,11265.904553670083,10813.726090236183,0.0,613596.6176312515
2025-01-31 02:00:00,8991.908156390247,10804.82159769495,0.0,614410.4301662906
2025-01-31 03:00:00,9311.812520163725,10795.924977603658,0.0,614859.8967881567
2025-01-31 04:00:00,12985.003179086252,10787.042814106102,0.0,611219.1582921671
2025-01-31 05:00:00,20535.79323346399,10778.17121111987,0.0,599179.7814661048
2025-01-31 06:00:00,21644.349743619612,10769.314275226941,0.0,585899.818248421
2025-01-31 07:00:00,22060.600775813396,10760.4812051482,0.0,572148.5208137766
2025-01-31 08:00:00,21925.41176583601,10751.642877885512,0.0,558538.5950629554
2025-01-31 09:00:00,21869.480300297386,10742.776466606103,0.0,544981.9489736755
2025-01-31 10:00:00,16401.80855228182,10733.88273508695,0.0,537491.599984005
2025-01-31 11:00:00,12774.16291887885,10724.97402222018,0.0,534023.0596519152
2025-01-31 12:00:00,12154.569328926194,10715.931071184983,0.0,531233.91369096
2025-01-31 13:00:00,11636.780580054707,10706.779584131862,0.0,529010.9370750312
2025-01-31 14:00:00,11656.821611578296,10696.249968474936,0.0,526755.1630306413
2025-01-31 15:00:00,15597.73543513305,10685.500845617153,0.0,520109.84672611067
2025-01-31 16:00:00,21093.470517272333,10675.418834459133,0.0,507348.07609693386
2025-01-31 17:00:00,21183.509831285184,10666.04735786602,0.0,494476.8903089274
2025-01-31 18:00:00,20959.016055194243,10656.437899397512,0.0,481845.53259144246
2025-01-31 19:00:00,20756.932387836616,10647.172837907247,0.0,469429.44722064235
2025-01-31 20:00:00,20319.16082241707,10637.845947680484,0.0,457490.44781008165
2025-01-31 21:00:00,19981.64091529366,10628.420789352618,0.0,445917.045360219
2025-01-31 22:00:00,19638.414521068997,10618.983387318214,0.0,434715.56816857157
2025-01-31 23:00:00,19494.977089476684,10609.663581013518,0.0,423664.1460946111
2025-02-01 00:00:00,7964.578341322095,10600.407608178428,0.0,425415.0222124316
2025-02-01 01:00:00,8131.7944439916,10591.217655455446,0.0,426970.91270789626
2025-02-01 02:00:00,7997.818032280794,10582.12731053229,0.0,428666.5755381166
2025-02-01 03:00:00,7889.201724197311,10572.997358159006,0.0,430473.793202723
2025-02-01 04:00:00,7898.750128366907,10563.761654804606,0.0,432261.16582600883
2025-02-01 05:00:00,8137.351693412954,10554.499318069107,0.0,433774.16326250794
2025-02-01 06:00:00,8487.189251513013,10545.194683785001,0.0,434889.147666834
2025-02-01 07:00:00,9174.703630344344,10535.785042886439,0.0,435230.81756489346
2025-02-01 08:00:00,9377.786145792335,10526.275987126986,0.0,435337.33116780675
2025-02-01 09:00:00,9185.509877665581,10516.758905344974,0.0,435647.96798685665
2025-02-01 10:00:00,8855.563950075695,10507.238796078276,0.0,436315.69128285086
2025-02-01 11:00:00,8720.95444400976,10497.674092260659,0.0,437123.4159928785
2025-02-01 12:00:00,8541.959813260022,10488.125991423814,0.0,438120.4755251244
2025-02-01 13:00:00,8551.020233094336,10478.640290265275,0.0,439097.98222306266
2025-02-01 14:00:00,8609.839650808004,10469.281132916056,0.0,440000.77485508093
2025-02-01 15:00:00,8997.935754455373,10459.926860052965,0.0,440462.9953212946
2025-02-01 16:00:00,9395.480105238365,10450.64458939399,0.0,440474.21757153486
2025-02-01 17:00:00,10210.137428530934,10441.207965440126,0.0,439570.8283941628
2025-02-01 18:00:00,9799.44008431384,10431.627971657654,0.0,439114.1896054718
2025-02-01 19:00:00,9581.613980326701,10422.312142047202,0.0,438890.2639916005
2025-02-01 20:00:00,8921.623573847464,10412.852654515596,0.0,439390.20156406326
2025-02-01 21:00:00,8777.325414381428,10403.589556361889,0.0,440041.2073266681
2025-02-01 22:00:00,8493.327321881387,10394.530516682422,0.0,440998.70748570445
2025-02-01 23:00:00,8152.180471256508,10385.610862757547,0.0,442326.340047066
2025-02-02 00:00:00,7696.313731165126,10376.724257575148,0.0,444151.6046033465
2025-02-02 01:00:00,7323.77190954453,10367.906165932609,0.0,446381.9864253407
2025-02-02 02:00:00,7070.275398123862,10359.315712323796,0.0,448885.44058419357
2025-02-02 03:00:00,7133.241464971012,10350.86064474328,0.0,451310.47737896914
2025-02-02 04:00:00,7127.877561287554,10342.456443286437,0.0,453733.06986526935
2025-02-02 05:00:00,7445.445572580144,10334.06474538072,0.0,455794.41730778327
2025-02-02 06:00:00,7571.842432214141,10325.711859389017,0.0,457706.9709091565
2025-02-02 07:00:00,7794.723657181271,10317.422447880537,0.0,459363.5892935023
2025-02-02 08:00:00,8156.469776097364,10309.109387176792,0.0,460609.9544850154
2025-02-02 09:00:00,8395.311071510096,10300.820469680943,0.0,461582.6515419073
2025-02-02 10:00:00,8171.187987037631,10292.529089816215,0.0,462796.08286834834
2025-02-02 11:00:00,8185.439440793169,10284.264321720328,0.0,463985.4144780763
2025-02-02 12:00:00,8180.435878337977,10276.025916801646,0.0,465172.06719672465
2025-02-02 13:00:00,8228.764928336343,10267.662616898964,0.0,466296.6576710277
2025-02-02 14:00:00,8253.365844464417,10259.282925672247,0.0,467385.53410285054
2025-02-02 15:00:00,8273.101162972933,10250.999817197331,0.0,468444.1992945224
2025-02-02 16:00:00,8481.180164930878,10242.865197378136,0.0,469263.5309753107
2025-02-02 17:00:00,8960.942157964626,10234.798430829254,0.0,469541.7270084015
2025-02-02 18:00:00,8394.231281669494,10226.804976224152,0.0,470441.60833832616
2025-02-02 19:00:00,7997.25297816875,10218.804204752789,0.0,471774.57590066927
2025-02-02 20:00:00,7739.089347777504,10210.744063078715,0.0,473386.33179955074
2025-02-02 21:00:00,7450.241480097709,10202.845727210648,0.0,475311.1314377639
2025-02-02 22:00:00,7272.1393277208945,10194.968568566006,0.0,477425.94519775116
2025-02-02 23:00:00,7101.702326474533,10187.136015389766,0.0,479722.3008503915
2025-02-03 00:00:00,6979.360528735993,10179.314871084332,0.0,482146.7706895469
2025-02-03 01:00:00,6852.1577560800015,10171.511099764917,0.0,484704.7731714452
2025-02-03 02:00:00,6748.515360474572,10163.745071451865,0.0,487370.1678423698
2025-02-03 03:00:00,6617.788864140233,10155.995863994718,0.0,490173.0649684309
2025-02-03 04:00:00,7118.957517948531,10148.265404047543,0.0,492411.37757475785
2025-02-03 05:00:00,8649.178750744624,10140.522834358473,0.0,492941.70179717784
2025-02-03 06:00:00,9946.96799158127,10132.783012519742,0.0,492022.29815238505
2025-02-03 07:00:00,10477.614390592626,10125.043496498556,0.0,490505.5478815585
2025-02-03 08:00:00,10118.728480770504,10117.325139468288,0.0,489379.8413757263
2025-02-03 09:00:00,9678.140306740625,10109.625866650576,0.0,488735.978012665
2025-02-03 10:00:00,9543.917877403637,10101.97089969127,0.0,488233.5957152411
2025-02-03 11:00:00,9407.021392376282,10094.400504010613,0.0,487875.7502277225
2025-02-03 12:00:00,9545.876139952174,10086.936833104053,0.0,487356.1580164352
2025-02-03 13:00:00,9488.058918605944,10079.544654572162,0.0,486893.41498366755
2025-02-03 14:00:00,9503.988000772995,10072.255506538175,0.0,486405.6838226801
2025-02-03 15:00:00,9541.021596441744,10065.019928180544,0.0,485869.5686437032
2025-02-03 16:00:00,9934.166881482686,10057.815098191291,0.0,484889.42054024694
2025-02-03 17:00:00,9534.25748424195,10050.697022744867,0.0,484346.49813605635
2025-02-03 18:00:00,9260.859213844331,10043.662918010528,0.0,484100.31748312875
2025-02-03 19:00:00,9008.516648084402,10036.45114808987,0.0,484127.3056889026
2025-02-03 20:00:00,8286.42638948503,10029.294468475671,0.0,484949.4597246172
2025-02-03 21:00:00,7608.393744950845,10022.068257581728,0.0,486517.7571544757
2025-02-03 22:00:00,6924.634646453298,10015.02613033717,0.0,488838.7447887537
2025-02-03 23:00:00,6718.33826068388,10008.0300119748,0.0,491381.9545110797
2025-02-04 00:00:00,6670.764716574711,10001.224693528433,0.0,493971.218408414
2025-02-04 01:00:00,6605.677925073136,9994.57550128516,0.0,496626.151770729
2025-02-04 02:00:00,6465.5148958275795,9987.820457713076,0.0,499430.06678863365
2025-02-04 03:00:00,6438.2544755885065,9980.959946094656,0.0,502257.4106507411
2025-02-04 04:00:00,6626.818016107853,9974.101360639062,0.0,504868.38088237145
2025-02-04 05:00:00,7562.104843094328,9967.349446472437,0.0,506433.3916142946
2025-02-04 06:00:00,8410.579363768793,9960.581159681027,0.0,507048.88459201035
2025-02-04 07:00:00,8633.430253770377,9953.59930136015,0.0,507409.7836114034
2025-02-04 08:00:00,8061.982380786938,9947.158037202822,0.0,508399.18344773183
2025-02-04 09:00:00,7924.945081348739,9941.935436163118,0.0,509535.62434906303
2025-02-04 10:00:00,7686.783627627592,9936.793794192696,0.0,510931.5474458917
2025-02-04 11:00:00,7453.48893525154,9931.56525135032,0.0,512581.45832474035
2025-02-04 12:00:00,7350.952756898187,9925.711826015953,0.0,514339.4448653138
2025-02-04 13:00:00,7321.414235427875,9920.177641931836,0.0,516124.71780121466
2025-02-04 14:00:00,7551.829774077383,9914.739497170684,0.0,517648.5353271883
2025-02-04 15:00:00,7642.734471422533,9909.405520983664,0.0,519066.0136577025
2025-02-04 16:00:00,7600.185646260515,9904.456007108069,0.0,520525.8189467433
2025-02-04 17:00:00,7210.091391391525,9899.645888945388,0.0,522414.25217858696
2025-02-04 18:00:00,6800.910033224238,9895.119466194403,0.0,524752.804941199
2025-02-04 19:00:00,6609.1483411518075,9891.571370288659,0.0,527300.8781546523
2025-02-04 20:00:00,6308.107680424759,9889.001056351566,0.0,530180.8706771986
2025-02-04 21:00:00,6096.560018082477,9887.104856926333,0.0,533294.0199584777
2025-02-04 22:00:00,5846.635950919953,9885.88476860532,0.0,536683.6425593942
2025-02-04 23:00:00,5737.984324328844,9885.116357469942,0.0,540193.220778721
2025-02-05 00:00:00,5674.919379448609,9885.05587553435,0.0,543772.8106770902
2025-02-05 01:00:00,4666.603260534026,9884.48814366242,0.0,548472.1840868259
2025-02-05 02:00:00,4940.143966739211,9882.209711082354,0.0,552865.3449459759
2025-02-05 03:00:00,5002.854391812649,9878.393633876314,0.0,557185.0114778382
2025-02-05 04:00:00,6555.024748928726,9872.845849441275,0.0,559774.4964951363
2025-02-05 05:00:00,6783.643638229502,9866.740399942482,0.0,562103.8550748238
2025-02-05 06:00:00,7969.643140633735,9860.358486799487,0.0,563109.0545164747
2025-02-05 07:00:00,8395.945702539411,9853.817653888085,0.0,563634.0436119856
2025-02-05 08:00:00,8555.300894129246,9847.12737362111,0.0,563975.2811032408
2025-02-05 09:00:00,8585.312888992878,9840.312405371864,0.0,564276.3569652872
2025-02-05 10:00:00,7456.0525650565705,9833.567168478317,0.0,565825.4212837028
2025-02-05 11:00:00,7097.515864020292,9827.063242714812,0.0,567766.3557886172
2025-02-05 12:00:00,7029.057691205567,9820.916601369907,0.0,569777.2082886476
2025-02-05 13:00:00,7185.8132072798535,9814.968188399793,0.0,571607.9395800699
2025-02-05 14:00:00,7539.720849004247,9808.82119218362,0.0,573039.2931622488
2025-02-05 15:00:00,8105.151000309716,9802.336375149285,0.0,573835.9062037206
2025-02-05 16:00:00,7881.4052077152155,9795.64597858495,0.0,574874.4352848441
2025-02-05 17:00:00,7942.287327727228,9788.858870276417,0.0,575838.5304576459
2025-02-05 18:00:00,8119.184581761538,9782.132613647831,0.0,576599.3468693364
2025-02-05 19:00:00,8339.098443989691,9775.431419256915,0.0,577109.113350827
2025-02-05 20:00:00,7990.023386961112,9768.605638685432,0.0,577999.9152262224
2025-02-05 21:00:00,7479.631156897064,9761.755703498697,0.0,579450.9696442798
2025-02-05 22:00:00,6997.601679573515,9754.892242384143,0.0,581430.74890936
2025-02-05 23:00:00,6484.073380580983,9748.06275141274,0.0,583974.2856823495
2025-02-06 00:00:00,6023.123677984813,9741.215429451451,0.0,587023.1414695955
2025-02-06 01:00:00,5862.623863440022,9734.333409153773,0.0,590243.448363816
2025-02-06 02:00:00,5663.07027197247,9727.434067052049,0.0,593678.5821286764
2025-02-06 03:00:00,5675.644391027397,9720.497110255877,0.0,597092.8076933463
2025-02-06 04:00:00,6107.9805466352045,9713.564996582518,0.0,600019.7276381118
2025-02-06 05:00:00,8068.5050262807235,9706.645509995293,0.0,600761.3675633508
2025-02-06 06:00:00,9291.444992867453,9699.751558982269,0.0,600137.2913524803
2025-02-06 07:00:00,9505.548832070588,9692.936748660431,0.0,599268.5071766179
2025-02-06 08:00:00,9244.650391458696,9686.22533163952,0.0,598682.8987399699
2025-02-06 09:00:00,8447.156193660107,9679.809458762056,0.0,598976.9790946653
2025-02-06 10:00:00,7550.722215290875,9674.207847596286,0.0,600261.4955919384
2025-02-06 11:00:00,7021.517351674595,9669.647585999815,0.0,602129.457231633
2025-02-06 12:00:00,6775.897243662455,9666.359171488357,0.0,604267.041687941
2025-02-06 13:00:00,6589.140227841288,9664.898534449996,0.0,606610.6733025672
2025-02-06 14:00:00,6793.565346809241,9665.698828833618,0.0,608727.9661905017
2025-02-06 15:00:00,7148.441723526251,9668.878039838257,0.0,610454.1312041996
2025-02-06 16:00:00,7980.884764476524,9674.136705455312,0.0,611260.6181713478
2025-02-06 17:00:00,8445.631545850574,9679.703845741276,0.0,611556.286966144
2025-02-06 18:00:00,7902.557093772443,9684.787908088721,0.0,612460.4558811522
2025-02-06 19:00:00,7699.096044941722,9689.078197764531,0.0,613594.9829178703
2025-02-06 20:00:00,7556.830029585072,9692.565737606248,0.0,614891.0708448264
2025-02-06 21:00:00,7274.6965293727235,9695.18942699605,0.0,616503.2641280751
2025-02-06 22:00:00,7170.336246803597,9697.295455369172,0.0,618233.519309218
2025-02-06 23:00:00,6882.47306519221,9698.794004916504,0.0,620285.1210194766
2025-02-07 00:00:00,6409.240682220453,9700.210602342604,0.0,622863.9530860187
2025-02-07 01:00:00,6059.5467175325775,9701.974031694173,0.0,625833.0974315655
2025-02-07 02:00:00,6186.040967797761,9704.056237086219,0.0,628663.7748155432
2025-02-07 03:00:00,6340.463997666288,9705.75250562445,0.0,631324.5673237607
2025-02-07 04:00:00,6783.532772816181,9707.773177065834,0.0,633495.0818643641
2025-02-07 05:00:00,7575.737795726332,9710.619575420094,0.0,634788.2150000882
2025-02-07 06:00:00,8944.342294197944,9714.082730122953,0.0,634564.1396255468
2025-02-07 07:00:00,9487.197797263003,9717.875476048412,0.0,633740.6842157474
2025-02-07 08:00:00,9461.38671709958,9721.96424939112,0.0,632949.9965572499
2025-02-07 09:00:00,9220.120422095188,9726.121495139083,0.0,632431.5398056167
2025-02-07 10:00:00,9037.516137715987,9730.145664569913,0.0,632120.0008727245
2025-02-07 11:00:00,8325.402878401055,9734.118545629517,0.0,632603.6717756861
2025-02-07 12:00:00,8012.379695827083,9738.620354757608,0.0,633439.6480239691
2025-02-07 13:00:00,7828.38278948087,9742.063160019217,0.0,634483.5080845652
2025-02-07 14:00:00,7969.188177851353,9743.964232767861,0.0,635372.8187863871
2025-02-07 15:00:00,8353.689889734058,9744.709957464516,0.0,635835.6510885915
2025-02-07 16:00:00,8616.740050636046,9744.386608393877,0.0,636005.8820851676
2025-02-07 17:00:00,8676.207916771025,9743.295983311013,0.0,636108.9470498442
2025-02-07 18:00:00,8256.365581111215,9741.342397620028,0.0,636676.5499128962
2025-02-07 19:00:00,7885.664160599848,9738.485573236738,0.0,637653.1864187997
2025-02-07 20:00:00,7403.337553180958,9734.587399473645,0.0,639161.8432036279
2025-02-07 21:00:00,7110.428480855066,9729.806020616586,0.0,640991.1731344056
2025-02-07 22:00:00,6923.995409318283,9724.600755866211,0.0,643022.4456576959
2025-02-07 23:00:00,6485.284164728985,9718.99173598919,0.0,645535.5660995418
2025-02-08 00:00:00,6352.418942174665,9713.147687607947,0.0,648190.4705180668
2025-02-08 01:00:00,6068.90934098367,9707.075878215552,0.0,651154.3137951895
2025-02-08 02:00:00,5703.631089197692,9700.748506628453,0.0,654517.6944249317
2025-02-08 03:00:00,5517.073380308604,9694.333306262057,0.0,658081.9461975173
2025-02-08 04:00:00,5514.700461463539,9687.859644248922,0.0,661642.3608845845
2025-02-08 05:00:00,5875.6171790279695,9681.384535616295,0.0,664795.2818879476
2025-02-08 06:00:00,6187.84317956174,9674.938188104117,0.0,667594.8387654275
2025-02-08 07:00:00,6773.1511329380355,9668.51695289465,0.0,669737.6322372798
2025-02-08 08:00:00,7490.561374639891,9662.139718300668,0.0,671076.9259837584
2025-02-08 09:00:00,7560.896640996773,9655.737626056116,0.0,672331.6673420403
2025-02-08 10:00:00,7772.305361983993,9649.339472594822,0.0,673345.1119679862
2025-02-08 11:00:00,8019.243352732651,9642.95676213811,0.0,674077.7983381992
2025-02-08 12:00:00,8114.122735343357,9636.599175671457,0.0,674698.7055857114
2025-02-08 13:00:00,7927.299225384666,9630.251345354263,0.0,675520.8466806381
2025-02-08 14:00:00,7801.252404308471,9623.934150723631,0.0,676476.7226043525
2025-02-08 15:00:00,8190.52072466569,9617.637844075058,0.0,676993.7818654656
2025-02-08 16:00:00,8767.508114583154,9611.292886882684,0.0,676863.3990694782
2025-02-08 17:00:00,8657.39172735517,9604.978540604121,0.0,676849.0534685764
2025-02-08 18:00:00,8325.37151615954,9598.697387485976,0.0,677197.3380603297
2025-02-08 19:00:00,7934.242383932233,9592.400215685826,0.0,677973.9134049797
2025-02-08 20:00:00,7696.163372431159,9586.147811853816,0.0,679008.7685807989
2025-02-08 21:00:00,7521.274858139792,9579.901945026446,0.0,680231.6984612255
2025-02-08 22:00:00,7530.58303722522,9573.674132653161,0.0,681438.058108073
2025-02-08 23:00:00,7508.74948569648,9567.444582353419,0.0,682662.4477063192
2025-02-09 00:00:00,7316.200273874707,9561.20549603589,0.0,684094.5417869388
2025-02-09 01:00:00,7060.128800229648,9554.963400117664,0.0,685804.9176312457
2025-02-09 02:00:00,6711.016428859964,9548.744890046055,0.0,687896.9776003362
2025-02-09 03:00:00,6808.5859813749985,9542.528096171574,0.0,689874.4101616465
2025-02-09 04:00:00,7072.913169079408,9536.318427789776,0.0,691551.9361793483
2025-02-09 05:00:00,7385.502685434483,9530.12881829216,0.0,692875.9509027131
2025-02-09 06:00:00,7612.40491709346,9523.972039619544,0.0,693941.6952566734
2025-02-09 07:00:00,7828.709352337138,9517.807678389468,0.0,694760.9369880216
2025-02-09 08:00:00,8019.554821298491,9511.680856958128,0.0,695362.0013768702
2025-02-09 09:00:00,8280.865490863576,9505.547983335244,0.0,695666.5877036904
2025-02-09 10:00:00,8109.003919148899,9499.442010360945,0.0,696156.0253594414
2025-02-09 11:00:00,7615.92083497759,9493.319869577044,0.0,697187.2109679322
2025-02-09 12:00:00,7236.549976595299,9487.202577733371,0.0,698633.8024605598
2025-02-09 13:00:00,7147.8446882586995,9481.121024880194,0.0,700172.8738318193
2025-02-09 14:00:00,7263.575813094787,9475.052114898175,0.0,701577.2861543898
2025-02-09 15:00:00,7523.87228547517,9469.038552508775,0.0,702686.4666119263
2025-02-09 16:00:00,8077.820542562305,9463.06301528746,0.0,703174.1734688112
2025-02-09 17:00:00,8546.713794369907,9457.163579295062,0.0,703134.9883876952
2025-02-09 18:00:00,8549.820735360594,9451.305958422288,0.0,703086.4935290501
2025-02-09 19:00:00,8238.205424175987,9445.56054503762,0.0,703378.49249167
2025-02-09 20:00:00,8287.633515684242,9439.821249954712,0.0,703609.8320575311
2025-02-09 21:00:00,8118.7803712682835,9434.074752738114,0.0,704023.0397310822
2025-02-09 22:00:00,7540.123120287762,9428.292741695232,0.0,705073.4178946799
2025-02-09 23:00:00,7301.388262351571,9422.493142049967,0.0,706383.2574118949
2025-02-10 00:00:00,7064.285685212375,9416.679270906998,0.0,707950.7303658992
2025-02-10 01:00:00,7005.2983872856785,9410.838308285884,0.0,709577.9037994231
2025-02-10 02:00:00,7020.974984124385,9404.986848666289,0.0,711181.8073323956
2025-02-10 03:00:00,6952.608714818636,9399.141334003662,0.0,712855.8278721563
2025-02-10 04:00:00,7276.786951649963,9393.28743447603,0.0,714163.7964714657
2025-02-10 05:00:00,8675.914593881396,9387.452237577692,0.0,713911.3436047307
2025-02-10 06:00:00,9930.702439701516,9381.612544504602,0.0,712258.8423273449
2025-02-10 07:00:00,10217.673299047008,9375.816418144646,0.0,710281.6884132151
2025-02-10 08:00:00,10397.205519541356,9370.024328089561,0.0,708099.2621640364
2025-02-10 09:00:00,10105.009237615624,9364.249394661936,0.0,706235.7235169031
2025-02-10 10:00:00,9530.335539515108,9358.461353010951,0.0,705004.9231593418
2025-02-10 11:00:00,7009.062821562351,9352.6228641082,0.0,706569.6984439362
2025-02-10 12:00:00,8097.63504033073,9346.71909989793,0.0,706919.0452768002
2025-02-10 13:00:00,7879.067098508911,9340.74770275496,0.0,707505.2739812117
2025-02-10 14:00:00,7868.90730739674,9334.696755610767,0.0,708096.7403952705
2025-02-10 15:00:00,8428.803317937873,9328.62859760653,0.0,708060.0319729461
2025-02-10 16:00:00,9218.0308584275,9322.687448644781,0.0,707140.4629122269
2025-02-10 17:00:00,8961.38275211737,9316.712323912383,0.0,706500.0832893424
2025-02-10 18:00:00,8889.921734672946,9310.705094380764,0.0,705933.0975674198
2025-02-10 19:00:00,8753.17316933054,9305.14506116197,0.0,705512.4946626589
2025-02-10 20:00:00,8449.876977000096,9299.839000384303,0.0,705423.5814663764
2025-02-10 21:00:00,8014.954662618254,9294.89808708204,0.0,705812.9743727715
2025-02-10 22:00:00,7432.875117435802,9290.959146016317,0.0,706845.1833883036
2025-02-10 23:00:00,6848.0531399641895,9288.319908654183,0.0,708524.5553636643
2025-02-11 00:00:00,6630.768961000211,9285.791613300564,0.0,710442.8259091869
2025-02-11 01:00:00,6347.732036812602,9282.73987252964,0.0,712672.5301852579
2025-02-11 02:00:00,6207.050830134925,9279.470367353959,0.0,715055.2774080175
2025-02-11 03:00:00,6383.231581125579,9276.445074048972,0.0,717239.2429474825
2025-02-11 04:00:00,6781.795264168839,9273.7822408159,0.0,718977.6971169998
2025-02-11 05:00:00,7903.402652262874,9271.153110783041,0.0,719467.2917252685
2025-02-11 06:00:00,9260.239887566224,9268.56518242249,0.0,718446.7014770618
2025-02-11 07:00:00,9556.257193935035,9266.432493576543,0.0,717095.0704218217
2025-02-11 08:00:00,9613.955911546316,9264.383792587132,0.0,715677.2809793573
2025-02-11 09:00:00,8939.60658606551,9261.87484449628,0.0,715006.2596171143
2025-02-11 10:00:00,8414.681784319399,9259.820157229173,0.0,714916.4333473218
2025-02-11 11:00:00,7895.430147470441,9258.69895805888,0.0,715402.4321415247
2025-02-11 12:00:00,7260.7148844086605,9258.279487904396,0.0,716593.2506467529
2025-02-11 13:00:00,7018.801050296715,9257.612808030235,0.0,718052.19562112
2025-02-11 14:00:00,7309.690119570383,9255.974975231222,0.0,719186.2926857176
2025-02-11 15:00:00,7767.932469730458,9253.339373200708,0.0,719808.59598144
2025-02-11 16:00:00,8369.797833610399,9249.663283433549,0.0,719758.4838941953
2025-02-11 17:00:00,8487.717883502884,9245.30851896494,0.0,719572.9947648236
2025-02-11 18:00:00,8435.4245275763,9239.86837544658,0.0,719440.169220741
2025-02-11 19:00:00,8406.604275067399,9232.123138592762,0.0,719331.6209425924
2025-02-11 20:00:00,8413.9975214762,9222.952083059656,0.0,719205.6868906784
2025-02-11 21:00:00,8165.050517417442,9212.842702401256,0.0,719346.2512403936
2025-02-11 22:00:00,7851.301779003872,9201.750697373269,0.0,719824.3332944291
2025-02-11 23:00:00,7251.602417683982,9190.023360292158,0.0,720957.0206350724
2025-02-12 00:00:00,7052.636489922741,9177.568868901913,0.0,722298.3267373935
2025-02-12 01:00:00,6980.251017877206,9165.569009579362,0.0,723708.0612826649
2025-02-12 02:00:00,7104.275627500467,9155.265083248349,0.0,724969.6867798016
2025-02-12 03:00:00,7177.638028045418,9146.47583592454,0.0,726141.0092512313
2025-02-12 04:00:00,7591.743869916916,9139.381436756743,0.0,726845.1197214136
2025-02-12 05:00:00,8987.619963890193,9132.84798998657,0.0,725991.7233070778
2025-02-12 06:00:00,10552.80609349532,9126.618963161749,0.0,723393.002166356
2025-02-12 07:00:00,11208.62964186374,9120.591725775634,0.0,720059.5609567274
2025-02-12 08:00:00,10606.448487598987,9114.763889790362,0.0,717389.3820825188
2025-02-12 09:00:00,10423.024460496592,9109.060377542204,0.0,714917.3041706203
2025-02-12 10:00:00,9962.520535412868,9103.307128760469,0.0,712951.1440378117
2025-02-12 11:00:00,9371.487347556911,9097.3510389551,0.0,711635.7313572591
2025-02-12 12:00:00,9302.142903963806,9091.044224560146,0.0,710391.0612440817
2025-02-12 13:00:00,9078.290877894357,9084.539268672845,0.0,709388.6106484275
2025-02-12 14:00:00,9259.115264161277,9078.278479540964,0.0,708178.9832789005
2025-02-12 15:00:00,9433.749442285607,9072.406383869873,0.0,706769.4458380085
2025-02-12 16:00:00,10404.168506894182,9066.800101466493,0.0,704276.0587095927
2025-02-12 17:00:00,10608.570641979357,9061.319715521771,0.0,701550.0777118042
2025-02-12 18:00:00,10673.401023144412,9055.827742413096,0.0,698746.5709840567
2025-02-12 19:00:00,10770.336089914335,9050.34182433863,0.0,695829.8727084905
2025-02-12 20:00:00,10282.516974817414,9044.990032967822,0.0,693449.84388055
2025-02-12 21:00:00,9395.359470408253,9039.676974468619,0.0,692050.2325545652
2025-02-12 22:00:00,8936.180229110756,9034.392108082595,0.0,691155.5355191912
2025-02-12 23:00:00,8365.136341488955,9029.09743841718,0.0,690890.0370226207
2025-02-13 00:00:00,8120.586700917514,9023.843254575704,0.0,690891.0061650658
2025-02-13 01:00:00,8038.583554035348,9018.634578226613,0.0,690977.8812388087
2025-02-13 02:00:00,7871.878238015893,9013.459229460223,0.0,691244.8090926957
2025-02-13 03:00:00,7796.3173427027505,9008.329615016137,0.0,691590.5638824865
2025-02-13 04:00:00,8214.741796856306,9003.228229170149,0.0,691466.3012262608
2025-02-13 05:00:00,9591.767963913673,8998.119186985023,0.0,689806.9004533418
2025-02-13 06:00:00,11033.784070357138,8993.004875931761,0.0,686540.1452510989
2025-02-13 07:00:00,11283.819914418338,8987.851743468851,0.0,682990.4193118807
2025-02-13 08:00:00,11197.267178828635,8982.596771218972,0.0,679531.6081066235
2025-02-13 09:00:00,10508.404850267434,8977.080887036456,0.0,676832.6836044738
2025-02-13 10:00:00,9448.042242151103,8970.772761071801,0.0,675305.6316520445
2025-02-13 11:00:00,8984.693504030456,8963.438582571856,0.0,674286.0774523602
2025-02-13 12:00:00,9030.25483562435,8954.845675936887,0.0,673207.3066442701
2025-02-13 13:00:00,9060.013641687343,8944.418464025091,0.0,672085.043284198
2025-02-13 14:00:00,9063.491421758321,8931.743767114622,0.0,670946.2410271367
2025-02-13 15:00:00,9488.70034707131,8916.701022328147,0.0,669319.9416638301
2025-02-13 16:00:00,10555.979440376996,8899.593857160906,0.0,666490.6694761277
2025-02-13 17:00:00,10988.531889087782,8882.19100832552,0.0,663163.380607689
2025-02-13 18:00:00,11167.426438215294,8865.290074559909,0.0,659620.419084232
2025-02-13 19:00:00,10852.70534510328,8849.16606533175,0.0,656411.0236550046
2025-02-13 20:00:00,10169.365318240998,8833.890861020898,0.0,653945.6197179798
2025-02-13 21:00:00,9920.575918006627,8819.515106630566,0.0,651742.2726934919
2025-02-13 22:00:00,9519.922450262817,8805.684422966291,0.0,649970.2655050551
2025-02-13 23:00:00,8932.69090370007,8792.456697013753,0.0,648837.5100868467
2025-02-14 00:00:00,8635.744494184688,8779.33359988877,0.0,648021.5720265302
2025-02-14 01:00:00,8505.625262155645,8765.892576532953,0.0,647336.7698673345
2025-02-14 02:00:00,8569.512424519166,8752.171219952992,0.0,646567.2606155997
2025-02-14 03:00:00,8843.975070902881,8738.863974129623,0.0,645479.4856220596
2025-02-14 04:00:00,9171.117011176555,8725.254039298545,0.0,644014.6096489397
2025-02-14 05:00:00,10645.080125403549,8710.846275583881,0.0,640897.5891185194
2025-02-14 06:00:00,11987.179223931504,8695.834892189812,0.0,636274.3359841187
2025-02-14 07:00:00,13445.383616580972,8680.507132118853,0.0,630015.5279867032
2025-02-14 08:00:00,12287.415393648636,8664.902063437496,0.0,625027.7462794199
2025-02-14 09:00:00,11544.721268293273,8649.26608581545,0.0,620849.544289354
2025-02-14 10:00:00,10957.680931340987,8633.781305507095,0.0,617308.1245600377
2025-02-14 11:00:00,10497.611126486801,8618.369114142555,0.0,614262.4813114172
2025-02-14 12:00:00,10068.355699544714,8602.42081959764,0.0,611677.840242632
2025-02-14 13:00:00,9877.540630866755,8587.545785968234,0.0,609290.3408831926
2025-02-14 14:00:00,9933.682093176147,8574.210623337414,0.0,606827.1269585566
2025-02-14 15:00:00,10980.01752061884,8562.06403849422,0.0,603189.1715296966
2025-02-14 16:00:00,11474.961426427784,8551.040407545113,0.0,598990.2547967663
2025-02-14 17:00:00,13195.388278778802,8540.72116668784,0.0,592869.4334314778
2025-02-14 18:00:00,11602.627570399556,8531.359628951683,0.0,588508.9846488743
2025-02-14 19:00:00,10927.622997193233,8522.93553349373,0.0,584890.1168521533
2025-02-14 20:00:00,10518.587384674702,8515.570859410669,0.0,581718.3683952589
2025-02-14 21:00:00,9625.248600945977,8509.108397191118,0.0,579532.7561247321
2025-02-14 22:00:00,8877.798945099406,8503.080928722562,0.0,578171.6160033444
2025-02-14 23:00:00,8496.088448839026,8497.464103938699,0.0,577228.9818307952
2025-02-15 00:00:00,8121.928125646232,8492.105163755552,0.0,576696.7224104995
2025-02-15 01:00:00,7912.623079175674,8486.996871278472,0.0,576391.9158604715
2025-02-15 02:00:00,7730.08635668238,8482.154469844134,0.0,576285.0854895575
2025-02-15 03:00:00,7699.0460735071765,8477.42077173553,0.0,576208.0106240629
2025-02-15 04:00:00,7750.875096361112,8472.731714287234,0.0,576068.6588979488
2025-02-15 05:00:00,7974.884342384693,8468.071469520402,0.0,575675.7477648195
2025-02-15 06:00:00,8387.472220514544,8463.461643982035,0.0,574819.7958304521
2025-02-15 07:00:00,8960.925826804887,8458.848526486,0.0,573322.0601049326
2025-02-15 08:00:00,9479.387714766413,8454.17923393197,0.0,571243.5863224575
2025-02-15 09:00:00,9415.460629211204,8449.551378152166,0.0,569231.5147792639
2025-02-15 10:00:00,9169.651543886639,8444.931354130365,0.0,567487.9444179647
2025-02-15 11:00:00,8479.606284836587,8440.306013793823,0.0,566506.4656708289
2025-02-15 12:00:00,8219.16649349977,8435.698020304277,0.0,565809.7564761334
2025-02-15 13:00:00,8147.1016411895325,8431.096282450995,0.0,565188.5176017073
2025-02-15 14:00:00,8326.392415789516,8426.49105860483,0.0,564363.461531657
2025-02-15 15:00:00,8467.85770631526,8421.895399060159,0.0,563376.6261459225
2025-02-15 16:00:00,9197.661799358037,8417.324122027405,0.0,561574.326046441
2025-02-15 17:00:00,9758.410420592147,8412.718497340475,0.0,559144.3662986791
2025-02-15 18:00:00,9713.776430134065,8408.161448628178,0.0,556759.442824936
2025-02-15 19:00:00,9399.944644107522,8403.604011511328,0.0,554718.6638985501
2025-02-15 20:00:00,9260.390193714702,8399.04110502406,0.0,552828.3825661134
2025-02-15 21:00:00,9277.165662038107,8394.477119792635,0.0,550914.897839197
2025-02-15 22:00:00,9094.09449869394,8389.904900297064,0.0,549200.2532965008
2025-02-15 23:00:00,8935.953016719757,8385.360725691251,0.0,547656.7773369479
2025-02-16 00:00:00,8671.342580301132,8380.855042177207,0.0,546402.8072899015
2025-02-16 01:00:00,8813.03202218674,8376.348104441284,0.0,544986.8975919132
2025-02-16 02:00:00,9064.918380061139,8371.832811261333,0.0,543286.5988697732
2025-02-16 03:00:00,9157.080475480696,8367.325005484036,0.0,541479.3900136121
2025-02-16 04:00:00,9307.907412805063,8362.828349450554,0.0,539500.0990155014
2025-02-16 05:00:00,9493.073694191124,8358.34424512566,0.0,537310.5836004147
2025-02-16 06:00:00,9717.425782499311,8353.870775247762,0.0,534867.31461733
2025-02-16 07:00:00,10090.626757105492,8349.374018950148,0.0,532004.8811283851
2025-02-16 08:00:00,0.0,8344.863593530165,0.0,540349.7447219152
2025-02-16 09:00:00,10185.028067842832,8340.395439214479,0.0,537373.442307971
2025-02-16 10:00:00,9623.75686666483,8335.924051637126,0.0,535016.3031744249
2025-02-16 11:00:00,9363.311907502131,8331.457404293747,0.0,532944.0806814942
2025-02-16 12:00:00,8956.518070845228,8326.980289963223,0.0,531319.3742260739
2025-02-16 13:00:00,8763.16532892362,8322.48277259994,0.0,529905.0066332031
2025-02-16 14:00:00,8999.896055740544,8317.989017889417,0.0,528223.111144714
2025-02-16 15:00:00,9191.770546196443,8313.45365728278,0.0,526323.4864173342
2025-02-16 16:00:00,9712.471578832367,8308.919382218472,0.0,523840.77071196114
2025-02-16 17:00:00,10421.418141692484,8304.34398345108,0.0,520565.76120464277
2025-02-16 18:00:00,10511.129536342673,8299.72998917212,0.0,517186.45837565634
2025-02-16 19:00:00,10588.997629355601,8295.032811306513,0.0,513715.93826545664
2025-02-16 20:00:00,10347.321624705608,8290.35497762091,0.0,510509.26921562693
2025-02-16 21:00:00,10083.260324933868,8285.666910482889,0.0,507591.3135428499
2025-02-16 22:00:00,9747.773977542556,8281.039691346248,0.0,505041.4932591489
2025-02-16 23:00:00,7964.280095083586,8276.463390021467,0.0,504468.7565435219
2025-02-17 00:00:00,9208.09846328409,8271.92790048232,0.0,502509.4639292441
2025-02-17 01:00:00,8973.377262378395,8267.416373140448,0.0,500806.46112196415
2025-02-17 02:00:00,8856.946232040103,8262.91780420744,0.0,499228.32755723817
2025-02-17 03:00:00,9039.415296202615,8258.436179757527,0.0,497442.96896343725
2025-02-17 04:00:00,9451.794907628337,8253.988149653691,0.0,495194.96277128166
2025-02-17 05:00:00,10587.752782531688,8249.556559397086,0.0,491680.34957231017
2025-02-17 06:00:00,11742.323492597177,8245.157888796275,0.0,486878.48135822074
2025-02-17 07:00:00,11952.496045512404,8240.705080109425,0.0,481838.6352766497
2025-02-17 08:00:00,11762.926274909823,8236.264114894724,0.0,477004.9813083113
2025-02-17 09:00:00,11270.038148891957,8231.822022748938,0.0,472714.53872118023
2025-02-17 10:00:00,10884.41904945091,8227.382034782695,0.0,468848.1218121286
2025-02-17 11:00:00,10495.99178299892,8222.928174372695,0.0,465408.8368942803
2025-02-17 12:00:00,9990.163379462976,8218.447583471901,0.0,462527.10294501553
2025-02-17 13:00:00,9790.879590410083,8213.970185443759,0.0,459862.3180300037
2025-02-17 14:00:00,9812.360314776877,8209.528426337656,0.0,457169.223884367
2025-02-17 15:00:00,10024.270795553133,8205.086360653157,0.0,454236.2315832944
2025-02-17 16:00:00,10095.00773969087,8200.536268456732,0.0,451220.09258542804
2025-02-17 17:00:00,10229.002729133304,8195.967062181557,0.0,448050.5010596836
2025-02-17 18:00:00,10245.74583996539,8191.377190394917,0.0,444857.7162056726
2025-02-17 19:00:00,10219.95789202423,8186.4742175651745,0.0,441688.681654322
2025-02-17 20:00:00,9971.877136787525,8181.262705006543,0.0,438790.080874009
2025-02-17 21:00:00,9686.681908137809,8175.716018012461,0.0,436202.81699409056
2025-02-17 22:00:00,8886.807782222433,8169.048759578209,0.0,434497.6348845328
2025-02-17 23:00:00,8628.299556458642,8160.934921064543,0.0,433071.5702984211
2025-02-18 00:00:00,8450.18584075555,8152.603983998366,0.0,431835.0789038021
2025-02-18 01:00:00,8359.328881384998,8144.74842175219,0.0,430691.68412401545
2025-02-18 02:00:00,8411.214768599888,8137.222163829089,0.0,429483.1121005113
2025-02-18 03:00:00,8478.260538728162,8129.5782985942915,0.0,428192.40091162984
2025-02-18 04:00:00,8988.821216880999,8121.604768206538,0.0,426326.42654996866
2025-02-18 05:00:00,10187.722660661619,8113.466045595216,0.0,423120.2007503843
2025-02-18 06:00:00,11362.764503016882,8105.203049558952,0.0,418600.10990770225
2025-02-18 07:00:00,11612.104978118556,8096.528049821202,0.0,413794.29909294733
2025-02-18 08:00:00,11415.284541340901,8087.533234568894,0.0,409198.1828371374
2025-02-18 09:00:00,10869.528829296141,8077.770819276454,0.0,405198.69940164045
2025-02-18 10:00:00,10303.364145757816,8067.282572660871,0.0,401817.799590126
2025-02-18 11:00:00,9700.6630654135,8056.0589374052215,0.0,399095.34401040507
2025-02-18 12:00:00,9192.415786644264,8044.616391233068,0.0,396926.16508314444
2025-02-18 13:00:00,9139.389437364436,8033.276320466293,0.0,394804.56425098365
2025-02-18 14:00:00,9440.002027683711,8022.909753242137,0.0,392338.58286235505
2025-02-18 15:00:00,9677.331950032692,8013.588534875185,0.0,389599.5803416383
2025-02-18 16:00:00,10248.874540499151,8005.027734993978,0.0,386216.9696982998
2025-02-18 17:00:00,10818.3650001235,7996.969048720068,0.0,382193.5331913271
2025-02-18 18:00:00,10802.69018676869,7989.633823846146,0.0,378180.1779187637
2025-02-18 19:00:00,10648.281137139595,7983.714133247704,0.0,374332.4685663007
2025-02-18 20:00:00,10455.894068571975,7978.312196889019,0.0,370693.12068699865
2025-02-18 21:00:00,10015.751583189114,7973.305006812198,0.0,367537.81282360066
2025-02-18 22:00:00,9642.117763766311,7968.691524361263,0.0,364793.0401659994
2025-02-18 23:00:00,0.0,7964.283006030069,0.0,372757.3231720295
2025-02-19 00:00:00,9255.093509745691,7959.903241692401,0.0,370433.7891806711
2025-02-19 01:00:00,9151.294956676164,7955.587017417495,0.0,368221.2706906706
2025-02-19 02:00:00,9143.763220987148,7951.299715138649,0.0,366012.83349360136
2025-02-19 03:00:00,9206.959527053765,7947.032498838319,0.0,363729.91096237994
2025-02-19 04:00:00,9441.454204203808,7942.788974091764,0.0,361182.1952651341
2025-02-19 05:00:00,10580.457894700623,7938.56171062713,0.0,357364.6926483161
2025-02-19 06:00:00,11624.776031906666,7934.344401241425,0.0,352382.6192363279
2025-02-19 07:00:00,11683.783450252244,7930.111422435335,0.0,347330.74904737185
2025-02-19 08:00:00,11531.653947784402,7925.899957596399,0.0,342443.7001740967
2025-02-19 09:00:00,10997.558977730094,7921.695397961977,0.0,338145.885596803
2025-02-19 10:00:00,10493.49920147617,7917.484464874829,0.0,334403.9265044821
2025-02-19 11:00:00,10069.266827312962,7913.2720351371545,0.0,331129.1242870492
2025-02-19 12:00:00,9675.3524754602,7909.0495290428735,0.0,328287.7821766919
2025-02-19 13:00:00,9674.016722338516,7904.851206681226,0.0,325443.7259141081
2025-02-19 14:00:00,9727.667060724325,7900.6476139423585,0.0,322535.85457169014
2025-02-19 15:00:00,9874.819920767755,7896.44007536338,0.0,319460.2725128671
2025-02-19 16:00:00,10132.76613008591,7892.247560113974,0.0,316093.8910395523
2025-02-19 17:00:00,10372.98953221759,7888.059046679803,0.0,312456.4061615459
2025-02-19 18:00:00,10113.95178339052,7883.868518109309,0.0,309102.55047588795
2025-02-19 19:00:00,10092.307152641486,7879.702300684316,0.0,305768.57816252613
2025-02-19 20:00:00,9858.162942745414,7875.493788329735,0.0,302690.55757002765
2025-02-19 21:00:00,9382.455260779807,7871.296653667905,0.0,300136.90393394016
2025-02-19 22:00:00,0.0,7867.097411041123,0.0,308004.0013449813
2025-02-19 23:00:00,8262.1228746722,7862.918943069989,0.0,306686.78376063774
2025-02-20 00:00:00,8035.0473407182535,7858.725463100111,0.0,305617.67884516204
2025-02-20 01:00:00,7883.632617224491,7854.54715393849,0.0,304712.6342021844
2025-02-20 02:00:00,7621.543958400275,7850.374100867057,0.0,304094.6261270512
2025-02-20 03:00:00,7557.668655969999,7846.209543483912,0.0,303543.42605279066
2025-02-20 04:00:00,7853.7634113696795,7842.040968007085,0.0,302659.063230387
2025-02-20 05:00:00,8799.315158165231,7837.882674456553,0.0,300719.92906243773
2025-02-20 06:00:00,9822.790051151092,7833.717956991154,0.0,297639.4358514832
2025-02-20 07:00:00,9818.2630846131,7829.55438852207,0.0,294559.8090348796
2025-02-20 08:00:00,9891.50263419487,7825.38898730235,0.0,291394.6395397432
2025-02-20 09:00:00,9491.149953975186,7821.217991061845,0.0,288670.1353597215
2025-02-20 10:00:00,9164.784280738306,7817.054322970282,0.0,286304.096037427
2025-02-20 11:00:00,8862.497562340523,7813.014827671734,0.0,284269.891351387
2025-02-20 12:00:00,8620.740203277212,7809.246073056962,0.0,282500.53719858045
2025-02-20 13:00:00,8673.720753839578,7805.258900532438,0.0,280668.32859484665
2025-02-20 14:00:00,8918.398181282806,7801.156410808946,0.0,278560.1536931192
2025-02-20 15:00:00,9117.191533214602,7796.998084687557,0.0,276226.93896312383
2025-02-20 16:00:00,9388.961892796047,7793.083235817388,0.0,273587.8423180567
2025-02-20 17:00:00,9037.716278287742,7788.905679520745,0.0,271334.8410217022
2025-02-20 18:00:00,8687.466893335484,7785.001030422092,0.0,269467.1010595293
2025-02-20 19:00:00,8378.160125736991,7782.564293000239,0.0,267940.59854615515
2025-02-20 20:00:00,7991.056919929365,7780.387291160665,0.0,266842.0337040609
2025-02-20 21:00:00,7573.794170444345,7777.319855666999,0.0,266204.02670367865
2025-02-20 22:00:00,7431.21120794871,7774.895908955158,0.0,265722.02127046854
2025-02-20 23:00:00,7110.394829063461,7771.712277419983,0.0,265593.29484892916
2025-02-21 00:00:00,6792.483062087228,7768.565284424015,0.0,265814.65673103405
2025-02-21 01:00:00,6459.167847061616,7764.904037178025,0.0,266402.7076048103
2025-02-21 02:00:00,6229.149801008981,7761.189241145935,0.0,267242.61928927957
2025-02-21 03:00:00,6274.789753226797,7757.406092877998,0.0,268028.0367674611
2025-02-21 04:00:00,6807.471232342245,7753.583357498841,0.0,268217.7632001352
2025-02-21 05:00:00,7857.862470091833,7749.71219581882,0.0,267236.51709585206
2025-02-21 06:00:00,8833.236705912594,7745.80013194109,0.0,265167.60977677914
2025-02-21 07:00:00,8763.19952425049,7741.755751235337,0.0,263172.47716773616
2025-02-21 08:00:00,8767.021192387565,7737.731769733666,0.0,261169.0742792614
2025-02-21 09:00:00,8823.28064797346,7733.842829939865,0.0,259099.2719447863
2025-02-21 10:00:00,8462.9620376313,7730.0224435580485,0.0,257426.00323542068
2025-02-21 11:00:00,8002.496435716227,7726.36907746015,0.0,256260.70960652945
2025-02-21 12:00:00,7688.697947808381,7722.935328078318,0.0,255440.6472148207
2025-02-21 13:00:00,7452.5477582605345,7719.773331696992,0.0,254879.8119262282
2025-02-21 14:00:00,7268.571080211337,7716.587549654062,0.0,254520.20938675856
2025-02-21 15:00:00,7360.437953882642,7713.394611373505,0.0,254055.33960492912
2025-02-21 16:00:00,7620.991030484488,7710.582278728813,0.0,253298.15407200853
2025-02-21 17:00:00,7447.135109897508,7708.435540475519,0.0,252731.99504593125
2025-02-21 18:00:00,7083.832275024311,7707.844558180041,0.0,252568.91485408432
2025-02-21 19:00:00,6204.781416262875,7709.02651275496,0.0,253383.73979321387
2025-02-21 20:00:00,5518.752997871899,7716.124223891953,0.0,254967.91624169258
2025-02-21 21:00:00,4950.577547670675,7726.610900809016,0.0,257193.88542286755
2025-02-21 22:00:00,4317.761994260996,7740.715304382413,0.0,260137.0874002933
2025-02-21 23:00:00,3911.257474698942,7754.737913904585,0.0,263545.9836756435
2025-02-22 00:00:00,3816.8668363287743,7767.635728647815,0.0,267072.6562528149
2025-02-22 01:00:00,3631.6010772584013,7779.325892418383,0.0,270816.8698371684
2025-02-22 02:00:00,3749.683559409713,7788.0366049797785,0.0,274438.59137613734
2025-02-22 03:00:00,4210.592050535347,7795.972748187124,0.0,277556.1285126186
2025-02-22 04:00:00,4463.7068893915875,7800.752991318691,0.0,280397.207182391
2025-02-22 05:00:00,5141.542978516873,7802.093419308732,0.0,282486.47507001436
2025-02-22 06:00:00,5601.843878919974,7802.501521359656,0.0,284064.70561479626
2025-02-22 07:00:00,5870.423032758319,7803.370287767026,0.0,285345.38364394294
2025-02-22 08:00:00,6039.60028122519,7806.1963066394665,0.0,286440.9129714433
2025-02-22 09:00:00,6033.189329207882,7812.137209823181,0.0,287549.5064821466
2025-02-22 10:00:00,5901.370537987837,7823.898915582151,0.0,288816.3270221868
2025-02-22 11:00:00,6148.02651592953,7841.141566069645,0.0,289826.3280150013
2025-02-22 12:00:00,6152.0792316971565,7860.769838827977,0.0,290851.4542630547
2025-02-22 13:00:00,6450.546658915391,7879.46180360775,0.0,291563.64200120093
2025-02-22 14:00:00,6648.018099327318,7893.694710442431,0.0,292070.649934613
2025-02-22 15:00:00,6571.049239336513,7904.092802694976,0.0,292673.576915823
2025-02-22 16:00:00,6964.133381311864,7910.558997151544,0.0,292846.2099337391
2025-02-22 17:00:00,7005.149615883314,7914.391852493485,0.0,292977.1022130289
2025-02-22 18:00:00,6817.113229269087,7916.780193890988,0.0,293319.3121521764
2025-02-22 19:00:00,6612.538261321055,7917.618495472222,0.0,293889.66591284744
2025-02-22 20:00:00,6400.361229798231,7918.800753291822,0.0,294696.9541885857
2025-02-22 21:00:00,6238.935119495645,7919.761012112665,0.0,295684.56506792543
2025-02-22 22:00:00,6018.2308728071,7920.913831595649,0.0,296918.5557075132
2025-02-22 23:00:00,5955.394580725379,7921.202024465833,0.0,298222.6526422841
2025-02-23 00:00:00,5735.252843617622,7921.558476212417,0.0,299771.7079589213
2025-02-23 01:00:00,5488.42538237265,7922.814840723897,0.0,301596.2723747868
2025-02-23 02:00:00,5101.855382103406,7925.412197059072,0.0,303852.95636950876
2025-02-23 03:00:00,4917.776392874998,7926.838066376874,0.0,306315.5984438023
2025-02-23 04:00:00,5481.627005867254,7926.898178687952,0.0,308151.79994930443
2025-02-23 05:00:00,5799.019207615974,7926.303832106425,0.0,309634.7491062819
2025-02-23 06:00:00,5843.6369347486725,7926.300093956484,0.0,311068.11927273986
2025-02-23 07:00:00,5727.975146314722,7925.17947615026,0.0,312628.8819196516
2025-02-23 08:00:00,5765.2353159876675,7924.467887875676,0.0,314147.5327897632
2025-02-23 09:00:00,6148.074489068173,7924.730988624332,0.0,315241.0699016451
2025-02-23 10:00:00,6375.642759407152,7926.977015504805,0.0,316083.9994066975
2025-02-23 11:00:00,6024.599812606601,7931.303536460704,0.0,317321.3031513731
2025-02-23 12:00:00,5475.311105064477,7936.651599598974,0.0,319174.2757453449
2025-02-23 13:00:00,5031.579197473532,7942.66941560145,0.0,321526.301608198
2025-02-23 14:00:00,5482.679467030846,7946.92396000608,0.0,323381.35949372535
2025-02-23 15:00:00,5145.331798872265,7948.927034762866,0.0,325613.25119640795
2025-02-23 16:00:00,5576.33304466988,7948.062886516905,0.0,327365.38847773604
2025-02-23 17:00:00,5794.4253657849895,7946.396358379501,0.0,328873.53442968783
2025-02-23 18:00:00,5392.84217277223,7944.579146677919,0.0,330826.0667177299
2025-02-23 19:00:00,5092.366515851545,7942.780325826094,0.0,333110.66202594317
2025-02-23 20:00:00,4563.824985536916,7940.450325637852,0.0,335980.19570098445
2025-02-23 21:00:00,4101.341082059356,7938.226375830391,0.0,339361.37643008225
2025-02-23 22:00:00,3409.324404167195,7937.0465269626175,0.0,343510.28473019245
2025-02-23 23:00:00,2730.947739945128,7937.349908482329,0.0,348413.24826095795
2025-02-24 00:00:00,2616.201899688587,7939.053891298497,0.0,353445.4111526024
2025-02-24 01:00:00,2695.9091788160113,7941.547476401922,0.0,358391.5039858755
2025-02-24 02:00:00,2615.9286719780857,7944.924980823267,0.0,363429.84155338974
2025-02-24 03:00:00,2649.1662597610084,7949.444314905869,0.0,368435.7678018945
2025-02-24 04:00:00,3268.8715677453565,7955.312216620123,0.0,372759.00049879757
2025-02-24 05:00:00,4629.0480348987785,7960.203728133586,0.0,375575.81752148806
2025-02-24 06:00:00,5938.716064562104,7965.73252834059,0.0,376942.97664475965
2025-02-24 07:00:00,6109.303740162515,7971.640759670204,0.0,378126.5021375826
2025-02-24 08:00:00,6383.642610762894,7978.05443943483,0.0,379011.6203428365
2025-02-24 09:00:00,6471.527706903167,7985.798308150306,0.0,379806.8323099832
2025-02-24 10:00:00,6499.638418837141,7992.106560466452,0.0,380577.1184050751
2025-02-24 11:00:00,6559.489848751671,7998.357243026705,0.0,381287.1535939332
2025-02-24 12:00:00,6204.29496298685,8003.625062359126,0.0,382397.117586307
2025-02-24 13:00:00,6454.676957889536,8008.400186811806,0.0,383233.65448657493
2025-02-24 14:00:00,6768.522718560938,8012.401342766032,0.0,383725.4750309398
2025-02-24 15:00:00,6954.941804555718,8015.60458215875,0.0,384013.3664969256
2025-02-24 16:00:00,6886.522845823352,8017.416521134317,0.0,384379.0909671451
2025-02-24 17:00:00,7050.708743368254,8018.533290779479,0.0,384563.5034319598
2025-02-24 18:00:00,7629.215019119563,8019.57956091974,0.0,384106.17741608
2025-02-24 19:00:00,7338.754485065759,8020.496648951017,0.0,383972.502414958
2025-02-24 20:00:00,7167.701898991087,8021.33031412208,0.0,384029.71950797894
2025-02-24 21:00:00,7134.573342700128,8020.858379574876,0.0,384123.27417344257
2025-02-24 22:00:00,6363.201714321992,8019.433720443523,0.0,385072.4837668616
2025-02-24 23:00:00,5894.457617748373,8017.435977786613,0.0,386540.5223915944
2025-02-25 00:00:00,5590.821130295235,8015.091468736,0.0,388343.59038222465
2025-02-25 01:00:00,5463.449596682218,8012.243428848069,0.0,390285.3342592036
2025-02-25 02:00:00,5459.477768427443,8009.241129273349,0.0,392228.4889791131
2025-02-25 03:00:00,5319.00582688459,8006.090681994502,0.0,394324.5731867914
2025-02-25 04:00:00,5724.34846132044,8002.919862229179,0.0,395967.10586977564
2025-02-25 05:00:00,7440.563319664564,7999.654614997897,0.0,395699.46790736844
2025-02-25 06:00:00,8800.82010314306,7996.290009771524,0.0,393917.0689136477
2025-02-25 07:00:00,9079.953002488179,7992.822540749766,0.0,391821.0547849662
2025-02-25 08:00:00,9102.141863651785,7989.402380983222,0.0,389696.96620633634
2025-02-25 09:00:00,8443.583027061646,7986.34146190601,0.0,388301.5487492849
2025-02-25 10:00:00,8059.098345119899,7983.953024860148,0.0,387330.9480573452
2025-02-25 11:00:00,7323.581429474283,7982.863035335204,0.0,387176.4983932645
2025-02-25 12:00:00,7264.623082342869,7983.255146539015,0.0,387087.9501149781
2025-02-25 13:00:00,7295.630764311187,7984.002233860505,0.0,386965.6959440484
2025-02-25 14:00:00,8523.812140347276,7984.219359537256,0.0,385479.01292542205
2025-02-25 15:00:00,13927.65735721229,7983.7387772132315,0.0,377987.57686128834
2025-02-25 16:00:00,15481.795919181988,7982.225851447257,0.0,368767.8072469778
2025-02-25 17:00:00,16391.276757068965,7979.6091123859915,0.0,358534.8866292871
2025-02-25 18:00:00,15469.876044044697,7976.759082812441,0.0,349322.89455204987
2025-02-25 19:00:00,13382.084621159811,7973.809542693866,0.0,342427.72118234396
2025-02-25 20:00:00,11976.727357220265,7970.920311790866,0.0,337091.166652779
2025-02-25 21:00:00,8407.410546258488,7968.186865981233,0.0,335717.78624513966
2025-02-25 22:00:00,7716.831865176533,7965.347112534067,0.0,335108.87572969985
2025-02-25 23:00:00,7326.667850010323,7962.460766053929,0.0,334930.59444018675
2025-02-26 00:00:00,6814.830229225298,7959.644709055707,0.0,335318.20556121436
2025-02-26 01:00:00,6307.539768991019,7956.8441657863905,0.0,336266.6722058996
2025-02-26 02:00:00,6007.198716715502,7953.91273308368,0.0,337545.9196981883
2025-02-26 03:00:00,6166.037608303564,7950.937364253722,0.0,338645.7041643269
2025-02-26 04:00:00,6956.022364797073,7947.876757004938,0.0,338864.6671826684
2025-02-26 05:00:00,8616.690311612048,7944.807765509146,0.0,337235.37460194196
2025-02-26 06:00:00,12693.108102913278,7941.712292381836,0.0,331073.6334466424
2025-02-26 07:00:00,11323.303773669735,7938.869593934587,0.0,326431.05440316617
2025-02-26 08:00:00,9665.684736821953,7936.020679061048,0.0,323627.42537464725
2025-02-26 09:00:00,9039.512021372828,7933.269685294609,0.0,321516.79281397205
2025-02-26 10:00:00,8805.42696303223,7930.658906956695,0.0,319663.64398422634
2025-02-26 11:00:00,8203.53787840908,7928.343186297693,0.0,318476.9450834028
2025-02-26 12:00:00,7941.045471261252,7926.601195900623,0.0,317580.1624223465
2025-02-26 13:00:00,7834.357523209491,7925.083467963372,0.0,316800.40419785486
2025-02-26 14:00:00,7821.9191681345965,7923.443830935667,0.0,316032.8267308632
2025-02-26 15:00:00,8437.101530230178,7921.659547367488,0.0,314579.9290224194
2025-02-26 16:00:00,9299.330793701265,7919.357057110354,0.0,312166.69630875054
2025-02-26 17:00:00,11825.225123262222,7916.736518533248,0.0,306944.29380143684
2025-02-26 18:00:00,10292.623674223752,7914.10704753784,0.0,303422.15232205944
2025-02-26 19:00:00,9914.694473242042,7911.417444810788,0.0,300317.2425743791
2025-02-26 20:00:00,9674.616066143393,7908.7320773615165,0.0,297476.40124491457
2025-02-26 21:00:00,8671.075313129157,7906.0019305313335,0.0,295747.8750497468
2025-02-26 22:00:00,7603.4070796456,7903.216889852033,0.0,295202.8618511038
2025-02-26 23:00:00,7010.489663097489,7900.431351167315,0.0,295313.86024327384
2025-02-27 00:00:00,6660.809642493735,7897.621556860027,0.0,295810.5821973631
2025-02-27 01:00:00,6411.368846406081,7894.838780329003,0.0,296581.6778150187
2025-02-27 02:00:00,6424.254399733752,7892.030283811416,0.0,297335.64765468147
2025-02-27 03:00:00,6327.745525915285,7889.225023815078,0.0,298194.04431636847
2025-02-27 04:00:00,7125.633648660474,7886.440392059437,0.0,298163.11398769397
2025-02-27 05:00:00,8842.458428510054,7883.640977254483,0.0,296221.8011554929
2025-02-27 06:00:00,9797.01324591659,7880.87930033515,0.0,293217.11018258735
2025-02-27 07:00:00,10014.03587906674,7878.122064409176,0.0,289968.52571470017
2025-02-27 08:00:00,9659.38647593587,7875.396522345667,0.0,287111.2705971171
2025-02-27 09:00:00,9264.7116270915,7872.726744160495,0.0,284689.8733111759
2025-02-27 10:00:00,9132.261189750327,7870.333406552205,0.0,282413.2498402277
2025-02-27 11:00:00,8567.706343599464,7867.967956622828,0.0,280761.54408174
2025-02-27 12:00:00,8291.954010683914,7865.701785358533,0.0,279413.9636330054
2025-02-27 13:00:00,8024.745044473598,7863.901995299029,0.0,278361.48224555596
2025-02-27 14:00:00,7860.859816084865,7862.265498217527,0.0,277489.4590592347
2025-02-27 15:00:00,8429.856633175517,7860.342561176221,0.0,275983.2942502159
2025-02-27 16:00:00,9107.619045635573,7857.810355059721,0.0,273721.5278879028
2025-02-27 17:00:00,11973.916567903394,7855.393867425178,0.0,268272.5700132131
2025-02-27 18:00:00,11599.086489317924,7852.670007635332,0.0,263237.3661438285
2025-02-27 19:00:00,9573.925319495538,7848.58909066911,0.0,260448.26043505812
2025-02-27 20:00:00,9308.077782181637,7844.198241655161,0.0,257950.15002984478
2025-02-27 21:00:00,8931.807350547857,7840.670915770162,0.0,255866.59055611736
2025-02-27 22:00:00,8564.654796886913,7836.475622536691,0.0,254186.7830710019
2025-02-27 23:00:00,8126.4022451178325,7833.047286668336,0.0,252990.49452976158
2025-02-28 00:00:00,7567.253867012424,7829.577302886259,0.0,252412.01198041177
2025-02-28 01:00:00,7482.8157203844285,7826.642024874443,0.0,251924.41431597018
2025-02-28 02:00:00,7375.188267948227,7823.750696739017,0.0,251553.5113816556
2025-02-28 03:00:00,7400.881747314004,7820.952718719637,0.0,251151.26215891523
2025-02-28 04:00:00,7739.844505809669,7818.231095885854,0.0,250369.6660261237
2025-02-28 05:00:00,9023.949444892045,7815.557388401874,0.0,248158.61292020106
2025-02-28 06:00:00,9802.014842484308,7812.935717893061,0.0,245080.42103533374
2025-02-28 07:00:00,10152.29745438281,7810.595918019732,0.0,241610.68644848373
2025-02-28 08:00:00,10012.613874901665,7808.293363269731,0.0,238293.85328408494
2025-02-28 09:00:00,10014.155011506125,7805.949364533585,0.0,234972.96374694508
2025-02-28 10:00:00,9218.228096858951,7803.674424201929,0.0,232534.16250797038
2025-02-28 11:00:00,8526.774359380328,7801.348636740042,0.0,230861.31741206557
2025-02-28 12:00:00,8076.958610062291,7798.923497960596,0.0,229685.84245440146
2025-02-28 13:00:00,8057.006514278225,7796.435502695908,0.0,228530.04849678825
2025-02-28 14:00:00,7961.347073967111,7794.137442872579,0.0,227478.24474636404
2025-02-28 15:00:00,8428.424755175613,7791.8501390384745,0.0,225905.17849076295
2025-02-28 16:00:00,9832.721926768576,7788.844357450716,0.0,222768.77626291526
2025-02-28 17:00:00,10123.845124837742,7785.084876948468,0.0,219305.14433448846
2025-02-28 18:00:00,9968.93008034676,7779.561998876975,0.0,216008.11735520238
2025-02-28 19:00:00,9694.1114259782,7772.437160839938,0.0,213009.3195982888
2025-02-28 20:00:00,9529.429821523026,7759.334726309676,0.0,210180.39896735066
2025-02-28 21:00:00,9105.122481761535,7742.764040559762,0.0,207806.36025039764
2025-02-28 22:00:00,8644.161163674476,7722.593513337012,0.0,205924.3302485398
2025-02-28 23:00:00,7749.6915893457235,7702.522945344098,0.0,205016.08476127754
2025-03-01 00:00:00,7424.742425521025,7683.628843520393,0.0,204449.99979866348
2025-03-01 01:00:00,7086.094953844793,7665.840893315958,0.0,204242.40185437413
2025-03-01 02:00:00,7004.150040431882,7651.005650855808,0.0,204111.01857141673
2025-03-01 03:00:00,7211.737530483962,7636.9116274209255,0.0,203734.8884982999
2025-03-01 04:00:00,7201.754409125528,7626.001808527719,0.0,203358.9409633548
2025-03-01 05:00:00,7577.347879844247,7618.512907996458,0.0,202558.17844930213
2025-03-01 06:00:00,7511.471401032707,7611.976967391453,0.0,201824.0760822128
2025-03-01 07:00:00,8119.575882742637,7605.153900786146,0.0,200407.47900217376
2025-03-01 08:00:00,8387.717103788174,7596.465764012524,0.0,198684.25909531052
2025-03-01 09:00:00,7675.858214998124,7584.774478579953,0.0,197740.30222389253
2025-03-01 10:00:00,7365.919849241756,7567.458201672845,0.0,197123.405037519
2025-03-01 11:00:00,7049.950732369629,7545.087672040516,0.0,196835.2141180377
2025-03-01 12:00:00,6833.739365066727,7520.817391927247,0.0,196762.98777100194
2025-03-01 13:00:00,6627.309353397321,7498.107580163788,0.0,196897.41829183535
2025-03-01 14:00:00,6705.753924424046,7479.851127736481,0.0,196926.43172576735
2025-03-01 15:00:00,6579.9761570135015,7465.110861856379,0.0,197080.45796871983
2025-03-01 16:00:00,7015.845889677248,7453.740929125118,0.0,196738.81457598138
2025-03-01 17:00:00,7830.669297726908,7444.934942524588,0.0,195483.00585436495
2025-03-01 18:00:00,7521.847080219402,7437.673729473374,0.0,194563.07171692784
2025-03-01 19:00:00,7141.274570860181,7432.765456842523,0.0,194061.08765059244
2025-03-01 20:00:00,6481.852684494969,7427.643307638166,0.0,194286.67241990284
2025-03-01 21:00:00,5809.1413011121585,7422.894230725705,0.0,195254.96520494836
2025-03-01 22:00:00,5257.64856268957,7418.354508690345,0.0,196831.48797731698
2025-03-01 23:00:00,5060.8681292004985,7414.614226834063,0.0,198622.91539392824
2025-03-02 00:00:00,4825.015766278801,7411.2784845383685,0.0,200673.06524926794
2025-03-02 01:00:00,4661.695586093736,7407.469002832872,0.0,202900.87248977445
2025-03-02 02:00:00,4673.285790924054,7403.17087246254,0.0,205111.5035945436
2025-03-02 03:00:00,5484.142409365437,7400.332235538674,0.0,206418.3442641207
2025-03-02 04:00:00,4559.956941574537,7400.109578232693,0.0,208751.83501838165
2025-03-02 05:00:00,4823.608280167222,7401.550977890767,0.0,210793.82124053108
2025-03-02 06:00:00,5497.439582710434,7401.657516787955,0.0,212087.21255430745
2025-03-02 07:00:00,5452.032371692837,7405.947214861435,0.0,213435.3460228435
2025-03-02 08:00:00,5515.90028649457,7409.998092516031,0.0,214716.56601925445
2025-03-02 09:00:00,5465.413372651446,7414.262235405549,0.0,216058.14672949174
2025-03-02 10:00:00,5051.444878837772,7416.252425730972,0.0,217861.68262318074
2025-03-02 11:00:00,5002.245070948384,7415.648923464061,0.0,219719.28146781327
2025-03-02 12:00:00,4694.423873246673,7414.477863914685,0.0,221917.7328058983
2025-03-02 13:00:00,4813.148844999458,7412.842282469242,0.0,223982.63192725705
2025-03-02 14:00:00,5349.94100220029,7411.673812563046,0.0,225449.92684848642
2025-03-02 15:00:00,5485.469880715227,7411.986021150728,0.0,226766.94633550913
2025-03-02 16:00:00,5760.219436378675,7413.766597926487,0.0,227780.4691152371
2025-03-02 17:00:00,6759.382352868013,7415.8925843138395,0.0,227685.93686303092
2025-03-02 18:00:00,6519.541174021665,7418.26002238666,0.0,227860.26224761573
2025-03-02 19:00:00,6315.437686172544,7421.982915344212,0.0,228265.0921783238
2025-03-02 20:00:00,6322.484600158161,7428.33340842906,0.0,228668.44269768824
2025-03-02 21:00:00,5606.267550190862,7438.181908206373,0.0,229877.43843901588
2025-03-02 22:00:00,4791.800453759444,7448.602490440803,0.0,232001.81820305728
2025-03-02 23:00:00,4544.708647465724,7456.436102487331,0.0,234408.57803058266
2025-03-03 00:00:00,4699.424693644955,7460.781423336864,0.0,236647.7764609807
2025-03-03 01:00:00,4528.8659748589735,7463.750728886413,0.0,239079.45388446824
2025-03-03 02:00:00,4442.490886089997,7466.563687692049,0.0,241609.91658761582
2025-03-03 03:00:00,4336.785562111661,7465.638823812816,0.0,244256.90478686013
2025-03-03 04:00:00,4427.157607652001,7460.404662316525,0.0,246798.24544067445
2025-03-03 05:00:00,5511.041971813265,7454.0486946611145,0.0,248128.91416665417
2025-03-03 06:00:00,7102.7781226894695,7445.734068985038,0.0,247682.67254376202
2025-03-03 07:00:00,7392.632077586859,7436.6806012813395,0.0,246905.31750328018
2025-03-03 08:00:00,6265.988951654479,7427.647852046913,0.0,247370.75540904433
2025-03-03 09:00:00,7230.516584229913,7419.068674772088,0.0,246755.91676800538
2025-03-03 10:00:00,4980.6815791631925,7413.643322905042,0.0,248635.4694473958
2025-03-03 11:00:00,4289.031502303866,7409.673925779163,0.0,251279.55281505955
2025-03-03 12:00:00,4357.273855338856,7405.45104561618,0.0,253843.58846585476
2025-03-03 13:00:00,4368.738781100205,7401.78614796496,0.0,256391.2204125973
2025-03-03 14:00:00,4492.944274621301,7398.537838766276,0.0,258797.59794622878
2025-03-03 15:00:00,5307.6427515773,7395.8767774140315,0.0,260296.09388855693
2025-03-03 16:00:00,7062.3126562516745,7394.024925789253,0.0,259843.1047518443
2025-03-03 17:00:00,6150.381394938514,7392.050269335768,0.0,260401.39791569283
2025-03-03 18:00:00,6239.501673701651,7389.6427745269775,0.0,260858.26105277357
2025-03-03 19:00:00,8274.39917015787,7387.946499126645,0.0,259052.43069616923
2025-03-03 20:00:00,10078.693602888656,7385.7834730125605,0.0,255239.6657215277
2025-03-03 21:00:00,9654.605463539745,7385.535288574726,0.0,251897.86160616938
2025-03-03 22:00:00,8699.305959760717,7386.976407271266,0.0,249618.9425025954
2025-03-03 23:00:00,8443.476773737455,7389.3913773943295,0.0,247626.69302028144
2025-03-04 00:00:00,8170.500834009457,7392.207693898517,0.0,245940.56645416946
2025-03-04 01:00:00,8158.787092121531,7395.648245006976,0.0,244270.89570793032
2025-03-04 02:00:00,8102.394233381887,7399.788933152668,0.0,242668.02438176976
2025-03-04 03:00:00,8167.798371347509,7404.333154329519,0.0,240997.02601237982
2025-03-04 04:00:00,8573.481237966664,7409.050490566331,0.0,238879.98623853872
2025-03-04 05:00:00,5688.7348322127455,7413.867948350556,0.0,239973.03770665292
2025-03-04 06:00:00,6922.815551998696,7418.793727298977,0.0,239699.81415395334
2025-03-04 07:00:00,7335.9930178420955,7424.442007909162,0.0,238973.15280870462
2025-03-04 08:00:00,7011.825773313814,7428.944089889887,0.0,238611.17937269027
2025-03-04 09:00:00,6811.838253603686,7432.927263864078,0.0,238475.3974658836
2025-03-04 10:00:00,6226.271842897402,7436.9869089737085,0.0,238994.30454941574
2025-03-04 11:00:00,5867.04003603823,7441.568622821508,0.0,239916.93979886145
2025-03-04 12:00:00,5718.125638142489,7447.101999782321,0.0,241010.56886737433
2025-03-04 13:00:00,5440.001512968196,7452.99096934598,0.0,242419.11371120007
2025-03-04 14:00:00,5790.507486159704,7461.4314297236015,0.0,243446.64793407958
2025-03-04 15:00:00,6190.880944251769,7471.825286073652,0.0,244039.71661542906
2025-03-04 16:00:00,6115.567750288457,7485.523144284627,0.0,244730.1644816154
2025-03-04 17:00:00,6399.400839954202,7502.26387271865,0.0,245121.9829766071
2025-03-04 18:00:00,6233.442445568425,7521.278008808932,0.0,245717.21382367334
2025-03-04 19:00:00,5940.354634744527,7547.659852613839,0.0,246664.47963768218
2025-03-04 20:00:00,5246.2022407905515,7574.622420078922,0.0,248409.98845688268
2025-03-04 21:00:00,4772.107421228049,7602.484957275496,0.0,250710.13183501596
2025-03-04 22:00:00,4223.878698235974,7630.6902955929045,0.0,253647.62357701332
2025-03-04 23:00:00,3714.9509647646637,7658.046525508346,0.0,257177.9468083387
2025-03-05 00:00:00,6245.360768578171,7684.58471076625,0.0,257923.24177624032
2025-03-05 01:00:00,7699.199638714992,7711.265756683784,0.0,257079.8412676852
2025-03-05 02:00:00,7816.64905484781,7734.757743676353,0.0,256129.43339486397
2025-03-05 03:00:00,7965.465596518641,7757.319688370749,0.0,255036.2357537696
2025-03-05 04:00:00,7129.6980273409745,7776.886779620233,0.0,254891.2358363443
2025-03-05 05:00:00,5239.753531604316,7794.3177938642575,0.0,256863.6052617593
2025-03-05 06:00:00,6207.353837096174,7811.159838800581,0.0,257777.70528156418
2025-03-05 07:00:00,6128.865208741611,7831.966917236995,0.0,258799.82196686638
2025-03-05 08:00:00,5714.370941250429,7854.285657268948,0.0,260304.80657830153
2025-03-05 09:00:00,5058.850017404455,7880.081830725808,0.0,262563.94394524454
2025-03-05 10:00:00,4360.64733311328,7911.1585149188295,0.0,265629.9387567042
2025-03-05 11:00:00,4321.452396483923,7945.5539126615495,0.0,268773.87889549474
2025-03-05 12:00:00,4512.785926772423,7988.09618371801,0.0,271747.76849391
2025-03-05 13:00:00,5093.351743693299,8037.026662530887,0.0,274125.5154412262
2025-03-05 14:00:00,5167.882883848359,8089.394842272101,0.0,276472.81819033343
2025-03-05 15:00:00,5801.295894595867,8151.287151660809,0.0,278178.2210146655
2025-03-05 16:00:00,5906.968900980337,8214.987647876034,0.0,279829.9098836745
2025-03-05 17:00:00,5875.727721965028,8282.507010514002,0.0,281583.8305364495
2025-03-05 18:00:00,6013.640002869534,8358.59768461936,0.0,283260.6059956583
2025-03-05 19:00:00,5758.912041370148,8432.443161294617,0.0,285294.257999875
2025-03-05 20:00:00,5233.874185296243,8504.50643649105,0.0,287983.34867492574
2025-03-05 21:00:00,4770.799963662985,8573.957601051576,0.0,291256.4174274629
2025-03-05 22:00:00,3870.9230828825675,8647.448390247444,0.0,295602.8401700631
2025-03-05 23:00:00,3991.542788570583,8712.469598793834,0.0,299880.2622260007
2025-03-06 00:00:00,3400.9871504521634,8753.329932833169,0.0,304854.71754722035
2025-03-06 01:00:00,3038.5321539966517,8789.235831081374,0.0,310267.8065405277
2025-03-06 02:00:00,3046.6349804297997,8825.213912873958,0.0,315707.87047514634
2025-03-06 03:00:00,3211.8501655183345,8862.04703857529,0.0,321001.19510759006
2025-03-06 04:00:00,3222.470095221097,8894.972957018525,0.0,326315.6457365852
2025-03-06 05:00:00,4238.105360835025,8922.150338187343,0.0,330528.7901182892
2025-03-06 06:00:00,5499.675200830761,8945.50040190518,0.0,333363.5402970491
2025-03-06 07:00:00,5794.030023658119,8971.882546454199,0.0,335897.61170610535
2025-03-06 08:00:00,6028.359290065889,8999.673207726104,0.0,338199.10792486934
2025-03-06 09:00:00,5274.806289758649,9027.848689950082,0.0,341366.06073730974
2025-03-06 10:00:00,4433.3962375042065,9055.97391077178,0.0,345496.03882863245
2025-03-06 11:00:00,4423.374309799391,9084.710430470655,0.0,349665.8889148815
2025-03-06 12:00:00,4489.257088424898,9114.974478980012,0.0,353792.79996227834
2025-03-06 13:00:00,4460.520424081015,9144.41359202603,0.0,357981.07974976994
2025-03-06 14:00:00,4922.116972671582,9170.924584938857,0.0,361682.9854761848
2025-03-06 15:00:00,6023.5025802952305,9194.916349690757,0.0,364185.12118110305
2025-03-06 16:00:00,6354.145038379071,9216.09530698627,0.0,366341.05533433484
2025-03-06 17:00:00,6982.21542651913,9233.992922140347,0.0,367817.0311158984
2025-03-06 18:00:00,7368.995627107795,9250.50971914679,0.0,368879.7679160365
2025-03-06 19:00:00,6653.549282579635,9266.765315945591,0.0,370753.7006957825
2025-03-06 20:00:00,6170.208496647937,9282.120011107549,0.0,373180.03348839236
2025-03-06 21:00:00,5677.558343568637,9296.12836443211,0.0,376167.76369330374
2025-03-06 22:00:00,5329.659495823607,9309.481364230227,0.0,379555.4011732855
2025-03-06 23:00:00,4966.756873621408,9323.332047048883,0.0,383360.1144718662
2025-03-07 00:00:00,4659.268120810811,9337.117183718185,0.0,387520.2670769057
2025-03-07 01:00:00,4426.436970151369,9350.491743466082,0.0,391952.49552020355
2025-03-07 02:00:00,4158.025782039166,9363.699235142185,0.0,396696.16610863555
2025-03-07 03:00:00,4133.160684447831,9376.990619366203,0.0,401480.7559675041
2025-03-07 04:00:00,4778.132778279758,9390.66827549272,0.0,405562.387822686
2025-03-07 05:00:00,5803.320652053958,9404.222175501149,0.0,408518.47594034945
2025-03-07 06:00:00,7587.866678007449,9419.937767773905,0.0,409507.45073255955
2025-03-07 07:00:00,7512.979581629888,9435.413595364755,0.0,410595.10923722445
2025-03-07 08:00:00,6514.097871852765,9453.787607920738,0.0,412811.0103208643
2025-03-07 09:00:00,6219.493943150864,9472.69646276236,0.0,415373.15795790346
2025-03-07 10:00:00,6317.325882318501,9496.125149766407,0.0,417850.032127316
2025-03-07 11:00:00,5906.570545893492,9522.854596857962,0.0,420810.03056207014
2025-03-07 12:00:00,6059.941379065362,9550.193415497133,0.0,423626.95577860565
2025-03-07 13:00:00,6207.620325249858,9577.956593150282,0.0,426307.5564548117
2025-03-07 14:00:00,6824.94669248515,9606.931372696627,0.0,428331.21372474707
2025-03-07 15:00:00,6548.941119822878,9632.738673845744,0.0,430687.35115434515
2025-03-07 16:00:00,6570.681201068267,9654.754813240934,0.0,433041.3490775103
2025-03-07 17:00:00,10388.058357978163,9672.499814212868,0.0,431171.56182730285
2025-03-07 18:00:00,9678.750777091544,9689.486001012938,0.0,430106.88029821415
2025-03-07 19:00:00,6747.493430075307,9705.402448496176,0.0,432315.0678244043
2025-03-07 20:00:00,7077.59999712202,9720.68973610735,0.0,434171.7575637095
2025-03-07 21:00:00,6205.4734125699315,9735.831213330735,0.0,437012.61831862933
2025-03-07 22:00:00,6241.949415631984,9750.685906644214,0.0,439827.80487457133
2025-03-07 23:00:00,5607.349520987951,9765.398520772982,0.0,443362.81503869104
2025-03-08 00:00:00,6156.084439523339,9780.056873330534,0.0,446302.7780903289
2025-03-08 01:00:00,5932.554829248595,9794.933862075994,0.0,449505.98436435097
2025-03-08 02:00:00,5571.242215093836,9809.902934023958,0.0,453125.6181704929
2025-03-08 03:00:00,5694.241055873481,9824.873080830484,0.0,456623.55674479733
2025-03-08 04:00:00,5898.220944464383,9839.815877399385,0.0,459909.793795014
2025-03-08 05:00:00,6420.282924760195,9854.706154108168,0.0,462630.8522549442
2025-03-08 06:00:00,7256.634398339773,9869.492389431256,0.0,464437.41753510904
2025-03-08 07:00:00,7527.527922861787,9884.377896034071,0.0,465957.87551685213
2025-03-08 08:00:00,7537.468706230066,9899.295442210314,0.0,467482.205729918
2025-03-08 09:00:00,7005.6330034394905,9914.282083005133,0.0,469612.4511424348
2025-03-08 10:00:00,6790.586005959436,9929.250148921747,0.0,471996.60572917934
2025-03-08 11:00:00,6730.599865324646,9944.065589296133,0.0,474462.2270236703
2025-03-08 12:00:00,6527.619266598444,9959.028297892066,0.0,477168.3450253418
2025-03-08 13:00:00,6617.186082190508,9974.13415133857,0.0,479790.0501964687
2025-03-08 14:00:00,6955.440138929431,9989.664879645292,0.0,482051.4482550813
2025-03-08 15:00:00,7200.170608718088,10006.78958327968,0.0,484058.0482731186
2025-03-08 16:00:00,7661.669274792181,10023.989552459076,0.0,485569.07196469756
2025-03-08 17:00:00,8216.81389233012,10041.011088168698,0.0,486480.28983916616
2025-03-08 18:00:00,8316.883330716948,10056.242099428822,0.0,487295.55046002055
2025-03-08 19:00:00,8180.778107960596,10072.0502207262,0.0,488277.8472274572
2025-03-08 20:00:00,7478.620500807472,10086.373186283387,0.0,490054.6420795101
2025-03-08 21:00:00,7031.699869502032,10100.410599518285,0.0,492342.0528240261
2025-03-08 22:00:00,7236.3436337745115,10113.888283836242,0.0,494415.5592925573
2025-03-08 23:00:00,6776.664295995981,10127.5498644364,0.0,497013.48216144263
2025-03-09 00:00:00,6145.356277918841,10141.11411052721,0.0,500326.4226298378
2025-03-09 01:00:00,5796.397707272714,10155.243401655624,0.0,504041.2241345237
2025-03-09 02:00:00,5809.343257083068,10169.02248181787,0.0,507755.42077513825
2025-03-09 03:00:00,5856.593892236873,10183.005552312905,0.0,511431.09978052124
2025-03-09 04:00:00,5875.827651713937,10195.897191230515,0.0,515098.2995809585
2025-03-09 05:00:00,5872.7691638261385,10207.744405167236,0.0,518780.7449152079
2025-03-09 06:00:00,6161.045116909096,10220.52028139864,0.0,522155.65951115196
2025-03-09 07:00:00,6383.776932690886,10231.558940498897,0.0,525294.1329708832
2025-03-09 08:00:00,6975.3984172656255,10241.92748222858,0.0,527785.617767261
2025-03-09 09:00:00,7092.364925015612,10250.655196642625,0.0,530155.8674916641
2025-03-09 10:00:00,6848.877206755566,10259.79373010346,0.0,532805.7976587057
2025-03-09 11:00:00,6566.477967573581,10269.836414545112,0.0,535779.5474426135
2025-03-09 12:00:00,6505.062126899436,10281.214757746058,0.0,538832.9153926936
2025-03-09 13:00:00,6698.876234921889,10293.655511735284,0.0,541683.3750878491
2025-03-09 14:00:00,7041.984975911433,10307.620390421487,0.0,544166.5677272578
2025-03-09 15:00:00,7410.026703904954,10321.21147796114,0.0,546254.4162008802
2025-03-09 16:00:00,7246.03,10334.06995677844,0.0,548537.3417132142
2025-03-09 17:00:00,9919.073163971938,10345.65684666375,0.0,547861.8061554647
2025-03-09 18:00:00,13523.691735267159,10356.598100186362,0.0,543192.0801053542
2025-03-09 19:00:00,13454.416470402772,10365.83859579367,0.0,538608.5670673669
2025-03-09 20:00:00,13115.763932453327,10373.007991276841,0.0,534408.5040225844
2025-03-09 21:00:00,12817.102327925446,10376.653466223865,0.0,530543.9326800023
2025-03-09 22:00:00,12447.30527531991,10378.871910037082,0.0,527092.4653952395
2025-03-09 23:00:00,11864.309028073363,10382.643932848376,0.0,524292.5437413397
2025-03-10 00:00:00,11700.610262640606,10388.827164712671,0.0,521680.69283645164
2025-03-10 01:00:00,8141.250184297344,10395.585943717084,0.0,523030.4452420605
2025-03-10 02:00:00,7337.03,10401.983453211844,0.0,525280.1731397168
2025-03-10 03:00:00,7752.100603604547,10411.16170462831,0.0,527077.8897292289
2025-03-10 04:00:00,12099.86384429067,10422.425170628307,0.0,524056.02173953434
2025-03-10 05:00:00,13636.493120317717,10435.151554481066,0.0,519339.51427144016
2025-03-10 06:00:00,15647.140101713034,10448.984335026127,0.0,512402.7873823407
2025-03-10 07:00:00,13857.641721135273,10462.909647254563,0.0,507468.317339445
2025-03-10 08:00:00,11539.407210580575,10476.377579705666,0.0,505123.13135183876
2025-03-10 09:00:00,8527.415587163438,10488.411556894695,0.0,506136.63670077414
2025-03-10 10:00:00,8247.927437474762,10499.062851069604,0.0,507471.3357324273
2025-03-10 11:00:00,8214.599167975759,10508.666156400153,0.0,508852.6694799655
2025-03-10 12:00:00,8131.163116104368,10519.829530265553,0.0,510337.8733256707
2025-03-10 13:00:00,7926.810275088297,10531.086137887103,0.0,512061.39249123744
2025-03-10 14:00:00,8013.934028108113,10542.396389276231,0.0,513699.41773817135
2025-03-10 15:00:00,8143.693279632057,10553.736702022894,0.0,515204.6063517142
2025-03-10 16:00:00,9113.236710620362,10564.592525968495,0.0,515643.3803103267
2025-03-10 17:00:00,13942.398630532858,10575.727621770999,0.0,510727.5538981723
2025-03-10 18:00:00,14007.169499199852,10587.207975417494,0.0,505751.2402078122
2025-03-10 19:00:00,14083.637150724044,10598.112208218965,0.0,500700.8666930045
2025-03-10 20:00:00,13742.932486919064,10609.588318207647,0.0,496040.5300257465
2025-03-10 21:00:00,13439.348730351181,10620.416253327025,0.0,491728.3365786833
2025-03-10 22:00:00,12979.999674216477,10630.475696573036,0.0,487936.5904150158
2025-03-10 23:00:00,8143.955031017842,10640.136022927962,0.0,489527.8875145906
2025-03-11 00:00:00,7546.103375966143,10649.762466277838,0.0,491793.0906742394
2025-03-11 01:00:00,7388.816971702134,10659.255783116616,0.0,494242.54982213146
2025-03-11 02:00:00,7670.396236638939,10668.195483379652,0.0,496388.0828203567
2025-03-11 03:00:00,7875.106608095082,10676.86536343885,0.0,498314.8297303565
2025-03-11 04:00:00,8167.527322103104,10685.36983139122,0.0,499925.16920385533
2025-03-11 05:00:00,13885.632568063802,10693.867287973515,0.0,495190.5558606469
2025-03-11 06:00:00,13209.139207857052,10702.371159696142,0.0,491216.10567827965
2025-03-11 07:00:00,17069.73081644973,10710.261590065724,0.0,482959.9996945124
2025-03-11 08:00:00,10653.611990306366,10719.252035797044,0.0,481841.90507441346
2025-03-11 09:00:00,9837.371028791582,10728.405083632892,0.0,481639.8979038334
2025-03-11 10:00:00,9255.82294243284,10736.815596770355,0.0,482092.4657867895
2025-03-11 11:00:00,8315.32282046989,10743.392954043724,0.0,483596.61116253334
2025-03-11 12:00:00,8166.98799818988,10747.566307395768,0.0,485269.7463608293
2025-03-11 13:00:00,8390.005910382923,10751.155341856636,0.0,486698.6729133715
2025-03-11 14:00:00,8771.896728449616,10752.741441771368,0.0,487704.8624346434
2025-03-11 15:00:00,9165.32714830911,10752.988364383998,0.0,488274.1539675728
2025-03-11 16:00:00,9881.498186685669,10750.82864094399,0.0,488045.540178866
2025-03-11 17:00:00,12828.696867001836,10746.754096451832,0.0,484538.1866453158
2025-03-11 18:00:00,17664.989999999998,10740.603794832134,0.0,475651.0237734813
2025-03-11 19:00:00,11458.793520560572,10727.225251061273,0.0,473646.2562239197
2025-03-11 20:00:00,10475.989685224496,10713.204000526004,0.0,472719.4716853074
2025-03-11 21:00:00,11479.426171751038,10698.125168777957,0.0,470662.67888547305
2025-03-11 22:00:00,13162.106392946236,10682.806805298347,0.0,466720.9230319423
2025-03-11 23:00:00,12262.485261116959,10668.370629843215,0.0,463764.3100383222
2025-03-12 00:00:00,12894.027953791327,10654.677337499303,0.0,460092.2896493867
2025-03-12 01:00:00,8581.369287698075,10640.823184759634,0.0,461198.25807003735
2025-03-12 02:00:00,8210.116219943317,10630.283781866852,0.0,462706.1904964116
2025-03-12 03:00:00,8308.325074461334,10620.714192434563,0.0,464095.4323838892
2025-03-12 04:00:00,8967.783260055974,10614.213128719699,0.0,464745.4418903244
2025-03-12 05:00:00,14568.57008136348,10609.849873902074,0.0,459167.9916738227
2025-03-12 06:00:00,19936.519999999997,10606.094019119513,0.0,447622.3968040532
2025-03-12 07:00:00,16401.377663447718,10598.133694889342,0.0,439996.77753955626
2025-03-12 08:00:00,10255.418780975982,10588.647413373748,0.0,439190.51519629004
2025-03-12 09:00:00,9827.431417520129,10575.58143407594,0.0,438846.72838867694
2025-03-12 10:00:00,8977.554973434115,10557.09411974709,0.0,439428.7614268306
2025-03-12 11:00:00,8645.037470180278,10534.979956110867,0.0,440358.14419385226
2025-03-12 12:00:00,8446.581291048788,10504.147215752639,0.0,441477.2010862173
2025-03-12 13:00:00,8483.22644372363,10466.65315431644,0.0,442518.04708084086
2025-03-12 14:00:00,9244.708153016345,10425.843162533854,0.0,442671.99229557876
2025-03-12 15:00:00,9665.207227741073,10375.67309921314,0.0,442308.54625285737
2025-03-12 16:00:00,16335.719029658463,10324.222519899877,0.0,434481.9698509145
2025-03-12 17:00:00,21102.774700962254,10269.262679967704,0.0,421303.7050853686
2025-03-12 18:00:00,23848.699999999997,10205.697267600211,0.0,405010.8467974132
2025-03-12 19:00:00,23515.797151873052,10144.435483725369,0.0,389026.6187790574
2025-03-12 20:00:00,19780.091074866115,10084.985517076511,0.0,377133.7253240605
2025-03-12 21:00:00,22048.52049288837,10028.17164298083,0.0,362663.540863832
2025-03-12 22:00:00,11450.64162586879,9967.32636243267,0.0,359907.93208641047
2025-03-12 23:00:00,11046.761268634742,9914.962293729204,0.0,357548.71519276773
2025-03-13 00:00:00,11059.303285406095,9886.775831015006,0.0,355147.3762622204
2025-03-13 01:00:00,11300.857494018797,9863.512480145579,0.0,352454.38041567843
2025-03-13 02:00:00,11374.252171738503,9840.183606154042,0.0,349656.5060532341
2025-03-13 03:00:00,10482.749917397276,9815.965850282179,0.0,347824.9719952971
2025-03-13 04:00:00,13269.94684995131,9795.62248027147,0.0,342876.2090867338
2025-03-13 05:00:00,18566.758430409685,9781.041696483986,0.0,332027.5191938737
2025-03-13 06:00:00,22340.70112858235,9770.232188905324,0.0,316974.75012879865
2025-03-13 07:00:00,15632.143901741041,9756.378391605132,0.0,309362.0797406915
2025-03-13 08:00:00,11201.575918159397,9741.083296105238,0.0,306656.96757217514
2025-03-13 09:00:00,9634.325587309591,9725.342586238348,0.0,305677.5039502917
2025-03-13 10:00:00,9343.930890712792,9709.35768606852,0.0,305004.71620223497
2025-03-13 11:00:00,10745.549673422938,9692.599758194485,0.0,302757.81632329285
2025-03-13 12:00:00,9421.28812060784,9673.93313619755,0.0,301963.6515477039
2025-03-13 13:00:00,8760.110823077608,9655.845645760957,0.0,301886.04072337865
2025-03-13 14:00:00,9313.713721195374,9640.646580685705,0.0,301178.1165027361
2025-03-13 15:00:00,10730.572787974277,9628.274890075449,0.0,298883.5327395068
2025-03-13 16:00:00,10367.15882669709,9619.053702034005,0.0,296983.5210785441
2025-03-13 17:00:00,16514.250135305414,9613.231139786087,0.0,288247.5854013241
2025-03-13 18:00:00,21964.855237874643,9608.856176955349,0.0,273451.0468695299
2025-03-13 19:00:00,22287.995076763793,9604.612658409713,0.0,258291.2205537576
2025-03-13 20:00:00,12159.379805610712,9601.319188709189,0.0,254382.11773623267
2025-03-13 21:00:00,12983.423464742187,9599.368231500688,0.0,249555.45989579757
2025-03-13 22:00:00,12886.549945140388,9598.08416768365,0.0,244835.15523554749
2025-03-13 23:00:00,14642.777498517753,9596.298033069555,0.0,238161.70049248618
2025-03-14 00:00:00,14321.682882993715,9594.57116722436,0.0,231843.29067860643
2025-03-14 01:00:00,13406.437610144043,9593.223293120196,0.0,226540.47218267765
2025-03-14 02:00:00,13434.07671629716,9592.018778520747,0.0,221205.73905420158
2025-03-14 03:00:00,14416.301725132536,9590.70170527557,0.0,214778.32773155213
2025-03-14 04:00:00,14869.9558910254,9588.95292575767,0.0,207845.10744505934
2025-03-14 05:00:00,15713.209484709292,9587.323007266941,0.0,199973.30880264926
2025-03-14 06:00:00,22069.686257808236,9583.51455479809,0.0,185034.94973766044
2025-03-14 07:00:00,16584.063823191693,9579.771643418933,0.0,176187.98379975528
2025-03-14 08:00:00,14818.296908482887,9573.06512678786,0.0,169296.2745837844
2025-03-14 09:00:00,12589.275676203673,9565.716717078374,0.0,164873.90721619202
2025-03-14 10:00:00,11875.04821867108,9553.709773575802,0.0,161233.11896902215
2025-03-14 11:00:00,9167.84080276694,9538.261182231456,0.0,160584.89037040147
2025-03-14 12:00:00,8551.17561229061,9522.081586751927,0.0,160605.6657212749
2025-03-14 13:00:00,8259.539586872339,9505.264142227465,0.0,160933.6636558665
2025-03-14 14:00:00,8407.110904112014,9487.068452407566,0.0,161079.49777037182
2025-03-14 15:00:00,9314.44519016515,9472.016965539802,0.0,160202.13119128367
2025-03-14 16:00:00,12410.548706994108,9461.062381428948,0.0,155873.69500938582
2025-03-14 17:00:00,12377.749402934265,9454.518926249786,0.0,151575.1590434864
2025-03-14 18:00:00,13914.316444177242,9448.873580639141,0.0,145563.68101948418
2025-03-14 19:00:00,14360.70048047157,9444.117641156214,0.0,139051.46479344976
2025-03-14 20:00:00,14016.384165230062,9440.037818508381,0.0,132917.74242836918
2025-03-14 21:00:00,13623.945966940017,9436.170107464899,0.0,127216.1947947896
2025-03-14 22:00:00,13202.75662057432,9432.557878905856,0.0,121979.02309527954
2025-03-14 23:00:00,13135.212045099564,9429.066060934767,0.0,116813.40910610367
2025-03-15 00:00:00,9343.382801793607,9425.559693634837,0.0,115857.43235330116
2025-03-15 01:00:00,7695.248010709723,9421.92629224506,0.0,116729.08307809097
2025-03-15 02:00:00,7922.5713049260185,9418.220794224884,0.0,117344.44686684251
2025-03-15 03:00:00,7048.050332349134,9414.542722400816,0.0,118927.82255329983
2025-03-15 04:00:00,6742.939726709641,9410.888004199976,0.0,120846.55530560024
2025-03-15 05:00:00,7103.174870956903,9407.314655745784,0.0,122361.45343806056
2025-03-15 06:00:00,7191.396046770054,9403.785722836375,0.0,123774.79910893022
2025-03-15 07:00:00,8197.647673641251,9400.047674648315,0.0,124066.3493684216
2025-03-15 08:00:00,7974.513410452366,9396.290290040688,0.0,124602.06920240408
2025-03-15 09:00:00,7881.660586591088,9392.409707860572,0.0,125237.07825849678
2025-03-15 10:00:00,6838.960273192371,9388.412933780943,0.0,127026.6464442862
2025-03-15 11:00:00,5908.291135388724,9384.255659185039,0.0,129846.13417526156
2025-03-15 12:00:00,5670.56681930308,9379.561127605013,0.0,132925.06550364094
2025-03-15 13:00:00,5733.00519779842,9374.191862650141,0.0,135929.2515909595
2025-03-15 14:00:00,6391.75080072807,9368.434168287265,0.0,138195.74042510445
2025-03-15 15:00:00,6586.9182203212695,9361.471892963631,0.0,140238.4142954889
2025-03-15 16:00:00,6389.823601373917,9354.948297858738,0.0,142493.55859182103
2025-03-15 17:00:00,7953.4473515505515,9348.507969967919,0.0,143004.90283784393
2025-03-15 18:00:00,12130.201567628172,9343.498897371257,0.0,138870.3999934061
2025-03-15 19:00:00,11460.740865322616,9337.249468978156,0.0,135473.49294535912
2025-03-15 20:00:00,8237.854261994773,9332.215651777446,0.0,135652.53719492015
2025-03-15 21:00:00,8049.446058983356,9327.200552143255,0.0,136035.90879263746
2025-03-15 22:00:00,8782.689694592294,9322.207988165637,0.0,135599.57267570053
2025-03-15 23:00:00,7559.216376337521,9317.02812489222,0.0,136517.47149355107
2025-03-16 00:00:00,7233.998119300105,9311.39098974521,0.0,137791.08679518505
2025-03-16 01:00:00,6362.126693958932,9304.722233612702,0.0,140026.7793688434
2025-03-16 02:00:00,6598.771835171448,9297.539443305926,0.0,141992.35010640323
2025-03-16 03:00:00,5336.793070922622,9289.826924370405,0.0,145352.40695197074
2025-03-16 04:00:00,4937.98287299948,9281.933898098798,0.0,149147.69321340346
2025-03-16 05:00:00,5275.2785767513815,9274.048711865535,0.0,152560.32128443412
2025-03-16 06:00:00,5560.175395814547,9265.992457721053,0.0,155648.341080139
2025-03-16 07:00:00,6138.780840437336,9256.604897017343,0.0,158084.0783766704
2025-03-16 08:00:00,5806.865644377181,9247.68837559271,0.0,160879.6938140663
2025-03-16 09:00:00,5291.19313286302,9239.21262782391,0.0,164239.80296093127
2025-03-16 10:00:00,4732.014664237189,9230.631861600394,0.0,168212.640751157
2025-03-16 11:00:00,4565.3370484586685,9221.654247802151,0.0,172361.6982784495
2025-03-16 12:00:00,4715.80247514153,9210.866660489217,0.0,176332.7844110037
2025-03-16 13:00:00,4953.016285259595,9198.841006894208,0.0,180028.27398983165
2025-03-16 14:00:00,5310.904740803553,9186.53543840763,0.0,183313.8041606798
2025-03-16 15:00:00,6192.715113465811,9175.320893874778,0.0,185608.330484037
2025-03-16 16:00:00,7387.462747406676,9166.254669952259,0.0,186566.29321242624
2025-03-16 17:00:00,8254.04328139028,9158.92403668469,0.0,186554.05804756618
2025-03-16 18:00:00,13182.6175501498,9152.099026795871,0.0,181058.80424086232
2025-03-16 19:00:00,13234.598140503693,9145.580904423567,0.0,175499.27610028177
2025-03-16 20:00:00,10720.022389453261,9139.008457679152,0.0,172727.1485696795
2025-03-16 21:00:00,10354.363653402259,9132.361853964438,0.0,170354.66191986366
2025-03-16 22:00:00,9350.959959778002,9125.52113054904,0.0,169090.2275395483
2025-03-16 23:00:00,7799.945492877231,9118.234692248368,0.0,169541.85612859973
2025-03-17 00:00:00,7209.585375033788,9110.622279032259,0.0,170641.8279909278
2025-03-17 01:00:00,7020.07957682077,9103.017769447551,0.0,171944.7573416856
2025-03-17 02:00:00,6974.054515108613,9095.003168148436,0.0,173290.8110486022
2025-03-17 03:00:00,7265.45675705708,9086.78548286891,0.0,174304.86680140768
2025-03-17 04:00:00,7773.418411889179,9079.429890708314,0.0,174747.16512335025
2025-03-17 05:00:00,12261.287808954126,9072.699821666225,0.0,170196.21182395634
2025-03-17 06:00:00,13266.129386045915,9066.160020511783,0.0,164522.2280821949
2025-03-17 07:00:00,13304.979342612034,9059.898592996517,0.0,158798.8162945114
2025-03-17 08:00:00,11267.917988952831,9053.60247419488,0.0,155332.509892092
2025-03-17 09:00:00,10349.375997401552,9047.003236854798,0.0,152880.20646516728
2025-03-17 10:00:00,8464.762820473454,9040.186154513724,0.0,152515.10059693272
2025-03-17 11:00:00,8387.300772090002,9033.104919749467,0.0,152228.9824365822
2025-03-17 12:00:00,8193.40959281447,9025.819044315436,0.0,152151.01304443707
2025-03-17 13:00:00,7897.349751892601,9018.599988073294,0.0,152394.77997485193
2025-03-17 14:00:00,6729.437055285132,9011.849896876034,0.0,153929.4775880778
2025-03-17 15:00:00,7033.708876658745,9005.253106733795,0.0,155119.49860963528
2025-03-17 16:00:00,8621.990394700133,8999.718343452603,0.0,154539.22762564325
2025-03-17 17:00:00,10504.437899663279,8994.693612690631,0.0,151862.32357204135
2025-03-17 18:00:00,10403.609131863297,8989.914274756331,0.0,149292.67214472734
2025-03-17 19:00:00,10226.059123529536,8985.313696244793,0.0,146915.69792593934
2025-03-17 20:00:00,9612.374514081925,8980.634371426933,0.0,145215.91617060857
2025-03-17 21:00:00,9463.262542554532,8975.982571988767,0.0,143677.16258420353
2025-03-17 22:00:00,8980.399405130667,8971.520948527981,0.0,142670.4619714752
2025-03-17 23:00:00,5846.3246025177605,8967.091711937715,0.0,145141.63745839318
2025-03-18 00:00:00,5527.42426115182,8962.70323771534,0.0,147962.75818371764
2025-03-18 01:00:00,5298.588417415278,8958.332487996811,0.0,151033.77020791968
2025-03-18 02:00:00,5242.223343044065,8954.082242717157,0.0,154163.15984725454
2025-03-18 03:00:00,5488.487075346283,8949.982829170234,0.0,157014.82370381782
2025-03-18 04:00:00,5897.077615830661,8946.026042677973,0.0,159408.5412844617
2025-03-18 05:00:00,9206.237100091006,8942.045313567121,0.0,158121.43426459437
2025-03-18 06:00:00,10345.70177228998,8938.104677397341,0.0,155564.31475055838
2025-03-18 07:00:00,10808.253986973183,8934.81647644092,0.0,152489.96013036245
2025-03-18 08:00:00,7581.124042260443,8932.002646945717,0.0,152998.49161924102
2025-03-18 09:00:00,6281.487099322721,8929.517058282187,0.0,154948.5785671646
2025-03-18 10:00:00,5362.931089202293,8927.329381084954,0.0,157917.0956269137
2025-03-18 11:00:00,4927.234773824982,8925.931309603688,0.0,161368.3216322674
2025-03-18 12:00:00,4129.806125708306,8925.339733540939,0.0,165704.98789279908
2025-03-18 13:00:00,4632.771768515802,8924.746250350403,0.0,169482.20995590973
2025-03-18 14:00:00,4909.294221902845,8924.105258168842,0.0,172951.54385640874
2025-03-18 15:00:00,5317.620328583291,8923.020838331147,0.0,175966.09766298064
2025-03-18 16:00:00,10720.770327442817,8920.966357642907,0.0,172975.0969901315
2025-03-18 17:00:00,10908.019849600472,8917.783301285772,0.0,169772.85823630568
2025-03-18 18:00:00,11124.55308744333,8914.253276341438,0.0,166326.4969710434
2025-03-18 19:00:00,11094.251705788924,8910.29977567254,0.0,162909.8504069505
2025-03-18 20:00:00,10740.429389180781,8906.117098125436,0.0,159882.15707265283
2025-03-18 21:00:00,10635.886482855887,8901.727808025213,0.0,156966.2332330604
2025-03-18 22:00:00,10250.9825323484,8896.998822747599,0.0,154473.25146430978
2025-03-18 23:00:00,10124.295570650462,8892.102130280913,0.0,152116.13629386795
2025-03-19 00:00:00,9975.852070942103,8887.008781904116,0.0,149918.8649969475
2025-03-19 01:00:00,10069.549293843302,8881.7227229322,0.0,147612.19961560937
2025-03-19 02:00:00,10008.297738912588,8876.353296294119,0.0,145368.22209088953
2025-03-19 03:00:00,10318.687311015794,8870.918219456918,0.0,142773.93218699555
2025-03-19 04:00:00,10856.455934868594,8865.525031356512,0.0,139576.7284018314
2025-03-19 05:00:00,12135.346960662151,8860.049745046272,0.0,134953.0593016975
2025-03-19 06:00:00,13289.395344347522,8854.54470630032,0.0,129041.60918094504
2025-03-19 07:00:00,13096.906378628843,8849.453902020288,0.0,123338.94488448882
2025-03-19 08:00:00,9950.383966512785,8844.44335291218,0.0,121127.40605238681
2025-03-19 09:00:00,8730.813295656286,8839.514997532846,0.0,120266.01738807936
2025-03-19 10:00:00,7237.368591229455,8834.682458459476,0.0,121059.17918961718
2025-03-19 11:00:00,5580.32575088902,8830.24591873183,0.0,123689.06316291678
2025-03-19 12:00:00,5469.462975619406,8826.026773255615,0.0,126437.90885215084
2025-03-19 13:00:00,5415.005132858671,8822.193364217641,0.0,129243.4298465255
2025-03-19 14:00:00,5299.613645093257,8818.259534880483,0.0,132173.2297757468
2025-03-19 15:00:00,5817.290131099759,8814.01367410402,0.0,134523.58774862884
2025-03-19 16:00:00,8839.397255008822,8809.104959922715,0.0,133511.1402029862
2025-03-19 17:00:00,11903.521065124427,8803.52435368411,0.0,129088.53003986538
2025-03-19 18:00:00,12384.035571656492,8797.75795140299,0.0,124126.24846720562
2025-03-19 19:00:00,12409.971090881607,8791.915260028225,0.0,119129.3069595876
2025-03-19 20:00:00,12642.481011114574,8786.082212060965,0.0,113868.18804818792
2025-03-19 21:00:00,12506.882751553227,8780.221615007771,0.0,108751.873272581
2025-03-19 22:00:00,11467.137484231962,8774.415894442189,0.0,104785.02529565434
2025-03-19 23:00:00,10280.148682471683,8768.569157400487,0.0,102131.2070280863
2025-03-20 00:00:00,8925.822892389362,8762.703064767531,0.0,100976.3291013101
2025-03-20 01:00:00,8677.589837907562,8756.81538077061,0.0,100091.37799551674
2025-03-20 02:00:00,8506.018997083615,8750.93641321983,0.0,99391.18218975478
2025-03-20 03:00:00,8608.515731462072,8745.072879218693,0.0,98571.23758957116
2025-03-20 04:00:00,10096.650765355616,8739.281368023265,0.0,96092.01810719928
2025-03-20 05:00:00,12495.580164135805,8733.48302934295,0.0,90941.52317639135
2025-03-20 06:00:00,11795.696474498429,8727.620319497386,0.0,86562.81407977936
2025-03-20 07:00:00,12175.096724004918,8721.767528145418,0.0,81756.69635903044
2025-03-20 08:00:00,10642.494312387871,8715.958137655902,0.0,78647.66081625536
2025-03-20 09:00:00,8344.054665822834,8710.224625069515,0.0,78086.71359041063
2025-03-20 10:00:00,6464.1750306386675,8704.572430111999,0.0,79608.86931981299
2025-03-20 11:00:00,5384.3464732774155,8699.080697222593,0.0,82325.34282450512
2025-03-20 12:00:00,5257.660901274901,8694.109711868392,0.0,85177.60709051252
2025-03-20 13:00:00,5674.41670995157,8689.470443082044,0.0,87562.17007809259
2025-03-20 14:00:00,6395.358841743406,8684.774937915303,0.0,89140.99074740411
2025-03-20 15:00:00,6775.9280724705,8679.890072983337,0.0,90292.07185097576
2025-03-20 16:00:00,7950.491593741005,8674.775846869616,0.0,90132.96814924428
2025-03-20 17:00:00,12758.519300101818,8669.087951427773,0.0,84625.92354500336
2025-03-20 18:00:00,13286.46946685512,8663.295901015877,0.0,78526.47559395798
2025-03-20 19:00:00,12642.705890416582,8657.517288908439,0.0,73136.54189351464
2025-03-20 20:00:00,12616.507135231417,8651.692669549635,0.0,67769.89330169604
2025-03-20 21:00:00,12861.943285785064,8645.854919628462,0.0,62124.70012600777
2025-03-20 22:00:00,7845.083038872609,8640.014555444099,0.0,62047.95574937118
2025-03-20 23:00:00,7317.197748967247,8634.167990285843,0.0,62551.9040185823
2025-03-21 00:00:00,6727.939111552651,8628.318738393378,0.0,63704.73485525052
2025-03-21 01:00:00,6490.17754238211,8622.47724462107,0.0,65115.90371944702
2025-03-21 02:00:00,6609.614401626713,8616.65641375715,0.0,66388.54413139672
2025-03-21 03:00:00,6686.042605574012,8610.83809417259,0.0,67570.44599715373
2025-03-21 04:00:00,6997.584949617023,8605.035606812758,0.0,68400.38721550314
2025-03-21 05:00:00,8336.205083680701,8599.229950872037,0.0,67737.16707339665
2025-03-21 06:00:00,9268.489336453265,8593.422739057383,0.0,66032.26832750595
2025-03-21 07:00:00,8700.64586442037,8587.614985354243,0.0,64952.49901905978
2025-03-21 08:00:00,7498.904361110492,8581.871028074263,0.0,65202.254090344606
2025-03-21 09:00:00,6350.806821861983,8576.167868033152,0.0,66721.96993408668
2025-03-21 10:00:00,5518.941291370347,8570.519838479591,0.0,69160.33278215476
2025-03-21 11:00:00,4945.676836966431,8565.078499631683,0.0,72230.21479626818
2025-03-21 12:00:00,4531.626255341949,8559.893906363832,0.0,75754.96841891872
2025-03-21 13:00:00,4414.2308115215965,8554.945350214839,0.0,79405.21286744291
2025-03-21 14:00:00,4762.055488956154,8550.06561726775,0.0,82664.10571920381
2025-03-21 15:00:00,5246.859099475629,8545.073583763158,0.0,85379.33585910517
2025-03-21 16:00:00,5600.799492189783,8539.731179429322,0.0,87695.95649165695
2025-03-21 17:00:00,5862.5024807856935,8534.05944761325,0.0,89716.12429395276
2025-03-21 18:00:00,6214.778736943294,8528.37117178894,0.0,91339.18575802693
2025-03-21 19:00:00,5728.994284554912,8522.674737592642,0.0,93496.31129055854
2025-03-21 20:00:00,5475.188881823095,8516.998063473264,0.0,95929.76615200615
2025-03-21 21:00:00,4948.954374932546,8511.328652569206,0.0,98942.25661020589
2025-03-21 22:00:00,4466.424329741527,8505.626428693171,0.0,102485.18933918625
2025-03-21 23:00:00,3840.3331185409443,8499.930999989012,0.0,106718.08354079643
2025-03-22 00:00:00,3721.232811694149,8494.244152877365,0.0,111077.62456956922
2025-03-22 01:00:00,3497.9972233924846,8488.56971156832,0.0,115679.53069959031
2025-03-22 02:00:00,3407.967424450818,8482.898654898876,0.0,120375.79888287718
2025-03-22 03:00:00,3275.735775594004,8477.23405725768,0.0,125213.32652280819
2025-03-22 04:00:00,3178.79537646026,8471.557213858969,0.0,130152.88887393352
2025-03-22 05:00:00,3574.689823226786,8465.863710453983,0.0,134646.8750030244
2025-03-22 06:00:00,3781.8327680071816,8460.154518878022,0.0,138904.99311300556
2025-03-22 07:00:00,4080.6148969324895,8454.403684111157,0.0,142825.3802449695
2025-03-22 08:00:00,3871.3056102353494,8448.637120938301,0.0,146972.5666878685
2025-03-22 09:00:00,3584.8353501161982,8442.886035791153,0.0,151432.3023346417
2025-03-22 10:00:00,3056.1105256061455,8437.249835254144,0.0,156473.87380811124
2025-03-22 11:00:00,2377.204438993427,8432.007877611604,0.0,162264.54342017457
2025-03-22 12:00:00,1897.1773018711792,8427.348742124928,0.0,168583.91738244263
2025-03-22 13:00:00,1598.5240718606692,8422.68982549898,0.0,175230.46935031866
2025-03-22 14:00:00,1809.9830531855769,8417.98311152135,0.0,181637.3601805227
2025-03-22 15:00:00,2403.108155646629,8412.759146349805,0.0,187379.9991539318
2025-03-22 16:00:00,3115.420797457653,8407.128174636857,0.0,192325.5486647268
2025-03-22 17:00:00,4368.38470025297,8401.155427460584,0.0,195872.94331412858
2025-03-22 18:00:00,6713.542575172513,8395.239044576754,0.0,196808.6906085136
2025-03-22 19:00:00,6709.765831947587,8389.15271740943,0.0,197742.5479570924
2025-03-22 20:00:00,6491.222823891167,8383.200357214824,0.0,198913.27850998368
2025-03-22 21:00:00,6346.057474519018,8377.348081594087,0.0,200239.45161988997
2025-03-22 22:00:00,5860.137843545967,8371.621854435289,0.0,202099.8092037186
2025-03-22 23:00:00,4033.81831016467,8365.939832970585,0.0,205983.7286920618
2025-03-23 00:00:00,3736.3276342263985,8360.335059827394,0.0,210192.58860274876
2025-03-23 01:00:00,3790.608060112299,8354.768642324141,0.0,214335.5705116148
2025-03-23 02:00:00,3958.5650887456586,8349.223854658816,0.0,218286.38871211174
2025-03-23 03:00:00,3938.1255457920834,8343.709166335439,0.0,222254.40282756713
2025-03-23 04:00:00,4089.3567515261566,8338.21472295994,0.0,226048.88782660908
2025-03-23 05:00:00,4159.732595269157,8332.752736830667,0.0,229759.71545758515
2025-03-23 06:00:00,4398.283904994453,8327.276900000921,0.0,233200.01024092556
2025-03-23 07:00:00,4500.32510498715,8321.861105155223,0.0,236521.5101183173
2025-03-23 08:00:00,3264.00154537954,8316.500139324482,0.0,241211.34187388667
2025-03-23 09:00:00,2839.5743753796105,8311.190666303755,0.0,246367.4499008798
2025-03-23 10:00:00,2422.598796826136,8306.082460280595,0.0,251981.7559202424
2025-03-23 11:00:00,1880.9333576963927,8301.42387861949,0.0,258193.25384586593
2025-03-23 12:00:00,1786.7680602313667,8297.420731018656,0.0,264505.3767321831
2025-03-23 13:00:00,2033.9811755159335,8293.942048475423,0.0,270539.3396967519
2025-03-23 14:00:00,2379.1717512927007,8290.824564496226,0.0,276186.6400931451
2025-03-23 15:00:00,3785.4691696465034,8287.379632786879,0.0,280267.94287076924
2025-03-23 16:00:00,7939.996884710183,8283.229261376271,0.0,279728.95337135636
2025-03-23 17:00:00,9430.918967179954,8278.332213858228,0.0,277528.48673279246
2025-03-23 18:00:00,9708.8628716733,8273.117729920896,0.0,275013.97904974304
2025-03-23 19:00:00,9801.233464414492,8267.852363014612,0.0,272391.5720078526
2025-03-23 20:00:00,9899.5404975881,8262.511062666015,0.0,269654.59362875414
2025-03-23 21:00:00,9780.757067566548,8257.145890045345,0.0,267044.23166594777
2025-03-23 22:00:00,9387.473402294792,8251.799048493884,0.0,264865.5047118918
2025-03-23 23:00:00,9141.980450638388,8246.432428325714,0.0,262954.18108395266
2025-03-24 00:00:00,9103.782397884259,8241.064272845711,0.0,261079.9315813714
2025-03-24 01:00:00,9218.613363868199,8235.706211843884,0.0,259072.73405558395
2025-03-24 02:00:00,9239.94547279844,8230.375866643719,0.0,257036.50384134054
2025-03-24 03:00:00,9538.477987807932,8225.049006841316,0.0,254663.24397283973
2025-03-24 04:00:00,10095.770875650029,8219.727748938401,0.0,251665.4485266114
2025-03-24 05:00:00,11252.108116116779,8214.418406105324,0.0,247377.5245814759
2025-03-24 06:00:00,12384.207928731674,8209.111943023303,0.0,241826.40549257508
2025-03-24 07:00:00,12390.770805545906,8203.833788568294,0.0,236262.71616387015
2025-03-24 08:00:00,12057.323466158972,8198.619911880209,0.0,231064.31000224038
2025-03-24 09:00:00,11746.482196340614,8193.629853326927,0.0,226206.29297074446
2025-03-24 10:00:00,8879.247137548315,8189.2861291927065,0.0,224529.74894710566
2025-03-24 11:00:00,6463.692999438364,8185.506317440111,0.0,225533.3741540587
2025-03-24 12:00:00,5977.356248580379,8182.326055440834,0.0,227074.1932666324
2025-03-24 13:00:00,6123.811465336823,8179.635788313651,0.0,228449.59409346074
2025-03-24 14:00:00,6566.191396853492,8176.882312025736,0.0,229330.70818676037
2025-03-24 15:00:00,6816.402342890473,8174.167472825202,0.0,229931.09527859613
2025-03-24 16:00:00,9380.736064664372,8171.217472041161,0.0,227679.27267878802
2025-03-24 17:00:00,11483.660169633044,8167.81981989964,0.0,223087.47008798426
2025-03-24 18:00:00,11489.221400109827,8163.779115357316,0.0,218485.447647664
2025-03-24 19:00:00,11234.026219436677,8159.608372031723,0.0,214162.80466476607
2025-03-24 20:00:00,10882.482736410166,8155.373723779285,0.0,210226.5309036452
2025-03-24 21:00:00,10383.890606258996,8151.008469796211,0.0,206839.88314426475
2025-03-24 22:00:00,9713.164273780649,8146.300871561147,0.0,204193.7792671807
2025-03-24 23:00:00,9317.5027913517,8141.401210138874,0.0,201982.39959803992
2025-03-25 00:00:00,9582.950620487682,8136.176975140096,0.0,199470.853661527
2025-03-25 01:00:00,9870.6344593618,8130.872994185871,0.0,196634.35503419978
2025-03-25 02:00:00,9890.98801511244,8125.615395954,0.0,193769.9837466955
2025-03-25 03:00:00,10002.265323862754,8120.164646806932,0.0,190776.52025587717
2025-03-25 04:00:00,10386.44776714634,8114.980309078008,0.0,187351.00304590366
2025-03-25 05:00:00,11277.680563654523,8109.896245993955,0.0,182930.14311005926
2025-03-25 06:00:00,12344.340458209132,8104.990029587615,0.0,177319.19929719227
2025-03-25 07:00:00,12627.685616531518,8099.53799807618,0.0,171387.97549912232
2025-03-25 08:00:00,12673.836495045132,8094.1871416535805,0.0,165400.12209072575
2025-03-25 09:00:00,8436.897727405418,8089.035573219091,0.0,164114.82685571662
2025-03-25 10:00:00,7197.693281578693,8084.486239544894,0.0,164201.87611572962
2025-03-25 11:00:00,5843.7206543227,8080.5842410929745,0.0,165789.43740757517
2025-03-25 12:00:00,5271.316924748904,8077.107221751375,0.0,168009.52582404998
2025-03-25 13:00:00,5592.899104507085,8074.000139251754,0.0,169869.19362496055
2025-03-25 14:00:00,6214.770652865197,8071.511083079616,0.0,171035.40398263437
2025-03-25 15:00:00,7908.851258907729,8068.170953468991,0.0,170315.9624262059
2025-03-25 16:00:00,11050.00620050123,8063.7136492414875,0.0,166101.8914082238
2025-03-25 17:00:00,11335.541104078242,8058.249969854587,0.0,161565.09570688033
2025-03-25 18:00:00,11597.27886429332,8051.497565420235,0.0,156730.7278675302
2025-03-25 19:00:00,11529.173309119284,8044.891238075315,0.0,151965.42653991742
2025-03-25 20:00:00,11308.813307620592,8038.323552345161,0.0,147438.40197268414
2025-03-25 21:00:00,10942.330007313985,8031.984857960478,0.0,143312.24237807354
2025-03-25 22:00:00,10419.381890698993,8025.991808258195,0.0,139761.14319666615
2025-03-25 23:00:00,9897.882888248121,8020.202344395098,0.0,136783.69788745226
2025-03-26 00:00:00,9561.555754845394,8014.635589230589,0.0,134174.38263796573
2025-03-26 01:00:00,9431.91498467847,8009.282066628966,0.0,131703.75916606304
2025-03-26 02:00:00,8205.653374537369,8004.0030326487795,0.0,130590.36956033699
2025-03-26 03:00:00,9425.827908912062,7998.818696150602,0.0,128116.04613547419
2025-03-26 04:00:00,9716.449375625212,7993.640684523293,0.0,125313.63195819168
2025-03-26 05:00:00,11022.59110418052,7988.588426810885,0.0,121054.8969359131
2025-03-26 06:00:00,10490.793359397652,7983.6097485653545,0.0,117382.06961848095
2025-03-26 07:00:00,10156.081871436312,7978.871305642816,0.0,114076.40551141674
2025-03-26 08:00:00,11802.225666050388,7974.409768727678,0.0,108937.2312067551
2025-03-26 09:00:00,11629.632078749935,7970.412084411421,0.0,103985.82987033325
2025-03-26 10:00:00,11230.818069793186,7967.829640145651,0.0,99474.97276626424
2025-03-26 11:00:00,6690.747390274917,7966.827063114838,0.0,100007.63606240696
2025-03-26 12:00:00,6560.723023872055,7967.477551661018,0.0,100685.42136532125
2025-03-26 13:00:00,6054.364525016474,7969.754246117249,0.0,101928.10391697574
2025-03-26 14:00:00,6279.203107986576,7972.693183354209,0.0,102923.90475812268
2025-03-26 15:00:00,6913.141853958963,7975.319433874189,0.0,103217.95546537578
2025-03-26 16:00:00,11629.839353420404,7977.489479354516,0.0,98273.40121870762
2025-03-26 17:00:00,11814.164890262733,7978.015138175736,0.0,93124.56647881366
2025-03-26 18:00:00,11870.49491096231,7976.549761144049,0.0,87911.67744999958
2025-03-26 19:00:00,11728.569454178949,7974.623493949877,0.0,82854.55710597285
2025-03-26 20:00:00,11451.11637467607,7971.881987588985,0.0,78102.97645503287
2025-03-26 21:00:00,11226.795129860384,7969.0035661615475,0.0,73597.76321023844
2025-03-26 22:00:00,10712.24297364213,7966.975070360053,0.0,69662.24608766279
2025-03-26 23:00:00,10255.552863826557,7965.605840525794,0.0,66232.79319060352
2025-03-27 00:00:00,9776.1721184589,7964.9209110086595,0.0,63335.30063665785
2025-03-27 01:00:00,9702.49166203022,7965.4848564648,0.0,60520.239201977965
2025-03-27 02:00:00,9465.333313456205,7966.787512027055,0.0,57969.98969905368
2025-03-27 03:00:00,9467.220991292903,7967.322142055887,0.0,55418.17740633968
2025-03-27 04:00:00,9844.066563199664,7966.966292484278,0.0,52447.29196193544
2025-03-27 05:00:00,10481.224215255206,7965.565483364432,0.0,48767.05276168296
2025-03-27 06:00:00,11704.357837368218,7964.023496347795,0.0,43726.234216510515
2025-03-27 07:00:00,11706.483895271318,7964.078680438477,0.0,38683.10856886975
2025-03-27 08:00:00,11376.684992967974,7964.952345877301,0.0,34007.2998114493
2025-03-27 09:00:00,6409.967062798307,7967.861924228166,0.0,34852.97611034602
2025-03-27 10:00:00,5971.21751115981,7975.448077666822,0.0,36193.73806450194
2025-03-27 11:00:00,5684.166642704722,7987.6428107919455,0.0,37865.64016117753
2025-03-27 12:00:00,4819.567454328215,8003.0062167208625,0.0,40513.57142864481
2025-03-27 13:00:00,4753.246009328126,8018.897477542158,0.0,43251.08445137794
2025-03-27 14:00:00,5243.981349861112,8033.475058170935,0.0,45457.91356525875
2025-03-27 15:00:00,6256.817538258063,8044.851645665126,0.0,46550.745723970475
2025-03-27 16:00:00,6424.167513319561,8051.878113273969,0.0,47464.659933556046
2025-03-27 17:00:00,10977.076634028213,8054.058716238253,0.0,43321.96683420739
2025-03-27 18:00:00,11472.357519039462,8052.880090717297,0.0,38627.78301488084
2025-03-27 19:00:00,11434.691930090392,8051.812417745226,0.0,33974.38217697007
2025-03-27 20:00:00,11084.686906184506,8052.325388388758,0.0,29710.388780709378
2025-03-27 21:00:00,10678.883905819226,8056.539378432325,0.0,25901.501597120343
2025-03-27 22:00:00,9863.744805030146,8063.660362078101,0.0,23005.445509164947
2025-03-27 23:00:00,7676.437839912651,8071.466199183553,0.0,22547.53633066778
2025-03-28 00:00:00,3659.392670442789,8080.629011959528,0.0,26562.173486579763
2025-03-28 01:00:00,3197.4276736068887,8089.681910241452,0.0,31099.15798170245
2025-03-28 02:00:00,3045.071778151479,8099.652605847785,0.0,35815.39750071526
2025-03-28 03:00:00,2932.0020078118814,8110.376696704387,0.0,40667.99418873977
2025-03-28 04:00:00,3514.7138561244474,8123.351083438542,0.0,44886.10765426227
2025-03-28 05:00:00,8142.7777563296095,8139.934875390647,0.0,43978.51168928668
2025-03-28 06:00:00,9607.395614733508,8156.003099006145,0.0,41459.63077192227
2025-03-28 07:00:00,9769.30740787635,8171.381221333462,0.0,38776.22598450422
2025-03-28 08:00:00,5505.266057572767,8186.873322362265,0.0,40846.13702067452
2025-03-28 09:00:00,5366.286522129429,8203.318732706126,0.0,43086.91517323684
2025-03-28 10:00:00,5302.413603678338,8223.32054993733,0.0,45418.66505242046
2025-03-28 11:00:00,4900.534739516851,8246.066011827137,0.0,48219.692464784435
2025-03-28 12:00:00,4649.478530865162,8269.839588745353,0.0,51323.444797012955
2025-03-28 13:00:00,4536.54777604172,8296.51941003992,0.0,54579.35556700652
2025-03-28 14:00:00,4787.000035548133,8315.9437873502,0.0,57576.41042596991
2025-03-28 15:00:00,5955.043115975912,8332.770363393189,0.0,59292.46621605652
2025-03-28 16:00:00,10394.452760732778,8342.912451793352,0.0,56085.986711480116
2025-03-28 17:00:00,10891.691937675307,8347.674747128423,0.0,52331.781527858206
2025-03-28 18:00:00,10979.903732016763,8348.553307415654,0.0,48480.441799699685
2025-03-28 19:00:00,10942.495891335358,8348.563714008611,0.0,44670.676745557896
2025-03-28 20:00:00,10509.379510818442,8348.139783168606,0.0,41341.72818337268
2025-03-28 21:00:00,10262.604685662063,8346.507026646412,0.0,38285.341114838906
2025-03-28 22:00:00,9850.853087590225,8344.234583291402,0.0,35684.183378585614
2025-03-28 23:00:00,9568.219723690612,8341.01514618742,0.0,33393.843276227904
2025-03-29 00:00:00,8995.713853316052,8337.887330009558,0.0,31736.492991441854
2025-03-29 01:00:00,8965.030978466404,8335.250351474231,0.0,30110.59781128674
2025-03-29 02:00:00,8922.495948424585,8332.915195571153,0.0,28529.628619719468
2025-03-29 03:00:00,9039.722742119964,8330.559016000268,0.0,26816.051255586444
2025-03-29 04:00:00,9046.767201642388,8327.8806638756,0.0,25091.96836208161
2025-03-29 05:00:00,9142.78328437309,8325.293575052052,0.0,23258.613843385785
2025-03-29 06:00:00,9657.618983277254,8322.891518154449,0.0,20850.817602343282
2025-03-29 07:00:00,9721.859524027794,8320.67687645271,0.0,18369.42834098734
2025-03-29 08:00:00,5905.354612286258,8318.976974348026,0.0,20126.90019057285
2025-03-29 09:00:00,5685.30591463661,8318.311537953103,0.0,22128.2051567075
2025-03-29 10:00:00,5012.91559885116,8319.116318477238,0.0,24877.415254239004
2025-03-29 11:00:00,4407.552959348866,8321.238392941541,0.0,28301.372581237356
2025-03-29 12:00:00,4118.50194982446,8323.924183059613,0.0,32049.183486714235
2025-03-29 13:00:00,4177.210807399468,8327.923971310214,0.0,35735.76211646949
2025-03-29 14:00:00,4637.681654559123,8331.835363304399,0.0,38914.61786359708
2025-03-29 15:00:00,5097.841867423955,8334.787989111415,0.0,41585.13711112632
2025-03-29 16:00:00,6053.829356044939,8335.412353235371,0.0,43194.07240208954
2025-03-29 17:00:00,10849.22700279703,8333.898452403517,0.0,39473.274184718575
2025-03-29 18:00:00,11068.999315102796,8331.107726673441,0.0,35505.49378350003
2025-03-29 19:00:00,10799.993583341738,8328.153552052885,0.0,31833.654465173204
2025-03-29 20:00:00,10475.250139032192,8325.31274566303,0.0,28519.800389689357
2025-03-29 21:00:00,10315.340689611716,8322.585964681135,0.0,25380.89669924636
2025-03-29 22:00:00,9167.865698923633,8319.938876851395,0.0,23514.318132849276
2025-03-29 23:00:00,5445.6970636602555,8316.939272168738,0.0,25780.48288983995
2025-03-30 00:00:00,5164.854245888858,8313.855971419385,0.0,28355.611921382828
2025-03-30 01:00:00,4677.069277741263,8310.751111211548,0.0,31469.619390659635
2025-03-30 02:00:00,4219.547849903805,8307.52881968104,0.0,35088.76171044756
2025-03-30 03:00:00,4205.686142753326,8304.190531015427,0.0,38719.96763840373
2025-03-30 04:00:00,4442.190940275783,8300.864606905556,0.0,42085.06453389176
2025-03-30 05:00:00,4429.43539740955,8297.537540534446,0.0,45461.00718841559
2025-03-30 06:00:00,5035.2358001521225,8294.22931003923,0.0,48160.53005384135
2025-03-30 07:00:00,5741.014352346122,8291.267397465734,0.0,50072.89261536695
2025-03-30 08:00:00,6178.730704440162,8288.41143689156,0.0,51496.04771399166
2025-03-30 09:00:00,5762.774101721741,8285.848262471654,0.0,53378.81364121693
2025-03-30 10:00:00,5469.334967349299,8283.65087389639,0.0,55585.425662502996
2025-03-30 11:00:00,5052.070266671288,8282.237807566245,0.0,58254.2520626567
2025-03-30 12:00:00,4942.94710408291,8280.648418589992,0.0,61042.73703226568
2025-03-30 13:00:00,4857.9367932671685,8279.03418462351,0.0,63924.06366881456
2025-03-30 14:00:00,4966.187383271843,8277.194156871732,0.0,66683.27184427313
2025-03-30 15:00:00,5018.205942936191,8274.880961450672,0.0,69382.36842468359
2025-03-30 16:00:00,5401.922803080168,8272.064965312526,0.0,71652.29694212927
2025-03-30 17:00:00,5971.088249410284,8268.962279321822,0.0,73286.71672210633
2025-03-30 18:00:00,7246.048313337344,8265.523284523262,0.0,73501.07521403253
2025-03-30 19:00:00,9360.258200972741,8262.237746477142,0.0,71363.02607053997
2025-03-30 20:00:00,9160.83925040307,8258.996543349125,0.0,69443.31233566346
2025-03-30 21:00:00,8693.086888147594,8255.763755779124,0.0,68040.09066016748
2025-03-30 22:00:00,8512.206312314785,8252.53739119691,0.0,66834.62103768137
2025-03-30 23:00:00,8118.424374149768,8249.344539579486,0.0,66063.49405042778
2025-03-31 00:00:00,6512.260079672848,8246.169020461415,0.0,67073.81853791936
2025-03-31 01:00:00,6098.800731876056,8243.008551170484,0.0,68540.38183144978
2025-03-31 02:00:00,6009.405285633214,8239.870056104937,0.0,70103.13490351781
2025-03-31 03:00:00,7719.680792772488,8236.751758750917,0.0,69762.4635591882
2025-03-31 04:00:00,12014.002092904633,8233.645317037632,0.0,64647.217661887335
2025-03-31 05:00:00,13334.616705903822,8230.564119517374,0.0,58061.540997067124
2025-03-31 06:00:00,11719.392537630958,8227.509101361087,0.0,53267.50283439382
2025-03-31 07:00:00,11698.902234458967,8224.453318364745,0.0,48493.1758922486
2025-03-31 08:00:00,12481.12641547972,8221.325187037504,0.0,42846.58283986419
2025-03-31 09:00:00,7411.899361676743,8217.98454825529,0.0,42829.1236529231
2025-03-31 10:00:00,6734.126023612744,8214.085610140037,0.0,43560.847014604515
2025-03-31 11:00:00,5905.394930455896,8209.792327014335,0.0,45209.08941889007
2025-03-31 12:00:00,5554.060782906135,8205.765202669434,0.0,47243.67597388603
2025-03-31 13:00:00,5534.396294756277,8201.712382520518,0.0,49296.05914001067
2025-03-31 14:00:00,6152.088492898246,8198.399975015116,0.0,50658.80523402774
2025-03-31 15:00:00,6508.159065476213,8194.79575578262,0.0,51622.313139281236
2025-03-31 16:00:00,7603.588310151215,8191.024027395624,0.0,51364.90571095329
2025-03-31 17:00:00,8897.832827274462,8186.669156441765,0.0,49665.09394820121
2025-03-31 18:00:00,9456.635555420013,8182.367204337116,0.0,47340.08831318275
2025-03-31 19:00:00,11405.573022617355,8177.7912973195835,0.0,42845.02069648306
2025-03-31 20:00:00,11343.784770939837,8173.196512779079,0.0,38414.011908217864
2025-03-31 21:00:00,10650.169307459233,8168.727516426339,0.0,34749.21797191171
2025-03-31 22:00:00,9971.565607555665,8164.669713486599,0.0,31834.370343669794
2025-03-31 23:00:00,9686.86307026094,8161.146713302561,0.0,29232.335867793532
2025-04-01 00:00:00,4474.082104596291,8158.351930194721,0.0,32419.48545954793
2025-04-01 01:00:00,4498.72905886284,8156.486173886931,0.0,35577.38379025393
2025-04-01 02:00:00,4996.627187378503,8155.422845107258,0.0,38180.998649385074
2025-04-01 03:00:00,5235.067451468798,8156.2830380507085,0.0,40520.54007469267
2025-04-01 04:00:00,11898.525548973597,8158.186220331993,0.0,35458.142351720664
2025-04-01 05:00:00,12313.538865653363,8160.644488776905,0.0,29937.076989771616
2025-04-01 06:00:00,13274.425192320858,8162.7205087319535,0.0,23350.436173702612
2025-04-01 07:00:00,11845.309611228131,8164.98911510654,0.0,18353.970165222345
2025-04-01 08:00:00,7255.134017870957,8168.832005372294,0.0,18461.542150738016
2025-04-01 09:00:00,5260.459634551799,8179.826312934526,0.0,20796.413314170542
2025-04-01 10:00:00,4701.941377350024,8193.269834797207,0.0,23765.303840801054
2025-04-01 11:00:00,5002.242860275349,8208.348589251602,0.0,26415.604807524498
2025-04-01 12:00:00,4939.3591835518455,8224.580428443272,0.0,29152.008365354606
2025-04-01 13:00:00,4467.234833067552,8244.472197961939,0.0,32432.886304352596
2025-04-01 14:00:00,4820.677894925175,8266.642115041763,0.0,35343.219647255275
2025-04-01 15:00:00,4718.101706114541,8290.523629915375,0.0,38391.40804815449
2025-04-01 16:00:00,4928.8249922824925,8316.395262269449,0.0,41231.33109677673
2025-04-01 17:00:00,5292.863748333057,8340.521302216923,0.0,43690.89267862359
2025-04-01 18:00:00,5991.423520405108,8359.57018395382,0.0,45393.32561768284
2025-04-01 19:00:00,5479.65532182692,8380.180381222008,0.0,47685.00008576383
2025-04-01 20:00:00,5056.903092252052,8396.589665266893,0.0,50462.80853741733
2025-04-01 21:00:00,4505.574432717248,8413.698683873707,0.0,53870.31340716076
2025-04-01 22:00:00,4495.341425910384,8427.259821886399,0.0,57302.74942248006
2025-04-01 23:00:00,5098.379395543537,8438.028864703356,0.0,60075.91229213504
2025-04-02 00:00:00,4312.347898796488,8446.041694613754,0.0,63730.45632141938
2025-04-02 01:00:00,4444.636016610297,8452.458139352975,0.0,67244.42999787201
2025-04-02 02:00:00,4604.871712287933,8458.906947166772,0.0,70586.81282027441
2025-04-02 03:00:00,4471.5455251425465,8464.857930737653,0.0,74083.286834187
2025-04-02 04:00:00,5778.348296460176,8469.887663813855,0.0,76132.787501934
2025-04-02 05:00:00,6708.124014904915,8474.118462167784,0.0,77153.43483642966
2025-04-02 06:00:00,6768.90868918349,8478.1722417305,0.0,78110.59742351183
2025-04-02 07:00:00,5852.9590258580865,8481.857812107783,0.0,80089.16742911063
2025-04-02 08:00:00,4833.015526534044,8487.0021561782,0.0,83206.15233358434
2025-04-02 09:00:00,3962.1602572610464,8496.459022877929,0.0,87300.21107061667
2025-04-02 10:00:00,3614.127854373419,8512.157870825298,0.0,91796.6713254715
2025-04-02 11:00:00,3343.263885322218,8536.106177217598,0.0,96618.03985233107
2025-04-02 12:00:00,3217.378231964003,8569.425634302263,0.0,101612.6007844511
2025-04-02 13:00:00,3376.4786524480314,8604.266526419671,0.0,106465.2243637063
2025-04-02 14:00:00,4561.659255553255,8636.700763465638,0.0,110033.41484322387
2025-04-02 15:00:00,4180.992469433351,8660.507723488918,0.0,114048.37537845351
2025-04-02 16:00:00,4570.01914170959,8671.67827547516,0.0,117642.25460758469
2025-04-02 17:00:00,4910.077184144613,8671.479055676378,0.0,120858.09234754484
2025-04-02 18:00:00,6392.358397121583,8669.13465825524,0.0,122424.60656455388
2025-04-02 19:00:00,5856.600858757201,8666.380453254313,0.0,124583.6527303002
2025-04-02 20:00:00,5951.406818158797,8664.57485876486,0.0,126635.55334666638
2025-04-02 21:00:00,4648.4291891610865,8662.942372932437,0.0,130133.57439830873
2025-04-02 22:00:00,4025.253809115702,8660.250320434221,0.0,134321.32048639216
2025-04-02 23:00:00,3711.1332707064594,8656.757232047235,0.0,138854.59630654333
2025-04-03 00:00:00,3469.0592008686835,8652.591552368942,0.0,143652.67763572483
2025-04-03 01:00:00,3188.294487241188,8647.33959919607,0.0,148757.46780465293
2025-04-03 02:00:00,3633.1953699029573,8641.556151273544,0.0,153362.14021158984
2025-04-03 03:00:00,3753.8747865712985,8637.072121385876,0.0,157828.2403478965
2025-04-03 04:00:00,5247.11473106274,8635.221328942158,0.0,160633.33419788006
2025-04-03 05:00:00,6342.92986022895,8640.349184965515,0.0,162225.98353814674
2025-04-03 06:00:00,8749.252399780586,8645.882187205005,0.0,161150.47417004
2025-04-03 07:00:00,5685.575312379026,8646.670753637925,0.0,163479.83902103454
2025-04-03 08:00:00,5274.290227943643,8644.886292127498,0.0,166264.4028376691
2025-04-03 09:00:00,3892.445444952172,8641.756759412307,0.0,170581.22021380122
2025-04-03 10:00:00,2900.8342333490737,8636.242050875651,0.0,175994.3131165112
2025-04-03 11:00:00,2297.3953353396246,8627.499146403552,0.0,182069.1507792041
2025-04-03 12:00:00,2390.3014867901948,8617.489515403087,0.0,188030.74975372918
2025-04-03 13:00:00,2623.8088503160734,8612.050310847599,0.0,193727.4568975589
2025-04-03 14:00:00,2722.7670003384437,8608.881594778168,0.0,199311.04182529435
2025-04-03 15:00:00,3036.136596967166,8606.25749875,0.0,204543.81421630312
2025-04-03 16:00:00,7735.804857700386,8602.9272745929,0.0,204551.40276011775
2025-04-03 17:00:00,8222.032988868492,8599.314769667653,0.0,204015.12531993154
2025-04-03 18:00:00,8864.479501295627,8596.901811895132,0.0,202762.6054637204
2025-04-03 19:00:00,8769.336911707856,8593.931148463782,0.0,201612.8289325088
2025-04-03 20:00:00,8336.723313260098,8589.367603447557,0.0,200939.170632334
2025-04-03 21:00:00,7831.13316664749,8580.997911103512,0.0,200818.90946938476
2025-04-03 22:00:00,8218.393190889257,8569.636860290082,0.0,200256.99833979786
2025-04-03 23:00:00,7289.182838409132,8557.59938432994,0.0,200715.505681451
2025-04-04 00:00:00,7304.389806376894,8544.230570456792,0.0,201143.7475781557
2025-04-04 01:00:00,7586.688874207296,8530.994993541522,0.0,201245.08826702245
2025-04-04 02:00:00,7910.970623387444,8516.866352499745,0.0,200971.98726020276
2025-04-04 03:00:00,8630.344333819008,8502.01944187628,0.0,199884.73522005795
2025-04-04 04:00:00,10221.204237985501,8484.952473410762,0.0,197012.7940957071
2025-04-04 05:00:00,11772.675826573119,8464.327402107114,0.0,192396.37057939958
2025-04-04 06:00:00,12757.79475894327,8444.261773185504,0.0,186665.30484264813
2025-04-04 07:00:00,11249.938541466108,8424.923745123475,0.0,182590.2968750315
2025-04-04 08:00:00,11205.782049043804,8405.455058318414,0.0,178544.8829899679
2025-04-04 09:00:00,4449.134424492462,8385.05496623859,0.0,181986.45526232597
2025-04-04 10:00:00,4488.498966977017,8361.077579415924,0.0,185360.31176732297
2025-04-04 11:00:00,4206.831040041703,8334.698072851088,0.0,189020.75312901664
2025-04-04 12:00:00,3711.078083542896,8308.27151673863,0.0,193205.60455292984
2025-04-04 13:00:00,3657.5103871959536,8279.61013197056,0.0,197421.3142546827
2025-04-04 14:00:00,4127.95398279384,8259.258453518543,0.0,201093.9571717636
2025-04-04 15:00:00,4148.505658851856,8241.454242288311,0.0,204725.9606819943
2025-04-04 16:00:00,4652.475562777303,8229.27262275341,0.0,207785.81601277296
2025-04-04 17:00:00,5318.939911460584,8221.14074392314,0.0,210097.0235217399
2025-04-04 18:00:00,5787.771737632004,8216.600196906456,0.0,211882.76623238856
2025-04-04 19:00:00,5442.992257001171,8212.957414343497,0.0,214047.95447228634
2025-04-04 20:00:00,5067.401685349484,8209.751338095295,0.0,216627.25949332662
2025-04-04 21:00:00,5091.2893316239,8207.768973435357,0.0,219178.04032051322
2025-04-04 22:00:00,5100.84693706382,8206.487010718512,0.0,221716.91962338306
2025-04-04 23:00:00,4933.501912117745,8206.169743199322,0.0,224441.4205753404
2025-04-05 00:00:00,4662.1272452499325,8205.782011956217,0.0,227467.06120368565
2025-04-05 01:00:00,4710.327958528753,8204.91918380945,0.0,230438.28265579644
2025-04-05 02:00:00,4665.5022660919285,8203.800528179123,0.0,233458.19177720675
2025-04-05 03:00:00,4628.5530542750475,8202.706646287983,0.0,236518.06169652246
2025-04-05 04:00:00,4885.655928302965,8201.95653496781,0.0,239291.51164448698
2025-04-05 05:00:00,5408.496345438651,8201.137857493073,0.0,241483.20911815934
2025-04-05 06:00:00,6605.05951557889,8200.158998632913,0.0,242344.4130994824
2025-04-05 07:00:00,5849.290441245985,8199.011793851636,0.0,244044.21329194956
2025-04-05 08:00:00,5146.872667845517,8197.340622754533,0.0,246522.80650598687
2025-04-05 09:00:00,4910.365690002356,8194.591725001988,0.0,249261.43635320847
2025-04-05 10:00:00,4791.357076231607,8190.190970067916,0.0,252127.89723857463
2025-04-05 11:00:00,4445.596061098804,8184.404038064219,0.0,255372.75009764015
2025-04-05 12:00:00,4104.794082745266,8177.771849177545,0.0,258989.6396326563
2025-04-05 13:00:00,4011.47964398383,8170.426885367953,0.0,262702.86691359774
2025-04-05 14:00:00,4014.229194694688,8165.498549799721,0.0,266408.11080262566
2025-04-05 15:00:00,4498.8164965005035,8162.311152956839,0.0,269571.7369594708
2025-04-05 16:00:00,5156.909723807859,8160.723847022602,0.0,272002.56111337355
2025-04-05 17:00:00,5295.677314298706,8160.081757091506,0.0,274278.5569656887
2025-04-05 18:00:00,5606.705662640046,8160.085065295198,0.0,276208.96907249506
2025-04-05 19:00:00,5507.669621050826,8160.516141413279,0.0,278249.85230162955
2025-04-05 20:00:00,5313.15676004161,8160.903657429506,0.0,280507.24844790174
2025-04-05 21:00:00,4975.769804317408,8161.284329504776,0.0,283139.8996614983
2025-04-05 22:00:00,4709.572890656047,8161.730771283987,0.0,286068.7716653867
2025-04-05 23:00:00,4424.442251118842,8162.496105860536,0.0,289315.22082555963
2025-04-06 00:00:00,4573.824208174299,8163.276431308362,0.0,292396.4703588965
2025-04-06 01:00:00,4721.315490330653,8163.985655069391,0.0,295314.5499135985
2025-04-06 02:00:00,4769.914958510784,8164.811454971134,0.0,298179.45585911325
2025-04-06 03:00:00,4900.119867842227,8165.942882581956,0.0,300900.8211107594
2025-04-06 04:00:00,5243.745135678872,8167.137794622551,0.0,303241.57542129426
2025-04-06 05:00:00,5388.573633229821,8168.3265154887,0.0,305422.59789986094
2025-04-06 06:00:00,5477.9811599650175,8169.611255050486,0.0,307505.56342161703
2025-04-06 07:00:00,5154.876919094685,8170.911784813882,0.0,309948.8341852146
2025-04-06 08:00:00,4306.198388960994,8172.257762296972,0.0,313336.4270708883
2025-04-06 09:00:00,3801.2570243780056,8173.603971038559,0.0,317286.41212595126
2025-04-06 10:00:00,3473.8778852169607,8175.46153754571,0.0,321602.0093465893
2025-04-06 11:00:00,3066.76072943953,8176.938580666974,0.0,326371.4360056567
2025-04-06 12:00:00,2814.0777224787316,8179.536915857723,0.0,331424.21989653807
2025-04-06 13:00:00,2866.300292895128,8184.739304211454,0.0,336424.18109753274
2025-04-06 14:00:00,2786.7025642110148,8190.725662565424,0.0,341518.5705776415
2025-04-06 15:00:00,3439.7584204233517,8196.325430950159,0.0,345892.9422081213
2025-04-06 16:00:00,4364.542715835542,8200.636088122192,0.0,349244.0863897595
2025-04-06 17:00:00,5390.731543220885,8203.100407607793,0.0,351457.48508267733
2025-04-06 18:00:00,8751.397489985464,8204.399775590273,0.0,349938.1098693949
2025-04-06 19:00:00,8489.898165969642,8205.746846191476,0.0,348710.63653117575
2025-04-06 20:00:00,7779.062857764457,8207.047270791585,0.0,348274.2806266734
2025-04-06 21:00:00,5671.349371756945,8208.2891646068,0.0,350181.07048932806
2025-04-06 22:00:00,5037.604278882309,8209.539795544435,0.0,352793.2721972255
2025-04-06 23:00:00,5172.799037688879,8210.69083874333,0.0,355256.4085496479
2025-04-07 00:00:00,4945.641855794941,8211.788764775325,0.0,357973.0396968732
2025-04-07 01:00:00,4901.049052164643,8212.7552911601,0.0,360740.1849300727
2025-04-07 02:00:00,6128.367392324923,8213.633778199766,0.0,362144.5216056892
2025-04-07 03:00:00,9979.133978656615,8214.434453501819,0.0,359271.02941623924
2025-04-07 04:00:00,11096.672133706688,8215.184111587863,0.0,355156.5778237086
2025-04-07 05:00:00,12148.845915457245,8215.904429855316,0.0,349873.76456972247
2025-04-07 06:00:00,12396.798799063248,8216.7286784467,0.0,344316.27236032113
2025-04-07 07:00:00,12164.908168587792,8218.119297468436,0.0,339017.8270260254
2025-04-07 08:00:00,9183.674042299002,8220.152567535308,0.0,337033.8973243395
2025-04-07 09:00:00,5728.8198186513255,8223.275897466661,0.0,338891.81786774914
2025-04-07 10:00:00,5540.1617063712565,8228.662739112066,0.0,340964.74537755986
2025-04-07 11:00:00,5266.986150610526,8238.618013452442,0.0,343351.1565570006
2025-04-07 12:00:00,5026.71282641646,8253.829307125061,0.0,346019.7493903296
2025-04-07 13:00:00,5204.009710372915,8273.962016731564,0.0,348511.4783955357
2025-04-07 14:00:00,5258.75695351642,8296.184417850449,0.0,350964.5995317013
2025-04-07 15:00:00,5261.031007760679,8315.13727646358,0.0,353434.14679954184
2025-04-07 16:00:00,6140.014104001549,8328.044686184707,0.0,354939.95359239145
2025-04-07 17:00:00,11120.337656947415,8332.34985682557,0.0,350916.37271927553
2025-04-07 18:00:00,11446.158471599076,8332.996034012445,0.0,346531.41489595565
2025-04-07 19:00:00,11517.483613872246,8333.901088753866,0.0,342068.1119692959
2025-04-07 20:00:00,11087.591595969665,8335.197593480792,0.0,338083.7633450326
2025-04-07 21:00:00,10649.118700520066,8336.59960432409,0.0,334588.00883766776
2025-04-07 22:00:00,10157.772386922574,8337.82359590702,0.0,331639.4186703274
2025-04-07 23:00:00,9933.46945533479,8338.821110653149,0.0,328941.05149727524
2025-04-08 00:00:00,10483.227906866074,8339.74725719177,0.0,325632.7677468381
2025-04-08 01:00:00,10294.768414280248,8340.090158497418,0.0,322534.2263339129
2025-04-08 02:00:00,12219.420720419672,8339.549411371481,0.0,317296.6416114848
2025-04-08 03:00:00,16176.773316530722,8337.274123011643,0.0,307659.72316057346
2025-04-08 04:00:00,17237.349396499343,8333.99095461051,0.0,296841.1036746291
2025-04-08 05:00:00,18374.583140933046,8330.657850735977,0.0,284755.55803543946
2025-04-08 06:00:00,18376.03655094028,8327.75268624565,0.0,272665.4923317515
2025-04-08 07:00:00,17740.85803055739,8325.547995822248,0.0,261278.9758491766
2025-04-08 08:00:00,11916.89811863581,8322.32899147098,0.0,256360.30693105227
2025-04-08 09:00:00,6209.332037384421,8315.262258795134,0.0,257776.31137053142
2025-04-08 10:00:00,5311.388745478368,8311.205742311831,0.0,260185.97406231175
2025-04-08 11:00:00,5061.7474608733455,8313.704779920863,0.0,262875.51499681774
2025-04-08 12:00:00,4690.66679818476,8320.980074721876,0.0,265984.64307355654
2025-04-08 13:00:00,4808.17931664097,8331.744159388618,0.0,268973.9657700108
2025-04-08 14:00:00,5443.31328658674,8336.672304148076,0.0,271262.5122001736
2025-04-08 15:00:00,6212.215623880881,8333.46505864534,0.0,272693.51545450685
2025-04-08 16:00:00,10575.849157967083,8320.628231448758,0.0,269263.2001771033
2025-04-08 17:00:00,14046.57596861303,8302.248303332604,0.0,261958.14184864357
2025-04-08 18:00:00,16617.09499406684,8283.24726236502,0.0,251777.9502287121
2025-04-08 19:00:00,16502.49133685387,8261.867888875133,0.0,241703.71663219403
2025-04-08 20:00:00,15936.453018571152,8244.35757158122,0.0,232240.90418314064
2025-04-08 21:00:00,15198.581261584419,8225.904504718139,0.0,223579.49617498723
2025-04-08 22:00:00,9477.763285482417,8210.845303863438,0.0,221259.4933838702
2025-04-08 23:00:00,9409.522613782789,8198.550732717735,0.0,219003.0189901626
2025-04-09 00:00:00,9621.863158402135,8188.937615905653,0.0,216500.99754117697
2025-04-09 01:00:00,8953.229981732144,8180.664182487983,0.0,214733.62841062926
2025-04-09 02:00:00,9042.357271589855,8172.235513540901,0.0,212858.8002890703
2025-04-09 03:00:00,10215.091093335344,8164.221949115354,0.0,209672.92102336863
2025-04-09 04:00:00,11439.180893326822,8157.022888693266,0.0,205119.74291947656
2025-04-09 05:00:00,16601.140594110297,8150.534366624018,0.0,194824.56551486693
2025-04-09 06:00:00,13592.514946065421,8144.172124420824,0.0,187865.9432547706
2025-04-09 07:00:00,13969.997242391797,8137.569184045603,0.0,180481.2932806031
2025-04-09 08:00:00,10657.854612106421,8129.253466742098,0.0,176768.48606722694
2025-04-09 09:00:00,5370.159289693218,8116.586335999452,0.0,178918.22874801172
2025-04-09 10:00:00,4392.104765032211,8100.466885654943,0.0,182138.57922807534
2025-04-09 11:00:00,4120.228330412156,8079.358915314808,0.0,185639.9066651544
2025-04-09 12:00:00,3927.600616172649,8052.652897106475,0.0,189328.55887762463
2025-04-09 13:00:00,4251.368242037364,8022.939351969386,0.0,192627.7557384414
2025-04-09 14:00:00,4869.240449174156,7992.438748920576,0.0,195209.9273216129
2025-04-09 15:00:00,5111.351458287223,7968.024353961039,0.0,197498.67227747705
2025-04-09 16:00:00,10316.160933985155,7952.73583979966,0.0,193989.0070795154
2025-04-09 17:00:00,11025.440922271991,7946.751916539582,0.0,189685.26908241943
2025-04-09 18:00:00,13683.382612423262,7943.755138264275,0.0,182425.26576243562
2025-04-09 19:00:00,12555.064957662149,7941.669953055439,0.0,176416.8635403109
2025-04-09 20:00:00,11869.124569935906,7939.458802129856,0.0,171168.4061536231
2025-04-09 21:00:00,11175.66931430241,7937.275081196438,0.0,166688.27088559468
2025-04-09 22:00:00,11200.478936214464,7935.284450884081,0.0,162178.57874068484
2025-04-09 23:00:00,11254.918563923598,7933.516501644918,0.0,157606.63017130358
2025-04-10 00:00:00,11083.808647842588,7931.778259730403,0.0,153223.06548898667
2025-04-10 01:00:00,11032.74120944985,7929.875399969986,0.0,148894.33954512348
2025-04-10 02:00:00,10997.7743035333,7927.787133754282,0.0,144602.37745272965
2025-04-10 03:00:00,11390.127762341093,7925.188480377945,0.0,139871.8684193953
2025-04-10 04:00:00,17458.992726014178,7920.820682077489,0.0,128393.80829479033
2025-04-10 05:00:00,18102.101955677834,7910.620193232334,0.0,116190.98187060286
2025-04-10 06:00:00,18037.789428014272,7900.586570834666,0.0,104049.58018808832
2025-04-10 07:00:00,12774.093328731715,7894.749012141625,0.0,97750.89216830583
2025-04-10 08:00:00,11953.170803498295,7891.928710273315,0.0,92361.51998580326
2025-04-10 09:00:00,10975.823483584616,7889.547628942485,0.0,88055.70818854061
2025-04-10 10:00:00,5212.991576882265,7888.07247549595,0.0,90151.56780083405
2025-04-10 11:00:00,5013.871483605977,7886.988446433183,0.0,92467.58793214947
2025-04-10 12:00:00,4352.606825848121,7888.973521982088,0.0,95520.33164763366
2025-04-10 13:00:00,4121.458706760681,7888.616059494369,0.0,98829.5491440606
2025-04-10 14:00:00,4681.759479800448,7890.862228249083,0.0,101518.45639475364
2025-04-10 15:00:00,5592.192169568558,7895.259942098026,0.0,103200.16948177548
2025-04-10 16:00:00,6273.490222630399,7902.647610194239,0.0,104132.27240015818
2025-04-10 17:00:00,10613.734287112624,7910.5218073308915,0.0,100249.75611069726
2025-04-10 18:00:00,10897.976024608355,7918.098211255559,0.0,96058.99207238798
2025-04-10 19:00:00,11178.750569862026,7927.263784333258,0.0,91565.42189020776
2025-04-10 20:00:00,10869.017080772275,7935.839196249808,0.0,87424.57544115503
2025-04-10 21:00:00,9934.348167684657,7942.098227567572,0.0,84328.50903796188
2025-04-10 22:00:00,9790.032050738402,7948.272022400573,0.0,81398.9676706531
2025-04-10 23:00:00,9660.704609241233,7953.533126870493,0.0,78618.38456503334
2025-04-11 00:00:00,8098.047914501523,7958.516476151874,0.0,77579.07002507242
2025-04-11 01:00:00,7179.232473584215,7962.348453343324,0.0,77564.49350776659
2025-04-11 02:00:00,7465.762786953363,7965.846699979556,0.0,77235.04822224242
2025-04-11 03:00:00,9944.860637257114,7969.200208049766,0.0,74154.40327778427
2025-04-11 04:00:00,10993.283928653233,7972.464110169795,0.0,69912.10746722827
2025-04-11 05:00:00,12027.121918399647,7975.684088780288,0.0,64524.32275778672
2025-04-11 06:00:00,12319.13046380903,7978.425117927718,0.0,58814.82513814885
2025-04-11 07:00:00,12034.859833987899,7982.174623088246,0.0,53424.933279028315
2025-04-11 08:00:00,6594.0126458791465,7986.388060073332,0.0,54084.64062145815
2025-04-11 09:00:00,6106.070681497871,7993.116369008812,0.0,55293.23401102489
2025-04-11 10:00:00,5562.412989513362,8005.8881965071505,0.0,57118.663330294956
2025-04-11 11:00:00,5593.965815122397,8023.64274516188,0.0,58926.78850309862
2025-04-11 12:00:00,5217.659583566897,8045.14677294509,0.0,61174.53573874717
2025-04-11 13:00:00,5512.663202248903,8066.22427656954,0.0,63115.578679484584
2025-04-11 14:00:00,5643.615828326945,8088.8752841608675,0.0,64933.76970994885
2025-04-11 15:00:00,5734.858520377284,8110.843067609686,0.0,66672.5477549171
2025-04-11 16:00:00,7351.856208996718,8131.748270813735,0.0,66635.56690462338
2025-04-11 17:00:00,11334.225606385695,8150.031182016813,0.0,62192.014079544984
2025-04-11 18:00:00,17068.49406145691,8163.4911110053445,0.0,51390.51178893153
2025-04-11 19:00:00,16540.575203903863,8176.877904112712,0.0,41188.972799817726
2025-04-11 20:00:00,13892.799813747612,8193.843634685682,0.0,33946.37219700606
2025-04-11 21:00:00,9812.136287705296,8210.637715401841,0.0,31254.636259402017
2025-04-11 22:00:00,9329.314392478638,8222.232339147062,0.0,29110.963718017258
2025-04-11 23:00:00,8411.466236380016,8229.778479405484,0.0,27994.668601444948
2025-04-12 00:00:00,7857.786317557651,8235.084546330143,0.0,27498.879461599918
2025-04-12 01:00:00,7873.823296471204,8237.680478593833,0.0,26987.867388559083
2025-04-12 02:00:00,7911.9285339030785,8238.19565338374,0.0,26435.031337606062
2025-04-12 03:00:00,7846.251684283916,8237.783620666196,0.0,25954.75753129013
2025-04-12 04:00:00,8132.711204478873,8237.027976855628,0.0,25155.439725391458
2025-04-12 05:00:00,8760.229968565149,8236.127876483672,0.0,23657.97874791385
2025-04-12 06:00:00,9239.916406434488,8235.472824342442,0.0,21626.877787329086
2025-04-12 07:00:00,9197.57540128257,8236.263395887852,0.0,19643.61295956964
2025-04-12 08:00:00,4651.9255045273885,8238.568336455784,0.0,22713.375179883882
2025-04-12 09:00:00,3240.1524352305187,8242.957304689127,0.0,27356.163112094655
2025-04-12 10:00:00,3240.8881429220837,8251.447058595879,0.0,32006.623345221557
2025-04-12 11:00:00,3115.2547460225815,8262.04438334019,0.0,36807.27356631443
2025-04-12 12:00:00,3134.1684600152294,8276.917709965983,0.0,41601.78187626349
2025-04-12 13:00:00,3131.2257444270836,8293.996171710149,0.0,46416.63833194354
2025-04-12 14:00:00,3109.2053164816207,8309.542180299732,0.0,51271.50793837481
2025-04-12 15:00:00,3366.1329870556838,8322.405264344476,0.0,55853.76543932408
2025-04-12 16:00:00,4102.524902207146,8331.371313484182,0.0,59626.77575035588
2025-04-12 17:00:00,9624.105526233603,8334.410448434905,0.0,57267.73561408678
2025-04-12 18:00:00,10080.761742966373,8334.284627331726,0.0,54401.17386034475
2025-04-12 19:00:00,10223.905833114877,8334.054747449854,0.0,51375.33323766697
2025-04-12 20:00:00,10051.880295225803,8333.014282501183,0.0,48539.59163658392
2025-04-12 21:00:00,6688.691543295897,8331.912870365986,0.0,49439.62501439892
2025-04-12 22:00:00,5247.198811767857,8330.673978230672,0.0,51940.0780906653
2025-04-12 23:00:00,4868.542032800072,8329.456832900014,0.0,54860.04377600968
2025-04-13 00:00:00,4243.659510722466,8328.33364696846,0.0,58473.20018884201
2025-04-13 01:00:00,4009.58473157516,8327.29672025186,0.0,62345.40276289926
2025-04-13 02:00:00,3893.0330317770013,8326.289068711425,0.0,66346.09957408067
2025-04-13 03:00:00,3943.057268031902,8325.10929144344,0.0,70290.03412326645
2025-04-13 04:00:00,3840.736772543193,8323.888405462161,0.0,74346.43722590283
2025-04-13 05:00:00,4222.05929557354,8322.715913959197,0.0,77977.97614478033
2025-04-13 06:00:00,4449.228283082336,8321.468826227348,0.0,81355.85798980507
2025-04-13 07:00:00,4547.358864993578,8319.97502381231,0.0,84623.21205251341
2025-04-13 08:00:00,3848.6420319636727,8318.739974640835,0.0,88665.68310275016
2025-04-13 09:00:00,3524.0190378062543,8319.003884800004,0.0,93069.11027887654
2025-04-13 10:00:00,3551.5308657508886,8322.926835652257,0.0,97445.89170813892
2025-04-13 11:00:00,3158.7963124593252,8333.007231441408,0.0,102269.12525906997
2025-04-13 12:00:00,3093.040671040651,8352.244160305361,0.0,107184.6575626635
2025-04-13 13:00:00,3062.1529874235957,8372.239950724965,0.0,112154.50530514003
2025-04-13 14:00:00,3254.67454447059,8391.441090876579,0.0,116929.64134660484
2025-04-13 15:00:00,4223.13293763711,8413.949780969087,0.0,120651.22119686587
2025-04-13 16:00:00,4531.143658183702,8439.643453598452,0.0,124056.26058581576
2025-04-13 17:00:00,9117.347363741908,8470.070236001855,0.0,122395.94486210438
2025-04-13 18:00:00,9683.043298118131,8500.639415288595,0.0,120137.64727948394
2025-04-13 19:00:00,9771.820508183288,8522.50294857161,0.0,117802.57188562966
2025-04-13 20:00:00,9422.410057428895,8540.705074402667,0.0,115873.932451778
2025-04-13 21:00:00,9287.98751250388,8557.577468099496,0.0,114111.52379487318
2025-04-13 22:00:00,9076.139257704961,8572.257505690897,0.0,112599.18212533636
2025-04-13 23:00:00,9041.908295982117,8584.645083221336,0.0,111137.26243524422
2025-04-14 00:00:00,9230.684289299686,8595.963121504861,0.0,109476.90967974944
2025-04-14 01:00:00,9148.5305211595,8605.262936331113,0.0,107917.1387036811
2025-04-14 02:00:00,9442.885950447566,8611.91096779674,0.0,106036.95417098056
2025-04-14 03:00:00,9857.370248454637,8616.707799075071,0.0,103701.02836066158
2025-04-14 04:00:00,10519.183524910844,8621.594853281373,0.0,100634.64151959756
2025-04-14 05:00:00,12472.98689485479,8627.050436260692,0.0,95402.81762824181
2025-04-14 06:00:00,16440.468828335717,8633.808614418567,0.0,85769.4386556207
2025-04-14 07:00:00,11523.111914423598,8640.55001113264,0.0,81606.53098406046
2025-04-14 08:00:00,10801.024154245173,8648.852711667245,0.0,78254.24574656639
2025-04-14 09:00:00,6448.019581361949,8659.695033434251,0.0,79749.47457848737
2025-04-14 10:00:00,4894.154775841009,8673.278869784961,0.0,82984.80369733789
2025-04-14 11:00:00,4271.438549763128,8687.542922730434,0.0,86926.30378699815
2025-04-14 12:00:00,4104.020322573797,8698.206493008733,0.0,91064.48769936933
2025-04-14 13:00:00,4568.818672329562,8701.832136987878,0.0,94689.85464487992
2025-04-14 14:00:00,4920.027693623126,8700.696905628607,0.0,97923.8541131495
2025-04-14 15:00:00,9518.161981296438,8698.60459964842,0.0,96046.7231780241
2025-04-14 16:00:00,9937.861404312072,8694.808940056773,0.0,93699.46389106744
2025-04-14 17:00:00,13446.535502799805,8695.098981444922,0.0,87453.96786940149
2025-04-14 18:00:00,15819.035562640029,8696.95038559103,0.0,78574.21207428137
2025-04-14 19:00:00,15889.32409154632,8698.215764063043,0.0,69617.62329218183
2025-04-14 20:00:00,10561.589894201004,8699.334482721886,0.0,66581.85789245815
2025-04-14 21:00:00,10048.263668460362,8699.789070770341,0.0,64116.90955382809
2025-04-14 22:00:00,9558.097507100581,8700.04930946703,0.0,62196.85052207218
2025-04-14 23:00:00,9010.68234168287,8700.192863741666,0.0,60885.17411727732
2025-04-15 00:00:00,4926.7319873593,8700.056459300175,0.0,64111.08392395604
2025-04-15 01:00:00,4892.443784815788,8699.633862505454,0.0,67374.66913666618
2025-04-15 02:00:00,4834.921602911696,8699.199702591162,0.0,70701.73372491101
2025-04-15 03:00:00,5594.994651319948,8698.67554010165,0.0,73183.74854132385
2025-04-15 04:00:00,7511.50750932537,8697.782861809592,0.0,73535.41194832746
2025-04-15 05:00:00,8426.902279450784,8696.373349794714,0.0,72868.56054317685
2025-04-15 06:00:00,8735.28419311771,8694.751197738313,0.0,71857.44041522882
2025-04-15 07:00:00,8664.767887012225,8692.37518861429,0.0,70922.29572938508
2025-04-15 08:00:00,7326.83939555234,8689.284831099249,0.0,71470.6478987595
2025-04-15 09:00:00,6903.594163508539,8683.566959752681,0.0,72483.55467683604
2025-04-15 10:00:00,6614.009399061567,8673.867134860793,0.0,73808.52247940621
2025-04-15 11:00:00,5207.799479498344,8658.910628544843,0.0,76680.98924184177
2025-04-15 12:00:00,4423.9848132481675,8644.017034211853,0.0,80409.46759466677
2025-04-15 13:00:00,4201.155458565632,8626.45309595768,0.0,84367.97018110708
2025-04-15 14:00:00,5250.279137056588,8614.525821949648,0.0,87148.85251743828
2025-04-15 15:00:00,6825.406762427021,8609.079516785761,0.0,88174.14674263848
2025-04-15 16:00:00,7734.856562543481,8606.604196756767,0.0,88186.46586990249
2025-04-15 17:00:00,9586.223521583837,8605.640312463052,0.0,86140.74671393906
2025-04-15 18:00:00,9746.471898790658,8607.089174553004,0.0,83918.42266761356
2025-04-15 19:00:00,9551.337654477587,8610.291280147942,0.0,81916.1165538975
2025-04-15 20:00:00,9060.751648058094,8615.730868313205,0.0,80464.34559103506
2025-04-15 21:00:00,8634.941435361046,8624.132250631377,0.0,79494.09846904303
2025-04-15 22:00:00,7988.784406749111,8632.41695229683,0.0,79250.08830272975
2025-04-15 23:00:00,2975.924239716427,8639.794831916319,0.0,84583.30064607227
2025-04-16 00:00:00,3336.9235167675324,8645.979438157428,0.0,89521.58728782134
2025-04-16 01:00:00,3332.834897712368,8652.412460826183,0.0,94470.84986230044
2025-04-16 02:00:00,3412.078840459002,8657.12318307178,0.0,99336.7743337511
2025-04-16 03:00:00,5179.725004623668,8661.202472104866,0.0,102242.72680071856
2025-04-16 04:00:00,8407.15843581115,8664.996532780277,0.0,101566.43618259756
2025-04-16 05:00:00,9346.349346576926,8670.331774763774,0.0,99851.93535005365
2025-04-16 06:00:00,9879.369637101816,8678.127116107824,0.0,97552.98509160388
2025-04-16 07:00:00,10178.5721816765,8691.751171583503,0.0,94935.21161688016
2025-04-16 08:00:00,6502.6835253890495,8715.381229364799,0.0,96425.38892914604
2025-04-16 09:00:00,5799.389318819316,8750.34960642634,0.0,98731.97262577314
2025-04-16 10:00:00,4742.886516526344,8795.200506875623,0.0,102257.29922539728
2025-04-16 11:00:00,4353.311537948775,8850.657367778602,0.0,106270.9437732328
2025-04-16 12:00:00,3421.2268774166005,8907.624616427212,0.0,111377.20519253043
2025-04-16 13:00:00,3971.709992788142,8956.24491078793,0.0,115920.43900022043
2025-04-16 14:00:00,4452.4537284011285,9004.573045866053,0.0,119977.84123675189
2025-04-16 15:00:00,5832.201696257842,9050.430260126748,0.0,122548.04738992549
2025-04-16 16:00:00,6190.0534588745995,9090.455450074585,0.0,124760.66566347274
2025-04-16 17:00:00,9332.129683438552,9120.9268136552,0.0,123512.55949552954
2025-04-16 18:00:00,9270.917479406253,9143.107968225902,0.0,122354.64804219293
2025-04-16 19:00:00,9339.87791684176,9158.866341808833,0.0,121135.87225417761
2025-04-16 20:00:00,8958.87904080997,9172.49123490299,0.0,120354.05344373618
2025-04-16 21:00:00,8704.685266792121,9188.499987390127,0.0,119870.6809124684
2025-04-16 22:00:00,8548.121453424885,9205.975916648958,0.0,119578.7441030897
2025-04-16 23:00:00,7391.88371796927,9224.82199562319,0.0,120590.36196763592
2025-04-17 00:00:00,7307.35937854675,9242.312122842724,0.0,121713.38589209336
2025-04-17 01:00:00,6803.016272451469,9261.14184720817,0.0,123415.62076991102
2025-04-17 02:00:00,6158.58916066293,9282.223323260007,0.0,125854.96724798999
2025-04-17 03:00:00,7582.60176624581,9305.776467580064,0.0,126735.63064196358
2025-04-17 04:00:00,7807.599206934241,9330.9450728864,0.0,127391.46548492306
2025-04-17 05:00:00,8400.910116897041,9360.705073468987,0.0,127417.825984062
2025-04-17 06:00:00,8655.799149893628,9397.894688297203,0.0,127198.1660613663
2025-04-17 07:00:00,8989.980604542512,9430.768798069153,0.0,126640.06752105488
2025-04-17 08:00:00,9386.438135121483,9471.855596865895,0.0,125682.54741223024
2025-04-17 09:00:00,5441.583106308495,9520.05001426053,0.0,129156.39397503689
2025-04-17 10:00:00,4786.188107130177,9576.795308093604,0.0,133415.2024974303
2025-04-17 11:00:00,3914.4645850548386,9641.657321763549,0.0,138707.45472468846
2025-04-17 12:00:00,3821.11995693111,9707.563049017841,0.0,144169.32893267172
2025-04-17 13:00:00,4080.367999739203,9771.123856996359,0.0,149406.71056773566
2025-04-17 14:00:00,4788.013374097627,9828.897729948132,0.0,153915.59343757533
2025-04-17 15:00:00,5840.39147468523,9880.15988076735,0.0,157306.42945758128
2025-04-17 16:00:00,9651.284469316952,9926.197073719712,0.0,156508.9771209488
2025-04-17 17:00:00,9783.756389971131,9968.105887185378,0.0,155606.24257483293
2025-04-17 18:00:00,9768.293292132985,10002.877698586446,0.0,154755.46105993833
2025-04-17 19:00:00,9676.708177510678,10023.017754343771,0.0,154026.5808392702
2025-04-17 20:00:00,9451.843256845144,10045.783657751312,0.0,153570.31643386022
2025-04-17 21:00:00,9306.27670367166,10073.941193773637,0.0,153303.95017910982
2025-04-17 22:00:00,9104.362820525159,10104.002686670716,0.0,153291.9941763081
2025-04-17 23:00:00,8659.491090057938,10135.093482395034,0.0,153805.43089197212
2025-04-18 00:00:00,8354.751430083212,10168.750108341663,0.0,154691.1238557769
2025-04-18 01:00:00,8329.719095445198,10205.380745427363,0.0,155641.26116182067
2025-04-18 02:00:00,6643.494038609903,10236.100265524388,0.0,158495.70138444522
2025-04-18 03:00:00,6081.647510938853,10269.770216158551,0.0,162008.08547733838
2025-04-18 04:00:00,7253.0082094135805,10297.663755980853,0.0,164246.8512228597
2025-04-18 05:00:00,9049.142521412523,10322.014532992645,0.0,164514.26295428284
2025-04-18 06:00:00,9285.362824018279,10341.835735505014,0.0,164539.02888532312
2025-04-18 07:00:00,9391.771912877757,10362.381073143146,0.0,164466.10783304655
2025-04-18 08:00:00,7399.837829686517,10382.827331203878,0.0,166626.89313126542
2025-04-18 09:00:00,6086.751457673577,10406.67043006403,0.0,170270.5063861366
2025-04-18 10:00:00,5724.304595982555,10432.32147654725,0.0,174342.48942270322
2025-04-18 11:00:00,4387.028203899834,10463.62373868558,0.0,179931.6373792779
2025-04-18 12:00:00,3910.3530960565313,10498.379339306017,0.0,186085.17994518776
2025-04-18 13:00:00,3844.999253844565,10538.185863712873,0.0,192351.14441574007
2025-04-18 14:00:00,4123.110396490112,10568.447210617514,0.0,198338.35785247965
2025-04-18 15:00:00,4021.8810571064296,10592.308128211233,0.0,204461.90925057261
2025-04-18 16:00:00,5700.411596188167,10605.354090085251,0.0,208733.47267822656
2025-04-18 17:00:00,8096.941958106661,10607.097916884173,0.0,210343.96841943666
2025-04-18 18:00:00,9006.787275900151,10603.193987449611,0.0,210939.62098921943
2025-04-18 19:00:00,9267.845137164768,10596.965211088765,0.0,211238.9804923474
2025-04-18 20:00:00,9208.94464940703,10586.771554842178,0.0,211593.59132562616
2025-04-18 21:00:00,6383.311917038429,10577.11272651591,0.0,215078.13525543272
2025-04-18 22:00:00,7508.134024465614,10573.179792996149,0.0,217308.94391013376
2025-04-18 23:00:00,5325.685655273566,10574.150166498008,0.0,221965.66557077225
2025-04-19 00:00:00,5238.662062836623,10577.728647120606,0.0,226722.65859251883
2025-04-19 01:00:00,5933.732975393607,10584.51413521729,0.0,230714.1360884099
2025-04-19 02:00:00,7786.138686495853,10593.37555423958,0.0,232656.24643543185
2025-04-19 03:00:00,8460.948679766978,10602.947914567227,0.0,233858.14026136912
2025-04-19 04:00:00,8649.359545146548,10612.664338871302,0.0,234860.40510563314
2025-04-19 05:00:00,9078.789395545991,10622.913497317388,0.0,235395.77483012166
2025-04-19 06:00:00,9456.605433246903,10633.71804690138,0.0,235522.1535067487
2025-04-19 07:00:00,6638.417245685177,10645.118537365255,0.0,238791.25288224153
2025-04-19 08:00:00,5449.383398665888,10656.456301482898,0.0,243392.83874076235
2025-04-19 09:00:00,3414.9525249180024,10669.029339629209,0.0,250267.47638603824
2025-04-19 10:00:00,3904.770028569401,10685.453688679625,0.0,256614.2967096407
2025-04-19 11:00:00,3640.5516728921502,10713.239478137893,0.0,263282.47877345403
2025-04-19 12:00:00,3315.179718075555,10745.137897632269,0.0,270344.0836510023
2025-04-19 13:00:00,2548.741744577852,10776.602331943332,0.0,278288.75071119255
2025-04-19 14:00:00,3628.0524588423286,10804.705864795487,0.0,285062.28717727424
2025-04-19 15:00:00,4078.926892219977,10826.818700665899,0.0,291356.9648865846
2025-04-19 16:00:00,4575.279998568341,10844.573570628823,0.0,297117.8940143598
2025-04-19 17:00:00,5135.890357737113,10859.411785759658,0.0,302270.7609581893
2025-04-19 18:00:00,9055.117595461357,10868.54450678133,0.0,303078.0636922358
2025-04-19 19:00:00,9132.719735229028,10875.426707108662,0.0,303806.0240268677
2025-04-19 20:00:00,7493.64551216736,10883.067226136398,0.0,306362.81846170704
2025-04-19 21:00:00,6086.903706780172,10890.74428687489,0.0,310490.3364077151
2025-04-19 22:00:00,4233.763811613386,10898.429486056208,0.0,316684.5838808676
2025-04-19 23:00:00,3949.022798839671,10906.25296624957,0.0,323203.03373729525
2025-04-20 00:00:00,4645.77894225477,10914.070428551857,0.0,328955.1275633418
2025-04-20 01:00:00,4728.12417231976,10921.938643265148,0.0,334623.5949040295
2025-04-20 02:00:00,4159.350711183073,10929.883536577057,0.0,340931.97765040305
2025-04-20 03:00:00,5401.4911031290685,10937.791125953112,0.0,345868.1119951017
2025-04-20 04:00:00,5216.664224063235,10945.74937623291,0.0,351017.56778904214
2025-04-20 05:00:00,4958.235354156408,10953.745534753492,0.0,356462.1629302885
2025-04-20 06:00:00,5295.660503068162,10961.72784419597,0.0,361539.82354885316
2025-04-20 07:00:00,4482.515878792047,10969.608964398425,0.0,367528.8593145938
2025-04-20 08:00:00,3591.38574983061,10977.404354454733,0.0,374515.83505812555
2025-04-20 09:00:00,3605.74287576037,10986.718575419363,0.0,381496.1726604779
2025-04-20 10:00:00,3466.750521969314,11004.416262336475,0.0,388648.643898404
2025-04-20 11:00:00,3628.0220876432904,11028.474867266546,0.0,395645.9831127336
2025-04-20 12:00:00,3633.1641757212583,11053.844508826287,0.0,402662.97853742505
2025-04-20 13:00:00,3853.792044389349,11075.286997527772,0.0,409456.27437452023
2025-04-20 14:00:00,4169.826366760488,11094.194590520248,0.0,415917.3285575289
2025-04-20 15:00:00,4411.115924452417,11105.288807481516,0.0,422121.3774489521
2025-04-20 16:00:00,5687.0907272486875,11103.716456579723,0.0,426906.10420858895
2025-04-20 17:00:00,10291.763225523648,11087.350813965184,0.0,426558.16254974995
2025-04-20 18:00:00,10529.638701167745,11064.452657765349,0.0,425923.0166506623
2025-04-20 19:00:00,10615.9311338753,11049.149679381893,0.0,425176.68729240505
2025-04-20 20:00:00,10415.999279692056,11037.607978145146,0.0,424640.96273755893
2025-04-20 21:00:00,10254.043954620563,11027.501942312076,0.0,424275.0825080705
2025-04-20 22:00:00,9899.104162016596,11019.603661665837,0.0,424295.6815452734
2025-04-20 23:00:00,8832.667257016308,11014.125789950296,0.0,425495.7326052056
2025-04-21 00:00:00,9383.1082621704,11009.76641840669,0.0,426079.82317675627
2025-04-21 01:00:00,9266.89383281134,11007.578709990714,0.0,426790.8531836232
2025-04-21 02:00:00,9268.21475683824,11008.155986789754,0.0,427500.99277392606
2025-04-21 03:00:00,8510.325555054405,11010.68266190694,0.0,429055.7581524392
2025-04-21 04:00:00,9468.945238143764,11013.225793267371,0.0,429547.93368110247
2025-04-21 05:00:00,9713.620937928572,11015.263146840742,0.0,429770.2846746892
2025-04-21 06:00:00,9731.447203980673,11015.931896672462,0.0,429973.49745582754
2025-04-21 07:00:00,10056.106538794837,11016.084763928917,0.0,429816.1305099844
2025-04-21 08:00:00,6637.745144422566,11015.27436267568,0.0,433456.1324899684
2025-04-21 09:00:00,4736.530240151549,11013.319747932203,0.0,439206.6408599544
2025-04-21 10:00:00,4245.543747227199,11012.340156626697,0.0,445501.7101863287
2025-04-21 11:00:00,3519.217329410667,11018.750320110285,0.0,452610.219029316
2025-04-21 12:00:00,4484.5030243930305,11035.224196203164,0.0,458662.66208730463
2025-04-21 13:00:00,3831.1379998940174,11055.542905550332,0.0,465461.3849929728
2025-04-21 14:00:00,5023.670147209921,11078.501927225461,0.0,470958.0312010761
2025-04-21 15:00:00,5782.7534626827155,11099.772695535316,0.0,475632.52227140835
2025-04-21 16:00:00,7923.133992877526,11118.336941584113,0.0,477947.37699868414
2025-04-21 17:00:00,11189.531475979777,11132.68545620894,0.0,476647.2497038045
2025-04-21 18:00:00,10543.974626208412,11141.1924581283,0.0,476072.91479947895
2025-04-21 19:00:00,11274.914828127858,11147.431268157352,0.0,474692.6629252721
2025-04-21 20:00:00,11020.856088367233,11153.677582583248,0.0,473600.9448541139
2025-04-21 21:00:00,10559.345844610874,11160.502800851662,0.0,473028.8411609534
2025-04-21 22:00:00,9320.734433415477,11167.347724066682,0.0,473839.8172923363
2025-04-21 23:00:00,9775.475905908777,11174.139517447777,0.0,474152.3169143299
2025-04-22 00:00:00,14888.335842208602,11181.027413253707,0.0,468790.74894735176
2025-04-22 01:00:00,14798.889471062706,11187.970206796203,0.0,463535.5086307451
2025-04-22 02:00:00,14855.792214067824,11194.912972602782,0.0,458223.9858099391
2025-04-22 03:00:00,15095.509162247425,11202.059853458193,0.0,452653.2577053446
2025-04-22 04:00:00,16184.847265778459,11209.082165229722,0.0,445879.17624193156
2025-04-22 05:00:00,17421.542290182206,11216.116840330631,0.0,437738.0238709487
2025-04-22 06:00:00,17557.573080525734,11223.525975536328,0.0,429453.1353125675
2025-04-22 07:00:00,17700.44593286742,11231.73881101362,0.0,421017.7119759507
2025-04-22 08:00:00,16751.316679567768,11241.831062799425,0.0,413646.96895034146
2025-04-22 09:00:00,9951.01225713667,11255.524088821452,0.0,413845.8127534555
2025-04-22 10:00:00,6218.044056867382,11278.06883764575,0.0,418214.9437501376
2025-04-22 11:00:00,6266.984085397654,11312.789503943908,0.0,422564.41760363954
2025-04-22 12:00:00,6075.376950913717,11348.587469917607,0.0,427162.5862392086
2025-04-22 13:00:00,6128.1932210435725,11375.076944027891,0.0,431728.5596042992
2025-04-22 14:00:00,6938.789799212106,11399.792807407619,0.0,435418.5859681378
2025-04-22 15:00:00,11038.788447911225,11419.392047946465,0.0,434572.6575184051
2025-04-22 16:00:00,14529.574396981403,11437.03444056924,0.0,429865.72040677274
2025-04-22 17:00:00,16913.25213242891,11452.200923065064,0.0,422525.4189604725
2025-04-22 18:00:00,16955.588606287707,11460.614215187723,0.0,415146.49027978507
2025-04-22 19:00:00,17104.106306149228,11465.673615995318,0.0,407607.6013333924
2025-04-22 20:00:00,16753.920932813395,11468.283720468828,0.0,400460.4173507352
2025-04-22 21:00:00,15898.197066463705,11468.040139965053,0.0,394263.7940835184
2025-04-22 22:00:00,11799.05732459198,11467.990929697122,0.0,392621.7213192244
2025-04-22 23:00:00,11464.579215304231,11468.605340226024,0.0,391351.9053091124
2025-04-23 00:00:00,11269.09998176889,11470.240676686446,0.0,390300.9237838334
2025-04-23 01:00:00,11338.686853921532,11471.72506200733,0.0,389174.1078970391
2025-04-23 02:00:00,11436.031046038377,11475.056460373944,0.0,387942.46319514816
2025-04-23 03:00:00,11709.656484295077,11479.033311587882,0.0,386410.7670797415
2025-04-23 04:00:00,13651.246364508592,11483.398218870347,0.0,382726.1137824911
2025-04-23 05:00:00,17347.19045258594,11486.339699574644,0.0,374937.79742363695
2025-04-23 06:00:00,17298.699076867524,11486.936882587304,0.0,367203.9575541492
2025-04-23 07:00:00,16934.30107129767,11481.876975692974,0.0,359869.94445062254
2025-04-23 08:00:00,16437.252431705452,11467.910897706128,0.0,353074.2415353227
2025-04-23 09:00:00,10886.950649615961,11445.732962216032,0.0,352423.36266463215
2025-04-23 10:00:00,5283.120662978166,11424.859308105435,0.0,357978.08790276176
2025-04-23 11:00:00,4710.03296753633,11401.811298954472,0.0,364146.529237787
2025-04-23 12:00:00,4564.503749561092,11377.892135668648,0.0,370452.75054060994
2025-04-23 13:00:00,5539.307686616313,11362.012677637198,0.0,375659.97689978464
2025-04-23 14:00:00,8655.194362333425,11348.185712655411,0.0,377391.27998762514
2025-04-23 15:00:00,10412.114931462984,11330.2471352093,0.0,377152.51053231995
2025-04-23 16:00:00,15601.155352897971,11315.129759432179,0.0,371133.0232329767
2025-04-23 17:00:00,15911.972726640306,11303.96436419922,0.0,364757.01790090883
2025-04-23 18:00:00,16185.769165410982,11292.083749487352,0.0,358064.9136888284
2025-04-23 19:00:00,16450.128207925867,11285.109998767193,0.0,351072.1034565669
2025-04-23 20:00:00,16342.52667789537,11280.334578283328,0.0,344194.07505941094
2025-04-23 21:00:00,15922.761071189776,11273.258100198038,0.0,337775.37641384255
2025-04-23 22:00:00,15425.947480015066,11264.646391448778,0.0,331900.0811608301
2025-04-23 23:00:00,11712.06901269937,11254.56478704118,0.0,330141.2359337609
2025-04-24 00:00:00,9956.745333173429,11245.674754616379,0.0,330323.86031818466
2025-04-24 01:00:00,9870.32932328459,11235.379709216679,0.0,330592.20744597394
2025-04-24 02:00:00,9889.409671117799,11222.954361353244,0.0,330826.9288394185
2025-04-24 03:00:00,10222.239653228793,11207.881646226604,0.0,330676.7664265021
2025-04-24 04:00:00,16423.32851007573,11191.285151020871,0.0,323619.9087885499
2025-04-24 05:00:00,17515.794195535687,11170.212362353755,0.0,315328.12760030845
2025-04-24 06:00:00,17643.59320664214,11141.191202569104,0.0,306865.3263510529
2025-04-24 07:00:00,17142.69879209782,11115.617167361987,0.0,298933.50041608396
2025-04-24 08:00:00,16620.558437899643,11081.989430494838,0.0,291548.2026933571
2025-04-24 09:00:00,10866.363275259766,11043.990356326056,0.0,290518.45607717225
2025-04-24 10:00:00,10297.735774081917,11004.393799183868,0.0,290080.92123848735
2025-04-24 11:00:00,9913.534688211474,10962.200193910836,0.0,290028.082889941
2025-04-24 12:00:00,8380.922254762198,10916.174850378802,0.0,291632.1219016951
2025-04-24 13:00:00,7696.175053456643,10872.522315305503,0.0,293953.3386020488
2025-04-24 14:00:00,9668.615316271333,10826.827105916966,0.0,294037.2598009976
2025-04-24 15:00:00,9736.567185359298,10782.797205518398,0.0,294001.64902278356
2025-04-24 16:00:00,10713.595510885074,10738.010589049727,0.0,292835.66459973867
2025-04-24 17:00:00,15657.09573864911,10695.834760176645,0.0,286134.7263169718
2025-04-24 18:00:00,16109.096347627532,10659.580229509915,0.0,278895.3106046734
2025-04-24 19:00:00,16402.409231964797,10636.644465860092,0.0,271307.055923906
2025-04-24 20:00:00,16356.976862205083,10611.697718665017,0.0,263744.33490678755
2025-04-24 21:00:00,15708.232001920613,10583.82203141399,0.0,256874.56582495643
2025-04-24 22:00:00,15535.160114466751,10554.248308053266,0.0,250167.52511693552
2025-04-24 23:00:00,11578.93020516017,10524.582868785428,0.0,247826.6299799874
2025-04-25 00:00:00,13610.153309754429,10492.64454039317,0.0,243196.8819539868
2025-04-25 01:00:00,13138.213865474427,10458.870510525541,0.0,239057.73705842963
2025-04-25 02:00:00,13548.135521808312,10431.32234890954,0.0,234435.57549421882
2025-04-25 03:00:00,14387.96574599962,10400.967582840098,0.0,228849.91447039248
2025-04-25 04:00:00,16512.36212339376,10376.460592056652,0.0,220879.30603645605
2025-04-25 05:00:00,17618.9516178822,10355.524866547368,0.0,211658.2179942454
2025-04-25 06:00:00,17664.97564948191,10339.58231933559,0.0,202370.04959193445
2025-04-25 07:00:00,17097.718874803006,10321.908828846503,0.0,193694.4930043332
2025-04-25 08:00:00,16646.5102765775,10303.856373451765,0.0,185502.2268482544
2025-04-25 09:00:00,14562.575927957863,10280.119581417977,0.0,179601.70650971917
2025-04-25 10:00:00,11040.34311251637,10255.373508389084,0.0,177590.03211531226
2025-04-25 11:00:00,5537.48453046409,10226.411100042209,0.0,181663.68262594996
2025-04-25 12:00:00,4644.777315064797,10192.30637229601,0.0,186695.1253148406
2025-04-25 13:00:00,5313.594747717082,10156.692623113537,0.0,190947.82377382403
2025-04-25 14:00:00,5787.166764521093,10130.52415600813,0.0,194648.16263591984
2025-04-25 15:00:00,10460.334300327519,10108.075261330676,0.0,193133.64423021994
2025-04-25 16:00:00,10687.409772965766,10093.20439162919,0.0,191351.94887410942
2025-04-25 17:00:00,16050.742643822716,10088.139445519613,0.0,183605.92982649265
2025-04-25 18:00:00,16432.674150830062,10085.91119759847,0.0,175433.3141898355
2025-04-25 19:00:00,16699.004177968083,10085.247210349042,0.0,166964.1123135533
2025-04-25 20:00:00,16624.635312137558,10084.977659875894,0.0,158577.27295994307
2025-04-25 21:00:00,16100.88153878053,10084.34269985957,0.0,150771.7472833798
2025-04-25 22:00:00,15635.158518817483,10083.17923015333,0.0,143482.52815929145
2025-04-25 23:00:00,13978.13788570888,10081.168248321055,0.0,138032.43209015823
2025-04-26 00:00:00,12436.816563961744,10078.784776298984,0.0,134292.5317953886
2025-04-26 01:00:00,12493.977056967587,10075.915186333186,0.0,130486.25025175771
2025-04-26 02:00:00,13779.716299992986,10073.036102876817,0.0,125248.49046575342
2025-04-26 03:00:00,13465.89650140018,10070.377724281045,0.0,120356.7609662565
2025-04-26 04:00:00,15406.62803365388,10067.921246170423,0.0,113306.20661947815
2025-04-26 05:00:00,15897.114754739501,10065.084120983938,0.0,105707.82990186267
2025-04-26 06:00:00,15966.358489295602,10061.43374206785,0.0,98028.86532249095
2025-04-26 07:00:00,10851.124475309218,10055.737580029709,0.0,96027.79792995488
2025-04-26 08:00:00,5485.6223232506245,10048.926248869144,0.0,99981.58826410108
2025-04-26 09:00:00,4435.011957658298,10041.939223018591,0.0,105095.73642305491
2025-04-26 10:00:00,4044.098018725934,10033.745156514366,0.0,110636.03933654045
2025-04-26 11:00:00,3720.044814065902,10021.614641718288,0.0,116524.27085151884
2025-04-26 12:00:00,3537.6990367252856,10012.8819733356,0.0,122606.37611738191
2025-04-26 13:00:00,3425.2232959165103,10006.287672807544,0.0,128806.86012805998
2025-04-26 14:00:00,3395.7220581840256,10001.65016146219,0.0,135035.48578042883
2025-04-26 15:00:00,3851.2686674712204,9999.877484467013,0.0,140756.1758565945
2025-04-26 16:00:00,5400.298350355119,10000.371592457488,0.0,144756.2159486574
2025-04-26 17:00:00,10285.848077126298,10000.340590413833,0.0,143327.83645337535
2025-04-26 18:00:00,10361.02936196231,9999.069365549856,0.0,141814.6509723004
2025-04-26 19:00:00,10402.232203038824,9998.257622656953,0.0,140254.87281380311
2025-04-26 20:00:00,10149.33942140832,9997.454693301861,0.0,138975.2837055401
2025-04-26 21:00:00,9847.784644292218,9996.582418017713,0.0,138029.8831854553
2025-04-26 22:00:00,9744.451450334425,9995.73010052745,0.0,137198.44500783342
2025-04-26 23:00:00,8297.804082897812,9994.785212934274,0.0,137973.4479064368
2025-04-27 00:00:00,9360.467752797744,9993.842919244966,0.0,137566.77110035092
2025-04-27 01:00:00,9314.817999108918,9992.877272586216,0.0,137209.85059614945
2025-04-27 02:00:00,9391.042899719738,9991.820480084032,0.0,136767.17896543376
2025-04-27 03:00:00,9325.120836419159,9990.820379381217,0.0,136396.75397101592
2025-04-27 04:00:00,9432.421444753847,9989.746467347035,0.0,135906.03216641422
2025-04-27 05:00:00,9411.276995504657,9988.608079103256,0.0,135437.66580606787
2025-04-27 06:00:00,9508.198593292771,9987.455734244979,0.0,134860.4564366542
2025-04-27 07:00:00,5113.665145630585,9986.773713169187,0.0,139165.3799880116
2025-04-27 08:00:00,3765.7560795803397,9988.538004313552,0.0,144969.74457056925
2025-04-27 09:00:00,3534.4816557381932,9993.79537064296,0.0,151036.33810150312
2025-04-27 10:00:00,3601.3504886756755,9996.673769944277,0.0,157031.51132847441
2025-04-27 11:00:00,3437.5933524496013,9999.567636702013,0.0,163211.530795788
2025-04-27 12:00:00,3344.803932748024,9993.814725002852,0.0,169488.89670662637
2025-04-27 13:00:00,3232.5609911030624,9992.153614017008,0.0,175889.31588608443
2025-04-27 14:00:00,3527.0528341824865,9990.439512689098,0.0,181960.80780523742
2025-04-27 15:00:00,3815.3210869845243,9985.931466698903,0.0,187707.4936197313
2025-04-27 16:00:00,5451.323045459856,9982.834277372243,0.0,191633.30229103702
2025-04-27 17:00:00,10291.299678478113,9985.01175571525,0.0,190183.53662622103
2025-04-27 18:00:00,12724.265611631003,9991.339361068856,0.0,186036.80308547767
2025-04-27 19:00:00,15713.162031917958,9998.894426690034,0.0,178576.62858781443
2025-04-27 20:00:00,15451.657509645753,10004.645839879431,0.0,171412.766083643
2025-04-27 21:00:00,13985.280100058242,10007.925655610843,0.0,165881.49162807805
2025-04-27 22:00:00,10833.729494840165,10010.365590547179,0.0,163854.38000213617
2025-04-27 23:00:00,10700.645896019316,10015.188743764074,0.0,161979.96219476766
2025-04-28 00:00:00,10625.439071392979,10022.907991705246,0.0,160196.82677381404
2025-04-28 01:00:00,10611.597298483783,10034.581575453505,0.0,158440.74468428554
2025-04-28 02:00:00,10540.650585600886,10051.369549193638,0.0,156780.28024947818
2025-04-28 03:00:00,10472.08680989852,10074.45460586771,0.0,155219.08284434758
2025-04-28 04:00:00,11199.686114969358,10108.871454492097,0.0,152883.85861554038
2025-04-28 05:00:00,15743.934857398173,10153.772334740208,0.0,145544.36999761593
2025-04-28 06:00:00,15901.148526397286,10204.6777820697,0.0,138081.10497257754
2025-04-28 07:00:00,10767.58809805943,10257.912162121922,0.0,136375.03035907788
2025-04-28 08:00:00,6025.564931733804,10321.131293197248,0.0,140001.0895059042
2025-04-28 09:00:00,4703.04750491963,10385.939782092088,0.0,145161.4209491967
2025-04-28 10:00:00,4118.027049248993,10443.106992491825,0.0,151028.94233141188
2025-04-28 11:00:00,3834.297576530931,10475.703901742632,0.0,157244.31559256458
2025-04-28 12:00:00,3345.6713412935605,10489.972452494922,0.0,164016.87544362224
2025-04-28 13:00:00,3147.39271325598,10499.655658947977,0.0,171019.42808784134
2025-04-28 14:00:00,3161.9867219627595,10505.72736391469,0.0,178011.8368717974
2025-04-28 15:00:00,3585.011542881057,10512.324810407341,0.0,184540.815523448
2025-04-28 16:00:00,7787.392731478654,10522.01335722473,0.0,186410.1702901409
2025-04-28 17:00:00,14336.515805974248,10531.63323094065,0.0,181012.34151444348
2025-04-28 18:00:00,14388.504545432701,10546.645739368902,0.0,175571.75998110938
2025-04-28 19:00:00,14477.092610376465,10594.24832848135,0.0,170080.34985361688
2025-04-28 20:00:00,14273.863279202908,10606.847923691561,0.0,164827.34968930524
2025-04-28 21:00:00,13816.766011164804,10619.620892538676,0.0,160095.00834721635
2025-04-28 22:00:00,13497.554666212349,10631.075060828074,0.0,155728.80044558624
2025-04-28 23:00:00,13309.278473045111,10641.7896817813,0.0,151582.5029350952
2025-04-29 00:00:00,13519.993352613043,10652.86750739067,0.0,147213.15560624914
2025-04-29 01:00:00,13614.008635375376,10662.585647126558,0.0,142749.0649918475
2025-04-29 02:00:00,13772.036707276195,10671.023951412153,0.0,138117.825935175
2025-04-29 03:00:00,13854.419731654265,10677.471308922677,0.0,133401.49754225957
2025-04-29 04:00:00,14808.783627669844,10682.214633438807,0.0,127629.50814495413
2025-04-29 05:00:00,16231.33291038244,10686.37036600828,0.0,120281.06416609304
2025-04-29 06:00:00,16106.675267414852,10690.798168562831,0.0,113075.55648197269
2025-04-29 07:00:00,15700.17228556708,10701.665391123333,0.0,106332.58600024371
2025-04-29 08:00:00,9588.950750743916,10713.545297658327,0.0,106391.74157485325
2025-04-29 09:00:00,5661.038634022121,10725.820837694135,0.0,110827.51948585613
2025-04-29 10:00:00,3742.1165794966673,10734.784537932945,0.0,117404.39671323722
2025-04-29 11:00:00,3752.046176290103,10730.977504467995,0.0,123966.43402182734
2025-04-29 12:00:00,3680.417915361193,10721.287946452394,0.0,130598.36872898952
2025-04-29 13:00:00,3808.9444772854804,10714.88305372684,0.0,137081.09125239917
2025-04-29 14:00:00,4203.001603224635,10708.678843630807,0.0,143119.76831466926
2025-04-29 15:00:00,6949.09413103519,10708.84640440178,0.0,146107.3990179208
2025-04-29 16:00:00,15773.569417918101,10714.906724902477,0.0,139296.11750069208
2025-04-29 17:00:00,17864.753166177972,10729.240104955674,0.0,130175.63186545002
2025-04-29 18:00:00,16643.162086181037,10750.506394357302,0.0,122433.73594182837
2025-04-29 19:00:00,18310.212147925624,10765.79836041216,0.0,112854.85413787875
2025-04-29 20:00:00,15911.185451627,10778.127739958769,0.0,105953.88693158528
2025-04-29 21:00:00,14853.309866405587,10788.483707680569,0.0,100238.69300992633
2025-04-29 22:00:00,14521.661332107898,10795.690108485811,0.0,94899.20386051446
2025-04-29 23:00:00,13809.805270450004,10801.615239240047,0.0,90356.59102147674
2025-04-30 00:00:00,14133.019984305156,10807.132978482852,0.0,85460.36846184274
2025-04-30 01:00:00,14030.333793138183,10811.688678212435,0.0,80682.79736990163
2025-04-30 02:00:00,14214.666947770598,10815.402182879021,0.0,75704.12516636886
2025-04-30 03:00:00,14191.387926598141,10818.552663305558,0.0,70754.46902234315
2025-04-30 04:00:00,15260.471535359758,10821.582571068097,0.0,64619.972109678194
2025-04-30 05:00:00,16804.93020772076,10824.973864804324,0.0,56772.801299237224
2025-04-30 06:00:00,16213.404391244374,10828.854163138403,0.0,49586.76169432633
2025-04-30 07:00:00,19292.1711241302,10834.71352994441,0.0,38985.72953079274
2025-04-30 08:00:00,12809.260538903123,10844.143313874232,0.0,35597.36113477461
2025-04-30 09:00:00,5988.161863506831,10856.701412982684,0.0,39800.54936608304
2025-04-30 10:00:00,3790.449186421878,10861.656396839144,0.0,46450.595555786764
2025-04-30 11:00:00,3632.5408849669957,10857.411700312494,0.0,53271.85071724703
2025-04-30 12:00:00,3258.816687774659,10852.677060898453,0.0,60503.620347284756
2025-04-30 13:00:00,3120.9335207692475,10849.750363337338,0.0,67885.66679865627
2025-04-30 14:00:00,3361.823147922548,10846.779485552817,0.0,74997.08723096181
2025-04-30 15:00:00,4746.83499841853,10848.376588416833,0.0,80571.20271002472
2025-04-30 16:00:00,15115.62867275395,10849.577085036919,0.0,74625.63682533502
2025-04-30 17:00:00,14913.664429536446,10850.817759173,0.0,68905.71632946753
2025-04-30 18:00:00,15552.348724485302,10855.563503312458,0.0,62480.892361129656
2025-04-30 19:00:00,15273.983392964885,10873.979270367081,0.0,56383.77897264687
2025-04-30 20:00:00,15467.58483002254,10879.541512758839,0.0,50077.115118713984
2025-04-30 21:00:00,15103.4401359742,10885.230624804257,0.0,44180.74559243579
2025-04-30 22:00:00,14404.038297022515,10893.750598246392,0.0,39070.00919399051
2025-04-30 23:00:00,14267.472312538124,10902.637544976287,0.0,34119.899725035546
2025-05-01 00:00:00,12760.143003938676,10913.03783511767,0.0,30855.00088911024
2025-05-01 01:00:00,13002.483098369163,10925.884153660212,0.0,27333.68160013805
2025-05-01 02:00:00,13365.129871242312,10937.814655525057,0.0,23421.35195428276
2025-05-01 03:00:00,13327.983000310975,10951.365632097535,0.0,19563.847586034764
2025-05-01 04:00:00,13296.608772101747,10966.009950581267,0.0,15755.847789836314
2025-05-01 05:00:00,13891.015220753896,10979.606631532533,0.0,11300.993064975632
2025-05-01 06:00:00,14324.960468480713,10995.14902206722,0.0,6379.519344286505
2025-05-01 07:00:00,11430.10168958667,11012.936854947153,0.0,4692.343210804024
2025-05-01 08:00:00,3743.704459347044,11039.520593784586,0.0,11572.192183091895
2025-05-01 09:00:00,3396.281367311587,11074.099345143666,0.0,18872.645564556013
2025-05-01 10:00:00,3013.1174452825308,11108.817349718474,0.0,26633.55464173835
2025-05-01 11:00:00,2549.457961438871,11139.8340988376,0.0,34940.65767231054
2025-05-01 12:00:00,2426.5066394847427,11173.305532332597,0.0,43417.844716326756
2025-05-01 13:00:00,2482.854890413288,11204.445262539197,0.0,51863.56232285118
2025-05-01 14:00:00,2567.8757825696134,11241.947441834187,0.0,60252.31445071914
2025-05-01 15:00:00,2792.9018856331913,11280.136781563513,0.0,68429.22691491243
2025-05-01 16:00:00,8961.761419039798,11332.810193945083,0.0,69804.52442103552
2025-05-01 17:00:00,14307.474640940007,11399.506182835881,0.0,65306.83655838251
2025-05-01 18:00:00,14011.167263368341,11483.539757603268,0.0,61222.412690020945
2025-05-01 19:00:00,13890.454103515342,11534.31495495161,0.0,57322.88975217773
2025-05-01 20:00:00,13940.173189260766,11576.142145612735,0.0,53409.950576389616
2025-05-01 21:00:00,13643.561540730898,11610.305464251138,0.0,49860.74321760642
2025-05-01 22:00:00,13166.418270828055,11641.461068109826,0.0,46872.85065146285
2025-05-01 23:00:00,11167.75444166581,11672.276927585386,0.0,46136.5115327529
2025-05-02 00:00:00,9354.081386922058,11707.20175731146,0.0,47450.28952681763
2025-05-02 01:00:00,9045.693060921702,11740.151582956638,0.0,49139.671042083486
2025-05-02 02:00:00,9070.637374527309,11767.933073560951,0.0,50829.11814394743
2025-05-02 03:00:00,8927.416138202407,11788.94844940317,0.0,52698.71532868125
2025-05-02 04:00:00,9531.379903549632,11807.383462374088,0.0,53915.6766760002
2025-05-02 05:00:00,10284.705477241418,11823.622450668874,0.0,54311.84859640084
2025-05-02 06:00:00,14125.22548881106,11840.884992335577,0.0,50458.03860116857
2025-05-02 07:00:00,9614.030933880176,11860.076915068194,0.0,51635.85892303656
2025-05-02 08:00:00,2973.4175012672586,11883.584485656744,0.0,60215.64618506302
2025-05-02 09:00:00,2801.632937346214,11912.309854783236,0.0,69015.03055390602
2025-05-02 10:00:00,2978.0284187223715,11941.733225311686,0.0,77647.84331397063
2025-05-02 11:00:00,2407.6909839965047,11970.177558800113,0.0,86942.8086683302
2025-05-02 12:00:00,2147.3617696814454,11996.973961766165,0.0,96553.82510822806
2025-05-02 13:00:00,2130.943942873757,12022.294974290857,0.0,106208.40459043697
2025-05-02 14:00:00,1982.6988209567753,12040.436854103003,0.0,116045.84275458801
2025-05-02 15:00:00,2082.461555745822,12058.321669595965,0.0,125790.31825113307
2025-05-02 16:00:00,6072.101821011998,12074.772400241578,0.0,131118.31085025021
2025-05-02 17:00:00,9006.18662446293,12089.274611484538,0.0,133200.7114345537
2025-05-02 18:00:00,13965.73804293271,12106.078187048613,0.0,129789.30290723265
2025-05-02 19:00:00,14095.415405507627,12121.758931232353,0.0,126249.48916567874
2025-05-02 20:00:00,14407.248078655379,12134.452324527472,0.0,122375.88806947802
2025-05-02 21:00:00,14106.718599803191,12147.989874909968,0.0,118849.74616682889
2025-05-02 22:00:00,12738.350691722777,12162.560836593104,0.0,116858.58401261889
2025-05-02 23:00:00,9932.8950186449,12177.233349023638,0.0,117999.26734092599
2025-05-03 00:00:00,9598.034058883199,12190.119753716821,0.0,119524.9048069948
2025-05-03 01:00:00,9432.184510168729,12202.62302004785,0.0,121247.32281574406
2025-05-03 02:00:00,9675.487317765886,12214.969107747227,0.0,122711.75045930698
2025-05-03 03:00:00,9596.81020360624,12226.272988701172,0.0,124274.90099955676
2025-05-03 04:00:00,9742.079066377093,12237.010634390743,0.0,125687.37933797296
2025-05-03 05:00:00,9945.75356502028,12247.41172236029,0.0,126883.95376586627
2025-05-03 06:00:00,10416.1826890813,12257.473653352194,0.0,127567.89109801702
2025-05-03 07:00:00,8898.540766810736,12267.86549858693,0.0,129948.48907792535
2025-05-03 08:00:00,3361.7097823389813,12279.21624462194,0.0,138492.4722310595
2025-05-03 09:00:00,2910.588611932115,12290.36268568248,0.0,147548.84757015077
2025-05-03 10:00:00,2553.0116156627555,12297.457928508318,0.0,157009.62592570047
2025-05-03 11:00:00,2270.0723406290126,12298.559737919304,0.0,166785.88306292088
2025-05-03 12:00:00,2243.98284560259,12289.44415846812,0.0,176582.01294849723
2025-05-03 13:00:00,2037.2213166305592,12275.153360544851,0.0,186593.58706834144
2025-05-03 14:00:00,2084.204339454658,12260.746526900599,0.0,196538.55099584797
2025-05-03 15:00:00,2202.4833563107895,12247.349181920701,0.0,206338.69644853447
2025-05-03 16:00:00,4684.808270723908,12237.891748796543,0.0,213371.24567430443
2025-05-03 17:00:00,8185.312722425484,12236.62351063568,0.0,216513.077271134
2025-05-03 18:00:00,8409.587052386452,12244.23260676649,0.0,219413.32426413777
2025-05-03 19:00:00,8529.477882552326,12253.289423815613,0.0,222189.41604067304
2025-05-03 20:00:00,8471.359444234793,12262.054527371878,0.0,225038.8489633396
2025-05-03 21:00:00,7977.486119808973,12270.7231986033,0.0,228445.69869548848
2025-05-03 22:00:00,7379.884113615456,12279.276802705193,0.0,232525.10426084316
2025-05-03 23:00:00,6526.364059374182,12287.79172523017,0.0,237561.38036454646
2025-05-04 00:00:00,5435.372870465711,12296.332162203038,0.0,243818.40933734315
2025-05-04 01:00:00,4103.347535161681,12304.928850450671,0.0,251564.06314872528
2025-05-04 02:00:00,3726.731581250714,12313.557289099175,0.0,259736.8075697681
2025-05-04 03:00:00,3150.8219984675943,12322.257199828693,0.0,268558.15143796615
2025-05-04 04:00:00,2991.0769125193565,12330.966557599906,0.0,277565.6992038779
2025-05-04 05:00:00,3230.475050852837,12339.720884831238,0.0,286316.00336553925
2025-05-04 06:00:00,2547.5682848040633,12348.521874764292,0.0,295833.89381274354
2025-05-04 07:00:00,2281.275426864817,12356.922199602906,0.0,305656.0655380522
2025-05-04 08:00:00,2016.8390953995313,12362.588361058833,0.0,315777.7215708893
2025-05-04 09:00:00,2095.683495047604,12361.593943312031,0.0,325810.77829748177
2025-05-04 10:00:00,2062.000152796236,12350.143532174783,0.0,335869.8105487719
2025-05-04 11:00:00,2161.444906177616,12325.794060389144,0.0,345793.9991578525
2025-05-04 12:00:00,2194.8422602426526,12298.40153697007,0.0,355653.6870723308
2025-05-04 13:00:00,2237.0310527297625,12266.94198616002,0.0,365435.0389999022
2025-05-04 14:00:00,2220.9441131543736,12238.117045622077,0.0,375205.44036424166
2025-05-04 15:00:00,2531.2512127276786,12217.639630999842,0.0,384610.57864776626
2025-05-04 16:00:00,3795.149532467689,12207.250300461073,0.0,392600.99613437435
2025-05-04 17:00:00,8779.675120650189,12204.258225925469,0.0,395050.0597817997
2025-05-04 18:00:00,10525.724706562029,12205.164708503542,0.0,395559.97481634544
2025-05-04 19:00:00,11208.756746891231,12205.840017377199,0.0,395311.64067051007
2025-05-04 20:00:00,11275.364530590647,12208.337108354439,0.0,394991.7949670972
2025-05-04 21:00:00,10736.89306379934,12213.321612633543,0.0,395275.2353977314
2025-05-04 22:00:00,10848.7221431931,12219.14795077489,0.0,395440.24763384735
2025-05-04 23:00:00,10660.066241730101,12222.567594075668,0.0,395818.2971815562
2025-05-05 00:00:00,10447.9468993548,12223.10745158209,0.0,396432.5747449663
2025-05-05 01:00:00,10494.130452250592,12219.703142399017,0.0,396992.13294042024
2025-05-05 02:00:00,10805.544328341195,12211.217107653723,0.0,397197.1896832504
2025-05-05 03:00:00,11293.052882709864,12196.468997144419,0.0,396845.82214405056
2025-05-05 04:00:00,12175.710986620632,12170.403423708747,0.0,395487.6578048474
2025-05-05 05:00:00,12903.904080319613,12133.934297316559,0.0,393283.9209018089
2025-05-05 06:00:00,12818.229547193054,12091.554267441092,0.0,391132.997894591
2025-05-05 07:00:00,10825.988882917109,12047.574590830356,0.0,391151.6959488468
2025-05-05 08:00:00,8444.188758581662,11992.84003379743,0.0,393762.1040286646
2025-05-05 09:00:00,5084.152821846592,11935.168629207674,0.0,400048.2139669317
2025-05-05 10:00:00,4133.17807554452,11880.041391650788,0.0,407335.8352746441
2025-05-05 11:00:00,3892.911224648882,11837.796395545523,0.0,414848.174753913
2025-05-05 12:00:00,3737.5357478365313,11801.643434691718,0.0,422497.00069100864
2025-05-05 13:00:00,4196.698528721312,11767.233890650852,0.0,429601.2362164136
2025-05-05 14:00:00,6382.760704476966,11735.478858876812,0.0,434244.75873698265
2025-05-05 15:00:00,6394.640369700938,11709.276202136622,0.0,438848.8789727849
2025-05-05 16:00:00,8618.222404430131,11689.762435285986,0.0,440962.8387364819
2025-05-05 17:00:00,9276.504550816408,11678.92684949372,0.0,442334.53830729064
2025-05-05 18:00:00,14419.092300877126,11670.458108415269,0.0,437983.78274806467
2025-05-05 19:00:00,14757.687813489858,11632.105521352947,0.0,433218.4573655401
2025-05-05 20:00:00,14736.541960821662,11628.180716198392,0.0,428472.7025697144
2025-05-05 21:00:00,14242.850827506922,11623.91419544082,0.0,424271.2269568141
2025-05-05 22:00:00,11518.859356730807,11620.962510925858,0.0,423093.4568491502
2025-05-05 23:00:00,10954.097895408479,11618.697839230443,0.0,422540.93480459345
2025-05-06 00:00:00,11232.441807589867,11615.714411073464,0.0,421676.15831834485
2025-05-06 01:00:00,11513.558060788891,11613.918382200338,0.0,420497.2344107797
2025-05-06 02:00:00,11575.46344071569,11613.294216918082,0.0,419248.90258245816
2025-05-06 03:00:00,12131.177248112563,11614.408008910528,0.0,417384.2247601325
2025-05-06 04:00:00,15168.202013447039,11617.312465163619,0.0,412147.97943257727
2025-05-06 05:00:00,16317.297828164043,11620.785281132192,0.0,405638.4337935271
2025-05-06 06:00:00,16295.763643965758,11623.626544289162,0.0,399155.6562889655
2025-05-06 07:00:00,15650.75047311178,11619.280928325172,0.0,393385.21446938865
2025-05-06 08:00:00,10145.488676176123,11611.722526749954,0.0,393724.1718003874
2025-05-06 09:00:00,4729.506280946716,11599.987620707412,0.0,400069.15244226507
2025-05-06 10:00:00,4613.121357493845,11582.982612495734,0.0,406526.4446575455
2025-05-06 11:00:00,4006.0817250850014,11565.277794605016,0.0,413640.52053538937
2025-05-06 12:00:00,3848.121663485757,11549.274219576388,0.0,420914.1040177593
2025-05-06 13:00:00,3889.5858699620776,11535.720469865802,0.0,428128.06240988954
2025-05-06 14:00:00,4192.10113409948,11520.916440188508,0.0,434991.0887010786
2025-05-06 15:00:00,6338.508761827077,11502.398247815088,0.0,439450.69943575247
2025-05-06 16:00:00,9368.367531147298,11484.59602963854,0.0,440525.9982085607
2025-05-06 17:00:00,15088.912756417438,11465.109172442943,0.0,435225.648762762
2025-05-06 18:00:00,15474.703481877965,11447.830064259997,0.0,429479.3638471576
2025-05-06 19:00:00,15922.431363599298,11438.9068420791,0.0,423226.6802852375
2025-05-06 20:00:00,15897.37607381622,11433.697326033654,0.0,416996.626418142
2025-05-06 21:00:00,15291.60179249597,11430.59643062357,0.0,411436.5541904368
2025-05-06 22:00:00,14848.632516745482,11430.693446880923,0.0,406368.76706315606
2025-05-06 23:00:00,14429.292883788297,11432.319041675375,0.0,401768.5384561777
2025-05-07 00:00:00,14405.752174282188,11434.59570313608,0.0,397196.74285455584
2025-05-07 01:00:00,14273.656578023529,11437.994342947562,0.0,392775.1187774773
2025-05-07 02:00:00,14334.963823957085,11442.255829025069,0.0,388289.6370243278
2025-05-07 03:00:00,14557.086009201932,11447.128838197536,0.0,383562.22585230094
2025-05-07 04:00:00,15486.805518868237,11452.11242457831,0.0,377806.7765892479
2025-05-07 05:00:00,16159.664818930163,11456.697584464926,0.0,371308.29104156827
2025-05-07 06:00:00,15991.776321920865,11460.727705545369,0.0,365000.3783894237
2025-05-07 07:00:00,15591.542939082985,11462.759819986331,0.0,359139.2016104289
2025-05-07 08:00:00,11073.064538476541,11460.234045312034,0.0,358296.0306129893
2025-05-07 09:00:00,7087.207326576888,11451.997768297011,0.0,361873.3535739786
2025-05-07 10:00:00,3967.000569009747,11437.337488232155,0.0,368902.9126521999
2025-05-07 11:00:00,3745.797940106945,11422.89689089574,0.0,376163.81183186575
2025-05-07 12:00:00,4193.05170513975,11416.102561889431,0.0,382920.968054711
2025-05-07 13:00:00,4586.506807878972,11413.997507556274,0.0,389238.8468868462
2025-05-07 14:00:00,5522.2802746003135,11411.062978001446,0.0,394514.0428930695
2025-05-07 15:00:00,9917.273298336902,11406.932846202375,0.0,394901.7831855642
2025-05-07 16:00:00,10607.306102911381,11405.119572043704,0.0,394521.0070877063
2025-05-07 17:00:00,15456.989319664288,11409.15903689902,0.0,388755.7335472006
2025-05-07 18:00:00,15751.91245447391,11415.626297352192,0.0,382669.2348951374
2025-05-07 19:00:00,15921.478892188818,11407.993157611521,0.0,376386.69595031685
2025-05-07 20:00:00,15690.050693532863,11412.23582981906,0.0,370365.542120655
2025-05-07 21:00:00,15218.409694741662,11415.790311950163,0.0,364871.9883273366
2025-05-07 22:00:00,14680.867883507522,11416.391897688689,0.0,359976.30479890585
2025-05-07 23:00:00,13797.776333843816,11416.48621168515,0.0,356061.9284174312
2025-05-08 00:00:00,19897.922144229837,11415.151488595437,0.0,345368.27752354904
2025-05-08 01:00:00,16040.703407035373,11411.72759247609,0.0,338957.0013304302
2025-05-08 02:00:00,20429.89259873786,11409.138435282111,0.0,327666.25910044805
2025-05-08 03:00:00,15879.624276599712,11405.157806326442,0.0,321427.3899327748
2025-05-08 04:00:00,22157.83432574038,11399.757943431894,0.0,308207.3319587174
2025-05-08 05:00:00,22179.53610051607,11395.509089720028,0.0,294958.912047864
2025-05-08 06:00:00,16446.607383513387,11391.508426808987,0.0,288076.4122707692
2025-05-08 07:00:00,19755.51724738513,11389.391340940658,0.0,277515.22889239306
2025-05-08 08:00:00,20420.80421218499,11385.304172699902,0.0,266210.7506071096
2025-05-08 09:00:00,15872.176344489642,11376.875346490853,0.0,259951.87445972313
2025-05-08 10:00:00,15128.815061884652,11364.70693099541,0.0,254506.78687751337
2025-05-08 11:00:00,4426.595596799674,11354.899500457452,0.0,260943.24682597115
2025-05-08 12:00:00,7479.214003150241,11344.493806649618,0.0,263977.5028513427
2025-05-08 13:00:00,7777.226522002622,11332.470099267899,0.0,266668.6101483855
2025-05-08 14:00:00,21312.04237767138,11315.602258320176,0.0,254304.16532040414
2025-05-08 15:00:00,15225.781883850213,11297.261053382921,0.0,248683.89094728685
2025-05-08 16:00:00,16966.262724476645,11267.385701549974,0.0,241099.87362164055
2025-05-08 17:00:00,22116.44187028981,11224.038522293034,0.0,227750.08784361157
2025-05-08 18:00:00,15311.069107614636,11159.619342525046,0.0,221897.40817767588
2025-05-08 19:00:00,19114.341007095558,11127.542119916838,0.0,211786.79362304206
2025-05-08 20:00:00,16485.33481419333,11102.012623886696,0.0,204571.76756449178
2025-05-08 21:00:00,15128.075916906622,11082.8212142791,0.0,198845.61553776352
2025-05-08 22:00:00,21239.55946451941,11065.444638909019,0.0,186311.54966053984
2025-05-08 23:00:00,20850.42114847044,11048.283288426615,0.0,174192.69833955486
2025-05-09 00:00:00,20627.633592312788,11027.67346327062,0.0,162300.77892247794
2025-05-09 01:00:00,14669.448284965329,11009.17816131945,0.0,157010.57010050258
2025-05-09 02:00:00,20433.986884168768,10995.865647960209,0.0,145302.00587716416
2025-05-09 03:00:00,19936.46180030897,10989.084201577494,0.0,134139.4658561761
2025-05-09 04:00:00,14896.693919742142,10985.515677266356,0.0,128573.09940039563
2025-05-09 05:00:00,18338.849077890045,10986.73229665594,0.0,119183.33272161818
2025-05-09 06:00:00,16125.215569885879,10990.497530384502,0.0,112256.9240632406
2025-05-09 07:00:00,22355.425237097683,10998.810866283022,0.0,98416.37355497063
2025-05-09 08:00:00,21632.62676627066,11008.519349959008,0.0,85388.6409424067
2025-05-09 09:00:00,17894.511794833856,11020.967620151214,0.0,76526.81767940917
2025-05-09 10:00:00,4380.262565995724,11032.095517720432,0.0,82691.9547904677
2025-05-09 11:00:00,3985.3858207632993,11041.467884139847,0.0,89305.21620709277
2025-05-09 12:00:00,3643.757530755792,11057.486592928526,0.0,96314.08332140376
2025-05-09 13:00:00,3590.546403714866,11069.625475836467,0.0,103394.2127931126
2025-05-09 14:00:00,5297.433996724294,11084.128300672639,0.0,108592.30331964712
2025-05-09 15:00:00,8160.421586306224,11097.511859427255,0.0,110622.68008317858
2025-05-09 16:00:00,14597.210937667278,11107.912054164504,0.0,105511.46887326833
2025-05-09 17:00:00,18174.37890570401,11115.027442705186,0.0,96432.7419763024
2025-05-09 18:00:00,17969.5252161945,11114.870126273183,0.0,87581.47297347056
2025-05-09 19:00:00,14756.808808247693,11110.195600490733,0.0,82295.21434257497
2025-05-09 20:00:00,14573.467067504847,11106.529129436241,0.0,77209.00228589472
2025-05-09 21:00:00,20995.3607343489,11101.692184251353,0.0,64982.51587642508
2025-05-09 22:00:00,19054.696020729552,11095.738515313144,0.0,54906.36992426094
2025-05-09 23:00:00,13801.531018510876,11089.451323838175,0.0,50660.78678308703
2025-05-10 00:00:00,13547.150608476535,11084.46192439248,0.0,46692.859142505586
2025-05-10 01:00:00,13527.724536446556,11079.780219285904,0.0,42741.83432129531
2025-05-10 02:00:00,13388.244605024396,11075.443078457745,0.0,38941.45006083707
2025-05-10 03:00:00,15002.80708702781,11072.785021029516,0.0,33344.44942961346
2025-05-10 04:00:00,15501.680243935461,11071.564521994673,0.0,27191.92479167984
2025-05-10 05:00:00,20057.65344591862,11072.067302061241,0.0,15977.710487164837
2025-05-10 06:00:00,14501.54822743744,11075.029061949926,0.0,10939.908185295384
2025-05-10 07:00:00,14343.576289659872,11081.835006220479,0.0,6084.436203004895
2025-05-10 08:00:00,14823.717191022104,11097.608952875105,0.0,711.2482769665465
2025-05-10 09:00:00,3420.6675316012715,11127.202608271833,0.0,8037.709183459188
2025-05-10 10:00:00,3140.1801545910166,11174.481942185237,0.0,15723.102064987737
2025-05-10 11:00:00,2971.405734143964,11227.546367182864,0.0,23649.086505343974
2025-05-10 12:00:00,2973.4207345040813,11284.7325775296,0.0,31630.018266757925
2025-05-10 13:00:00,2557.6047802815137,11346.801573969002,0.0,40135.036751525244
2025-05-10 14:00:00,5504.6771674854745,11405.271708041117,0.0,45424.00049569362
2025-05-10 15:00:00,9155.08396260679,11457.437143827688,0.0,46709.122125513764
2025-05-10 16:00:00,9284.028600980793,11496.617867349058,0.0,47890.152658439714
2025-05-10 17:00:00,13388.37334470667,11522.086373961132,0.0,44536.26864939344
2025-05-10 18:00:00,14022.45385764134,11533.033654163124,0.0,40488.798017288405
2025-05-10 19:00:00,14166.357294365313,11533.30139318223,0.0,36281.702416731394
2025-05-10 20:00:00,14155.274395675002,11532.244603976364,0.0,32085.86435884664
2025-05-10 21:00:00,14192.816912020175,11531.34290112195,0.0,27847.41069105729
2025-05-10 22:00:00,13270.243819942316,11530.149760742774,0.0,24632.845096308592
2025-05-10 23:00:00,12881.925355616902,11529.07697741534,0.0,21848.671678594048
2025-05-11 00:00:00,12676.91860977955,11528.139248088179,0.0,19291.345804704946
2025-05-11 01:00:00,12801.971855696644,11527.077727460195,0.0,16594.010359168868
2025-05-11 02:00:00,12847.128311615907,11525.979977866808,0.0,13845.403324129114
2025-05-11 03:00:00,12884.806770308409,11525.117460623218,0.0,11054.06881774299
2025-05-11 04:00:00,12771.093875872306,11524.693661473675,0.0,8388.658172691878
2025-05-11 05:00:00,12803.47434323963,11525.301958694186,0.0,5687.877527786473
2025-05-11 06:00:00,13066.981008289535,11528.662654035676,0.0,2697.6723948337763
2025-05-11 07:00:00,12814.110827656981,11540.228524785092,0.0,0.0
2025-05-11 08:00:00,2505.7599946189116,11572.611779678806,0.0,8788.434007880014
2025-05-11 09:00:00,2230.663773091468,11630.708743607835,0.0,17940.627448052885
2025-05-11 10:00:00,2081.658771573222,11704.935187457932,0.0,27332.608444873902
2025-05-11 11:00:00,1974.2668328760574,11789.093054507199,0.0,36928.07168507437
2025-05-11 12:00:00,1762.828983319101,11882.108322345339,0.0,46851.48113706516
2025-05-11 13:00:00,1697.4734987654665,11977.851210208833,0.0,56943.25068197902
2025-05-11 14:00:00,1856.6745496308085,12067.222643452453,0.0,66947.50160361947
2025-05-11 15:00:00,2528.991219022684,12138.03321450066,0.0,76275.54457476157
2025-05-11 16:00:00,7814.225829303599,12189.194311415722,0.0,79782.26574250664
2025-05-11 17:00:00,13894.685720368434,12221.511154071064,0.0,76565.23720727944
2025-05-11 18:00:00,14066.520195381625,12235.973882599657,0.0,73171.74420612174
2025-05-11 19:00:00,14044.715571910325,12236.591615018951,0.0,69803.09629679588
2025-05-11 20:00:00,13987.326496175037,12235.497708399624,0.0,66497.12012055657
2025-05-11 21:00:00,13644.565387252856,12234.418737388392,0.0,63570.91064988624
2025-05-11 22:00:00,15962.892173895569,12233.953639105857,0.0,58068.31742910814
2025-05-11 23:00:00,19916.356585114358,12233.279599788695,0.0,48172.31193432532
2025-05-12 00:00:00,17131.481493089093,12232.60409191162,0.0,41369.936589471276
2025-05-12 01:00:00,16343.492011690785,12231.6074463159,0.0,35442.10846724187
2025-05-12 02:00:00,12662.677717319522,12230.557975002912,0.0,33603.02453411198
2025-05-12 03:00:00,19456.97985611402,12229.553877616649,0.0,24213.711904935277
2025-05-12 04:00:00,20404.47045210742,12228.771198041955,0.0,13770.849267302314
2025-05-12 05:00:00,14932.19508808092,12228.798219411019,0.0,9408.31961106787
2025-05-12 06:00:00,14799.579021076832,12232.731276767863,0.0,5197.074197750361
2025-05-12 07:00:00,15700.215061764837,12247.60920421057,0.0,0.0
2025-05-12 08:00:00,11065.089436781178,12294.543818645752,0.0,0.0
2025-05-12 09:00:00,4499.758825475112,12363.294183836588,0.0,7363.56215553091
2025-05-12 10:00:00,6638.725351498903,12441.420087459925,0.0,12428.620741325387
2025-05-12 11:00:00,2774.424321215436,12523.290622308123,0.0,21869.217673394134
2025-05-12 12:00:00,2860.17797435011,12610.064361530953,0.0,31301.30650786941
2025-05-12 13:00:00,2942.2559601550934,12695.09308465159,0.0,40727.226303459785
2025-05-12 14:00:00,9698.531932323216,12776.935171281551,0.0,42728.0148832711
2025-05-12 15:00:00,9280.03528565112,12839.429029966834,0.0,45256.2935958478
2025-05-12 16:00:00,13334.745661376352,12891.12514528066,0.0,43331.03467293251
2025-05-12 17:00:00,17029.72701252206,12920.05635735162,0.0,37329.172127481834
2025-05-12 18:00:00,16590.551654108236,12931.368425694985,0.0,31826.594270834332
2025-05-12 19:00:00,14411.164298595317,12931.780365257639,0.0,28745.96985987495
2025-05-12 20:00:00,14521.70201677906,12930.966271862097,0.0,25541.711668649197
2025-05-12 21:00:00,14113.974940254982,12930.181681906624,0.0,22789.698972494734
2025-05-12 22:00:00,13488.695356776187,12929.446125783297,0.0,20731.70581297115
2025-05-12 23:00:00,13154.013385684375,12928.844445406283,0.0,19044.97982983924
2025-05-13 00:00:00,13136.005555116415,12928.473417752584,0.0,17377.891519684697
2025-05-13 01:00:00,12690.474712816427,12928.411995884888,0.0,16205.776056884668
2025-05-13 02:00:00,12888.79556265107,12928.72600498228,0.0,14813.618103365754
2025-05-13 03:00:00,12746.111524944277,12929.55568372999,0.0,13580.827648268772
2025-05-13 04:00:00,13685.467339110088,12931.186034800878,0.0,11305.938861836219
2025-05-13 05:00:00,14473.620623217841,12933.293044034017,0.0,8157.431213405966
2025-05-13 06:00:00,14650.927818356842,12937.973019062516,0.0,4816.595545405322
2025-05-13 07:00:00,13939.852281226362,12949.634978445603,0.0,2277.505766932743
2025-05-13 08:00:00,13724.390859133588,12971.817409882355,0.0,0.0
2025-05-13 09:00:00,6083.965687244617,13011.851233280844,0.0,6251.889358564603
2025-05-13 10:00:00,2147.5624691007124,13062.210064412704,0.0,16927.918901754292
2025-05-13 11:00:00,3114.872857471768,13116.959757606872,0.0,26583.908817725867
2025-05-13 12:00:00,1762.9481587026567,13171.448813684208,0.0,37796.52634396268
2025-05-13 13:00:00,1977.595633561054,13222.574995050527,0.0,48821.772857278695
2025-05-13 14:00:00,1987.8755146634508,13269.17356201599,0.0,59882.19584744641
2025-05-13 15:00:00,2023.8300818884886,13312.476398822204,0.0,70945.9721552814
2025-05-13 16:00:00,13347.828907305986,13344.501774527971,0.0,69459.55292169163
2025-05-13 17:00:00,13441.022821342163,13364.383100786488,0.0,67889.46622098683
2025-05-13 18:00:00,13134.39982734918,13373.923924743453,0.0,66669.61255978675
2025-05-13 19:00:00,13632.94834473141,13377.335408336909,0.0,64899.22758508875
2025-05-13 20:00:00,13332.576012977479,13379.796505961498,0.0,63465.0507432975
2025-05-13 21:00:00,13064.164151619296,13382.116457666612,0.0,62331.429254720446
2025-05-13 22:00:00,12894.919483739777,13384.521398215145,0.0,61388.26233766917
2025-05-13 23:00:00,12146.284534817858,13387.00364353188,0.0,61279.394275847866
2025-05-14 00:00:00,11692.270915131767,13389.617316258204,0.0,61677.599464181876
2025-05-14 01:00:00,12196.881717300195,13392.20353387822,0.0,61517.71220105988
2025-05-14 02:00:00,12309.03521938052,13394.815986748812,0.0,61235.822388497014
2025-05-14 03:00:00,12552.685874288301,13397.55609784105,0.0,60685.94973712883
2025-05-14 04:00:00,13076.131098760587,13400.508935373202,0.0,59557.42411832361
2025-05-14 05:00:00,14018.920686784833,13403.947611850585,0.0,57384.79318930215
2025-05-14 06:00:00,14418.559756672541,13408.519572259911,0.0,54772.69080970369
2025-05-14 07:00:00,13952.946047667981,13415.129227446116,0.0,52684.54665085204
2025-05-14 08:00:00,6779.7791762739125,13427.953988002091,0.0,58579.412665216456
2025-05-14 09:00:00,2398.9791274598483,13448.967897383693,0.0,69362.84819875586
2025-05-14 10:00:00,2106.734648699934,13481.831579998156,0.0,80503.86350242078
2025-05-14 11:00:00,1864.242355496642,13517.366058722706,0.0,91949.84916614719
2025-05-14 12:00:00,1792.1072496770125,13543.659314563212,0.0,103502.27820329154
2025-05-14 13:00:00,1983.5718747188457,13563.280543898989,0.0,114861.58999750289
2025-05-14 14:00:00,2244.5910164311736,13583.70388789442,0.0,125951.30386714046
2025-05-14 15:00:00,2367.478908452322,13605.825079625205,0.0,136926.5968262631
2025-05-14 16:00:00,4643.602892641631,13623.160417528386,0.0,145390.19847418967
2025-05-14 17:00:00,14143.64945437251,13633.428941389084,0.0,143308.46135516485
2025-05-14 18:00:00,14001.973797547385,13637.14622884115,0.0,141387.85892006446
2025-05-14 19:00:00,14495.697150374215,13638.549702501641,0.0,138920.07845548363
2025-05-14 20:00:00,14331.508363741754,13639.943358046317,0.0,136636.12363159467
2025-05-14 21:00:00,13790.534740586503,13641.828638623916,0.0,134955.13589178916
2025-05-14 22:00:00,13754.68530667699,13643.978691756047,0.0,133316.13090945964
2025-05-14 23:00:00,13596.014303427313,13646.402302182516,0.0,131855.8506522785
2025-05-15 00:00:00,13365.435234083028,13648.967552366523,0.0,130654.33461121941
2025-05-15 01:00:00,13279.885527320239,13651.336800844549,0.0,129550.2430483748
2025-05-15 02:00:00,13251.248630490592,13653.761778320993,0.0,128480.3952372618
2025-05-15 03:00:00,13487.175494137295,13656.233940843173,0.0,127150.87862906352
2025-05-15 04:00:00,20813.83922009778,13659.014812583951,0.0,117683.40541931661
2025-05-15 05:00:00,18253.076640875297,13661.705379039608,0.0,111063.91453071701
2025-05-15 06:00:00,17051.91851876531,13662.775824397171,0.0,105780.11422315272
2025-05-15 07:00:00,15175.502632939091,13661.782622236147,0.0,102580.22725323432
2025-05-15 08:00:00,7219.045998481949,13659.77817448831,0.0,108218.84320718714
2025-05-15 09:00:00,4813.858864693968,13662.190575550738,0.0,116532.30171085568
2025-05-15 10:00:00,2805.9112201938815,13673.589863440759,0.0,127088.2124407477
2025-05-15 11:00:00,2640.1047891637336,13692.552865665168,0.0,137847.31554067536
2025-05-15 12:00:00,3169.449026166328,13713.142388101924,0.0,148038.84789970357
2025-05-15 13:00:00,2881.5976677156877,13739.707804173659,0.0,158576.7805175265
2025-05-15 14:00:00,6509.980992087241,13766.881655784953,0.0,165110.3499598812
2025-05-15 15:00:00,2892.8641042517174,13793.427151511321,0.0,175689.4836622239
2025-05-15 16:00:00,9746.795918263948,13815.13710192314,0.0,178674.84752163157
2025-05-15 17:00:00,20068.367828061804,13827.379736286495,0.0,170204.04078229383
2025-05-15 18:00:00,21130.549346061976,13833.672143143265,0.0,160559.324763146
2025-05-15 19:00:00,21091.30553794303,13832.75373322325,0.0,150957.29456532144
2025-05-15 20:00:00,19713.74638058318,13831.858008428344,0.0,142884.98992865736
2025-05-15 21:00:00,14432.828795355412,13831.823591217193,0.0,140680.33708059078
2025-05-15 22:00:00,20150.419456272655,13833.081546583619,0.0,132124.06367576035
2025-05-15 23:00:00,19842.688002732863,13834.372380315292,0.0,123911.00494192801
2025-05-16 00:00:00,19729.20754669189,13835.044347508696,0.0,115824.70757089015
2025-05-16 01:00:00,16637.103695009617,13835.429365662192,0.0,111174.46616431943
2025-05-16 02:00:00,19534.44727611521,13836.051409340405,0.0,103305.57615575402
2025-05-16 03:00:00,19255.23592035656,13837.554081903505,0.0,95748.42365948357
2025-05-16 04:00:00,20476.413778770548,13839.00850940293,0.0,86835.86130358589
2025-05-16 05:00:00,21486.17,13839.521475296304,0.0,76801.86055665996
2025-05-16 06:00:00,17573.989999999998,13838.856501036624,0.0,71114.06150214103
2025-05-16 07:00:00,21278.106696130104,13837.4147884919,0.0,61309.13551715504
2025-05-16 08:00:00,15318.421300428621,13843.892869575253,0.0,58132.56027514293
2025-05-16 09:00:00,9915.390141640535,13854.376679998142,0.0,60969.8367977627
2025-05-16 10:00:00,6875.228149752495,13877.235918620561,0.0,67207.93032776938
2025-05-16 11:00:00,2610.6673637922877,13903.253218134483,0.0,78210.4420305791
2025-05-16 12:00:00,2413.0962499889038,13928.242390532814,0.0,89457.46636556867
2025-05-16 13:00:00,2470.958191803239,13960.764102659088,0.0,100672.72136622418
2025-05-16 14:00:00,2980.2569533263413,13990.657175485438,0.0,111351.98192690258
2025-05-16 15:00:00,3401.607172851226,14016.761069970707,0.0,121589.17947148303
2025-05-16 16:00:00,9296.919861654565,14039.76706841271,0.0,125299.03558250178
2025-05-16 17:00:00,19591.20475100192,14056.117175506815,0.0,117587.14747911757
2025-05-16 18:00:00,20428.60114430714,14072.360177642604,0.0,108961.06194086335
2025-05-16 19:00:00,16020.900911066958,14085.545059728616,0.0,105245.60598829534
2025-05-16 20:00:00,14317.550689911652,14095.806622818176,0.0,103433.02295565612
2025-05-16 21:00:00,20137.3452903648,14105.429597913677,0.0,95163.62445316449
2025-05-16 22:00:00,19474.77168162591,14114.78810943284,0.0,87639.77736079074
2025-05-16 23:00:00,12889.913671415237,14124.245084659933,0.0,87441.8961438782
2025-05-17 00:00:00,12593.40693667252,14134.202709949317,0.0,87583.42447974693
2025-05-17 01:00:00,12408.055605922324,14144.219993471888,0.0,87940.91602219401
2025-05-17 02:00:00,12443.590835747458,14153.923159157395,0.0,88268.62714163202
2025-05-17 03:00:00,15853.745937327974,14163.032736943267,0.0,84816.38661487753
2025-05-17 04:00:00,16885.30800236908,14171.754905593483,0.0,80226.68818450537
2025-05-17 05:00:00,17740.103315634336,14180.342971829563,0.0,74695.80525007455
2025-05-17 06:00:00,18702.08562736194,14189.20502383182,0.0,68104.9151323931
2025-05-17 07:00:00,18698.08060142507,14205.904561710246,0.0,61535.17458140883
2025-05-17 08:00:00,16154.944520106761,14225.929096086718,0.0,57811.16532182137
2025-05-17 09:00:00,5292.925585472809,14245.7049245024,0.0,66175.84181802065
2025-05-17 10:00:00,1381.026134746613,14257.265081071808,0.0,78898.63341604065
2025-05-17 11:00:00,776.6030841334159,14270.423982682221,0.0,92306.16508301908
2025-05-17 12:00:00,661.3456383382236,14284.491294942982,0.0,105855.8278909196
2025-05-17 13:00:00,570.5987214924862,14297.687681621106,0.0,119519.5169931046
2025-05-17 14:00:00,634.8384777712981,14312.201960540873,0.0,133126.34286723292
2025-05-17 15:00:00,7643.802030709231,14325.95291722923,0.0,138959.18241700745
2025-05-17 16:00:00,3563.040560874648,14335.40042632564,0.0,149335.6488868057
2025-05-17 17:00:00,14927.314970229381,14349.168914879676,0.0,147098.91227920828
2025-05-17 18:00:00,15619.49514841313,14359.81420092535,0.0,144103.7318707857
2025-05-17 19:00:00,17867.451964805212,14372.60259918069,0.0,138623.61006462725
2025-05-17 20:00:00,14668.407229620603,14385.304422775278,0.0,136710.68423226854
2025-05-17 21:00:00,13419.288391863409,14397.984635822797,0.0,136198.34843268755
2025-05-17 22:00:00,13419.651764416789,14411.202872720616,0.0,135698.82712272284
2025-05-17 23:00:00,13322.865495932827,14424.55799823158,0.0,135320.2012365846
2025-05-18 00:00:00,13320.80861328288,14437.965845398356,0.0,134957.26862277978
2025-05-18 01:00:00,13107.909956234284,14451.69207202987,0.0,134844.61629899376
2025-05-18 02:00:00,12813.79692353987,14465.170274450647,0.0,135072.2344361779
2025-05-18 03:00:00,12827.01140870287,14478.301656402964,0.0,135298.3011940221
2025-05-18 04:00:00,12801.584131076354,14491.090000291342,0.0,135565.40882645085
2025-05-18 05:00:00,12905.07753741742,14502.884749745845,0.0,135729.31853462177
2025-05-18 06:00:00,12796.186002649196,14512.371985109568,0.0,136023.7060723433
2025-05-18 07:00:00,12783.450017055586,14517.529218632715,0.0,136337.40193869206
2025-05-18 08:00:00,12653.532807410837,14514.816408257639,0.0,136792.73744982653
2025-05-18 09:00:00,12704.00930003047,14510.456946918872,0.0,137187.62850782264
2025-05-18 10:00:00,4109.411127377095,14506.116621663821,0.0,147127.73276573414
2025-05-18 11:00:00,1325.613220031255,14503.028628547241,0.0,160157.85781646887
2025-05-18 12:00:00,1640.8679077557883,14499.24789388067,0.0,172833.91914617643
2025-05-18 13:00:00,1187.7676376760264,14497.478800972836,0.0,186011.65612750925
2025-05-18 14:00:00,4330.015898451623,14503.921131831816,0.0,195704.44848328366
2025-05-18 15:00:00,1660.9654245904912,14515.761590784214,0.0,208374.69293563403
2025-05-18 16:00:00,13429.739999999998,14530.320068414905,0.0,207983.0796707156
2025-05-18 17:00:00,13520.739999999998,14543.96513376564,0.0,207504.00036003682
2025-05-18 18:00:00,13778.358956727381,14558.00651710492,0.0,206752.71914744462
2025-05-18 19:00:00,13824.985367078603,14573.73492410816,0.0,205965.35921924323
2025-05-18 20:00:00,13955.27780374169,14588.909755201941,0.0,205048.40474806554
2025-05-18 21:00:00,13593.671341221681,14603.599834436498,0.0,204547.92531447794
2025-05-18 22:00:00,15233.818094435865,14617.870275651316,0.0,202239.33104075608
2025-05-18 23:00:00,19642.42430262573,14632.566531651513,0.0,195046.9816806012
2025-05-19 00:00:00,15503.806541851784,14647.18790498477,0.0,192467.71787241733
2025-05-19 01:00:00,15390.337880527703,14662.573418118898,0.0,190029.91586772763
2025-05-19 02:00:00,12848.368270577052,14678.5552990731,0.0,190432.50642171517
2025-05-19 03:00:00,17165.55264254317,14695.113385176519,0.0,186054.78353739923
2025-05-19 04:00:00,17664.989999999998,14712.684102592846,0.0,181139.70097332544
2025-05-19 05:00:00,18372.641553622347,14731.760391216181,0.0,175457.4151938501
2025-05-19 06:00:00,17050.354703618177,14751.388559445524,0.0,171263.9651937199
2025-05-19 07:00:00,20013.149512931723,14766.69886578685,0.0,163793.83126736037
2025-05-19 08:00:00,17347.557422061705,14761.10149693033,0.0,159279.86896199995
2025-05-19 09:00:00,6908.229341324327,14751.805113797773,0.0,166355.86369654845
2025-05-19 10:00:00,18353.56975920848,14749.373251911813,0.0,160712.38166045083
2025-05-19 11:00:00,10756.306971646867,14756.964388391681,0.0,163517.89385812377
2025-05-19 12:00:00,11417.201896838817,14762.70107092055,0.0,165594.81504366786
2025-05-19 13:00:00,5356.9876620460045,14777.449530357819,0.0,174420.05606064122
2025-05-19 14:00:00,12696.846388481104,14795.801433742277,0.0,175108.25039607115
2025-05-19 15:00:00,12797.252858598513,14816.678293779398,0.0,175705.75884696332
2025-05-19 16:00:00,13467.749979232714,14835.948370577076,0.0,175577.54057394847
2025-05-19 17:00:00,13842.129416786978,14857.913239834339,0.0,175055.31001735284
2025-05-19 18:00:00,14278.375139397875,14883.903244459181,0.0,174074.3519958144
2025-05-19 19:00:00,13640.995931056019,14906.578663189759,0.0,173824.26851338637
2025-05-19 20:00:00,13499.11433652375,14926.575393032015,0.0,173751.8279769475
2025-05-19 21:00:00,13292.114890456218,14943.83311598611,0.0,173926.6445479823
2025-05-19 22:00:00,12931.312313140425,14960.820937927747,0.0,174519.34069353182
2025-05-19 23:00:00,12441.131878046588,14977.620090360113,0.0,175673.4809193957
2025-05-20 00:00:00,12158.458460010384,14994.63239162222,0.0,177158.71502211748
2025-05-20 01:00:00,12099.925130257932,15011.710656225778,0.0,178726.06442250113
2025-05-20 02:00:00,12141.394620072006,15028.784630432669,0.0,180264.41058618712
2025-05-20 03:00:00,12401.894919833161,15045.401841044777,0.0,181529.92918297282
2025-05-20 04:00:00,13100.702333876246,15061.5753056969,0.0,182035.16856214055
2025-05-20 05:00:00,14009.297676681836,15078.312783263367,0.0,181547.59503797966
2025-05-20 06:00:00,14096.469502239524,15094.665290877207,0.0,180979.51643747961
2025-05-20 07:00:00,13795.618417517173,15113.38147332695,0.0,180764.43300245417
2025-05-20 08:00:00,13384.38412341382,15131.779122991555,0.0,181024.67421054147
2025-05-20 09:00:00,9818.316157267245,15148.890418888082,0.0,185264.32445468815
2025-05-20 10:00:00,9537.15244546502,15165.339022575366,0.0,189832.82742674684
2025-05-20 11:00:00,4807.321153199564,15182.438003403287,0.0,199673.7974821506
2025-05-20 12:00:00,2671.710371560313,15201.566717700214,0.0,211906.79712033938
2025-05-20 13:00:00,5396.672768315348,15222.069061879529,0.0,221132.56310631297
2025-05-20 14:00:00,9907.222574677979,15237.553680903833,0.0,225362.09170424126
2025-05-20 15:00:00,17983.993456881897,15251.262394812524,0.0,220631.1391469628
2025-05-20 16:00:00,19148.455495574744,15265.309812201534,0.0,214620.38729741462
2025-05-20 17:00:00,19640.79893362734,15280.396442975452,0.0,208077.67381413744
2025-05-20 18:00:00,20203.766215229065,15298.86589219671,0.0,200927.9105783019
2025-05-20 19:00:00,20512.4239274881,15316.548806531402,0.0,193452.87724317986
2025-05-20 20:00:00,20156.847368995586,15333.997273725818,0.0,186390.3774402439
2025-05-20 21:00:00,19715.804283657006,15351.513428628627,0.0,179835.4416648092
2025-05-20 22:00:00,19093.108890436757,15368.880336152877,0.0,173989.75656714346
2025-05-20 23:00:00,18809.92927458357,15386.187070358226,0.0,168476.02222129772
2025-05-21 00:00:00,18775.866972308,15403.34906042239,0.0,163017.29686804453
2025-05-21 01:00:00,18675.479734226734,15420.605216824399,0.0,157687.36904683925
2025-05-21 02:00:00,18565.857199729035,15437.887035020338,0.0,152496.5258599384
2025-05-21 03:00:00,18660.61522863833,15455.11638337394,0.0,147217.6253226031
2025-05-21 04:00:00,19400.625117811127,15472.240117703634,0.0,141133.6153094055
2025-05-21 05:00:00,20362.138448338133,15488.957514530786,0.0,133997.97454800503
2025-05-21 06:00:00,20265.06875351241,15504.814607157123,0.0,126986.04609570383
2025-05-21 07:00:00,20218.750811042337,15519.032117196259,0.0,120039.79953396415
2025-05-21 08:00:00,19793.691410246483,15528.999818353444,0.0,113575.80889648816
2025-05-21 09:00:00,12075.339588046772,15537.134377341941,0.0,115695.89928711145
2025-05-21 10:00:00,10021.458043245968,15543.121704041134,0.0,120104.06760976819
2025-05-21 11:00:00,8999.770394956766,15546.530377788826,0.0,125650.85310427172
2025-05-21 12:00:00,5910.75471632801,15550.169330840667,0.0,134633.51719474792
2025-05-21 13:00:00,6892.242010780588,15551.62753928988,0.0,142527.0980553927
2025-05-21 14:00:00,8923.668836971263,15550.002372604458,0.0,148161.91283136242
2025-05-21 15:00:00,12602.467062515607,15546.328064208454,0.0,149705.49971499798
2025-05-21 16:00:00,13520.739999999998,15546.346126621338,0.0,150228.80139717486
2025-05-21 17:00:00,19904.758771239285,15550.053167674387,0.0,143662.45593013894
2025-05-21 18:00:00,18688.54009470548,15562.63459649811,0.0,138460.0459769643
2025-05-21 19:00:00,19996.704512869837,15578.652968382834,0.0,131820.13837549175
2025-05-21 20:00:00,20175.976659291417,15595.451815713248,0.0,124997.83834754786
2025-05-21 21:00:00,19787.360119055997,15612.035512607577,0.0,118623.91817231545
2025-05-21 22:00:00,19373.16497989131,15628.433330047894,0.0,112726.61263581742
2025-05-21 23:00:00,18974.996458173206,15644.71121406698,0.0,107287.99445191419
2025-05-22 00:00:00,18552.836374513496,15660.910930249567,0.0,102334.64274381544
2025-05-22 01:00:00,17734.270389624366,15677.040845689275,0.0,98306.9387121443
2025-05-22 02:00:00,17725.89536265381,15693.050202924302,0.0,94304.54962323103
2025-05-22 03:00:00,19240.993314918618,15708.9371521441,0.0,88634.60531435444
2025-05-22 04:00:00,20084.00996333099,15724.715389468261,0.0,82043.75407789937
2025-05-22 05:00:00,21051.52714364581,15740.315347829875,0.0,74393.48371056723
2025-05-22 06:00:00,20168.940916993,15755.615993526642,0.0,67739.16535187943
2025-05-22 07:00:00,20420.174997409093,15768.994852487791,0.0,60819.07687391269
2025-05-22 08:00:00,15675.081952959077,15776.128321047867,0.0,59178.44746945046
2025-05-22 09:00:00,10989.530408301121,15772.799473523924,0.0,62740.657600417595
2025-05-22 10:00:00,9303.44115275933,15757.282607968815,0.0,68160.78337198716
2025-05-22 11:00:00,5597.862951400395,15733.21212011469,0.0,77674.14776832363
2025-05-22 12:00:00,11329.264819968543,15711.880038267376,0.0,80797.95578440372
2025-05-22 13:00:00,5133.920869118572,15690.496006205176,0.0,90784.09526936604
2025-05-22 14:00:00,7289.598240464395,15669.927433722009,0.0,98354.46910257205
2025-05-22 15:00:00,6514.276991613864,15652.201441872929,0.0,106768.58499820736
2025-05-22 16:00:00,13258.552686142786,15640.34531970875,0.0,107677.2051110908
2025-05-22 17:00:00,19439.258017775952,15637.067098518935,0.0,101715.09663430312
2025-05-22 18:00:00,21168.930328200855,15641.263082748053,0.0,93835.32601905022
2025-05-22 19:00:00,21535.953618356365,15651.296451899929,0.0,85557.78511722086
2025-05-22 20:00:00,20303.17272700288,15663.3015254216,0.0,78662.00583486148
2025-05-22 21:00:00,15390.48927107942,15675.615728779823,0.0,77237.07792910862
2025-05-22 22:00:00,20428.332193786224,15687.707403565231,0.0,70226.63845068915
2025-05-22 23:00:00,20333.84684169738,15699.823022825876,0.0,63333.29831607349
2025-05-23 00:00:00,19984.76116963721,15711.796820143263,0.0,56839.80494773096
2025-05-23 01:00:00,19064.06436023775,15723.919476995005,0.0,51381.430691128466
2025-05-23 02:00:00,19522.017520038502,15735.773973277399,0.0,45426.0740865853
2025-05-23 03:00:00,18519.433371473297,15746.967218631675,0.0,40595.893114691105
2025-05-23 04:00:00,20573.872373408638,15757.542262460945,0.0,33493.577184475784
2025-05-23 05:00:00,21134.20805997061,15766.46615994703,0.0,25777.589944455467
2025-05-23 06:00:00,19810.635558778064,15773.244111901799,0.0,19539.016768826084
2025-05-23 07:00:00,21520.904977189075,15775.776477066358,0.0,11402.676604571248
2025-05-23 08:00:00,19584.142702642115,15768.549621340931,0.0,5411.067667420938
2025-05-23 09:00:00,17594.804791428047,15757.677834884968,0.0,1618.9624007191874
2025-05-23 10:00:00,13091.841951730996,15742.58886822869,0.0,2815.0602114689937
2025-05-23 11:00:00,8662.733206954266,15729.842541625363,0.0,8919.643634256321
2025-05-23 12:00:00,5681.615469345015,15714.266996833641,0.0,18321.004554039944
2025-05-23 13:00:00,7332.489843016478,15694.683128923572,0.0,25868.476746278542
2025-05-23 14:00:00,6903.405784571524,15677.000754977189,0.0,33875.02662950959
2025-05-23 15:00:00,7584.032215067659,15664.142858547395,0.0,41112.4670268707
2025-05-23 16:00:00,9278.810123933976,15656.152296458782,0.0,46458.830296736174
2025-05-23 17:00:00,20793.96405059252,15658.188396807838,0.0,39012.61419288565
2025-05-23 18:00:00,19428.894919750306,15663.084931042495,0.0,33088.03810198336
2025-05-23 19:00:00,21064.774301174562,15670.880800703424,0.0,25353.61412360394
2025-05-23 20:00:00,20872.01337212167,15683.089381615,0.0,17845.57753619486
2025-05-23 21:00:00,20776.05491314574,15697.05053295835,0.0,10458.122610102384
2025-05-23 22:00:00,20397.960165756405,15716.02698893663,0.0,3509.7494148652263
2025-05-23 23:00:00,13220.983509007578,15732.291435071209,0.0,4552.05917326135
2025-05-24 00:00:00,12936.075900646134,15746.519008255867,0.0,5925.1605141326245
2025-05-24 01:00:00,14449.419587902981,15759.240011633268,0.0,5629.489872540356
2025-05-24 02:00:00,12557.42093593801,15769.46160233074,0.0,7446.261546051086
2025-05-24 03:00:00,16512.38572163353,15779.299751572977,0.0,4878.466051364581
2025-05-24 04:00:00,16475.394854356702,15789.042211053807,0.0,2361.5139797998318
2025-05-24 05:00:00,15332.738543325202,15799.232253904474,0.0,1124.3700744540804
2025-05-24 06:00:00,15049.531632979273,15812.067340250987,0.0,214.73560028365074
2025-05-24 07:00:00,14435.750796052627,15824.987506441492,0.0,0.0
2025-05-24 08:00:00,14247.528955991358,15830.587728879285,0.0,0.0
2025-05-24 09:00:00,12292.777105196505,15830.477773254417,0.0,2171.8365452583016
2025-05-24 10:00:00,3335.758509935842,15823.14304524568,0.0,14288.581246130829
2025-05-24 11:00:00,3715.972212665811,15811.469458605012,0.0,25971.192690662716
2025-05-24 12:00:00,3468.649893090885,15801.541311224895,0.0,37918.67856511996
2025-05-24 13:00:00,5202.106531598608,15788.37114224467,0.0,47926.931338921735
2025-05-24 14:00:00,7702.516283203546,15778.415213229357,0.0,55146.995126369366
2025-05-24 15:00:00,9979.535156764421,15770.721734020028,0.0,59829.344463984475
2025-05-24 16:00:00,10173.611721229618,15775.395773608912,0.0,64300.72721400492
2025-05-24 17:00:00,17573.989999999998,15784.471810810854,0.0,60558.54346926023
2025-05-24 18:00:00,18871.603403372435,15805.619287236905,0.0,55395.714530527745
2025-05-24 19:00:00,18823.277416278284,15823.105824578019,0.0,50304.067670352124
2025-05-24 20:00:00,18387.692430777734,15838.832886524671,0.0,45712.13118934597
2025-05-24 21:00:00,17969.911214488013,15852.66303361774,0.0,41598.226206865926
2025-05-24 22:00:00,7889.864131925427,15866.577238270056,0.0,48698.28774299662
2025-05-24 23:00:00,15587.770960065844,15879.666968308657,0.0,47258.209200121004
2025-05-25 00:00:00,10850.231726941525,15890.660384091194,0.0,51093.05655427717
2025-05-25 01:00:00,11250.437350005997,15898.43291706372,0.0,54491.003526889785
2025-05-25 02:00:00,7246.03,15906.096206470911,0.0,62345.95528891624
2025-05-25 03:00:00,12353.313639132528,15915.383235753006,0.0,64535.434481188655
2025-05-25 04:00:00,10906.410978056763,15927.315246738226,0.0,68344.51530786381
2025-05-25 05:00:00,16137.539481626427,15942.764841958731,0.0,66356.68072579318
2025-05-25 06:00:00,16063.874382084474,15964.962079768595,0.0,64472.89349213457
2025-05-25 07:00:00,16165.310248080112,15996.487640849868,0.0,62507.925301784315
2025-05-25 08:00:00,9517.56,16026.054137675617,0.0,67958.91277279326
2025-05-25 09:00:00,1712.2645623650824,16036.355779193365,0.0,82092.75237158098
2025-05-25 10:00:00,1565.300708099816,16039.388419424915,0.0,96392.9177820061
2025-05-25 11:00:00,1188.1112780933563,16033.072263225868,0.0,111105.86640290602
2025-05-25 12:00:00,1208.023352980299,16026.85756065936,0.0,125790.47579358725
2025-05-25 13:00:00,1661.1948127129726,16016.287289662141,0.0,139960.99106912385
2025-05-25 14:00:00,4634.109067600329,16004.528970123009,0.0,150816.50996413542
2025-05-25 15:00:00,2245.04198804929,15996.373550484894,0.0,164318.39241678777
2025-05-25 16:00:00,14817.901188700791,15996.239878224198,0.0,163850.29764089995
2025-05-25 17:00:00,16045.765631996914,16004.276010274265,0.0,162025.94517117765
2025-05-25 18:00:00,17767.41137245935,16020.169484983497,0.0,158304.54646453963
2025-05-25 19:00:00,17611.618053716462,16044.60971651341,0.0,154780.69167692363
2025-05-25 20:00:00,18213.229479051264,16066.65596429672,0.0,150610.42599783008
2025-05-25 21:00:00,12532.96674315074,16087.593331339158,0.0,152772.50072566842
2025-05-25 22:00:00,17172.369452715524,16106.481292598699,0.0,149798.57151524987
2025-05-25 23:00:00,16961.43831241027,16124.198839415785,0.0,147076.7277853209
2025-05-26 00:00:00,15948.42655456613,16142.242562446401,0.0,145498.49639824935
2025-05-26 01:00:00,16762.862679637063,16157.959127553566,0.0,143031.05254842842
2025-05-26 02:00:00,8382.181491719344,16170.772522258858,0.0,149888.29007988801
2025-05-26 03:00:00,16884.59932505236,16182.811625299579,0.0,147310.43578846275
2025-05-26 04:00:00,18238.72700489553,16196.642743052855,0.0,143241.82630385392
2025-05-26 05:00:00,18907.878799591286,16214.562355416014,0.0,138447.6344375018
2025-05-26 06:00:00,17664.989999999998,16238.904742111039,0.0,135058.7725129843
2025-05-26 07:00:00,17862.11575407366,16264.918583295354,0.0,131476.8958139756
2025-05-26 08:00:00,10199.523736483934,16295.629953944024,0.0,136439.7216162708
2025-05-26 09:00:00,9776.45755843783,16312.458617022092,0.0,141889.4496128064
2025-05-26 10:00:00,7327.666010153757,16316.071349000104,0.0,150063.66983941343
2025-05-26 11:00:00,4212.154783289366,16307.89459433755,0.0,161691.39245231834
2025-05-26 12:00:00,1897.844339559806,16295.907395048309,0.0,175878.58391452243
2025-05-26 13:00:00,2107.4440451745195,16276.28176616676,0.0,189813.26118605086
2025-05-26 14:00:00,6055.371388861387,16250.50615000086,0.0,199335.5769039835
2025-05-26 15:00:00,4499.093924842621,16235.79593020698,0.0,210572.3795843653
2025-05-26 16:00:00,10776.223900135996,16226.462813091017,0.0,214825.26028619416
2025-05-26 17:00:00,14977.953085553556,16229.131961522286,0.0,214412.22215265693
2025-05-26 18:00:00,17573.989999999998,16239.575017851528,0.0,211125.1416149529
2025-05-26 19:00:00,13958.976772936996,16262.284305938341,0.0,211877.45172873905
2025-05-26 20:00:00,13707.837812073767,16285.208786585192,0.0,212931.72961302003
2025-05-26 21:00:00,13515.31341941936,16307.667318710091,0.0,214222.3820212642
2025-05-26 22:00:00,12651.29451936546,16328.597164167657,0.0,216493.98527502577
2025-05-26 23:00:00,9529.860568167775,16347.45377767804,0.0,222252.70508807295
2025-05-27 00:00:00,8855.77416904956,16370.511432514571,0.0,228783.46744386578
2025-05-27 01:00:00,9096.124019896404,16393.276620609962,0.0,235069.93959792418
2025-05-27 02:00:00,8953.968445014605,16414.689647017734,0.0,241535.77541714793
2025-05-27 03:00:00,8363.855543376922,16440.045924222573,0.0,248682.64851539614
2025-05-27 04:00:00,10990.489058483941,16464.709911115136,0.0,252935.7039170847
2025-05-27 05:00:00,12432.652451438295,16490.23759435307,0.0,255611.88323206184
2025-05-27 06:00:00,13866.267524478699,16517.584477148564,0.0,256722.50379312297
2025-05-27 07:00:00,10993.606587900147,16542.427654245843,0.0,261049.8130163687
2025-05-27 08:00:00,13520.739999999998,16568.868926731033,0.0,262595.6374986553
2025-05-27 09:00:00,6183.71,16586.46095060188,0.0,272311.30956036825
2025-05-27 10:00:00,6264.81730389007,16602.588477496418,0.0,281952.9899224313
2025-05-27 11:00:00,8514.813469137753,16621.957275314253,0.0,289114.04334314796
2025-05-27 12:00:00,5897.29198112088,16643.90683471663,0.0,299205.40353217477
2025-05-27 13:00:00,14118.297772775171,16663.91151378297,0.0,300182.317520652
2025-05-27 14:00:00,10987.08601444263,16688.74225177798,0.0,304663.18642304925
2025-05-27 15:00:00,17231.83815028962,16707.355398033847,0.0,302224.05498742795
2025-05-27 16:00:00,19237.153611143076,16724.467674106138,0.0,297573.9075380418
2025-05-27 17:00:00,19500.004356500318,16744.83980871867,0.0,292652.07583953795
2025-05-27 18:00:00,19279.089189760765,16763.308422075115,0.0,287994.17405076773
2025-05-27 19:00:00,20303.293896585834,16781.0608598574,0.0,282216.01946997416
2025-05-27 20:00:00,20474.379046392598,16792.707128377013,0.0,276259.4165468039
2025-05-27 21:00:00,20190.25047367426,16801.35942653389,0.0,270627.16433592193
2025-05-27 22:00:00,19953.728135831087,16809.198402106726,0.0,265265.55369821633
2025-05-27 23:00:00,20037.272586616557,16816.30064962969,0.0,259818.2181404943
2025-05-28 00:00:00,19692.242978987233,16824.4846881634,0.0,254762.4328520052
2025-05-28 01:00:00,19551.90784154879,16832.873800391186,0.0,249870.96460623105
2025-05-28 02:00:00,19537.702297218133,16841.633958572824,0.0,245004.04045678378
2025-05-28 03:00:00,19863.6960758067,16850.192814195718,0.0,239783.45985341645
2025-05-28 04:00:00,20690.473103097105,16859.70737279141,0.0,233653.75266721114
2025-05-28 05:00:00,21601.886755011426,16871.45461021382,0.0,226523.1108829678
2025-05-28 06:00:00,21468.183706095624,16889.010631275585,0.0,219558.58406302604
2025-05-28 07:00:00,21068.76630442875,16922.353226211795,0.0,213071.19695098366
2025-05-28 08:00:00,20729.331278346395,16961.609770049537,0.0,207000.2164117594
2025-05-28 09:00:00,13803.336755837474,17003.11993589168,0.0,208666.29550783164
2025-05-28 10:00:00,14376.694417464882,17044.671659960426,0.0,209736.86225949772
2025-05-28 11:00:00,15072.172159646467,17085.229069251887,0.0,210075.23337358687
2025-05-28 12:00:00,19045.722781501532,17125.08891753547,0.0,206038.40808945385
2025-05-28 13:00:00,14543.162799358535,17167.82520776965,0.0,207047.1635201584
2025-05-28 14:00:00,19532.53115951596,17212.936783286175,0.0,202557.28790398242
2025-05-28 15:00:00,19509.47652345713,17255.605597933292,0.0,198135.69736474115
2025-05-28 16:00:00,19655.47878099122,17299.2584207811,0.0,193595.53491775424
2025-05-28 17:00:00,19768.933852501174,17336.422013554034,0.0,188966.4748729736
2025-05-28 18:00:00,20001.305382939685,17366.15817896079,0.0,184108.96040422362
2025-05-28 19:00:00,20030.878858556596,17388.455943233548,0.0,179240.8842823943
2025-05-28 20:00:00,20224.9184577447,17403.433155862425,0.0,174172.1858185404
2025-05-28 21:00:00,20058.379211312047,17417.639080044602,0.0,169302.73688601606
2025-05-28 22:00:00,19661.22415398114,17431.0173629562,0.0,164887.94963343773
2025-05-28 23:00:00,19145.778684608766,17444.34070226281,0.0,161059.20290835743
2025-05-29 00:00:00,18818.844026097195,17458.31976765191,0.0,157607.6959803458
2025-05-29 01:00:00,18659.686811642605,17473.015444427663,0.0,154347.7260785039
2025-05-29 02:00:00,18540.930295085695,17486.580683158587,0.0,151233.27310045616
2025-05-29 03:00:00,19099.692722419084,17499.642276589122,0.0,147511.03457435744
2025-05-29 04:00:00,19278.891625850025,17514.840555833518,0.0,143604.88443480202
2025-05-29 05:00:00,19492.061158930144,17532.48484771068,0.0,139479.5235503681
2025-05-29 06:00:00,19438.622592502896,17556.275174106122,0.0,135437.3291772488
2025-05-29 07:00:00,19513.95397298537,17587.69216578062,0.0,131342.85026193454
2025-05-29 08:00:00,19132.873591891832,17626.74403717344,0.0,127710.84586367263
2025-05-29 09:00:00,17367.108101588725,17679.978800260258,0.0,126094.03788438985
2025-05-29 10:00:00,15326.23292101196,17739.879949183258,0.0,126804.77014355981
2025-05-29 11:00:00,8832.60001769985,17804.672596520402,0.0,134795.44272041373
2025-05-29 12:00:00,13131.052515178057,17872.572334040986,0.0,138077.95670425685
2025-05-29 13:00:00,13174.930196357669,17930.488943567398,0.0,141369.63431853798
2025-05-29 14:00:00,13866.6215353739,17984.68237696271,0.0,143946.95943397415
2025-05-29 15:00:00,17328.65078504901,18025.76973324464,0.0,142718.67273938656
2025-05-29 16:00:00,16852.042099458864,18063.221495563143,0.0,142057.40301332873
2025-05-29 17:00:00,20019.301821050874,18091.465041139913,0.0,137905.1993644121
2025-05-29 18:00:00,20135.483967959644,18115.06519092994,0.0,133647.50459094244
2025-05-29 19:00:00,19826.191529247295,18137.639957048978,0.0,129756.04284882775
2025-05-29 20:00:00,19513.264733749173,18157.436693749783,0.0,126232.07428285624
2025-05-29 21:00:00,18242.706016573287,18179.312963815155,0.0,124141.71389492328
2025-05-29 22:00:00,17285.20221831389,18203.79226721484,0.0,123139.72591956714
2025-05-29 23:00:00,17120.623461389616,18229.837177226247,0.0,122346.64813969382
2025-05-30 00:00:00,16663.629623782643,18255.437316727744,0.0,122086.94142999641
2025-05-30 01:00:00,16738.96934102069,18279.261643237627,0.0,121767.34824987772
2025-05-30 02:00:00,16886.714642951454,18301.790591216166,0.0,121306.1225711478
2025-05-30 03:00:00,17302.24905900894,18323.478549591295,0.0,120404.8799440625
2025-05-30 04:00:00,18836.767530722984,18343.82241936386,0.0,117818.96066262304
2025-05-30 05:00:00,19828.003638996794,18365.362635899815,0.0,114153.20814408199
2025-05-30 06:00:00,20153.705791302607,18389.924517322426,0.0,110150.12622662375
2025-05-30 07:00:00,18904.71386234679,18420.54576677574,0.0,107565.4343685697
2025-05-30 08:00:00,15865.155249390922,18463.018474592485,0.0,108400.50256606117
2025-05-30 09:00:00,13080.778195124294,18511.202478013493,0.0,112377.50704949211
2025-05-30 10:00:00,13074.012079396245,18556.135722126426,0.0,116406.96268340047
2025-05-30 11:00:00,12810.1726332471,18596.738382333297,0.0,120770.17591768145
2025-05-30 12:00:00,12670.956292782877,18641.180773841243,0.0,125332.51636620837
2025-05-30 13:00:00,12657.058013306178,18682.716725535432,0.0,129951.83529918139
2025-05-30 14:00:00,12484.685798273014,18721.010387071594,0.0,134800.97257706072
2025-05-30 15:00:00,12429.522828472782,18751.44026767245,0.0,139741.8319242079
2025-05-30 16:00:00,16856.704528274855,18780.498170730607,0.0,139792.65839685532
2025-05-30 17:00:00,18365.87559200252,18803.354597977075,0.0,138189.48455927402
2025-05-30 18:00:00,19611.08842932011,18825.15169503491,0.0,135224.53799950882
2025-05-30 19:00:00,18449.33136035436,18850.642411766585,0.0,133575.92334421503
2025-05-30 20:00:00,18212.88095165824,18866.353269870557,0.0,132205.74222335417
2025-05-30 21:00:00,18465.845354216388,18877.39466132136,0.0,130565.53093554621
2025-05-30 22:00:00,18612.230564375335,18883.212191354927,0.0,128768.48694426187
2025-05-30 23:00:00,19359.27326559806,18891.6719634625,0.0,126149.85527928207
2025-05-31 00:00:00,18256.12928842876,18901.93506159274,0.0,124767.20224262061
2025-05-31 01:00:00,18235.061961661202,18913.75155166522,0.0,123419.7738368845
2025-05-31 02:00:00,18201.672893434887,18928.080998595255,0.0,122123.77384277433
2025-05-31 03:00:00,17934.233560553843,18943.218433675396,0.0,121140.06609805657
2025-05-31 04:00:00,18061.93378125861,18959.8757514506,0.0,120031.1265369976
2025-05-31 05:00:00,18083.853145813162,18979.605974897902,0.0,118917.56234988089
2025-05-31 06:00:00,18347.57906216549,19000.318382503363,0.0,117531.6817744226
2025-05-31 07:00:00,19562.17865524733,19029.29145393492,0.0,114825.21916697158
2025-05-31 08:00:00,18872.245790058838,19044.65989720819,0.0,112900.7170752255
2025-05-31 09:00:00,17153.645527722118,19054.44737599285,0.0,112895.55830930489
2025-05-31 10:00:00,16151.518932745388,19070.513071857386,0.0,114019.93923366739
2025-05-31 11:00:00,3953.464899238961,19084.486291143294,0.0,128711.68674787851
2025-05-31 12:00:00,5762.7949814241,19090.635253210927,0.0,141399.21646617376
2025-05-31 13:00:00,5803.069034894504,19098.548609295613,0.0,154049.91059225326
2025-05-31 14:00:00,17493.173066564934,19096.821867661438,0.0,153709.87349706478
2025-05-31 15:00:00,17817.71073543896,19108.157670064178,0.0,153020.57479441902
2025-05-31 16:00:00,18111.27369388799,19116.93763071123,0.0,152013.87498747688
2025-05-31 17:00:00,18006.652312102313,19123.764058024793,0.0,151130.24758761027
2025-05-31 18:00:00,19934.84675947538,19129.545823613837,0.0,148109.9636784737
2025-05-31 19:00:00,19704.059714987674,19138.043545917382,0.0,145354.6075410714
2025-05-31 20:00:00,19821.579570165944,19145.203400758146,0.0,142475.83364164518
2025-05-31 21:00:00,20076.633558787173,19152.760200600416,0.0,139321.22322137095
2025-05-31 22:00:00,19387.416627081526,19160.76990255838,0.0,136940.41909383872
2025-05-31 23:00:00,19335.270633437533,19171.456507635692,0.0,134628.24156432162
2025-06-01 00:00:00,19029.55084628308,19184.863126736094,0.0,132669.15930629874
2025-06-01 01:00:00,18939.78034921267,19202.73393281385,0.0,130827.6928510985
2025-06-01 02:00:00,18544.721642580476,19223.94608912449,0.0,129446.39267068914
2025-06-01 03:00:00,18290.7328445975,19247.715936403794,0.0,128371.07211309571
2025-06-01 04:00:00,18252.03930050841,19274.085804720424,0.0,127365.11425058458
2025-06-01 05:00:00,18541.957649958713,19310.481187841917,0.0,126073.42027180569
2025-06-01 06:00:00,18413.686526861627,19345.017513106937,0.0,124958.7860883997
2025-06-01 07:00:00,19047.907203355957,19380.84788288015,0.0,123175.2926342177
2025-06-01 08:00:00,17207.12752204128,19399.499815680392,0.0,123455.76186985223
2025-06-01 09:00:00,15536.949701027454,19419.4377445481,0.0,125611.92216881426
2025-06-01 10:00:00,8828.679931147177,19437.177166815265,0.0,135239.45496768822
2025-06-01 11:00:00,8443.535049940268,19455.030397397157,0.0,145312.77975404062
2025-06-01 12:00:00,8256.386813275461,19475.801021604442,0.0,155614.81764978345
2025-06-01 13:00:00,8120.26024113115,19492.69508966435,0.0,166085.0013604132
2025-06-01 14:00:00,8274.408179664457,19515.2372507321,0.0,176406.45174485145
2025-06-01 15:00:00,14883.524833503005,19539.352957559393,0.0,179408.55488740752
2025-06-01 16:00:00,17309.94273834482,19562.020685706688,0.0,179737.30586384222
2025-06-01 17:00:00,19618.44702022318,19582.98047499254,0.0,177522.0118719201
2025-06-01 18:00:00,19379.262565212994,19603.940905324496,0.0,175593.4388158968
2025-06-01 19:00:00,19289.848178142794,19615.507339319836,0.0,173775.78151283573
2025-06-01 20:00:00,19053.519995103692,19627.333524865713,0.0,172232.537265364
2025-06-01 21:00:00,18817.09376996169,19638.04965118298,0.0,170962.70494992295
2025-06-01 22:00:00,18907.73693079917,19650.051385258837,0.0,169604.15974540488
2025-06-01 23:00:00,18712.523113959473,19663.461761664363,0.0,168475.9291582254
2025-06-02 00:00:00,18713.805836142943,19675.954199459156,0.0,167358.7657619702
2025-06-02 01:00:00,18753.579126013952,19692.957520534004,0.0,166214.41314248866
2025-06-02 02:00:00,18629.88179519411,19716.36511999827,0.0,165230.9096011602
2025-06-02 03:00:00,18617.131776357855,19746.26324502524,0.0,164291.47087245446
2025-06-02 04:00:00,19031.97817079289,19779.626402724392,0.0,162924.45486318678
2025-06-02 05:00:00,19876.38105668871,19810.671590931244,0.0,160650.25861335275
2025-06-02 06:00:00,20031.29469012266,19831.727201646925,0.0,158224.9917148634
2025-06-02 07:00:00,19493.12026698457,19859.552510308877,0.0,156425.52170630055
2025-06-02 08:00:00,19578.795928346033,19871.185026688127,0.0,154542.4890348264
2025-06-02 09:00:00,19459.021615993828,19877.706764581817,0.0,152799.0606705262
2025-06-02 10:00:00,18691.967556027364,19886.73302534566,0.0,151916.94085584144
2025-06-02 11:00:00,18765.249215578086,19898.339667365446,0.0,150965.003617009
2025-06-02 12:00:00,18909.933883818536,19914.974652448862,0.0,149868.9406207706
2025-06-02 13:00:00,18652.323702252514,19935.771135864576,0.0,149079.9076430213
2025-06-02 14:00:00,19146.51714130014,19964.737902483423,0.0,147770.7376107268
2025-06-02 15:00:00,18381.06562473411,19986.524489171945,0.0,147333.85585019417
2025-06-02 16:00:00,19239.573466953225,20007.79952995367,0.0,145964.3515279776
2025-06-02 17:00:00,19490.392629224498,20024.425318266458,0.0,144332.7850359946
2025-06-02 18:00:00,19851.650375299243,20041.082428324215,0.0,142316.47815843075
2025-06-02 19:00:00,20287.14466807846,20062.21764197625,0.0,139837.4239469865
2025-06-02 20:00:00,20056.471059696218,20081.912423833794,0.0,137634.3685267134
2025-06-02 21:00:00,19438.509374800717,20104.15504239441,0.0,136140.17981932923
2025-06-02 22:00:00,17347.01614122401,20127.020353950793,0.0,136992.73779414225
2025-06-02 23:00:00,17392.999481948158,20151.50463813218,0.0,137818.687452332
2025-06-03 00:00:00,17006.266567184884,20166.439845037596,0.0,139089.2755560531
2025-06-03 01:00:00,17398.815992834487,20179.938240789565,0.0,139937.19602702654
2025-06-03 02:00:00,16851.72844178853,20193.082389716288,0.0,141406.13570364445
2025-06-03 03:00:00,17646.33072569588,20203.727684983613,0.0,142002.829248966
2025-06-03 04:00:00,18412.40624233104,20216.23932377604,0.0,141760.8394145964
2025-06-03 05:00:00,19337.269436969887,20227.766255502334,0.0,140502.7507401322
2025-06-03 06:00:00,20662.073963843482,20239.463073680163,0.0,137784.35385398628
2025-06-03 07:00:00,20056.77720518265,20254.211850906606,0.0,135753.25769913438
2025-06-03 08:00:00,19743.472758217897,20263.345330962697,0.0,134079.41107652165
2025-06-03 09:00:00,13561.877718974167,20272.356565308266,0.0,139283.01462074748
2025-06-03 10:00:00,7560.25781925129,20278.652446938453,0.0,151161.3806018512
2025-06-03 11:00:00,7514.349356719025,20286.786690486122,0.0,163098.89022931617
2025-06-03 12:00:00,7390.350455648507,20279.823012766275,0.0,175167.21273580633
2025-06-03 13:00:00,7578.549818691341,20276.07335822627,0.0,187022.67518437555
2025-06-03 14:00:00,10197.784046140154,20274.357511099635,0.0,195966.16153309724
2025-06-03 15:00:00,15456.501033321556,20283.75404737433,0.0,199076.02554344764
2025-06-03 16:00:00,16311.281557893857,20310.8402261433,0.0,201263.21959415328
2025-06-03 17:00:00,18571.010087296014,20349.44921660755,0.0,200978.2131582097
2025-06-03 18:00:00,19316.764155803787,20392.07057074169,0.0,199907.21244472498
2025-06-03 19:00:00,18721.836358115004,20424.808462996356,0.0,199529.98050981577
2025-06-03 20:00:00,17924.94020419624,20456.275388920658,0.0,200069.65567185174
2025-06-03 21:00:00,17371.69498431726,20488.1232399808,0.0,201255.89559592443
2025-06-03 22:00:00,17787.371470806236,20517.369486778793,0.0,202009.51900402966
2025-06-03 23:00:00,17304.23546980248,20546.800240823097,0.0,203329.39094507223
2025-06-04 00:00:00,17547.233629723072,20575.062216282568,0.0,204407.52690610694
2025-06-04 01:00:00,17581.640604385728,20601.218396693534,0.0,205473.58907570524
2025-06-04 02:00:00,17559.321111050293,20627.08189244817,0.0,206590.3141780975
2025-06-04 03:00:00,17583.461919425954,20652.936657362276,0.0,207706.07092498647
2025-06-04 04:00:00,18660.0820369214,20677.590621701067,0.0,207650.23706121932
2025-06-04 05:00:00,19967.52135598728,20700.61782495872,0.0,206164.7200461922
2025-06-04 06:00:00,19306.299772482816,20724.045133431573,0.0,205437.3209879762
2025-06-04 07:00:00,19595.654628231503,20746.582049751418,0.0,204410.95345080373
2025-06-04 08:00:00,18623.618664020512,20772.33646804893,0.0,204490.3802921632
2025-06-04 09:00:00,16083.365228586164,20797.890841866585,0.0,207417.8653244896
2025-06-04 10:00:00,15655.924033145391,20824.01426421678,0.0,210846.4084407671
2025-06-04 11:00:00,14835.286507297296,20853.718471991106,0.0,215216.4752379834
2025-06-04 12:00:00,14428.996959613607,20882.561483580594,0.0,220066.8178775489
2025-06-04 13:00:00,13812.278137890116,20914.438510252392,0.0,225634.28067903448
2025-06-04 14:00:00,16194.403798235679,20939.964307374044,0.0,228580.4629883689
2025-06-04 15:00:00,16615.79103511246,20968.438204856124,0.0,231086.9111542112
2025-06-04 16:00:00,18467.460274524372,20994.003120446516,0.0,231561.51396963064
2025-06-04 17:00:00,18966.551121713277,21030.390881788626,0.0,231517.95916062675
2025-06-04 18:00:00,19972.31902446728,21054.35144269336,0.0,230380.84502057865
2025-06-04 19:00:00,19417.503637621732,21077.14213272233,0.0,229882.98311149905
2025-06-04 20:00:00,19602.19148576627,21098.95007105329,0.0,229201.72042058985
2025-06-04 21:00:00,19691.735294804756,21117.798032942796,0.0,228439.81257041622
2025-06-04 22:00:00,19083.215158542138,21137.394260831315,0.0,228373.6344328674
2025-06-04 23:00:00,18872.303569950534,21157.14601826324,0.0,228561.55426229673
2025-06-05 00:00:00,18549.688656584578,21178.30071175841,0.0,229129.08980007225
2025-06-05 01:00:00,18455.10862105155,21200.96905897138,0.0,229824.38261343082
2025-06-05 02:00:00,18425.19405540408,21231.317437235375,0.0,230583.2622113283
2025-06-05 03:00:00,18540.95286235956,21264.19138912452,0.0,231246.39486449774
2025-06-05 04:00:00,19075.49527186022,21298.59892343095,0.0,231349.99904141732
2025-06-05 05:00:00,20416.799787757333,21333.72478827601,0.0,229998.3907321852
2025-06-05 06:00:00,20222.030556236386,21368.49352524722,0.0,228897.96141716975
2025-06-05 07:00:00,19846.66181861084,21392.759298699086,0.0,228238.8742507457
2025-06-05 08:00:00,19722.974059514727,21411.496250480755,0.0,227735.95487954342
2025-06-05 09:00:00,19376.06547131749,21425.669070855878,0.0,227632.66231560207
2025-06-05 10:00:00,19434.821952114646,21443.068388925167,0.0,227481.48409106652
2025-06-05 11:00:00,19404.128414435683,21453.82267409056,0.0,227375.16408245076
2025-06-05 12:00:00,19348.81543043074,21462.6837495528,0.0,227339.16402041382
2025-06-05 13:00:00,19123.64122356233,21476.86863861248,0.0,227567.54241062375
2025-06-05 14:00:00,19375.928730358275,21494.692747936304,0.0,227533.42545816192
2025-06-05 15:00:00,19551.20377129418,21540.0581205748,0.0,227349.92383285452
2025-06-05 16:00:00,19696.84812371534,21585.719481107895,0.0,227050.2565098343
2025-06-05 17:00:00,19727.561150688038,21634.03993779686,0.0,226764.78405797773
2025-06-05 18:00:00,20294.076869869932,21689.344758645984,0.0,225905.15451676823
2025-06-05 19:00:00,20380.632489991483,21721.308198523762,0.0,224981.31550419034
2025-06-05 20:00:00,20336.148818701295,21749.522062689317,0.0,224135.11665721153
2025-06-05 21:00:00,19823.761889488538,21772.5172351338,0.0,223881.23179291366
2025-06-05 22:00:00,19212.08312797212,21790.268700165747,0.0,224324.74146199928
2025-06-05 23:00:00,18430.777263920645,21803.557996474043,0.0,225649.65805411703
2025-06-06 00:00:00,18277.48465279329,21814.950358855658,0.0,227156.29213209124
2025-06-06 01:00:00,18215.54756047173,21827.189776361578,0.0,228743.9846190398
2025-06-06 02:00:00,17995.176344460542,21839.804020224394,0.0,230589.1482565302
2025-06-06 03:00:00,19007.473852120573,21853.612631793036,0.0,231323.34549707817
2025-06-06 04:00:00,19845.404734007145,21870.713109494154,0.0,231143.60890211997
2025-06-06 05:00:00,20137.946485052656,21890.35484210872,0.0,230658.4676497257
2025-06-06 06:00:00,20960.20335371892,21911.655938652075,0.0,229281.00875091233
2025-06-06 07:00:00,18801.009565998156,21934.433653792596,0.0,230325.43177581806
2025-06-06 08:00:00,14077.177874119518,21951.37658630684,0.0,236635.4996131032
2025-06-06 09:00:00,13946.781309824768,21963.551328964957,0.0,243102.62726448508
2025-06-06 10:00:00,13840.26112441649,21977.478358511013,0.0,249702.0377069778
2025-06-06 11:00:00,13741.837489051453,21992.72056071792,0.0,256426.04994652743
2025-06-06 12:00:00,12682.543974642957,22007.32969910457,0.0,264341.66411825095
2025-06-06 13:00:00,13275.425744592749,22018.961317033245,0.0,271610.1523857367
2025-06-06 14:00:00,13775.148837359524,22032.640247450152,0.0,278337.07170278736
2025-06-06 15:00:00,13673.71083222348,22049.997578433722,0.0,285194.0572454172
2025-06-06 16:00:00,16016.795516649476,22070.674115686084,0.0,289468.2918981594
2025-06-06 17:00:00,20663.796668231767,22094.215737177754,0.0,288602.7335595242
2025-06-06 18:00:00,20388.796158993733,22128.0004208249,0.0,288076.51602591155
2025-06-06 19:00:00,19991.5233446034,22152.05501505158,0.0,288015.76732473716
2025-06-06 20:00:00,18670.886368754676,22181.807897155275,0.0,289452.1459232761
2025-06-06 21:00:00,18644.420536088008,22213.94751204718,0.0,290950.0706174477
2025-06-06 22:00:00,19239.014561843956,22245.048539005777,0.0,291818.4363099603
2025-06-06 23:00:00,18911.070394958442,22274.651450267746,0.0,293080.78732138535
2025-06-07 00:00:00,18512.508032446094,22303.121858429084,0.0,294814.4558104299
2025-06-07 01:00:00,18432.72544884128,22330.63697859278,0.0,296664.2867347545
2025-06-07 02:00:00,18287.593526232275,22358.282307288664,0.0,298703.0206795629
2025-06-07 03:00:00,17753.204765913677,22385.950660487048,0.0,301363.1882668125
2025-06-07 04:00:00,18540.425447309604,22414.012139120216,0.0,303176.7276866998
2025-06-07 05:00:00,18989.919494219634,22440.30040572276,0.0,304517.11754328967
2025-06-07 06:00:00,19139.743507714946,22466.397627589864,0.0,305717.1334956407
2025-06-07 07:00:00,19369.95039487263,22480.30210712494,0.0,306675.26849735156
2025-06-07 08:00:00,19429.286235984626,22506.723150748887,0.0,307593.89583033975
2025-06-07 09:00:00,19365.026184009763,22533.45118687675,0.0,308610.65125720564
2025-06-07 10:00:00,19429.582339260538,22554.639191136575,0.0,309576.86562694167
2025-06-07 11:00:00,19187.337041580675,22577.41455665024,0.0,310835.0168040578
2025-06-07 12:00:00,17103.609734764566,22598.45154564563,0.0,314429.45753329835
2025-06-07 13:00:00,11531.027229765077,22619.69784877816,0.0,324236.90290455974
2025-06-07 14:00:00,13572.144220664133,22650.11162288877,0.0,331806.85428226617
2025-06-07 15:00:00,18974.23424033205,22670.58053711872,0.0,333394.95233012707
2025-06-07 16:00:00,19307.183445210714,22699.778657195893,0.0,334642.30493708886
2025-06-07 17:00:00,19569.405097902218,22732.588561131026,0.0,335631.11005610623
2025-06-07 18:00:00,19681.243818935774,22760.645809345147,0.0,336523.70717774506
2025-06-07 19:00:00,19686.35540184886,22794.76807475513,0.0,337444.74702822365
2025-06-07 20:00:00,19785.333949593874,22831.66120763439,0.0,338292.7038474204
2025-06-07 21:00:00,19734.47283720348,22866.256470768876,0.0,339231.7682768521
2025-06-07 22:00:00,19495.346748329302,22899.222386138445,0.0,340469.4942759582
2025-06-07 23:00:00,19213.279687062965,22930.44621393662,0.0,342051.8519487138
2025-06-08 00:00:00,20299.10988557269,22961.715474778313,22961.715474778313,319497.2854091886
2025-06-08 01:00:00,20133.352562255353,22993.552315771394,22993.552315771394,297126.8936733493
2025-06-08 02:00:00,19995.026818934817,23024.129602747722,23024.129602747722,274910.1972078661
2025-06-08 03:00:00,19614.856570860735,23052.311857158973,23052.311857158973,253115.91212913202
2025-06-08 04:00:00,19617.8807194268,23075.409903229105,23075.409903229105,231318.26688532444
2025-06-08 05:00:00,19676.758288937177,23086.924981963322,23086.924981963322,209455.20211983868
2025-06-08 06:00:00,19777.970558216228,23094.49412348778,23094.49412348778,187479.67927737618
2025-06-08 07:00:00,20404.124496645178,23087.659648144778,23087.659648144778,164808.42983665937
2025-06-08 08:00:00,10643.849651392953,23091.089136542898,23091.089136542898,152981.9302240005
2025-06-08 09:00:00,10170.853665095172,23095.4104825093,23095.4104825093,141680.9817072281
2025-06-08 10:00:00,10141.042904171692,23107.84661564176,23107.84661564176,130413.15625814843
2025-06-08 11:00:00,9857.846990220347,23126.206504557864,23126.206504557864,119459.99293568138
2025-06-08 12:00:00,9601.193106125884,23133.47085027144,23133.47085027144,108792.00059554151
2025-06-08 13:00:00,9664.194785503812,23144.98135816201,23144.98135816201,98054.00638942617
2025-06-08 14:00:00,9695.880189617832,23147.91951802294,23147.91951802294,87280.80617873967
2025-06-08 15:00:00,13238.913567907362,23150.23406718546,23082.4839596877,72638.65232189592
2025-06-08 16:00:00,14973.619930983645,23158.829458030854,4528.162888240721,74631.96341281534
2025-06-08 17:00:00,13451.854419908415,23169.666271556132,0.0,82855.12477336213
2025-06-08 18:00:00,18434.96690454776,23182.57147134688,0.0,85554.39968410038
2025-06-08 19:00:00,18516.57494667643,23200.090054696488,0.0,88180.51757582306
2025-06-08 20:00:00,18849.992635108218,23215.737663927324,0.0,90451.81897851903
2025-06-08 21:00:00,18686.399062664284,23229.79840114554,0.0,92918.95175448204
2025-06-08 22:00:00,18298.70547775476,23242.08630633468,0.0,95829.14308553365
2025-06-08 23:00:00,17973.544984297165,23252.720215238798,0.0,99111.25776266449
2025-06-09 00:00:00,17870.75789256072,23263.42497276076,0.0,102518.28507702445
2025-06-09 01:00:00,17521.088991837416,23271.168463327384,0.0,106321.5768827547
2025-06-09 02:00:00,17301.22973289722,23274.553174200686,0.0,110372.54146484737
2025-06-09 03:00:00,17471.48225833646,23272.445060636757,0.0,114232.22846066584
2025-06-09 04:00:00,18090.94643619829,23264.755184112215,0.0,117395.93204900216
2025-06-09 05:00:00,18781.203074453813,23255.957483678074,0.0,119783.88611662044
2025-06-09 06:00:00,18617.94980665985,23248.13719260932,0.0,122345.41241294105
2025-06-09 07:00:00,18034.524292152088,23230.1197085278,0.0,125537.1717968554
2025-06-09 08:00:00,13463.329097840113,23216.510035234747,0.0,133794.42727893445
2025-06-09 09:00:00,12087.092086514154,23211.524416025124,0.0,143575.84937661054
2025-06-09 10:00:00,12070.47698618174,23206.04878682526,0.0,153370.25706767832
2025-06-09 11:00:00,11936.666572636052,23197.30777874638,0.0,163304.6019879402
2025-06-09 12:00:00,11843.634287944778,23188.131729460503,0.0,173333.14006412873
2025-06-09 13:00:00,12110.288792127794,23173.84247859406,0.0,183051.10610702526
2025-06-09 14:00:00,12247.662765556797,23154.154477812615,0.0,192596.74640088584
2025-06-09 15:00:00,13567.475894163701,23141.530670242075,0.0,200663.3038553905
2025-06-09 16:00:00,18843.79770653882,23133.19340950896,0.0,202858.9442576341
2025-06-09 17:00:00,19584.49677062149,23131.82836555263,0.0,204230.22065582953
2025-06-09 18:00:00,20206.93330029931,23129.682988962937,0.0,204907.75553334877
2025-06-09 19:00:00,20174.48529244157,23117.935562401297,0.0,205609.59632637052
2025-06-09 20:00:00,19996.9310722425,23107.271379419413,0.0,206498.05540329823
2025-06-09 21:00:00,19625.165339777726,23095.697283163976,0.0,207788.01342004255
2025-06-09 22:00:00,19066.50256853517,23084.957728267946,0.0,209687.96829438256
2025-06-09 23:00:00,18727.844461203043,23075.00229226892,0.0,211954.25451864806
2025-06-10 00:00:00,18639.88210879352,23070.100308729343,0.0,214313.37470649576
2025-06-10 01:00:00,18685.530964308702,23067.390159361355,0.0,216619.06379440296
2025-06-10 02:00:00,18590.330324333405,23066.47242414312,0.0,219029.61363595343
2025-06-10 03:00:00,19087.819841937504,23064.836097192452,0.0,220885.761019882
2025-06-10 04:00:00,20361.41414830172,23062.44856528184,0.0,221324.4160870508
2025-06-10 05:00:00,21339.84123332172,23061.210180780963,0.0,220674.691564141
2025-06-10 06:00:00,21308.95278340666,23058.023780008883,0.0,220056.10114036466
2025-06-10 07:00:00,21234.590410596415,23048.909560996304,0.0,219511.02135625383
2025-06-10 08:00:00,21121.91032203227,23036.302871401964,0.0,219078.53498095326
2025-06-10 09:00:00,20849.64850932403,23020.014846465347,0.0,218932.2737059475
2025-06-10 10:00:00,20930.762092111887,23003.55897445149,0.0,218679.43035583023
2025-06-10 11:00:00,16790.215604891604,22979.680737369097,0.0,223003.3159766531
2025-06-10 12:00:00,16353.006201453241,22967.196572854285,0.0,227800.50565900374
2025-06-10 13:00:00,18057.529522906272,22960.25377167773,0.0,230696.83773856342
2025-06-10 14:00:00,15542.511998760223,22961.421197638374,0.0,236388.80115980154
2025-06-10 15:00:00,16731.5030983345,22965.78032562496,0.0,240764.02248727705
2025-06-10 16:00:00,20368.363346519516,22955.772804828754,0.0,241088.28046263967
2025-06-10 17:00:00,20553.73963105068,22940.98508191097,0.0,241191.77706560542
2025-06-10 18:00:00,20765.196168160823,22919.771679500507,0.0,241039.10855826057
2025-06-10 19:00:00,20691.295829301,22919.539013402868,0.0,240968.3188724401
2025-06-10 20:00:00,20518.136968969837,22920.65963477098,0.0,241091.04854168906
2025-06-10 21:00:00,20096.254782258988,22924.133659071194,0.0,241686.0102204725
2025-06-10 22:00:00,19837.44258399233,22931.29102126625,0.0,242575.69837063612
2025-06-10 23:00:00,19443.178901478717,22930.65277657975,0.0,243902.81903446175
2025-06-11 00:00:00,18905.54733669524,22930.80900771412,0.0,245827.4643347367
2025-06-11 01:00:00,18481.980249476073,22933.618324578318,0.0,248225.54904878602
2025-06-11 02:00:00,18344.097143862546,22936.665113125935,0.0,250779.88400206467
2025-06-11 03:00:00,18619.4785638278,22939.015536825475,0.0,253030.59002352596
2025-06-11 04:00:00,19652.70753059417,22939.80942935372,0.0,254134.0577522195
2025-06-11 05:00:00,20330.547727693,22940.805799134047,0.0,254485.3660761391
2025-06-11 06:00:00,20107.744619940804,22936.699063471704,0.0,255080.12667300992
2025-06-11 07:00:00,19769.48247946955,22921.23262770429,0.0,256035.26765685916
2025-06-11 08:00:00,19486.617408851806,22898.384018235745,0.0,257281.85455414848
2025-06-11 09:00:00,18632.41080968503,22871.75273651124,0.0,259450.92861323187
2025-06-11 10:00:00,18652.442939362663,22836.828003990886,0.0,261562.8200179309
2025-06-11 11:00:00,18509.73857771327,22798.655609693258,0.0,263795.09943016496
2025-06-11 12:00:00,14616.461341482667,22760.843360460807,0.0,270315.4301889783
2025-06-11 13:00:00,12662.563989781258,22717.447727449835,0.0,278963.3623722268
2025-06-11 14:00:00,11913.65492936,22682.96129163183,0.0,288408.929297903
2025-06-11 15:00:00,17849.186155280415,22646.82068046039,0.0,291223.32091694075
2025-06-11 16:00:00,18838.070357458957,22615.03961421689,0.0,292907.1712450921
2025-06-11 17:00:00,19525.910466781206,22582.183635703695,0.0,293793.8988065945
2025-06-11 18:00:00,20095.708573984695,22562.107905762343,0.0,294027.4416301516
2025-06-11 19:00:00,20156.922448599777,22548.25650008861,0.0,294179.117631796
2025-06-11 20:00:00,20126.469828458874,22537.728692871002,0.0,294354.10207082384
2025-06-11 21:00:00,19608.83805045516,22529.872221561876,0.0,295096.37645854667
2025-06-11 22:00:00,18844.13990137408,22521.603452982425,0.0,296680.0466877801
2025-06-11 23:00:00,18533.035707209983,22513.268448408973,0.0,298601.0532392891
2025-06-12 00:00:00,18387.99278703522,22502.806109491066,0.0,300672.7562520743
2025-06-12 01:00:00,18386.46162457333,22490.411955492622,0.0,302733.76640248555
2025-06-12 02:00:00,18325.459971337947,22472.30674730554,0.0,304844.4509594155
2025-06-12 03:00:00,18552.559381680312,22452.038758601273,0.0,306682.53484948317
2025-06-12 04:00:00,19584.547371203073,22428.923468078247,0.0,307350.85012733575
2025-06-12 05:00:00,20716.25157899464,22403.503687711494,0.0,306736.2965050532
2025-06-12 06:00:00,20614.194389581295,22373.552516372732,0.0,306205.18858855776
2025-06-12 07:00:00,19920.111784395325,22349.081060266835,0.0,306420.81211060757
2025-06-12 08:00:00,19443.854619509402,22323.282459981856,0.0,307139.81166002346
2025-06-12 09:00:00,16142.805205834222,22287.956743203347,0.0,311491.31817452214
2025-06-12 10:00:00,10725.823951935063,22241.600508842883,0.0,321815.3365145483
2025-06-12 11:00:00,9605.91759770236,22197.18529617597,0.0,333339.28003549937
2025-06-12 12:00:00,9075.10245791277,22146.14516576625,0.0,345401.978025807
2025-06-12 13:00:00,9154.683036334834,22095.24725393448,0.0,357325.35523936944
2025-06-12 14:00:00,9252.568903921656,22042.735451614433,0.0,369087.4585755154
2025-06-12 15:00:00,12968.944284536932,21978.17090150312,0.0,376655.6913830886
2025-06-12 16:00:00,19796.75997186188,21917.42306112608,0.0,376576.71447547927
2025-06-12 17:00:00,20567.149611586938,21865.62965040899,0.0,375589.9556685694
2025-06-12 18:00:00,20804.38471500492,21812.17149175638,0.0,374286.1441436537
2025-06-12 19:00:00,20724.618095426507,21781.242248485058,0.0,373040.032952776
2025-06-12 20:00:00,20656.829410614784,21754.65671100223,0.0,371842.65698531736
2025-06-12 21:00:00,20157.686653929963,21731.022291583988,0.0,371176.24966142356
2025-06-12 22:00:00,19583.04481361808,21709.899644054756,0.0,371127.2106236805
2025-06-12 23:00:00,19038.733326232395,21691.61436989607,0.0,371664.6768533184
2025-06-13 00:00:00,18789.64665199165,21675.674010959076,0.0,372462.96569539787
2025-06-13 01:00:00,18250.685316059797,21660.392183367887,0.0,373844.8186386993
2025-06-13 02:00:00,17716.140279926425,21645.939091676337,0.0,375806.1574193463
2025-06-13 03:00:00,17957.595236919096,21631.090623184282,0.0,377484.36444595375
2025-06-13 04:00:00,19023.947197093185,21614.397522198964,0.0,377961.04286027147
2025-06-13 05:00:00,19814.275004418458,21594.19255740019,0.0,377539.3743016511
2025-06-13 06:00:00,19864.76656811852,21570.428745021578,0.0,377037.8401932076
2025-06-13 07:00:00,19106.169247678543,21541.687332259662,0.0,377350.4505836022
2025-06-13 08:00:00,17952.56899384928,21512.59487709781,0.0,378915.7465786453
2025-06-13 09:00:00,11464.83252336524,21478.147524422384,0.0,387655.1912993286
2025-06-13 10:00:00,9946.004978353249,21434.338554112008,0.0,398038.4132108258
2025-06-13 11:00:00,8120.707377903871,21387.43514962097,0.0,410402.8401627758
2025-06-13 12:00:00,7907.0449911186115,21338.23889753719,0.0,422955.4735146257
2025-06-13 13:00:00,9629.566322648512,21293.116232721703,0.0,433549.07161107124
2025-06-13 14:00:00,9756.421034071365,21249.218705002837,0.0,443957.8225004392
2025-06-13 15:00:00,14616.626755619083,21211.98842836758,0.0,448929.1145336745
2025-06-13 16:00:00,17688.49809591141,21174.59764896447,0.0,450449.82540940406
2025-06-13 17:00:00,18301.115816710582,21145.13246590782,0.0,451260.38474563346
2025-06-13 18:00:00,18495.677804732797,21111.67295292183,0.0,451821.3045821855
2025-06-13 19:00:00,18111.258097088077,21083.516156859565,0.0,452781.2006311694
2025-06-13 20:00:00,17783.7197052429,21055.64150909297,0.0,454077.1535788814
2025-06-13 21:00:00,17409.142547086212,21027.609460643736,0.0,455761.27132054046
2025-06-13 22:00:00,17276.406286295834,21000.871148068905,0.0,457566.13548383623
2025-06-13 23:00:00,16965.998248965607,20975.76822916698,0.0,459690.7945474858
2025-06-14 00:00:00,16694.796605516392,20952.148449563225,0.0,462093.1689909198
2025-06-14 01:00:00,16618.204845191915,20929.71330183712,0.0,464558.2102425436
2025-06-14 02:00:00,16385.24835658124,20908.577156140163,0.0,467260.95589137136
2025-06-14 03:00:00,16119.202837631743,20888.01437997652,0.0,470238.74489620136
2025-06-14 04:00:00,16064.856044329703,20865.31792924096,0.0,473254.2227761872
2025-06-14 05:00:00,16583.166887807107,20840.591256339314,0.0,475669.07304607413
2025-06-14 06:00:00,16928.24238294633,20811.416354023906,0.0,477671.3311968244
2025-06-14 07:00:00,17122.09948171064,20784.571987837542,0.0,479431.3482049834
2025-06-14 08:00:00,14825.723433333129,20757.36803166127,0.0,483715.69019960787
2025-06-14 09:00:00,11202.460850097697,20726.936094856224,0.0,491995.44757213333
2025-06-14 10:00:00,9748.966981053358,20697.685401235307,0.0,501860.9474388649
2025-06-14 11:00:00,6306.731601281259,20663.33414840169,0.0,515516.80203028745
2025-06-14 12:00:00,6031.399152246826,20636.13701534956,0.0,529451.3844320294
2025-06-14 13:00:00,7379.082061110547,20603.109857678697,0.0,541855.5142218075
2025-06-14 14:00:00,7284.810028024889,20572.881499637424,0.0,554334.1623569727
2025-06-14 15:00:00,13742.483560612887,20540.40320913923,0.0,559605.1393876532
2025-06-14 16:00:00,16901.733487914353,20504.65257924023,0.0,561330.0880914332
2025-06-14 17:00:00,17444.022522718573,20471.093383977866,0.0,562418.9342279459
2025-06-14 18:00:00,17710.22553654248,20446.194268377818,0.0,563187.1001223875
2025-06-14 19:00:00,17664.65949879252,20419.75312686733,0.0,563979.4538061521
2025-06-14 20:00:00,17549.941397155188,20392.08318476774,0.0,564871.6021051919
2025-06-14 21:00:00,17596.82335142017,20366.533408725918,0.0,565686.1095678955
2025-06-14 22:00:00,17734.45072044736,20342.029178872137,0.0,566323.1935018261
2025-06-14 23:00:00,17208.84598293157,20316.556815946442,0.0,567518.8103367374
2025-06-15 00:00:00,18012.866353741807,20290.094664397457,20290.094664397457,547504.5143881354
2025-06-15 01:00:00,18098.02915445482,20261.36675795018,20261.36675795018,527395.5931054079
2025-06-15 02:00:00,18580.733533478506,20230.888207790347,20230.888207790347,506750.3336237651
2025-06-15 03:00:00,18313.049057437718,20198.819162352967,20198.819162352967,486402.50133772317
2025-06-15 04:00:00,18131.96568695125,20166.63930172675,20166.63930172675,466255.8727966662
2025-06-15 05:00:00,18586.149262509836,20133.005562746413,20133.005562746413,445604.59583832195
2025-06-15 06:00:00,18819.22429047197,20103.373282058157,20103.373282058157,424694.3466266864
2025-06-15 07:00:00,18866.201237939265,20089.66568383474,20089.66568383474,403731.9008067539
2025-06-15 08:00:00,19058.07785043654,20076.684125195454,20076.684125195454,382556.2587507133
2025-06-15 09:00:00,19558.41117707786,20058.046533707828,20058.046533707828,360824.69077618234
2025-06-15 10:00:00,15874.831491540765,20021.8504661557,20021.8504661557,343185.9891189148
2025-06-15 11:00:00,9414.076396141854,19982.399390690156,19982.399390690156,332725.90423431277
2025-06-15 12:00:00,9535.42802463724,19948.31167702067,19948.31167702067,322130.984206938
2025-06-15 13:00:00,9423.5615957265,19923.88808462196,19923.88808462196,311660.36021168635
2025-06-15 14:00:00,18695.345136504413,19901.40539207553,19901.40539207553,290887.75450445927
2025-06-15 15:00:00,20092.776891371275,19888.97610574984,19888.97610574984,268562.4468473801
2025-06-15 16:00:00,20299.236789873736,19878.92690993182,19878.92690993182,246007.73930307594
2025-06-15 17:00:00,20620.28726618394,19886.780193966206,19886.780193966206,223096.30900731598
2025-06-15 18:00:00,20884.636164012154,19894.675759316728,19894.675759316728,199891.15771396915
2025-06-15 19:00:00,20709.643441416767,19888.51738846081,19888.51738846081,176880.44277906162
2025-06-15 20:00:00,20252.373967242995,19881.72322062047,18429.324992774917,155830.20326552624
2025-06-15 21:00:00,18457.95516575769,19880.221162373968,18369.75238188469,136831.8329729514
2025-06-15 22:00:00,17870.24049691555,19879.983028314677,9918.232106254334,126937.76112066113
2025-06-15 23:00:00,17536.234590049495,19880.970271391376,7134.200595790409,120199.8256962071
2025-06-16 00:00:00,17244.23592266268,19882.82353125975,0.0,120922.38709117498
2025-06-16 01:00:00,16988.699303969235,19886.702001345795,0.0,121932.75653255498
2025-06-16 02:00:00,16704.813868441874,19894.245359797722,0.0,123266.09759408394
2025-06-16 03:00:00,16676.629028515392,19901.93600472093,0.0,124638.44578934333
2025-06-16 04:00:00,17901.516265155158,19911.505533292275,0.0,124659.37769468545
2025-06-16 05:00:00,19039.95459607271,19921.33111612022,0.0,123425.20370405818
2025-06-16 06:00:00,18580.496200148093,19927.856944823343,0.0,122708.06487093921
2025-06-16 07:00:00,18749.85892254564,19932.005130209323,0.0,121806.89342054226
2025-06-16 08:00:00,18219.67667805618,19936.118819771647,0.0,121498.92704247372
2025-06-16 09:00:00,17881.662007522886,19934.821014737998,0.0,121565.23471551962
2025-06-16 10:00:00,17744.689258818747,19928.662906739304,0.0,121777.57622357142
2025-06-16 11:00:00,17360.809372167252,19920.212573049866,0.0,122408.00060532434
2025-06-16 12:00:00,17423.54786791863,19913.88162734386,0.0,122962.38460164749
2025-06-16 13:00:00,17711.737519811897,19902.356869460546,0.0,123185.03311576149
2025-06-16 14:00:00,17909.120237992687,19888.962429272742,0.0,123174.97305837568
2025-06-16 15:00:00,17783.34090153408,19875.807047489707,0.0,123291.51243749421
2025-06-16 16:00:00,17905.234484184883,19856.38232123873,0.0,123253.18977630527
2025-06-16 17:00:00,18202.100983127588,19840.776372977914,0.0,122869.40950136365
2025-06-16 18:00:00,18513.07854180339,19829.285935351236,0.0,122128.60816804445
2025-06-16 19:00:00,18543.484868651696,19824.80307989286,0.0,121349.53917165764
2025-06-16 20:00:00,18379.469750534045,19822.14815151142,0.0,120750.05426702012
2025-06-16 21:00:00,18290.01345759488,19820.388809867793,0.0,120248.2059017825
2025-06-16 22:00:00,17894.53842596792,19820.123938661807,0.0,120185.5093671466
2025-06-16 23:00:00,17723.265734280674,19822.21323011453,0.0,120315.20511472705
2025-06-17 00:00:00,16900.39216909211,19825.65421824978,0.0,121362.64581176337
2025-06-17 01:00:00,17591.08640995297,19829.634988086094,0.0,121646.62923323506
2025-06-17 02:00:00,17663.554891765383,19833.89446019192,0.0,121854.35159146546
2025-06-17 03:00:00,17755.481981611098,19839.935687954712,0.0,121965.97396651896
2025-06-17 04:00:00,18366.18148054994,19848.566594590982,0.0,121407.67224938778
2025-06-17 05:00:00,19260.81155260693,19859.538421427766,0.0,119866.30894569673
2025-06-17 06:00:00,19888.05283771975,19873.64446215576,0.0,117642.1169214972
2025-06-17 07:00:00,19549.01002343466,19885.620126249625,0.0,115806.61479948611
2025-06-17 08:00:00,18996.31576144835,19904.5811902317,0.0,114604.17847699742
2025-06-17 09:00:00,18521.277067593237,19922.1197464998,0.0,113947.10148172695
2025-06-17 10:00:00,14238.999153786604,19932.027248936643,0.0,118058.01855978956
2025-06-17 11:00:00,14110.95341675626,19936.349882090275,0.0,122315.53131215068
2025-06-17 12:00:00,13220.051795858162,19943.656224875336,0.0,127570.24109718362
2025-06-17 13:00:00,12995.692368688633,19945.03150221659,0.0,133075.6144119684
2025-06-17 14:00:00,13847.800799834946,19941.419926215945,0.0,137630.5890050344
2025-06-17 15:00:00,18356.33051909174,19939.57698719097,0.0,137174.24319323455
2025-06-17 16:00:00,18218.05372003301,19942.21641572901,0.0,136874.1776978158
2025-06-17 17:00:00,18375.683150889035,19936.99622334076,0.0,136393.74819794646
2025-06-17 18:00:00,18558.961667581185,19926.379646148936,0.0,135699.05932456075
2025-06-17 19:00:00,19019.131925444,19931.66980569223,0.0,134498.3603242041
2025-06-17 20:00:00,18466.423324717074,19937.104935692543,0.0,133917.21712132212
2025-06-17 21:00:00,18359.047097121027,19942.042800581923,0.0,133460.3187028807
2025-06-17 22:00:00,18222.10040647096,19940.191480798272,0.0,133153.73195426678
2025-06-17 23:00:00,17701.64011135851,19935.70793455181,0.0,133420.950876198
2025-06-18 00:00:00,17267.373555537775,19930.83875510038,0.0,134165.81901403418
2025-06-18 01:00:00,17047.581193468202,19924.21247526598,0.0,135148.2746076688
2025-06-18 02:00:00,16772.74330362854,19916.551716713955,0.0,136428.44487590663
2025-06-18 03:00:00,17196.50313523487,19907.399230078674,0.0,137228.61840016875
2025-06-18 04:00:00,17856.034328576246,19899.847870077916,0.0,137288.42812738416
2025-06-18 05:00:00,18945.23320875317,19890.68132284171,0.0,136128.850329389
2025-06-18 06:00:00,18776.373662708258,19882.252657031535,0.0,135148.4655834114
2025-06-18 07:00:00,18470.151026630414,19875.47676167189,0.0,134501.55231549393
2025-06-18 08:00:00,18458.357053948635,19871.673889103946,0.0,133863.94058909937
2025-06-18 09:00:00,18092.466104144612,19863.490010983034,0.0,133624.69048436618
2025-06-18 10:00:00,16738.60422499893,19855.002304418413,0.0,134881.2436498969
2025-06-18 11:00:00,10602.33744413678,19847.61341153068,0.0,142948.48212349784
2025-06-18 12:00:00,5066.027215039914,19846.142693875292,0.0,157165.705689551
2025-06-18 13:00:00,5027.973898968292,19852.536399807934,0.0,171431.6044238386
2025-06-18 14:00:00,5651.417868988128,19863.71413853011,0.0,185015.96537460413
2025-06-18 15:00:00,15240.851753870367,19873.027046505984,0.0,187954.71269458748
2025-06-18 16:00:00,16497.185510578107,19881.929683504764,0.0,189506.4362552277
2025-06-18 17:00:00,18313.4678964261,19890.448341344534,0.0,189048.58693387653
2025-06-18 18:00:00,19027.007439634148,19900.350592984578,0.0,187807.81814948985
2025-06-18 19:00:00,19280.77701525556,19905.18650062742,0.0,186289.91907761106
2025-06-18 20:00:00,18958.864832673204,19909.244551014486,0.0,185133.75825898867
2025-06-18 21:00:00,17547.257034767346,19911.487953803437,0.0,185548.2939519395
2025-06-18 22:00:00,15890.000318268623,19910.24090199373,0.0,187802.97894474588
2025-06-18 23:00:00,14600.0331262613,19907.569611606214,0.0,191488.28952717286
2025-06-19 00:00:00,13552.96357265376,19904.42411397235,0.0,196333.86522708548
2025-06-19 01:00:00,13308.876214207736,19900.756143335697,0.0,201446.98113241256
2025-06-19 02:00:00,13067.030680490752,19895.315588196194,0.0,206823.37374228568
2025-06-19 03:00:00,14405.699665687443,19890.2599178437,0.0,210707.30069825446
2025-06-19 04:00:00,17589.95342865074,19885.336143863813,0.0,211048.24414361746
2025-06-19 05:00:00,18514.781053755152,19880.544283073665,0.0,210356.80947807428
2025-06-19 06:00:00,17448.192778040568,19875.480437267604,0.0,210845.40905085235
2025-06-19 07:00:00,16719.055210577393,19870.910744258053,0.0,212139.59178335778
2025-06-19 08:00:00,14353.197115450013,19870.843562054044,0.0,216062.43855046734
2025-06-19 09:00:00,12380.090919631271,19872.991119545677,0.0,222179.773092645
2025-06-19 10:00:00,12472.254863499857,19875.27938256828,0.0,228196.99151576895
2025-06-19 11:00:00,10914.721941400001,19872.85026037134,0.0,235942.3729523625
2025-06-19 12:00:00,9216.97031525056,19870.747350135305,0.0,245572.04217444165
2025-06-19 13:00:00,9518.62786739627,19867.978074455845,0.0,254863.7670629016
2025-06-19 14:00:00,8892.878356285531,19864.38097812421,0.0,264847.17208959744
2025-06-19 15:00:00,11219.426777269706,19857.783147051345,0.0,272238.9254841269
2025-06-19 16:00:00,19028.30914212875,19850.514215730524,0.0,270946.87398638105
2025-06-19 17:00:00,18604.01843759416,19844.985215630517,0.0,270120.7276046847
2025-06-19 18:00:00,18777.09486214952,19838.214476743877,0.0,269095.5033457069
2025-06-19 19:00:00,19508.795018411503,19831.26600200298,0.0,267250.3304383638
2025-06-19 20:00:00,18897.95181376741,19823.796434121057,0.0,266076.40263496543
2025-06-19 21:00:00,17255.317919479978,19815.938094090456,0.0,266719.76526296703
2025-06-19 22:00:00,15596.207861677605,19808.254919092597,0.0,269198.9003357512
2025-06-19 23:00:00,18353.116800293552,19800.471386504934,0.0,268607.01972193
2025-06-20 00:00:00,18297.642142420424,19793.111129549976,0.0,268069.41735990177
2025-06-20 01:00:00,17670.37230984981,19785.55968429003,0.0,268221.2300332475
2025-06-20 02:00:00,18207.23172595731,19777.69376269467,0.0,267768.66632265627
2025-06-20 03:00:00,17731.99383010635,19769.737125247753,0.0,267836.1880811192
2025-06-20 04:00:00,18447.109017694318,19762.11203174425,0.0,267101.5123154253
2025-06-20 05:00:00,19290.240307634547,19754.338980655808,0.0,265422.25095426495
2025-06-20 06:00:00,19905.434778727787,19745.79164162643,0.0,263050.8928417495
2025-06-20 07:00:00,19703.53969427037,19738.74955008397,0.0,260896.82050931075
2025-06-20 08:00:00,19622.996989122403,19724.76378499246,0.0,258818.25430638943
2025-06-20 09:00:00,19199.114501809476,19710.30690877953,0.0,257196.21176871398
2025-06-20 10:00:00,17325.122983151097,19695.149589568606,0.0,257641.22471033694
2025-06-20 11:00:00,14457.678900117597,19678.469179400323,0.0,261255.60622293994
2025-06-20 12:00:00,14332.328832469746,19657.072835600953,0.0,264987.86924468563
2025-06-20 13:00:00,14468.945569111056,19636.44874218479,0.0,268547.71179896925
2025-06-20 14:00:00,14584.064346183633,19620.703309227007,0.0,271963.8991679922
2025-06-20 15:00:00,19003.143617154674,19603.595205907033,0.0,270452.89035483846
2025-06-20 16:00:00,19510.656206488187,19590.539161970995,0.0,268364.9226207115
2025-06-20 17:00:00,19532.709023716714,19579.151505729707,0.0,266241.0641000893
2025-06-20 18:00:00,19320.468781209387,19572.04941293522,0.0,264345.9259783474
2025-06-20 19:00:00,19113.041201260134,19576.89817812637,0.0,262686.1117106292
2025-06-20 20:00:00,18718.63204255772,19591.577013225095,0.0,261479.2086765679
2025-06-20 21:00:00,18392.681728824948,19617.15374318188,0.0,260660.04938772207
2025-06-20 22:00:00,17789.51941797801,19639.3900868161,0.0,260533.30678789594
2025-06-20 23:00:00,17402.952519603517,19654.948858108033,0.0,260851.6417353334
2025-06-21 00:00:00,17183.8997086923,19665.160016845555,0.0,261423.57985363193
2025-06-21 01:00:00,15660.377451811797,19672.767616242152,0.0,263695.92807897215
2025-06-21 02:00:00,16637.831756674772,19677.421920774195,0.0,264886.87027010764
2025-06-21 03:00:00,16771.24564111233,19676.402016948417,0.0,265928.5549080424
2025-06-21 04:00:00,16965.33482699014,19668.07098735211,0.0,266746.25386540545
2025-06-21 05:00:00,17341.42500665468,19658.264328455527,0.0,267136.2681864669
2025-06-21 06:00:00,16974.633284849555,19649.44177204882,0.0,267925.0063086829
2025-06-21 07:00:00,17432.80848344078,19634.67323386617,0.0,268189.892338726
2025-06-21 08:00:00,17481.348463142334,19617.219578461478,0.0,268383.39140258485
2025-06-21 09:00:00,14100.459419855055,19599.74156472348,0.0,272315.95583413605
2025-06-21 10:00:00,10497.764539421278,19580.42296644797,0.0,280232.19597900484
2025-06-21 11:00:00,5298.8557100970975,19562.525931177093,0.0,293907.10445451847
2025-06-21 12:00:00,4554.623197288598,19539.91343573705,0.0,308386.32544882374
2025-06-21 13:00:00,6301.595261505847,19523.922710735118,0.0,320908.4756467746
2025-06-21 14:00:00,5867.04825283579,19504.428361970564,0.0,333893.96150559443
2025-06-21 15:00:00,17012.564886692562,19492.01464864041,0.0,334483.126280132
2025-06-21 16:00:00,17578.137781116628,19475.552879563304,0.0,334427.4149584546
2025-06-21 17:00:00,18145.95243747083,19458.62748977435,0.0,333723.87307326135
2025-06-21 18:00:00,18881.462819175882,19439.64695116232,0.0,332184.116892006
2025-06-21 19:00:00,19077.39857368893,19421.51968589969,0.0,330408.5270515846
2025-06-21 20:00:00,18918.854012135722,19404.26679101817,0.0,328791.84494022984
2025-06-21 21:00:00,18788.568976264123,19388.53010310868,0.0,327304.1872919339
2025-06-21 22:00:00,18391.348028920587,19372.642406115716,0.0,326241.9985548045
2025-06-21 23:00:00,18541.841486252535,19357.324481782925,0.0,324997.27694075136
2025-06-22 00:00:00,19802.03146898561,19342.06330886243,19342.06330886243,302995.0197529895
2025-06-22 01:00:00,19618.221965309458,19326.973674842662,19326.973674842662,281196.99534709007
2025-06-22 02:00:00,19402.504951778807,19311.898668200974,19311.898668200974,259638.65651178028
2025-06-22 03:00:00,18964.869349606022,19296.68630523573,19240.21376298254,238623.05199891567
2025-06-22 04:00:00,19082.867998242054,19281.433835722677,15390.568544293954,221310.730625631
2025-06-22 05:00:00,19183.04027576282,19265.948678005283,15378.208188560075,203883.9819197842
2025-06-22 06:00:00,19004.266076145224,19245.905882115472,3035.4357464505592,198978.6008597334
2025-06-22 07:00:00,17830.064766997573,19214.81948798431,0.0,198382.23727327594
2025-06-22 08:00:00,15519.18487158263,19186.847187950138,0.0,200325.54571502315
2025-06-22 09:00:00,7838.347261033361,19163.87021455275,0.0,210780.14119509442
2025-06-22 10:00:00,7806.18535498506,19147.37539465049,0.0,221253.9773064281
2025-06-22 11:00:00,7580.126732085762,19129.16705765148,0.0,231960.78132842877
2025-06-22 12:00:00,7740.88057736601,19114.92113331283,0.0,242474.724042446
2025-06-22 13:00:00,7597.4127310441945,19090.55308308368,0.0,253123.70742436947
2025-06-22 14:00:00,7559.885190543471,19063.080094265166,0.0,263786.9150846975
2025-06-22 15:00:00,9523.648304080514,19027.72240739485,0.0,272232.80604311393
2025-06-22 16:00:00,15786.246644251007,18992.448616385005,0.0,273684.9806103312
2025-06-22 17:00:00,17261.40373672859,18945.739343870548,0.0,273451.38246894773
2025-06-22 18:00:00,18326.10212664356,18903.006650851028,0.0,271992.05342352815
2025-06-22 19:00:00,18178.51492575967,18882.70856233532,0.0,270676.4120683527
2025-06-22 20:00:00,17823.237507571444,18867.670375823196,0.0,269740.485213541
2025-06-22 21:00:00,17861.502167475894,18850.01556904595,0.0,268744.3872631693
2025-06-22 22:00:00,17773.689307704637,18837.60233666609,0.0,267833.445924608
2025-06-22 23:00:00,17437.219640858893,18829.027831077405,0.0,267287.78526584216
2025-06-23 00:00:00,17232.717780312938,18823.179722064866,0.0,266963.50078755926
2025-06-23 01:00:00,17047.29267590673,18816.654978104736,0.0,266838.719459101
2025-06-23 02:00:00,16666.225012711475,18808.634913969436,0.0,267129.3265811688
2025-06-23 03:00:00,15973.02888922787,18801.391967346335,0.0,268182.9086715953
2025-06-23 04:00:00,16414.69276853829,18790.920581981714,0.0,268735.2817329789
2025-06-23 05:00:00,17355.80304308674,18774.64723828287,0.0,268225.70336783206
2025-06-23 06:00:00,18315.096594339615,18757.513380164783,0.0,266633.1094209528
2025-06-23 07:00:00,18044.13850064934,18742.40634828721,0.0,265326.47299074073
2025-06-23 08:00:00,11710.709986504238,18736.122869284558,0.0,271050.6958750206
2025-06-23 09:00:00,11239.2493196254,18735.019073056068,0.0,277297.6601484929
2025-06-23 10:00:00,11471.976121334286,18743.92806845841,0.0,283294.9480821354
2025-06-23 11:00:00,9436.062242714153,18764.501879102096,0.0,291574.9363582218
2025-06-23 12:00:00,9447.554162078293,18782.012133133623,0.0,299859.6660890462
2025-06-23 13:00:00,9301.89160963575,18814.449602775276,0.0,308338.680570004
2025-06-23 14:00:00,9229.172139797034,18862.598318996806,0.0,316946.6431781152
2025-06-23 15:00:00,9208.537945296248,18934.900744107956,0.0,325649.83509411616
2025-06-23 16:00:00,11102.130113856485,18994.81530217626,0.0,332308.95026978524
2025-06-23 17:00:00,10890.218585455359,19039.89331814308,0.0,339248.6007152001
2025-06-23 18:00:00,19386.5486493698,19072.888760035887,0.0,336780.8798648251
2025-06-23 19:00:00,18997.34254219666,19087.94794806633,0.0,334760.66943267296
2025-06-23 20:00:00,18894.499442504824,19098.423793987648,0.0,332865.2049572108
2025-06-23 21:00:00,18859.135083759054,19103.71723768315,0.0,331014.32765738387
2025-06-23 22:00:00,18206.432837157132,19105.274058664567,0.0,329890.23189698503
2025-06-23 23:00:00,17778.319266354243,19099.858781422896,0.0,329236.402604681
2025-06-24 00:00:00,17488.84022725446,19092.72118755619,0.0,328897.07909528766
2025-06-24 01:00:00,17611.90947375454,19083.412589909865,0.0,328411.7033810259
2025-06-24 02:00:00,17359.054506721375,19071.684292629343,0.0,328195.5493328537
2025-06-24 03:00:00,17235.64281944937,19056.686689433696,0.0,328101.52177845465
2025-06-24 04:00:00,17759.894430856642,19037.73034701643,0.0,327406.03609118593
2025-06-24 05:00:00,18642.345955223875,19013.410668136617,0.0,325705.7290312961
2025-06-24 06:00:00,18642.866241811327,18985.165388689482,0.0,323976.59859575075
2025-06-24 07:00:00,17261.784495664135,18961.939447833844,0.0,323758.77749284665
2025-06-24 08:00:00,14379.511138923332,18930.74316080703,0.0,326712.28605485003
2025-06-24 09:00:00,14307.229050398546,18900.582844604833,0.0,329715.9477323453
2025-06-24 10:00:00,14168.809457320614,18872.847999307396,0.0,332845.6741124076
2025-06-24 11:00:00,14296.799748802201,18850.35725206263,0.0,335810.6983102455
2025-06-24 12:00:00,11077.317410160154,18819.543617653067,0.0,342322.1114721651
2025-06-24 13:00:00,11002.42933339216,18784.801097730386,0.0,348881.9910883487
2025-06-24 14:00:00,11380.175855156202,18745.59551171674,0.0,354982.94676100294
2025-06-24 15:00:00,11566.978908952871,18708.128726588708,0.0,360838.87669986626
2025-06-24 16:00:00,16177.598376608186,18671.228931840356,0.0,361534.99632436415
2025-06-24 17:00:00,19211.365110854447,18642.870158719248,0.0,358831.9052488007
2025-06-24 18:00:00,19797.076171962286,18631.849755901305,0.0,355467.0037025217
2025-06-24 19:00:00,19639.57505972881,18596.95650414816,0.0,352242.2101403045
2025-06-24 20:00:00,19440.92491613855,18564.23639665705,0.0,349205.4188523632
2025-06-24 21:00:00,19050.62166072862,18530.221611731562,0.0,346568.28306328517
2025-06-24 22:00:00,19099.30925648004,18501.99472388627,0.0,343848.8230577492
2025-06-24 23:00:00,18703.69539333387,18484.205829953815,0.0,341551.145117332
2025-06-25 00:00:00,18334.361987939195,18465.463251159137,0.0,339645.0950485587
2025-06-25 01:00:00,18367.5220684089,18446.98503207184,0.0,337683.7222268429
2025-06-25 02:00:00,18164.87229993073,18428.9914620034,0.0,335929.5222444788
2025-06-25 03:00:00,18210.2746794488,18413.750696301882,0.0,334109.63440805976
2025-06-25 04:00:00,18364.572888551826,18399.666754551537,0.0,332104.22017533146
2025-06-25 05:00:00,19472.02422837724,18389.773360240557,0.0,328858.4110595974
2025-06-25 06:00:00,19645.886555826157,18380.524336466624,0.0,325410.1725562571
2025-06-25 07:00:00,19620.598625061546,18373.194511228226,0.0,321982.7019285281
2025-06-25 08:00:00,19492.54260736083,18363.82964954747,0.0,318688.1509032302
2025-06-25 09:00:00,15971.71082153001,18359.717384353673,0.0,319301.5229303283
2025-06-25 10:00:00,14071.862319026579,18359.604215719577,0.0,322025.7245693517
2025-06-25 11:00:00,14349.031750167305,18363.19921336055,0.0,324445.5551714152
2025-06-25 12:00:00,14324.1643804831,18363.375018031435,0.0,326893.19198890985
2025-06-25 13:00:00,13764.686787394152,18354.924506710002,0.0,329954.0200651819
2025-06-25 14:00:00,14102.355512137085,18338.50852614882,0.0,332623.24468895624
2025-06-25 15:00:00,19067.819948747536,18327.393863413305,0.0,329764.17194265005
2025-06-25 16:00:00,19532.649159570177,18311.299748578673,0.0,326372.5281805952
2025-06-25 17:00:00,20006.292385821544,18293.117844213877,0.0,322436.43226278515
2025-06-25 18:00:00,20468.403462723756,18271.63226999385,0.0,317965.39401864144
2025-06-25 19:00:00,20437.01993352829,18249.914536814187,0.0,313507.50862931315
2025-06-25 20:00:00,20355.92367939123,18227.521076810146,0.0,309117.33672902186
2025-06-25 21:00:00,19881.476153657004,18207.982378348894,0.0,305234.79004775186
2025-06-25 22:00:00,19485.897146930514,18192.590773480697,0.0,301776.3839913098
2025-06-25 23:00:00,19238.386037081265,18178.32422535206,0.0,298578.723731016
2025-06-26 00:00:00,19035.03105232841,18164.49231780055,0.0,295593.18154622935
2025-06-26 01:00:00,18992.583108303297,18150.877744126134,0.0,292641.18917001854
2025-06-26 02:00:00,18932.840348533886,18138.313757843862,0.0,289743.0136517136
2025-06-26 03:00:00,19273.89678374692,18125.609036146303,0.0,286453.18181703
2025-06-26 04:00:00,20039.59586345443,18111.583466887925,0.0,282298.54765785753
2025-06-26 05:00:00,20742.084953010795,18096.685466911607,0.0,277348.47206586815
2025-06-26 06:00:00,20945.935734017436,18080.59335483701,0.0,272155.80349401914
2025-06-26 07:00:00,20772.712362631137,18073.146344629436,0.0,267148.15832461405
2025-06-26 08:00:00,20591.8083352664,18072.106067351007,0.0,262340.4773527801
2025-06-26 09:00:00,20403.418612797523,18074.492251083906,0.0,257744.50447853343
2025-06-26 10:00:00,20063.214555815466,18081.03560638059,0.0,253533.07946734127
2025-06-26 11:00:00,19742.175270599335,18096.67950680762,0.0,249694.00867348298
2025-06-26 12:00:00,16031.042986461845,18110.627612261098,0.0,249992.36630078647
2025-06-26 13:00:00,16902.92006961541,18124.128368875477,0.0,249335.4723700893
2025-06-26 14:00:00,16729.409423646834,18136.059962260006,0.0,248883.29963940836
2025-06-26 15:00:00,18162.12231602406,18145.978389478667,0.0,246849.1421221936
2025-06-26 16:00:00,18317.885092033823,18153.345544924647,0.0,244649.2820093029
2025-06-26 17:00:00,18298.590252337417,18157.877763131077,0.0,242475.3928253924
2025-06-26 18:00:00,20378.107934897296,18166.917606532228,0.0,237999.96828203872
2025-06-26 19:00:00,20160.043015272437,18173.177662667913,0.0,233773.09814995952
2025-06-26 20:00:00,19956.023864707397,18189.75599799201,0.0,229789.49429827664
2025-06-26 21:00:00,19188.698142050507,18215.565595997665,0.0,226684.2841808848
2025-06-26 22:00:00,18477.3255999209,18248.516455351564,0.0,224402.43885854652
2025-06-26 23:00:00,17696.630927107442,18288.68931765574,0.0,223028.20492386064
2025-06-27 00:00:00,17429.161706548846,18328.991866172168,0.0,221991.46156053405
2025-06-27 01:00:00,17396.845717810207,18372.21374591955,0.0,221033.84673110893
2025-06-27 02:00:00,17108.1619382744,18420.033235798983,0.0,220444.81114660305
2025-06-27 03:00:00,17176.68742543174,18465.75618236075,0.0,219825.35907848406
2025-06-27 04:00:00,18423.10061981826,18511.705006740704,0.0,217866.95228542673
2025-06-27 05:00:00,19203.30214429095,18554.593981235834,0.0,215084.5438841171
2025-06-27 06:00:00,19112.20830809378,18598.822800475595,0.0,212447.57967559958
2025-06-27 07:00:00,19005.23639106332,18628.456006259505,0.0,209959.10635845538
2025-06-27 08:00:00,18590.961152132022,18650.39813342873,0.0,207952.8809895152
2025-06-27 09:00:00,18128.011093555426,18680.482016250335,0.0,206491.12845737062
2025-06-27 10:00:00,16694.672007712303,18711.22184467454,0.0,206652.71473792035
2025-06-27 11:00:00,15035.06981447814,18744.025936703576,0.0,208691.107547426
2025-06-27 12:00:00,14967.520027014587,18776.118528245377,0.0,210836.6482678774
2025-06-27 13:00:00,14707.30000939099,18804.83051717869,0.0,213300.0343301772
2025-06-27 14:00:00,14465.172130078015,18833.871865082936,0.0,216061.49271739562
2025-06-27 15:00:00,15555.254707857082,18858.912139410062,0.0,217636.7885147423
2025-06-27 16:00:00,15650.39938594375,18878.722378764014,0.0,219126.17824245768
2025-06-27 17:00:00,16239.930139429835,18895.693918306308,0.0,219977.50533917532
2025-06-27 18:00:00,17302.495946364088,18904.41152118958,0.0,219656.92136440476
2025-06-27 19:00:00,18064.732477068377,18905.406516848998,0.0,218490.40290673333
2025-06-27 20:00:00,17873.870337662785,18893.497864265377,0.0,217524.04484026233
2025-06-27 21:00:00,17929.956743971397,18871.230078676672,0.0,216473.10075897074
2025-06-27 22:00:00,17764.587540344553,18851.85266781055,0.0,215586.5228263985
2025-06-27 23:00:00,17615.77681529457,18838.8064823408,0.0,214852.24395841197
2025-06-28 00:00:00,17040.874147037102,18821.875089334582,0.0,214739.81443992758
2025-06-28 01:00:00,16221.151485042625,18805.54643625995,0.0,215521.85922614016
2025-06-28 02:00:00,15661.874957792188,18795.99132779317,0.0,216915.76726749755
2025-06-28 03:00:00,15290.135777879026,18803.60374238551,0.0,218730.3312566841
2025-06-28 04:00:00,15233.448406489013,18841.505323278616,0.0,220645.78279497495
2025-06-28 05:00:00,15905.072782444691,18890.899600361925,0.0,221864.37930373166
2025-06-28 06:00:00,16025.876298967018,18926.7250973973,0.0,222984.5751800545
2025-06-28 07:00:00,15403.202471569984,18944.253626078622,0.0,224814.15939327757
2025-06-28 08:00:00,10047.558060516425,18955.081874804648,0.0,232605.28786750845
2025-06-28 09:00:00,8002.736858775249,18955.688791114488,0.0,242669.04681553933
2025-06-28 10:00:00,7927.711478212999,18958.672553336935,0.0,252819.1510597507
2025-06-28 11:00:00,7662.409485101932,18967.558189122443,0.0,263272.9209320932
2025-06-28 12:00:00,7546.419866392024,18979.1174494833,0.0,273867.1274189187
2025-06-28 13:00:00,7110.157659009774,18990.436207708895,0.0,284957.3884499501
2025-06-28 14:00:00,8931.992495355615,19005.65028052848,0.0,294038.6026245279
2025-06-28 15:00:00,8597.159198362684,19018.47361547074,0.0,303504.6771307068
2025-06-28 16:00:00,14030.227224967697,19040.752736781993,0.0,306956.2885064135
2025-06-28 17:00:00,14204.32740707603,19067.263140802796,0.0,310240.9656393541
2025-06-28 18:00:00,16376.790059465631,19095.457258496786,0.0,311139.98949844466
2025-06-28 19:00:00,16523.098188397904,19121.27720743245,0.0,311902.26871876826
2025-06-28 20:00:00,16435.724948825893,19146.94730455127,0.0,312787.299413513
2025-06-28 21:00:00,16660.5899056839,19176.301590582592,0.0,313451.8344422246
2025-06-28 22:00:00,16914.39508577182,19207.39496875754,0.0,313865.4570934579
2025-06-28 23:00:00,16329.427657352593,19241.255872698224,0.0,314962.9044579866
2025-06-29 00:00:00,17340.277024753766,19270.324920424453,19213.929525842843,295752.32538061956
2025-06-29 01:00:00,17107.085540480748,19303.571429576925,19247.078737725555,276800.9452497145
2025-06-29 02:00:00,16901.08394407762,19341.54668064598,19284.942852668097,258078.56691760616
2025-06-29 03:00:00,16911.09917592907,19386.32116604554,19329.58630370359,239345.19158447135
2025-06-29 04:00:00,17100.739886327545,19435.302295013615,19378.424087393025,220401.24769617248
2025-06-29 05:00:00,16886.916886316514,19485.684584361934,19428.658930909503,201695.03236482874
2025-06-29 06:00:00,16974.211208321787,19532.89977076908,19475.73594014119,182891.96151954358
2025-06-29 07:00:00,17035.13271617773,19579.773605923834,19522.472597098895,164021.33728817105
2025-06-29 08:00:00,17268.202807889844,19628.31125886972,19570.868202616868,144891.88833565742
2025-06-29 09:00:00,13155.771803225161,19681.632434313015,19624.033331457886,130331.9632127068
2025-06-29 10:00:00,10919.827929179422,19732.803656282114,18794.48716382277,119137.13756163346
2025-06-29 11:00:00,8444.844026788107,19779.115393972996,0.0,129533.09292584189
2025-06-29 12:00:00,3525.933659694234,19814.02050198952,0.0,145429.40936150448
2025-06-29 13:00:00,1824.0543141553526,19848.053064577958,0.0,163250.73541035427
2025-06-29 14:00:00,2669.3691411181517,19877.75105973908,0.0,180162.52075773984
2025-06-29 15:00:00,2644.697971814292,19906.24720870347,0.0,197130.21466442745
2025-06-29 16:00:00,10108.437228502273,19924.912510490863,0.0,205823.53025436017
2025-06-29 17:00:00,16114.576504651031,19937.63651916479,0.0,207856.08176835717
2025-06-29 18:00:00,11414.224666813847,19944.70031928,0.0,215118.31023562176
2025-06-29 19:00:00,16618.88631543838,19943.998253997863,0.0,216596.87925024366
2025-06-29 20:00:00,11741.636189553916,19939.71544139585,0.0,223490.33225880182
2025-06-29 21:00:00,11701.834243970963,19935.002037578757,0.0,230423.29624752392
2025-06-29 22:00:00,11775.836039967962,19923.17080910235,0.0,237262.2047899952
2025-06-29 23:00:00,11571.363202365617,19905.37932417183,0.0,244310.51388931635
2025-06-30 00:00:00,17475.634288909623,19882.646489854433,0.0,244775.788947049
2025-06-30 01:00:00,16222.399918984174,19857.900010107925,0.0,246608.80015828562
2025-06-30 02:00:00,15634.1780975869,19831.447170425465,0.0,249068.9383313923
2025-06-30 03:00:00,16354.93201014659,19803.850579643324,0.0,250700.64223309496
2025-06-30 04:00:00,18103.589370640824,19776.40850861571,0.0,250361.95144099864
2025-06-30 05:00:00,19164.54862612458,19751.501223537718,0.0,248819.50974662008
2025-06-30 06:00:00,19449.90795278161,19730.651288811416,0.0,246939.1521990075
2025-06-30 07:00:00,19025.65773488428,19710.108497573507,0.0,245509.64099115404
2025-06-30 08:00:00,13863.961718173301,19678.647842566625,0.0,249783.8869246392
2025-06-30 09:00:00,13671.7585782922,19636.59183020802,0.0,254229.63589007812
2025-06-30 10:00:00,10993.277098169816,19586.1597992196,0.0,261601.04335799793
2025-06-30 11:00:00,5304.86235076466,19525.7064500522,0.0,275232.45830720046
2025-06-30 12:00:00,6914.71813070105,19462.28699925756,0.0,287011.7251612347
2025-06-30 13:00:00,7547.830662805826,19393.253773235363,0.0,298018.5004202413
2025-06-30 14:00:00,7023.261702848219,19313.551331804498,0.0,309528.42763777
2025-06-30 15:00:00,19915.80635359866,19209.710864228742,0.0,306609.464775778
2025-06-30 16:00:00,19952.574165953847,19127.8476478379,0.0,303567.7855725561
2025-06-30 17:00:00,20214.60596492587,19061.251110692967,0.0,300168.36338888697
2025-06-30 18:00:00,20341.94341168666,19006.32822369552,0.0,296572.5322662639
2025-06-30 19:00:00,20305.12771608358,18965.50831422873,0.0,292976.7875626221
2025-06-30 20:00:00,20062.002753776225,18931.22196949942,0.0,289616.895361259
2025-06-30 21:00:00,19728.399285151274,18901.918258449972,0.0,286598.3699695409
2025-06-30 22:00:00,19534.06692672695,18875.03263947111,0.0,283768.8838015376
2025-06-30 23:00:00,19067.265123464284,18853.10666153845,0.0,281436.14032589353
2025-07-01 00:00:00,18714.800369869357,18832.51620097479,0.0,279474.43389368017
2025-07-01 01:00:00,18498.819569351977,18813.482508439556,0.0,277733.6724361731
2025-07-01 02:00:00,18354.6458854,18796.76719528142,0.0,276136.38864767674
2025-07-01 03:00:00,18302.856303848384,18781.451514295026,0.0,274581.3331576958
2025-07-01 04:00:00,18767.83038640628,18768.33300445261,0.0,272496.5212883636
2025-07-01 05:00:00,19272.982264662936,18759.64415749801,0.0,269841.7407073473
2025-07-01 06:00:00,19304.73836248798,18753.130755781913,0.0,267145.1621714758
2025-07-01 07:00:00,19426.39376116848,18779.351084119422,0.0,264339.6312987414
2025-07-01 08:00:00,19793.40241123756,18813.448407182077,0.0,261160.41036010397
2025-07-01 09:00:00,20060.336004582005,18839.787244238738,0.0,257710.93537702932
2025-07-01 10:00:00,8413.214258827065,18850.961363473492,0.0,267213.88089736167
2025-07-01 11:00:00,5298.238777906419,18842.910928134723,0.0,280169.8598500448
2025-07-01 12:00:00,4633.385943225778,18833.983871399996,0.0,293855.63711786066
2025-07-01 13:00:00,7246.03,18837.718278319535,0.0,304642.2109517357
2025-07-01 14:00:00,6485.623912596677,18848.81730912965,0.0,316284.77946909127
2025-07-01 15:00:00,15438.751894572506,18851.80950567416,0.0,317982.4202030182
2025-07-01 16:00:00,19730.354499137575,18853.6569692076,0.0,314913.46106207295
2025-07-01 17:00:00,19852.311763598267,18854.913143257025,0.0,311710.2500235541
2025-07-01 18:00:00,20058.098649433206,18856.05797206944,0.0,308279.5317184755
2025-07-01 19:00:00,18247.984350309183,18856.641983577792,0.0,306860.6355350431
2025-07-01 20:00:00,19888.422090976885,18854.959027637386,0.0,303617.3477949284
2025-07-01 21:00:00,19809.94017655316,18853.05942519569,0.0,300459.3625795095
2025-07-01 22:00:00,16210.248987316558,18849.965469170867,0.0,301297.9402849953
2025-07-01 23:00:00,17573.989999999998,18846.83277755047,0.0,300618.1175069902
2025-07-02 00:00:00,17573.989999999998,18844.98194349497,0.0,299936.4438949296
2025-07-02 01:00:00,17573.989999999998,18846.483334168937,0.0,299256.271673543
2025-07-02 02:00:00,18517.040011621422,18850.711168127353,0.0,297532.49393986876
2025-07-02 03:00:00,18517.010611453465,18853.2262791557,0.0,295811.2639840762
2025-07-02 04:00:00,19003.978317425754,18854.897175142643,0.0,293550.62969541247
2025-07-02 05:00:00,19572.158284249013,18851.05336829511,0.0,290654.84052565304
2025-07-02 06:00:00,19914.33533564315,18843.976492467802,0.0,287371.77775629517
2025-07-02 07:00:00,20339.094691980776,18833.209044324,0.0,283605.9926984183
2025-07-02 08:00:00,19950.30789927112,18820.067377356627,0.0,280259.051298807
2025-07-02 09:00:00,19739.387797129923,18804.196433041136,0.0,277130.594623926
2025-07-02 10:00:00,19236.407370661156,18783.485366431545,0.0,274540.2940229563
2025-07-02 11:00:00,4730.320765626939,18762.013374803864,0.0,288046.3954359524
2025-07-02 12:00:00,9662.436779868158,18733.10676998402,0.0,296043.4613394163
2025-07-02 13:00:00,10173.492016925313,18710.437259152754,0.0,303450.01857976307
2025-07-02 14:00:00,17069.982641483228,18687.988867099506,0.0,303171.3600674368
2025-07-02 15:00:00,19409.673751530947,18663.056952285704,0.0,300268.11285135476
2025-07-02 16:00:00,15003.895837390275,18650.861539102734,0.0,302247.9790155794
2025-07-02 17:00:00,19464.739062433866,18638.12752470916,0.0,299258.6186931398
2025-07-02 18:00:00,20462.6169333157,18635.738349461797,0.0,295158.1160055842
2025-07-02 19:00:00,14697.377427981224,18634.941737065594,0.0,297462.63837822626
2025-07-02 20:00:00,20061.56363652961,18638.229464297165,0.0,293810.2415797127
2025-07-02 21:00:00,19696.79864653149,18642.220991667247,0.0,290567.13074190053
2025-07-02 22:00:00,14942.588880664032,18647.07099231408,0.0,292611.32520014344
2025-07-02 23:00:00,17825.754176916806,18655.13098546409,0.0,291460.06265569996
2025-07-03 00:00:00,18115.31279888889,18665.828884855327,0.0,289997.76620845654
2025-07-03 01:00:00,18162.265814141676,18680.975246412876,0.0,288498.4461058231
2025-07-03 02:00:00,17237.019913921413,18699.675757345547,0.0,288045.87751436705
2025-07-03 03:00:00,11367.91383435118,18723.712530971756,0.0,294138.5746738375
2025-07-03 04:00:00,15069.638184257832,18754.115073444136,0.0,296148.6473203285
2025-07-03 05:00:00,18831.978565488313,18784.005035723607,0.0,294008.23172773176
2025-07-03 06:00:00,19241.09093408302,18811.685873175407,0.0,291440.92767414823
2025-07-03 07:00:00,15062.418096671001,18814.756551362785,0.0,293519.66411809885
2025-07-03 08:00:00,18922.20810579596,18807.0903779034,0.0,291302.07882289554
2025-07-03 09:00:00,3861.206089023839,18794.297548135622,0.0,305806.14738322695
2025-07-03 10:00:00,3068.9166223107995,18783.286308312116,0.0,321179.52633341594
2025-07-03 11:00:00,1391.857042402844,18762.610378666348,0.0,338395.62888719025
2025-07-03 12:00:00,633.3418525616471,18753.464146907372,0.0,356445.37986458465
2025-07-03 13:00:00,806.6951181244913,18744.03155554295,0.0,374293.0835111004
2025-07-03 14:00:00,1032.038672938068,18730.317658432872,0.0,391876.6915329354
2025-07-03 15:00:00,3448.6485426474073,18729.340599369465,0.0,406774.2004182522
2025-07-03 16:00:00,15374.204060597463,18723.25484494538,0.0,408415.0063069781
2025-07-03 17:00:00,19342.12553266904,18716.85166530485,0.0,405640.60738042847
2025-07-03 18:00:00,15944.394465816593,18706.613766093724,0.0,406631.2272956149
2025-07-03 19:00:00,19932.777629283748,18697.950112061324,0.0,403181.6467084721
2025-07-03 20:00:00,13577.848327380481,18678.024048470943,0.0,406773.1726154092
2025-07-03 21:00:00,18739.652037485164,18647.93673203949,0.0,404599.27375024284
2025-07-03 22:00:00,16700.529141728293,18610.885779264932,0.0,404654.0160386986
2025-07-03 23:00:00,15935.9037141221,18566.31953811167,0.0,405513.7758944524
2025-07-04 00:00:00,12146.469616071994,18521.41545525668,0.0,410539.113998518
2025-07-04 01:00:00,11853.84264356609,18474.502670093865,0.0,415842.6803979828
2025-07-04 02:00:00,11998.742866349672,18423.392664671177,0.0,420934.1365444877
2025-07-04 03:00:00,12511.309002332886,18374.70907314737,0.0,425407.39117059857
2025-07-04 04:00:00,13111.760625466,18325.262873916134,0.0,429164.0311273302
2025-07-04 05:00:00,14117.67199334998,18279.596138320296,0.0,431757.3250508172
2025-07-04 06:00:00,13227.645028701752,18232.820749966897,0.0,435292.7624355599
2025-07-04 07:00:00,17573.989999999998,18202.72022674197,0.0,433968.8271067463
2025-07-04 08:00:00,12753.563657836032,18185.331356924482,0.0,437983.53217718634
2025-07-04 09:00:00,4133.089414350067,18158.73001435206,0.0,451549.9406200383
2025-07-04 10:00:00,5518.772700725806,18135.481040317372,0.0,463553.45199288253
2025-07-04 11:00:00,2632.676048018555,18113.575704487892,0.0,478741.83208846085
2025-07-04 12:00:00,2492.426098343336,18093.462525514034,0.0,494065.93228248233
2025-07-04 13:00:00,2460.828307793563,18073.613645966703,0.0,509405.2922531229
2025-07-04 14:00:00,3091.7599429039583,18052.26306191108,0.0,524022.2664895851
2025-07-04 15:00:00,3839.6928275488453,18031.941318759567,0.0,537787.8824444015
2025-07-04 16:00:00,17573.989999999998,18016.23732561201,0.0,536277.464214458
2025-07-04 17:00:00,12877.397599617947,18003.40976322677,0.0,539972.6544225536
2025-07-04 18:00:00,17573.989999999998,17990.510418449547,0.0,538436.5092854477
2025-07-04 19:00:00,17573.989999999998,17982.33567720115,0.0,536892.1894070932
2025-07-04 20:00:00,15387.136949159922,17971.54699372355,0.0,537766.9175684169
2025-07-04 21:00:00,14166.83387199284,17959.90252406009,0.0,539985.8935680405
2025-07-04 22:00:00,9128.814301002463,17946.851879131875,0.0,547789.6184460585
2025-07-04 23:00:00,9123.049219674025,17935.51797997903,0.0,555588.4150708442
2025-07-05 00:00:00,9124.490400753832,17938.351279301096,0.0,563388.4436826411
2025-07-05 01:00:00,9128.898245258371,17947.01690988803,0.0,571192.2403200199
2025-07-05 02:00:00,9133.385292251183,17955.838249122182,0.0,578999.8726888628
2025-07-05 03:00:00,9133.06699983441,17955.212500074198,0.0,586807.2329668989
2025-07-05 04:00:00,9122.962046809898,17935.34660191954,0.0,594605.955072363
2025-07-05 05:00:00,9107.16424847184,17904.28881747557,0.0,602391.1725026476
2025-07-05 06:00:00,9099.719201018837,17889.652177988068,0.0,610170.0255683926
2025-07-05 07:00:00,8394.490794771775,17898.76627841933,0.0,618741.5798526211
2025-07-05 08:00:00,2014.5928314567445,17912.52482398127,0.0,634415.668197206
2025-07-05 09:00:00,1925.7129555450556,17937.254595756105,0.0,650213.2417312453
2025-07-05 10:00:00,1723.33173219918,17955.866401280702,0.0,666254.2950967491
2025-07-05 11:00:00,1680.7601685062473,17956.706728615238,0.0,682343.490527024
2025-07-05 12:00:00,1628.1068831586344,17946.307967536457,0.0,698480.7908466065
2025-07-05 13:00:00,1758.5427134268648,17933.197783459556,0.0,714460.052281814
2025-07-05 14:00:00,1886.53208213361,17916.05832438316,0.0,730279.9638482709
2025-07-05 15:00:00,1929.6862324635895,17898.268255456063,0.0,746034.1362898785
2025-07-05 16:00:00,2080.6736886951294,17874.487500227686,0.0,761596.7641360007
2025-07-05 17:00:00,3780.3391692499727,17850.91656501882,0.0,775247.3038462972
2025-07-05 18:00:00,7151.934936857694,17827.57254157328,0.0,785128.282013584
2025-07-05 19:00:00,12395.42785161507,17818.461083200546,0.0,789174.045483879
2025-07-05 20:00:00,12225.632595032133,17807.99994781895,0.0,793398.0092149955
2025-07-05 21:00:00,12615.287006922881,17789.904403052373,0.0,797170.9280548003
2025-07-05 22:00:00,11933.624585459896,17769.028616140444,0.0,801680.3737982075
2025-07-05 23:00:00,11751.059738409538,17745.040224575663,0.0,806368.680980106
2025-07-06 00:00:00,11966.691796201827,17728.44330425306,0.0,810800.800066357
2025-07-06 01:00:00,11639.16924147492,17706.57155409245,0.0,815574.961352144
2025-07-06 02:00:00,11506.59469208551,17678.105353339797,0.0,820467.9614920553
2025-07-06 03:00:00,11629.265801009467,17642.584654796694,0.0,825189.1397012861
2025-07-06 04:00:00,11753.162411094658,17603.126878872787,0.0,829733.1972344981
2025-07-06 05:00:00,11559.574897984076,17562.978593665874,0.0,834452.2037192927
2025-07-06 06:00:00,11759.823309048126,17524.629626874714,0.0,838910.3630027807
2025-07-06 07:00:00,12111.310407940106,17483.49575222756,0.0,842936.8471906304
2025-07-06 08:00:00,5335.749782192278,17435.793069854455,0.0,854444.0293913824
2025-07-06 09:00:00,3567.158088564307,17381.080739944526,0.0,867861.6011440333
2025-07-06 10:00:00,10388.046778505079,17327.62191325498,0.0,873646.9488589492
2025-07-06 11:00:00,1456.1858038245646,17280.7039801818,0.0,889309.6686126591
2025-07-06 12:00:00,1040.3057212004805,17236.504908477178,0.0,905390.2782753579
2025-07-06 13:00:00,1591.7301883609543,17191.145822230344,0.0,920812.8349994095
2025-07-06 14:00:00,5610.1176859594725,17155.305406937216,0.0,931734.6763108362
2025-07-06 15:00:00,12342.626006724659,17122.675948295484,0.0,935143.323362771
2025-07-06 16:00:00,12690.249242395985,17101.28515214122,0.0,938144.3315789168
2025-07-06 17:00:00,14290.398003396302,17087.865076449616,0.0,939353.9766515926
2025-07-06 18:00:00,15281.278245479465,17081.64602799096,0.0,939456.4246290508
2025-07-06 19:00:00,12901.2515151683,17073.04507246547,0.0,942194.7457957737
2025-07-06 20:00:00,12921.452278949433,17063.689859878144,0.0,944901.2664568193
2025-07-06 21:00:00,12463.58954780674,17054.629824945227,0.0,948107.463450868
2025-07-06 22:00:00,12256.263944442853,17047.849133153733,0.0,951537.241534641
2025-07-06 23:00:00,12189.28456354074,17043.288720731493,0.0,955036.8807403272
2025-07-07 00:00:00,7870.189643089925,17040.172482960643,0.0,963332.3980642989
2025-07-07 01:00:00,11373.29105755514,17038.22114953789,0.0,967733.6291498865
2025-07-07 02:00:00,7824.926879672653,17035.90198995943,0.0,976075.1679402099
2025-07-07 03:00:00,7964.761085043672,17033.295323395865,0.0,984258.7287246684
2025-07-07 04:00:00,8430.120524648337,17031.214819893034,0.0,991923.1429616188
2025-07-07 05:00:00,9232.080433668296,17029.775961219737,0.0,998695.0517743183
2025-07-07 06:00:00,13423.439552995576,17029.557339281964,0.0,1000809.6762769385
2025-07-07 07:00:00,10375.285164446606,17027.200721906545,0.0,1006308.7823716821
2025-07-07 08:00:00,9568.354742253121,17023.324220549053,0.0,1012700.6013230612
2025-07-07 09:00:00,9275.684329234733,17025.072395396575,0.0,1019419.3577970858
2025-07-07 10:00:00,9534.816989073119,17025.601185413278,0.0,1025850.7178835291
2025-07-07 11:00:00,9149.327572219954,17028.942126628397,0.0,1032713.7404854685
2025-07-07 12:00:00,4108.765150008057,17035.449950878654,0.0,1045183.8958252271
2025-07-07 13:00:00,2673.2193037016386,17046.31062491464,0.0,1059259.962779362
2025-07-07 14:00:00,2619.043876571781,17050.544008632765,0.0,1073400.4580362483
2025-07-07 15:00:00,6779.040110736919,17059.151174385122,0.0,1082927.3424209259
2025-07-07 16:00:00,8494.385962518576,17064.040119551864,0.0,1090553.175915457
2025-07-07 17:00:00,13273.756742328951,17071.123732498014,0.0,1092875.6810453671
2025-07-07 18:00:00,13384.863479238535,17077.024145699204,0.0,1095080.6346585792
2025-07-07 19:00:00,13217.94668170382,17083.016392802518,0.0,1097477.0436272663
2025-07-07 20:00:00,12919.884957362145,17085.232317395185,0.0,1100206.8482142591
2025-07-07 21:00:00,13035.01021910293,17087.07554591645,0.0,1102810.5790722833
2025-07-07 22:00:00,12320.94968943315,17087.484663950967,0.0,1106208.1196368644
2025-07-07 23:00:00,12010.428488634072,17086.182327712948,0.0,1109949.3814216505
2025-07-08 00:00:00,18678.32400465002,17083.475289804697,0.0,1106279.163372955
2025-07-08 01:00:00,18578.26986947764,17079.760723179486,0.0,1102716.4020189373
2025-07-08 02:00:00,18582.304456633825,17075.382650795724,0.0,1099144.7797179176
2025-07-08 03:00:00,18750.04415972927,17070.404332127935,0.0,1095381.8016503463
2025-07-08 04:00:00,19266.954131982777,17063.952112051207,0.0,1091038.0269490837
2025-07-08 05:00:00,19874.563246641123,17054.43000768641,0.0,1086009.6089049464
2025-07-08 06:00:00,20003.44877327601,17043.74736766966,0.0,1080827.3020800874
2025-07-08 07:00:00,20153.0838054768,16995.20240767181,0.0,1075430.1891483401
2025-07-08 08:00:00,20207.571103397648,16937.683624073,0.0,1069915.0159908605
2025-07-08 09:00:00,19647.2911059946,16886.572378495875,0.0,1064971.2649182514
2025-07-08 10:00:00,13351.771478750947,16848.990542896096,0.0,1066984.9538180905
2025-07-08 11:00:00,7677.870707031436,16830.023507005575,0.0,1075284.009872839
2025-07-08 12:00:00,7246.03,16812.57653366415,0.0,1084045.4419620587
2025-07-08 13:00:00,7246.03,16786.047073520996,0.0,1092780.3445911356
2025-07-08 14:00:00,7246.03,16755.899242690186,0.0,1101485.099389381
2025-07-08 15:00:00,12927.204328722113,16731.63495536941,0.0,1103853.1739795038
2025-07-08 16:00:00,19848.50226889728,16714.441505662726,0.0,1098513.7240752806
2025-07-08 17:00:00,19994.06482145163,16698.31192904022,0.0,1092996.4084249302
2025-07-08 18:00:00,20249.67899306181,16684.89127997476,0.0,1087181.6563792808
2025-07-08 19:00:00,20229.552865030622,16669.868713701748,0.0,1081374.2441318375
2025-07-08 20:00:00,20201.344050054016,16659.958294584972,0.0,1075588.2645930292
2025-07-08 21:00:00,19994.981294657664,16650.408730090378,0.0,1070022.0274401663
2025-07-08 22:00:00,17880.52694722662,16641.954848114547,0.0,1066796.730124696
2025-07-08 23:00:00,17573.989999999998,16633.510979770872,0.0,1063903.5855489112
2025-07-09 00:00:00,19072.844891557623,16624.189081681114,0.0,1059335.7247510839
2025-07-09 01:00:00,19075.22625589746,16611.973850047223,0.0,1054753.002761245
2025-07-09 02:00:00,18969.703139889607,16597.125945817017,0.0,1050272.6807738515
2025-07-09 03:00:00,18870.163571761364,16583.540685455013,0.0,1045889.3730462381
2025-07-09 04:00:00,19242.731578411993,16569.728863680375,0.0,1041078.2890450162
2025-07-09 05:00:00,19663.72737342383,16558.278334001607,0.0,1035787.981408547
2025-07-09 06:00:00,20071.766030403793,16548.16516449874,0.0,1030034.1843170415
2025-07-09 07:00:00,20321.34956491518,16537.352376075643,0.0,1023992.259398767
2025-07-09 08:00:00,19845.36558055978,16523.737576564334,0.0,1018465.5907747095
2025-07-09 09:00:00,19788.96195245068,16506.64103273983,0.0,1012984.4963047263
2025-07-09 10:00:00,19421.18517236909,16491.33001701602,0.0,1007896.7316857766
2025-07-09 11:00:00,10921.093654351931,16468.758689154914,0.0,1012230.941870096
2025-07-09 12:00:00,10608.097184494636,16447.75286621269,0.0,1016891.9200868703
2025-07-09 13:00:00,10684.608981779655,16422.976979841613,0.0,1021443.109309179
2025-07-09 14:00:00,17839.503849054225,16399.834336167325,0.0,1018021.2727019526
2025-07-09 15:00:00,20108.588164508383,16381.11340972594,0.0,1012059.5103733359
2025-07-09 16:00:00,15349.515181802552,16360.213882614802,0.0,1011364.7073872812
2025-07-09 17:00:00,19647.989713670195,16345.076959937704,0.0,1005878.6846653632
2025-07-09 18:00:00,20324.19335354039,16335.429757044503,0.0,999631.6773629183
2025-07-09 19:00:00,15602.545141547813,16323.571251336989,0.0,998619.0873458689
2025-07-09 20:00:00,19775.33047102306,16313.255242870318,0.0,992959.7531764912
2025-07-09 21:00:00,19694.177581142154,16302.260004126927,0.0,987379.5936460159
2025-07-09 22:00:00,19033.698092109633,16290.284308203294,0.0,982521.3245185418
2025-07-09 23:00:00,19232.267905313107,16275.348644199908,0.0,977427.4866012827
2025-07-10 00:00:00,19049.882274295043,16257.848093368064,0.0,972518.7988343228
2025-07-10 01:00:00,17573.989999999998,16235.904987919077,0.0,969228.0482666865
2025-07-10 02:00:00,17573.989999999998,16210.261609291658,0.0,965911.6543204226
2025-07-10 03:00:00,12606.07234962446,16179.172082037407,0.0,968084.0793473218
2025-07-10 04:00:00,17573.989999999998,16142.080199125294,0.0,964699.5039908915
2025-07-10 05:00:00,19372.574757792405,16105.397032615676,0.0,959279.8179592934
2025-07-10 06:00:00,19336.61821491772,16071.132125743628,0.0,953865.8187351285
2025-07-10 07:00:00,17573.989999999998,16053.479019385939,0.0,950392.6421989589
2025-07-10 08:00:00,18019.315506318402,16038.247017917598,0.0,946409.4275431894
2025-07-10 09:00:00,13188.179945971307,16025.48404101822,0.0,947781.3783109062
2025-07-10 10:00:00,13102.14674699391,16011.079956303054,0.0,949234.517437216
2025-07-10 11:00:00,17573.989999999998,15992.420979875853,0.0,945700.2828615363
2025-07-10 12:00:00,17573.989999999998,15960.859850800658,0.0,942134.4871567815
2025-07-10 13:00:00,15462.815468224466,15923.138319177948,0.0,940876.7194001543
2025-07-10 14:00:00,11345.234990985124,15893.630121266584,0.0,944164.5328647709
2025-07-10 15:00:00,13092.466917076983,15856.126764564044,0.0,945473.474165916
2025-07-10 16:00:00,17573.989999999998,15828.982965720896,0.0,941775.8015760813
2025-07-10 17:00:00,20246.98140753452,15805.88492377215,0.0,935085.0404914818
2025-07-10 18:00:00,16549.600386703387,15787.795102015503,0.0,932484.3907193826
2025-07-10 19:00:00,20297.694658378776,15775.32355542124,0.0,925706.7202099384
2025-07-10 20:00:00,13210.733595859716,15765.751427356881,0.0,926793.8787530068
2025-07-10 21:00:00,19264.754025556653,15757.159553051708,0.0,921145.7560554399
2025-07-10 22:00:00,16861.792774789385,15748.937592073187,0.0,918159.3683421914
2025-07-10 23:00:00,16311.60882160685,15741.03720412907,0.0,915776.3957445353
2025-07-11 00:00:00,12167.962929021685,15733.195350198524,0.0,917989.6322847096
2025-07-11 01:00:00,11978.290342587477,15725.150475513452,0.0,920405.5712684593
2025-07-11 02:00:00,11813.152560257255,15717.457068989186,0.0,922997.3032704961
2025-07-11 03:00:00,11910.359101950105,15709.092525661961,0.0,925472.6634606577
2025-07-11 04:00:00,12729.143275010894,15701.348559730546,0.0,927030.5194925985
2025-07-11 05:00:00,13010.503215891045,15692.59300616748,0.0,928266.9978144424
2025-07-11 06:00:00,13361.1168984665,15683.56522201537,0.0,929104.8775937174
2025-07-11 07:00:00,19064.234019960946,15668.167450631749,0.0,923590.562799948
2025-07-11 08:00:00,13173.502902999362,15646.35904594605,0.0,924599.6963981171
2025-07-11 09:00:00,12998.979280644267,15625.827514165001,0.0,925782.213600455
2025-07-11 10:00:00,5851.574800711004,15599.954676186562,0.0,934880.4184980739
2025-07-11 11:00:00,5799.8236946836805,15569.58126896931,0.0,944005.7512173947
2025-07-11 12:00:00,11634.171154253449,15534.006226803287,0.0,946612.9006061386
2025-07-11 13:00:00,2289.394190507317,15502.561143973622,0.0,959571.6904273264
2025-07-11 14:00:00,5485.263373469598,15469.67250703138,0.0,968946.6258527248
2025-07-11 15:00:00,13078.873970447006,15440.702330882135,0.0,969855.2459942214
2025-07-11 16:00:00,17573.989999999998,15412.651502511095,0.0,965741.2419411769
2025-07-11 17:00:00,13145.222220974052,15386.324459540263,0.0,966521.7639329684
2025-07-11 18:00:00,17406.167247177138,15366.064905506042,0.0,962547.6430082775
2025-07-11 19:00:00,17573.989999999998,15352.056660424983,0.0,958373.044113147
2025-07-11 20:00:00,13108.155304911015,15339.78157007371,0.0,959148.2086777639
2025-07-11 21:00:00,13247.335281036412,15329.460508577467,0.0,959758.4077629677
2025-07-11 22:00:00,12620.519105941512,15320.655387633735,0.0,961056.2641439998
2025-07-11 23:00:00,12497.889087683756,15310.397745968174,0.0,962480.118459208
2025-07-12 00:00:00,12235.234119741424,15295.368618709095,0.0,964180.7825004268
2025-07-12 01:00:00,12083.741381664662,15276.099238428062,0.0,966030.502425894
2025-07-12 02:00:00,11547.314201951831,15251.661378730809,0.0,968451.814691345
2025-07-12 03:00:00,11837.114777097337,15223.333517564797,0.0,970522.7984565793
2025-07-12 04:00:00,11546.37522336157,15190.69442271148,0.0,972884.1870755558
2025-07-12 05:00:00,11858.253331588534,15158.475623257402,0.0,974866.8256637149
2025-07-12 06:00:00,12079.949238491667,15121.760524392645,0.0,976566.420367561
2025-07-12 07:00:00,12357.504652418967,15075.7732120229,0.0,977911.6328546742
2025-07-12 08:00:00,12636.409070530695,15030.449707578611,0.0,978901.6280394408
2025-07-12 09:00:00,8106.589899381976,14984.992004739695,0.0,984879.2979337561
2025-07-12 10:00:00,1623.5031855089583,14939.434074673427,0.0,998014.8395800862
2025-07-12 11:00:00,4306.531743593489,14904.62488212042,0.0,1008134.4291915472
2025-07-12 12:00:00,1322.526660062166,14875.495261549484,0.0,1021540.4503863611
2025-07-12 13:00:00,1558.0443972040594,14847.027932756002,0.0,1034656.3178777791
2025-07-12 14:00:00,1375.9597014096307,14818.902511925808,0.0,1047946.3762770277
2025-07-12 15:00:00,3963.0211489936455,14794.392900838408,0.0,1058337.4123456508
2025-07-12 16:00:00,13206.631512951364,14774.128897787736,0.0,1058437.5062290481
2025-07-12 17:00:00,12590.442217608845,14752.451524881202,0.0,1059200.5775121418
2025-07-12 18:00:00,12655.724794919133,14732.657654565086,0.0,1059871.3187279077
2025-07-12 19:00:00,12625.630317917017,14704.427443277264,0.0,1060547.268040166
2025-07-12 20:00:00,12639.295199251486,14679.216052891503,0.0,1061182.8227605561
2025-07-12 21:00:00,12542.533702418,14657.736928305078,0.0,1061904.4111306188
2025-07-12 22:00:00,12031.88895682402,14637.33799072303,0.0,1063172.9836137595
2025-07-12 23:00:00,11769.591283000216,14617.416555234578,0.0,1064713.0765212162
2025-07-13 00:00:00,11883.541874310027,14594.966803253174,0.0,1066104.1079085693
2025-07-13 01:00:00,11488.712354351122,14573.656772187987,0.0,1067912.5287314784
2025-07-13 02:00:00,11337.688136330744,14554.201935970681,0.0,1069869.299404859
2025-07-13 03:00:00,11571.400124258806,14534.830742621376,0.0,1071547.0188983043
2025-07-13 04:00:00,11556.853199966012,14514.983007327995,0.0,1073221.05390567
2025-07-13 05:00:00,11359.047791484394,14494.042603482974,0.0,1075093.9322963927
2025-07-13 06:00:00,11452.211280442178,14473.955591618638,0.0,1076843.20868752
2025-07-13 07:00:00,11611.6806832953,14452.848522511862,0.0,1078394.189784148
2025-07-13 08:00:00,11896.307847566455,14429.727148626673,0.0,1079605.7971021454
2025-07-13 09:00:00,3812.175317316759,14404.897287525773,0.0,1089774.9440370968
2025-07-13 10:00:00,1323.9317651640959,14379.380435401818,0.0,1102683.289177872
2025-07-13 11:00:00,902.3285704037971,14349.610036254018,0.0,1116030.3119136773
2025-07-13 12:00:00,781.6943806315685,14319.813661897151,0.0,1129481.5762637616
2025-07-13 13:00:00,649.1911589389038,14290.593440832972,0.0,1143050.8461946624
2025-07-13 14:00:00,760.5693935499748,14260.417330083585,0.0,1156466.1864208016
2025-07-13 15:00:00,6389.8484569916445,14234.719549729472,0.0,1163601.0743516516
2025-07-13 16:00:00,12127.484249591209,14206.493411386486,0.0,1164332.585263492
2025-07-13 17:00:00,12789.263247169256,14182.09117422665,0.0,1164304.3839408641
2025-07-13 18:00:00,12674.829884485927,14159.97873943959,0.0,1164381.2183642082
2025-07-13 19:00:00,13085.918060678981,14167.74469776558,0.0,1164009.054105664
2025-07-13 20:00:00,12752.081729013986,14168.431117816668,0.0,1164008.505524576
2025-07-13 21:00:00,12569.603372666304,14169.741041892314,0.0,1164212.0205968393
2025-07-13 22:00:00,12138.593246988195,14170.334129257117,0.0,1164895.0288961094
2025-07-13 23:00:00,12186.151921087203,14168.148606042123,0.0,1165523.0087009436
2025-07-14 00:00:00,11661.306303624631,14166.586718608774,0.0,1166732.588415525
2025-07-14 01:00:00,11550.291623488443,14165.012543495768,0.0,1168063.9435995892
2025-07-14 02:00:00,10062.786674664218,14160.260777539874,0.0,1171043.330294169
2025-07-14 03:00:00,9311.536736264723,14153.2774212107,0.0,1174850.4557861965
2025-07-14 04:00:00,8326.581378298728,14145.32303432941,0.0,1179744.021733527
2025-07-14 05:00:00,9788.368239521795,14136.943015063418,0.0,1183005.0000380108
2025-07-14 06:00:00,10883.96695754948,14125.28782918661,0.0,1185036.9912476982
2025-07-14 07:00:00,9558.402366483191,14112.1913681847,0.0,1188528.7355420126
2025-07-14 08:00:00,9608.263520048864,14099.253756148082,0.0,1191952.1409425507
2025-07-14 09:00:00,13132.99204739133,14082.356023194616,0.0,1191442.283579755
2025-07-14 10:00:00,9680.97773837137,14065.369219779508,0.0,1194751.010868011
2025-07-14 11:00:00,2835.096734684521,14052.15637225694,0.0,1205653.059757285
2025-07-14 12:00:00,2457.4628737824714,14036.452251616303,0.0,1216958.9977046987
2025-07-14 13:00:00,4049.685286837319,14020.014217633465,0.0,1226479.361603624
2025-07-14 14:00:00,8530.04027778493,14007.20819705172,0.0,1231008.7472698037
2025-07-14 15:00:00,9465.285902896532,13993.541193582674,0.0,1234485.3041268345
2025-07-14 16:00:00,9572.347434273328,13986.286916535391,0.0,1237835.6494497324
2025-07-14 17:00:00,10944.488151322232,13981.05566323059,0.0,1239656.162722605
2025-07-14 18:00:00,13825.574032556058,13974.252387657321,0.0,1238268.6661852002
2025-07-14 19:00:00,13075.695255977731,13970.750118756927,0.0,1237710.8660195374
2025-07-14 20:00:00,12906.941826315022,13969.935596729503,0.0,1237339.7551425835
2025-07-14 21:00:00,12587.231970048615,13978.205720990698,0.0,1237332.1475635201
2025-07-14 22:00:00,12230.631600119039,13996.825799237278,0.0,1237739.3826959585
2025-07-14 23:00:00,11924.72251144996,14013.162304569849,0.0,1238502.853321139
2025-07-15 00:00:00,18796.18161211488,14034.366164413781,0.0,1231652.57324987
2025-07-15 01:00:00,18597.508274591873,14055.662675818367,0.0,1225044.3378428083
2025-07-15 02:00:00,18465.92331206952,14087.017731377808,0.0,1218613.66300522
2025-07-15 03:00:00,18340.24526301739,14117.208196806476,0.0,1212352.820909785
2025-07-15 04:00:00,18770.476710387105,14141.101081772398,0.0,1205637.836757794
2025-07-15 05:00:00,19286.019135993574,14147.853587091164,0.0,1198356.7801937812
2025-07-15 06:00:00,19500.69162208538,14146.094146906064,0.0,1190835.439205037
2025-07-15 07:00:00,19661.03991729888,14143.52931397031,0.0,1183133.3686108973
2025-07-15 08:00:00,19796.952574031995,14139.89711135728,0.0,1175276.651751108
2025-07-15 09:00:00,19983.21059814964,14131.251780592236,0.0,1167204.3362004228
2025-07-15 10:00:00,16802.366835529272,14125.043065388218,0.0,1162660.0827818895
2025-07-15 11:00:00,14335.505810401632,14118.224157938803,0.0,1160849.9671504933
2025-07-15 12:00:00,6719.819412684968,14111.724828705808,0.0,1167495.2259651048
2025-07-15 13:00:00,7337.03,14100.117675365433,0.0,1173443.0880849147
2025-07-15 14:00:00,7337.03,14087.599651363704,0.0,1179378.4321807227
2025-07-15 15:00:00,16688.42718323738,14079.14065281295,0.0,1174914.875963272
2025-07-15 16:00:00,19907.815379794658,14094.123577587843,0.0,1166889.2046744213
2025-07-15 17:00:00,19865.295452307768,14106.316636907442,0.0,1158922.9708087645
2025-07-15 18:00:00,20046.148364058397,14111.654310325212,0.0,1150761.1269368026
2025-07-15 19:00:00,20037.989771070195,14142.374620512966,0.0,1142639.068478349
2025-07-15 20:00:00,19599.5323528379,14149.914204987961,0.0,1135011.7245135168
2025-07-15 21:00:00,19257.203515453646,14158.62145901503,0.0,1127773.4531775832
2025-07-15 22:00:00,15790.493281501578,14168.084411665373,0.0,1124396.5450542471
2025-07-15 23:00:00,17664.989999999998,14170.651520711599,0.0,1118939.429908292
2025-07-16 00:00:00,17664.989999999998,14162.204204260983,0.0,1113473.8674458861
2025-07-16 01:00:00,17912.939644892485,14153.756702740118,0.0,1107724.3578765236
2025-07-16 02:00:00,18312.181615008205,14145.303723705441,0.0,1101522.7931391087
2025-07-16 03:00:00,18283.514110169224,14137.021539108178,0.0,1095344.799000251
2025-07-16 04:00:00,18637.56965766518,14128.42226966552,0.0,1088764.8105391776
2025-07-16 05:00:00,19055.658734287274,14119.874609297305,0.0,1081711.7309992667
2025-07-16 06:00:00,19254.899016588904,14111.8978971154,0.0,1074429.2966557278
2025-07-16 07:00:00,19467.84569223635,14101.09944859819,0.0,1066899.4564462854
2025-07-16 08:00:00,19431.859780359115,14090.628510688814,0.0,1059399.129645464
2025-07-16 09:00:00,19414.185204983158,14081.191575121476,0.0,1051909.00432616
2025-07-16 10:00:00,19127.22236265839,14069.6571548874,0.0,1044726.1921892046
2025-07-16 11:00:00,14948.679299856318,14059.162569363583,0.0,1042175.7110920612
2025-07-16 12:00:00,19418.84226712305,14053.282472162218,0.0,1034652.502156309
2025-07-16 13:00:00,19012.20367910156,14047.201281337586,0.0,1027575.0326830894
2025-07-16 14:00:00,19492.454761199984,14035.940921305677,0.0,1019952.6905363951
2025-07-16 15:00:00,19457.271441967827,14024.364265956883,0.0,1012357.8643112766
2025-07-16 16:00:00,12511.038417438433,14012.006561276958,0.0,1012468.7170753997
2025-07-16 17:00:00,16937.85432835049,14001.174314781701,0.0,1007650.0532475698
2025-07-16 18:00:00,19690.678642803814,13982.411724153244,0.0,999753.9331463855
2025-07-16 19:00:00,12793.607765533983,13973.454246437452,0.0,999512.2676533409
2025-07-16 20:00:00,19507.203076411053,13962.514435142344,0.0,991800.1120035818
2025-07-16 21:00:00,19432.74383549912,13951.234191672178,0.0,984159.408600255
2025-07-16 22:00:00,14548.883369008556,13939.962831880848,0.0,981933.9454665708
2025-07-16 23:00:00,18627.059764145404,13928.655328613197,0.0,975165.8677239113
2025-07-17 00:00:00,18487.446532566857,13917.330723981679,0.0,968541.5911894854
2025-07-17 01:00:00,17664.989999999998,13905.94066148878,0.0,962819.7651843075
2025-07-17 02:00:00,17664.989999999998,13894.537665516604,0.0,957086.5361831574
2025-07-17 03:00:00,11386.510782229467,13883.089307350436,0.0,958317.9468435864
2025-07-17 04:00:00,17664.989999999998,13871.58732585562,0.0,952561.7675027753
2025-07-17 05:00:00,19008.678890562107,13859.955329854562,0.0,945300.9685097832
2025-07-17 06:00:00,18708.921304465282,13849.311368166856,0.0,938362.5895396553
2025-07-17 07:00:00,17664.989999999998,13834.4662962882,0.0,932569.2891692766
2025-07-17 08:00:00,17573.989999999998,13817.13491318521,0.0,926859.7685269063
2025-07-17 09:00:00,12573.900532849424,13796.94267774455,0.0,926685.7106125959
2025-07-17 10:00:00,12559.71945812182,13773.185847019236,0.0,926503.6526172577
2025-07-17 11:00:00,17664.989999999998,13754.70855194997,0.0,920630.5945025409
2025-07-17 12:00:00,17456.838587733917,13735.05866787532,0.0,914969.165850712
2025-07-17 13:00:00,8726.52682673901,13720.97492044985,0.0,918993.999852563
2025-07-17 14:00:00,12870.337008383187,13709.145074126494,0.0,918402.7704729304
2025-07-17 15:00:00,12886.663664800579,13699.038547631664,0.0,917783.2938374503
2025-07-17 16:00:00,17664.989999999998,13689.66709228849,0.0,911845.1942630721
2025-07-17 17:00:00,20158.42151391392,13681.55045564471,0.0,903128.4985921459
2025-07-17 18:00:00,17929.425079190973,13670.471171085748,0.0,896877.3863419082
2025-07-17 19:00:00,20245.080318966084,13658.123368001381,0.0,888040.9760221695
2025-07-17 20:00:00,13191.525093164826,13646.133263934189,0.0,887029.8591825871
2025-07-17 21:00:00,15015.09004665486,13634.543550127246,0.0,883980.9693475424
2025-07-17 22:00:00,14568.35232755197,13622.426928820156,0.0,881416.3381346382
2025-07-17 23:00:00,18092.45787646748,13610.443416290474,0.0,874924.050577076
2025-07-18 00:00:00,11973.00261043603,13598.212212385613,0.0,875218.9265556437
2025-07-18 01:00:00,11811.29356946412,13585.679471665628,0.0,875680.9465056827
2025-07-18 02:00:00,11727.70093077893,13572.767856104254,0.0,876222.9355498101
2025-07-18 03:00:00,12029.00689038349,13560.277798520356,0.0,876417.6501367934
2025-07-18 04:00:00,12258.683025612883,13547.248809467423,0.0,876344.1400289132
2025-07-18 05:00:00,12758.539871912693,13534.36520373288,0.0,875702.3498194097
2025-07-18 06:00:00,13363.740008519675,13521.159926891409,0.0,874374.9097368347
2025-07-18 07:00:00,17573.989999999998,13508.223689240687,0.0,868356.4778705199
2025-07-18 08:00:00,12963.345936447315,13494.791887805366,0.0,867447.5520511616
2025-07-18 09:00:00,12756.487460941442,13479.786476646796,0.0,866753.4635712068
2025-07-18 10:00:00,13670.676041429575,13467.354291224885,0.0,865031.1778163988
2025-07-18 11:00:00,12880.859479363055,13454.380721859097,0.0,864173.4924500767
2025-07-18 12:00:00,12822.87975398613,13444.241161117887,0.0,863370.0894400991
2025-07-18 13:00:00,12761.962675697481,13434.944167232514,0.0,862625.0750787786
2025-07-18 14:00:00,12994.173769147586,13425.26036568897,0.0,861612.3645898593
2025-07-18 15:00:00,13104.756818112128,13416.48380985112,0.0,860468.007490697
2025-07-18 16:00:00,18026.112594574508,13408.936981352419,0.0,853847.9304780776
2025-07-18 17:00:00,13361.219789378201,13398.20117650223,0.0,852400.3318886041
2025-07-18 18:00:00,16091.577832802828,13388.756896861663,0.0,847909.5578601293
2025-07-18 19:00:00,17664.989999999998,13388.633713230498,0.0,841670.4249066932
2025-07-18 20:00:00,13242.146366466292,13388.917120628366,0.0,840345.8460645812
2025-07-18 21:00:00,13261.596005906471,13377.433213644132,0.0,838988.1726049959
2025-07-18 22:00:00,12549.774933651286,13366.316435582281,0.0,838410.2946698545
2025-07-18 23:00:00,12616.810262258776,13355.082776466534,0.0,837746.6993771445
2025-07-19 00:00:00,12384.369380534608,13343.341073729667,0.0,837329.630028058
2025-07-19 01:00:00,12271.325006496176,13331.543311166946,0.0,837026.3677764514
2025-07-19 02:00:00,13251.005032377328,13319.409432243556,0.0,835622.4382838312
2025-07-19 03:00:00,12066.292155418138,13307.895999028215,0.0,835523.3429990616
2025-07-19 04:00:00,13866.166675026603,13296.600392837825,0.0,833413.0915307588
2025-07-19 05:00:00,12204.771510134051,13284.898138549137,0.0,833137.1324358255
2025-07-19 06:00:00,12463.848469474233,13273.380551273443,0.0,832561.792465461
2025-07-19 07:00:00,12704.149203739064,13260.419652996667,0.0,831706.4907809697
2025-07-19 08:00:00,13520.739999999998,13248.78183566189,0.0,829932.2281721872
2025-07-19 09:00:00,4429.091743235169,13235.772138962935,0.0,838246.7872631109
2025-07-19 10:00:00,4293.885315425426,13224.784170562061,0.0,846700.5877498671
2025-07-19 11:00:00,4282.500361241631,13211.954642161216,0.0,855154.2086573152
2025-07-19 12:00:00,4214.603670514038,13201.516937427803,0.0,863672.8326275055
2025-07-19 13:00:00,4269.453871670234,13192.568618443347,0.0,872121.5636107597
2025-07-19 14:00:00,4154.849836272028,13186.306443801468,0.0,880691.3702364811
2025-07-19 15:00:00,5283.203655903171,13179.809013994642,0.0,888000.9529661388
2025-07-19 16:00:00,13520.739999999998,13171.763697581026,0.0,886149.6722192755
2025-07-19 17:00:00,13022.95947973516,13160.375411798945,0.0,884840.0926535908
2025-07-19 18:00:00,13039.949501116917,13149.390272724058,0.0,883500.6501472963
2025-07-19 19:00:00,13555.872624638127,13137.865778017862,0.0,881576.4352312715
2025-07-19 20:00:00,12974.410765384986,13126.572828582048,0.0,880286.9960983146
2025-07-19 21:00:00,13520.739999999998,13115.480947528735,0.0,878379.432601399
2025-07-19 22:00:00,13520.739999999998,13104.331116023792,0.0,876460.7192729784
2025-07-19 23:00:00,12179.6311639241,13093.02742788345,0.0,876020.8231853907
2025-07-20 00:00:00,13520.739999999998,13081.617788108279,0.0,874079.3965290544
2025-07-20 01:00:00,13520.739999999998,13070.133622851916,0.0,872126.485707462
2025-07-20 02:00:00,13520.739999999998,13058.689611016025,0.0,870162.1308740334
2025-07-20 03:00:00,11885.769254656796,13047.413440175753,0.0,870003.1340312571
2025-07-20 04:00:00,11864.371691844,13036.26422057362,0.0,869856.7630386709
2025-07-20 05:00:00,13520.739999999998,13024.96527692956,0.0,867858.683871156
2025-07-20 06:00:00,11692.217562121354,13013.651891566804,0.0,867880.9829159214
2025-07-20 07:00:00,12145.219538795354,13002.452201246424,0.0,867388.7467407284
2025-07-20 08:00:00,13429.739999999998,12991.2510902175,0.0,865458.0644976126
2025-07-20 09:00:00,4003.1800000000003,12979.908820054567,0.0,873989.9955398894
2025-07-20 10:00:00,1347.0785366618056,12968.109601968417,0.0,885461.3512122338
2025-07-20 11:00:00,4003.1800000000003,12958.407826740362,0.0,893971.7812611962
2025-07-20 12:00:00,1237.8294413691474,12948.328188812577,0.0,905544.7434040431
2025-07-20 13:00:00,1029.25217321114,12942.550156502572,0.0,917343.6800347556
2025-07-20 14:00:00,1076.9539290641824,12932.991028777418,0.0,929080.0555867951
2025-07-20 15:00:00,13520.739999999998,12923.86295597943,0.0,926980.87409833
2025-07-20 16:00:00,13520.739999999998,12916.383504941932,0.0,924874.2131588275
2025-07-20 17:00:00,12981.553220342576,12905.426551771145,0.0,923355.6916879958
2025-07-20 18:00:00,12812.589998956722,12891.390640655685,0.0,922010.8712186996
2025-07-20 19:00:00,13185.079957192356,12854.530306863731,0.0,920215.3126842383
2025-07-20 20:00:00,12817.584669054071,12830.055320542564,0.0,918803.6072613875
2025-07-20 21:00:00,12942.061836223173,12805.645107308927,0.0,917229.1836617817
2025-07-20 22:00:00,12067.804108322449,12782.218880090639,0.0,916602.731310403
2025-07-20 23:00:00,12037.308855157811,12761.360140822964,0.0,915989.3038343838
2025-07-21 00:00:00,11442.763373448408,12740.339307926368,0.0,916015.4616162565
2025-07-21 01:00:00,11292.930684197006,12719.102340324163,0.0,916186.8631963618
2025-07-21 02:00:00,11745.852907957127,12701.1598588641,0.0,915837.075379718
2025-07-21 03:00:00,11147.849503819045,12685.013520256793,0.0,916135.5894512868
2025-07-21 04:00:00,11570.527071473723,12669.523580446647,0.0,915948.9718412072
2025-07-21 05:00:00,12142.451544233245,12654.004394521966,0.0,915111.3634088032
2025-07-21 06:00:00,12533.248752042713,12639.873919980513,0.0,913825.4053820699
2025-07-21 07:00:00,12690.795513548874,12625.428733007531,0.0,912349.9502111342
2025-07-21 08:00:00,12748.724780919081,12614.597064453117,0.0,910799.2975190106
2025-07-21 09:00:00,12610.979992565946,12605.393256642628,0.0,909392.4907839133
2025-07-21 10:00:00,12440.470570856174,12593.56336763721,0.0,908163.3090728214
2025-07-21 11:00:00,12466.044202706242,12575.197458791969,0.0,906887.3463063842
2025-07-21 12:00:00,12461.976725302546,12555.438124909373,0.0,905596.1436254019
2025-07-21 13:00:00,12485.69250454658,12530.741874149995,0.0,904253.8938278334
2025-07-21 14:00:00,12996.409830303804,12507.976868558406,0.0,902321.4153293875
2025-07-21 15:00:00,12725.476284072523,12488.473702570082,0.0,900670.4709385436
2025-07-21 16:00:00,12911.527499744021,12462.20350758272,0.0,898786.5327797441
2025-07-21 17:00:00,13056.701663079122,12433.270924304925,0.0,896712.357411739
2025-07-21 18:00:00,13520.739999999998,12409.71182514447,0.0,894099.0247924391
2025-07-21 19:00:00,13031.44405207605,12387.552789851146,0.0,892007.1953022056
2025-07-21 20:00:00,13520.739999999998,12366.102307446095,0.0,889350.2531652073
2025-07-21 21:00:00,12721.851765538733,12336.380757772093,0.0,887551.2430723809
2025-07-21 22:00:00,12192.244103404591,12297.857530779322,0.0,886302.1627104884
2025-07-21 23:00:00,11836.020153325178,12262.84233808681,0.0,885413.8715448804
2025-07-22 00:00:00,12530.363652154523,12223.487315839146,0.0,883714.732580548
2025-07-22 01:00:00,12468.078062141783,12184.756414201729,0.0,882046.0689257033
2025-07-22 02:00:00,12362.862299212033,12135.587808678056,0.0,880445.1430685902
2025-07-22 03:00:00,12966.524024559785,12087.563095396363,0.0,878125.4572478089
2025-07-22 04:00:00,14712.643522050657,12045.026051907727,0.0,873823.1016085494
2025-07-22 05:00:00,16610.570621650706,12019.43326266608,0.0,867386.3452916035
2025-07-22 06:00:00,17430.368604234925,11999.632119576489,0.0,860018.9011842523
2025-07-22 07:00:00,17455.049811884106,11979.823933900856,0.0,852604.2253271709
2025-07-22 08:00:00,16280.54775358854,11960.837505939315,0.0,846475.5653291228
2025-07-22 09:00:00,15294.303192644571,11944.526793628744,0.0,841426.421908702
2025-07-22 10:00:00,8426.474151455905,11927.052677679405,0.0,843990.7255292082
2025-07-22 11:00:00,9517.56,11906.992727592537,0.0,845322.6515901341
2025-07-22 12:00:00,2388.7678078284016,11884.703967591338,0.0,854553.1691045829
2025-07-22 13:00:00,7337.03,11868.922614687968,0.0,858269.8361637151
2025-07-22 14:00:00,7337.03,11856.890917384551,0.0,861974.4715255442
2025-07-22 15:00:00,7246.03,11836.41792458831,0.0,865759.745005688
2025-07-22 16:00:00,16048.439086367085,11791.218141178399,0.0,859719.3641620141
2025-07-22 17:00:00,16834.058996230095,11751.509691529207,0.0,852766.363857732
2025-07-22 18:00:00,16013.481124334714,11715.751629548791,0.0,846689.3586824646
2025-07-22 19:00:00,19991.705212660443,11660.002333275766,0.0,836136.3552238954
2025-07-22 20:00:00,15485.523112169943,11628.918204582367,0.0,830559.1366371778
2025-07-22 21:00:00,15789.92412695265,11598.28421532303,0.0,824613.0607114423
2025-07-22 22:00:00,12315.794668443254,11567.991207339726,0.0,822496.8356205119
2025-07-22 23:00:00,12372.393216439368,11544.935008995866,0.0,820294.6670556862
2025-07-23 00:00:00,12339.63608243143,11533.173673119984,0.0,818117.1339705492
2025-07-23 01:00:00,18551.34581943158,11521.562792910448,0.0,809026.0902974245
2025-07-23 02:00:00,12014.391729244475,11510.110870626686,0.0,807186.8770244463
2025-07-23 03:00:00,18327.838443001994,11498.426152313406,0.0,798321.0382400906
2025-07-23 04:00:00,12305.011796319981,11486.980114782915,0.0,796135.7830256292
2025-07-23 05:00:00,17091.95503385671,11475.322061094557,0.0,788620.0439379942
2025-07-23 06:00:00,16909.5141056085,11462.876339515296,0.0,781294.5712712778
2025-07-23 07:00:00,19771.269806462544,11450.760059120415,0.0,770777.253767662
2025-07-23 08:00:00,12472.945578425391,11439.314954192578,0.0,768357.7403013819
2025-07-23 09:00:00,9608.56,11429.841223692823,0.0,769111.403747297
2025-07-23 10:00:00,9608.56,11419.56213244535,0.0,769854.7881019645
2025-07-23 11:00:00,9517.56,11407.076920726022,0.0,770686.7983560238
2025-07-23 12:00:00,9269.47497515289,11390.952365782645,0.0,771778.3340827478
2025-07-23 13:00:00,9235.246901566104,11376.283786863505,0.0,772893.2324234267
2025-07-23 14:00:00,7337.03,11365.84516190788,0.0,776106.822029779
2025-07-23 15:00:00,7337.03,11356.965540478426,0.0,779311.5320147019
2025-07-23 16:00:00,13383.462763723774,11348.942536970317,0.0,775789.9603697569
2025-07-23 17:00:00,13499.78419020291,11338.335663458853,0.0,772128.535821879
2025-07-23 18:00:00,20444.87495828014,11328.770268518825,0.0,760740.7783589757
2025-07-23 19:00:00,13391.707090809694,11317.000813651843,0.0,757178.1046272834
2025-07-23 20:00:00,20014.59606519928,11307.2780847806,0.0,746246.9426396204
2025-07-23 21:00:00,19956.564248920167,11297.51190902632,0.0,735370.4942720687
2025-07-23 22:00:00,12684.145125456866,11287.679192878397,0.0,732564.6788811061
2025-07-23 23:00:00,14126.196250987581,11277.929086508955,0.0,728146.8343554067
2025-07-24 00:00:00,19120.872532268662,11268.40329788207,0.0,718169.8237285457
2025-07-24 01:00:00,14738.22386505302,11258.71384485827,0.0,713052.7332789006
2025-07-24 02:00:00,11818.339958660996,11248.890121626957,0.0,711170.1345575709
2025-07-24 03:00:00,11942.94022630524,11239.101763508837,0.0,709139.3027362962
2025-07-24 04:00:00,12354.840189473063,11229.355898319944,0.0,706641.0584240905
2025-07-24 05:00:00,19606.60045220848,11220.104346511132,0.0,696076.0511570368
2025-07-24 06:00:00,20101.721828567337,11210.636693970184,0.0,684951.4413748209
2025-07-24 07:00:00,18464.385715492535,11201.739683728234,0.0,675637.1969302242
2025-07-24 08:00:00,15135.087698852258,11192.220297608734,0.0,670012.653117997
2025-07-24 09:00:00,13345.414743001034,11183.731516816195,0.0,666368.1460314788
2025-07-24 10:00:00,13244.288674219668,11175.452734768742,0.0,662827.722461559
2025-07-24 11:00:00,17664.989999999998,11164.929527581427,0.0,654364.8853224737
2025-07-24 12:00:00,16093.908328260422,11165.269012884064,0.0,647648.0339706241
2025-07-24 13:00:00,13759.791197721308,11169.528199871196,0.0,643528.9052841382
2025-07-24 14:00:00,13398.176178242204,11190.890930791893,0.0,639832.933794661
2025-07-24 15:00:00,13480.602452623749,11200.810022272457,0.0,636055.296647351
2025-07-24 16:00:00,17664.989999999998,11215.724561320629,0.0,627643.2545420048
2025-07-24 17:00:00,19436.486389290327,11227.532202457955,0.0,617274.6907563625
2025-07-24 18:00:00,13158.25457830861,11240.4143532608,0.0,613894.8222448359
2025-07-24 19:00:00,20080.195555787082,11234.228693480329,0.0,602817.7225429972
2025-07-24 20:00:00,13135.771525617749,11228.252715649325,0.0,599450.6735635158
2025-07-24 21:00:00,13168.195186073715,11221.745253892,0.0,596041.0908328814
2025-07-24 22:00:00,12284.387748149467,11214.986966060707,0.0,593606.7580787761
2025-07-24 23:00:00,11900.394127203883,11208.14180411517,0.0,591592.2397415536
2025-07-25 00:00:00,11656.888533492267,11200.785262345325,0.0,589840.9266333518
2025-07-25 01:00:00,11524.666256773566,11193.671549156285,0.0,588229.4134527597
2025-07-25 02:00:00,11512.742013349707,11186.376405954898,0.0,586623.854288326
2025-07-25 03:00:00,11717.085609354071,11178.989189406046,0.0,584783.8594673387
2025-07-25 04:00:00,11971.452859859144,11171.688599843696,0.0,582653.93377845
2025-07-25 05:00:00,12492.433266505242,11164.720510803825,0.0,579938.1728820257
2025-07-25 06:00:00,13308.898796614269,11157.788966168897,0.0,576308.2965186232
2025-07-25 07:00:00,17573.989999999998,11150.559187345032,0.0,567932.2001504127
2025-07-25 08:00:00,13166.90369860912,11143.478046288681,0.0,564445.785198247
2025-07-25 09:00:00,13316.799460559218,11134.472459463404,0.0,560783.8138126445
2025-07-25 10:00:00,13325.896689451367,11121.368018526236,0.0,557098.6299540026
2025-07-25 11:00:00,12868.666122492452,11109.2517434283,0.0,553909.3637835503
2025-07-25 12:00:00,8871.145520351347,11098.492951540315,0.0,555151.0283791447
2025-07-25 13:00:00,5788.779696410203,11086.223636133655,0.0,559805.2745748226
2025-07-25 14:00:00,13036.870020237122,11076.253852743124,0.0,556396.1172939689
2025-07-25 15:00:00,12744.659038650392,11065.43573731108,0.0,553300.8207661129
2025-07-25 16:00:00,18128.243531873413,11054.06143896832,0.0,544212.3893918885
2025-07-25 17:00:00,13018.754231004028,11044.347230962232,0.0,540791.4541439574
2025-07-25 18:00:00,13069.731075933087,11035.434561354663,0.0,537304.9652876086
2025-07-25 19:00:00,12806.261017338358,11009.732972174575,0.0,534085.5193516294
2025-07-25 20:00:00,12686.952677018064,10990.982891352318,0.0,530979.8881574061
2025-07-25 21:00:00,12427.13999111038,10983.71647396902,0.0,528155.6713079192
2025-07-25 22:00:00,12132.690607224049,10976.260446371194,0.0,525651.1644129303
2025-07-25 23:00:00,11827.551465251574,10969.19814701942,0.0,523478.6387096702
2025-07-26 00:00:00,11642.992736740383,10962.088647311943,0.0,521504.06876060396
2025-07-26 01:00:00,11548.135955513102,10954.452045280195,0.0,519627.2586330918
2025-07-26 02:00:00,11752.109194950663,10947.230632644438,0.0,517516.59016023553
2025-07-26 03:00:00,11359.352078408509,10940.35646344838,0.0,515835.4443143411
2025-07-26 04:00:00,12134.363339605763,10933.456415912975,0.0,513286.27479735884
2025-07-26 05:00:00,11787.228780733854,10926.14922565736,0.0,511115.5031555341
2025-07-26 06:00:00,12109.588103358135,10917.503773983426,0.0,508577.90903689736
2025-07-26 07:00:00,12390.81418049377,10910.576930148289,0.0,505720.91465538595
2025-07-26 08:00:00,13429.739999999998,10901.119036282818,0.0,501700.1003583355
2025-07-26 09:00:00,12577.684537834652,10890.035016050819,0.0,498614.93033234775
2025-07-26 10:00:00,15727.73421358958,10875.48618823261,0.0,492015.15628325864
2025-07-26 11:00:00,12473.495887919289,10862.459445354647,0.0,489018.17585314746
2025-07-26 12:00:00,11451.168774095546,10847.909207110924,0.0,487142.5642001522
2025-07-26 13:00:00,10383.086105804814,10832.173941761484,0.0,486437.97580213053
2025-07-26 14:00:00,12286.539958966936,10814.694526420744,0.0,483600.9592630325
2025-07-26 15:00:00,12443.347875345364,10797.833654965763,0.0,480572.8508342811
2025-07-26 16:00:00,13520.739999999998,10784.686368831291,0.0,476334.492758668
2025-07-26 17:00:00,12764.46569930458,10773.86837171097,0.0,472925.621464485
2025-07-26 18:00:00,12692.659325152363,10766.09269071247,0.0,469588.75934947265
2025-07-26 19:00:00,12804.607786824556,10758.808509724468,0.0,466120.22587383643
2025-07-26 20:00:00,12631.059259202091,10750.866642440247,0.0,462836.58222827443
2025-07-26 21:00:00,13520.739999999998,10743.1506226892,0.0,458556.6884065192
2025-07-26 22:00:00,13520.739999999998,10735.796372441653,0.0,454269.4403345163
2025-07-26 23:00:00,11920.192901628325,10728.991992884336,0.0,451753.7735478137
2025-07-27 00:00:00,13520.739999999998,10722.828026183855,0.0,447453.55712955305
2025-07-27 01:00:00,13520.739999999998,10717.349400217608,0.0,443147.8620853263
2025-07-27 02:00:00,13520.739999999998,10712.411475360275,0.0,438837.2291162421
2025-07-27 03:00:00,11450.168599994255,10707.233704987942,0.0,436822.05326568085
2025-07-27 04:00:00,11859.3185037297,10701.89858227214,0.0,434346.9312882533
2025-07-27 05:00:00,13520.739999999998,10695.917301241556,0.0,430019.8041450504
2025-07-27 06:00:00,11769.501332056298,10689.222025609602,0.0,427631.8024683752
2025-07-27 07:00:00,12191.08172382092,10682.729122297262,0.0,424768.88523087144
2025-07-27 08:00:00,13429.739999999998,10676.32291500072,0.0,420523.2748125389
2025-07-27 09:00:00,12644.139727841666,10668.160408203763,0.0,417142.3910786963
2025-07-27 10:00:00,6847.2697719747,10659.161083199366,0.0,420193.4746374794
2025-07-27 11:00:00,2095.0371268438557,10648.42265232475,0.0,428514.0782599777
2025-07-27 12:00:00,1974.221520154073,10638.425115973767,0.0,436958.92390911357
2025-07-27 13:00:00,2004.8278625553012,10626.581190049603,0.0,445357.9185852129
2025-07-27 14:00:00,1939.4403815720816,10618.769546310003,0.0,453821.75437422044
2025-07-27 15:00:00,13429.739999999998,10613.261802324925,0.0,449513.08284321206
2025-07-27 16:00:00,13520.739999999998,10607.384962211037,0.0,445097.42336097866
2025-07-27 17:00:00,12827.090292708695,10602.334475201189,0.0,441447.4352887257
2025-07-27 18:00:00,12864.041235452882,10599.413618001674,0.0,437753.46975622413
2025-07-27 19:00:00,13285.919733340645,10602.395631192794,0.0,433593.7323503718
2025-07-27 20:00:00,12829.289750072374,10603.232399704651,0.0,429942.19836110715
2025-07-27 21:00:00,12659.565837913433,10605.345432179056,0.0,426481.35952893796
2025-07-27 22:00:00,12121.17484816178,10609.310393823478,0.0,423622.6978692484
2025-07-27 23:00:00,11974.2002680656,10614.677663174894,0.0,420932.70856790594
2025-07-28 00:00:00,11686.241565495282,10621.630650674573,0.0,418569.62636803015
2025-07-28 01:00:00,11527.191112971745,10631.826228246504,0.0,416393.46247075254
2025-07-28 02:00:00,12666.666625874306,10641.60470713464,0.0,412960.99314913794
2025-07-28 03:00:00,11486.456075968188,10648.168867403392,0.0,410846.4330432433
2025-07-28 04:00:00,11960.455212005654,10649.120308786883,0.0,408206.158672024
2025-07-28 05:00:00,12720.590195433135,10646.549882066254,0.0,404718.7194480534
2025-07-28 06:00:00,13098.085972631863,10641.411603703758,0.0,400806.70219327736
2025-07-28 07:00:00,13207.32595657793,10635.556900556783,0.0,396767.4524754142
2025-07-28 08:00:00,13278.70955745138,10625.306902475395,0.0,392638.63764738804
2025-07-28 09:00:00,13184.62932551491,10616.790832493134,0.0,388605.84034042014
2025-07-28 10:00:00,12067.065105214398,10614.344058303934,0.0,385812.3342818192
2025-07-28 11:00:00,7594.5184026430325,10613.568443771304,0.0,387987.54894487606
2025-07-28 12:00:00,4600.005405062565,10611.548869236745,0.0,393487.9806973766
2025-07-28 13:00:00,4167.179246191303,10614.220013820282,0.0,399472.00154876214
2025-07-28 14:00:00,4264.577289402214,10621.916574460047,0.0,405355.49891277525
2025-07-28 15:00:00,6274.71,10628.965526196907,0.0,409012.5644389722
2025-07-28 16:00:00,13093.6808353384,10636.395337359056,0.0,405100.4255148441
2025-07-28 17:00:00,13061.883341690162,10641.038153020274,0.0,401228.2599548754
2025-07-28 18:00:00,13089.558513407108,10644.054444660731,0.0,397328.3604957504
2025-07-28 19:00:00,13116.54268847977,10649.650119159245,0.0,393404.07429437654
2025-07-28 20:00:00,13520.739999999998,10658.071686675075,0.0,389039.10153660714
2025-07-28 21:00:00,12611.710175428652,10667.652023758828,0.0,385693.74225433415
2025-07-28 22:00:00,12246.342634193821,10677.505770135742,0.0,382764.20065314346
2025-07-28 23:00:00,11845.623357640641,10685.882653258343,0.0,380288.27957569
2025-07-29 00:00:00,11565.764545137861,10690.745222899372,0.0,378128.1753039917
2025-07-29 01:00:00,11386.901144632444,10692.220600766621,0.0,376168.28352183336
2025-07-29 02:00:00,11460.842948741465,10691.596062735533,0.0,374125.6096415228
2025-07-29 03:00:00,11427.364433536179,10687.935186246594,0.0,372116.47323495144
2025-07-29 04:00:00,11863.731134226424,10682.203182667308,0.0,369616.75293514493
2025-07-29 05:00:00,12441.664142693608,10674.029514988571,0.0,366466.7111804739
2025-07-29 06:00:00,12638.96478668585,10664.995874161685,0.0,363088.4128472069
2025-07-29 07:00:00,12654.52005225196,10654.243470506177,0.0,359682.0784818776
2025-07-29 08:00:00,12749.018599437692,10643.486172084271,0.0,356159.98843236436
2025-07-29 09:00:00,3910.6129367396916,10632.337094595907,0.0,362447.2000416939
2025-07-29 10:00:00,4128.797935625344,10620.069695130991,0.0,368479.716475019
2025-07-29 11:00:00,2511.3037232953775,10606.215185383518,0.0,376295.5941900743
2025-07-29 12:00:00,3384.357850592409,10594.677126757932,0.0,383129.87370506296
2025-07-29 13:00:00,3944.028301235541,10582.49013478198,0.0,389330.1101718054
2025-07-29 14:00:00,3702.29822332415,10569.693952842641,0.0,395786.13943206565
2025-07-29 15:00:00,3552.2795060216686,10563.888395427519,0.0,402403.0505985802
2025-07-29 16:00:00,6686.584772772673,10561.927519367717,0.0,405535.43948153383
2025-07-29 17:00:00,12339.845335276053,10565.535158957759,0.0,402390.03537907376
2025-07-29 18:00:00,12307.370763797911,10576.521766313277,0.0,399291.7007411672
2025-07-29 19:00:00,12295.075606906017,10589.468753738664,0.0,396219.97437612136
2025-07-29 20:00:00,12323.310249242733,10603.648849878808,0.0,393131.0562823971
2025-07-29 21:00:00,12073.269028867084,10616.94798625681,0.0,390333.26090324606
2025-07-29 22:00:00,11661.776983545686,10633.455808043074,0.0,388009.18672957167
2025-07-29 23:00:00,11338.687664925756,10649.207154335592,0.0,386059.85203398985
2025-07-30 00:00:00,11251.010789636795,10663.994156235698,0.0,384222.7230906291
2025-07-30 01:00:00,11091.769441469894,10674.859734025738,0.0,382573.3945563549
2025-07-30 02:00:00,11064.717664797197,10688.322466625448,0.0,380967.58628431684
2025-07-30 03:00:00,11241.318794968447,10704.887014010483,0.0,379182.1190816956
2025-07-30 04:00:00,11676.767875677506,10717.527367312672,0.0,376925.45992047776
2025-07-30 05:00:00,12303.829196529481,10727.011805900627,0.0,373981.55039690115
2025-07-30 06:00:00,12723.768188772085,10731.389156263913,0.0,370575.4193434184
2025-07-30 07:00:00,13107.380007501104,10740.839443134499,0.0,366752.5032226627
2025-07-30 08:00:00,13365.805958548248,10748.34426829044,0.0,362649.9519814552
2025-07-30 09:00:00,4825.018249374486,10751.084093486015,0.0,368039.9046867473
2025-07-30 10:00:00,2918.09560526576,10753.431824464535,0.0,375551.00806091644
2025-07-30 11:00:00,2864.041134869801,10754.650310579189,0.0,383123.3904438626
2025-07-30 12:00:00,2886.5327021579415,10754.226987941585,0.0,390670.35887385096
2025-07-30 13:00:00,2968.1511808554246,10750.908762311909,0.0,398123.3218796568
2025-07-30 14:00:00,3007.2336587297546,10747.486477491371,0.0,405529.4376252262
2025-07-30 15:00:00,2917.38632678591,10743.611624525627,0.0,413031.5088866564
2025-07-30 16:00:00,7822.376201438673,10735.449419927203,0.0,415075.42919387395
2025-07-30 17:00:00,13694.942632278595,10728.171579794353,0.0,410586.9978489143
2025-07-30 18:00:00,13627.515846123686,10719.940043991583,0.0,406165.25361943507
2025-07-30 19:00:00,13634.286107877906,10710.644490430857,0.0,401726.6913233349
2025-07-30 20:00:00,13589.648898599007,10702.014075494146,0.0,397329.0955114969
2025-07-30 21:00:00,13266.996417574828,10693.263118898443,0.0,393281.2514997566
2025-07-30 22:00:00,12776.992956649583,10684.48785311246,0.0,389769.0805121473
2025-07-30 23:00:00,12447.075030465894,10675.416851484058,0.0,386614.413996447
2025-07-31 00:00:00,12236.176132247096,10666.25131327673,0.0,383684.9140516714
2025-07-31 01:00:00,10727.285708699059,10657.211819833921,0.0,382422.91952850635
2025-07-31 02:00:00,10646.194746640962,10648.394286475605,0.0,381242.2085409364
2025-07-31 03:00:00,12167.556364843858,10639.641807308619,0.0,378362.34327619633
2025-07-31 04:00:00,12495.577189949476,10631.08284248126,0.0,375109.4514631782
2025-07-31 05:00:00,13148.200646370251,10622.327368679684,0.0,371122.6670025576
2025-07-31 06:00:00,13666.522002585778,10613.304639477452,0.0,366550.94719471753
2025-07-31 07:00:00,13807.98325458267,10604.24357762618,0.0,361812.9871561407
2025-07-31 08:00:00,13738.584669073538,10593.377310203052,0.0,357141.2703895954
2025-07-31 09:00:00,2780.3588092317104,10581.541989229072,0.0,364633.52481301146
2025-07-31 10:00:00,2709.2620719902443,10568.323835890647,0.0,372191.5574578018
2025-07-31 11:00:00,2683.974383039138,10558.58505503306,0.0,379767.9487539025
2025-07-31 12:00:00,2766.753835161723,10544.865272501665,0.0,387238.6430984467
2025-07-31 13:00:00,2851.875082161273,10529.427523774997,0.0,394599.3205309314
2025-07-31 14:00:00,3198.234328681824,10495.758267235271,0.0,401541.48509963136
2025-07-31 15:00:00,3492.4453941127913,10477.16820110664,0.0,408138.1584183904
2025-07-31 16:00:00,8682.69669108964,10458.411626374012,0.0,408949.1292768874
2025-07-31 17:00:00,13885.213299720039,10443.955988743837,0.0,403965.07048816443
2025-07-31 18:00:00,13798.219372515996,10432.710107158588,0.0,399066.4257369719
2025-07-31 19:00:00,13685.284637006618,10443.828507150945,0.0,394304.38242522674
2025-07-31 20:00:00,13543.887465708714,10458.124925966149,0.0,389713.7435004055
2025-07-31 21:00:00,13062.325377257608,10478.990256488476,0.0,385679.03889327444
2025-07-31 22:00:00,12508.907028744974,10508.298441001905,0.0,382288.55174678186
2025-07-31 23:00:00,12213.528191830686,10529.990653010698,0.0,379247.95551998075
2025-08-01 00:00:00,12153.196823028145,10546.471303378137,0.0,376290.8747977721
2025-08-01 01:00:00,9445.84983945121,10558.942188020843,0.0,376354.4282752916
2025-08-01 02:00:00,8192.743857876183,10563.41179022896,0.0,377814.791334547
2025-08-01 03:00:00,9126.519214238644,10566.231193592828,0.0,378240.44562343025
2025-08-01 04:00:00,10022.758822132851,10563.824441634932,0.0,377667.87137380644
2025-08-01 05:00:00,11349.039524993892,10558.846608350053,0.0,375616.6740654966
2025-08-01 06:00:00,13297.856366753038,10552.37263033266,0.0,371393.65073277033
2025-08-01 07:00:00,13487.426216491944,10546.345422966617,0.0,366953.9670263015
2025-08-01 08:00:00,13617.680046306637,10538.718990446197,0.0,362361.9304097403
2025-08-01 09:00:00,5511.755592900175,10535.440104287389,0.0,366773.1976330275
2025-08-01 10:00:00,2699.8330131339662,10528.503730932243,0.0,374301.8869049221
2025-08-01 11:00:00,2363.619739517244,10520.516854408093,0.0,382196.15960431093
2025-08-01 12:00:00,2377.8828249778235,10513.213259019405,0.0,390067.2808355772
2025-08-01 13:00:00,2594.292108354981,10501.739570881204,0.0,397686.4736193974
2025-08-01 14:00:00,2575.95423732121,10488.66712688296,0.0,405312.969371479
2025-08-01 15:00:00,2577.871064373059,10476.046167169801,0.0,412924.7143560121
2025-08-01 16:00:00,4801.529460207329,10467.199493147125,0.0,418056.8811155954
2025-08-01 17:00:00,7912.478154984903,10458.007513175278,0.0,419723.246234343
2025-08-01 18:00:00,13197.927060727616,10452.127995219884,0.0,415511.01082875446
2025-08-01 19:00:00,13064.796786866287,10442.772447786107,0.0,411437.34240224474
2025-08-01 20:00:00,12974.72572075011,10432.868390003947,0.0,407453.8488803041
2025-08-01 21:00:00,12630.612496065809,10422.428678048738,0.0,403842.2636738352
2025-08-01 22:00:00,12251.869209373353,10411.71189839433,0.0,400640.7875618147
2025-08-01 23:00:00,10450.500007122919,10399.693565085408,0.0,399428.81445231906
2025-08-02 00:00:00,8048.364258965889,10387.341363067155,0.0,400873.52886097966
2025-08-02 01:00:00,6249.9840509728365,10375.559679242699,0.0,404304.6618169193
2025-08-02 02:00:00,6183.14239695048,10363.418648973608,0.0,407797.922247059
2025-08-02 03:00:00,6055.402876910656,10351.089898956836,0.0,411420.7867272262
2025-08-02 04:00:00,6113.026027678466,10339.086773741496,0.0,414967.6223591027
2025-08-02 05:00:00,6297.655995208344,10327.844506701716,0.0,418298.07131557295
2025-08-02 06:00:00,6656.664699769631,10317.476503277792,0.0,421219.2537079956
2025-08-02 07:00:00,6903.605197841883,10306.726141291534,0.0,423855.30740724056
2025-08-02 08:00:00,2143.729022284284,10297.643493224381,0.0,431771.02976459346
2025-08-02 09:00:00,2106.0055221141247,10289.395699605851,0.0,439720.419328517
2025-08-02 10:00:00,2099.306634063265,10282.938808878045,0.0,447670.7952106581
2025-08-02 11:00:00,1980.0134001342412,10278.010367430445,0.0,455748.7906890505
2025-08-02 12:00:00,1935.1528345056013,10276.531962827714,0.0,463875.1528357609
2025-08-02 13:00:00,1948.3505527052494,10269.99194685015,0.0,471980.3108351608
2025-08-02 14:00:00,1938.145138367534,10266.70443619317,0.0,480093.52067316783
2025-08-02 15:00:00,2090.9422874267784,10265.24754428898,0.0,488035.49900920485
2025-08-02 16:00:00,2128.7077370278294,10262.141924723941,0.0,495932.4101150089
2025-08-02 17:00:00,3028.5575933366636,10255.736009766984,0.0,502823.08213217964
2025-08-02 18:00:00,12918.520336948757,10248.588886726471,0.0,498717.7595334075
2025-08-02 19:00:00,12812.141039388369,10244.5382819659,0.0,494726.5855493863
2025-08-02 20:00:00,12736.665899268555,10239.772672290546,0.0,490814.5072224896
2025-08-02 21:00:00,12488.169272087036,10234.34804250983,0.0,487173.11162934726
2025-08-02 22:00:00,12041.070924595879,10228.142030074294,0.0,484022.285965426
2025-08-02 23:00:00,8214.500383487008,10221.207928448583,0.0,485116.2712455557
2025-08-03 00:00:00,1342.8477713420125,10213.406389981967,0.0,493837.62455626874
2025-08-03 01:00:00,1205.5897664641761,10203.968734309503,0.0,502702.04910561803
2025-08-03 02:00:00,1207.882468524458,10194.191274436687,0.0,511554.14874836087
2025-08-03 03:00:00,1139.6213257897762,10184.875784314643,0.0,520472.77861513133
2025-08-03 04:00:00,1167.5055106919153,10176.710886020324,0.0,529352.2611559384
2025-08-03 05:00:00,1617.0992422937306,10173.040640845411,0.0,537728.524860902
2025-08-03 06:00:00,2114.978159648892,10170.311474344318,0.0,545548.8606023031
2025-08-03 07:00:00,2197.0876123556864,10168.51707564165,0.0,553276.1692197717
2025-08-03 08:00:00,1985.7254377866739,10175.985286108957,0.0,561245.7929083399
2025-08-03 09:00:00,1878.5249936530618,10192.302816301399,0.0,569350.8457316934
2025-08-03 10:00:00,1897.7673550780473,10220.690120658763,0.0,577462.9054578211
2025-08-03 11:00:00,1850.168826807152,10255.84968941776,0.0,585663.012006342
2025-08-03 12:00:00,1928.9884176137675,10286.884887798284,0.0,593806.576430125
2025-08-03 13:00:00,1976.9467267128857,10322.17853456813,0.0,601932.1474905676
2025-08-03 14:00:00,1928.762732006595,10362.121719960944,0.0,610151.1995082991
2025-08-03 15:00:00,2252.789770561507,10413.684305570237,0.0,618061.784068801
2025-08-03 16:00:00,2524.012263821978,10471.719894892738,0.0,625729.0458927804
2025-08-03 17:00:00,2415.796701935973,10531.300744136868,0.0,633576.1280792106
2025-08-03 18:00:00,9359.343912873268,10584.885524634738,0.0,633761.7425895417
2025-08-03 19:00:00,12993.779720547704,10626.406027901869,0.0,629950.6155946128
2025-08-03 20:00:00,12934.11613952008,10656.293866658587,0.0,626235.6693062491
2025-08-03 21:00:00,12606.543557977067,10680.645147389208,0.0,622909.0438336637
2025-08-03 22:00:00,12391.239280459993,10703.08914272316,0.0,619844.0893314313
2025-08-03 23:00:00,11222.197469392508,10718.862305294488,0.0,618093.8433374008
2025-08-04 00:00:00,4674.388872218777,10729.072546148022,0.0,623629.1504699723
2025-08-04 01:00:00,1574.5024842577768,10734.526388462407,0.0,632614.2296537039
2025-08-04 02:00:00,3047.8580828750846,10738.304692237614,0.0,639966.0253649693
2025-08-04 03:00:00,7556.378733289315,10743.763275645215,0.0,642313.812270293
2025-08-04 04:00:00,8701.29175160868,10754.395375298725,0.0,643400.1056993599
2025-08-04 05:00:00,9547.300117551968,10765.585949410606,0.0,643557.580407046
2025-08-04 06:00:00,9875.183556308353,10773.842087289635,0.0,643358.9963206598
2025-08-04 07:00:00,9902.01860112674,10770.960554081019,0.0,643127.7139845998
2025-08-04 08:00:00,9956.21700929486,10771.816704633191,0.0,642837.067345572
2025-08-04 09:00:00,5649.372162795535,10773.381632302597,0.0,647333.3687969907
2025-08-04 10:00:00,3519.7393587554143,10768.687141945895,0.0,654191.2344292084
2025-08-04 11:00:00,3065.193055315678,10753.956770983648,0.0,661539.4211387301
2025-08-04 12:00:00,2846.4989592591337,10739.512162167766,0.0,669116.156679499
2025-08-04 13:00:00,2961.3690402686734,10718.339787563238,0.0,676544.0864223191
2025-08-04 14:00:00,2892.7960811473986,10700.35810535557,0.0,684030.2266597332
2025-08-04 15:00:00,2355.268953443834,10684.59035556904,0.0,692097.8515114757
2025-08-04 16:00:00,2228.702182917832,10680.888271977119,0.0,700302.4040246551
2025-08-04 17:00:00,5004.6491648315705,10680.181464937676,0.0,705421.8641953355
2025-08-04 18:00:00,5063.892202009129,10691.249244538863,0.0,710486.5665487532
2025-08-04 19:00:00,4420.380323457206,10727.645888609073,0.0,716302.6787446319
2025-08-04 20:00:00,3292.5364159721094,10768.774176140583,0.0,723413.079125248
2025-08-04 21:00:00,591.5574218416714,10799.820250650973,0.0,733555.6133516305
2025-08-04 22:00:00,0.0,10807.074040855732,0.0,744362.6873924863
2025-08-04 23:00:00,0.0,10802.595644983741,0.0,755165.28303747
2025-08-05 00:00:00,0.0,10802.700412214881,0.0,765967.9834496848
2025-08-05 01:00:00,0.0,10809.530861840803,0.0,776777.5143115256
2025-08-05 02:00:00,1569.6746643338574,10817.094322819976,0.0,785850.5256739747
2025-08-05 03:00:00,3673.9966245996357,10827.433305039633,0.0,792595.7405072368
2025-08-05 04:00:00,4334.575499670729,10839.948931665196,0.0,798619.494439268
2025-08-05 05:00:00,5187.06212331031,10858.341657527739,0.0,803714.433737562
2025-08-05 06:00:00,5595.134871898013,10875.659496993967,0.0,808373.2767102249
2025-08-05 07:00:00,4889.312959476382,10890.52864837816,0.0,813831.2354036294
2025-08-05 08:00:00,1212.523765613636,10922.951919844772,0.0,823406.9386950146
2025-08-05 09:00:00,534.107863216881,10961.628551045998,0.0,833775.1140647085
2025-08-05 10:00:00,598.705892724025,10993.392952398975,0.0,844103.278247414
2025-08-05 11:00:00,575.5757574741001,11039.069971169627,0.0,854502.819599168
2025-08-05 12:00:00,583.9920147278535,11083.175346136246,0.0,864937.11492894
2025-08-05 13:00:00,567.4962760078597,11128.973274187516,0.0,875435.5367853409
2025-08-05 14:00:00,782.933911219443,11176.047786471545,0.0,885741.6580037909
2025-08-05 15:00:00,1002.4968681738392,11212.204411651512,0.0,895839.9770063603
2025-08-05 16:00:00,1190.2530100013319,11245.273875846486,0.0,905762.747537761
2025-08-05 17:00:00,1413.7140156824953,11272.86094369504,0.0,915464.8151306978
2025-08-05 18:00:00,6082.694920704405,11291.067100619342,0.0,919997.3323194232
2025-08-05 19:00:00,6247.284660884804,11321.616241804797,0.0,924377.5211602448
2025-08-05 20:00:00,6152.036863258148,11358.90564311796,0.0,928900.8302886316
2025-08-05 21:00:00,5737.521955423665,11397.566170254557,0.0,933923.372063971
2025-08-05 22:00:00,4780.018906633175,11433.515478215257,0.0,940045.755423705
2025-08-05 23:00:00,5060.526797449771,11464.9037993376,0.0,945887.8516703205
2025-08-06 00:00:00,3919.5222263044607,11490.153488879034,0.0,953022.9804633058
2025-08-06 01:00:00,3399.85161204219,11508.661741575661,0.0,960754.0293026123
2025-08-06 02:00:00,4844.937630225837,11515.93631247979,0.0,966886.7015815079
2025-08-06 03:00:00,5046.533088208464,11516.580842116467,0.0,972796.0234367261
2025-08-06 04:00:00,5678.884744011564,11519.491479377568,0.0,978005.642978313
2025-08-06 05:00:00,7634.7731358852325,11526.830424146452,0.0,981049.3921403649
2025-08-06 06:00:00,8361.79063632842,11540.593586537669,0.0,983299.1072420932
2025-08-06 07:00:00,7077.31523134677,11550.993367893921,0.0,986986.4170196018
2025-08-06 08:00:00,1805.8246069906854,11555.176280547772,0.0,996535.1215146042
2025-08-06 09:00:00,1668.8757866596934,11557.977327631557,0.0,1006238.7924126139
2025-08-06 10:00:00,1533.0758876941782,11562.491240973413,0.0,1016097.8660005938
2025-08-06 11:00:00,1151.694522995229,11566.945948762783,0.0,1026385.1513682507
2025-08-06 12:00:00,904.21831755327,11571.975839659854,0.0,1036952.440188407
2025-08-06 13:00:00,823.812393926095,11578.406061645976,0.0,1047615.4991456906
2025-08-06 14:00:00,988.7576167666339,11586.705880790416,0.0,1058103.5854522958
2025-08-06 15:00:00,1285.6448829308301,11591.029235774215,0.0,1068266.1203737024
2025-08-06 16:00:00,4255.845879865816,11597.87061521344,0.0,1075135.2733446206
2025-08-06 17:00:00,12083.011529354699,11606.102904312942,0.0,1073315.807882984
2025-08-06 18:00:00,12252.380307478492,11616.902945451788,0.0,1071318.9549312375
2025-08-06 19:00:00,12337.544874502302,11627.050795738563,0.0,1069237.6225330844
2025-08-06 20:00:00,12378.968175922006,11637.942300504401,0.0,1067121.155749231
2025-08-06 21:00:00,11976.358957531,11649.511791118432,0.0,1065463.6020319818
2025-08-06 22:00:00,11445.81419700211,11662.3538733654,0.0,1064408.3845753449
2025-08-06 23:00:00,8920.086262169152,11677.53881949987,0.0,1066174.7164368788
2025-08-07 00:00:00,6560.833018083789,11691.418922216166,0.0,1070576.3208945575
2025-08-07 01:00:00,5812.917682062884,11701.81780078559,0.0,1075819.3412708289
2025-08-07 02:00:00,6002.711700802873,11710.858232444663,0.0,1080860.519835715
2025-08-07 03:00:00,6120.122216629914,11718.584620399612,0.0,1085778.9686598587
2025-08-07 04:00:00,8316.178611336507,11724.722101505418,0.0,1088263.492304324
2025-08-07 05:00:00,9121.420125263088,11729.083932622816,0.0,1089857.6649866542
2025-08-07 06:00:00,9663.761076352332,11733.888159341635,0.0,1090854.0408389377
2025-08-07 07:00:00,9741.761931722498,11740.338248640921,0.0,1091770.1991634422
2025-08-07 08:00:00,3333.2116807635275,11748.952395865597,0.0,1099815.5830251265
2025-08-07 09:00:00,2407.8630000312387,11755.077246171482,0.0,1108895.2569379297
2025-08-07 10:00:00,2463.3708026670993,11758.96352026126,0.0,1117917.141788561
2025-08-07 11:00:00,2297.824308832054,11761.316537743538,0.0,1127125.3202053797
2025-08-07 12:00:00,2519.81244449286,11759.45668195735,0.0,1136084.9852823452
2025-08-07 13:00:00,2764.2534660941255,11759.673570020443,0.0,1144773.266112261
2025-08-07 14:00:00,3085.0532082995733,11761.581322341259,0.0,1153107.0105364916
2025-08-07 15:00:00,3191.4339157742897,11756.37060049454,0.0,1161317.3434527928
2025-08-07 16:00:00,3497.3448736158643,11742.325147870977,0.0,1169173.7298522019
2025-08-07 17:00:00,8050.23626131364,11725.768091450786,0.0,1171954.7909866376
2025-08-07 18:00:00,13552.391089407422,11708.829649891879,0.0,1168605.4083149654
2025-08-07 19:00:00,13460.398645591646,11691.882588091024,0.0,1165341.2924079546
2025-08-07 20:00:00,13282.316376231567,11676.92704743791,0.0,1162260.0901484685
2025-08-07 21:00:00,12782.14424081637,11657.651278700958,0.0,1159715.3589373736
2025-08-07 22:00:00,12293.358549351096,11626.82626135342,0.0,1157682.8979216702
2025-08-07 23:00:00,9086.539301349496,11600.443356680018,0.0,1159187.186499073
2025-08-08 00:00:00,18985.846766281808,11577.16168874497,0.0,1149668.9628919493
2025-08-08 01:00:00,18939.33922257795,11555.842905719928,0.0,1140181.0955503604
2025-08-08 02:00:00,19006.877668357993,11541.721656983744,0.0,1130604.064242502
2025-08-08 03:00:00,19028.138781020865,11529.667135295314,0.0,1120991.3549544408
2025-08-08 04:00:00,19492.399080659474,11523.728513803268,0.0,1110856.8622675114
2025-08-08 05:00:00,20200.101740651015,11521.078997366658,0.0,1099933.383775266
2025-08-08 06:00:00,20269.515954378166,11520.896800105249,0.0,1088932.5961816176
2025-08-08 07:00:00,20295.687833952583,11519.230669079161,0.0,1077901.0625907495
2025-08-08 08:00:00,19890.03658855364,11516.251304429674,0.0,1067317.2732412305
2025-08-08 09:00:00,18438.69754163851,11508.577118662242,0.0,1058338.4086469612
2025-08-08 10:00:00,17793.943255599093,11505.06663972555,0.0,1050072.42722491
2025-08-08 11:00:00,2494.1647051096625,11501.25933993321,0.0,1058802.3924480546
2025-08-08 12:00:00,2312.0790287254295,11494.828817534515,0.0,1067728.2445670052
2025-08-08 13:00:00,5445.9739940243335,11490.250973491411,0.0,1073167.4133249142
2025-08-08 14:00:00,5582.258382082455,11487.716033445451,0.0,1078452.6200449346
2025-08-08 15:00:00,4234.564565582259,11491.558240288317,0.0,1085239.106545687
2025-08-08 16:00:00,17534.38689611415,11498.714087804718,0.0,1077255.1685266981
2025-08-08 17:00:00,18724.504446899078,11514.821776984229,0.0,1067964.9853626834
2025-08-08 18:00:00,17535.647155750354,11535.240005837655,0.0,1060016.172973243
2025-08-08 19:00:00,18924.4606655759,11567.004126437201,0.0,1050555.9985823736
2025-08-08 20:00:00,16383.649170723435,11601.18268302707,0.0,1043953.1266312636
2025-08-08 21:00:00,15725.726879558526,11630.704171494803,0.0,1038110.8009365823
2025-08-08 22:00:00,12339.521308017509,11657.489612620875,0.0,1036057.7113180726
2025-08-08 23:00:00,12427.614219126688,11686.021281595182,0.0,1033935.2723561936
2025-08-09 00:00:00,12192.042558372033,11704.99699440317,0.0,1032093.5553968502
2025-08-09 01:00:00,8207.654692513657,11723.191171390159,0.0,1034697.1302432251
2025-08-09 02:00:00,11624.708287495267,11741.606760424234,0.0,1033522.3944619879
2025-08-09 03:00:00,16433.014860449814,11755.163771791533,0.0,1027018.6528332792
2025-08-09 04:00:00,14094.515283159924,11764.964369938101,0.0,1023123.0446663728
2025-08-09 05:00:00,13630.279603638492,11770.780058660852,0.0,1019749.0696098799
2025-08-09 06:00:00,8476.5974033454,11774.093197177308,0.0,1022104.7212477844
2025-08-09 07:00:00,17173.215733730678,11778.381717323366,0.0,1014801.7521498515
2025-08-09 08:00:00,17194.000841545436,11782.619770046756,0.0,1007479.9265404035
2025-08-09 09:00:00,1821.804285980128,11787.437426644905,0.0,1017243.1369826258
2025-08-09 10:00:00,1115.933670604114,11792.450704008865,0.0,1027795.6613859636
2025-08-09 11:00:00,987.5977918135777,11796.34061767418,0.0,1038494.6711238449
2025-08-09 12:00:00,824.098778049969,11798.40638612384,0.0,1049377.4122010244
2025-08-09 13:00:00,889.926334490432,11808.048249236423,0.0,1060196.653411938
2025-08-09 14:00:00,4112.566088692502,11820.86220719633,0.0,1067447.9977428094
2025-08-09 15:00:00,5092.294662197632,11834.230887206466,0.0,1073624.1234497963
2025-08-09 16:00:00,5712.210275130468,11859.269778869584,0.0,1079136.4929229652
2025-08-09 17:00:00,14594.807764823165,11892.687618182852,0.0,1074812.7274691225
2025-08-09 18:00:00,9394.447460095453,11917.444048295032,0.0,1076291.8965617558
2025-08-09 19:00:00,12125.439461504406,11928.076597006038,0.0,1074747.2626459792
2025-08-09 20:00:00,12518.324291396626,11932.225792371091,0.0,1072770.2392256875
2025-08-09 21:00:00,12258.29465988695,11937.64301237454,0.0,1071087.5548381873
2025-08-09 22:00:00,11884.469836958211,11951.32548261673,0.0,1069833.9138352952
2025-08-09 23:00:00,11651.106440398997,11970.585098452986,0.0,1068858.8251110825
2025-08-10 00:00:00,11388.885458677505,11992.91166135877,0.0,1068197.419596133
2025-08-10 01:00:00,11317.567748356003,12017.53146974853,0.0,1067639.8757899303
2025-08-10 02:00:00,11335.253487373204,12035.801274349169,0.0,1067080.9509671982
2025-08-10 03:00:00,12147.55864568699,12053.764553035262,0.0,1065637.4281361368
2025-08-10 04:00:00,12258.823864237513,12069.41198317755,0.0,1064085.9247146063
2025-08-10 05:00:00,17565.138198077522,12082.909378898805,0.0,1056652.0138734188
2025-08-10 06:00:00,12093.68088223013,12099.749221421202,0.0,1055314.339892362
2025-08-10 07:00:00,13688.807992835682,12120.822212113932,0.0,1052225.3754457696
2025-08-10 08:00:00,2837.148396036234,12128.513741579849,0.0,1061201.5020806426
2025-08-10 09:00:00,1238.81095958496,12129.447514753398,0.0,1071954.492973635
2025-08-10 10:00:00,1219.1870657791096,12106.02159177784,0.0,1082705.8622701026
2025-08-10 11:00:00,979.3590737432442,12075.44689097988,0.0,1093693.132412479
2025-08-10 12:00:00,984.4985986974825,12046.949215098346,0.0,1104646.194295691
2025-08-10 13:00:00,1100.4916771347107,12011.720066796746,0.0,1115435.145832338
2025-08-10 14:00:00,1266.735530150243,11968.077137879112,0.0,1125995.739047828
2025-08-10 15:00:00,1430.544857603698,11907.725431737093,0.0,1136313.9701933386
2025-08-10 16:00:00,4110.0732949167805,11841.21468679378,0.0,1143588.4367746697
2025-08-10 17:00:00,13130.532747658654,11775.868010202725,0.0,1140774.8239541403
2025-08-10 18:00:00,13290.873078625622,11715.353385730306,0.0,1137722.5405858422
2025-08-10 19:00:00,19845.519999999997,11663.959088261478,0.0,1127335.9218963257
2025-08-10 20:00:00,13382.520887701668,11625.791320345976,0.0,1124092.24556367
2025-08-10 21:00:00,13356.608641683642,11591.37177785402,0.0,1120842.9410729865
2025-08-10 22:00:00,19619.922516569604,11556.298052099912,0.0,1110599.325217787
2025-08-10 23:00:00,14598.200489378396,11526.131483867734,0.0,1105905.2339356788
2025-08-11 00:00:00,12564.816588096122,11500.508580912747,0.0,1103444.8351964846
2025-08-11 01:00:00,12158.737538906267,11476.930993514003,0.0,1101412.0578134363
2025-08-11 02:00:00,12069.744623602042,11453.70541798071,0.0,1099454.935871859
2025-08-11 03:00:00,12436.680128660455,11432.17209370032,0.0,1097068.5744892699
2025-08-11 04:00:00,13530.18006625363,11410.968451944103,0.0,1093446.0095342656
2025-08-11 05:00:00,14005.771622574737,11392.468073306887,0.0,1089276.5091380451
2025-08-11 06:00:00,14677.390881128686,11378.477386361585,0.0,1084346.7744342636
2025-08-11 07:00:00,14198.596577548045,11373.608376161834,0.0,1079944.1643909276
2025-08-11 08:00:00,14206.943222866345,11366.675334697922,0.0,1075525.347255774
2025-08-11 09:00:00,13959.063198370464,11365.567591743102,0.0,1071380.8446271056
2025-08-11 10:00:00,3010.9861660229453,11372.583494699118,0.0,1079407.8879373346
2025-08-11 11:00:00,3091.9489913346206,11392.881450492068,0.0,1087365.2705085662
2025-08-11 12:00:00,5137.508184155732,11412.567331486829,0.0,1093069.4954132133
2025-08-11 13:00:00,3292.8747651304056,11433.299381260518,0.0,1100844.0450554397
2025-08-11 14:00:00,5616.823616655431,11445.143033345345,0.0,1106048.2729591683
2025-08-11 15:00:00,13332.08121687629,11460.242575282624,0.0,1102695.0919601438
2025-08-11 16:00:00,13980.650637703566,11477.950548355699,0.0,1098638.9862443844
2025-08-11 17:00:00,14278.901044702568,11492.2686556446,0.0,1094265.8092948038
2025-08-11 18:00:00,15121.507338093736,11486.068149728446,0.0,1088950.202624428
2025-08-11 19:00:00,19936.519999999997,11440.718927637728,0.0,1078239.232663177
2025-08-11 20:00:00,18773.937947171256,11381.23010983883,0.0,1068760.5317206034
2025-08-11 21:00:00,17090.636723855565,11328.47722777967,0.0,1061099.4125885435
2025-08-11 22:00:00,16244.852192106093,11299.323122287058,0.0,1054348.899941824
2025-08-11 23:00:00,19620.11060817362,11283.452091928413,0.0,1043832.2291357815
2025-08-12 00:00:00,15777.961880067942,11265.978919457135,0.0,1037567.1392996077
2025-08-12 01:00:00,16083.352125719903,11244.794028173394,0.0,1030941.5420769813
2025-08-12 02:00:00,12551.504555433616,11225.16128036627,0.0,1028220.5871846436
2025-08-12 03:00:00,18104.88678979042,11205.99168868891,0.0,1019310.0379957875
2025-08-12 04:00:00,20178.33085443553,11187.392954987481,0.0,1008077.0633347356
2025-08-12 05:00:00,14234.26170726426,11165.924932895947,0.0,1003427.1419262267
2025-08-12 06:00:00,14385.684676566143,11147.331129104232,0.0,998590.3789702576
2025-08-12 07:00:00,19845.519999999997,11130.713227271419,0.0,987670.5144197511
2025-08-12 08:00:00,14199.554811919035,11096.792578972058,0.0,982990.0238743686
2025-08-12 09:00:00,12125.30689306842,11055.71081521875,0.0,980573.171475067
2025-08-12 10:00:00,4897.9294184539585,11021.714305636053,0.0,986152.7419824209
2025-08-12 11:00:00,4937.251248724861,10975.202159867858,0.0,991642.1094214835
2025-08-12 12:00:00,3382.4502775201745,10934.905666873876,0.0,998818.7370022237
2025-08-12 13:00:00,3703.849890558762,10893.766196887262,0.0,1005597.1144318236
2025-08-12 14:00:00,7673.514264908962,10855.299934201066,0.0,1007926.2874050147
2025-08-12 15:00:00,10591.34811970865,10827.40907267412,0.0,1006985.5319002348
2025-08-12 16:00:00,14405.557919637486,10796.691343328555,0.0,1001776.0477772994
2025-08-12 17:00:00,14444.632118184294,10760.227350161294,0.0,996486.6838850337
2025-08-12 18:00:00,14490.479830967477,10723.581584330374,0.0,991109.7323238446
2025-08-12 19:00:00,19936.519999999997,10675.905511824514,0.0,979633.9489467804
2025-08-12 20:00:00,14344.404672425218,10619.554105086016,0.0,974315.2756380606
2025-08-12 21:00:00,13807.363546844266,10560.238621230117,0.0,969533.9992072416
2025-08-12 22:00:00,13180.111172195724,10498.70606238801,0.0,965388.1373005231
2025-08-12 23:00:00,12843.781806280545,10443.191686996475,0.0,961560.4603138746
2025-08-13 00:00:00,12680.073644331063,10394.707932107289,0.0,957866.1975300584
2025-08-13 01:00:00,12579.849586009788,10356.548403706345,0.0,954245.1352826429
2025-08-13 02:00:00,12494.256588789642,10326.940877979328,0.0,950689.5688397449
2025-08-13 03:00:00,12623.269653289584,10305.635271834726,0.0,946969.3489412578
2025-08-13 04:00:00,13046.192837916815,10287.426487814872,0.0,942761.0056091652
2025-08-13 05:00:00,13937.877418103631,10268.178066757006,0.0,937542.6532113625
2025-08-13 06:00:00,14251.729742802585,10249.8063638918,0.0,931957.2043054738
2025-08-13 07:00:00,14241.274328260068,10225.35028729414,0.0,926358.9164502567
2025-08-13 08:00:00,13785.065666080292,10203.759573798025,0.0,921245.9363950766
2025-08-13 09:00:00,13972.330268321562,10183.485353870581,0.0,915904.6103397011
2025-08-13 10:00:00,5477.67233455761,10160.468539885505,0.0,919978.7762856337
2025-08-13 11:00:00,2748.391157557736,10139.769955091186,0.0,927064.7782878828
2025-08-13 12:00:00,2762.405743873217,10120.21753596688,0.0,934115.6561084351
2025-08-13 13:00:00,2916.3447876251767,10105.967630058662,0.0,940981.2406411323
2025-08-13 14:00:00,5214.506972936055,10092.886765876303,0.0,945280.2307704132
2025-08-13 15:00:00,14150.160152544267,10084.165907433273,0.0,939641.9965083528
2025-08-13 16:00:00,14184.032258281875,10074.690976036054,0.0,933956.6516418534
2025-08-13 17:00:00,14363.430816611839,10063.024729318979,0.0,928060.3087971592
2025-08-13 18:00:00,14336.638808371965,10050.988516496744,0.0,922181.6986376871
2025-08-13 19:00:00,14369.597216612181,10042.567576548647,0.0,916258.0470846668
2025-08-13 20:00:00,14064.367562820727,10032.862006310876,0.0,910663.8340211766
2025-08-13 21:00:00,13475.863208542989,10023.892520431167,0.0,905714.5451987825
2025-08-13 22:00:00,12792.233753488807,10015.475060942352,0.0,901516.4272002926
2025-08-13 23:00:00,12388.410653737055,10007.158703158175,0.0,897758.6851770763
2025-08-14 00:00:00,12216.167145651862,10003.760029371466,0.0,894188.9261557235
2025-08-14 01:00:00,12068.979732966178,10001.417368500703,0.0,890780.3660431507
2025-08-14 02:00:00,12153.940299109465,9998.473996095463,0.0,887274.4619291245
2025-08-14 03:00:00,12238.451139536039,9994.284768414305,0.0,883670.4676536099
2025-08-14 04:00:00,12815.779816883616,9990.58694673227,0.0,879421.2992482493
2025-08-14 05:00:00,16097.27226477254,9988.3038413568,0.0,871523.7450176367
2025-08-14 06:00:00,13897.010474780622,9984.877699122653,0.0,866067.4999670029
2025-08-14 07:00:00,13778.233024065463,9980.004316820601,0.0,860738.3564793065
2025-08-14 08:00:00,13673.93125933158,9972.424658943077,0.0,855517.5241834365
2025-08-14 09:00:00,13529.305649676626,9966.221600378769,0.0,850451.1839508413
2025-08-14 10:00:00,2481.235061487643,9959.96659773844,0.0,857654.2227024825
2025-08-14 11:00:00,2602.623726342612,9953.465643334514,0.0,864715.8842054362
2025-08-14 12:00:00,2525.07789957167,9946.298509829965,0.0,871856.5406046311
2025-08-14 13:00:00,2909.141804531342,9939.259351010758,0.0,878563.4201728291
2025-08-14 14:00:00,7119.959998943564,9932.345974610966,0.0,880584.6994819472
2025-08-14 15:00:00,14210.04097257253,9944.328065147854,0.0,874740.0931331257
2025-08-14 16:00:00,14339.455140335154,9958.51844208478,0.0,868765.8836415048
2025-08-14 17:00:00,14395.841379423051,9972.229975683449,0.0,862742.7343067182
2025-08-14 18:00:00,16394.115491886656,9980.116278627389,0.0,854507.1667054715
2025-08-14 19:00:00,16155.693281046177,9987.802092313106,0.0,846544.198485511
2025-08-14 20:00:00,13881.690641911566,9991.28822007388,0.0,841111.3859923496
2025-08-14 21:00:00,13256.021730814617,9992.040780733196,0.0,836374.5137388445
2025-08-14 22:00:00,12615.683210660554,10001.81045175615,0.0,832358.8984009778
2025-08-14 23:00:00,12263.341590923414,10015.697869428326,0.0,828748.6611693803
2025-08-15 00:00:00,12001.589481629962,10038.433966997582,0.0,825451.9957123444
2025-08-15 01:00:00,12021.314552261727,10064.010874896605,0.0,822158.9904180613
2025-08-15 02:00:00,12112.182612373519,10091.950860105559,0.0,818792.960597752
2025-08-15 03:00:00,12309.417302891194,10127.783426805065,0.0,815243.6136880112
2025-08-15 04:00:00,12909.648018029686,10164.958896427928,0.0,811064.5192310727
2025-08-15 05:00:00,13726.419320778848,10212.99580899547,0.0,806025.9380169807
2025-08-15 06:00:00,14052.127830141502,10242.451941417907,0.0,800654.9145915747
2025-08-15 07:00:00,13883.237260449332,10273.57282650873,0.0,795502.6682398064
2025-08-15 08:00:00,13693.307352830021,10327.978500600717,0.0,790615.8607928184
2025-08-15 09:00:00,2443.2401431898415,10404.266113231246,0.0,798305.4156358385
2025-08-15 10:00:00,2077.2949083662206,10504.253659069916,0.0,806501.5638411682
2025-08-15 11:00:00,1866.517035273937,10587.050636716702,0.0,815014.7066609138
2025-08-15 12:00:00,1857.3090029015166,10674.54863637564,0.0,823625.5786273989
2025-08-15 13:00:00,1623.166657452075,10738.943317854264,0.0,832561.0034369731
2025-08-15 14:00:00,1448.516056786595,10780.89507415679,0.0,841732.4362258114
2025-08-15 15:00:00,1602.591607889728,10812.299330865126,0.0,850764.0782145768
2025-08-15 16:00:00,10869.187676644531,10833.255853394032,0.0,849520.458871699
2025-08-15 17:00:00,11770.296503787346,10854.833620346397,0.0,847297.1852656151
2025-08-15 18:00:00,11705.971555037751,10872.674709619987,0.0,845163.224914082
2025-08-15 19:00:00,11480.05022961477,10882.780009047512,0.0,843290.393556891
2025-08-15 20:00:00,11281.137285378945,10907.595753950882,0.0,841663.3923270876
2025-08-15 21:00:00,10872.879579865796,10955.211581794762,0.0,840537.6265979203
2025-08-15 22:00:00,10618.29037739017,10984.89607123527,0.0,839724.422249833
2025-08-15 23:00:00,10661.188789572518,11009.561587368014,0.0,838888.2185154539
2025-08-16 00:00:00,10385.39012617677,11045.326926870128,0.0,838394.2230799055
2025-08-16 01:00:00,10238.296997571571,11080.166118838888,0.0,838098.503645887
2025-08-16 02:00:00,10187.244098208203,11108.50364307287,0.0,837887.8471798397
2025-08-16 03:00:00,10232.254395756045,11139.018755453497,0.0,837657.694384453
2025-08-16 04:00:00,9972.652994217655,11167.380809056842,0.0,837744.3496443793
2025-08-16 05:00:00,9759.812645240245,11191.393076737248,0.0,838091.5064486273
2025-08-16 06:00:00,11058.89234775764,11210.63867240338,0.0,837014.4869568555
2025-08-16 07:00:00,11335.141844896247,11227.309132302587,0.0,835647.1940392734
2025-08-16 08:00:00,6030.841557154117,11237.395966499418,0.0,840183.6549422682
2025-08-16 09:00:00,1495.2577581810838,11241.73329108149,0.0,849763.9907242596
2025-08-16 10:00:00,1945.7267781173068,11242.650650480799,0.0,858844.7227323878
2025-08-16 11:00:00,1111.4826483265024,11240.390580108227,0.0,868850.1325921332
2025-08-16 12:00:00,945.9653848240232,11235.908720256912,0.0,879034.9686625858
2025-08-16 13:00:00,799.9360525760803,11226.995706384268,0.0,889373.1465327744
2025-08-16 14:00:00,918.176865487827,11210.743774721423,0.0,899563.6937902871
2025-08-16 15:00:00,1121.876659283018,11191.702157286147,0.0,909508.8663261478
2025-08-16 16:00:00,2738.5622020750234,11161.219494673358,0.0,917627.2389296265
2025-08-16 17:00:00,12043.05561827634,11127.807831403656,0.0,915373.8738518344
2025-08-16 18:00:00,12225.329536941223,11102.689942473242,0.0,912892.8643088173
2025-08-16 19:00:00,12471.140358187107,11089.922255852882,0.0,910125.9639444624
2025-08-16 20:00:00,12507.175874449662,11085.516594175111,0.0,907314.6184559156
2025-08-16 21:00:00,12364.93061279425,11080.812142660581,0.0,904656.6188065824
2025-08-16 22:00:00,12174.545741904278,11068.2775026051,0.0,902197.6232626273
2025-08-16 23:00:00,12074.90386350428,11050.518536773563,0.0,899831.5819510628
2025-08-17 00:00:00,11952.358706780506,11029.95483952025,0.0,897581.1382274935
2025-08-17 01:00:00,11892.246205370095,11007.698480480258,0.0,895375.229813118
2025-08-17 02:00:00,11971.192304577846,10991.475152421277,0.0,893065.3801826751
2025-08-17 03:00:00,11961.455018888028,10975.49809077743,0.0,890750.3726969104
2025-08-17 04:00:00,11984.790767986502,10960.748721633461,0.0,888394.6872318923
2025-08-17 05:00:00,12172.077454464763,10944.06116944188,0.0,885814.2178963731
2025-08-17 06:00:00,12463.077855543002,10923.800509541472,0.0,882890.154121978
2025-08-17 07:00:00,13080.179993172549,10899.613729914436,0.0,879256.2345261452
2025-08-17 08:00:00,7892.522335361965,10880.128916535892,0.0,881366.8941811678
2025-08-17 09:00:00,2465.387548095505,10860.312516661454,0.0,889487.8871999454
2025-08-17 10:00:00,2465.137608295092,10848.189201711642,0.0,897597.0346146624
2025-08-17 11:00:00,2251.702519531571,10832.939612634942,0.0,905928.0825389288
2025-08-17 12:00:00,2159.2568750592964,10817.570354325488,0.0,914346.478587633
2025-08-17 13:00:00,2132.8365344039375,10803.494782756956,0.0,922780.1549988299
2025-08-17 14:00:00,2089.950992844946,10792.263926592255,0.0,931250.2511555946
2025-08-17 15:00:00,5756.706912787513,10783.901021053633,0.0,935637.8111624398
2025-08-17 16:00:00,9587.284079848438,10777.060146688696,0.0,935762.3334426302
2025-08-17 17:00:00,13010.142560433189,10769.168659035491,0.0,932075.7881456289
2025-08-17 18:00:00,13778.689845265937,10763.418904215167,0.0,927529.5516662152
2025-08-17 19:00:00,14037.836926516873,10757.989801640004,0.0,922689.9448828364
2025-08-17 20:00:00,13848.22678126974,10754.381470599797,0.0,918057.4077075811
2025-08-17 21:00:00,13394.877732671275,10753.67434688373,0.0,913927.8845737189
2025-08-17 22:00:00,12993.436603097747,10755.152116239287,0.0,910245.8849087384
2025-08-17 23:00:00,12679.241178435108,10757.531035773978,0.0,906915.3701906956
2025-08-18 00:00:00,12561.452949661829,10760.076989367952,0.0,903718.2772359948
2025-08-18 01:00:00,12456.339564610225,10763.287800767826,0.0,900641.1877427513
2025-08-18 02:00:00,12422.000428798327,10769.710610384838,0.0,897608.6756544714
2025-08-18 03:00:00,12520.780375091974,10778.284450239002,0.0,894474.9819101637
2025-08-18 04:00:00,13247.116579774853,10787.86153888476,0.0,890543.8250270763
2025-08-18 05:00:00,14233.1159567715,10796.062438617546,0.0,885525.3141803922
2025-08-18 06:00:00,14510.432624268376,10801.06776997132,0.0,880203.6790345098
2025-08-18 07:00:00,14328.059187316287,10809.923678613697,0.0,875093.5369494389
2025-08-18 08:00:00,14111.216439493981,10815.095933185374,0.0,870229.5035054086
2025-08-18 09:00:00,8653.481344831525,10812.486711788473,0.0,871427.010945162
2025-08-18 10:00:00,5397.182393342753,10802.791330788532,0.0,876232.9329500141
2025-08-18 11:00:00,4413.211498429048,10788.06913531857,0.0,882117.4337537449
2025-08-18 12:00:00,3166.3396010131037,10776.114021037582,0.0,889375.3926625457
2025-08-18 13:00:00,3048.332754230365,10765.065097336112,0.0,896753.4213662925
2025-08-18 14:00:00,3312.4936040351986,10757.611121704596,0.0,903830.484039069
2025-08-18 15:00:00,8310.76999937355,10741.856698839256,0.0,905338.1518497155
2025-08-18 16:00:00,13423.63244268451,10711.940561418161,0.0,901134.9452525952
2025-08-18 17:00:00,13573.756629761494,10686.510425189674,0.0,896739.5038669386
2025-08-18 18:00:00,13670.15771129615,10674.818389553753,0.0,892225.25813283
2025-08-18 19:00:00,13667.156316661436,10678.407548954807,0.0,887717.93644105
2025-08-18 20:00:00,13336.972314598846,10690.829814446482,0.0,883589.9081281645
2025-08-18 21:00:00,12724.5153038223,10706.859989519708,0.0,880158.4177801039
2025-08-18 22:00:00,11924.539985979773,10723.284405572356,0.0,877632.2133123652
2025-08-18 23:00:00,11560.266141388955,10737.716135801573,0.0,875525.189291068
2025-08-19 00:00:00,11369.298727978115,10752.837805954741,0.0,873645.4729548249
2025-08-19 01:00:00,11206.862769585488,10767.493070832668,0.0,871960.8962816736
2025-08-19 02:00:00,11150.55103291896,10780.863125729638,0.0,870352.2582597155
2025-08-19 03:00:00,11339.406122544518,10790.652667321452,0.0,868543.5707908764
2025-08-19 04:00:00,12008.934291681766,10797.538033510196,0.0,865997.8485002957
2025-08-19 05:00:00,12955.356752228148,10802.098035638792,0.0,862405.1057001255
2025-08-19 06:00:00,13229.527786827177,10806.24549363758,0.0,858511.8758750662
2025-08-19 07:00:00,13143.755915561978,10813.16983425357,0.0,854720.8724698065
2025-08-19 08:00:00,12985.942192537026,10823.046974805262,0.0,851115.0947862373
2025-08-19 09:00:00,3294.018946515949,10834.20948492132,0.0,858289.2832194741
2025-08-19 10:00:00,2122.175013605207,10843.52525664339,0.0,866774.8362387785
2025-08-19 11:00:00,2130.7825723251044,10851.193945796884,0.0,875258.493993103
2025-08-19 12:00:00,2096.7988342505705,10853.647866864643,0.0,883782.365377467
2025-08-19 13:00:00,2006.1066911500002,10852.379225516679,0.0,892405.7371683726
2025-08-19 14:00:00,2152.7056875892595,10845.363062809565,0.0,900859.2050227497
2025-08-19 15:00:00,2405.8441620341273,10834.868824412044,0.0,909020.9136671236
2025-08-19 16:00:00,12862.346521887801,10825.62482206041,0.0,905555.0423537533
2025-08-19 17:00:00,13189.982409698541,10822.36043554406,0.0,901721.8667785211
2025-08-19 18:00:00,13594.777494740323,10821.893963178936,0.0,897438.452414211
2025-08-19 19:00:00,13983.113315555049,10820.196209537098,0.0,892721.8560509091
2025-08-19 20:00:00,13715.387533362657,10819.606663738017,0.0,888302.143233133
2025-08-19 21:00:00,13249.186316738156,10823.047423722946,0.0,884403.8725271471
2025-08-19 22:00:00,12580.894222694249,10828.522815425604,0.0,881253.6239840235
2025-08-19 23:00:00,12288.264138216051,10833.5827588408,0.0,878433.5799226242
2025-08-20 00:00:00,8638.332461028285,10838.448554363633,0.0,879673.8812980674
2025-08-20 01:00:00,8553.17178687427,10844.23371167942,0.0,881014.5908021086
2025-08-20 02:00:00,8619.553925901972,10850.557977112006,0.0,882287.8666393297
2025-08-20 03:00:00,8986.784458387036,10854.109523965659,0.0,883156.660098421
2025-08-20 04:00:00,11590.819499704317,10857.095113022739,0.0,881135.0668784388
2025-08-20 05:00:00,14375.95466681756,10858.938464209463,0.0,876020.7223795177
2025-08-20 06:00:00,14564.441047567077,10856.260588767102,0.0,870694.2706932102
2025-08-20 07:00:00,14414.353560557945,10858.343256708757,0.0,865536.6655492991
2025-08-20 08:00:00,14144.163836458767,10864.801594597357,0.0,860685.7295478312
2025-08-20 09:00:00,8267.107968910213,10872.652110653764,0.0,862372.7061374736
2025-08-20 10:00:00,3067.2848051194105,10882.117113561395,0.0,869846.7290231244
2025-08-20 11:00:00,3005.1533618185667,10893.090813238035,0.0,877400.760545453
2025-08-20 12:00:00,2822.3788450595594,10904.331381568567,0.0,885169.1154325109
2025-08-20 13:00:00,3088.4874119768474,10913.04362370062,0.0,892650.5063762373
2025-08-20 14:00:00,7333.66971842212,10920.291557932826,0.0,895422.2760248121
2025-08-20 15:00:00,10235.542665145062,10928.43055155652,0.0,894977.8813928742
2025-08-20 16:00:00,10422.217337020895,10938.643923639924,0.0,894336.2838309354
2025-08-20 17:00:00,14354.009095925296,10948.318098963684,0.0,889335.7029344265
2025-08-20 18:00:00,14435.013046680706,10956.10548789601,0.0,884252.9050371217
2025-08-20 19:00:00,14521.882100584306,10964.428507059352,0.0,879081.9089879764
2025-08-20 20:00:00,14265.774645718493,10971.533788778055,0.0,874202.5820592894
2025-08-20 21:00:00,13668.295117286598,10976.913094583317,0.0,869992.5005791096
2025-08-20 22:00:00,13069.615430994767,10980.937931209788,0.0,866451.643586992
2025-08-20 23:00:00,12703.277366174923,10982.777936979,0.0,863319.6688948877
2025-08-21 00:00:00,12595.8295822097,10980.904470244499,0.0,860305.2071626771
2025-08-21 01:00:00,10793.976158271413,10980.263326506445,0.0,859292.1636466597
2025-08-21 02:00:00,10129.017614295579,10981.00246091105,0.0,859018.7020916868
2025-08-21 03:00:00,9815.272009352027,10984.565720213246,0.0,859097.4100237312
2025-08-21 04:00:00,13148.813629452306,10989.399745501907,0.0,855477.0168476192
2025-08-21 05:00:00,14551.396242300212,10994.476724671535,0.0,850303.2755252906
2025-08-21 06:00:00,14819.148127015105,11000.252270723182,0.0,844837.8076548858
2025-08-21 07:00:00,14494.903143834894,11007.826779919686,0.0,839740.1864972113
2025-08-21 08:00:00,14313.79905270334,11017.940943239524,0.0,834853.9062707803
2025-08-21 09:00:00,6072.9423596533725,11029.555617329512,0.0,839135.7481551616
2025-08-21 10:00:00,3449.250665331593,11041.187613206877,0.0,846344.4350291112
2025-08-21 11:00:00,3343.020377327359,11051.637187373084,0.0,853681.6051305651
2025-08-21 12:00:00,3186.965209548549,11061.13497515907,0.0,861201.6676506704
2025-08-21 13:00:00,3475.227422595195,11068.52786677161,0.0,868408.8317145581
2025-08-21 14:00:00,6946.670282025479,11074.077867363707,0.0,871764.387046338
2025-08-21 15:00:00,8407.786972838803,11063.33977227105,0.0,873485.7412932324
2025-08-21 16:00:00,13924.629616285205,11054.15361011596,0.0,869068.084218587
2025-08-21 17:00:00,14114.98442595774,11045.4754444446,0.0,864430.2436341898
2025-08-21 18:00:00,14324.515763339929,11040.207495851188,0.0,859554.3225041077
2025-08-21 19:00:00,14518.148637319791,11033.043410265014,0.0,854456.0896506842
2025-08-21 20:00:00,14127.083022543884,11023.9041519572,0.0,849783.2348887037
2025-08-21 21:00:00,13480.288328038077,11016.824662201014,0.0,845821.9614086403
2025-08-21 22:00:00,12833.092897124943,11005.129807844216,0.0,842568.0991085678
2025-08-21 23:00:00,12622.58443899326,10993.693321603618,0.0,839536.6986090677
2025-08-22 00:00:00,12329.733598695959,10976.922246555838,0.0,836813.9168570726
2025-08-22 01:00:00,12249.262157891917,10958.513565740273,0.0,834162.1391362662
2025-08-22 02:00:00,12268.248183975073,10938.495047453292,0.0,831469.2473126361
2025-08-22 03:00:00,12897.419847116144,10909.115604762179,0.0,828047.8964206026
2025-08-22 04:00:00,14812.281147754147,10876.143006493801,0.0,822465.949262925
2025-08-22 05:00:00,15587.064338307438,10830.609309556043,0.0,815977.5981965839
2025-08-22 06:00:00,14726.988730551224,10802.270883484322,0.0,810416.5482683446
2025-08-22 07:00:00,14445.190138187732,10775.633447866734,0.0,805141.9704515582
2025-08-22 08:00:00,14637.792755675557,10731.538252711523,0.0,799609.2945312969
2025-08-22 09:00:00,6517.27980965446,10668.39368372534,0.0,803036.2662042952
2025-08-22 10:00:00,3064.7885410706494,10584.032260915117,0.0,810214.9778640205
2025-08-22 11:00:00,2529.5076143415017,10518.890861079406,0.0,817923.304709165
2025-08-22 12:00:00,3713.650699500371,10451.445650535035,0.0,824248.4718046996
2025-08-22 13:00:00,4231.992697089438,10408.48483072579,0.0,829954.7425275482
2025-08-22 14:00:00,4694.520321713921,10388.808149501127,0.0,835127.4169862561
2025-08-22 15:00:00,12306.741445376985,10374.022136985526,0.0,831827.2819617116
2025-08-22 16:00:00,13559.884167964341,10362.552911257064,0.0,827123.2969085638
2025-08-22 17:00:00,13838.879565283205,10339.032089846029,0.0,822085.7961480954
2025-08-22 18:00:00,14840.98485163449,10310.73390603814,0.0,815906.5468856506
2025-08-22 19:00:00,14028.963247144919,10281.466937708008,0.0,810600.2768820865
2025-08-22 20:00:00,20503.612610216063,10238.068368643795,0.0,798056.5534616014
2025-08-22 21:00:00,13357.86207011122,10183.307139250992,0.0,793397.7916340621
2025-08-22 22:00:00,13449.94435236906,10152.738687289348,0.0,788606.147707608
2025-08-22 23:00:00,16650.943174762546,10124.943432225487,0.0,780230.043167875
2025-08-23 00:00:00,12712.087960429355,10092.866607491485,0.0,776198.3675971117
2025-08-23 01:00:00,12699.383477994685,10061.883092108574,0.0,772149.8246025594
2025-08-23 02:00:00,12709.479716337455,10039.271035964377,0.0,768067.4515092601
2025-08-23 03:00:00,12603.513970979375,10021.909249928694,0.0,764085.4563469895
2025-08-23 04:00:00,13050.036999958811,10006.77789947845,0.0,759592.1931354026
2025-08-23 05:00:00,15047.853998564244,9999.410494132257,0.0,752871.7658533524
2025-08-23 06:00:00,18992.56974652211,9998.906284215225,0.0,741767.8168636542
2025-08-23 07:00:00,13696.754352617667,10006.315799988026,0.0,736555.5167162893
2025-08-23 08:00:00,12311.328466721661,10018.700217534926,0.0,732894.9630819111
2025-08-23 09:00:00,3134.155537829258,10033.768561582374,0.0,739446.336601461
2025-08-23 10:00:00,4541.4359471582175,10050.988166933419,0.0,744451.2848271074
2025-08-23 11:00:00,4255.424631687788,10070.746537331182,0.0,749793.7817736745
2025-08-23 12:00:00,3919.2431941963305,10089.690921706424,0.0,755528.7580351628
2025-08-23 13:00:00,3847.088655297086,10112.314497997073,0.0,761366.5295828299
2025-08-23 14:00:00,1488.4134069427746,10132.188411156792,0.0,769844.9253196057
2025-08-23 15:00:00,5732.836933500822,10152.601173590634,0.0,773627.7076781954
2025-08-23 16:00:00,13205.05517126219,10169.713302542117,0.0,769125.1374571129
2025-08-23 17:00:00,12982.384176754698,10184.507433535118,0.0,764884.7735831428
2025-08-23 18:00:00,12961.490650441103,10198.679431570083,0.0,760681.796736445
2025-08-23 19:00:00,13407.633959613911,10216.471653324394,0.0,756000.8973235318
2025-08-23 20:00:00,12895.890566762973,10232.547413968741,0.0,751904.6774410972
2025-08-23 21:00:00,12738.936399739472,10247.126131361032,0.0,747997.4297949699
2025-08-23 22:00:00,12547.4178752628,10259.909735023,0.0,744315.7641130344
2025-08-23 23:00:00,12240.175987271352,10271.977773138638,0.0,740987.5463447602
2025-08-24 00:00:00,12441.112472175526,10282.5162477119,0.0,737446.604290055
2025-08-24 01:00:00,12059.293256507408,10293.195650281186,0.0,734340.5852108834
2025-08-24 02:00:00,12035.686095164496,10302.003504260516,0.0,731269.6041649611
2025-08-24 03:00:00,11995.880109635775,10311.400240455749,0.0,728252.2487280437
2025-08-24 04:00:00,12063.990182367354,10319.220955098966,0.0,725167.036147179
2025-08-24 05:00:00,12198.86688317989,10328.204877794633,0.0,721940.9444881071
2025-08-24 06:00:00,12415.47171870046,10335.967384292611,0.0,718481.9432960659
2025-08-24 07:00:00,12825.972555882003,10342.524835110806,0.0,714573.38751353
2025-08-24 08:00:00,10114.556380386115,10345.909888367138,0.0,713680.9014236903
2025-08-24 09:00:00,1931.1787242659811,10348.043938142073,0.0,721883.191223759
2025-08-24 10:00:00,2932.713015456658,10354.681058113552,0.0,728979.3022646985
2025-08-24 11:00:00,3045.8770454070136,10364.860612678414,0.0,735959.855049147
2025-08-24 12:00:00,1667.6546888045705,10376.17257573231,0.0,744483.077970652
2025-08-24 13:00:00,1620.4719150010972,10387.68274779325,0.0,753070.2363684439
2025-08-24 14:00:00,1814.121549674271,10402.17074727433,0.0,761456.7165049689
2025-08-24 15:00:00,2350.2246072536327,10413.564279710397,0.0,769258.9201099533
2025-08-24 16:00:00,13068.561632800705,10420.489191828683,0.0,765158.7852653369
2025-08-24 17:00:00,13386.574802761403,10424.343641332724,0.0,760709.1569036013
2025-08-24 18:00:00,13742.441668659838,10425.165211891332,0.0,755864.9424836484
2025-08-24 19:00:00,13948.08926880666,10426.32694289884,0.0,750793.3924612064
2025-08-24 20:00:00,13735.43532203578,10425.618498531332,0.0,745957.4161574757
2025-08-24 21:00:00,13387.434680443079,10423.455960236372,0.0,741505.9446949975
2025-08-24 22:00:00,12893.707148316757,10420.259688999975,0.0,737599.8631080899
2025-08-24 23:00:00,12612.277156943244,10416.981668377508,0.0,734003.203490975
2025-08-25 00:00:00,12654.8539856223,10413.176245439146,0.0,730355.4308635006
2025-08-25 01:00:00,12652.139653925336,10407.900533293328,0.0,726705.3984479879
2025-08-25 02:00:00,12724.257615461509,10401.206955234129,0.0,722968.5413860426
2025-08-25 03:00:00,12992.130887072059,10392.20781536787,0.0,718925.0482157748
2025-08-25 04:00:00,13857.728811030789,10382.809332187186,0.0,713910.381091261
2025-08-25 05:00:00,14861.218067225333,10375.28977819551,0.0,707773.2063503172
2025-08-25 06:00:00,15019.57287287796,10370.721074269446,0.0,701455.5131213892
2025-08-25 07:00:00,14948.276311491272,10364.071632392948,0.0,695210.3888521252
2025-08-25 08:00:00,14642.43954664154,10359.858913242038,0.0,689300.8704913208
2025-08-25 09:00:00,4651.141824476249,10355.136018178599,0.0,694488.0711489704
2025-08-25 10:00:00,3343.8406189189227,10350.80083460464,0.0,701123.4935181095
2025-08-25 11:00:00,3194.6099164617845,10345.357852518671,0.0,707919.2847967817
2025-08-25 12:00:00,3204.6261556378468,10340.361137976537,0.0,714698.9502062718
2025-08-25 13:00:00,3238.4073076422255,10335.75919702937,0.0,721436.4790614764
2025-08-25 14:00:00,3529.64653352013,10326.876394880577,0.0,727841.5259746681
2025-08-25 15:00:00,6197.632636070143,10320.545940465012,0.0,731275.8134306105
2025-08-25 16:00:00,10779.273847703938,10315.985148739503,0.0,729614.8276374567
2025-08-25 17:00:00,11042.607921951156,10309.398468277002,0.0,727654.6617480102
2025-08-25 18:00:00,11270.02523243528,10298.870697109463,0.0,725431.2821868585
2025-08-25 19:00:00,15163.635801952205,10283.020955156873,0.0,718865.818917624
2025-08-25 20:00:00,14868.431663128036,10265.890981699382,0.0,712611.2302736255
2025-08-25 21:00:00,14346.076098854592,10247.940225319728,0.0,706919.0859446625
2025-08-25 22:00:00,13716.191084710634,10229.674431286136,0.0,701908.5480596034
2025-08-25 23:00:00,10797.879274305618,10213.27821312946,0.0,700124.1826346153
2025-08-26 00:00:00,9637.492773688442,10196.656793235434,0.0,699612.5141237526
2025-08-26 01:00:00,9553.267202942305,10180.527881334066,0.0,699178.3006684841
2025-08-26 02:00:00,9603.644816976679,10166.005664125683,0.0,698673.5898693023
2025-08-26 03:00:00,9856.37884742887,10154.81965776472,0.0,697876.8774743682
2025-08-26 04:00:00,13984.543899950266,10146.574374346417,0.0,692485.0697376588
2025-08-26 05:00:00,11530.261695085483,10139.934813160016,0.0,689813.6026673905
2025-08-26 06:00:00,11820.795146345532,10133.018031636964,0.0,686812.4038697546
2025-08-26 07:00:00,16376.166828981703,10124.394566620216,0.0,678741.0575152839
2025-08-26 08:00:00,14790.321415417875,10112.282771774086,0.0,672419.6498254829
2025-08-26 09:00:00,5864.690607106578,10099.453992425815,0.0,676002.7809211235
2025-08-26 10:00:00,3308.969744390889,10087.100474703759,0.0,682413.2483465039
2025-08-26 11:00:00,3194.154540547883,10075.048419593317,0.0,688939.2361654885
2025-08-26 12:00:00,3113.386850265596,10063.053181523015,0.0,695542.9706244942
2025-08-26 13:00:00,3244.1814976547985,10053.13116115335,0.0,701991.4556771423
2025-08-26 14:00:00,3392.7377758069124,10043.283376405383,0.0,708265.0304137622
2025-08-26 15:00:00,9882.49429250949,10034.180674495756,0.0,707318.6618743585
2025-08-26 16:00:00,13509.735066318339,10027.49223441607,0.0,702335.3373684208
2025-08-26 17:00:00,13569.460091661986,10021.446337874524,0.0,697279.605826671
2025-08-26 18:00:00,13841.924723756201,10016.977894371365,0.0,691916.6673613132
2025-08-26 19:00:00,14334.114371077154,10011.966331138332,0.0,686001.8399468103
2025-08-26 20:00:00,14044.390631144328,10007.124603563387,0.0,680404.0860713243
2025-08-26 21:00:00,13646.536898468541,10001.14472343167,0.0,675242.4120186799
2025-08-26 22:00:00,13194.060077897298,9994.735695596753,0.0,670577.0809610575
2025-08-26 23:00:00,13019.91924180707,9988.403352057576,0.0,666098.9073777738
2025-08-27 00:00:00,12890.088684326947,9982.33830462215,0.0,661758.9249220327
2025-08-27 01:00:00,12734.536520193118,9975.969966943338,0.0,657585.4098665392
2025-08-27 02:00:00,12837.669948992865,9969.062717076271,0.0,653290.3948625121
2025-08-27 03:00:00,12594.59690856663,9960.39483147723,0.0,649256.7931289155
2025-08-27 04:00:00,13017.847224093748,9951.664982836033,0.0,644744.183418314
2025-08-27 05:00:00,13740.085291545653,9943.539302924186,0.0,639420.9612861874
2025-08-27 06:00:00,14047.162286884362,9938.283896203082,0.0,633751.2870858525
2025-08-27 07:00:00,14312.785708872467,9932.900412384126,0.0,627781.092266156
2025-08-27 08:00:00,14388.936599774246,9927.870265353286,0.0,621721.2551984269
2025-08-27 09:00:00,14117.720884116628,9922.691380024213,0.0,615957.5900405436
2025-08-27 10:00:00,3317.3626534796776,9915.234315324984,0.0,622186.8658520022
2025-08-27 11:00:00,3314.064686759225,9904.958237257464,0.0,628409.5299928606
2025-08-27 12:00:00,3416.7805429044774,9894.247349317082,0.0,634507.3545167283
2025-08-27 13:00:00,3562.46829414673,9881.983142863732,0.0,640431.0395549847
2025-08-27 14:00:00,7509.8903792020865,9869.423724916936,0.0,641956.1406363437
2025-08-27 15:00:00,10935.29328622426,9857.538389963085,0.0,639663.3531527242
2025-08-27 16:00:00,13815.52320715658,9844.667798632996,0.0,634157.4396100722
2025-08-27 17:00:00,14850.153731326329,9835.01009113903,0.0,627492.2788886264
2025-08-27 18:00:00,14748.74292468361,9828.988044259733,0.0,620933.7747943487
2025-08-27 19:00:00,14762.534568941046,9822.404075630544,0.0,614353.362682267
2025-08-27 20:00:00,14359.036856774448,9817.910248025453,0.0,608216.7875338765
2025-08-27 21:00:00,13907.913448465777,9813.773550411945,0.0,602577.3239193265
2025-08-27 22:00:00,13421.938173765819,9808.754362936645,0.0,597472.8136447456
2025-08-27 23:00:00,13055.274445672048,9803.789266380805,0.0,592770.7424159352
2025-08-28 00:00:00,13047.993971771015,9799.06869734142,0.0,588072.0400335311
2025-08-28 01:00:00,13319.53178195332,9795.432882198651,0.0,583067.9931580039
2025-08-28 02:00:00,13091.011679598354,9791.866960225223,0.0,578314.2915853419
2025-08-28 03:00:00,13315.366815539808,9788.240771933106,0.0,573307.6803400086
2025-08-28 04:00:00,14038.00156369213,9783.675939681087,0.0,567493.5767644763
2025-08-28 05:00:00,14934.156059393847,9778.794922504025,0.0,560678.8649543205
2025-08-28 06:00:00,15153.07628437057,9773.619499711103,0.0,553615.7330269532
2025-08-28 07:00:00,15062.460349852463,9765.92337193685,0.0,546645.5893434983
2025-08-28 08:00:00,14916.860591599103,9756.137545000023,0.0,539827.4373422771
2025-08-28 09:00:00,14655.929626204264,9744.34583416464,0.0,533287.4169251038
2025-08-28 10:00:00,10869.155871090861,9733.031887024224,0.0,530943.6089553603
2025-08-28 11:00:00,10732.281998620174,9723.222208545592,0.0,528742.0733876613
2025-08-28 12:00:00,10745.371131992006,9713.308923627528,0.0,526516.0810535199
2025-08-28 13:00:00,10929.216562657304,9702.785161971924,0.0,524075.29225698375
2025-08-28 14:00:00,11047.071636356952,9692.959671855699,0.0,521493.7278884428
2025-08-28 15:00:00,11054.585869238039,9683.91875264516,0.0,518894.77345304564
2025-08-28 16:00:00,10981.288724221467,9677.34594608143,0.0,516370.6874833255
2025-08-28 17:00:00,14677.266692630848,9671.651339783673,0.0,509734.26472017774
2025-08-28 18:00:00,14845.78820825084,9666.547316145625,0.0,502905.4918049335
2025-08-28 19:00:00,14761.154027644916,9662.697794350759,0.0,496166.9073463455
2025-08-28 20:00:00,14258.002909517156,9658.82308507345,0.0,489983.5049763999
2025-08-28 21:00:00,13580.462722065038,9654.497609126445,0.0,484548.59956100973
2025-08-28 22:00:00,12764.052069138885,9649.881812480884,0.0,480016.2012966697
2025-08-28 23:00:00,11572.968398688143,9645.610212637475,0.0,476802.957732987
2025-08-29 00:00:00,17095.064224625727,9641.352895636079,0.0,467449.79482348345
2025-08-29 01:00:00,11696.699512648996,9639.255873560016,0.0,464092.7179052112
2025-08-29 02:00:00,11108.468665597884,9637.465759285884,0.0,461387.4407027217
2025-08-29 03:00:00,17147.81463147384,9637.535663948196,0.0,451971.84899836563
2025-08-29 04:00:00,18278.2372697717,9640.6098788209,0.0,441303.30635521794
2025-08-29 05:00:00,20301.966187391437,9645.616260351897,0.0,428391.1824073571
2025-08-29 06:00:00,21949.41343674678,9653.323874262533,0.0,413656.2691296788
2025-08-29 07:00:00,19684.614896738945,9666.301917336652,0.0,401450.77671730553
2025-08-29 08:00:00,19650.685036122646,9679.452210168112,0.0,389296.13444289286
2025-08-29 09:00:00,19606.733396856558,9692.296959628251,0.0,377203.1720726805
2025-08-29 10:00:00,17562.621593201766,9701.21906641439,0.0,367390.36714664847
2025-08-29 11:00:00,6711.487956968893,9705.522008281905,0.0,369638.6803138539
2025-08-29 12:00:00,5481.77935960835,9706.979000865045,0.0,373254.79335959855
2025-08-29 13:00:00,7430.253082910205,9702.030930172292,0.0,374700.98753098166
2025-08-29 14:00:00,13268.199547877535,9693.263966602517,0.0,369651.80755549803
2025-08-29 15:00:00,12997.220735862733,9685.455404061779,0.0,364895.9065863791
2025-08-29 16:00:00,14503.80295676966,9677.776067609813,0.0,358458.3460353559
2025-08-29 17:00:00,14435.260773758913,9672.231450003996,0.0,352091.3988478499
2025-08-29 18:00:00,14265.105736324676,9667.107255618423,0.0,345908.3886186632
2025-08-29 19:00:00,14067.091250045503,9660.349860526532,0.0,339938.6370902503
2025-08-29 20:00:00,13723.332658424712,9648.727125457033,0.0,334339.21681745764
2025-08-29 21:00:00,13301.378439426924,9629.90307158722,0.0,329189.81051190384
2025-08-29 22:00:00,12941.160388931141,9608.926303926377,0.0,324419.66971701785
2025-08-29 23:00:00,11912.084319714748,9589.299109357094,0.0,320773.31958224747
2025-08-30 00:00:00,11833.903847585465,9571.994332261474,0.0,317196.53186163626
2025-08-30 01:00:00,9883.897209947581,9555.068958999866,0.0,315769.49280958326
2025-08-30 02:00:00,10879.604175537057,9535.591464770192,0.0,313216.63519042346
2025-08-30 03:00:00,12180.057244558498,9513.345256274833,0.0,309196.58350829995
2025-08-30 04:00:00,12190.44078431996,9494.463808308174,0.0,305146.1131118081
2025-08-30 05:00:00,12387.112846031334,9475.770523038289,0.0,300858.4249170339
2025-08-30 06:00:00,12747.60176608639,9457.09540697672,0.0,296151.5183616924
2025-08-30 07:00:00,13085.38865199393,9431.174237030451,0.0,291043.3718742851
2025-08-30 08:00:00,7720.003006553382,9405.788523619914,0.0,291871.37927951233
2025-08-30 09:00:00,2616.679075484347,9382.487653655968,0.0,298346.4457381858
2025-08-30 10:00:00,2346.1253532379405,9359.353378681139,0.0,305098.99316882476
2025-08-30 11:00:00,2090.944478946273,9335.546451022174,0.0,312111.26797657326
2025-08-30 12:00:00,1985.7294308693615,9313.474294998878,0.0,319218.3762372728
2025-08-30 13:00:00,2074.2266253928983,9289.665553706944,0.0,326203.3455405432
2025-08-30 14:00:00,2181.0831108174953,9268.956096282984,0.0,333048.87595814007
2025-08-30 15:00:00,2161.0319151439317,9250.128383201001,0.0,339897.85776895896
2025-08-30 16:00:00,9283.329850872411,9234.012910215699,0.0,338817.0597337609
2025-08-30 17:00:00,9259.355038565382,9219.115405201652,0.0,337748.0028738898
2025-08-30 18:00:00,9348.355554161459,9204.714243461945,0.0,336565.65539050574
2025-08-30 19:00:00,9446.168108721566,9187.217118904397,0.0,335257.13016638614
2025-08-30 20:00:00,9208.35691388222,9171.188380170743,0.0,334196.81086446554
2025-08-30 21:00:00,8912.481431622524,9155.911892198083,0.0,333449.9656104164
2025-08-30 22:00:00,8756.148986791293,9142.637786819365,0.0,332863.5489674676
2025-08-30 23:00:00,8377.633036680741,9130.196980054094,0.0,332685.2647956543
2025-08-31 00:00:00,8147.2597414023185,9119.699483927667,0.0,332752.4534558015
2025-08-31 01:00:00,6776.664454342612,9109.046474911122,0.0,334331.8727592209
2025-08-31 02:00:00,4582.28141254749,9100.125513240593,0.0,338340.5744807421
2025-08-31 03:00:00,4430.404119347064,9090.218877734957,0.0,342508.12211475807
2025-08-31 04:00:00,5657.658968812273,9082.326241956847,0.0,345304.16061359015
2025-08-31 05:00:00,6902.925832516425,9073.75322791543,0.0,346707.99624982063
2025-08-31 06:00:00,7933.24660251393,9066.414906813614,0.0,346959.6927093966
2025-08-31 07:00:00,3931.7536020524103,9059.180718609703,0.0,351650.2583146147
2025-08-31 08:00:00,1830.7732517473705,9056.741751930298,0.0,358672.80756460346
2025-08-31 09:00:00,1688.0572199096387,9050.9322383586,0.0,365848.12066972913
2025-08-31 10:00:00,1799.835230122144,9045.813363188441,0.0,372894.11711055966
2025-08-31 11:00:00,1676.489960224906,9038.554314099121,0.0,380069.9048021867
2025-08-31 12:00:00,1751.9000661709779,9031.06636181319,0.0,387154.415534921
2025-08-31 13:00:00,1928.356605538862,9022.641271206588,0.0,394034.4383555288
2025-08-31 14:00:00,2241.5180222418294,9010.647713187032,0.0,400554.5104884472
2025-08-31 15:00:00,2525.1917285327636,9003.278271422194,0.0,406752.02017261076
2025-08-31 16:00:00,9681.605513268367,8999.708334591767,0.0,404994.38904801535
2025-08-31 17:00:00,9830.26321760661,8996.295439289801,0.0,403068.16980107565
2025-08-31 18:00:00,10077.498058811834,8994.56666172707,0.0,400865.51639745635
2025-08-31 19:00:00,10145.366810847463,8993.529210660092,0.0,398586.4158182859
2025-08-31 20:00:00,9729.95746885111,8993.21550306329,0.0,396768.5674670702
2025-08-31 21:00:00,9411.710381171903,8992.812592285145,0.0,395303.9240802754
2025-08-31 22:00:00,8810.55207607584,8992.660891256333,0.0,394507.08266478055
2025-08-31 23:00:00,8671.771773462422,8992.22772799043,0.0,393864.00842225715
2025-09-01 00:00:00,12735.722180858762,8991.467981440543,0.0,388704.67398052133
2025-09-01 01:00:00,12701.404785165709,8990.906036377417,0.0,383582.9080333813
2025-09-01 02:00:00,13113.039436922918,8990.975006698342,0.0,378003.83922127634
2025-09-01 03:00:00,14351.9851790207,8991.911003023091,0.0,371049.1000253875
2025-09-01 04:00:00,16889.607718835,8992.627801243429,0.0,361275.49702792545
2025-09-01 05:00:00,18972.185899102667,8993.254401276694,0.0,349188.54487464356
2025-09-01 06:00:00,19240.962012921616,8995.378456511611,0.0,336805.07665013114
2025-09-01 07:00:00,19117.003226160552,9000.30550143094,0.0,324564.26745582814
2025-09-01 08:00:00,18700.266037029618,9008.950087616393,0.0,312795.14416896715
2025-09-01 09:00:00,8849.351359353357,9024.701185714344,0.0,311987.2327331778
2025-09-01 10:00:00,3362.869238256447,9055.09881927907,0.0,317305.81017661636
2025-09-01 11:00:00,3168.328402231884,9106.549872034142,0.0,322891.9951572818
2025-09-01 12:00:00,3220.7328933639214,9173.727053359,0.0,328487.1301069031
2025-09-01 13:00:00,3507.3855786784247,9249.605051021908,0.0,333839.64007050457
2025-09-01 14:00:00,3987.1578885531253,9349.45921930957,0.0,338758.9238580884
2025-09-01 15:00:00,7191.1761699768995,9442.12446311089,0.0,340210.85257678054
2025-09-01 16:00:00,16264.7070880233,9530.852316790593,0.0,331669.8081291008
2025-09-01 17:00:00,17132.1917138529,9616.52239498142,0.0,322250.5619531346
2025-09-01 18:00:00,17047.466647070236,9692.173061305255,0.0,313001.105406584
2025-09-01 19:00:00,11104.349252729207,9748.524408804851,0.0,310411.4639790231
2025-09-01 20:00:00,11228.890608330756,9795.626825593115,0.0,307730.5456842487
2025-09-01 21:00:00,13294.639071537116,9837.915557212393,0.0,302796.64005086425
2025-09-01 22:00:00,12231.319930704025,9883.030924939207,0.0,299089.3154972435
2025-09-01 23:00:00,11657.65623011923,9931.196411356408,0.0,296067.5605418007
2025-09-02 00:00:00,11235.270959799405,9974.55602110586,0.0,293558.48216312943
2025-09-02 01:00:00,12002.269064506838,10002.764689347321,0.0,290225.3923363581
2025-09-02 02:00:00,7424.401743483963,10017.431719491202,0.0,291993.4887853116
2025-09-02 03:00:00,14026.712037269876,10024.340030036072,0.0,286432.5932183811
2025-09-02 04:00:00,9934.471640305648,10027.327619644551,0.0,285421.6190154638
2025-09-02 05:00:00,13967.0450033059,10028.909674826204,0.0,279931.5897977279
2025-09-02 06:00:00,15760.197796759741,10029.761698287311,0.0,272450.0206107266
2025-09-02 07:00:00,17573.989999999998,10031.623966923842,0.0,262954.98902209493
2025-09-02 08:00:00,15193.466561906062,10032.689156254972,0.0,256106.04866512096
2025-09-02 09:00:00,8623.350695959516,10034.951906903463,0.0,256559.49979873607
2025-09-02 10:00:00,2130.137646393554,10037.953824866456,0.0,264230.6340164986
2025-09-02 11:00:00,2333.961295708523,10043.099560947085,0.0,271680.4432488806
2025-09-02 12:00:00,2189.738211907248,10050.474586301725,0.0,279297.87537750765
2025-09-02 13:00:00,2393.035524033372,10054.613643460096,0.0,286693.56066093064
2025-09-02 14:00:00,2801.545952706736,10061.91200578645,0.0,293642.64383037627
2025-09-02 15:00:00,2717.6650050687713,10067.045239308352,0.0,300690.06128627487
2025-09-02 16:00:00,17573.989999999998,10069.789014133536,0.0,291233.19474485284
2025-09-02 17:00:00,16007.640978187112,10075.93296757808,0.0,283522.8599588897
2025-09-02 18:00:00,16272.973102518672,10081.67117384131,0.0,275523.44990771025
2025-09-02 19:00:00,15358.612446193765,10085.110977042394,0.0,268543.43594453734
2025-09-02 20:00:00,14304.510749249934,10087.282194365254,0.0,262736.81730640266
2025-09-02 21:00:00,12736.180473216733,10089.258207872746,0.0,258674.76387736798
2025-09-02 22:00:00,8467.46377006919,10091.280172462642,0.0,259357.7509719759
2025-09-02 23:00:00,5575.525003297539,10092.738414794763,0.0,263255.46160532895
2025-09-03 00:00:00,3697.5957323226785,10094.936124444084,0.0,269241.9580271923
2025-09-03 01:00:00,2187.946748061622,10097.154055190917,0.0,276908.0601400925
2025-09-03 02:00:00,1661.175815658722,10098.094778388535,0.0,285160.4040121936
2025-09-03 03:00:00,1919.3606711645534,10099.848632143521,0.0,293127.6296763765
2025-09-03 04:00:00,10217.71920407041,10101.893515555445,0.0,291876.501854076
2025-09-03 05:00:00,18386.809810855426,10105.886778718215,0.0,281552.599954066
2025-09-03 06:00:00,11620.94451961224,10110.140732619928,0.0,278750.5801093389
2025-09-03 07:00:00,7031.39396640231,10117.884541061354,0.0,281055.8046877311
2025-09-03 08:00:00,2740.585343976287,10125.851102041655,0.0,288136.5609631324
2025-09-03 09:00:00,2386.9890291011925,10133.548753801022,0.0,295617.8996845987
2025-09-03 10:00:00,2245.9973242754513,10141.977312781004,0.0,303264.32441485143
2025-09-03 11:00:00,2239.1870154423705,10150.487915916969,0.0,310926.8267580547
2025-09-03 12:00:00,2102.2926284683163,10157.386948244963,0.0,318748.3330080015
2025-09-03 13:00:00,2144.1597258693873,10163.089094724435,0.0,326529.02240731556
2025-09-03 14:00:00,2175.989103070564,10171.080586402031,0.0,334282.33732363913
2025-09-03 15:00:00,2171.1019045014164,10179.930644004435,0.0,342049.9325181976
2025-09-03 16:00:00,2105.0163780800503,10189.975906740952,0.0,349901.00133818295
2025-09-03 17:00:00,2133.185670256955,10206.313719056068,0.0,357737.1087569535
2025-09-03 18:00:00,3887.221111318856,10241.06152014945,0.0,363659.03570897086
2025-09-03 19:00:00,1751.2319522032249,10290.145424769556,0.0,372003.3678535147
2025-09-03 20:00:00,1428.7180856279629,10364.666508234326,0.0,380780.56982216233
2025-09-03 21:00:00,862.4135679003193,10442.187546555633,0.0,390264.52007105097
2025-09-03 22:00:00,462.4140798198496,10511.053423891326,0.0,400261.78007292026
2025-09-03 23:00:00,62.55458933439695,10561.508019702509,0.0,410753.7829933623
2025-09-04 00:00:00,61.57138305063927,10606.415297308296,0.0,421291.78564283653
2025-09-04 01:00:00,0.0,10655.906135310548,0.0,431947.6917781471
2025-09-04 02:00:00,0.0,10712.655358073109,0.0,442660.34713622014
2025-09-04 03:00:00,329.81481063201863,10764.144498576125,0.0,453058.03073409415
2025-09-04 04:00:00,2361.4695239350804,10823.059365481278,0.0,461257.23507298075
2025-09-04 05:00:00,8536.534863656016,10853.638269915822,0.0,462625.8346055011
2025-09-04 06:00:00,11952.016070062942,10883.629395979038,0.0,460229.4461458546
2025-09-04 07:00:00,11881.396955577628,10932.019098248193,0.0,457959.9130712388
2025-09-04 08:00:00,2278.7103050165606,10966.151413376552,0.0,466394.1641457081
2025-09-04 09:00:00,1471.2185317083186,10988.791976872684,0.0,475748.268865127
2025-09-04 10:00:00,1671.254946999501,11022.092949586326,0.0,484913.4118736028
2025-09-04 11:00:00,1695.3123205602733,11050.35325484325,0.0,494080.08477226796
2025-09-04 12:00:00,1492.3050598050795,11085.585717798996,0.0,503507.5537569502
2025-09-04 13:00:00,1528.2079466481719,11111.049048763029,0.0,512920.59397610405
2025-09-04 14:00:00,2138.2020070951858,11134.915165877097,0.0,521679.7291340977
2025-09-04 15:00:00,2495.732786979288,11148.779236445678,0.0,530055.4719405663
2025-09-04 16:00:00,7621.15046093393,11159.220237729867,0.0,532746.7472217031
2025-09-04 17:00:00,13072.183222417778,11176.009927912448,0.0,529398.1091247067
2025-09-04 18:00:00,13349.95767447379,11198.31251663767,0.0,525763.1353363736
2025-09-04 19:00:00,13324.798315792577,11221.521170491018,0.0,522179.3250448728
2025-09-04 20:00:00,13092.477953390204,11244.63736884152,0.0,518876.7646877252
2025-09-04 21:00:00,12512.736283870247,11254.938706131987,0.0,516228.6630784458
2025-09-04 22:00:00,8658.015773636913,11260.74720709009,0.0,517869.3927592726
2025-09-04 23:00:00,8340.349288664464,11262.769407955846,0.0,519865.10740204575
2025-09-05 00:00:00,8278.910337297137,11265.047421965077,0.0,521931.36556034733
2025-09-05 01:00:00,8172.388509458539,11264.849696258963,0.0,524115.78357943014
2025-09-05 02:00:00,7383.640757445021,11264.25652450667,0.0,527175.9948178867
2025-09-05 03:00:00,8338.753930381807,11262.281165899632,0.0,529172.9938389177
2025-09-05 04:00:00,12683.289585366223,11258.890979761198,0.0,526339.3408349387
2025-09-05 05:00:00,13636.77967450827,11253.598115839815,0.0,522440.96153465816
2025-09-05 06:00:00,13952.325817396384,11247.340255298635,0.0,518185.7175484053
2025-09-05 07:00:00,14083.837927418004,11236.46258810257,0.0,513773.4713282656
2025-09-05 08:00:00,13890.431195209465,11217.432465495296,0.0,509557.0913546394
2025-09-05 09:00:00,10127.648571920736,11195.04894998101,0.0,509499.19744693063
2025-09-05 10:00:00,4248.103140727269,11174.30483612973,0.0,515953.3876822522
2025-09-05 11:00:00,3160.0404028947128,11159.385478644195,0.0,523601.61715768004
2025-09-05 12:00:00,3173.290524010004,11148.79909857256,0.0,531224.5378962415
2025-09-05 13:00:00,3513.6179963238096,11153.309519088538,0.0,538473.8274194148
2025-09-05 14:00:00,3549.5347587493948,11162.05578173228,0.0,545691.9556914255
2025-09-05 15:00:00,6880.862693683556,11168.52943733887,0.0,549215.0821357826
2025-09-05 16:00:00,13861.678615057874,11177.60343516794,0.0,544990.8204431084
2025-09-05 17:00:00,13850.10927449563,11185.889805594072,0.0,540787.6999437073
2025-09-05 18:00:00,13814.356315329467,11185.460795798983,0.0,536623.8759446958
2025-09-05 19:00:00,13633.162134626797,11187.28082821302,0.0,532663.1988455458
2025-09-05 20:00:00,13345.518494331794,11188.56678521827,0.0,529023.4117481732
2025-09-05 21:00:00,13001.928994000966,11190.115653007977,0.0,525766.939630069
2025-09-05 22:00:00,12713.946349084656,11189.620135482668,0.0,522829.9527110131
2025-09-05 23:00:00,12351.030663762704,11189.782845618522,0.0,520296.36815245077
2025-09-06 00:00:00,12190.03438853702,11190.597502675957,0.0,517942.4830011967
2025-09-06 01:00:00,12073.02260386516,11190.956597934739,0.0,515718.9700392812
2025-09-06 02:00:00,11480.777581329094,11192.072091034106,0.0,514154.62259550515
2025-09-06 03:00:00,10352.242995054647,11192.635106644122,0.0,513844.7654854219
2025-09-06 04:00:00,9684.924802770409,11192.996663464908,0.0,514276.73459025304
2025-09-06 05:00:00,10006.9519147733,11193.021682151028,0.0,514350.9208115449
2025-09-06 06:00:00,10119.364117846502,11192.481730786321,0.0,514299.66463361285
2025-09-06 07:00:00,9689.078719288162,11193.04021228425,0.0,514727.06182446575
2025-09-06 08:00:00,3351.4764250937915,11193.201142573758,0.0,522196.4002724909
2025-09-06 09:00:00,3158.574044406895,11192.566936072224,0.0,529879.4404925554
2025-09-06 10:00:00,3003.926762055976,11192.165505221348,0.0,537733.9095954924
2025-09-06 11:00:00,2714.1476835100757,11192.619619545445,0.0,545910.8095666934
2025-09-06 12:00:00,2622.4411743605287,11195.596079873949,0.0,554192.5821195
2025-09-06 13:00:00,2603.9784577908113,11196.493336283622,0.0,562495.7660582383
2025-09-06 14:00:00,2686.936862647468,11198.131444538874,0.0,570708.4120998355
2025-09-06 15:00:00,2796.8405170651495,11197.198045837073,0.0,578798.0095711556
2025-09-06 16:00:00,7396.634248055117,11196.532264775577,0.0,581776.0593380923
2025-09-06 17:00:00,9897.949459096777,11196.096374996689,0.0,581974.4340918703
2025-09-06 18:00:00,10073.06914570618,11196.727424123967,0.0,581978.8624652097
2025-09-06 19:00:00,9617.578081412528,11197.204340231367,0.0,582489.8689372049
2025-09-06 20:00:00,8142.135278196037,11198.495625995603,0.0,584641.5475874272
2025-09-06 21:00:00,7812.648850850605,11201.879363197784,0.0,587162.7060052354
2025-09-06 22:00:00,5795.831098355774,11204.030405312738,0.0,591926.9240790416
2025-09-06 23:00:00,4728.05089091688,11206.595267104114,0.0,597880.1294673492
2025-09-07 00:00:00,3795.3282964133696,11209.52922628731,0.0,604872.6272531772
2025-09-07 01:00:00,2829.285366307565,11212.21428347431,0.0,612941.1911296431
2025-09-07 02:00:00,2668.0631801172367,11217.212838782227,0.0,621193.8893238506
2025-09-07 03:00:00,2925.081798057623,11225.883003354484,0.0,629169.6814404745
2025-09-07 04:00:00,2916.139131416704,11238.624586974402,0.0,637168.1514369858
2025-09-07 05:00:00,3170.6410881506035,11259.130888108366,0.0,644904.3477827046
2025-09-07 06:00:00,3138.806531530561,11283.497771239416,0.0,652700.2827411323
2025-09-07 07:00:00,2823.3786701182707,11324.042074189332,0.0,660887.2374040791
2025-09-07 08:00:00,2777.6860820208294,11352.112914085354,0.0,669153.0324492523
2025-09-07 09:00:00,2466.265943869217,11369.778939213065,0.0,677782.5158952774
2025-09-07 10:00:00,1971.728595377841,11376.03031858928,0.0,686967.7366634469
2025-09-07 11:00:00,1930.8643287300692,11377.621046394126,0.0,696199.9529001409
2025-09-07 12:00:00,1892.6247992558801,11377.200508584025,0.0,705474.2369651074
2025-09-07 13:00:00,2004.4924831880016,11376.561670993218,0.0,714623.5847658917
2025-09-07 14:00:00,2247.7498938040753,11375.951537902187,0.0,723502.0364217893
2025-09-07 15:00:00,2158.7393131433964,11373.052669254019,0.0,732476.4898542176
2025-09-07 16:00:00,2088.047034613257,11369.918578432515,0.0,741526.3561719687
2025-09-07 17:00:00,2282.340136016878,11369.004102195022,0.0,750359.4267897006
2025-09-07 18:00:00,8047.0828296979935,11370.559410652137,0.0,752788.7830562438
2025-09-07 19:00:00,7941.705149251846,11370.573707149606,0.0,755335.2399308914
2025-09-07 20:00:00,6276.533323459231,11370.18299045933,0.0,759731.4970063961
2025-09-07 21:00:00,3743.7631208117073,11369.792371612484,0.0,766941.5525771071
2025-09-07 22:00:00,1889.3323065143286,11368.38832829556,0.0,776210.6827870533
2025-09-07 23:00:00,1809.5230647770513,11366.979938315884,0.0,785567.0815422835
2025-09-08 00:00:00,15392.717914251254,11365.761314643314,0.0,779829.8229522032
2025-09-08 01:00:00,11638.65831253301,11364.631302712049,0.0,778262.6116854341
2025-09-08 02:00:00,12005.2260660866,11362.812394433193,0.0,776286.2840064378
2025-09-08 03:00:00,13823.268450922184,11360.265218900657,0.0,772287.3620576471
2025-09-08 04:00:00,18133.75152210675,11357.555209213064,0.0,763496.3044645194
2025-09-08 05:00:00,13657.609811778926,11354.325260843038,0.0,759675.5077122747
2025-09-08 06:00:00,19698.010349366097,11349.714872497732,0.0,749138.5444188102
2025-09-08 07:00:00,18639.062951259977,11341.850168277615,0.0,739770.3246412434
2025-09-08 08:00:00,14570.272123558194,11329.571858092793,0.0,734910.7052509381
2025-09-08 09:00:00,15861.634141994367,11308.748454413793,0.0,728595.4157698026
2025-09-08 10:00:00,8611.606057716213,11273.309479563986,0.0,730300.2740741263
2025-09-08 11:00:00,7246.03,11216.015367906894,0.0,733465.1449975888
2025-09-08 12:00:00,3770.058724617352,11141.746326135055,0.0,740417.9371852601
2025-09-08 13:00:00,7246.03,11057.679654094167,0.0,743424.4723949098
2025-09-08 14:00:00,9001.421547120337,10951.852991640933,0.0,744374.7458897504
2025-09-08 15:00:00,12848.200796154313,10853.169984396758,0.0,740952.1372117535
2025-09-08 16:00:00,16540.743029166922,10760.685373663204,0.0,733334.2192196758
2025-09-08 17:00:00,17076.907389945864,10673.189027541901,0.0,725033.0667028333
2025-09-08 18:00:00,16439.785174647397,10597.03053564698,0.0,717363.6692666499
2025-09-08 19:00:00,16666.367524910904,10540.74779543399,0.0,709386.230923294
2025-09-08 20:00:00,13144.231518133958,10494.138607101013,0.0,705275.6678435795
2025-09-08 21:00:00,15242.645256992419,10452.465132098145,0.0,698791.8604679083
2025-09-08 22:00:00,12361.42057197441,10408.191423467835,0.0,695465.1401447379
2025-09-08 23:00:00,12165.987594944347,10361.317487844328,0.0,692308.6936381996
2025-09-09 00:00:00,16072.963250785047,10319.45493537886,0.0,684769.3005171506
2025-09-09 01:00:00,12346.848094656529,10293.818275664964,0.0,681344.3986876416
2025-09-09 02:00:00,12275.430119757602,10281.872271926737,0.0,677986.9041598375
2025-09-09 03:00:00,14179.050534026002,10277.7335932708,0.0,672510.1371597463
2025-09-09 04:00:00,13383.854218667058,10277.174462712806,0.0,667916.3624906067
2025-09-09 05:00:00,14372.325866554533,10277.46098860373,0.0,662224.5725163721
2025-09-09 06:00:00,14590.618942167916,10278.34829959293,0.0,656291.1219913339
2025-09-09 07:00:00,17573.989999999998,10277.49601475411,0.0,647041.9624505326
2025-09-09 08:00:00,17573.989999999998,10278.300456871013,0.0,637793.607351848
2025-09-09 09:00:00,17380.46053765447,10278.221455971925,0.0,628760.2059882039
2025-09-09 10:00:00,10423.537915430676,10277.005272822238,0.0,627455.5024661032
2025-09-09 11:00:00,10389.831975311467,10273.507125121567,0.0,626184.7518408785
2025-09-09 12:00:00,10444.139199529292,10268.2254184982,0.0,624848.3781487887
2025-09-09 13:00:00,10461.666604142632,10267.056964615314,0.0,623491.3611088011
2025-09-09 14:00:00,10745.890469040673,10263.029973664892,0.0,621814.5127835319
2025-09-09 15:00:00,10852.704266775323,10260.509494145173,0.0,620016.4619812601
2025-09-09 16:00:00,16878.588142301975,10259.699781127312,0.0,611522.1749376074
2025-09-09 17:00:00,17573.989999999998,10255.004362068,0.0,602250.5237441198
2025-09-09 18:00:00,14906.576775861493,10250.129739581416,0.0,595937.7903994108
2025-09-09 19:00:00,14718.599384293244,10248.44403274358,0.0,589832.2351162729
2025-09-09 20:00:00,14226.56484397829,10247.834224189244,0.0,584272.7750693752
2025-09-09 21:00:00,13513.249988668893,10246.673778204033,0.0,579504.7266379471
2025-09-09 22:00:00,10748.03130632696,10245.149553843752,0.0,577807.619184761
2025-09-09 23:00:00,8913.363833757408,10244.829611616584,0.0,578148.7112033137
2025-09-10 00:00:00,8598.208149288319,10244.45149708499,0.0,578839.5980900783
2025-09-10 01:00:00,8230.075798153448,10244.2605697586,0.0,579939.3299952219
2025-09-10 02:00:00,8270.901013147846,10247.225483777594,0.0,580996.6654643909
2025-09-10 03:00:00,8299.024485258606,10248.377472065067,0.0,582023.904619502
2025-09-10 04:00:00,9128.914284095537,10249.467783544245,0.0,582130.1343096066
2025-09-10 05:00:00,9882.058766550828,10248.484047809927,0.0,581398.5530612491
2025-09-10 06:00:00,10132.146283136513,10245.870426434538,0.0,580386.4831730874
2025-09-10 07:00:00,9492.89379720813,10240.070527082897,0.0,580078.8939254946
2025-09-10 08:00:00,8793.804899367877,10236.444713556884,0.0,580544.4443064205
2025-09-10 09:00:00,8410.835040861466,10234.088934930667,0.0,581433.1609737274
2025-09-10 10:00:00,8840.393746628632,10230.307404585523,0.0,581840.8086598365
2025-09-10 11:00:00,8417.783549509619,10226.524884951086,0.0,582714.2407119992
2025-09-10 12:00:00,8276.377056592386,10228.01299623253,0.0,583746.2792009069
2025-09-10 13:00:00,8418.065093254616,10230.009061177087,0.0,584622.8826029123
2025-09-10 14:00:00,8755.104549350423,10237.760190247978,0.0,585132.7488494375
2025-09-10 15:00:00,8896.525637239838,10243.386880067874,0.0,585491.1072436833
2025-09-10 16:00:00,9016.839320297888,10244.137848427266,0.0,585716.534736224
2025-09-10 17:00:00,9309.926145926467,10231.979484487398,0.0,585604.1518363487
2025-09-10 18:00:00,11002.75994741646,10200.670389486053,0.0,583579.533395372
2025-09-10 19:00:00,9214.001025272986,10158.37661389394,0.0,583500.131092296
2025-09-10 20:00:00,8839.056147821293,10091.340995338574,0.0,583770.2985900553
2025-09-10 21:00:00,8183.395248098387,10024.249555391409,0.0,584701.8867586707
2025-09-10 22:00:00,7743.034710765959,9970.981062905983,0.0,586069.4959207257
2025-09-10 23:00:00,7725.585270200499,9940.004731841624,0.0,587425.5170190112
2025-09-11 00:00:00,7538.211237536339,9921.068942044469,0.0,588970.7956971263
2025-09-11 01:00:00,7393.492451787988,9909.157875612676,0.0,590664.9619596413
2025-09-11 02:00:00,7417.364637189132,9893.260678184042,0.0,592316.7063742818
2025-09-11 03:00:00,7628.064780626483,9886.31023815429,0.0,593727.3890784067
2025-09-11 04:00:00,8204.842871392644,9870.758352578134,0.0,594481.6553516596
2025-09-11 05:00:00,9033.993975429516,9885.562100417159,0.0,594329.4463682661
2025-09-11 06:00:00,9181.02358306269,9899.598309478197,0.0,594027.9073632302
2025-09-11 07:00:00,9080.13070376239,9908.787934127688,0.0,593847.6611820664
2025-09-11 08:00:00,8820.688879425923,9930.928141361534,0.0,593977.8239018436
2025-09-11 09:00:00,1906.7819451096475,9966.49767065494,0.0,601825.6749668212
2025-09-11 10:00:00,2155.6996487429315,9983.867495596522,0.0,609414.320630481
2025-09-11 11:00:00,1921.6086940212135,10001.450116604225,0.0,617280.6499759506
2025-09-11 12:00:00,1959.4689921541249,10007.96502565774,0.0,625111.4272325482
2025-09-11 13:00:00,2354.5678859410127,10016.643732185394,0.0,632511.8844247991
2025-09-11 14:00:00,2711.8478469429547,10027.198943321386,0.0,639525.9190937394
2025-09-11 15:00:00,2591.381294773095,10052.322774263557,0.0,646698.9293182552
2025-09-11 16:00:00,9072.978400751734,10082.604263090665,0.0,646700.4464693995
2025-09-11 17:00:00,9854.938035387564,10109.750322857235,0.0,645860.2656418261
2025-09-11 18:00:00,10502.681903855075,10125.376328802688,0.0,644315.9954107899
2025-09-11 19:00:00,12994.515857847564,10143.330286169163,0.0,640020.974743795
2025-09-11 20:00:00,12227.96693561387,10151.928661559565,0.0,636586.2734768947
2025-09-11 21:00:00,8346.478664904138,10164.684628022971,0.0,637477.092921691
2025-09-11 22:00:00,7830.786050323187,10173.202096595785,0.0,638949.4216290388
2025-09-11 23:00:00,7757.645811825577,10178.443114645293,0.0,640508.2582861
2025-09-12 00:00:00,7411.585315282694,10181.796780103154,0.0,642454.9602714448
2025-09-12 01:00:00,6964.824139211201,10189.67698320284,0.0,644905.9437666351
2025-09-12 02:00:00,6411.028483299401,10196.370804978733,0.0,647978.94959017
2025-09-12 03:00:00,6763.22220850773,10202.041594613303,0.0,650666.2998419971
2025-09-12 04:00:00,8928.444848639978,10204.865849248596,0.0,650950.6714149789
2025-09-12 05:00:00,9864.891173883574,10206.130517621705,0.0,650195.8117393967
2025-09-12 06:00:00,10190.27057427675,10206.770556161437,0.0,649080.0594352506
2025-09-12 07:00:00,10088.639983691402,10203.35353640392,0.0,648073.8129897752
2025-09-12 08:00:00,3400.0566090286497,10204.6612257858,0.0,654500.6335388625
2025-09-12 09:00:00,3407.3617001742714,10207.900192765828,0.0,660922.5762869902
2025-09-12 10:00:00,2863.5085625344127,10213.020889978561,0.0,667953.920996375
2025-09-12 11:00:00,2517.016922906669,10217.845545741638,0.0,675375.0810722203
2025-09-12 12:00:00,2191.3977544848135,10223.025038203048,0.0,683163.2197165515
2025-09-12 13:00:00,2416.5288345629924,10228.858608977534,0.0,690707.0462871257
2025-09-12 14:00:00,2484.906507142371,10225.37572770806,0.0,698171.4147846755
2025-09-12 15:00:00,2226.227729192381,10223.010407928845,0.0,705920.8388268349
2025-09-12 16:00:00,7286.371648430236,10216.854458332387,0.0,708041.7247869115
2025-09-12 17:00:00,13137.712972509435,10207.865337664205,0.0,703652.131266232
2025-09-12 18:00:00,13031.159335094762,10204.993393448087,0.0,699378.0587317969
2025-09-12 19:00:00,12807.346452653244,10200.962434320478,0.0,695348.636218725
2025-09-12 20:00:00,12522.036732462715,10198.685257757927,0.0,691633.9473293021
2025-09-12 21:00:00,12040.949188195955,10197.92696543694,0.0,688453.0418634103
2025-09-12 22:00:00,10144.004094899505,10198.516349627636,0.0,687380.4425520385
2025-09-12 23:00:00,7429.9615102102425,10199.865703582573,0.0,689324.7954664985
2025-09-13 00:00:00,6893.27142617709,10201.004089681397,0.0,691866.6090826497
2025-09-13 01:00:00,6834.6925490371,10202.38360484752,0.0,694474.8898552337
2025-09-13 02:00:00,6280.53106716109,10203.214553681044,0.0,697699.7365565136
2025-09-13 03:00:00,6326.451433359078,10204.056412454154,0.0,700874.4024874577
2025-09-13 04:00:00,7174.412902272397,10204.943676335264,0.0,703107.7762723792
2025-09-13 05:00:00,7787.374496355676,10206.303874224506,0.0,704661.4418173196
2025-09-13 06:00:00,8748.37665165824,10208.821872801764,0.0,705149.8451882788
2025-09-13 07:00:00,7408.539891867186,10212.223034604202,0.0,707130.3572319197
2025-09-13 08:00:00,4149.799750627197,10216.85534041878,0.0,712736.3239605303
2025-09-13 09:00:00,2719.2523516329175,10224.028149305866,0.0,719938.9606080217
2025-09-13 10:00:00,2576.872203643895,10232.212614821392,0.0,727307.9818854611
2025-09-13 11:00:00,2261.1509211439425,10239.38341734355,0.0,735034.9753904225
2025-09-13 12:00:00,2405.5202150635414,10250.014331785535,0.0,742612.1894832485
2025-09-13 13:00:00,2478.554104076612,10267.468516085628,0.0,750125.7089948045
2025-09-13 14:00:00,2603.415448558908,10293.881832732919,0.0,757526.9069958053
2025-09-13 15:00:00,2629.6504009616274,10323.959361932493,0.0,764929.0325788916
2025-09-13 16:00:00,9148.269893124638,10342.60825327464,0.0,765106.8965064721
2025-09-13 17:00:00,13703.860740962726,10353.581724577412,0.0,760233.9662966466
2025-09-13 18:00:00,13836.397561670256,10358.628427444899,0.0,755218.8196555689
2025-09-13 19:00:00,13429.78797225059,10373.173703246313,0.0,750670.0067229813
2025-09-13 20:00:00,13090.550416454935,10382.046564233035,0.0,746506.997268931
2025-09-13 21:00:00,12865.179704119058,10386.549977195495,0.0,742598.9031304388
2025-09-13 22:00:00,12616.21007958674,10392.578672095584,0.0,738973.4706029934
2025-09-13 23:00:00,12416.797425445338,10399.861620955517,0.0,735576.8906401207
2025-09-14 00:00:00,12430.102151993484,10406.534550648432,0.0,732172.2005774431
2025-09-14 01:00:00,12295.16931091827,10414.794795942456,0.0,728925.696139032
2025-09-14 02:00:00,12378.472089394225,10422.15809656537,0.0,725593.9963584926
2025-09-14 03:00:00,12364.824982015807,10427.358928452491,0.0,722282.6608624832
2025-09-14 04:00:00,12406.593521299365,10432.304151160792,0.0,718929.8611010892
2025-09-14 05:00:00,12463.169111180381,10430.010781010582,0.0,715511.9062030105
2025-09-14 06:00:00,12862.27381021967,10423.104766483904,0.0,711643.5956248057
2025-09-14 07:00:00,13200.30491766045,10410.830505372234,0.0,707387.4206661107
2025-09-14 08:00:00,13393.099537566492,10404.013470013842,0.0,702910.2124277174
2025-09-14 09:00:00,8051.6691120695305,10412.804324365045,0.0,704376.7177386718
2025-09-14 10:00:00,3251.6129745960934,10434.544727749666,0.0,711198.3591613148
2025-09-14 11:00:00,3219.611409837159,10456.960696220229,0.0,718077.9738466048
2025-09-14 12:00:00,3240.9599885196567,10484.264147113661,0.0,724961.1713398078
2025-09-14 13:00:00,3280.165593728516,10510.342172745231,0.0,731826.885075077
2025-09-14 14:00:00,3321.9241402413154,10539.867874133246,0.0,738675.7261267197
2025-09-14 15:00:00,11306.141274133424,10576.04566200191,0.0,736689.39259524
2025-09-14 16:00:00,11111.832899202436,10611.657856787797,0.0,734954.5694529141
2025-09-14 17:00:00,10808.26287364848,10643.550878765991,0.0,733588.9393609596
2025-09-14 18:00:00,10877.291088362395,10668.91026254092,0.0,732171.9706364311
2025-09-14 19:00:00,10789.816767422073,10698.09036284406,0.0,730881.3757021396
2025-09-14 20:00:00,10363.743178403827,10730.654162308583,0.0,730096.7596662217
2025-09-14 21:00:00,10175.42847921062,10762.725619366503,0.0,729553.4536420208
2025-09-14 22:00:00,9761.860458483487,10794.576226358375,0.0,729501.518247842
2025-09-14 23:00:00,8137.669243582696,10827.443849410452,0.0,731287.1073821606
2025-09-15 00:00:00,3646.7138990095636,10857.44888243079,0.0,738092.6519323586
2025-09-15 01:00:00,2278.4117817942133,10884.07534706798,0.0,746445.1586329885
2025-09-15 02:00:00,2055.2627767934882,10900.834263137549,0.0,755062.3675885777
2025-09-15 03:00:00,2184.8876601452776,10912.31269471861,0.0,763547.0273275793
2025-09-15 04:00:00,3973.746547344509,10921.071386346617,0.0,770052.8247724321
2025-09-15 05:00:00,8663.129309548309,10928.08481527398,0.0,771355.2103548747
2025-09-15 06:00:00,11675.973796133483,10935.033308812079,0.0,769316.9394457607
2025-09-15 07:00:00,7246.03,10947.532984594338,0.0,772213.3279859105
2025-09-15 08:00:00,3310.124397589081,10962.673806658615,0.0,779498.0857952479
2025-09-15 09:00:00,3120.1628001664194,10977.545524546658,0.0,787008.7837640542
2025-09-15 10:00:00,4148.873186506852,10997.090084917594,0.0,793396.014752853
2025-09-15 11:00:00,3319.481728925596,11022.673533717483,0.0,800730.3752544309
2025-09-15 12:00:00,3519.6574412547197,11053.682849725454,0.0,807873.3276138733
2025-09-15 13:00:00,3835.250373490291,11085.48284479094,0.0,814697.421154786
2025-09-15 14:00:00,4273.091772519665,11117.826793952412,0.0,821067.3682014944
2025-09-15 15:00:00,4339.118698750179,11147.468979872478,0.0,827393.5941827556
2025-09-15 16:00:00,4450.983127772466,11176.57945073605,0.0,833624.6368248556
2025-09-15 17:00:00,6356.2652267929025,11202.003413390756,0.0,837764.1233195874
2025-09-15 18:00:00,8591.84672893078,11224.130962142082,0.0,839441.757916251
2025-09-15 19:00:00,7772.799146431315,11256.13294924891,0.0,842061.4473694651
2025-09-15 20:00:00,6126.223309119559,11286.220309197904,0.0,846540.7528907524
2025-09-15 21:00:00,3663.632472377747,11314.094364822324,0.0,853784.1445084885
2025-09-15 22:00:00,3130.136249334959,11338.006902323541,0.0,861644.2222448842
2025-09-15 23:00:00,2823.4929591360724,11356.961766420662,0.0,869863.9696122649
2025-09-16 00:00:00,2744.365695150729,11374.246943139044,0.0,878188.9213385696
2025-09-16 01:00:00,2647.203748109734,11388.072706757192,0.0,886635.6565474272
2025-09-16 02:00:00,2707.5506742591388,11400.57987231231,0.0,895027.846781674
2025-09-16 03:00:00,2914.6567122431043,11412.871223754255,0.0,903202.2105473801
2025-09-16 04:00:00,3807.033601946694,11425.443600262992,0.0,910397.6168121469
2025-09-16 05:00:00,4929.813326208767,11437.461430051897,0.0,916357.5078797445
2025-09-16 06:00:00,5834.782868767875,11448.282730826293,0.0,921322.6985341621
2025-09-16 07:00:00,5926.551672389184,11471.85495456616,0.0,926209.4960749624
2025-09-16 08:00:00,3425.26793807624,11490.811798193312,0.0,933894.4546086264
2025-09-16 09:00:00,3623.2011775965184,11510.289043970739,0.0,941378.964566379
2025-09-16 10:00:00,3341.1604239781636,11530.190112921562,0.0,949196.7542082136
2025-09-16 11:00:00,3275.1615971206375,11550.916803513941,0.0,957108.6025704825
2025-09-16 12:00:00,3111.3373675884923,11569.339141765235,0.0,965220.9001927049
2025-09-16 13:00:00,3177.3226367309744,11586.627254349794,0.0,973277.168961798
2025-09-16 14:00:00,3638.273354572141,11613.099713576144,0.0,980847.7427258494
2025-09-16 15:00:00,3517.5628139554756,11639.502869471897,0.0,988578.8424687041
2025-09-16 16:00:00,5591.75148321909,11666.784947092514,0.0,994032.5702122198
2025-09-16 17:00:00,14668.443976815714,11680.78455939989,0.0,989415.083686269
2025-09-16 18:00:00,14827.14950783272,11693.618758828183,0.0,984634.0918808386
2025-09-16 19:00:00,14491.071330723782,11703.921393068935,0.0,980236.8229064366
2025-09-16 20:00:00,13318.21304174318,11712.613418765355,0.0,977151.4218343764
2025-09-16 21:00:00,9502.39027077793,11721.796942497123,0.0,978315.0073648981
2025-09-16 22:00:00,8262.090713700676,11730.856879870687,0.0,980865.7634517681
2025-09-16 23:00:00,8387.946585046526,11738.892373304066,0.0,983284.7151750205
2025-09-17 00:00:00,7767.752487014413,11745.647091202687,0.0,986399.5261695405
2025-09-17 01:00:00,8938.233773981774,11751.896538621288,0.0,988220.0518481819
2025-09-17 02:00:00,11267.276866904314,11756.169919206994,0.0,987457.0252486063
2025-09-17 03:00:00,13119.116202512021,11762.068364236142,0.0,984642.2978322735
2025-09-17 04:00:00,13670.592051383623,11769.467414213761,0.0,981222.2185227277
2025-09-17 05:00:00,14883.68159021068,11780.200059332547,0.0,976464.9945929373
2025-09-17 06:00:00,17934.01199375539,11794.746864652108,0.0,968333.0614645276
2025-09-17 07:00:00,14838.24188631187,11826.398353370687,0.0,963672.5243886631
2025-09-17 08:00:00,11167.866888597606,11856.923375157796,0.0,963120.7067764901
2025-09-17 09:00:00,3269.9002733470334,11886.319406250366,0.0,971373.8036567993
2025-09-17 10:00:00,3014.881200680353,11914.581409377963,0.0,979938.5170654214
2025-09-17 11:00:00,2634.091422114856,11938.461888140662,0.0,988950.2107067677
2025-09-17 12:00:00,2433.8239365090394,11958.086881345234,0.0,998204.0487697696
2025-09-17 13:00:00,2663.1628632629327,11973.781024118627,0.0,1007218.7599458183
2025-09-17 14:00:00,2866.3767150834537,11983.078093756389,0.0,1016016.9750228153
2025-09-17 15:00:00,8591.26538560051,11985.908117924635,0.0,1018457.0327122947
2025-09-17 16:00:00,11120.229387673144,11989.47465612464,0.0,1018090.6969376715
2025-09-17 17:00:00,13222.406196831995,11994.013526636942,0.0,1015393.148023384
2025-09-17 18:00:00,14749.998442600016,11997.100825920437,0.0,1011001.3616908601
2025-09-17 19:00:00,13126.900018619886,11999.138128540799,0.0,1008415.0553542677
2025-09-17 20:00:00,10829.138881954248,11999.969305895047,0.0,1008382.648124658
2025-09-17 21:00:00,10339.437060268774,11998.281924107756,0.0,1008892.6666484672
2025-09-17 22:00:00,8761.929331356989,11991.194251175868,0.0,1011148.3838648018
2025-09-17 23:00:00,5555.4803092591765,11979.87823262681,0.0,1016955.5061982519
2025-09-18 00:00:00,4273.586971414277,11962.051251992478,0.0,1024169.1274820062
2025-09-18 01:00:00,3892.335216571484,11935.263498199152,0.0,1031779.5740729036
2025-09-18 02:00:00,5213.893812723259,11908.974016295597,0.0,1037895.3327417291
2025-09-18 03:00:00,8726.335119394507,11880.280227797895,0.0,1040079.6850590886
2025-09-18 04:00:00,10284.346007300479,11856.4431312957,0.0,1040509.0770711616
2025-09-18 05:00:00,11147.74811237941,11832.500084365038,0.0,1039955.190363994
2025-09-18 06:00:00,11261.5435864243,11817.764394796892,0.0,1039260.1285516527
2025-09-18 07:00:00,11878.887333152878,11787.883819565059,0.0,1037849.2486677145
2025-09-18 08:00:00,8749.407530395605,11761.269651774837,0.0,1039888.9543968276
2025-09-18 09:00:00,4427.114288094182,11728.312860642882,0.0,1046698.2513818103
2025-09-18 10:00:00,3319.317509334007,11697.226868346845,0.0,1054707.3476842304
2025-09-18 11:00:00,3091.5740913354566,11671.608507841995,0.0,1062943.8738683662
2025-09-18 12:00:00,2956.8788400964304,11648.59508951338,0.0,1071307.0480244395
2025-09-18 13:00:00,3039.4889403828656,11635.174298887676,0.0,1079565.0123895684
2025-09-18 14:00:00,3184.482072565802,11621.29964268946,0.0,1087647.9986182956
2025-09-18 15:00:00,3235.229314926557,11610.635271454528,0.0,1095663.9346509431
2025-09-18 16:00:00,10161.012858941562,11603.359520618174,0.0,1095977.2798838485
2025-09-18 17:00:00,14433.64244557213,11601.557210375922,0.0,1091541.456599144
2025-09-18 18:00:00,14595.479559759651,11611.455057052604,0.0,1086935.7121453525
2025-09-18 19:00:00,14403.327538649763,11597.789052644888,0.0,1082529.8039328312
2025-09-18 20:00:00,13910.048125149902,11598.509585967513,0.0,1078672.7044908542
2025-09-18 21:00:00,12520.103142386677,11604.335345700703,0.0,1076365.814122792
2025-09-18 22:00:00,9894.25367877978,11615.67852196653,0.0,1076987.8774461143
2025-09-18 23:00:00,8525.647737191695,11632.398068178925,0.0,1079147.3335840805
2025-09-19 00:00:00,7716.15494111256,11647.790698910947,0.0,1082221.6187928661
2025-09-19 01:00:00,7399.372441547996,11658.02313707517,0.0,1085658.116994888
2025-09-19 02:00:00,7437.831092001609,11667.022502611278,0.0,1089060.8827286086
2025-09-19 03:00:00,9092.921444186115,11676.681640893523,0.0,1090634.3183204064
2025-09-19 04:00:00,10206.158310143192,11686.774653214461,0.0,1090980.9170734617
2025-09-19 05:00:00,14072.869961570097,11698.611939965269,0.0,1087043.006833905
2025-09-19 06:00:00,15483.599743976698,11707.966922094887,0.0,1081546.9740404699
2025-09-19 07:00:00,15323.790648069576,11714.5527142318,0.0,1076235.0927012912
2025-09-19 08:00:00,15179.680914125824,11721.105921423221,0.0,1071089.886495908
2025-09-19 09:00:00,3888.1140202625265,11726.149687155445,0.0,1078495.909493883
2025-09-19 10:00:00,3564.1900007596705,11730.100539106097,0.0,1086265.7989210337
2025-09-19 11:00:00,3590.205892490284,11731.429733850902,0.0,1094008.110996562
2025-09-19 12:00:00,3342.929864130212,11730.229978218485,0.0,1102023.9744590803
2025-09-19 13:00:00,3241.5396529829823,11723.401085380323,0.0,1110145.6648189242
2025-09-19 14:00:00,3383.8549249273547,11733.566258662848,0.0,1118119.3922721122
2025-09-19 15:00:00,7610.660168186341,11762.879512735868,0.0,1121425.9827090856
2025-09-19 16:00:00,14056.616256495929,11811.018454020652,0.0,1117618.5386558883
2025-09-19 17:00:00,14094.276491070003,11867.520772851933,0.0,1113825.7522164404
2025-09-19 18:00:00,13747.93235950101,11915.587050632012,0.0,1110465.8588676266
2025-09-19 19:00:00,13294.27059046142,11955.184491401576,0.0,1107649.6315918488
2025-09-19 20:00:00,12879.809408638517,11992.388714302804,0.0,1105331.1209632198
2025-09-19 21:00:00,12651.856758750364,12025.499938258983,0.0,1103299.002280645
2025-09-19 22:00:00,12708.340899781175,12055.4120866445,0.0,1101234.035589755
2025-09-19 23:00:00,12395.725843144683,12084.694795945954,0.0,1099545.7016710958
2025-09-20 00:00:00,12308.35542024086,12108.178714088319,0.0,1097977.9299182498
2025-09-20 01:00:00,12344.187598299672,12131.312085054664,0.0,1096393.4780051936
2025-09-20 02:00:00,12366.972896705367,12151.566882479796,0.0,1094803.9638913344
2025-09-20 03:00:00,12434.734643880456,12170.976072322286,0.0,1093158.5681371228
2025-09-20 04:00:00,12557.946726431921,12189.082289934466,0.0,1091394.3762865774
2025-09-20 05:00:00,12665.18417346993,12205.327977406743,0.0,1089527.277404573
2025-09-20 06:00:00,12943.076470313776,12221.423081250017,0.0,1087367.5044076967
2025-09-20 07:00:00,13380.157716842241,12238.388659737184,0.0,1084739.0511598312
2025-09-20 08:00:00,6270.188709232679,12253.805084482354,0.0,1090025.9799007217
2025-09-20 09:00:00,3491.5731322326783,12267.846771505983,0.0,1098414.300969747
2025-09-20 10:00:00,5089.733019954244,12277.271294370554,0.0,1105036.3133530573
2025-09-20 11:00:00,3767.258012434726,12284.21779324708,0.0,1113134.688910266
2025-09-20 12:00:00,2956.1612465824055,12286.221518650591,0.0,1122136.2868216026
2025-09-20 13:00:00,3026.402019756527,12282.781990961881,0.0,1131056.3999017237
2025-09-20 14:00:00,3234.8210128551345,12271.415073202752,0.0,1139733.5694050875
2025-09-20 15:00:00,3661.2416026514766,12257.10749785506,0.0,1147922.6306777743
2025-09-20 16:00:00,14500.919087630302,12256.446046853065,0.0,1144066.9444050384
2025-09-20 17:00:00,14306.239101245545,12261.25304083625,0.0,1140432.3762222684
2025-09-20 18:00:00,14725.527713166262,12272.465078508025,0.0,1136343.1438417027
2025-09-20 19:00:00,12502.192091518471,12277.327525631672,0.0,1134729.1468212025
2025-09-20 20:00:00,10019.543551519995,12288.907996157333,0.0,1135885.2286490046
2025-09-20 21:00:00,8594.134418227823,12305.506593483733,0.0,1138641.697000013
2025-09-20 22:00:00,8302.737038212468,12320.795759245419,0.0,1141737.2293834665
2025-09-20 23:00:00,7217.981831944461,12332.534013379907,0.0,1146049.783583575
2025-09-21 00:00:00,6715.326656545873,12343.72137737374,0.0,1150932.03089812
2025-09-21 01:00:00,5798.250289272257,12353.771298498026,0.0,1156843.3018752045
2025-09-21 02:00:00,5406.941833427664,12361.707009455406,0.0,1163197.295736407
2025-09-21 03:00:00,4081.0477267824517,12368.853754615016,0.0,1171031.6520168192
2025-09-21 04:00:00,4721.856375762483,12372.930059075568,0.0,1178158.0749917142
2025-09-21 05:00:00,5444.031725423024,12379.244268615363,0.0,1184488.3951209704
2025-09-21 06:00:00,6525.805558908419,12388.030994360477,0.0,1189625.5310498774
2025-09-21 07:00:00,3672.6374699409475,12386.937380291725,0.0,1197931.7601302348
2025-09-21 08:00:00,2896.512711237112,12390.496484000088,0.0,1207103.9091573048
2025-09-21 09:00:00,2729.5880270072976,12392.026001067328,0.0,1216463.0595728084
2025-09-21 10:00:00,2791.812887421047,12391.72387490577,0.0,1225752.7691283575
2025-09-21 11:00:00,2513.181880942838,12396.090428175236,0.0,1235356.435244374
2025-09-21 12:00:00,2219.6671579939066,12398.57401498204,0.0,1245288.7124171406
2025-09-21 13:00:00,2123.4824977291173,12404.415373061815,0.0,1255333.7027927255
2025-09-21 14:00:00,1963.458907018392,12409.580559816439,0.0,1265561.662344744
2025-09-21 15:00:00,3309.516785256559,12410.575724324384,0.0,1274294.997196561
2025-09-21 16:00:00,11425.666451327219,12416.721854422609,0.0,1274016.5341050643
2025-09-21 17:00:00,13208.505775767215,12427.229401863888,0.0,1271767.645978298
2025-09-21 18:00:00,13060.864181974604,12440.877345550378,0.0,1269696.4520105436
2025-09-21 19:00:00,13088.470448487773,12445.73317187343,0.0,1267599.4402396523
2025-09-21 20:00:00,12698.279535882784,12450.091927724781,0.0,1265940.332683063
2025-09-21 21:00:00,11809.131313217815,12454.068599550514,0.0,1265273.1442679272
2025-09-21 22:00:00,11943.176162464608,12459.84841502347,0.0,1264462.796946879
2025-09-21 23:00:00,11652.325749851863,12463.077639743338,0.0,1263978.8459756759
2025-09-22 00:00:00,11434.259345701052,12467.522031430324,0.0,1263741.6354007716
2025-09-22 01:00:00,11119.779626405532,12471.79398910218,0.0,1263858.1186938677
2025-09-22 02:00:00,11290.361941358158,12483.29033436175,0.0,1263796.5624267203
2025-09-22 03:00:00,11803.8057522024,12499.777662931769,0.0,1263181.0003649828
2025-09-22 04:00:00,12687.178179617276,12518.179805503367,0.0,1261602.315526467
2025-09-22 05:00:00,13628.097115552275,12540.694670557132,0.0,1259000.6800686326
2025-09-22 06:00:00,13918.243395371515,12565.762111522778,0.0,1256101.727296409
2025-09-22 07:00:00,13932.54831775697,12584.87687068506,0.0,1253205.9949251423
2025-09-22 08:00:00,13314.022605213908,12605.390162677057,0.0,1251018.0266375814
2025-09-22 09:00:00,13057.64650850508,12630.947939147462,0.0,1249140.4784561677
2025-09-22 10:00:00,8858.785779936456,12651.057978472167,0.0,1251948.4411235994
2025-09-22 11:00:00,6362.020556565198,12665.80821961472,0.0,1257545.3376136974
2025-09-22 12:00:00,6187.270206247512,12672.65522150529,0.0,1263343.2481615942
2025-09-22 13:00:00,7346.087427353851,12678.059026623034,0.0,1267858.9878244908
2025-09-22 14:00:00,10031.957635326131,12681.047467683105,0.0,1269393.4156973672
2025-09-22 15:00:00,13851.61661021902,12684.330549199634,0.0,1266687.061124101
2025-09-22 16:00:00,13765.591314340705,12683.016470405799,0.0,1264074.9761341284
2025-09-22 17:00:00,14537.481565036669,12680.710875324781,0.0,1260602.929714968
2025-09-22 18:00:00,14971.623463089009,12679.326388754374,0.0,1256647.1189225125
2025-09-22 19:00:00,14808.76932530179,12668.478849914945,0.0,1252861.4096332034
2025-09-22 20:00:00,14659.531498960814,12658.413037180959,0.0,1249231.4543382055
2025-09-22 21:00:00,14268.244184260264,12650.555825844773,0.0,1246028.4055148722
2025-09-22 22:00:00,13635.468375846434,12645.977892564837,0.0,1243523.8629898299
2025-09-22 23:00:00,13330.014201355858,12645.56640067,0.0,1241358.3025001048
2025-09-23 00:00:00,12888.69021995012,12645.840433516925,0.0,1239683.3760225659
2025-09-23 01:00:00,12829.834249259104,12648.101919605597,0.0,1238076.1065541056
2025-09-23 02:00:00,13706.996708648501,12651.709248091891,0.0,1235497.8194592549
2025-09-23 03:00:00,13460.077470413584,12655.757739126653,0.0,1233197.9355645883
2025-09-23 04:00:00,17151.341660551687,12659.781347330336,0.0,1226800.670622417
2025-09-23 05:00:00,18118.198592647896,12664.669533050506,0.0,1219334.0083858587
2025-09-23 06:00:00,16404.470486609775,12671.153204858747,0.0,1213777.9721611512
2025-09-23 07:00:00,17172.24225489252,12666.268061811565,0.0,1207363.97105086
2025-09-23 08:00:00,14995.148285605228,12666.403277902336,0.0,1203369.0984558675
2025-09-23 09:00:00,14968.686297360284,12666.736736055263,0.0,1199403.961528189
2025-09-23 10:00:00,14864.224358257481,12668.027048157048,0.0,1195556.183733838
2025-09-23 11:00:00,14545.252714134735,12669.836165862964,0.0,1192064.6279951069
2025-09-23 12:00:00,14442.346499675821,12674.006631735328,0.0,1188691.5829605355
2025-09-23 13:00:00,14469.073481977957,12680.597026116684,0.0,1185295.4316733433
2025-09-23 14:00:00,14712.054474651144,12676.241812372435,0.0,1181624.9462916593
2025-09-23 15:00:00,14568.574936791065,12671.434985384782,0.0,1178109.0757917203
2025-09-23 16:00:00,14862.732654603442,12664.550997300166,0.0,1174259.4793950166
2025-09-23 17:00:00,15471.225712904477,12670.493255371575,0.0,1169739.7218582723
2025-09-23 18:00:00,15705.26124034186,12677.35218444708,0.0,1164966.7837756728
2025-09-23 19:00:00,15589.56572754776,12688.230537080499,0.0,1160333.274615478
2025-09-23 20:00:00,15257.63085875774,12699.820836455878,0.0,1156080.1722755362
2025-09-23 21:00:00,14699.76430745162,12711.99178836694,0.0,1152459.0926111792
2025-09-23 22:00:00,14105.126834674636,12724.424600900184,0.0,1149511.1540624409
2025-09-23 23:00:00,13949.066927126478,12737.471004191852,0.0,1146749.66181427
2025-09-24 00:00:00,13650.669746545187,12752.108180362213,0.0,1144334.3591651376
2025-09-24 01:00:00,14050.143397494598,12767.21493174464,0.0,1141490.3036552216
2025-09-24 02:00:00,13819.073736768516,12782.790751483382,0.0,1138918.5680325178
2025-09-24 03:00:00,16436.939510528082,12797.09914263603,0.0,1133452.4010523448
2025-09-24 04:00:00,15405.48091188112,12808.570596785688,0.0,1129143.7706359294
2025-09-24 05:00:00,21700.736203410917,12816.581338639524,0.0,1117848.4228596678
2025-09-24 06:00:00,22431.9381186481,12821.049829526102,0.0,1105745.097001807
2025-09-24 07:00:00,17220.057726576688,12809.007905511518,0.0,1099420.7074333443
2025-09-24 08:00:00,16013.911477798894,12795.017685124789,0.0,1094422.490143137
2025-09-24 09:00:00,15755.377229838348,12782.377675798902,0.0,1089698.8931191156
2025-09-24 10:00:00,9517.56,12773.306492308762,0.0,1091897.1329447578
2025-09-24 11:00:00,7246.03,12772.801957993423,0.0,1096618.7904583067
2025-09-24 12:00:00,4618.086404435794,12774.345170758244,0.0,1104261.9285130252
2025-09-24 13:00:00,7246.03,12780.4632646501,0.0,1108991.247333231
2025-09-24 14:00:00,7246.03,12784.447900566527,0.0,1113724.550789353
2025-09-24 15:00:00,14650.224709910484,12794.670121437954,0.0,1110241.1934553348
2025-09-24 16:00:00,15446.66394844644,12806.289657070416,0.0,1105884.523169687
2025-09-24 17:00:00,15994.365543825079,12821.990529466246,0.0,1100934.9964282364
2025-09-24 18:00:00,16167.703622744852,12838.996029673297,0.0,1095809.8773215264
2025-09-24 19:00:00,15909.523357272887,12855.951970868504,0.0,1090988.5811176472
2025-09-24 20:00:00,15544.907366225652,12876.341847264168,0.0,1086592.803669105
2025-09-24 21:00:00,21202.57956460984,12900.555028805938,0.0,1075934.9369594557
2025-09-24 22:00:00,14336.098726430391,12928.394861010778,0.0,1072934.333235544
2025-09-24 23:00:00,14025.715620424246,12956.27437818996,0.0,1070306.4791465956
2025-09-25 00:00:00,14265.759951753254,12983.03707100009,0.0,1067438.671826759
2025-09-25 01:00:00,13867.26201497795,13007.697070517012,0.0,1065038.2999917446
2025-09-25 02:00:00,19936.519999999997,13031.515408203715,0.0,1055918.1265110595
2025-09-25 03:00:00,14448.304890855034,13056.84089703675,0.0,1052921.2953071462
2025-09-25 04:00:00,15208.50693759802,13077.274451929348,0.0,1049100.2287173
2025-09-25 05:00:00,16249.338967104994,13096.335318859887,0.0,1044141.7429615986
2025-09-25 06:00:00,16391.449387652065,13107.663104793037,0.0,1039036.684524556
2025-09-25 07:00:00,16056.45358888523,13127.405628657874,0.0,1034323.5861655638
2025-09-25 08:00:00,15688.478597255578,13145.76459749671,0.0,1030037.707877221
2025-09-25 09:00:00,13037.626649412286,13162.54182291009,0.0,1028713.9978674507
2025-09-25 10:00:00,5371.566761211296,13182.198195533241,0.0,1035927.788550527
2025-09-25 11:00:00,3930.880285343954,13199.071619283826,0.0,1044759.2154083175
2025-09-25 12:00:00,3897.4585772782843,13213.76369298025,0.0,1053642.4695709883
2025-09-25 13:00:00,4136.646917226752,13225.969898389829,0.0,1062272.1651169043
2025-09-25 14:00:00,4413.8010532263115,13237.001744770601,0.0,1070604.9434692012
2025-09-25 15:00:00,14249.218537437346,13237.491459490428,0.0,1068009.9698870946
2025-09-25 16:00:00,15315.785178501024,13229.782780786143,0.0,1064222.2135806573
2025-09-25 17:00:00,21486.17,13214.206719567967,0.0,1053562.8980780032
2025-09-25 18:00:00,18070.963532033184,13196.064932694144,0.0,1046680.1146417713
2025-09-25 19:00:00,19545.143217910976,13198.052838561796,0.0,1038161.3416826545
2025-09-25 20:00:00,15412.650344260393,13194.072679318273,0.0,1034230.2473127942
2025-09-25 21:00:00,15165.858846790821,13191.382317536538,0.0,1030570.6753561189
2025-09-25 22:00:00,14333.020525380402,13189.016996322016,0.0,1027834.1139909072
2025-09-25 23:00:00,14123.935752075571,13188.099438144312,0.0,1025328.9514823006
2025-09-26 00:00:00,14044.205553580841,13189.879464161482,0.0,1022914.15810915
2025-09-26 01:00:00,13962.843174165271,13193.172842475544,0.0,1020593.0607581086
2025-09-26 02:00:00,14011.119646465671,13199.840037339667,0.0,1018224.9900771532
2025-09-26 03:00:00,19308.066973758272,13207.181617278908,0.0,1009978.7639458117
2025-09-26 04:00:00,16135.980594667553,13216.436971728464,0.0,1005266.3335901318
2025-09-26 05:00:00,16250.60320391295,13228.304340964703,0.0,1000438.412148971
2025-09-26 06:00:00,16599.257978052916,13246.093077834674,0.0,995240.8852511914
2025-09-26 07:00:00,16312.470880146451,13268.562085354779,0.0,990384.4796919392
2025-09-26 08:00:00,15857.797893708976,13297.0649477844,0.0,986061.7692022691
2025-09-26 09:00:00,15370.6206368057,13328.39526931002,0.0,982311.6970973505
2025-09-26 10:00:00,14897.045004827589,13360.316962975105,0.0,979119.7418327396
2025-09-26 11:00:00,14480.515602647229,13391.859353155409,0.0,976422.1394051758
2025-09-26 12:00:00,14201.336999520478,13422.692364369817,0.0,974065.5684367451
2025-09-26 13:00:00,14144.159751297851,13444.918146022963,0.0,971794.7535257703
2025-09-26 14:00:00,14287.553484747896,13452.005122137398,0.0,969371.6992204101
2025-09-26 15:00:00,14576.05289223737,13437.576039826308,0.0,966613.6609355282
2025-09-26 16:00:00,14971.203166774041,13401.11520452304,0.0,963380.1059547467
2025-09-26 17:00:00,15317.914048257084,13358.668617834619,0.0,959718.870074518
2025-09-26 18:00:00,15146.795665340309,13326.079185145161,0.0,956215.1762981738
2025-09-26 19:00:00,14939.684319933636,13301.214342346151,0.0,952916.7413961493
2025-09-26 20:00:00,14533.19647215998,13280.18993689814,0.0,950048.9352528696
2025-09-26 21:00:00,14052.547013202678,13262.410301341255,0.0,947697.4044284301
2025-09-26 22:00:00,13707.253421017296,13247.758326703148,0.0,945714.8811762253
2025-09-26 23:00:00,13525.711820324857,13232.497283903556,0.0,943918.809770879
2025-09-27 00:00:00,13523.4908189946,13223.67730540177,0.0,942116.3861662867
2025-09-27 01:00:00,13394.542835905359,13215.812431465392,0.0,940449.3732245238
2025-09-27 02:00:00,13479.60980128296,13211.270725595949,0.0,938683.299726472
2025-09-27 03:00:00,19959.503924720608,13208.208508790858,0.0,929714.28165224
2025-09-27 04:00:00,18540.446225936248,13206.692872240043,0.0,922320.4787178843
2025-09-27 05:00:00,13737.138891839719,13207.089420084669,0.0,920264.0804803692
2025-09-27 06:00:00,14505.892535657153,13207.002815258513,0.0,917353.4249226755
2025-09-27 07:00:00,14769.138788395216,13204.42585651632,0.0,914147.6965698636
2025-09-27 08:00:00,14235.346522692955,13202.56931856189,0.0,911533.2141965445
2025-09-27 09:00:00,13828.783214426905,13200.420723739939,0.0,909368.3202375878
2025-09-27 10:00:00,2498.837851790424,13202.250960087029,0.0,919794.0846956855
2025-09-27 11:00:00,2055.9193252714126,13206.802546531408,0.0,930716.5324363599
2025-09-27 12:00:00,1682.249678157992,13212.23359076097,0.0,942059.5997180564
2025-09-27 13:00:00,7620.283413451239,13218.097580287513,0.0,946810.7157278424
2025-09-27 14:00:00,9021.142250771927,13221.809813385267,0.0,950009.0341514811
2025-09-27 15:00:00,10632.682816418197,13224.020233044386,0.0,951418.962366283
2025-09-27 16:00:00,13628.485925197809,13223.419972915088,0.0,949499.6202000894
2025-09-27 17:00:00,14003.940919883737,13225.82513050484,0.0,947165.510975168
2025-09-27 18:00:00,14067.258856315893,13227.494644940643,0.0,944762.7180019799
2025-09-27 19:00:00,13625.097390290906,13225.31284006758,0.0,942849.0337417243
2025-09-27 20:00:00,13267.685151168047,13221.667123189885,0.0,941328.8284747275
2025-09-27 21:00:00,13038.220536179353,13215.664729618175,0.0,940057.5814974797
2025-09-27 22:00:00,12623.524633293957,13210.589430927219,0.0,939242.0324469692
2025-09-27 23:00:00,12505.34750347154,13207.196069782125,0.0,938554.3979573385
2025-09-28 00:00:00,12242.224512457151,13204.260090691849,0.0,938156.1863675225
2025-09-28 01:00:00,12156.323954545001,13201.60416059672,0.0,937850.7639119581
2025-09-28 02:00:00,12248.432716525504,13199.922818548504,0.0,937441.3170454783
2025-09-28 03:00:00,12220.447891547656,13197.78481132162,0.0,937060.8264217469
2025-09-28 04:00:00,12430.488352250402,13194.545218196248,0.0,936443.7179152203
2025-09-28 05:00:00,13362.242300585727,13188.493453380242,0.0,934785.2754790611
2025-09-28 06:00:00,13660.409530913452,13180.444594340779,0.0,932787.4872612759
2025-09-28 07:00:00,13167.392140513119,13170.183331931108,0.0,931327.2348815256
2025-09-28 08:00:00,13259.664382237506,13159.732404058223,0.0,929754.0068608755
2025-09-28 09:00:00,3553.2059903389945,13150.409898870686,0.0,938956.410103814
2025-09-28 10:00:00,2915.968659859962,13141.273226812818,0.0,948857.7181530044
2025-09-28 11:00:00,2945.77943200957,13132.79587091687,0.0,958717.4257661331
2025-09-28 12:00:00,2856.6577822026757,13123.56738552297,0.0,968666.9289492085
2025-09-28 13:00:00,5290.996610362094,13112.498782435137,0.0,975900.5426090191
2025-09-28 14:00:00,13230.032320785227,13098.281347150065,0.0,974298.7880441854
2025-09-28 15:00:00,13610.959989248782,13080.462798631132,0.0,972255.9619658734
2025-09-28 16:00:00,13605.494839353927,13057.405662699888,0.0,970196.1511404024
2025-09-28 17:00:00,14085.024111272272,13033.83652940531,0.0,967579.9608795051
2025-09-28 18:00:00,14088.090818831679,13012.505099688282,0.0,964939.0317360471
2025-09-28 19:00:00,13913.370582916954,12996.611018512409,0.0,962476.3421068741
2025-09-28 20:00:00,13581.032077132342,12978.927189959571,0.0,960365.2336555757
2025-09-28 21:00:00,13107.5285896964,12962.706468965089,0.0,958764.0194693222
2025-09-28 22:00:00,12903.395753962122,12945.895273632483,0.0,957372.8083496635
2025-09-28 23:00:00,12481.883462408801,12931.332390066042,0.0,956435.381337053
2025-09-29 00:00:00,13520.739999999998,12918.980514870565,0.0,954331.3174074792
2025-09-29 01:00:00,13520.739999999998,12911.190647540905,0.0,952219.4636105757
2025-09-29 02:00:00,19080.13590937518,12906.489339280559,0.0,943925.8019394393
2025-09-29 03:00:00,19502.043462243084,12902.556225703616,0.0,935159.4209848727
2025-09-29 04:00:00,20051.71177073869,12900.250155042875,0.0,925779.9913946504
2025-09-29 05:00:00,21587.059235418663,12896.19638000975,0.0,914690.5664019728
2025-09-29 06:00:00,20003.76613973509,12889.548961790013,0.0,905353.7085418348
2025-09-29 07:00:00,22067.673167397166,12881.456292550818,0.0,893715.5279817223
2025-09-29 08:00:00,22294.258267070636,12869.474890448742,0.0,881813.604797648
2025-09-29 09:00:00,21994.31346506126,12854.488930196674,0.0,870229.9676555544
2025-09-29 10:00:00,17575.234305011967,12841.146434885843,0.0,863543.0759737603
2025-09-29 11:00:00,21845.53140657086,12826.886435560002,0.0,852097.1497353528
2025-09-29 12:00:00,21569.833929901448,12814.509478547689,0.0,840945.1770695654
2025-09-29 13:00:00,22123.458254177396,12802.167899623768,0.0,829165.7246867698
2025-09-29 14:00:00,22296.7936877537,12790.505675821465,0.0,817182.0151539762
2025-09-29 15:00:00,22275.74010674827,12780.043671528578,0.0,805211.2364846733
2025-09-29 16:00:00,21872.394711842884,12773.846910399932,0.0,793682.4226041368
2025-09-29 17:00:00,19110.2180741768,12771.57971563323,0.0,785220.4266817957
2025-09-29 18:00:00,22348.71154568908,12772.04225186447,0.0,773160.567216228
2025-09-29 19:00:00,21465.24820499638,12773.711437811493,0.0,762084.00287071
2025-09-29 20:00:00,17016.401368526578,12777.301689763905,0.0,755954.1919287777
2025-09-29 21:00:00,19918.762801336015,12780.160305069297,0.0,746602.393565696
2025-09-29 22:00:00,17745.176154688663,12782.121423007726,0.0,739667.6525946051
2025-09-29 23:00:00,20344.698583135752,12783.623199102147,0.0,729846.0551457788
2025-09-30 00:00:00,19959.12824236135,12785.800203052704,0.0,720455.0461906521
2025-09-30 01:00:00,20185.45680867788,12788.539255173211,0.0,710815.30010285
2025-09-30 02:00:00,16434.59319037056,12791.08563768488,0.0,705345.7266401231
2025-09-30 03:00:00,18078.42586648844,12793.399315671177,0.0,698051.9861041403
2025-09-30 04:00:00,21043.724167047636,12795.839211097624,0.0,687465.909574074
2025-09-30 05:00:00,22336.75835406871,12798.377051853322,0.0,675445.6662325177
2025-09-30 06:00:00,22475.629174823018,12800.775293068578,0.0,663273.5202202272
2025-09-30 07:00:00,22286.79669954781,12803.360498371983,0.0,651313.7732746572
2025-09-30 08:00:00,21607.62828017283,12805.560150247686,0.0,640110.8575580462
2025-09-30 09:00:00,21776.526931506312,12806.75653144614,0.0,628721.4730544854
2025-09-30 10:00:00,21157.7377566011,12807.825272682745,0.0,618020.7008198337
2025-09-30 11:00:00,18949.606002696393,12806.965840527362,0.0,609772.5488795872
2025-09-30 12:00:00,21294.053675376912,12805.076040434087,0.0,598917.5652807136
2025-09-30 13:00:00,20161.694303056072,12800.710401945551,0.0,589316.393123708
2025-09-30 14:00:00,21509.139564130077,12796.742196576686,0.0,578214.0913601402
2025-09-30 15:00:00,21856.130565613177,12793.680843707369,0.0,566723.1826864996
2025-09-30 16:00:00,22150.896155748116,12791.945792883653,0.0,554903.021639663
2025-09-30 17:00:00,22197.404826401445,12790.64235908612,0.0,543029.880858303
2025-09-30 18:00:00,22461.570032616728,12789.948543291543,0.0,530862.5293653539
2025-09-30 19:00:00,22069.17625579997,12786.420597193073,0.0,519127.643011658
2025-09-30 20:00:00,21733.297592129784,12783.76708697996,0.0,507763.30166293826
2025-09-30 21:00:00,20738.85432203972,12780.696449958727,0.0,497500.82664396387
2025-09-30 22:00:00,20865.340064299246,12777.771002785345,0.0,487094.8864641945
2025-09-30 23:00:00,20662.53980799978,12774.544057512281,0.0,476911.0529572626
2025-10-01 00:00:00,20660.437660145086,12770.264978028494,0.0,466725.27609068534
2025-10-01 01:00:00,19300.600224792885,12765.587584752131,0.0,458045.75231455656
2025-10-01 02:00:00,20457.529572129828,12760.487320608658,0.0,448075.6512216876
2025-10-01 03:00:00,20718.993265771587,12755.693704696463,0.0,437810.241297749
2025-10-01 04:00:00,21833.364055933653,12751.193537600506,0.0,426302.1414398677
2025-10-01 05:00:00,22653.9195802094,12747.024183973395,0.0,413878.14386805287
2025-10-01 06:00:00,22776.856183819546,12742.717145504324,0.0,401313.2430315354
2025-10-01 07:00:00,22612.643476045996,12736.485224388,0.0,388924.56883809454
2025-10-01 08:00:00,22357.152691788877,12731.356616098978,0.0,376814.6446855392
2025-10-01 09:00:00,20910.69317403381,12725.739634592488,0.0,366306.2807934275
2025-10-01 10:00:00,20241.64163575615,12719.594553139346,0.0,356535.1624179489
2025-10-01 11:00:00,13169.075250812248,12709.866184817429,0.0,354612.7227685305
2025-10-01 12:00:00,16610.364465613482,12697.943951524629,0.0,348854.7062027068
2025-10-01 13:00:00,21533.412915134293,12685.138987296343,0.0,337613.8308398539
2025-10-01 14:00:00,20231.82275680027,12672.777285992786,0.0,327806.80506273534
2025-10-01 15:00:00,19935.631773522517,12661.42838158242,0.0,318317.53147373715
2025-10-01 16:00:00,20521.168706626122,12651.488476751265,0.0,308167.7213875705
2025-10-01 17:00:00,20225.497020963016,12642.615628442876,0.0,298337.5625482767
2025-10-01 18:00:00,20223.636826702572,12633.746060743038,0.0,288500.6010237946
2025-10-01 19:00:00,14816.763156888524,12622.302313983182,0.0,284659.8331634572
2025-10-01 20:00:00,14350.951933798782,12607.808730197881,0.0,281322.1397449898
2025-10-01 21:00:00,13791.621812498874,12589.821446292493,0.0,278587.9369551724
2025-10-01 22:00:00,13255.214309992329,12569.317275470416,0.0,276429.2383306513
2025-10-01 23:00:00,11038.186331008561,12549.666048976933,0.0,276714.2529007299
2025-10-02 00:00:00,12377.337281273545,12532.047189907003,0.0,275493.7031114441
2025-10-02 01:00:00,11317.723824441984,12516.11169538778,0.0,275434.56611300743
2025-10-02 02:00:00,9090.015768466394,12499.699850684081,0.0,277834.24844317324
2025-10-02 03:00:00,12701.94787129312,12481.151157716036,0.0,276202.1241883414
2025-10-02 04:00:00,13573.674305622806,12462.516840582366,0.0,273582.7806893429
2025-10-02 05:00:00,14519.055699423361,12442.346689505544,0.0,269892.84326837806
2025-10-02 06:00:00,14838.615408172514,12420.485628226537,0.0,265825.9784430795
2025-10-02 07:00:00,14809.82849701068,12392.865670993144,0.0,261763.47911739416
2025-10-02 08:00:00,14670.634193751128,12364.361535283599,0.0,257827.13599295428
2025-10-02 09:00:00,14578.105109116868,12341.389249590515,0.0,253970.63067685935
2025-10-02 10:00:00,3885.9694983489208,12321.05333266538,0.0,261973.9401224704
2025-10-02 11:00:00,3520.15487729923,12302.926994594436,0.0,270365.5839200658
2025-10-02 12:00:00,3537.593203971279,12288.26808602547,0.0,278723.1928905676
2025-10-02 13:00:00,3642.636337409569,12278.597393908347,0.0,286954.41657624306
2025-10-02 14:00:00,8765.29098637732,12276.097149307752,0.0,289491.30151846487
2025-10-02 15:00:00,10905.377976290916,12282.247200982461,0.0,289656.4620791241
2025-10-02 16:00:00,14851.745801899244,12293.898542173218,0.0,285448.42084140924
2025-10-02 17:00:00,15098.72297580358,12303.597335985736,0.0,280975.65931539104
2025-10-02 18:00:00,14919.231414775284,12305.229149305223,0.0,276703.9646705015
2025-10-02 19:00:00,10987.325887822755,12300.346426053446,0.0,276796.1712211963
2025-10-02 20:00:00,10818.853383053156,12294.897605472628,0.0,277070.1206232765
2025-10-02 21:00:00,10214.579953161498,12289.57296977787,0.0,278010.1603117639
2025-10-02 22:00:00,9622.682305338269,12287.104430387053,0.0,279605.3955139973
2025-10-02 23:00:00,9572.758062571804,12282.22820353386,0.0,281251.22587022913
2025-10-03 00:00:00,9278.671909822346,12275.775855534308,0.0,283217.36627040524
2025-10-03 01:00:00,9010.987771158747,12268.905597457362,0.0,285474.0632332418
2025-10-03 02:00:00,8980.711256627352,12261.173809056294,0.0,287756.6689793788
2025-10-03 03:00:00,8987.639503152195,12253.325063077798,0.0,290023.72792784305
2025-10-03 04:00:00,10216.599082758663,12245.594003904123,0.0,290917.5451731265
2025-10-03 05:00:00,11274.806373697738,12235.85926113362,0.0,290625.84179681813
2025-10-03 06:00:00,14180.050736852307,12221.863694041584,0.0,287092.09356102376
2025-10-03 07:00:00,14171.196673222406,12206.203417050156,0.0,283552.52289671573
2025-10-03 08:00:00,13668.705461532358,12184.321830121466,0.0,280549.3942140235
2025-10-03 09:00:00,3177.2668624473718,12160.195099848494,0.0,289179.2928000416
2025-10-03 10:00:00,3229.5534113330814,12134.054704889688,0.0,297724.95482567226
2025-10-03 11:00:00,2688.846138841971,12108.581817890845,0.0,306845.92982262763
2025-10-03 12:00:00,2328.5197474277247,12083.421946718796,0.0,316342.1076055378
2025-10-03 13:00:00,2216.4189756184187,12062.95293484995,0.0,325942.37278970063
2025-10-03 14:00:00,2255.7918150431433,12047.151670804888,0.0,335483.0891104576
2025-10-03 15:00:00,2125.0441538906216,12033.978923145067,0.0,345155.90786261304
2025-10-03 16:00:00,7664.083973641114,12026.1088957997,0.0,348666.3678988115
2025-10-03 17:00:00,10110.884110549747,12021.72943193124,0.0,349453.78165235417
2025-10-03 18:00:00,7842.643928322796,12020.813624403974,0.0,352760.5464675106
2025-10-03 19:00:00,5583.08365532231,12022.446708680896,0.0,358579.5668925
2025-10-03 20:00:00,2714.7308224067065,12025.934535604874,0.0,367589.133847653
2025-10-03 21:00:00,652.6533092416557,12032.557146828429,0.0,378896.5206508796
2025-10-03 22:00:00,334.34185259169135,12043.856167826152,0.0,390568.8858713816
2025-10-03 23:00:00,39.09521190408486,12061.777294063977,0.0,402587.22404110775
2025-10-04 00:00:00,0.0,12087.268893247174,0.0,414674.49293435493
2025-10-04 01:00:00,0.0,12126.247984152196,0.0,426800.7409185072
2025-10-04 02:00:00,0.0,12175.82120410656,0.0,438976.5621226138
2025-10-04 03:00:00,0.0,12239.189810829223,0.0,451215.75193344295
2025-10-04 04:00:00,0.0,12317.230717751647,0.0,463532.9826511946
2025-10-04 05:00:00,0.0,12400.096454568717,0.0,475933.07910576335
2025-10-04 06:00:00,0.0,12469.906259064985,0.0,488402.9853648284
2025-10-04 07:00:00,606.3887426112342,12520.973676040507,0.0,500250.19377130084
2025-10-04 08:00:00,1162.5098705068904,12556.797127039894,0.0,511515.3132644441
2025-10-04 09:00:00,1266.1015398700292,12586.308265334723,0.0,522694.84204103437
2025-10-04 10:00:00,1251.9031389308802,12606.528187306081,0.0,533910.3667406396
2025-10-04 11:00:00,1155.7574990923094,12625.463291383909,0.0,545251.6550330321
2025-10-04 12:00:00,1067.4870476774413,12639.857756836434,0.0,556705.4160702268
2025-10-04 13:00:00,1192.5349977548922,12653.967272032585,0.0,568034.3444558651
2025-10-04 14:00:00,1561.4506846775057,12664.903467306944,0.0,578964.3027179748
2025-10-04 15:00:00,1844.9821002567787,12675.16347009331,0.0,589589.4860766716
2025-10-04 16:00:00,2102.7281977204348,12686.933364661783,0.0,599940.0547771996
2025-10-04 17:00:00,2129.0440250383326,12695.496500667363,0.0,610269.9468056022
2025-10-04 18:00:00,1933.7624422333265,12703.486354066177,0.0,620824.8082238536
2025-10-04 19:00:00,1703.7685451120105,12713.668372439135,0.0,631645.4004350572
2025-10-04 20:00:00,1595.5651343078298,12724.241196234128,0.0,642596.7914820602
2025-10-04 21:00:00,1397.6045709820264,12735.129713581213,0.0,653779.0272278837
2025-10-04 22:00:00,1182.5314310438152,12746.0172973348,0.0,665211.1207129477
2025-10-04 23:00:00,948.6589130354896,12758.620431682344,0.0,676915.6756857018
2025-10-05 00:00:00,808.8527967369027,12769.761956872848,0.0,688786.7123128669
2025-10-05 01:00:00,812.9370023000811,12779.325921390257,0.0,700662.7748983682
2025-10-05 02:00:00,837.1838302413671,12787.405820890623,0.0,712519.9764634351
2025-10-05 03:00:00,881.1682607472703,12795.186427522794,0.0,724336.0870456831
2025-10-05 04:00:00,1138.2761456356839,12805.033544073345,0.0,735876.3693168279
2025-10-05 05:00:00,1456.059103055366,12815.760400135992,0.0,747074.2862691245
2025-10-05 06:00:00,1863.7088692929028,12826.5400713232,0.0,757830.0387079001
2025-10-05 07:00:00,2340.272353645014,12839.183252418421,0.0,768068.9193451575
2025-10-05 08:00:00,2638.8132798292263,12849.982411336752,0.0,777986.8870011283
2025-10-05 09:00:00,2800.7662807762954,12857.218913109024,0.0,787732.1433800415
2025-10-05 10:00:00,2704.1065743577783,12861.483413012409,0.0,797589.0639326562
2025-10-05 11:00:00,2785.1201223466924,12865.850931416791,0.0,807360.3369503546
2025-10-05 12:00:00,2743.730978155678,12869.230399246135,0.0,817180.9773738721
2025-10-05 13:00:00,2661.6970533767235,12872.8495150835,0.0,827096.3857185369
2025-10-05 14:00:00,2904.2270430576227,12877.249459496012,0.0,836746.7162413024
2025-10-05 15:00:00,3292.056856686616,12882.843706048901,0.0,845971.7189954772
2025-10-05 16:00:00,3813.1522557109056,12889.088513165963,0.0,854623.9716689644
2025-10-05 17:00:00,5247.545337727116,12896.169563094238,0.0,861689.5353012506
2025-10-05 18:00:00,5804.420870399568,12904.461150597448,0.0,868144.6399291819
2025-10-05 19:00:00,4057.928298785635,12909.346801358832,0.0,876545.1775096678
2025-10-05 20:00:00,3757.3884884199942,12914.143178376153,0.0,885284.4445897995
2025-10-05 21:00:00,3385.8740436694807,12918.279839768924,0.0,894440.6421588245
2025-10-05 22:00:00,3163.0144966279177,12921.0470750252,0.0,903847.228682041
2025-10-05 23:00:00,2931.9703585494162,12922.750834508459,0.0,913512.2346737168
2025-10-06 00:00:00,2829.2451084974,12923.829200715452,0.0,923292.4581983241
2025-10-06 01:00:00,2766.998205877947,12923.222617719788,0.0,933141.2383650683
2025-10-06 02:00:00,2830.423556096077,12920.762840483734,0.0,942917.0861432231
2025-10-06 03:00:00,3302.380951667901,12916.88312938727,0.0,952164.6571040904
2025-10-06 04:00:00,7235.952278717807,12912.501754776868,0.0,957037.2118825142
2025-10-06 05:00:00,11596.295564565495,12907.61978904751,0.0,957060.0588220444
2025-10-06 06:00:00,15765.687316500938,12902.245839580579,0.0,952444.8743099574
2025-10-06 07:00:00,15777.96818168131,12898.799779449524,0.0,947812.5983319832
2025-10-06 08:00:00,15751.77246144519,12895.933992682385,0.0,943206.56292306
2025-10-06 09:00:00,11319.144000947643,12891.027087930532,0.0,943520.7633432708
2025-10-06 10:00:00,4837.338317603949,12885.27018681689,0.0,951031.2131771944
2025-10-06 11:00:00,4465.249687483718,12879.80865353469,0.0,958949.6332890805
2025-10-06 12:00:00,4990.788570139202,12874.883979316455,0.0,966279.1966349089
2025-10-06 13:00:00,10469.19619383862,12871.397185145845,0.0,967518.1536046785
2025-10-06 14:00:00,11930.763094926242,12870.662317478376,0.0,967132.4124833499
2025-10-06 15:00:00,11902.14566185547,12873.262731655217,0.0,966781.0689240547
2025-10-06 16:00:00,15628.54468385865,12887.769049534176,0.0,962303.7883248571
2025-10-06 17:00:00,15779.551692478573,12917.60652453289,0.0,957688.5596355249
2025-10-06 18:00:00,15364.098998318943,12946.045841329345,0.0,953563.3843676109
2025-10-06 19:00:00,15034.804631821178,12964.247271843866,0.0,949822.2931596533
2025-10-06 20:00:00,14607.91014739175,12982.764923621558,0.0,946574.0468083953
2025-10-06 21:00:00,14047.3296823147,12996.787137584774,0.0,943962.6898545194
2025-10-06 22:00:00,10164.64100180546,13004.514640933998,0.0,945673.1589378917
2025-10-06 23:00:00,9447.948855972587,13011.783233930799,0.0,948187.2212207417
2025-10-07 00:00:00,9225.893829770466,13023.400484363552,0.0,950959.628560916
2025-10-07 01:00:00,9174.717545673946,13038.557478533497,0.0,953804.0554331451
2025-10-07 02:00:00,8977.776359464588,13066.975244445828,0.0,956895.7236115192
2025-10-07 03:00:00,9102.118932651201,13110.79113798211,0.0,959893.0492687778
2025-10-07 04:00:00,9388.396012286627,13162.999348267967,0.0,962624.4974922828
2025-10-07 05:00:00,12989.572110418874,13212.024959246215,0.0,961403.6645510636
2025-10-07 06:00:00,14566.728771136914,13246.579934064557,0.0,958464.990294976
2025-10-07 07:00:00,14791.282059084824,13270.302338826816,0.0,955300.5347903752
2025-10-07 08:00:00,14309.889992819677,13297.1670409189,0.0,952697.8240614946
2025-10-07 09:00:00,14553.060745795436,13327.66012728433,0.0,949855.4166934507
2025-10-07 10:00:00,11043.702919074392,13360.656298321992,0.0,950945.2919705788
2025-10-07 11:00:00,10739.975928714572,13395.151750770367,0.0,952407.1371338887
2025-10-07 12:00:00,10758.189226595168,13427.871376297515,0.0,953881.4649250803
2025-10-07 13:00:00,11018.028260259009,13459.298777422518,0.0,955098.5100799928
2025-10-07 14:00:00,13684.974603923765,13493.675494675786,0.0,953386.6582369755
2025-10-07 15:00:00,14949.395566737727,13530.002733703988,0.0,950306.2214520819
2025-10-07 16:00:00,15145.179182636959,13570.303247852937,0.0,947048.5478303382
2025-10-07 17:00:00,15091.741229196865,13603.301372311224,0.0,943883.2478368751
2025-10-07 18:00:00,15068.78542022948,13626.864785174319,0.0,940767.0177106835
2025-10-07 19:00:00,14589.085244807196,13647.960384486025,0.0,938204.883378717
2025-10-07 20:00:00,14202.675732997179,13661.346286368802,0.0,936085.4788506444
2025-10-07 21:00:00,13756.883143521656,13670.030550563193,0.0,934470.0836861836
2025-10-07 22:00:00,13587.828492138902,13676.139270322874,0.0,933048.6357430188
2025-10-07 23:00:00,13232.77003988335,13680.691256675718,0.0,932026.249177602
2025-10-08 00:00:00,17442.660676516516,13684.313400298794,0.0,926329.8284928823
2025-10-08 01:00:00,17155.545182564354,13687.904591298508,0.0,920956.016214665
2025-10-08 02:00:00,17799.225271299107,13692.171186543637,0.0,914871.2704330984
2025-10-08 03:00:00,19708.330958630286,13696.174716524962,0.0,906669.2996400342
2025-10-08 04:00:00,21277.94045698182,13701.394470762543,0.0,896728.5380474837
2025-10-08 05:00:00,22028.079147771947,13707.929193213344,0.0,885960.8237431725
2025-10-08 06:00:00,21295.655227991487,13716.831248376106,0.0,876015.815849336
2025-10-08 07:00:00,21929.520324143683,13729.470419291287,0.0,865379.1525751342
2025-10-08 08:00:00,21615.15564044223,13741.852001716046,0.0,855104.1649763588
2025-10-08 09:00:00,21021.008426133118,13756.044598195533,0.0,845503.5335455175
2025-10-08 10:00:00,20910.560853319705,13770.025331119765,0.0,836039.6023729487
2025-10-08 11:00:00,20733.09696849384,13782.75065143267,0.0,826785.5786149438
2025-10-08 12:00:00,17284.35996582995,13794.363543693069,0.0,821375.097752159
2025-10-08 13:00:00,20768.31338983883,13807.23172957678,0.0,812106.4257152482
2025-10-08 14:00:00,19096.458043718758,13816.741289381713,0.0,804704.8802893871
2025-10-08 15:00:00,14617.30291708831,13824.641483938174,0.0,802288.0740876715
2025-10-08 16:00:00,21540.65080344631,13833.005237711694,0.0,792187.0228771094
2025-10-08 17:00:00,20876.335887783065,13842.545096916263,0.0,782833.6392098222
2025-10-08 18:00:00,19918.532433637625,13852.374200381093,0.0,774554.3107061615
2025-10-08 19:00:00,14872.557688787878,13863.560816784722,0.0,771892.807424293
2025-10-08 20:00:00,14915.96892967722,13871.080007900513,0.0,769190.5886214412
2025-10-08 21:00:00,15528.89739133119,13877.486452886807,0.0,765813.7446395154
2025-10-08 22:00:00,14415.415626621274,13885.134815847532,0.0,763681.7509813394
2025-10-08 23:00:00,13479.969050013231,13893.95251659258,0.0,762597.9601090283
2025-10-09 00:00:00,13204.028080919215,13904.862063463024,0.0,761831.6798603588
2025-10-09 01:00:00,12465.619719669485,13918.509490966073,0.0,761899.5007739144
2025-10-09 02:00:00,12529.205562110048,13939.157408099794,0.0,761917.3186685586
2025-10-09 03:00:00,14528.327717441629,13962.785427987548,0.0,759737.5177438332
2025-10-09 04:00:00,12836.051288810851,13987.063313541776,0.0,759462.3018475851
2025-10-09 05:00:00,17288.50926867347,14013.63866890845,0.0,754266.4857735231
2025-10-09 06:00:00,14110.867804347088,14040.895316934224,0.0,752628.6390856272
2025-10-09 07:00:00,15281.098605954063,14072.278978083314,0.0,749721.9196126504
2025-10-09 08:00:00,14754.58572003623,14102.041106237102,0.0,747429.9765855139
2025-10-09 09:00:00,14648.825727568292,14128.923505830846,0.0,745282.4270607133
2025-10-09 10:00:00,12546.197479704673,14160.192621706618,0.0,745502.400260526
2025-10-09 11:00:00,10423.775139935731,14193.364201771523,0.0,748113.7920845911
2025-10-09 12:00:00,13415.694025225426,14217.326677010005,0.0,747424.7920669061
2025-10-09 13:00:00,13497.907745361155,14232.399190353784,0.0,746659.5159846365
2025-10-09 14:00:00,14291.900693465419,14237.707129020582,0.0,745017.333454251
2025-10-09 15:00:00,14014.550778366429,14232.535770149487,0.0,743678.1461373267
2025-10-09 16:00:00,13744.245556742266,14221.907967903047,0.0,742628.670153294
2025-10-09 17:00:00,14085.779053734714,14214.529169967558,0.0,741192.3337080007
2025-10-09 18:00:00,13963.840889509656,14213.130494644896,0.0,739890.0854365239
2025-10-09 19:00:00,13721.921045830173,14221.69960669621,0.0,738865.2061034086
2025-10-09 20:00:00,13325.011549460294,14237.458642393976,0.0,738297.0963575135
2025-10-09 21:00:00,13002.292840979204,14257.186235610257,0.0,738107.2905475913
2025-10-09 22:00:00,13205.11736833875,14278.6093377367,0.0,737713.5472538404
2025-10-09 23:00:00,12922.123834618393,14300.610397431281,0.0,737656.2422794736
2025-10-10 00:00:00,12873.387851379495,14322.9551808748,0.0,737675.4331810378
2025-10-10 01:00:00,12885.242983717839,14344.58908251048,0.0,737703.085614973
2025-10-10 02:00:00,13066.217314804593,14368.960257493874,0.0,737554.026633795
2025-10-10 03:00:00,13434.061206224962,14396.879467594694,0.0,737024.1714278064
2025-10-10 04:00:00,14082.346659441715,14430.834567207046,0.0,735807.9541511892
2025-10-10 05:00:00,15405.708697309212,14465.616648312753,0.0,733156.1166913807
2025-10-10 06:00:00,15733.635178722023,14499.93055042047,0.0,730174.2303765547
2025-10-10 07:00:00,15361.53244707688,14544.852631663753,0.0,727650.7136225774
2025-10-10 08:00:00,15545.20594625636,14586.987056523165,0.0,724965.2496277045
2025-10-10 09:00:00,14954.847308205284,14631.269808180537,0.0,722980.0224267682
2025-10-10 10:00:00,15021.084364397633,14678.566306684303,0.0,720968.4949952328
2025-10-10 11:00:00,14601.423820467862,14733.50252634404,0.0,719478.1932766126
2025-10-10 12:00:00,14691.319720919573,14802.6625624138,0.0,717957.1672602268
2025-10-10 13:00:00,14175.020545000447,14877.212590294048,0.0,717084.3570227424
2025-10-10 14:00:00,14476.355290343527,14953.73797851434,0.0,715953.2557897641
2025-10-10 15:00:00,14066.242175339934,15026.223767876583,0.0,715350.3215850408
2025-10-10 16:00:00,13870.897474375306,15110.273251471992,0.0,715048.4865316512
2025-10-10 17:00:00,13733.501652423629,15186.540596467294,0.0,714975.5808476477
2025-10-10 18:00:00,13467.09127376563,15255.461789946934,0.0,715267.6078889663
2025-10-10 19:00:00,13330.701471269518,15335.404246659558,0.0,715791.1216119931
2025-10-10 20:00:00,12577.517511818834,15395.377283739806,0.0,717211.4794381564
2025-10-10 21:00:00,12464.106364418727,15444.732959723906,0.0,718807.205326304
2025-10-10 22:00:00,11976.784724052359,15484.093172053794,0.0,720983.7599160774
2025-10-10 23:00:00,11921.105875768677,15505.313996578305,0.0,723243.4007173572
2025-10-11 00:00:00,11834.900616155759,15511.288543058407,0.0,725604.7996869091
2025-10-11 01:00:00,11764.043487800835,15497.799050140435,0.0,728031.4393061596
2025-10-11 02:00:00,11781.541499822455,15473.118259675792,0.0,730413.9558993661
2025-10-11 03:00:00,11953.491505031081,15436.072389935172,0.0,732568.371061489
2025-10-11 04:00:00,12250.654936872874,15386.119709130864,0.0,734342.6519518722
2025-10-11 05:00:00,12444.639771145656,15331.827633793137,0.0,735847.1020621703
2025-10-11 06:00:00,13104.442828683957,15291.984190302452,0.0,736578.5942206016
2025-10-11 07:00:00,13772.74169021111,15281.480261981382,0.0,736557.0281601262
2025-10-11 08:00:00,14012.661666901804,15286.056156086312,0.0,736273.4602418771
2025-10-11 09:00:00,13933.569999229112,15295.744117989067,0.0,736087.4599162784
2025-10-11 10:00:00,13821.012027328394,15313.958599205995,0.0,736044.7384851195
2025-10-11 11:00:00,5999.487044678345,15335.762534706306,0.0,744714.4043035166
2025-10-11 12:00:00,8953.098528626926,15361.119905049072,0.0,750127.6369545358
2025-10-11 13:00:00,11985.17490435468,15386.453192574121,0.0,752197.2291422714
2025-10-11 14:00:00,14053.18776441794,15415.126843837548,0.0,751997.7029145332
2025-10-11 15:00:00,14606.45740630019,15444.485285137454,0.0,751212.7910815596
2025-10-11 16:00:00,14302.514369510169,15480.195153744424,0.0,750801.3036025148
2025-10-11 17:00:00,14670.874929048987,15518.89508555709,0.0,750019.2265446841
2025-10-11 18:00:00,14428.24692789597,15557.239437364356,0.0,749545.0805066086
2025-10-11 19:00:00,13919.964083638719,15611.377443046222,0.0,749689.8311900563
2025-10-11 20:00:00,13643.086254803511,15652.310468922547,0.0,750183.1569314193
2025-10-11 21:00:00,13125.313481998412,15694.022232653928,0.0,751293.4975174083
2025-10-11 22:00:00,12736.889887045976,15729.49807945147,0.0,752870.8957223644
2025-10-11 23:00:00,12820.864617769408,15755.853632113094,0.0,754381.3442236226
2025-10-12 00:00:00,12653.198616490736,15775.01528159945,0.0,756097.2499313434
2025-10-12 01:00:00,12703.078508372502,15789.372116179917,0.0,757772.0903715538
2025-10-12 02:00:00,12470.741667190878,15802.089313381528,0.0,759717.8000547232
2025-10-12 03:00:00,13012.483281258646,15812.827214786112,0.0,761072.3125125553
2025-10-12 04:00:00,13131.69724158385,15818.801190409518,0.0,762300.3389900939
2025-10-12 05:00:00,13143.410224763487,15822.651764155757,0.0,763519.2016156235
2025-10-12 06:00:00,13626.235709955286,15825.458196291069,0.0,764204.3979119642
2025-10-12 07:00:00,13901.788909777919,15825.032098328355,0.0,764582.9978883172
2025-10-12 08:00:00,13879.85678724512,15827.204067089782,0.0,764988.138858468
2025-10-12 09:00:00,10608.382466155585,15830.541182312587,0.0,769031.5884117188
2025-10-12 10:00:00,10067.351835353245,15835.679773188851,0.0,773681.3217011818
2025-10-12 11:00:00,5997.81225263458,15841.542214425152,0.0,782858.6280793464
2025-10-12 12:00:00,6002.287142421293,15848.23051390843,0.0,792037.6506572311
2025-10-12 13:00:00,8554.912505873617,15853.871864080982,0.0,798386.0641814524
2025-10-12 14:00:00,14107.474363785024,15858.260860676466,0.0,798569.3535268123
2025-10-12 15:00:00,14411.241459224431,15861.837566760905,0.0,798418.7005833238
2025-10-12 16:00:00,15016.967891873715,15866.207545401976,0.0,797599.388248866
2025-10-12 17:00:00,15382.476537363626,15870.320448185348,0.0,796378.0680999807
2025-10-12 18:00:00,15494.737086016368,15873.185923098888,0.0,795034.8794830615
2025-10-12 19:00:00,15504.128062418376,15879.475946181157,0.0,793687.5464709998
2025-10-12 20:00:00,15106.331215468406,15885.613469991233,0.0,792788.3474793596
2025-10-12 21:00:00,14704.174158889728,15891.94447409143,0.0,792342.3206657958
2025-10-12 22:00:00,14445.715337934773,15899.471480965862,0.0,792190.9973268342
2025-10-12 23:00:00,14213.77368632771,15907.332359390652,0.0,792305.2478125272
2025-10-13 00:00:00,14043.981006137124,15915.335679724163,0.0,792616.1601520991
2025-10-13 01:00:00,13947.221254210923,15924.373737866596,0.0,793043.6213852869
2025-10-13 02:00:00,13936.671132940162,15935.561236869342,0.0,793493.9924744449
2025-10-13 03:00:00,14307.516581415184,15948.56064496703,0.0,793545.3124733951
2025-10-13 04:00:00,15366.468292289377,15963.208066611121,0.0,792434.6668819069
2025-10-13 05:00:00,16403.33255190782,15981.93039389512,0.0,790190.6722181267
2025-10-13 06:00:00,16651.185726823107,16008.216281941723,0.0,787697.5710258204
2025-10-13 07:00:00,16451.88032357033,16045.636089786787,0.0,785463.340089418
2025-10-13 08:00:00,16287.390475364109,16070.45157350729,0.0,783436.691134743
2025-10-13 09:00:00,16200.25850929378,16103.532519079521,0.0,781539.936421274
2025-10-13 10:00:00,16171.371749095419,16131.640720593472,0.0,779703.3863095392
2025-10-13 11:00:00,15974.504692070997,16161.179207649127,0.0,778115.1158593317
2025-10-13 12:00:00,15886.76604070559,16190.958840616628,0.0,776654.1124324977
2025-10-13 13:00:00,15786.535143064197,16221.517401515104,0.0,775335.035230608
2025-10-13 14:00:00,15937.355203374285,16247.94155517311,0.0,773874.8043375874
2025-10-13 15:00:00,15916.620965058348,16271.438821310385,0.0,772461.1087532775
2025-10-13 16:00:00,15952.84797822054,16280.645245904672,0.0,771016.3673567147
2025-10-13 17:00:00,16011.284286425409,16272.812073073412,0.0,769498.8635559822
2025-10-13 18:00:00,15976.645692571004,16266.217775817046,0.0,768013.2527844982
2025-10-13 19:00:00,15685.394457552626,16270.064195873092,0.0,766855.100916424
2025-10-13 20:00:00,15236.835498916145,16271.518311357248,0.0,766196.8020067632
2025-10-13 21:00:00,14641.377790379873,16275.280734081218,0.0,766203.8851959778
2025-10-13 22:00:00,14146.406363854145,16285.933512678364,0.0,766771.5894154849
2025-10-13 23:00:00,13768.696468941376,16298.323333549706,0.0,767771.3611168775
2025-10-14 00:00:00,13602.679499090184,16305.977383659556,0.0,768963.2501682147
2025-10-14 01:00:00,13470.846929184245,16310.140158460586,0.0,770305.7826275816
2025-10-14 02:00:00,13510.095663211323,16300.557447052413,0.0,771595.122671066
2025-10-14 03:00:00,13902.484937055558,16275.221272408457,0.0,772423.1384578571
2025-10-14 04:00:00,14906.578755951643,16241.535209317743,0.0,772101.8083827841
2025-10-14 05:00:00,16423.490823311797,16210.981228779101,0.0,770064.4664745502
2025-10-14 06:00:00,16830.90682119169,16194.19313883126,0.0,767557.6520342797
2025-10-14 07:00:00,16112.09119033533,16188.063281802684,0.0,765843.3917712652
2025-10-14 08:00:00,15905.925897546582,16176.514628805633,0.0,764346.6554027969
2025-10-14 09:00:00,15674.650912448178,16161.739626875944,0.0,763092.1162380637
2025-10-14 10:00:00,15484.451220469426,16144.304355971835,0.0,762031.4747935139
2025-10-14 11:00:00,15251.614320071829,16127.137258635394,0.0,761212.3739187364
2025-10-14 12:00:00,15066.039733281305,16112.18929538481,0.0,760584.5190660307
2025-10-14 13:00:00,15105.495456281817,16100.000039916444,0.0,759900.635265634
2025-10-14 14:00:00,15224.120850996656,16086.678020205447,0.0,759071.6234513988
2025-10-14 15:00:00,15253.531853538047,16071.957017862944,0.0,758195.2117431083
2025-10-14 16:00:00,15440.300225387437,16054.212073529086,0.0,757093.5346773181
2025-10-14 17:00:00,15556.577027914958,16045.957069988279,0.0,755854.4061607342
2025-10-14 18:00:00,15444.354449836319,16049.171580933584,0.0,754743.1839085163
2025-10-14 19:00:00,15263.815451795508,16057.66137135114,0.0,753841.050333428
2025-10-14 20:00:00,14909.54044538691,16076.225659019718,0.0,753351.1199420178
2025-10-14 21:00:00,14335.814557759186,16099.65134624216,0.0,753522.0884463052
2025-10-14 22:00:00,14004.536703083802,16127.509799685353,0.0,754089.0019092308
2025-10-14 23:00:00,13622.25357646837,16156.895719417833,0.0,755110.0603214616
2025-10-15 00:00:00,15796.338576061698,16186.633759523927,0.0,753745.2067742504
2025-10-15 01:00:00,16125.013318847505,16214.958215265104,0.0,752043.4835241294
2025-10-15 02:00:00,16459.288517433928,16240.653281703342,0.0,749996.0384531282
2025-10-15 03:00:00,17361.423825187732,16264.022404776553,0.0,746969.5899410296
2025-10-15 04:00:00,19479.74148354395,16285.661453162942,0.0,741611.0941902548
2025-10-15 05:00:00,21491.077186424263,16306.49182355057,0.0,734038.6113622228
2025-10-15 06:00:00,16506.48401695403,16326.651091451178,0.0,732024.7246570584
2025-10-15 07:00:00,18430.818535715203,16353.118153130601,0.0,727899.1555482831
2025-10-15 08:00:00,21128.708540734184,16386.521715733514,0.0,720809.3344409787
2025-10-15 09:00:00,16662.923675225422,16425.170361431356,0.0,718720.1451632708
2025-10-15 10:00:00,18635.878542406783,16470.897907854884,0.0,714484.5113573403
2025-10-15 11:00:00,15858.237258125922,16526.81603334846,0.0,713391.0637705488
2025-10-15 12:00:00,13410.660706898838,16590.42582431828,0.0,715080.7554760906
2025-10-15 13:00:00,15416.018528951503,16663.037169207193,0.0,714614.883168685
2025-10-15 14:00:00,16284.856356453845,16740.1015054514,0.0,713260.6998336322
2025-10-15 15:00:00,14636.878533114643,16809.75931031676,0.0,713807.2607738216
2025-10-15 16:00:00,17686.755061141208,16873.691329320172,0.0,711029.002035207
2025-10-15 17:00:00,14598.81820602934,16924.386558023474,0.0,711732.4794754203
2025-10-15 18:00:00,14506.302221783808,16962.769055513032,0.0,712577.1349511734
2025-10-15 19:00:00,13838.715010211195,16998.57591017938,0.0,714199.360850007
2025-10-15 20:00:00,13845.608995668714,17029.743008585014,0.0,715845.0938634047
2025-10-15 21:00:00,13156.516884503992,17061.478035824424,0.0,718288.2198053357
2025-10-15 22:00:00,12600.11760151553,17093.21046386951,0.0,721381.2996008545
2025-10-15 23:00:00,12290.047893577273,17120.84493642595,0.0,724846.5357666392
2025-10-16 00:00:00,12061.702606921841,17143.84867553848,0.0,728588.4926567089
2025-10-16 01:00:00,11616.007024051112,17158.748016450514,0.0,732840.5662019915
2025-10-16 02:00:00,11978.021449258385,17160.674509132168,0.0,736692.3279897255
2025-10-16 03:00:00,12371.535340801762,17156.04742359992,0.0,740102.2250346568
2025-10-16 04:00:00,13051.777139621103,17150.405307308854,0.0,742750.6557423867
2025-10-16 05:00:00,14718.489919724145,17142.267877822076,0.0,743539.0459316262
2025-10-16 06:00:00,14840.072346495137,17133.673742824278,0.0,744183.7504005671
2025-10-16 07:00:00,15088.51670839097,17122.053326603724,0.0,744540.785162292
2025-10-16 08:00:00,14952.641961852685,17113.8875852679,0.0,745040.6261232791
2025-10-16 09:00:00,14467.981166904134,17109.423452302468,0.0,746074.5149456881
2025-10-16 10:00:00,14631.832360059952,17100.95364204322,0.0,746917.8770765536
2025-10-16 11:00:00,14107.598102196662,17089.706869538375,0.0,748332.4749436512
2025-10-16 12:00:00,13978.837606928319,17087.660767223326,0.0,749888.0939253987
2025-10-16 13:00:00,14386.942284444005,17088.943251948793,0.0,750991.5457501876
2025-10-16 14:00:00,15065.489500994092,17092.65556534201,0.0,751344.7685366472
2025-10-16 15:00:00,15327.66074781124,17100.450133811322,0.0,751414.4845062238
2025-10-16 16:00:00,15402.99787361882,17108.9086362765,0.0,751408.9510607016
2025-10-16 17:00:00,15698.595114273048,17115.76936267759,0.0,751081.8369630758
2025-10-16 18:00:00,15767.007537425836,17122.92471619457,0.0,750685.864415464
2025-10-16 19:00:00,15689.714221971222,17126.208330741858,0.0,750379.0569440154
2025-10-16 20:00:00,15499.27094270565,17125.46059980616,0.0,750283.1053852597
2025-10-16 21:00:00,15044.105287274295,17122.647483421704,0.0,750690.0803272657
2025-10-16 22:00:00,14769.030950779255,17117.533818481123,0.0,751397.5797559922
2025-10-16 23:00:00,14532.205706167213,17113.033383462374,0.0,752363.7179103796
2025-10-17 00:00:00,14472.916772266683,17109.36181668492,0.0,753392.0610912128
2025-10-17 01:00:00,14436.06432242467,17106.69988200505,0.0,754458.689503857
2025-10-17 02:00:00,14255.055400934696,17101.371568942697,0.0,755721.1106273168
2025-10-17 03:00:00,14399.685594303755,17092.896173941193,0.0,756814.3561409204
2025-10-17 04:00:00,19273.573646004676,17078.492091291373,0.0,752477.7664033177
2025-10-17 05:00:00,20407.31331046542,17063.25375453059,0.0,746866.2275906645
2025-10-17 06:00:00,20385.101319431193,17048.094890907272,0.0,741264.2099044261
2025-10-17 07:00:00,17617.953446159943,17022.096287371663,0.0,738710.8023627311
2025-10-17 08:00:00,16883.51774037209,16998.561501798125,0.0,736949.8997085602
2025-10-17 09:00:00,19803.25375122673,16972.80404862334,0.0,731919.0884780429
2025-10-17 10:00:00,22632.062487347936,16944.32162142745,0.0,723716.674002417
2025-10-17 11:00:00,17998.86404377166,16907.982214169337,0.0,720625.9183901733
2025-10-17 12:00:00,17526.869386574588,16857.52853978802,0.0,718009.1476115452
2025-10-17 13:00:00,16914.199437201998,16801.173360911715,0.0,716016.7660422325
2025-10-17 14:00:00,22175.98924768956,16742.67791103065,0.0,708119.4559002748
2025-10-17 15:00:00,19589.836442338332,16688.61037200761,0.0,703041.5813363509
2025-10-17 16:00:00,17066.586380895154,16623.142169321625,0.0,700701.8497491224
2025-10-17 17:00:00,19398.34481446528,16565.013134558336,0.0,695713.1464231637
2025-10-17 18:00:00,22859.135485295323,16513.321676654366,0.0,686827.4286717122
2025-10-17 19:00:00,17738.015960981094,16450.02571001701,0.0,683568.5477584169
2025-10-17 20:00:00,16454.61854161601,16405.513833396122,0.0,681691.1521011285
2025-10-17 21:00:00,16339.363311088455,16368.818368644928,0.0,679905.1223463417
2025-10-17 22:00:00,15690.13528407751,16337.667452639094,0.0,678809.3061500059
2025-10-17 23:00:00,18555.47452005787,16318.33437687172,0.0,674510.4466157021
2025-10-18 00:00:00,19728.362746229723,16306.852875080194,0.0,668896.896439416
2025-10-18 01:00:00,15048.62375915598,16301.795803765943,0.0,668477.9991774531
2025-10-18 02:00:00,14906.34129101575,16298.110862106145,0.0,668213.5086050973
2025-10-18 03:00:00,14971.198221657422,16294.321440247582,0.0,667873.1653546143
2025-10-18 04:00:00,15191.655761094065,16290.07942799357,0.0,667283.6272702812
2025-10-18 05:00:00,22320.654156748664,16286.27869831405,0.0,658769.1791277634
2025-10-18 06:00:00,22568.971087952228,16281.914296876526,0.0,649974.4588824707
2025-10-18 07:00:00,22929.7730705747,16268.822110876697,0.0,640765.7553593756
2025-10-18 08:00:00,16790.085446175675,16256.954325939789,0.0,638367.0591895645
2025-10-18 09:00:00,16121.76194441038,16246.86306694159,0.0,636700.8534293836
2025-10-18 10:00:00,15689.92392545956,16238.611929744491,0.0,635506.2165530619
2025-10-18 11:00:00,10280.498782557326,16228.290949093793,0.0,640311.731077092
2025-10-18 12:00:00,8329.765821854051,16217.844770297908,0.0,647274.2804897742
2025-10-18 13:00:00,12854.360596980008,16209.089500628383,0.0,649200.7471048695
2025-10-18 14:00:00,15405.838802254555,16199.868514485735,0.0,648283.0169501833
2025-10-18 15:00:00,19674.56351458691,16190.979463577112,0.0,642613.3702864418
2025-10-18 16:00:00,17382.51323819891,16174.938949394667,0.0,639474.4056378376
2025-10-18 17:00:00,20810.592796761764,16158.46521891532,0.0,632509.989971462
2025-10-18 18:00:00,16562.75537190948,16141.981943951589,0.0,630248.9103910697
2025-10-18 19:00:00,15991.98579551397,16109.323905425179,0.0,628589.3611903683
2025-10-18 20:00:00,16518.879093963144,16089.312385789879,0.0,626324.3634717547
2025-10-18 21:00:00,15549.996480553214,16068.497287445984,0.0,625115.0868919194
2025-10-18 22:00:00,13209.072350502467,16054.38924212294,0.0,626492.7290779284
2025-10-18 23:00:00,11424.771481220865,16048.174469174426,0.0,629846.7130124129
2025-10-19 00:00:00,19936.519999999997,16051.215514917147,0.0,623746.2396384412
2025-10-19 01:00:00,16295.159186333862,16061.953715600834,0.0,621702.4609247822
2025-10-19 02:00:00,11134.208081868826,16074.692207815891,0.0,625405.8108194105
2025-10-19 03:00:00,16160.622785034564,16089.461408889081,0.0,623539.0246893724
2025-10-19 04:00:00,19839.903273715063,16107.70580288368,0.0,617602.3935214615
2025-10-19 05:00:00,17742.358926505825,16127.772108729368,0.0,614016.4334896288
2025-10-19 06:00:00,20506.237078970767,16149.695670240093,0.0,607381.4212943458
2025-10-19 07:00:00,12313.802784740332,16176.974075991726,0.0,609876.3922761817
2025-10-19 08:00:00,13900.411108139768,16201.565009905675,0.0,610633.056054821
2025-10-19 09:00:00,5593.137879878689,16226.064959726986,0.0,620644.5233702384
2025-10-19 10:00:00,5152.1112519152475,16247.360530842028,0.0,631167.3158433967
2025-10-19 11:00:00,4928.176277277453,16266.660661695265,0.0,641958.2250858948
2025-10-19 12:00:00,4938.03239546405,16284.797294665312,0.0,652756.3197189334
2025-10-19 13:00:00,4841.849478229782,16303.35509468541,0.0,663679.8420600301
2025-10-19 14:00:00,5060.988699935768,16322.147760354836,0.0,674378.6690426787
2025-10-19 15:00:00,19669.56057304047,16339.713202908542,0.0,668863.3149422088
2025-10-19 16:00:00,16674.019634710734,16356.237240781978,0.0,666692.8636999789
2025-10-19 17:00:00,16815.97236541847,16371.124812457982,0.0,664379.5747730831
2025-10-19 18:00:00,22936.052196484918,16384.7601645202,0.0,655279.8324970644
2025-10-19 19:00:00,16412.804551170982,16399.310046438233,0.0,653442.6930422015
2025-10-19 20:00:00,22568.254202928132,16411.35881712891,0.0,644778.2138560769
2025-10-19 21:00:00,22172.99035717826,16422.921059530578,0.0,636564.4789631872
2025-10-19 22:00:00,20530.756858580862,16434.30040635205,0.0,630186.8273044495
2025-10-19 23:00:00,18215.49760487143,16445.56432935776,0.0,626392.9498506167
2025-10-20 00:00:00,14568.12667134188,16456.485562021477,0.0,626662.6280000361
2025-10-20 01:00:00,14441.527495396844,16466.80481686541,0.0,627083.2911553496
2025-10-20 02:00:00,14437.779281724364,16476.294098008704,0.0,627517.6082736645
2025-10-20 03:00:00,15944.457236102717,16484.817288525464,0.0,626286.3619665202
2025-10-20 04:00:00,17945.083110593703,16491.318296995654,0.0,622838.6990295231
2025-10-20 05:00:00,16909.893213775413,16493.837947142616,0.0,620543.7667391375
2025-10-20 06:00:00,17134.255900405024,16489.49568035373,0.0,617995.2003079299
2025-10-20 07:00:00,16952.864676276346,16473.98759605243,0.0,615632.6715970087
2025-10-20 08:00:00,16803.670052397832,16470.614709150304,0.0,613432.5418034947
2025-10-20 09:00:00,16459.64297685158,16459.062956686725,0.0,611603.1125636797
2025-10-20 10:00:00,16722.035710870765,16452.35092088472,0.0,609475.4238058191
2025-10-20 11:00:00,10202.527008502988,16444.38561303124,0.0,614583.6682982915
2025-10-20 12:00:00,8904.331168011766,16436.328206301274,0.0,621126.2952068018
2025-10-20 13:00:00,16524.7014674649,16426.50578749781,0.0,619192.0215860055
2025-10-20 14:00:00,16641.61769193168,16419.586347604232,0.0,617120.921609241
2025-10-20 15:00:00,16640.085983855606,16413.61745985605,0.0,615045.5546425908
2025-10-20 16:00:00,16733.412781766274,16411.37833270426,0.0,612864.2521066659
2025-10-20 17:00:00,16852.40377121806,16411.76658617841,0.0,610551.125613713
2025-10-20 18:00:00,16592.983733649507,16412.51245848903,0.0,608526.9894792582
2025-10-20 19:00:00,16540.747443091102,16412.710168829995,0.0,606561.0913779871
2025-10-20 20:00:00,16203.005870025128,16414.289137860273,0.0,604972.040660264
2025-10-20 21:00:00,15666.43547683709,16419.078744905673,0.0,603983.9688753505
2025-10-20 22:00:00,15559.900410801049,16425.350196802916,0.0,603120.54083793
2025-10-20 23:00:00,15278.524642191685,16430.993767500593,0.0,602575.3961141066
2025-10-21 00:00:00,13621.187313756116,16436.864422204606,0.0,603877.607965471
2025-10-21 01:00:00,10944.459687560542,16443.01237425464,0.0,608160.1095757695
2025-10-21 02:00:00,10417.329742420523,16449.492528220693,0.0,613034.7912790786
2025-10-21 03:00:00,13845.298447008614,16455.284973457463,0.0,614106.4113114153
2025-10-21 04:00:00,15791.93525822492,16459.94640363472,0.0,613019.762983689
2025-10-21 05:00:00,16805.74629612825,16464.449424446506,0.0,610811.1609679929
2025-10-21 06:00:00,17003.666255481272,16469.54629129978,0.0,608387.7447532025
2025-10-21 07:00:00,16858.78508462167,16475.06388769432,0.0,606130.8252135394
2025-10-21 08:00:00,16187.734174633773,16481.57811922238,0.0,604626.032027613
2025-10-21 09:00:00,7417.662268362189,16487.786739656214,0.0,612871.9718024225
2025-10-21 10:00:00,8098.948715832778,16493.969286229036,0.0,620367.1091821706
2025-10-21 11:00:00,5923.897169244866,16499.104466619512,0.0,630284.1056829626
2025-10-21 12:00:00,6031.0051981332335,16504.43293512557,0.0,640087.4217312733
2025-10-21 13:00:00,6254.160433909948,16509.459231477264,0.0,649647.8138139618
2025-10-21 14:00:00,6291.619866037815,16513.52328695047,0.0,659170.6483608702
2025-10-21 15:00:00,16993.449425225426,16518.39266138355,0.0,656807.4305497811
2025-10-21 16:00:00,17007.039091105376,16523.977208040746,0.0,654434.6976565936
2025-10-21 17:00:00,16890.774855913874,16528.170343271275,0.0,652195.3403821827
2025-10-21 18:00:00,16663.15128905409,16530.728190255024,0.0,650211.4560290445
2025-10-21 19:00:00,16406.14049030666,16534.137994292378,0.0,648516.549034107
2025-10-21 20:00:00,15967.82665284343,16535.437189921035,0.0,647309.9566097576
2025-10-21 21:00:00,15032.44278849271,16535.234547218646,0.0,647142.4769475401
2025-10-21 22:00:00,11092.23735985365,16536.976617995773,0.0,651354.7453879208
2025-10-21 23:00:00,10745.240001216229,16538.429871870703,0.0,655954.0197028844
2025-10-22 00:00:00,14561.798559130257,16541.432568790166,0.0,656315.6760948631
2025-10-22 01:00:00,14400.670505392889,16547.1936974149,0.0,656862.124786286
2025-10-22 02:00:00,14403.438997147981,16554.46737042015,0.0,657412.771048764
2025-10-22 03:00:00,14739.335760527505,16563.368157150235,0.0,657599.0994719947
2025-10-22 04:00:00,16069.294557005229,16571.92816652364,0.0,656316.2559085125
2025-10-22 05:00:00,18701.2712581062,16577.301147232174,0.0,652114.3667689599
2025-10-22 06:00:00,18971.139578974613,16579.446661987968,0.0,647614.7694543095
2025-10-22 07:00:00,18966.05927237327,16574.945829384866,0.0,643116.3160921686
2025-10-22 08:00:00,18498.274289489855,16563.44500673727,0.0,639126.122999472
2025-10-22 09:00:00,17834.596757091498,16541.95030538392,0.0,635851.8546858652
2025-10-22 10:00:00,18918.01331549551,16512.565020889386,0.0,631344.4049117597
2025-10-22 11:00:00,17150.944189082864,16474.639611480412,0.0,628762.4398687036
2025-10-22 12:00:00,16897.834732221738,16432.625591260155,0.0,626419.6935352728
2025-10-22 13:00:00,17091.46901084709,16380.179849370255,0.0,623809.3522614797
2025-10-22 14:00:00,18151.58145836769,16328.696225191996,0.0,619969.624644041
2025-10-22 15:00:00,19658.498149986393,16288.778087040237,0.0,614415.6270088741
2025-10-22 16:00:00,20613.91792629258,16254.148936141157,0.0,607765.4226935791
2025-10-22 17:00:00,19764.819268310584,16231.402282742087,0.0,602035.9146781983
2025-10-22 18:00:00,18650.784781082926,16220.762730090126,0.0,597533.5832070851
2025-10-22 19:00:00,19962.863370338302,16215.490916720848,0.0,591568.1148234301
2025-10-22 20:00:00,18010.34365800166,16214.667454060585,0.0,587771.2893241554
2025-10-22 21:00:00,16721.166095247405,16211.701912349688,0.0,585403.9177973414
2025-10-22 22:00:00,16438.645792821873,16204.088596828844,0.0,583342.844402146
2025-10-22 23:00:00,16858.229669546643,16197.467145594985,0.0,580808.9452482447
2025-10-23 00:00:00,17187.842735427137,16191.899181856861,0.0,577903.2413907379
2025-10-23 01:00:00,21282.37681135315,16189.724592620982,0.0,570445.880637411
2025-10-23 02:00:00,18090.70786698077,16191.291063543298,0.0,566536.3851820868
2025-10-23 03:00:00,21521.479146525136,16195.661393703935,0.0,558819.2919685406
2025-10-23 04:00:00,22257.495039443973,16202.153866246088,0.0,550290.89579096
2025-10-23 05:00:00,23678.875450068794,16209.632347480441,0.0,540190.666527253
2025-10-23 06:00:00,23911.92675972539,16217.735724267937,0.0,529839.594740715
2025-10-23 07:00:00,23878.513795439467,16225.794161343052,0.0,519533.7069071253
2025-10-23 08:00:00,22533.83854253713,16233.358897850596,0.0,510729.4674243791
2025-10-23 09:00:00,14754.902557912133,16239.678027565853,0.0,510574.80927648704
2025-10-23 10:00:00,22150.566649855064,16245.094053724053,0.0,502208.16260814987
2025-10-23 11:00:00,21644.858494887998,16250.04685728462,0.0,494408.36669333675
2025-10-23 12:00:00,15401.742266047095,16253.972353188849,0.0,493549.29208425106
2025-10-23 13:00:00,17564.73222847303,16258.507516367245,0.0,490291.4304578704
2025-10-23 14:00:00,20985.286407976568,16263.676761872006,0.0,483238.1223219907
2025-10-23 15:00:00,22004.83298410233,16268.992123969365,0.0,475057.30001917976
2025-10-23 16:00:00,22411.525001525282,16274.743216396302,0.0,466430.3487894368
2025-10-23 17:00:00,22076.565399284,16281.609046359354,0.0,458182.4407254806
2025-10-23 18:00:00,21134.178898988106,16288.953033237327,0.0,450988.9727598423
2025-10-23 19:00:00,20128.163606579066,16295.408689699198,0.0,444919.75522000913
2025-10-23 20:00:00,15071.690252861528,16303.335941243298,0.0,444476.76865807304
2025-10-23 21:00:00,11556.61513222073,16312.024639203491,0.0,447948.10981703125
2025-10-23 22:00:00,10319.152110701925,16320.396673767696,0.0,452802.78192335233
2025-10-23 23:00:00,7693.388955351134,16330.68489144558,0.0,460585.25686440774
2025-10-24 00:00:00,7246.03,16344.210921688518,0.0,468878.3233416518
2025-10-24 01:00:00,7246.03,16360.679220932538,0.0,477187.85811813996
2025-10-24 02:00:00,7246.03,16379.129567538477,0.0,485515.84324123396
2025-10-24 03:00:00,7246.03,16399.624046830813,0.0,493864.32284362026
2025-10-24 04:00:00,5706.7545753112845,16424.309591152927,0.0,503947.79401776067
2025-10-24 05:00:00,11491.553257278418,16450.29695506113,0.0,507629.69846473477
2025-10-24 06:00:00,18630.14562448966,16476.735993508213,0.0,503406.2726532545
2025-10-24 07:00:00,17807.104997835075,16504.925464057615,0.0,500125.52589749533
2025-10-24 08:00:00,9884.175909025631,16534.364732563114,0.0,505677.4729533632
2025-10-24 09:00:00,12245.869910810696,16563.742627760545,0.0,508634.6934580009
2025-10-24 10:00:00,12297.069336413584,16592.281943356615,0.0,511563.5650275646
2025-10-24 11:00:00,12335.360068336133,16619.896672621326,0.0,514477.5060687013
2025-10-24 12:00:00,11547.415645597626,16645.710775527543,0.0,518292.7550157864
2025-10-24 13:00:00,12724.489487597997,16672.989558670564,0.0,520827.42292157025
2025-10-24 14:00:00,12796.161672488408,16705.31630511303,0.0,523314.78181280737
2025-10-24 15:00:00,12775.262219174569,16739.531931589307,0.0,525859.5779453138
2025-10-24 16:00:00,16236.699501144118,16776.510848254857,0.0,524595.3115700751
2025-10-24 17:00:00,19661.971647797247,16813.484025519436,0.0,519562.1604313755
2025-10-24 18:00:00,17441.659273160105,16848.75735379292,0.0,517031.296370546
2025-10-24 19:00:00,14142.033273289326,16882.47899296062,0.0,518200.4050598519
2025-10-24 20:00:00,9634.270924927012,16916.440182685423,0.0,524412.0997703961
2025-10-24 21:00:00,9575.16392730199,16945.67599624881,0.0,530718.7047363094
2025-10-24 22:00:00,8672.616130325468,16968.904688581202,0.0,538051.3692800845
2025-10-24 23:00:00,11249.781289544022,16988.173049924477,0.0,542539.7853416266
2025-10-25 00:00:00,7717.808360925435,17004.215718790416,0.0,550968.6584371667
2025-10-25 01:00:00,5558.651220384142,17017.1792988668,0.0,561809.5586022733
2025-10-25 02:00:00,4136.841656777963,17027.370552963985,0.0,574240.438425484
2025-10-25 03:00:00,4222.736602730008,17035.480114410304,0.0,586583.9889813054
2025-10-25 04:00:00,6503.373625804023,17042.420647595573,0.0,596400.4389335632
2025-10-25 05:00:00,4611.860195828803,17048.231255527397,0.0,608324.3810826142
2025-10-25 06:00:00,12036.192372431768,17052.782213689923,0.0,612003.6162158243
2025-10-25 07:00:00,12494.264568237986,17057.458706241046,0.0,615178.5587351343
2025-10-25 08:00:00,11221.60355190454,17060.950570557205,0.0,619771.0609146864
2025-10-25 09:00:00,7381.446814264418,17061.455888573255,0.0,628630.9092318548
2025-10-25 10:00:00,8621.024597414369,17057.796326213527,0.0,636109.789338719
2025-10-25 11:00:00,5302.024135997638,17054.59916789864,0.0,647273.2505777314
2025-10-25 12:00:00,5168.839572645241,17051.00045303993,0.0,658581.0959500544
2025-10-25 13:00:00,7406.342063591054,17046.000729751348,0.0,667397.8277202601
2025-10-25 14:00:00,7726.922605794312,17039.947897694856,0.0,675852.3060559613
2025-10-25 15:00:00,12664.979336397366,17032.928256367482,0.0,678813.035049665
2025-10-25 16:00:00,8792.081208816837,17025.96636223432,0.0,686070.0222909917
2025-10-25 17:00:00,22217.5329435203,17020.420803168177,0.0,678404.2953791374
2025-10-25 18:00:00,12771.19605652222,17016.04441317182,0.0,681230.121951729
2025-10-25 19:00:00,21310.249236576237,17011.358705221173,0.0,674563.4259496432
2025-10-25 20:00:00,19695.14750996765,17005.509178397155,0.0,669685.437894743
2025-10-25 21:00:00,5838.029014979454,16998.158301925345,0.0,680196.8972911356
2025-10-25 22:00:00,5788.778961768312,16989.566039403697,0.0,690754.4867063524
2025-10-25 23:00:00,10885.809324541086,16981.085504476556,0.0,695640.2285168943
2025-10-26 00:00:00,9121.899183427275,16971.98713324489,0.0,702476.7721129978
2025-10-26 01:00:00,4229.608860065509,16961.559823599768,0.0,714738.7665365249
2025-10-26 02:00:00,4219.659983896789,16952.698014501166,0.0,727002.9534578073
2025-10-26 03:00:00,9239.115770556447,16944.465839053082,0.0,733681.7351073534
2025-10-26 04:00:00,9685.61245958622,16935.351270257073,0.0,739855.2947558479
2025-10-26 05:00:00,6885.738084612114,16925.85081711101,0.0,749130.3254789455
2025-10-26 06:00:00,11713.05067304237,16916.08168844679,0.0,753031.9064195674
2025-10-26 07:00:00,5712.877564643569,16901.786349546353,0.0,763586.0510306209
2025-10-26 08:00:00,12609.557081467592,16888.354919899393,0.0,766463.7869711119
2025-10-26 09:00:00,12690.937850042279,16876.446659246627,0.0,769239.191574756
2025-10-26 10:00:00,6080.683242226191,16868.68825751612,0.0,779351.5651186875
2025-10-26 11:00:00,5978.744750657072,16862.57289269255,0.0,789571.0882884277
2025-10-26 12:00:00,8077.495377932771,16858.815654561775,0.0,797454.9090786198
2025-10-26 13:00:00,6080.411335647012,16857.176797698885,0.0,807556.0732811553
2025-10-26 14:00:00,13053.282619612488,16856.14847702704,0.0,809908.5744030575
2025-10-26 15:00:00,13280.043400107763,16855.481682059282,0.0,812008.4523072192
2025-10-26 16:00:00,14020.157390690187,16854.549699482737,0.0,813285.0493503796
2025-10-26 17:00:00,13136.63467951947,16853.793270210743,0.0,815542.5818655688
2025-10-26 18:00:00,13970.6247196371,16852.423613704508,0.0,816872.0891241208
2025-10-26 19:00:00,9499.505884973496,16850.478657191223,0.0,823167.5612424526
2025-10-26 20:00:00,11602.980384380258,16850.998969396795,0.0,827126.35978476
2025-10-26 21:00:00,13032.742589548856,16851.69566304206,0.0,829497.2303483036
2025-10-26 22:00:00,12637.70465044304,16851.913012681634,0.0,832307.2493049374
2025-10-26 23:00:00,11706.143161508335,16851.46998249095,0.0,836151.8935524191
2025-10-27 00:00:00,5382.4717489625655,16851.099228328578,0.0,847022.4686152335
2025-10-27 01:00:00,4877.356231011291,16851.29945705307,0.0,858454.483371163
2025-10-27 02:00:00,4850.485860747289,16852.11272983987,0.0,869917.1673668395
2025-10-27 03:00:00,11802.316438153597,16853.00408481718,0.0,873656.4865203747
2025-10-27 04:00:00,10661.412806939188,16853.702279037516,0.0,878664.1745694798
2025-10-27 05:00:00,7140.4547541333495,16853.69248147622,0.0,887584.0284352524
2025-10-27 06:00:00,16891.620301544408,16852.76088374389,0.0,885668.3223172803
2025-10-27 07:00:00,21049.081938328447,16851.18838970841,0.0,879131.6418866237
2025-10-27 08:00:00,17479.876795052412,16849.364437479057,0.0,876558.9209962668
2025-10-27 09:00:00,23655.141922640614,16848.457724597643,0.0,867123.8876957082
2025-10-27 10:00:00,21709.587701045963,16848.535594602366,0.0,859850.6591780373
2025-10-27 11:00:00,19493.342354757813,16849.55891298165,0.0,855040.9488079547
2025-10-27 12:00:00,13090.805854859867,16850.576502982163,0.0,857346.1854722037
2025-10-27 13:00:00,13421.505692235722,16851.340063538628,0.0,859284.7414332583
2025-10-27 14:00:00,15883.486259113208,16851.44877921979,0.0,858487.8721467967
2025-10-27 15:00:00,23977.502708915454,16850.741618090073,0.0,848696.9440883141
2025-10-27 16:00:00,22332.557847063978,16848.991472179525,0.0,840731.9823970891
2025-10-27 17:00:00,24083.17551514253,16846.535268727777,0.0,830819.433760103
2025-10-27 18:00:00,24039.90453031267,16843.734650531544,0.0,820952.1633769539
2025-10-27 19:00:00,23666.64482924601,16840.060514247147,0.0,811495.9518587054
2025-10-27 20:00:00,23351.953734456118,16835.908421293556,0.0,802385.2450194923
2025-10-27 21:00:00,18806.280344695617,16830.9370304223,0.0,798320.3150002527
2025-10-27 22:00:00,19893.184625417376,16825.062167493074,0.0,793041.8386950598
2025-10-27 23:00:00,10581.613252283601,16819.11327329691,0.0,798103.6039102637
2025-10-28 00:00:00,11075.306248949564,16813.633878693847,0.0,802611.3419567914
2025-10-28 01:00:00,6896.344635878173,16807.41806810138,0.0,811756.1548739172
2025-10-28 02:00:00,5836.870614423042,16801.345751579738,0.0,822072.0888316934
2025-10-28 03:00:00,6305.113764358519,16796.064637321273,0.0,831862.4715086165
2025-10-28 04:00:00,11524.74171866928,16791.411023364006,0.0,835848.6139556813
2025-10-28 05:00:00,20771.499051879688,16786.962468771682,0.0,829556.1330334755
2025-10-28 06:00:00,22062.907599064485,16782.397097256828,0.0,821824.188353994
2025-10-28 07:00:00,22331.10126268335,16777.112770914395,0.0,813788.9663885935
2025-10-28 08:00:00,23168.471312943853,16771.604588035632,0.0,804817.8250733583
2025-10-28 09:00:00,19968.88015400075,16765.96085843443,0.0,799396.1413162362
2025-10-28 10:00:00,10333.864688483332,16759.695631693136,0.0,804673.7650718369
2025-10-28 11:00:00,9949.590408808483,16753.893563166035,0.0,810372.5581807713
2025-10-28 12:00:00,13006.733828236636,16747.87679938832,0.0,812668.5085043411
2025-10-28 13:00:00,12895.910455182162,16741.09862139765,0.0,815080.817731092
2025-10-28 14:00:00,13217.131987371355,16734.701448450433,0.0,817129.816971352
2025-10-28 15:00:00,13616.818776627177,16726.365341194305,0.0,818726.3836718495
2025-10-28 16:00:00,24974.737841670016,16717.264151463787,0.0,807693.9391103465
2025-10-28 17:00:00,25003.875087149605,16708.05054611142,0.0,796619.9062262918
2025-10-28 18:00:00,24317.027462335784,16698.78776112298,0.0,786299.7745848194
2025-10-28 19:00:00,24873.797644170136,16686.64164280699,0.0,775348.8632896596
2025-10-28 20:00:00,20812.958911430527,16674.212722392884,0.0,768897.5661104631
2025-10-28 21:00:00,22333.713156309346,16662.715945154,0.0,760745.0452152734
2025-10-28 22:00:00,14011.756805141911,16646.860237074874,0.0,761823.2867799684
2025-10-28 23:00:00,7782.337946089606,16630.727191939448,0.0,769806.971809586
2025-10-29 00:00:00,11748.537195749352,16613.467071765754,0.0,773366.5086638523
2025-10-29 01:00:00,11957.138989329073,16594.677200963037,0.0,776675.4758766722
2025-10-29 02:00:00,14651.622714694451,16576.33407653131,0.0,776972.2291590985
2025-10-29 03:00:00,21732.516053443498,16559.067531633085,0.0,769384.0566313498
2025-10-29 04:00:00,20906.343558419863,16542.401597991662,0.0,762697.187608875
2025-10-29 05:00:00,22282.550387220366,16528.391134034675,0.0,754467.1894237759
2025-10-29 06:00:00,24820.019999999997,16515.907515472052,0.0,743405.296939248
2025-10-29 07:00:00,24911.019999999997,16499.832097299583,0.0,732226.2179254366
2025-10-29 08:00:00,24820.019999999997,16483.62069332333,0.0,721132.0386187598
2025-10-29 09:00:00,24625.80249340518,16470.219451112156,0.0,710240.2552994218
2025-10-29 10:00:00,23202.684698527268,16457.581079776137,0.0,700917.0756030567
2025-10-29 11:00:00,18650.72048876067,16444.20861999082,0.0,696638.2614577578
2025-10-29 12:00:00,17378.793900007182,16428.632278306093,0.0,693757.1227360559
2025-10-29 13:00:00,23885.442498680888,16412.856747403766,0.0,683630.5989293698
2025-10-29 14:00:00,24587.89696069649,16395.16798502337,0.0,672705.8814025082
2025-10-29 15:00:00,24820.019999999997,16375.255500564042,0.0,661503.3369030722
2025-10-29 16:00:00,24820.019999999997,16356.208586663686,0.0,650281.745489736
2025-10-29 17:00:00,24911.019999999997,16337.408875727826,0.0,638940.2432543525
2025-10-29 18:00:00,24911.019999999997,16318.46857177003,0.0,627579.8007150114
2025-10-29 19:00:00,24860.667835249747,16296.042793594434,0.0,616252.8792472173
2025-10-29 20:00:00,24786.905718093243,16277.256366034035,0.0,604989.1292598144
2025-10-29 21:00:00,24354.15652044965,16260.737023465414,0.0,594189.6923716691
2025-10-29 22:00:00,23794.624322711643,16246.989459824785,0.0,583998.2103618142
2025-10-29 23:00:00,22143.499195582594,16234.441025878656,0.0,575628.7633926012
2025-10-30 00:00:00,16481.07819159683,16222.111544291212,0.0,573538.5658351181
2025-10-30 01:00:00,16308.341043763248,16209.669281900306,0.0,571627.8561795036
2025-10-30 02:00:00,14335.311817785005,16197.457782196432,0.0,571897.1897197168
2025-10-30 03:00:00,8597.635909904311,16185.145461733167,0.0,578529.4063926673
2025-10-30 04:00:00,8971.988212166758,16172.90453144769,0.0,584733.4351328186
2025-10-30 05:00:00,14027.431080247283,16160.99139022937,0.0,585308.3919894401
2025-10-30 06:00:00,18792.46661575851,16149.415081625035,0.0,580577.2886091111
2025-10-30 07:00:00,18944.610874113725,16135.97386642819,0.0,575663.6948376352
2025-10-30 08:00:00,13523.872408367515,16122.045859036394,0.0,576759.2157984854
2025-10-30 09:00:00,9791.837920899467,16108.839177915894,0.0,581988.2350642908
2025-10-30 10:00:00,8764.763841793625,16096.03748915672,0.0,588345.6460625659
2025-10-30 11:00:00,7288.8671135398135,16083.689761520307,0.0,596330.5945868196
2025-10-30 12:00:00,7154.566566800569,16071.966944519063,0.0,604453.0431237825
2025-10-30 13:00:00,7135.6540388515,16060.461334154936,0.0,612584.9999703248
2025-10-30 14:00:00,9324.439032665421,16049.450498361226,0.0,618273.9626546132
2025-10-30 15:00:00,16978.583184002284,16039.154685702806,0.0,615448.0249136469
2025-10-30 16:00:00,18912.692082410984,16029.596344195661,0.0,610463.5189440525
2025-10-30 17:00:00,18918.389496885295,16019.606484479855,0.0,605462.6926542153
2025-10-30 18:00:00,18929.84174907666,16009.53207780135,0.0,600439.0672330427
2025-10-30 19:00:00,17407.298690511692,15999.898230776796,0.0,597097.5224743619
2025-10-30 20:00:00,14933.946335081018,15988.861061369906,0.0,596493.1098300862
2025-10-30 21:00:00,14573.44893921517,15976.97359891037,0.0,596277.3623854243
2025-10-30 22:00:00,14012.910239899753,15965.315315474829,0.0,596672.7774343438
2025-10-30 23:00:00,13511.459516838953,15951.787514283827,0.0,597611.8321521399
2025-10-31 00:00:00,13203.816278797276,15934.775636286891,0.0,598875.7008119853
2025-10-31 01:00:00,12999.647655168876,15915.068405177723,0.0,600346.7162669755
2025-10-31 02:00:00,12849.939696057729,15893.63888333441,0.0,601962.6443769123
2025-10-31 03:00:00,12838.688696132474,15870.24603019868,0.0,603567.6807447416
2025-10-31 04:00:00,12990.07898653757,15842.690008852254,0.0,604976.949657441
2025-10-31 05:00:00,13892.489706319302,15813.677655914089,0.0,605354.5276396669
2025-10-31 06:00:00,15081.033943608043,15784.399816718787,0.0,604382.2230745989
2025-10-31 07:00:00,16004.137822125456,15753.304913177933,0.0,602353.1526298597
2025-10-31 08:00:00,15674.804887743878,15720.949002034205,0.0,600657.6517566231
2025-10-31 09:00:00,15773.737564889696,15688.333438698437,0.0,598819.6101232219
2025-10-31 10:00:00,14775.120944860184,15656.238309359724,0.0,598059.0473827368
2025-10-31 11:00:00,12379.138745525408,15624.557741275778,0.0,599929.0065178733
2025-10-31 12:00:00,11252.313080795513,15594.463528709435,0.0,603020.8999568099
2025-10-31 13:00:00,12771.010635518596,15562.989409488107,0.0,604393.8775490553
2025-10-31 14:00:00,15292.247364370742,15526.526033633365,0.0,602929.0176222767
2025-10-31 15:00:00,16690.07340746785,15488.324716639989,0.0,599872.816330619
2025-10-31 16:00:00,16623.391825323568,15447.728180988996,0.0,596850.1091501374
2025-10-31 17:00:00,16801.868739625817,15407.13413211527,0.0,593588.500238224
2025-10-31 18:00:00,17142.83359468909,15368.148336207903,0.0,589909.0556914441
2025-10-31 19:00:00,16773.400608619,15330.565131906173,0.0,586602.5090359957
2025-10-31 20:00:00,15724.943477107932,15292.776991737785,0.0,584423.1266087248
2025-10-31 21:00:00,13083.233599254487,15259.747339974108,0.0,585145.947727305
2025-10-31 22:00:00,11252.2323413421,15232.715687191372,0.0,587876.1830352272
2025-10-31 23:00:00,10714.586096000876,15209.462345725195,0.0,591180.5497187292
2025-11-01 00:00:00,4302.480870769516,15189.396051804055,0.0,601589.4114696784
2025-11-01 01:00:00,4065.7347728530513,15172.74100760689,0.0,612244.6693963375
2025-11-01 02:00:00,4027.7081539271294,15159.865488353815,0.0,622929.30360255
2025-11-01 03:00:00,3931.736544363004,15148.717928926824,0.0,633709.4253710734
2025-11-01 04:00:00,3868.2792860613736,15138.028201148927,0.0,644549.3654765985
2025-11-01 05:00:00,3942.1965537745837,15128.92805670418,0.0,655298.0751402198
2025-11-01 06:00:00,4191.307416228028,15118.41192535364,0.0,665759.47882532
2025-11-01 07:00:00,4364.774233766668,15104.800306730449,0.0,676014.529983421
2025-11-01 08:00:00,4677.272398374902,15090.954800959535,0.0,685908.5154528527
2025-11-01 09:00:00,4721.452281561573,15080.624813714194,0.0,695743.082175943
2025-11-01 10:00:00,4690.669247858594,15072.436461347887,0.0,705603.663917448
2025-11-01 11:00:00,4506.457523175515,15068.49180202164,0.0,715664.9806937191
2025-11-01 12:00:00,4368.143019369447,15072.158077538103,0.0,725883.6465275135
2025-11-01 13:00:00,4362.845054180534,15078.731565481494,0.0,736114.7724772388
2025-11-01 14:00:00,4262.3589474667915,15094.638009378637,0.0,746473.4561005433
2025-11-01 15:00:00,4466.432964190395,15116.221268916295,0.0,756626.9740759147
2025-11-01 16:00:00,4579.716170350233,15141.257562522405,0.0,766679.6581158257
2025-11-01 17:00:00,5120.094739178305,15169.929611584263,0.0,776160.5935727675
2025-11-01 18:00:00,4812.21061137444,15192.231703930333,0.0,786005.9245973928
2025-11-01 19:00:00,4108.517475544451,15200.842800570488,0.0,796641.7479806916
2025-11-01 20:00:00,3819.430078544301,15207.974557918678,0.0,807605.9113402278
2025-11-01 21:00:00,3727.92670483005,15210.73721484596,0.0,818674.5077719293
2025-11-01 22:00:00,3753.990926536817,15211.813586603395,0.0,829715.2203290473
2025-11-01 23:00:00,3484.3140315358396,15211.323987483602,0.0,841055.0842814911
2025-11-02 00:00:00,3451.7532816726143,15209.535965151967,0.0,852429.3388225624
2025-11-02 01:00:00,3711.320354591062,15206.47483658016,0.0,863512.1243762637
2025-11-02 02:00:00,4123.69901729791,15201.536792869852,0.0,874131.7733721358
2025-11-02 03:00:00,4327.13192035347,15196.582622184178,0.0,884520.4316383717
2025-11-02 04:00:00,3815.0827172361614,15191.733261464942,0.0,895473.1841029074
2025-11-02 05:00:00,4063.850860595331,15187.020510015082,0.0,906144.8147678167
2025-11-02 06:00:00,4313.33410674984,15181.917702893492,0.0,916534.1390187658
2025-11-02 07:00:00,4811.578899410695,15176.626028731593,0.0,926364.5662703746
2025-11-02 08:00:00,5015.711381057472,15171.908779364012,0.0,935963.462404119
2025-11-02 09:00:00,5293.985371281684,15165.371032860197,0.0,945246.6274688885
2025-11-02 10:00:00,5212.737479339721,15157.645967865128,0.0,954612.342904154
2025-11-02 11:00:00,5206.031318146997,15149.210998547695,0.0,963977.0746603161
2025-11-02 12:00:00,5317.916633549279,15138.569403084242,0.0,973206.8478039011
2025-11-02 13:00:00,5415.562212286928,15125.210649838575,0.0,982314.7671067542
2025-11-02 14:00:00,5473.2128319480835,15111.749002566208,0.0,991345.1685182669
2025-11-02 15:00:00,6228.186537351185,15099.71687889243,0.0,999524.6781334359
2025-11-02 16:00:00,8834.481700183998,15089.109159320948,0.0,1004797.6965147747
2025-11-02 17:00:00,13306.338445175457,15079.608087635455,0.0,1005092.4841077706
2025-11-02 18:00:00,11356.891635248863,15071.583711089625,0.0,1007545.2993352503
2025-11-02 19:00:00,11174.001431413804,15063.466542428072,0.0,1010193.2087316632
2025-11-02 20:00:00,6351.74527603142,15055.760826846985,0.0,1018191.4748073642
2025-11-02 21:00:00,6110.134358699286,15049.04098957585,0.0,1026451.4776206075
2025-11-02 22:00:00,5566.070475817535,15043.415939172079,0.0,1035310.3708088711
2025-11-02 23:00:00,4855.302464682188,15038.614406415812,0.0,1044954.2046989735
2025-11-03 00:00:00,4308.322307892615,15033.440924217915,0.0,1055200.620836644
2025-11-03 01:00:00,4276.596766375726,15028.476332032491,0.0,1065477.3229838146
2025-11-03 02:00:00,4031.174308353249,15022.726507405338,0.0,1076020.9669263829
2025-11-03 03:00:00,4004.0368376118913,15017.068857139218,0.0,1086589.1059639533
2025-11-03 04:00:00,4329.927395747629,15011.286367792172,0.0,1096789.3618920262
2025-11-03 05:00:00,5964.921946289517,15005.29747345195,0.0,1105166.968314045
2025-11-03 06:00:00,8526.740152390055,14999.987200235355,0.0,1110692.7997894026
2025-11-03 07:00:00,8410.776494398173,14994.11023848371,0.0,1116341.6028118883
2025-11-03 08:00:00,7320.731475868433,14987.50815413317,0.0,1123194.9648817235
2025-11-03 09:00:00,6144.946350852762,14980.084126778673,0.0,1131347.330840888
2025-11-03 10:00:00,5635.617132478237,14971.888463912079,0.0,1140057.4224909355
2025-11-03 11:00:00,5080.425802821001,14962.935356020884,0.0,1149375.4402882664
2025-11-03 12:00:00,4912.796061676188,14953.562926101138,0.0,1158870.340923616
2025-11-03 13:00:00,5221.746298150629,14944.266205531083,0.0,1168012.6667978687
2025-11-03 14:00:00,5728.110992240838,14936.140073904662,0.0,1176584.239102617
2025-11-03 15:00:00,6526.755548685332,14930.89555191581,0.0,1184263.1840448824
2025-11-03 16:00:00,7421.704042003676,14927.72242214364,0.0,1190944.5686425776
2025-11-03 17:00:00,7097.864236540883,14929.986333402207,0.0,1197988.039157601
2025-11-03 18:00:00,6966.216940490555,14932.991300841604,0.0,1205180.789413453
2025-11-03 19:00:00,5994.433446820664,14933.391113130796,0.0,1213453.698919005
2025-11-03 20:00:00,4994.839039525961,14933.99980538799,0.0,1222837.8775693644
2025-11-03 21:00:00,4236.697058880897,14933.165344132985,0.0,1233063.601736963
2025-11-03 22:00:00,3573.2890167759797,14932.186740648918,0.0,1244025.4673478608
2025-11-03 23:00:00,3281.025648095313,14931.890634041794,0.0,1255311.7739284635
2025-11-04 00:00:00,3008.6257295832493,14935.328896139665,0.0,1266904.1853472884
2025-11-04 01:00:00,2768.9263802132873,14945.980622024961,0.0,1278773.5811024096
2025-11-04 02:00:00,2521.976006769629,14960.710209760178,0.0,1290932.0957490925
2025-11-04 03:00:00,2263.211329950067,14987.458855317174,0.0,1303404.8753489095
2025-11-04 04:00:00,2267.985083799259,15030.23517532057,0.0,1315915.1270977864
2025-11-04 05:00:00,3568.4773557123144,15080.159154949875,0.0,1327030.3114130562
2025-11-04 06:00:00,4654.006680517056,15124.975325883646,0.0,1336984.168205032
2025-11-04 07:00:00,4622.595211876255,15172.183588633554,0.0,1347020.1348915806
2025-11-04 08:00:00,4617.782475940362,15229.343102067709,0.0,1357118.608575937
2025-11-04 09:00:00,3942.684579472165,15287.560874440578,0.0,1368025.4088065196
2025-11-04 10:00:00,3837.349780992954,15321.824005159007,0.0,1379083.5108327973
2025-11-04 11:00:00,3499.719146411305,15344.63481452983,0.0,1390539.568817981
2025-11-04 12:00:00,3596.019326281843,15363.128035308886,0.0,1401907.1198240884
2025-11-04 13:00:00,4037.7137943283633,15380.93297816511,0.0,1412801.7041418885
2025-11-04 14:00:00,4949.718067304249,15396.854453554335,0.0,1422698.8718539935
2025-11-04 15:00:00,5591.077888109534,15407.097969387947,0.0,1431893.6610588152
2025-11-04 16:00:00,6274.380048443586,15413.761956747247,0.0,1440335.889628403
2025-11-04 17:00:00,10658.881875051185,15422.312748276334,0.0,1443915.000293289
2025-11-04 18:00:00,10570.673885989108,15430.693100646606,0.0,1447600.500187281
2025-11-04 19:00:00,7333.856555514452,15433.939306701872,0.0,1454885.7099878557
2025-11-04 20:00:00,5580.3242446163695,15438.101883166964,0.0,1464123.4515992266
2025-11-04 21:00:00,5439.301137725063,15445.713243689517,0.0,1473525.4969121106
2025-11-04 22:00:00,6577.129795697372,15454.948510645883,0.0,1481672.5234275374
2025-11-04 23:00:00,5769.82021634083,15467.658190217813,0.0,1490729.2702662651
2025-11-05 00:00:00,4500.095322280067,15481.651712362069,0.0,1501210.8160649827
2025-11-05 01:00:00,3164.975189711712,15497.982164459141,0.0,1513192.1591297623
2025-11-05 02:00:00,4461.334967068383,15515.018666952084,0.0,1523750.1389444158
2025-11-05 03:00:00,4976.073823280356,15531.772388452431,0.0,1533752.9404181126
2025-11-05 04:00:00,3668.189697349104,15549.564961720474,0.0,1545226.7390494451
2025-11-05 05:00:00,4229.671726950226,15564.570700372216,0.0,1556091.6744976505
2025-11-05 06:00:00,5494.057022551404,15578.91423914126,0.0,1565566.0809339567
2025-11-05 07:00:00,6168.604573201964,15588.942868378732,0.0,1574301.0187209998
2025-11-05 08:00:00,5812.385336001806,15598.642943442594,0.0,1583441.4557355517
2025-11-05 09:00:00,5406.88882873021,15608.82561316668,0.0,1593042.6270945738
2025-11-05 10:00:00,5042.867862779029,15621.808442029303,0.0,1603061.2490224042
2025-11-05 11:00:00,5035.691954658915,15637.026030374374,0.0,1613103.0617698245
2025-11-05 12:00:00,5364.357158949408,15653.956409423505,0.0,1622796.6213359707
2025-11-05 13:00:00,5517.414129937912,15672.906129162748,0.0,1632339.0673207582
2025-11-05 14:00:00,5737.449490820722,15688.77278211726,0.0,1641652.8962241854
2025-11-05 15:00:00,6355.327911456505,15703.037593297206,0.0,1650294.458360309
2025-11-05 16:00:00,11598.35937482004,15720.220215042824,0.0,1653127.6126033298
2025-11-05 17:00:00,16718.893329488154,15732.386846097514,0.0,1650283.4513055512
2025-11-05 18:00:00,16232.631259862254,15743.647649447696,0.0,1647990.8419995965
2025-11-05 19:00:00,11140.852685335381,15756.226244006333,0.0,1651368.3430376744
2025-11-05 20:00:00,10814.12027652206,15770.127611547621,0.0,1655122.7814530865
2025-11-05 21:00:00,7636.127599360323,15784.000789439928,0.0,1662422.196021015
2025-11-05 22:00:00,5446.927723083697,15798.80836561014,0.0,1672168.8624720876
2025-11-05 23:00:00,4448.541007782427,15816.537077235027,0.0,1683042.576207342
2025-11-06 00:00:00,4228.88770982617,15841.130501854177,0.0,1694184.9425871673
2025-11-06 01:00:00,4052.3010039868695,15878.022507267282,0.0,1705560.408423338
2025-11-06 02:00:00,3964.4761892983042,15916.106630988019,0.0,1717071.5415106616
2025-11-06 03:00:00,3966.957838005508,15944.44105340777,0.0,1728608.2516329521
2025-11-06 04:00:00,4263.647842270292,15965.951960393653,0.0,1739836.8171019345
2025-11-06 05:00:00,10568.701329233169,15987.276752634958,0.0,1744081.0923776433
2025-11-06 06:00:00,16337.184665598965,16004.577953084445,0.0,1741933.242924507
2025-11-06 07:00:00,16599.83755614802,16025.72188797452,0.0,1739514.7008612058
2025-11-06 08:00:00,16778.83890344098,16040.902750575318,0.0,1736912.4492746242
2025-11-06 09:00:00,8886.96592489905,16053.488558589279,0.0,1743091.5312499923
2025-11-06 10:00:00,8396.769500332597,16067.02450243795,0.0,1749828.811863172
2025-11-06 11:00:00,7782.230093708741,16083.787506867668,0.0,1757265.6770436966
2025-11-06 12:00:00,8086.6903742451395,16105.705042313797,0.0,1764386.1705590717
2025-11-06 13:00:00,8473.67350791066,16132.795670742373,0.0,1771103.7734432465
2025-11-06 14:00:00,9181.724321552461,16156.289799530201,0.0,1777058.1473299405
2025-11-06 15:00:00,12108.801929089339,16178.762091960336,0.0,1779782.6850562461
2025-11-06 16:00:00,17355.604402346522,16202.17156126028,0.0,1776700.8517260102
2025-11-06 17:00:00,17221.781535375172,16226.496937854872,0.0,1773792.0358467815
2025-11-06 18:00:00,17060.50454615775,16246.351134640756,0.0,1771082.2708190249
2025-11-06 19:00:00,17002.24647743066,16267.269383973662,0.0,1768458.1552280756
2025-11-06 20:00:00,16603.078997587574,16282.716681211774,0.0,1766293.0063564123
2025-11-06 21:00:00,16189.283942517224,16295.00818473084,0.0,1764599.9212716797
2025-11-06 22:00:00,15692.592082492913,16303.17765011573,0.0,1763466.885496803
2025-11-06 23:00:00,15150.352759616675,16312.130409977566,0.0,1762945.290618318
2025-11-07 00:00:00,14718.079108663464,16320.846159301696,0.0,1762912.7155457712
2025-11-07 01:00:00,14332.837002216242,16331.355172352754,0.0,1763318.696271217
2025-11-07 02:00:00,10659.427268142166,16340.089434063551,0.0,1767814.9776295668
2025-11-07 03:00:00,10682.808494715251,16348.37445154446,0.0,1772293.564864761
2025-11-07 04:00:00,14501.259912225745,16356.320783632069,0.0,1772537.374634809
2025-11-07 05:00:00,15535.308870414796,16365.873864753326,0.0,1771641.7941991014
2025-11-07 06:00:00,16542.526084459365,16379.351114031639,0.0,1769640.5607748446
2025-11-07 07:00:00,16865.245487036926,16397.483968429846,0.0,1767298.8830910118
2025-11-07 08:00:00,16914.583090932305,16413.336968351476,0.0,1764918.2388472161
2025-11-07 09:00:00,16738.49233311719,16430.146467110964,0.0,1762750.0604997524
2025-11-07 10:00:00,11523.085738142987,16445.029845972673,0.0,1766391.6617477883
2025-11-07 11:00:00,8649.038684905217,16459.86942818327,0.0,1773241.4881927436
2025-11-07 12:00:00,6838.175211853478,16471.784365391748,0.0,1782115.3001005205
2025-11-07 13:00:00,6885.782509714074,16480.69875543645,0.0,1790945.129400719
2025-11-07 14:00:00,11546.94429679546,16486.94494549109,0.0,1794602.1362386595
2025-11-07 15:00:00,17138.834331701513,16492.10275189982,0.0,1792051.0897331135
2025-11-07 16:00:00,17107.3908685262,16496.3122924799,0.0,1789539.1899494529
2025-11-07 17:00:00,16941.120678654843,16499.342817429635,0.0,1787215.065346155
2025-11-07 18:00:00,16660.39468052546,16501.18520769382,0.0,1785204.7009088206
2025-11-07 19:00:00,16355.442280472185,16502.368406579313,0.0,1783534.355670431
2025-11-07 20:00:00,16026.096725775045,16501.67919288425,0.0,1782229.2607235652
2025-11-07 21:00:00,15740.768175591762,16500.591804678483,0.0,1781240.1101109195
2025-11-07 22:00:00,15392.748446337955,16499.314705833556,0.0,1780636.3709874894
2025-11-07 23:00:00,14931.702249962484,16498.00618121262,0.0,1780543.596890966
2025-11-08 00:00:00,14669.286095393916,16496.298342140562,0.0,1780740.6884604464
2025-11-08 01:00:00,14699.503508089736,16493.94440685456,0.0,1780901.8511916455
2025-11-08 02:00:00,14556.82643090258,16490.05828907928,0.0,1781217.657890833
2025-11-08 03:00:00,14555.496299434133,16485.662115359388,0.0,1781530.5463401547
2025-11-08 04:00:00,14588.790962354753,16481.269639983617,0.0,1781802.0482441885
2025-11-08 05:00:00,14833.642992361856,16476.051251841636,0.0,1781796.2739489614
2025-11-08 06:00:00,15135.623967470496,16472.93872476744,0.0,1781451.8527098729
2025-11-08 07:00:00,15673.987707120414,16470.497514099727,0.0,1780506.8083271722
2025-11-08 08:00:00,16188.023371858624,16467.456090336553,0.0,1778987.57178211
2025-11-08 09:00:00,16455.39419248552,16462.618686015063,0.0,1777166.4191431412
2025-11-08 10:00:00,12562.909597228456,16457.769629737875,0.0,1779665.4003315142
2025-11-08 11:00:00,9608.488829192818,16447.62383340305,0.0,1785436.9254658143
2025-11-08 12:00:00,11166.767902121941,16429.801384045702,0.0,1789459.2069586134
2025-11-08 13:00:00,11448.147033142155,16408.375823108145,0.0,1793147.4194115635
2025-11-08 14:00:00,16676.78766976056,16379.541828249387,0.0,1790997.1971623013
2025-11-08 15:00:00,17048.810494827998,16346.943652298847,0.0,1788401.0180425688
2025-11-08 16:00:00,17215.835643256607,16311.577104192571,0.0,1785583.8888764766
2025-11-08 17:00:00,17094.320097321084,16272.302368044759,0.0,1782862.502247498
2025-11-08 18:00:00,16740.421587108507,16239.167660772706,0.0,1780501.20147815
2025-11-08 19:00:00,16335.330736544769,16218.365615419694,0.0,1778569.1996085197
2025-11-08 20:00:00,15981.25229149282,16200.556152970352,0.0,1777012.8087709427
2025-11-08 21:00:00,15804.957284143697,16188.609398014893,0.0,1775640.354519909
2025-11-08 22:00:00,15462.96157409596,16179.582301429995,0.0,1774638.868405677
2025-11-08 23:00:00,15213.015532505502,16171.675487005836,0.0,1773907.1933010097
2025-11-09 00:00:00,14928.22139186682,16165.161660383688,0.0,1773485.442303764
2025-11-09 01:00:00,14670.846600736177,16160.22471156117,0.0,1773344.7263478404
2025-11-09 02:00:00,14435.750242995426,16156.586613083779,0.0,1773461.590468707
2025-11-09 03:00:00,14341.286865296428,16152.36545880426,0.0,1773679.1927438485
2025-11-09 04:00:00,14310.719790345356,16148.065360799012,0.0,1773926.458337597
2025-11-09 05:00:00,14506.441022086416,16143.341541873962,0.0,1773951.5320771527
2025-11-09 06:00:00,14800.408265790811,16138.255999527419,0.0,1773644.8900035794
2025-11-09 07:00:00,15181.48086788255,16135.158181002493,0.0,1772911.7361091569
2025-11-09 08:00:00,15598.094861824018,16131.708435870147,0.0,1771712.2280318893
2025-11-09 09:00:00,15864.524194350739,16128.434442833555,0.0,1770213.4133698884
2025-11-09 10:00:00,10513.580287062243,16124.804836599335,0.0,1774656.4623319742
2025-11-09 11:00:00,11013.37745555534,16120.979247050429,0.0,1778540.3555172961
2025-11-09 12:00:00,6449.177137625314,16118.263453176141,0.0,1787492.8665953332
2025-11-09 13:00:00,6543.138978529203,16117.548265100046,0.0,1796340.2604398455
2025-11-09 14:00:00,11192.620742812542,16117.49781405182,0.0,1800021.5129841054
2025-11-09 15:00:00,13136.617340960027,16118.609019414978,0.0,1801543.8805135647
2025-11-09 16:00:00,16962.776757991116,16120.33650487437,0.0,1798816.6872873378
2025-11-09 17:00:00,16960.923373192516,16122.744493683978,0.0,1796093.9613663636
2025-11-09 18:00:00,16963.581802327255,16126.030397661234,0.0,1793371.5675392165
2025-11-09 19:00:00,16923.613065068643,16131.156143270939,0.0,1790698.7091657447
2025-11-09 20:00:00,16721.281636533968,16135.524098139633,0.0,1788255.0314455132
2025-11-09 21:00:00,16392.882178612763,16138.375508946345,0.0,1786179.0934226676
2025-11-09 22:00:00,15925.64357891936,16138.132067259801,0.0,1784622.065957795
2025-11-09 23:00:00,15487.48430728943,16137.082350751873,0.0,1783550.8324115586
2025-11-10 00:00:00,15200.636219535569,16136.264956915806,0.0,1782797.50156899
2025-11-10 01:00:00,11695.34933501692,16134.539916256925,0.0,1785937.2088907838
2025-11-10 02:00:00,10768.38237369912,16132.555869307878,0.0,1790104.8954559816
2025-11-10 03:00:00,5305.727948036043,16130.98571171163,0.0,1800340.6278920977
2025-11-10 04:00:00,10314.05643932905,16130.367531930866,0.0,1805010.9327136632
2025-11-10 05:00:00,13471.28753881004,16130.487014760007,0.0,1806173.3224630787
2025-11-10 06:00:00,15309.513215990595,16130.102450981205,0.0,1805292.8546740701
2025-11-10 07:00:00,17801.052819196724,16129.81526702797,0.0,1801643.7223642129
2025-11-10 08:00:00,18075.14105994539,16129.76537847138,0.0,1797689.9976760782
2025-11-10 09:00:00,18313.259382039643,16129.946890909161,0.0,1793471.8785869435
2025-11-10 10:00:00,18149.948622203705,16129.613837103016,0.0,1789434.8828438201
2025-11-10 11:00:00,15189.629225096485,16129.290541414925,0.0,1788686.8075795723
2025-11-10 12:00:00,9548.062645087162,16129.13272774745,0.0,1794206.9818127784
2025-11-10 13:00:00,11191.50426496133,16129.015433537708,0.0,1797900.9925074703
2025-11-10 14:00:00,16462.516390457513,16128.14366643083,0.0,1795737.4512956152
2025-11-10 15:00:00,20317.119311294286,16125.257153737375,0.0,1789288.131436803
2025-11-10 16:00:00,20145.400150566777,16121.169493018355,0.0,1783025.522984747
2025-11-10 17:00:00,19626.324824397052,16112.525638839656,0.0,1777331.0210409237
2025-11-10 18:00:00,18917.712205451164,16103.719858829278,0.0,1772415.0606714736
2025-11-10 19:00:00,17893.323613790468,16100.06206734403,0.0,1768633.6520568281
2025-11-10 20:00:00,17287.649051395707,16097.173981821743,0.0,1765522.3270926548
2025-11-10 21:00:00,16733.11111192975,16097.351056109772,0.0,1763027.3324688424
2025-11-10 22:00:00,16032.993485664843,16098.523474872332,0.0,1761311.41873742
2025-11-10 23:00:00,14446.987492958542,16098.941168831063,0.0,1761358.1515807414
2025-11-11 00:00:00,8804.260139844504,16093.325102280674,0.0,1767668.9654165285
2025-11-11 01:00:00,6060.856526344644,16078.99362673691,0.0,1777013.6740139937
2025-11-11 02:00:00,5067.09654771651,16058.995660951285,0.0,1787442.5623997042
2025-11-11 03:00:00,4577.0761555618665,16026.778848702616,0.0,1798383.7010755604
2025-11-11 04:00:00,4814.463507539029,15978.203392227118,0.0,1809012.5005705222
2025-11-11 05:00:00,10716.237869750668,15922.23256588066,0.0,1813027.8021700133
2025-11-11 06:00:00,17853.41888427846,15871.440185115858,0.0,1809062.1102614861
2025-11-11 07:00:00,18333.723978252267,15817.847205870645,0.0,1804509.1530470764
2025-11-11 08:00:00,18000.449774933204,15754.81976340334,0.0,1800263.4730605541
2025-11-11 09:00:00,9288.055392038834,15690.503267228747,0.0,1805633.914781073
2025-11-11 10:00:00,6793.590699431175,15649.851203390344,0.0,1813735.3318739843
2025-11-11 11:00:00,6655.472060948455,15620.167207212302,0.0,1821960.5301245868
2025-11-11 12:00:00,6810.277172739736,15595.210879756607,0.0,1829988.7663679663
2025-11-11 13:00:00,7114.221324886839,15571.574828573794,0.0,1837655.6508355546
2025-11-11 14:00:00,7788.289309802615,15551.172846624237,0.0,1844553.1688935095
2025-11-11 15:00:00,12134.29055480892,15538.673142529984,0.0,1846609.2969751405
2025-11-11 16:00:00,15811.146036367161,15530.020541119711,0.0,1844571.3774758524
2025-11-11 17:00:00,17811.277795049788,15519.926849608488,0.0,1840300.9956642946
2025-11-11 18:00:00,17734.69587653425,15510.38543374908,0.0,1836106.1634574498
2025-11-11 19:00:00,15750.873274699605,15506.03626924624,0.0,1834111.2294214747
2025-11-11 20:00:00,6894.292995986593,15499.11393761271,0.0,1841950.0178079912
2025-11-11 21:00:00,6073.03915458339,15488.661984712526,0.0,1850690.8585098332
2025-11-11 22:00:00,5285.566882607807,15477.464601735146,0.0,1860295.4710197821
2025-11-11 23:00:00,4611.205894790882,15464.462489047732,0.0,1870636.3714035065
2025-11-12 00:00:00,4201.790985973823,15451.543850415263,0.0,1881419.25860284
2025-11-12 01:00:00,4135.548799092183,15439.980894770255,0.0,1892264.1852763963
2025-11-12 02:00:00,4332.268867067931,15433.765217527432,0.0,1902884.3184194043
2025-11-12 03:00:00,4227.846735284194,15432.154452297764,0.0,1913618.8653880528
2025-11-12 04:00:00,4219.513721568665,15429.747263064297,0.0,1924360.2640715963
2025-11-12 05:00:00,4610.703915339839,15435.558365129129,0.0,1934672.818086348
2025-11-12 06:00:00,6070.929862243015,15455.353204313833,0.0,1943382.6936659473
2025-11-12 07:00:00,10704.032205976782,15484.874062761193,0.0,1946974.1986109565
2025-11-12 08:00:00,5914.061551147797,15522.963721767386,0.0,1955925.9828314488
2025-11-12 09:00:00,5729.386082900511,15560.866640030172,0.0,1965120.864934923
2025-11-12 10:00:00,5527.889853033563,15581.547589394324,0.0,1974560.312687613
2025-11-12 11:00:00,5321.835669393135,15586.949912345885,0.0,1984234.1118561886
2025-11-12 12:00:00,5100.487473368972,15587.649113330892,0.0,1994154.5526657766
2025-11-12 13:00:00,5146.170149771853,15583.807133151951,0.0,2004020.3929658486
2025-11-12 14:00:00,5838.365189436046,15580.314983737457,0.0,2013113.635516879
2025-11-12 15:00:00,6782.6401994137705,15576.652932140576,0.0,2021154.0215607823
2025-11-12 16:00:00,9632.43545879532,15575.543915830372,0.0,2026026.8594112846
2025-11-12 17:00:00,12186.101779072282,15587.980814240596,0.0,2028074.727137667
2025-11-12 18:00:00,10704.847215980222,15598.282401174081,0.0,2031778.7348544186
2025-11-12 19:00:00,9082.037654410535,15603.045139917189,0.0,2037290.6270449911
2025-11-12 20:00:00,7241.300832072838,15602.386126160782,0.0,2044847.1233577372
2025-11-12 21:00:00,6370.57152367727,15600.169860301863,0.0,2053368.8804139534
2025-11-12 22:00:00,5238.740279640173,15598.142769365812,0.0,2063146.2006503856
2025-11-12 23:00:00,5202.53448532096,15590.259652339473,0.0,2072955.8664301464
2025-11-13 00:00:00,4501.24221307857,15575.081635204742,0.0,2083529.567828597
2025-11-13 01:00:00,4008.000083930514,15542.540398677553,0.0,2094618.7748006855
2025-11-13 02:00:00,3993.5880984190335,15505.115136395207,0.0,2105686.569827726
2025-11-13 03:00:00,4145.270463733018,15475.58000203679,0.0,2116556.2937589483
2025-11-13 04:00:00,5102.941707351752,15451.832851926203,0.0,2126338.191380484
2025-11-13 05:00:00,6924.870843342479,15427.54644436182,0.0,2134071.4368877984
2025-11-13 06:00:00,6916.852608790705,15406.848764856139,0.0,2141792.8938651094
2025-11-13 07:00:00,7518.058058697606,15382.158898805132,0.0,2148821.654920917
2025-11-13 08:00:00,6884.9306193297325,15363.363391802615,0.0,2156535.0954023534
2025-11-13 09:00:00,6570.406050902317,15347.169939693174,0.0,2164581.8141743774
2025-11-13 10:00:00,6495.103773629391,15330.191750810636,0.0,2172695.2239544885
2025-11-13 11:00:00,6589.687923307321,15310.138483474757,0.0,2180683.486967622
2025-11-13 12:00:00,6511.427556029201,15285.129313119278,0.0,2188733.6967740417
2025-11-13 13:00:00,6736.261382295427,15255.022363048662,0.0,2196503.984267873
2025-11-13 14:00:00,7271.747446673837,15228.705211939743,0.0,2203652.97009462
2025-11-13 15:00:00,9513.212373013921,15203.410610219542,0.0,2208286.144734824
2025-11-13 16:00:00,18679.42035491826,15177.169637909663,0.0,2202708.402867269
2025-11-13 17:00:00,18623.39584704657,15149.985458101984,0.0,2197165.7262730966
2025-11-13 18:00:00,18569.05132317545,15127.278277686399,0.0,2191660.725302811
2025-11-13 19:00:00,18375.66469196457,15103.513051650778,0.0,2186346.8331411676
2025-11-13 20:00:00,17880.844343924684,15085.285995474283,0.0,2181564.5143100587
2025-11-13 21:00:00,14170.618746626626,15070.26602430055,0.0,2180889.648393663
2025-11-13 22:00:00,13573.485813447964,15059.420707806343,0.0,2180867.4181976384
2025-11-13 23:00:00,13129.3195009867,15047.857867360517,0.0,2181327.1432861243
2025-11-14 00:00:00,12788.954759920736,15036.627467551496,0.0,2182153.8210204314
2025-11-14 01:00:00,11640.887121822412,15023.612898711268,0.0,2184243.1148948953
2025-11-14 02:00:00,10310.812596408407,15012.365699011523,0.0,2187799.022153453
2025-11-14 03:00:00,11024.952277102011,15001.634956659067,0.0,2190550.7101355544
2025-11-14 04:00:00,11476.901678533977,14991.277675530016,0.0,2192789.874834935
2025-11-14 05:00:00,12997.050853914241,14979.401142124096,0.0,2193328.1083615995
2025-11-14 06:00:00,15359.775682760046,14963.69266608812,0.0,2191225.3836023984
2025-11-14 07:00:00,17448.116595001105,14943.277909202272,0.0,2186781.865294933
2025-11-14 08:00:00,17889.09524087645,14925.202956114379,0.0,2181830.2957611843
2025-11-14 09:00:00,14111.657872286549,14906.361467924724,0.0,2181057.0373710133
2025-11-14 10:00:00,9918.381008483684,14889.45660621345,0.0,2184926.070634467
2025-11-14 11:00:00,8857.529820436848,14872.680505837256,0.0,2189957.051339819
2025-11-14 12:00:00,8397.609164754725,14858.900203959205,0.0,2195485.2746940507
2025-11-14 13:00:00,9000.692928596814,14848.234396271871,0.0,2200332.739169659
2025-11-14 14:00:00,10360.864858135294,14840.224450529964,0.0,2203660.8915555947
2025-11-14 15:00:00,14352.280238514897,14833.33945836027,0.0,2202547.2529711607
2025-11-14 16:00:00,19700.78606561452,14827.47741254146,0.0,2195484.9680885747
2025-11-14 17:00:00,19507.928430206517,14822.890905282578,0.0,2188632.3829602944
2025-11-14 18:00:00,19427.69581754131,14819.585546539438,0.0,2181865.639820677
2025-11-14 19:00:00,16058.6773468988,14816.897246624814,0.0,2178839.5622374145
2025-11-14 20:00:00,13508.236927139567,14816.040346222118,0.0,2178646.45044237
2025-11-14 21:00:00,10332.538625946232,14815.55752988673,0.0,2181981.409498982
2025-11-14 22:00:00,7964.605275145756,14815.215543993329,0.0,2187947.063626147
2025-11-14 23:00:00,7115.463435594988,14814.93746895084,0.0,2194855.9306111033
2025-11-15 00:00:00,6865.1521056464635,14814.875862487708,0.0,2202042.8596895393
2025-11-15 01:00:00,6674.638038566912,14814.690608670995,0.0,2209441.2858109134
2025-11-15 02:00:00,6608.3682805850485,14814.235142877056,0.0,2216912.8895309186
2025-11-15 03:00:00,6563.21636046605,14813.4441149655,0.0,2224433.871023144
2025-11-15 04:00:00,6557.869990153656,14812.188018360743,0.0,2231959.5368302227
2025-11-15 05:00:00,6646.965241834209,14810.395503989786,0.0,2239384.4153988413
2025-11-15 06:00:00,6935.5300168298645,14808.368750553069,0.0,2246486.6396862497
2025-11-15 07:00:00,8666.938478601813,14806.804143538151,0.0,2251663.512186897
2025-11-15 08:00:00,10889.033654255018,14806.141202413515,0.0,2254370.727106805
2025-11-15 09:00:00,8749.892743970411,14805.794313689375,0.0,2259454.4183716383
2025-11-15 10:00:00,7664.088717435864,14805.259850586466,0.0,2265744.0240917406
2025-11-15 11:00:00,7540.079713861128,14804.625793757323,0.0,2272170.7835367634
2025-11-15 12:00:00,7266.424130191476,14803.882136158194,0.0,2278900.86108382
2025-11-15 13:00:00,7544.716540379083,14803.275568088073,0.0,2285321.118273709
2025-11-15 14:00:00,7545.8782113571915,14803.08586233133,0.0,2291739.89501231
2025-11-15 15:00:00,16849.62736431838,14803.441736825927,0.0,2287821.52856656
2025-11-15 16:00:00,18451.10545618789,14804.351837446833,0.0,2282124.6521193534
2025-11-15 17:00:00,18347.01514507549,14805.361559439089,0.0,2276544.4412953756
2025-11-15 18:00:00,18024.204660301824,14806.380384002903,0.0,2271323.9276123764
2025-11-15 19:00:00,17705.537786847068,14807.592728475973,0.0,2266458.700577689
2025-11-15 20:00:00,17467.9977475129,14808.36477152715,0.0,2261858.1789630908
2025-11-15 21:00:00,17129.68868373896,14808.87535860831,0.0,2257634.066895322
2025-11-15 22:00:00,16729.128365571105,14808.93079058164,0.0,2253855.0772797135
2025-11-15 23:00:00,16486.472048942866,14808.726685738546,0.0,2250345.501688849
2025-11-16 00:00:00,16425.11533786779,14808.165785218602,0.0,2246903.5393208815
2025-11-16 01:00:00,16327.987426177955,14807.136923532804,0.0,2243568.467993105
2025-11-16 02:00:00,16255.918773088939,14806.045517407887,0.0,2240312.3815404144
2025-11-16 03:00:00,16173.803052681676,14804.952080359424,0.0,2237146.441340016
2025-11-16 04:00:00,13880.027766254467,14803.884803882778,0.0,2236528.0730702826
2025-11-16 05:00:00,14065.125800919195,14802.789700565894,0.0,2235702.945214272
2025-11-16 06:00:00,16580.103879527367,14801.513297714768,0.0,2232082.1208680677
2025-11-16 07:00:00,16883.106296688045,14798.928806865135,0.0,2228122.0426786128
2025-11-16 08:00:00,17213.57630938167,14796.385069871218,0.0,2223792.231849171
2025-11-16 09:00:00,17386.2819705259,14794.22730436544,0.0,2219268.3680751743
2025-11-16 10:00:00,11400.62535959583,14792.151203305437,0.0,2221393.157767818
2025-11-16 11:00:00,7762.201033088223,14790.090111242222,0.0,2227558.5800645174
2025-11-16 12:00:00,9794.76360928058,14787.706254360064,0.0,2231463.2156418995
2025-11-16 13:00:00,8575.119806802362,14784.951130444048,0.0,2236720.2558758957
2025-11-16 14:00:00,13479.488572000202,14781.897171974384,0.0,2236524.943523426
2025-11-16 15:00:00,18401.610725756116,14778.233726706338,0.0,2230856.9431104036
2025-11-16 16:00:00,18670.47931655175,14774.038461658325,0.0,2224886.0045536705
2025-11-16 17:00:00,18781.02111605015,14769.493576334518,0.0,2218787.69688995
2025-11-16 18:00:00,18839.194922720024,14764.404231701741,0.0,2212619.6623186297
2025-11-16 19:00:00,18800.004951932973,14757.074078047715,0.0,2206487.8420056407
2025-11-16 20:00:00,18601.623071770027,14750.20226849403,0.0,2200569.5741943903
2025-11-16 21:00:00,18216.485560932517,14744.259882967764,0.0,2195073.2945652106
2025-11-16 22:00:00,17744.28064347029,14740.842945162964,0.0,2190098.27012874
2025-11-16 23:00:00,12783.029531888838,14738.083381827157,0.0,2190632.9873640244
2025-11-17 00:00:00,6127.8435832522755,14735.606834077682,0.0,2198559.879105599
2025-11-17 01:00:00,5865.322470630725,14733.509034171644,0.0,2206776.363172403
2025-11-17 02:00:00,5715.563868477622,14731.991917844334,0.0,2215157.728569717
2025-11-17 03:00:00,5744.063451232581,14729.876658356974,0.0,2223505.312504482
2025-11-17 04:00:00,6401.629594902732,14727.06986589858,0.0,2231119.4605982667
2025-11-17 05:00:00,15526.15038056487,14724.350736391485,0.0,2228592.5331340306
2025-11-17 06:00:00,21529.57945763631,14722.182759935064,0.0,2219392.9609410367
2025-11-17 07:00:00,22060.946876692375,14720.781831254742,0.0,2209601.579575966
2025-11-17 08:00:00,21293.73379997262,14719.851468911767,0.0,2200661.7268226864
2025-11-17 09:00:00,19907.529860477996,14718.821205674207,0.0,2193261.070405607
2025-11-17 10:00:00,19498.045661070533,14717.976680673872,0.0,2186314.5519073135
2025-11-17 11:00:00,9541.823393456998,14716.842723309768,0.0,2190429.3686378933
2025-11-17 12:00:00,8438.204111034463,14715.829163687644,0.0,2195769.4154559867
2025-11-17 13:00:00,8553.915092263218,14714.826806672922,0.0,2200979.8921601456
2025-11-17 14:00:00,8899.002071005732,14713.885134340484,0.0,2205805.997215591
2025-11-17 15:00:00,22465.47451685424,14712.654544515848,0.0,2195557.013408046
2025-11-17 16:00:00,23371.64583855445,14711.258617059264,0.0,2184299.7766489345
2025-11-17 17:00:00,22847.75109887416,14709.46791914022,0.0,2173622.8544582142
2025-11-17 18:00:00,22468.383478266456,14707.064358084328,0.0,2163365.0482848915
2025-11-17 19:00:00,21761.48324298161,14701.693670491779,0.0,2153887.316129848
2025-11-17 20:00:00,21458.4711246758,14695.444981922195,0.0,2144740.0154176857
2025-11-17 21:00:00,20139.09594345019,14687.932819257407,0.0,2137051.1749664433
2025-11-17 22:00:00,18510.775962469143,14679.732808862398,0.0,2131163.3789281175
2025-11-17 23:00:00,17882.90477481413,14671.821808107808,0.0,2125965.306541987
2025-11-18 00:00:00,17130.860057910286,14665.979791114443,0.0,2121596.9973798683
2025-11-18 01:00:00,17111.25469421852,14661.8830324592,0.0,2117246.375196529
2025-11-18 02:00:00,16652.034785231437,14659.359163423971,0.0,2113403.4734874736
2025-11-18 03:00:00,15804.08344894915,14657.225206777435,0.0,2110500.6059731958
2025-11-18 04:00:00,18129.32870146811,14655.787770442881,0.0,2105012.6951864525
2025-11-18 05:00:00,21473.253157998137,14654.638356109064,0.0,2095808.163367008
2025-11-18 06:00:00,24444.325003699396,14653.495683742214,0.0,2083301.2979355287
2025-11-18 07:00:00,24919.571156883372,14652.27194105184,0.0,2070265.1574800436
2025-11-18 08:00:00,24379.4666781489,14650.979101519406,0.0,2057827.8402725083
2025-11-18 09:00:00,21796.305119944154,14649.804492152645,0.0,2048259.527964723
2025-11-18 10:00:00,21172.535579613697,14648.779493417573,0.0,2039383.2679252366
2025-11-18 11:00:00,11834.36986576012,14647.696574487325,0.0,2040881.6646488796
2025-11-18 12:00:00,11247.846151383983,14646.330482079435,0.0,2043030.3882960877
2025-11-18 13:00:00,9686.941560217489,14644.353897394609,0.0,2046911.4737932407
2025-11-18 14:00:00,10224.557425549796,14640.829123949716,0.0,2050191.6835554685
2025-11-18 15:00:00,26243.873361466118,14635.817080972593,0.0,2035667.641345923
2025-11-18 16:00:00,26892.956604414278,14630.26351839069,0.0,2020416.84197052
2025-11-18 17:00:00,26512.92579607075,14624.178307322418,0.0,2005582.213837764
2025-11-18 18:00:00,25765.504467705603,14617.605531229647,0.0,1991571.481071543
2025-11-18 19:00:00,25141.517362897044,14610.70018607563,0.0,1978247.1619655106
2025-11-18 20:00:00,24730.441984651858,14605.671101347973,0.0,1965374.5641950232
2025-11-18 21:00:00,23637.393233836257,14601.169725653643,0.0,1953711.9636608588
2025-11-18 22:00:00,22656.24625999161,14596.318044979742,0.0,1943134.6747502922
2025-11-18 23:00:00,21042.46977472466,14590.307570337505,0.0,1934344.4603487137
2025-11-19 00:00:00,16717.74748122744,14583.086288578425,0.0,1930352.2716581505
2025-11-19 01:00:00,10742.146161370125,14572.384982673684,0.0,1932988.9386837466
2025-11-19 02:00:00,9533.04752002783,14555.68098259775,0.0,1936952.3446440909
2025-11-19 03:00:00,9051.181429843316,14534.716300471378,0.0,1941430.1926891808
2025-11-19 04:00:00,18329.149597565494,14513.825446724011,0.0,1935578.2963608322
2025-11-19 05:00:00,22691.080690833856,14487.582571459925,0.0,1924853.5670535879
2025-11-19 06:00:00,26536.89961554965,14448.016870384616,0.0,1909816.1399066949
2025-11-19 07:00:00,28755.34300666029,14403.193822560877,0.0,1892268.9526107446
2025-11-19 08:00:00,28452.316456470217,14350.039323984387,0.0,1875005.3069830956
2025-11-19 09:00:00,27417.951809733815,14296.225444605887,0.0,1858837.1415279966
2025-11-19 10:00:00,26395.00548456474,14256.765232932954,0.0,1843766.1228891916
2025-11-19 11:00:00,12294.932907023944,14230.45601435236,0.0,1844335.5423401839
2025-11-19 12:00:00,12085.343050277159,14206.859769879848,0.0,1845114.2431653116
2025-11-19 13:00:00,12625.279933389647,14186.231248410104,0.0,1845272.3855988442
2025-11-19 14:00:00,21900.35597226062,14168.395186216421,0.0,1835107.051926993
2025-11-19 15:00:00,28770.490184020986,14152.253934689752,0.0,1817292.094546104
2025-11-19 16:00:00,28824.715065440647,14130.48390283303,0.0,1799395.1172651139
2025-11-19 17:00:00,28178.090204248503,14100.374618951335,0.0,1782186.502768234
2025-11-19 18:00:00,27242.6676193208,14073.423805551554,0.0,1765990.2958856511
2025-11-19 19:00:00,26071.12770463059,14050.013731669147,0.0,1751072.3899455084
2025-11-19 20:00:00,25185.947279772874,14030.931528613373,0.0,1737118.9356077074
2025-11-19 21:00:00,23666.03937363493,14013.742680154877,0.0,1724837.0789838238
2025-11-19 22:00:00,21823.739798437873,13995.730148010633,0.0,1714584.2093557923
2025-11-19 23:00:00,20084.77915692994,13980.828853302635,0.0,1706248.6169236172
2025-11-20 00:00:00,18714.35746211408,13966.508565891625,0.0,1699421.394976049
2025-11-20 01:00:00,17047.634508072115,13957.319515968265,0.0,1694436.8983719368
2025-11-20 02:00:00,16581.17660032392,13951.838677886644,0.0,1689965.207493908
2025-11-20 03:00:00,15965.97467736787,13948.1949297845,0.0,1686173.4305599502
2025-11-20 04:00:00,17321.398654853092,13945.627144137374,0.0,1680873.0591986955
2025-11-20 05:00:00,20073.54652193643,13943.865770197392,0.0,1672512.9843889633
2025-11-20 06:00:00,25300.429488454185,13942.62376334518,0.0,1658344.019831804
2025-11-20 07:00:00,25375.851160254668,13941.396046615826,0.0,1644090.0257003594
2025-11-20 08:00:00,25279.05115415068,13940.288432380356,0.0,1629942.479517016
2025-11-20 09:00:00,24419.23275320875,13939.125427752157,0.0,1616749.1241078698
2025-11-20 10:00:00,23811.216187336115,13937.872650598525,0.0,1604230.0898836502
2025-11-20 11:00:00,23426.49306298622,13936.475099772639,0.0,1592137.1282467716
2025-11-20 12:00:00,19337.81674283866,13934.957008383493,0.0,1584585.6222075566
2025-11-20 13:00:00,19316.81531990274,13933.336187915442,0.0,1577055.830262247
2025-11-20 14:00:00,23673.74539903883,13931.645545218817,0.0,1564683.3142529782
2025-11-20 15:00:00,24360.59340045604,13929.994699574641,0.0,1551545.982952046
2025-11-20 16:00:00,24432.373108284708,13928.399363334896,0.0,1538327.3010839536
2025-11-20 17:00:00,23325.615379836807,13926.852920080453,0.0,1526336.8035819929
2025-11-20 18:00:00,22435.96188962975,13925.32000874896,0.0,1515333.2770467089
2025-11-20 19:00:00,22444.145746857637,13923.729475031667,0.0,1504319.06680301
2025-11-20 20:00:00,22207.737256610595,13922.080705979624,0.0,1493565.8838905331
2025-11-20 21:00:00,21852.894052149095,13920.387274731518,0.0,1483205.2777739882
2025-11-20 22:00:00,21244.274935113383,13918.642284245376,0.0,1473519.17013033
2025-11-20 23:00:00,20983.697328624694,13916.82844798635,0.0,1464120.7793242887
2025-11-21 00:00:00,20347.648578129305,13914.963330680106,0.0,1455427.244234825
2025-11-21 01:00:00,20145.84754859043,13913.048719286951,0.0,1446956.0179001223
2025-11-21 02:00:00,20022.43327363585,13911.065557047124,0.0,1438619.9353753522
2025-11-21 03:00:00,20024.473806776638,13909.054289719861,0.0,1430279.574324209
2025-11-21 04:00:00,20431.518320676256,13906.983860025874,0.0,1421484.8711612613
2025-11-21 05:00:00,21476.712583158445,13904.845942693728,0.0,1411526.703122668
2025-11-21 06:00:00,23378.838377812946,13902.665795244931,0.0,1399452.8818314539
2025-11-21 07:00:00,24717.305286086284,13900.425131217235,0.0,1385889.6344225754
2025-11-21 08:00:00,24824.132667481306,13898.150820468543,0.0,1372205.415612509
2025-11-21 09:00:00,24486.58342788081,13895.793401831419,0.0,1358893.8940944732
2025-11-21 10:00:00,23382.372073742525,13893.420431040397,0.0,1346806.901110244
2025-11-21 11:00:00,23067.283879000686,13890.972092219958,0.0,1335067.557781352
2025-11-21 12:00:00,21958.50927386587,13888.47834015494,0.0,1324557.6924838782
2025-11-21 13:00:00,23000.67038209376,13885.926183643953,0.0,1312887.3182429736
2025-11-21 14:00:00,24187.514942445338,13883.332402764157,0.0,1299895.6340430207
2025-11-21 15:00:00,25952.07058601034,13880.693204180501,0.0,1284940.6932627452
2025-11-21 16:00:00,25925.85149743615,13878.013680885138,0.0,1270012.2052798127
2025-11-21 17:00:00,25527.27624925838,13875.270011754103,0.0,1255523.8350146126
2025-11-21 18:00:00,24606.099803439105,13872.472672795557,0.0,1242056.1967946982
2025-11-21 19:00:00,23189.821387559026,13869.616156795482,0.0,1230159.344743095
2025-11-21 20:00:00,21771.347329002503,13866.720328975689,0.0,1219835.6791509567
2025-11-21 21:00:00,20033.165855569172,13863.799577947539,0.0,1211440.4055560494
2025-11-21 22:00:00,19185.290083512198,13860.840618819497,0.0,1203984.25719319
2025-11-21 23:00:00,18633.53029582227,13857.846776040788,0.0,1197138.1814183171
2025-11-22 00:00:00,17990.236695451364,13854.804671341644,0.0,1191003.8342058237
2025-11-22 01:00:00,15287.666284853141,13851.74087960157,0.0,1187869.2792133663
2025-11-22 02:00:00,11769.4715252709,13848.688825413608,0.0,1188640.7774551455
2025-11-22 03:00:00,11630.164898236888,13845.676417456947,0.0,1189564.048430117
2025-11-22 04:00:00,11573.185997989753,13842.616989328391,0.0,1190547.5698661236
2025-11-22 05:00:00,11686.13988425992,13839.57077811426,0.0,1191402.540772838
2025-11-22 06:00:00,12058.149996063978,13836.674755746442,0.0,1191841.271088513
2025-11-22 07:00:00,18272.209816414208,13833.665930648021,0.0,1185372.48166759
2025-11-22 08:00:00,13156.959966673308,13830.760179454832,0.0,1184584.3974396298
2025-11-22 09:00:00,12134.155109824671,13828.23124515806,0.0,1184930.2341183159
2025-11-22 10:00:00,11098.316751869632,13825.866176545662,0.0,1186424.637237229
2025-11-22 11:00:00,9885.826404787163,13823.984795958007,0.0,1189264.3704723122
2025-11-22 12:00:00,10019.213414031467,13821.966649225431,0.0,1191953.877772614
2025-11-22 13:00:00,10152.00109301091,13820.298869717424,0.0,1194494.1754278748
2025-11-22 14:00:00,10374.99784190644,13818.234733387204,0.0,1196784.634781366
2025-11-22 15:00:00,11531.00658308783,13815.882879888828,0.0,1197788.2881244905
2025-11-22 16:00:00,17056.220673323107,13813.019589164734,0.0,1192649.9514099625
2025-11-22 17:00:00,19163.463862672474,13810.017173921728,0.0,1185167.230958693
2025-11-22 18:00:00,15545.491280841277,13806.82847267244,0.0,1181701.2913415416
2025-11-22 19:00:00,13250.978519848,13803.175442808866,0.0,1180781.1573178526
2025-11-22 20:00:00,12947.061902497127,13799.249022822916,0.0,1180194.7820045673
2025-11-22 21:00:00,12672.967920459247,13795.203081853653,0.0,1179908.9096192445
2025-11-22 22:00:00,12363.004972860916,13791.021394688725,0.0,1179963.2588218653
2025-11-22 23:00:00,12132.099548440854,13786.987346960233,0.0,1180270.135559447
2025-11-23 00:00:00,11905.581620601155,13782.791175081124,0.0,1180824.5027116379
2025-11-23 01:00:00,10381.052380354959,13778.671821804495,0.0,1183068.6718886034
2025-11-23 02:00:00,10184.979842320785,13774.509773019041,0.0,1185526.5373923774
2025-11-23 03:00:00,9144.326909798108,13770.399120509097,0.0,1189136.5732797773
2025-11-23 04:00:00,8240.652135755314,13766.230611492083,0.0,1193746.5237404301
2025-11-23 05:00:00,7468.575606984224,13762.055635577344,0.0,1199210.162034914
2025-11-23 06:00:00,8499.16513236117,13758.039225830364,0.0,1203524.6844470096
2025-11-23 07:00:00,9190.126391013695,13753.98566747906,0.0,1207067.4185689178
2025-11-23 08:00:00,8605.018784742892,13749.872394451306,0.0,1211256.1589803216
2025-11-23 09:00:00,8647.264649281587,13745.810471950968,0.0,1215393.8976197373
2025-11-23 10:00:00,8241.262508765176,13741.813883925213,0.0,1219978.75316059
2025-11-23 11:00:00,8242.217438443618,13737.8532727359,0.0,1224558.5870572773
2025-11-23 12:00:00,8239.502779341678,13733.915627677236,0.0,1229137.4995967974
2025-11-23 13:00:00,8367.31161030089,13730.073905029043,0.0,1233570.5606014922
2025-11-23 14:00:00,8611.396677175078,13726.48368447849,0.0,1237728.8257557761
2025-11-23 15:00:00,8904.691273102144,13722.950635287727,0.0,1241557.6749765058
2025-11-23 16:00:00,12736.001813780673,13719.238949024742,0.0,1241125.8007991079
2025-11-23 17:00:00,13825.908107057523,13715.362076312616,0.0,1239479.0427564676
2025-11-23 18:00:00,12463.287487941605,13711.269838413196,0.0,1239342.2153860568
2025-11-23 19:00:00,12367.42918375163,13707.199842762291,0.0,1239307.8272468727
2025-11-23 20:00:00,12183.09376597088,13702.988653235281,0.0,1239474.0450490292
2025-11-23 21:00:00,11918.53533682129,13698.655221505665,0.0,1239929.8832296226
2025-11-23 22:00:00,12503.162472162763,13694.26233277299,0.0,1239731.742815548
2025-11-23 23:00:00,8708.524451490783,13689.857990860468,0.0,1243745.4625269743
2025-11-24 00:00:00,7622.464448686748,13685.435911622799,0.0,1248961.493495612
2025-11-24 01:00:00,7374.296308081068,13680.969008691449,0.0,1254448.7999397689
2025-11-24 02:00:00,7257.341058011749,13676.45850286591,0.0,1260061.5461559547
2025-11-24 03:00:00,6967.416805555125,13671.928883076,0.0,1265991.9008106363
2025-11-24 04:00:00,7692.15206108656,13667.380811116536,0.0,1271112.4459983234
2025-11-24 05:00:00,12744.613559167617,13662.775029909977,0.0,1270614.5392958247
2025-11-24 06:00:00,21415.824750418225,13658.121697079856,0.0,1260477.3001591065
2025-11-24 07:00:00,22408.568324449287,13653.422799056741,0.0,1249232.3137087752
2025-11-24 08:00:00,22687.470894499813,13648.711064955362,0.0,1237672.723779842
2025-11-24 09:00:00,23189.768211394563,13644.006105795403,0.0,1225550.3207618657
2025-11-24 10:00:00,23015.900719556277,13639.272786114476,0.0,1213616.370526251
2025-11-24 11:00:00,21970.051891544368,13634.514836463137,0.0,1202839.7165943317
2025-11-24 12:00:00,21872.88226819676,13629.737904139936,0.0,1192166.251978253
2025-11-24 13:00:00,22921.80436912454,13624.969253336341,0.0,1180322.5497103399
2025-11-24 14:00:00,22755.27209548514,13620.165384720418,0.0,1168659.0794334102
2025-11-24 15:00:00,24497.61328701073,13615.359164295875,0.0,1155054.8682788052
2025-11-24 16:00:00,23971.449599928535,13610.539668298577,0.0,1142030.4639471832
2025-11-24 17:00:00,24449.16364600052,13605.691664460632,0.0,1128470.4182271988
2025-11-24 18:00:00,22752.832606402953,13600.85118294541,0.0,1116790.3442919184
2025-11-24 19:00:00,22424.197177157777,13595.94507236059,0.0,1105470.514722993
2025-11-24 20:00:00,20773.21652412902,13591.043844678403,0.0,1095980.2068741946
2025-11-24 21:00:00,20378.163862263027,13586.139650734563,0.0,1086923.942233526
2025-11-24 22:00:00,19744.975130160215,13581.196274113745,0.0,1078566.277251906
2025-11-24 23:00:00,19155.515333696276,13576.245607062665,0.0,1070858.6169326394
2025-11-25 00:00:00,15127.862776463797,13571.28034068152,0.0,1067621.1608550278
2025-11-25 01:00:00,14146.95131982056,13566.32265880073,0.0,1065468.648714028
2025-11-25 02:00:00,14865.285731656564,13561.339715196733,0.0,1062513.0042829397
2025-11-25 03:00:00,15017.9736163138,13556.351148919226,0.0,1059382.718080399
2025-11-25 04:00:00,19168.729692233923,13551.317102522855,0.0,1051635.4466359953
2025-11-25 05:00:00,21721.331855628938,13546.28171125698,0.0,1041046.9151743313
2025-11-25 06:00:00,24437.22012111175,13541.195738214028,0.0,1027435.6441113101
2025-11-25 07:00:00,25343.112468701212,13536.12566312201,0.0,1012812.7559203196
2025-11-25 08:00:00,25143.470881348654,13531.03864592531,0.0,998406.6046980799
2025-11-25 09:00:00,24532.34997402069,13525.932168559219,0.0,984674.3702288383
2025-11-25 10:00:00,23333.43096840536,13520.817835194202,0.0,972269.1536546933
2025-11-25 11:00:00,23816.909961030105,13515.694371711872,0.0,959321.6147363716
2025-11-25 12:00:00,22951.602022510262,13510.54311420705,0.0,947330.3778255671
2025-11-25 13:00:00,23531.636049053755,13505.388635160634,0.0,934689.5041840015
2025-11-25 14:00:00,24772.64256007399,13500.206246437658,0.0,920664.5520303568
2025-11-25 15:00:00,26356.20055793855,13495.015520108956,0.0,904874.9002638675
2025-11-25 16:00:00,26747.240218262144,13489.800190819205,0.0,888645.5446566176
2025-11-25 17:00:00,26035.19958044839,13484.583194581195,0.0,873202.128317367
2025-11-25 18:00:00,25027.527911185276,13479.337644016228,0.0,858873.1016156219
2025-11-25 19:00:00,23894.31303955923,13474.069399445336,0.0,845797.934304446
2025-11-25 20:00:00,24368.28968958502,13468.803401927236,0.0,832190.860273501
2025-11-25 21:00:00,22112.394517428045,13463.498116992363,0.0,821085.0311489066
2025-11-25 22:00:00,20535.006058952265,13458.1784974715,0.0,811726.5362475421
2025-11-25 23:00:00,19973.29041412991,13452.872734248942,0.0,802986.8640772023
2025-11-26 00:00:00,19559.37967189016,13447.540407511911,0.0,794701.7604048364
2025-11-26 01:00:00,19159.245444572247,13442.186232687716,0.0,786855.8961435548
2025-11-26 02:00:00,18961.730988220173,13436.835465285989,0.0,779224.1416219296
2025-11-26 03:00:00,18895.33497437043,13431.46157214395,0.0,771660.7865558842
2025-11-26 04:00:00,19161.41853402387,13426.069758194939,0.0,763796.3912762749
2025-11-26 05:00:00,21484.6605079929,13420.67086045049,0.0,753345.2171278443
2025-11-26 06:00:00,23915.156745549248,13415.252434052802,0.0,740188.0731779535
2025-11-26 07:00:00,24013.837086510885,13409.819216337231,0.0,726915.8511870564
2025-11-26 08:00:00,23268.43555356426,13404.389556099255,0.0,714466.4234614177
2025-11-26 09:00:00,22393.210101109187,13398.944786086133,0.0,702984.0236907158
2025-11-26 10:00:00,21636.23035375131,13393.47892560084,0.0,692337.246667704
2025-11-26 11:00:00,21194.020865498034,13387.991716531173,0.0,682176.3263114595
2025-11-26 12:00:00,21289.845754979804,13382.488415951322,0.0,671903.4305552111
2025-11-26 13:00:00,22087.464264890954,13376.986446265935,0.0,660738.7900404871
2025-11-26 14:00:00,23654.79956423324,13371.513563022245,0.0,647827.1929765834
2025-11-26 15:00:00,24464.482491279596,13366.01610943163,0.0,634010.4507623712
2025-11-26 16:00:00,24713.964369941354,13360.443822124871,0.0,619910.9341734501
2025-11-26 17:00:00,24291.84893418202,13354.875650839112,0.0,606274.8665640869
2025-11-26 18:00:00,23411.16627580479,13349.305370936347,0.0,593611.7649619068
2025-11-26 19:00:00,20844.81553264879,13343.722543744354,0.0,583794.5813582636
2025-11-26 20:00:00,19674.13700729954,13338.14755434503,0.0,575272.5766822759
2025-11-26 21:00:00,18892.558761921842,13332.578401296141,0.0,567613.4231258811
2025-11-26 22:00:00,18128.131386641257,13327.094639741264,0.0,560798.1495582432
2025-11-26 23:00:00,12311.481968246884,13321.700663497859,0.0,560440.4258125777
2025-11-27 00:00:00,11605.08292655812,13316.430975140076,0.0,560862.3202026533
2025-11-27 01:00:00,11050.83728762182,13311.30046718353,0.0,561894.9125724793
2025-11-27 02:00:00,10664.933946893947,13306.36160499219,0.0,563351.3475698115
2025-11-27 03:00:00,10529.21453720814,13301.726439247475,0.0,564953.9467454944
2025-11-27 04:00:00,10760.504374063457,13297.307781351003,0.0,566295.1385556638
2025-11-27 05:00:00,11830.184335230715,13293.081306499977,0.0,566443.5706007963
2025-11-27 06:00:00,14286.657447731865,13288.874789486877,0.0,563858.38155947
2025-11-27 07:00:00,16657.41085126723,13284.887642224841,0.0,558635.034922509
2025-11-27 08:00:00,15050.794438878853,13280.90211486304,0.0,555192.8321052843
2025-11-27 09:00:00,14026.899666209025,13277.062208836634,0.0,552884.4502405555
2025-11-27 10:00:00,12539.532616781418,13273.448444222342,0.0,552225.0846661318
2025-11-27 11:00:00,9443.427061341556,13269.751715045213,0.0,555002.1396463531
2025-11-27 12:00:00,8525.381632859426,13265.962514446686,0.0,558795.4559020671
2025-11-27 13:00:00,9110.95965825389,13262.567322525301,0.0,561934.7347154215
2025-11-27 14:00:00,9729.992519467694,13259.806375884351,0.0,564383.4382918972
2025-11-27 15:00:00,14390.50492631297,13256.873748541699,0.0,561650.8621223134
2025-11-27 16:00:00,14207.993548514449,13253.328692494231,0.0,559117.5313164581
2025-11-27 17:00:00,13881.898580795387,13249.723478627066,0.0,556942.923038646
2025-11-27 18:00:00,13431.264877771122,13249.249417646768,0.0,555268.5448143248
2025-11-27 19:00:00,12888.138574720822,13250.995186448537,0.0,554199.3860288613
2025-11-27 20:00:00,11580.45500241885,13259.48294079963,0.0,554591.6967447511
2025-11-27 21:00:00,8049.838114985357,13269.805632294838,0.0,558917.23780484
2025-11-27 22:00:00,7714.861786616848,13279.55431782646,0.0,563624.7234708699
2025-11-27 23:00:00,6467.074226985412,13292.663081025305,0.0,569731.7485219114
2025-11-28 00:00:00,5525.117004131748,13319.769213205587,0.0,576912.4988416373
2025-11-28 01:00:00,4116.070379522216,13348.985329804073,0.0,585688.0726386389
2025-11-28 02:00:00,3703.7152906222354,13368.710235002074,0.0,594941.5436618385
2025-11-28 03:00:00,3853.7060193155385,13377.613428204397,0.0,604037.2615130256
2025-11-28 04:00:00,5114.934556391118,13381.915037103798,0.0,611735.915931917
2025-11-28 05:00:00,9534.905840278108,13383.65508296957,0.0,614525.2311923553
2025-11-28 06:00:00,10769.55753617166,13384.193187559198,0.0,615943.249339724
2025-11-28 07:00:00,11190.942325884209,13386.563926550067,0.0,616895.4329041805
2025-11-28 08:00:00,11159.791544267076,13388.735086990433,0.0,617884.3996086519
2025-11-28 09:00:00,11095.466560451536,13388.958853856215,0.0,618945.0622842286
2025-11-28 10:00:00,10588.393216316214,13388.644543864699,0.0,620568.8254766308
2025-11-28 11:00:00,10373.99942587449,13389.219262767188,0.0,622431.3787106486
2025-11-28 12:00:00,10416.700618082406,13389.175172550478,0.0,624246.4420853299
2025-11-28 13:00:00,9867.535632632495,13388.411456646587,0.0,626670.9250612735
2025-11-28 14:00:00,11054.947042282314,13386.716622831978,0.0,627774.3671926807
2025-11-28 15:00:00,11357.364193160382,13384.79941437049,0.0,628539.8730590952
2025-11-28 16:00:00,13322.67189571771,13382.435863668736,0.0,627119.3401497443
2025-11-28 17:00:00,16277.784614473761,13379.795320808478,0.0,622412.7081211375
2025-11-28 18:00:00,12337.489186078892,13377.120701579794,0.0,622081.5075048519
2025-11-28 19:00:00,10532.190272004402,13375.759272710968,0.0,623754.8331420025
2025-11-28 20:00:00,10371.659686565257,13377.043504878216,0.0,625607.8103284747
2025-11-28 21:00:00,10117.27235157233,13378.009103090231,0.0,627744.4057075958
2025-11-28 22:00:00,9649.462592804279,13378.095828616451,0.0,630400.8764330964
2025-11-28 23:00:00,9269.711184866046,13376.558932835618,0.0,633477.7562716363
2025-11-29 00:00:00,9144.42400476608,13375.681183827253,0.0,636692.9663390568
2025-11-29 01:00:00,8837.860376116352,13375.52743360686,0.0,640248.6489103122
2025-11-29 02:00:00,8625.698849932642,13375.717204827588,0.0,644040.2562818814
2025-11-29 03:00:00,8524.532792055868,13374.487277764118,0.0,647943.040457361
2025-11-29 04:00:00,8432.36447239438,13371.683246571225,0.0,651945.4298457163
2025-11-29 05:00:00,10610.79955462444,13367.634232134646,0.0,653523.286794935
2025-11-29 06:00:00,12030.108265299586,13362.722687952675,0.0,653519.2225214437
2025-11-29 07:00:00,12698.992089522071,13358.040078720163,0.0,652767.2713895838
2025-11-29 08:00:00,13393.938687832564,13352.345766086264,0.0,651237.4630580783
2025-11-29 09:00:00,13794.185819530514,13346.023878931957,0.0,649256.6138041986
2025-11-29 10:00:00,13334.176870711013,13339.511716982244,0.0,647780.373442613
2025-11-29 11:00:00,13423.499889486646,13332.362959797758,0.0,646197.7365252033
2025-11-29 12:00:00,11055.064454027415,13325.1676319245,0.0,647239.4992082086
2025-11-29 13:00:00,11229.348767587158,13317.551875366815,0.0,648079.9968973675
2025-11-29 14:00:00,11871.8533750597,13310.05151159383,0.0,648199.1002144505
2025-11-29 15:00:00,15491.20059123605,13302.528644555228,0.0,644289.1837576323
2025-11-29 16:00:00,15848.555391909318,13294.994895765873,0.0,639974.672662388
2025-11-29 17:00:00,16052.604447413132,13287.289391067374,0.0,635425.7348896629
2025-11-29 18:00:00,16269.539446337109,13279.590416577215,0.0,630628.0592547546
2025-11-29 19:00:00,16418.549245299513,13272.163045967995,0.0,625657.3898059453
2025-11-29 20:00:00,13651.836459538354,13265.029332642704,0.0,623753.7119613232
2025-11-29 21:00:00,12378.03239503973,13257.861455507189,0.0,623258.2040890084
2025-11-29 22:00:00,12026.440280429535,13250.694689650732,0.0,623146.1873559597
2025-11-29 23:00:00,11655.869523935984,13243.454590495903,0.0,623438.6758087488
2025-11-30 00:00:00,11179.721626320112,13236.61044273013,0.0,624253.3733333456
2025-11-30 01:00:00,10811.375725630303,13229.843537166102,0.0,625470.5771753669
2025-11-30 02:00:00,10628.415740454973,13223.32202992043,0.0,626884.5483825596
2025-11-30 03:00:00,10399.578010222058,13216.931344011571,0.0,628546.3930485465
2025-11-30 04:00:00,10313.48233291344,13210.630894007567,0.0,630297.5991282059
2025-11-30 05:00:00,10534.635712152158,13204.45256601528,0.0,631796.900902941
2025-11-30 06:00:00,10840.188817573297,13198.456107492562,0.0,632950.7027686854
2025-11-30 07:00:00,11420.377966527267,13192.77612852513,0.0,633454.1700455137
2025-11-30 08:00:00,11990.867522626075,13188.058913604613,0.0,633319.042822867
2025-11-30 09:00:00,12455.657437799853,13183.06771362891,0.0,632662.4911611626
2025-11-30 10:00:00,12953.915161151344,13177.348200409971,0.0,631446.6002936268
2025-11-30 11:00:00,13125.751757381937,13171.555546110052,0.0,630033.9872204236
2025-11-30 12:00:00,9248.187790376272,13165.677430336928,0.0,632923.9004392314
2025-11-30 13:00:00,12258.899925871412,13159.839411287203,0.0,632462.7399328838
2025-11-30 14:00:00,13511.279661369641,13153.604060810529,0.0,630603.8110366167
2025-11-30 15:00:00,13717.604768131965,13147.594962402913,0.0,628509.6229233176
2025-11-30 16:00:00,13733.830667423368,13141.530615859047,0.0,626391.3416864838
2025-11-30 17:00:00,16331.83491227886,13135.465073238627,0.0,621380.3235238572
2025-11-30 18:00:00,14340.62916575107,13129.485137482758,0.0,618575.7762549497
2025-11-30 19:00:00,13953.739593615763,13123.771549015086,0.0,616195.3926999475
2025-11-30 20:00:00,13753.75396999186,13118.22003703144,0.0,614031.6638814324
2025-11-30 21:00:00,13388.804004649453,13112.537309076242,0.0,612267.7522964537
2025-11-30 22:00:00,12756.502104430649,13106.705579154821,0.0,611200.566648463
2025-11-30 23:00:00,12247.32995108271,13100.800760284705,0.0,610693.2230186559
2025-12-01 00:00:00,6833.001766947476,13094.914114982264,0.0,616195.912948141
2025-12-01 01:00:00,6650.636874274407,13088.994598779618,0.0,621895.311019949
2025-12-01 02:00:00,6616.564934435413,13083.060924034446,0.0,627626.6331279442
2025-12-01 03:00:00,6650.527094017616,13077.134723820194,0.0,633314.2933028558
2025-12-01 04:00:00,6871.813848326465,13071.21020767196,0.0,638750.1547901653
2025-12-01 05:00:00,10994.166421613954,13065.266608195407,0.0,639599.6809299005
2025-12-01 06:00:00,14677.818207567652,13059.30267876439,0.0,636350.2967113676
2025-12-01 07:00:00,15174.50961368889,13053.40542164874,0.0,632543.1358955842
2025-12-01 08:00:00,15126.701764982732,13047.430877958132,0.0,628783.1203680059
2025-12-01 09:00:00,11803.298317023306,13041.445828097549,0.0,628709.7902882998
2025-12-01 10:00:00,9431.637286758345,13035.475079925774,0.0,631265.6683829386
2025-12-01 11:00:00,9387.666958717826,13029.57261168513,0.0,633864.4999293817
2025-12-01 12:00:00,9224.888333743154,13023.780982683355,0.0,636638.4049856839
2025-12-01 13:00:00,9231.915241615787,13018.065310225495,0.0,639398.786694114
2025-12-01 14:00:00,9422.136965718364,13012.606543847567,0.0,641942.352164941
2025-12-01 15:00:00,10047.750894089619,13007.51781168197,0.0,643785.7023165235
2025-12-01 16:00:00,14399.64103277147,13003.222304801364,0.0,640789.323473801
2025-12-01 17:00:00,12583.049650157682,12999.734199911982,0.0,639807.89139576
2025-12-01 18:00:00,12152.113816756435,12996.706948426976,0.0,639302.2496589021
2025-12-01 19:00:00,9453.582295846969,12992.279904705842,0.0,641790.5492348892
2025-12-01 20:00:00,7547.2800882970005,12988.808511262287,0.0,646393.490981377
2025-12-01 21:00:00,6927.30531113096,12986.550696637345,0.0,651683.0357767576
2025-12-01 22:00:00,6077.156851752448,12987.959973329816,0.0,657918.5992481404
2025-12-01 23:00:00,5597.136180216637,12990.50278457291,0.0,664690.0618324726
2025-12-02 00:00:00,5521.828990329621,12993.578948387585,0.0,671548.2752360493
2025-12-02 01:00:00,5492.992152093169,12997.937901596984,0.0,678442.8885242095
2025-12-02 02:00:00,5160.815939843492,13004.276251437952,0.0,685712.9248424879
2025-12-02 03:00:00,4992.9967759462315,13012.432177404478,0.0,693177.5828243967
2025-12-02 04:00:00,5166.714718534913,13022.1927056336,0.0,700458.9813983248
2025-12-02 05:00:00,5609.737968139936,13033.943293873152,0.0,707259.8825053758
2025-12-02 06:00:00,7053.905556883352,13045.97754785847,0.0,712468.1872122529
2025-12-02 07:00:00,8516.426751429515,13057.040631329302,0.0,716062.5314531049
2025-12-02 08:00:00,8255.168469547603,13063.15231673453,0.0,719953.274359231
2025-12-02 09:00:00,7130.038536087541,13070.658707528486,0.0,725101.6680266623
2025-12-02 10:00:00,7213.052296108405,13077.618628739367,0.0,730164.7841041699
2025-12-02 11:00:00,6510.394112597838,13082.219463211568,0.0,736013.2323311617
2025-12-02 12:00:00,6652.203912522653,13085.876045294339,0.0,741707.7706958753
2025-12-02 13:00:00,7023.695730489975,13089.482098467093,0.0,746993.1464271314
2025-12-02 14:00:00,8266.26360674137,13093.334543696266,0.0,750901.7436300039
2025-12-02 15:00:00,13181.746873101258,13095.231882072196,0.0,749350.5900975192
2025-12-02 16:00:00,14567.158748403299,13095.986974551202,0.0,746260.8451294
2025-12-02 17:00:00,14696.622739814373,13095.723475888884,0.0,743026.987783273
2025-12-02 18:00:00,16411.730949667257,13095.020244621477,0.0,737886.751417153
2025-12-02 19:00:00,15469.407070419338,13093.496204876374,0.0,733792.0175437857
2025-12-02 20:00:00,15574.25911212747,13091.400246939666,0.0,729578.6854439172
2025-12-02 21:00:00,15665.930128480597,13088.644643727497,0.0,725260.7410559995
2025-12-02 22:00:00,13607.531082372807,13085.423578883196,0.0,723226.6856544686
2025-12-02 23:00:00,12593.337576753409,13082.10499500654,0.0,722316.1933419711
2025-12-03 00:00:00,12230.849941985489,13078.533840807715,0.0,721804.8939139063
2025-12-03 01:00:00,11949.913665869854,13074.665058194736,0.0,721601.8771211344
2025-12-03 02:00:00,11843.556783225195,13070.489962307161,0.0,721512.8595465248
2025-12-03 03:00:00,11918.077754025664,13066.061578369834,0.0,721336.6125093106
2025-12-03 04:00:00,12283.40323465265,13061.49039839114,0.0,720749.8770914209
2025-12-03 05:00:00,13402.6771450864,13056.825232013402,0.0,718914.838828894
2025-12-03 06:00:00,15518.043150362173,13052.174441874546,0.0,714724.7431036994
2025-12-03 07:00:00,15654.656646664858,13047.462061079254,0.0,710378.1422240399
2025-12-03 08:00:00,15489.643313764953,13042.776868803136,0.0,706210.2042997708
2025-12-03 09:00:00,15091.860192852884,13038.094768991994,0.0,702479.5655211484
2025-12-03 10:00:00,17520.822216106033,13033.55961971302,0.0,696045.5449007436
2025-12-03 11:00:00,15363.45504206913,13029.527262273285,0.0,692004.566560718
2025-12-03 12:00:00,16298.75252132706,13025.274415197306,0.0,686920.1159522184
2025-12-03 13:00:00,16850.783312689127,13021.356486155435,0.0,681218.3798687193
2025-12-03 14:00:00,17479.55812377067,13017.994829954858,0.0,674814.6434500401
2025-12-03 15:00:00,20021.497882722317,13015.23778470824,0.0,665583.772476168
2025-12-03 16:00:00,19785.611630771436,13013.043774391548,0.0,656612.8033274801
2025-12-03 17:00:00,17569.11887452741,13012.310042434921,0.0,650103.8701759957
2025-12-03 18:00:00,15098.809533287842,13011.417566489026,0.0,646338.8327054982
2025-12-03 19:00:00,14929.491886976588,13010.487969454201,0.0,642760.9963560896
2025-12-03 20:00:00,14771.902346261937,13009.4563657805,0.0,639357.2278926902
2025-12-03 21:00:00,14516.681709564165,13008.163507236717,0.0,636235.7450559668
2025-12-03 22:00:00,14019.694064610056,13006.561228562217,0.0,633664.8684349621
2025-12-03 23:00:00,13178.661993288932,13004.623111225103,0.0,632026.5337758661
2025-12-04 00:00:00,11900.555751515281,13002.5973879329,0.0,631806.2914398931
2025-12-04 01:00:00,11722.148210816842,12999.959683978865,0.0,631781.6420007423
2025-12-04 02:00:00,11285.12473944622,12996.843687391076,0.0,632239.4581998597
2025-12-04 03:00:00,8282.940518328649,12993.332324003339,0.0,636029.5232812756
2025-12-04 04:00:00,11656.666136497748,12989.207843196647,0.0,636066.8798616971
2025-12-04 05:00:00,14298.789433272927,12984.427145094487,0.0,633163.7631920439
2025-12-04 06:00:00,16765.455518286268,12979.414761473852,0.0,627514.8940443108
2025-12-04 07:00:00,17462.93835037895,12974.717169878471,0.0,621086.3463804348
2025-12-04 08:00:00,20163.519274671624,12969.803440032945,0.0,611652.2395152771
2025-12-04 09:00:00,20269.847344938134,12964.704016586367,0.0,602094.8909263766
2025-12-04 10:00:00,20069.242498527536,12959.173569837023,0.0,592754.9061645163
2025-12-04 11:00:00,17098.27757498652,12953.731697277392,0.0,586710.5516673643
2025-12-04 12:00:00,9751.325162119949,12948.353651846686,0.0,588824.0995835222
2025-12-04 13:00:00,9741.926704819001,12942.518117152844,0.0,590942.2546953206
2025-12-04 14:00:00,16600.008003174047,12936.085529664126,0.0,585433.8868881246
2025-12-04 15:00:00,21981.153743232368,12929.87192365352,0.0,573940.254652631
2025-12-04 16:00:00,21817.769815380027,12924.363532322823,0.0,562622.6517234206
2025-12-04 17:00:00,20866.595776838254,12919.018625395764,0.0,552356.5639301072
2025-12-04 18:00:00,20320.793461363486,12910.518252961501,0.0,542688.4227815537
2025-12-04 19:00:00,17999.40853404849,12899.886492612164,0.0,535588.9664585565
2025-12-04 20:00:00,15679.994813725993,12882.55741989556,0.0,531049.3074187565
2025-12-04 21:00:00,13969.263748944168,12863.438057973164,0.0,528391.3413112361
2025-12-04 22:00:00,13776.31382234521,12844.87192969577,0.0,525929.1978827706
2025-12-04 23:00:00,13441.2269476502,12822.928481283083,0.0,523817.4297555533
2025-12-05 00:00:00,13105.816352061294,12786.960955993396,0.0,522042.3725425898
2025-12-05 01:00:00,12978.088903977528,12748.836509741512,0.0,520371.11027013406
2025-12-05 02:00:00,12834.640390104261,12720.15960091646,0.0,518830.5583264903
2025-12-05 03:00:00,12527.945412568108,12702.224609365445,0.0,517612.8435885578
2025-12-05 04:00:00,12223.17159703029,12688.816160280301,0.0,516720.35797436
2025-12-05 05:00:00,15663.167642663757,12678.004150844758,0.0,511994.84252224496
2025-12-05 06:00:00,20493.58026950536,12668.418460171633,0.0,501892.6162385218
2025-12-05 07:00:00,21554.045579667087,12656.884595496205,0.0,490600.5613010545
2025-12-05 08:00:00,21437.51767653299,12645.499397221156,0.0,479426.5966132391
2025-12-05 09:00:00,21594.587043394473,12636.066906486509,0.0,468068.6779159539
2025-12-05 10:00:00,21769.616495236063,12627.13559957432,0.0,456507.3507430438
2025-12-05 11:00:00,19311.173580359256,12617.379413414817,0.0,447667.87062272604
2025-12-05 12:00:00,18439.098038124124,12608.260938291314,0.0,439788.24485199054
2025-12-05 13:00:00,18745.470817856934,12599.878089921856,0.0,431559.8220331825
2025-12-05 14:00:00,19198.39789144368,12592.376462083392,0.0,422820.6452825506
2025-12-05 15:00:00,19148.68360793644,12585.144729936654,0.0,414129.47489255795
2025-12-05 16:00:00,18854.90879069866,12578.342170116335,0.0,405757.91840634245
2025-12-05 17:00:00,17770.267070555063,12571.881092978607,0.0,398585.0583098154
2025-12-05 18:00:00,16549.890482088424,12565.419530490277,0.0,392761.71063798526
2025-12-05 19:00:00,15090.042814453962,12557.849025930876,0.0,388552.84542563395
2025-12-05 20:00:00,14009.400619578733,12547.660093219807,0.0,385534.50483043294
2025-12-05 21:00:00,12475.406836038259,12537.796854883889,0.0,384210.738534163
2025-12-05 22:00:00,9414.636640455974,12528.80475916818,0.0,386278.83591504674
2025-12-05 23:00:00,6139.881558456848,12521.42168786854,0.0,391978.1669824077
2025-12-06 00:00:00,5485.43482195564,12513.385142866147,0.0,398396.62454532314
2025-12-06 01:00:00,5225.8774661097095,12504.584769831357,0.0,405094.6787972548
2025-12-06 02:00:00,5011.905399660476,12495.398652838794,0.0,412021.2936726931
2025-12-06 03:00:00,4850.842162800143,12487.607562815068,0.0,419119.0766101746
2025-12-06 04:00:00,4877.432140166293,12481.53539388268,0.0,426181.24295942805
2025-12-06 05:00:00,5157.352314321908,12476.603046460741,0.0,432927.45454553113
2025-12-06 06:00:00,5428.59591093922,12472.285325290462,0.0,439367.9666364447
2025-12-06 07:00:00,6136.702403965104,12467.6909816816,0.0,445017.09939149837
2025-12-06 08:00:00,6654.563143462471,12463.913931961513,0.0,450087.0542751683
2025-12-06 09:00:00,6964.892719667358,12460.311331995297,0.0,454808.5959186442
2025-12-06 10:00:00,7256.726868425655,12456.629393276033,0.0,459202.19545811403
2025-12-06 11:00:00,7240.2206951928965,12453.007138499113,0.0,463610.5129352877
2025-12-06 12:00:00,7100.044074361015,12449.441007931346,0.0,468171.0160828179
2025-12-06 13:00:00,7211.216655560128,12445.78564155174,0.0,472604.33877374727
2025-12-06 14:00:00,7347.378236141788,12442.189992958012,0.0,476882.7751709922
2025-12-06 15:00:00,7582.336429927193,12438.711870227622,0.0,480896.66878574516
2025-12-06 16:00:00,7460.755356638349,12435.453036598508,0.0,485042.3936483011
2025-12-06 17:00:00,7166.160997059681,12432.296900309848,0.0,489512.28944076685
2025-12-06 18:00:00,6775.800088649096,12429.27577970826,0.0,494412.8984553094
2025-12-06 19:00:00,6273.777563977507,12426.174767380375,0.0,499868.2092627148
2025-12-06 20:00:00,5946.7365673880995,12423.297167149613,0.0,505684.0213549887
2025-12-06 21:00:00,5585.721541327557,12420.5222173436,0.0,511898.1863041906
2025-12-06 22:00:00,5550.449587320459,12417.834758026775,0.0,518148.8548540835
2025-12-06 23:00:00,5335.991472629095,12415.152190075507,0.0,524635.1276301269
2025-12-07 00:00:00,5062.1284755004735,12412.470042659632,0.0,531423.010477786
2025-12-07 01:00:00,4775.833822017456,12409.749245835628,0.0,538526.2776991578
2025-12-07 02:00:00,4609.956825272141,12407.001846372594,0.0,545811.1052952278
2025-12-07 03:00:00,4557.8254437356345,12404.19909433678,0.0,553151.0538965252
2025-12-07 04:00:00,4351.848853549096,12401.350120239693,0.0,560717.0164017103
2025-12-07 05:00:00,4681.925634011684,12398.436117109264,0.0,567913.3129254732
2025-12-07 06:00:00,4853.515184718211,12395.467666281871,0.0,574915.9859420682
2025-12-07 07:00:00,5418.766922365535,12392.116517965567,0.0,581287.2503240721
2025-12-07 08:00:00,5872.653073731181,12387.87025348542,0.0,587149.9504956339
2025-12-07 09:00:00,6323.00438438137,12383.879189896235,0.0,592508.2692584398
2025-12-07 10:00:00,6610.798983246078,12380.646400866446,0.0,597543.5834556994
2025-12-07 11:00:00,6793.714022259562,12377.50855108508,0.0,602372.5208709405
2025-12-07 12:00:00,6967.629860067099,12374.485182336712,0.0,607005.1950976471
2025-12-07 13:00:00,7171.022120385648,12371.235289640419,0.0,611408.6280313034
2025-12-07 14:00:00,7433.075384602594,12368.086524784636,0.0,615517.7419065298
2025-12-07 15:00:00,7805.752885749463,12364.606454272023,0.0,619209.289598858
2025-12-07 16:00:00,7856.310867200239,12361.343774073202,0.0,622841.399076042
2025-12-07 17:00:00,7932.954847968068,12358.26831077097,0.0,626385.273111293
2025-12-07 18:00:00,7721.057448497392,12355.361936242698,0.0,630161.682326983
2025-12-07 19:00:00,7524.558917483752,12352.188849319811,0.0,634153.2501568763
2025-12-07 20:00:00,7238.094912013755,12349.01125608399,0.0,638459.9337329451
2025-12-07 21:00:00,7012.416371636708,12346.09460739933,0.0,643014.4545940815
2025-12-07 22:00:00,6892.37142737912,12343.505026613464,0.0,647699.7691458293
2025-12-07 23:00:00,6441.897896348321,12341.176799079705,0.0,652883.2816156329
2025-12-08 00:00:00,6058.20448045818,12339.011615169658,0.0,658490.9549191825
2025-12-08 01:00:00,5803.850808906922,12337.904915472749,0.0,664380.1367136475
2025-12-08 02:00:00,5552.441839272336,12338.368540238294,0.0,670549.1254324722
2025-12-08 03:00:00,5500.597645417243,12339.189915233852,0.0,676776.5401861313
2025-12-08 04:00:00,5575.31580886546,12341.568319140632,0.0,682923.313162088
2025-12-08 05:00:00,6517.092905233894,12346.884311853915,0.0,688028.9831347931
2025-12-08 06:00:00,7237.607197369101,12353.856303539287,0.0,692341.053663478
2025-12-08 07:00:00,7915.756413169084,12359.91483175526,0.0,695905.6835917119
2025-12-08 08:00:00,8088.174387079819,12365.29188390945,0.0,699284.1150455327
2025-12-08 09:00:00,8269.08522713156,12368.142235170544,0.0,702464.3848061126
2025-12-08 10:00:00,8628.339411589259,12369.116229652955,0.0,705246.4572451109
2025-12-08 11:00:00,8678.646325903937,12368.512686512693,0.0,707972.0295695082
2025-12-08 12:00:00,8905.597723958454,12367.492313268645,0.0,710444.4133006006
2025-12-08 13:00:00,9073.99619248317,12366.095749865755,0.0,712728.2910588185
2025-12-08 14:00:00,9430.789294713584,12364.354469587513,0.0,714613.9907565018
2025-12-08 15:00:00,9585.274572529743,12362.156335193204,0.0,716325.8420111064
2025-12-08 16:00:00,14723.136802671688,12359.247960673592,0.0,712326.0490799226
2025-12-08 17:00:00,14595.821774581162,12355.577305847202,0.0,708464.0466362352
2025-12-08 18:00:00,14549.696611383946,12351.391475858582,0.0,704649.1085438892
2025-12-08 19:00:00,11938.83182688693,12349.18164574192,0.0,703732.9214930902
2025-12-08 20:00:00,8946.629704252124,12345.683448909964,0.0,706137.905270609
2025-12-08 21:00:00,8161.174602811712,12340.836064918205,0.0,709410.7695546251
2025-12-08 22:00:00,7566.00182912547,12332.346344850146,0.0,713336.447200447
2025-12-08 23:00:00,6909.937800870528,12322.810524146542,0.0,717981.5490569596
2025-12-09 00:00:00,6443.060682152609,12312.75982036554,0.0,723135.3525638223
2025-12-09 01:00:00,6119.24996325795,12301.405636490432,0.0,728637.5915744706
2025-12-09 02:00:00,6104.903035672331,12288.11252413102,0.0,734142.4785034102
2025-12-09 03:00:00,6288.819455733794,12273.073071544759,0.0,739427.9744019174
2025-12-09 04:00:00,6765.877987856146,12256.506060173637,0.0,744166.838253362
2025-12-09 05:00:00,8132.744951767052,12238.013251856693,0.0,747368.4682254775
2025-12-09 06:00:00,14419.184837332996,12219.174398452404,0.0,743566.3261380043
2025-12-09 07:00:00,14861.285217647022,12200.73083332542,0.0,739254.5178406108
2025-12-09 08:00:00,15020.693652499904,12187.237386920624,0.0,734752.0956136427
2025-12-09 09:00:00,10655.681268791352,12172.323197491492,0.0,735084.7729569216
2025-12-09 10:00:00,10059.095918530089,12157.936480466951,0.0,736065.9361945775
2025-12-09 11:00:00,9758.057863235335,12145.869272132888,0.0,737369.5189520043
2025-12-09 12:00:00,9610.72445666251,12134.80130560607,0.0,738825.7375279854
2025-12-09 13:00:00,9806.722699018374,12123.74582002611,0.0,740053.1247935467
2025-12-09 14:00:00,10026.48962047366,12112.355864704652,0.0,741024.9366355027
2025-12-09 15:00:00,10602.015088826138,12102.908838607267,0.0,741347.8287087476
2025-12-09 16:00:00,19382.636829930398,12094.61358464667,0.0,731906.1791490272
2025-12-09 17:00:00,20100.188581924234,12087.38029016331,0.0,721660.0165703859
2025-12-09 18:00:00,13439.792702274935,12080.699798788963,0.0,718807.613366647
2025-12-09 19:00:00,9062.086190680871,12074.996341680253,0.0,720813.6250520153
2025-12-09 20:00:00,8423.56544080046,12070.17379055863,0.0,723524.2816861289
2025-12-09 21:00:00,7814.096240368306,12067.006261875587,0.0,726908.9587920397
2025-12-09 22:00:00,7162.6522449052045,12066.382012510825,0.0,731016.8383102114
2025-12-09 23:00:00,6640.97361600049,12068.710922249526,0.0,735706.689659127
2025-12-10 00:00:00,6142.822074751179,12074.115643772255,0.0,740955.4474420646
2025-12-10 01:00:00,5953.186664238232,12077.774464209679,0.0,746418.5700571206
2025-12-10 02:00:00,5617.77154550345,12079.780675169672,0.0,752256.3823483976
2025-12-10 03:00:00,5291.467684754771,12081.182623184297,0.0,758458.1564329655
2025-12-10 04:00:00,5224.180633713762,12083.876587294879,0.0,764737.3878716895
2025-12-10 05:00:00,5919.00721150901,12089.643277797673,0.0,770250.3564700327
2025-12-10 06:00:00,8501.32254117961,12097.530002501067,0.0,772901.9725378897
2025-12-10 07:00:00,12077.426786835327,12106.5485786754,0.0,771589.1580200813
2025-12-10 08:00:00,11767.152328721462,12115.282372621896,0.0,770629.826694124
2025-12-10 09:00:00,7272.414552155113,12122.339470907278,0.0,774671.7055515255
2025-12-10 10:00:00,8285.38916449905,12128.189910730332,0.0,777593.9075017013
2025-12-10 11:00:00,6765.723102869897,12133.299139928775,0.0,782209.7365273301
2025-12-10 12:00:00,6745.495250940019,12137.317982833043,0.0,786852.0597868966
2025-12-10 13:00:00,7261.779982334351,12139.942187021501,0.0,790923.357549102
2025-12-10 14:00:00,8167.376292458733,12141.596007198597,0.0,793990.0910091243
2025-12-10 15:00:00,13211.388705681518,12142.517696459723,0.0,791453.2879214934
2025-12-10 16:00:00,13145.877346036617,12142.918185202185,0.0,788989.6757222104
2025-12-10 17:00:00,14591.042390953473,12141.472982493618,0.0,784918.8793814225
2025-12-10 18:00:00,12866.212956471692,12140.463770603654,0.0,782763.5509781687
2025-12-10 19:00:00,12622.419268363632,12138.679168593435,0.0,780877.3198485804
2025-12-10 20:00:00,7730.064229996891,12137.247075320667,0.0,784425.606668349
2025-12-10 21:00:00,6851.884860880249,12136.59413048589,0.0,788948.9953978567
2025-12-10 22:00:00,6395.677287394175,12138.851424026001,0.0,793981.5387247782
2025-12-10 23:00:00,5842.590461425022,12143.3368469263,0.0,799633.1083923432
2025-12-11 00:00:00,5412.788616667654,12149.113403870277,0.0,805768.0122221385
2025-12-11 01:00:00,5107.4935477995805,12158.669187587728,0.0,812251.6885788378
2025-12-11 02:00:00,4813.183316854931,12170.876772619396,0.0,819074.583888285
2025-12-11 03:00:00,4617.47794985245,12184.688502763509,0.0,826128.7413356568
2025-12-11 04:00:00,4635.206976839185,12199.679885235091,0.0,833178.1912466263
2025-12-11 05:00:00,6522.317541317167,12215.523907129958,0.0,838146.6956634037
2025-12-11 06:00:00,12353.106154353967,12230.540114818294,0.0,836651.5622733842
2025-12-11 07:00:00,12824.541823186823,12246.350065220182,0.0,834648.4214239524
2025-12-11 08:00:00,12657.614735759365,12258.802633195384,0.0,832843.2076840817
2025-12-11 09:00:00,12365.913401362099,12273.323942227635,0.0,831376.6278470182
2025-12-11 10:00:00,10214.676623654714,12291.173885740116,0.0,832318.1610398085
2025-12-11 11:00:00,7624.341650785709,12311.121814817836,0.0,836157.7921315313
2025-12-11 12:00:00,7548.298881030458,12330.346626646171,0.0,840101.1400014769
2025-12-11 13:00:00,7615.531866898773,12349.025656176103,0.0,843988.463583321
2025-12-11 14:00:00,8372.651067495037,12362.876459943831,0.0,847048.3944127148
2025-12-11 15:00:00,13472.441140206556,12372.42759176568,0.0,844451.4429598065
2025-12-11 16:00:00,19200.537146340033,12378.398614297486,0.0,835495.9114115039
2025-12-11 17:00:00,19261.44960902678,12382.546043923572,0.0,826476.8467787313
2025-12-11 18:00:00,19106.167746490057,12385.403209793705,0.0,817633.1747146471
2025-12-11 19:00:00,16545.82200273362,12388.433000499737,0.0,811637.3610454428
2025-12-11 20:00:00,12831.668902132422,12391.224288893476,0.0,809771.175443078
2025-12-11 21:00:00,12450.426725620808,12394.493074589689,0.0,808331.8610447557
2025-12-11 22:00:00,11937.45245336584,12397.17864041275,0.0,807465.203625873
2025-12-11 23:00:00,11545.605724505793,12399.797233578976,0.0,807036.5500544455
2025-12-12 00:00:00,10122.217141947029,12402.380538101545,0.0,808192.0226570504
2025-12-12 01:00:00,10434.819324367338,12404.351266896718,0.0,809002.1302302056
2025-12-12 02:00:00,9742.420562246192,12405.374627897043,0.0,810582.5931222736
2025-12-12 03:00:00,10894.013277791975,12405.659849053895,0.0,810883.7937737807
2025-12-12 04:00:00,16748.50487076029,12405.57375396352,0.0,804679.9176713439
2025-12-12 05:00:00,17803.57915170688,12404.920035801302,0.0,797303.0830941376
2025-12-12 06:00:00,18821.031111407206,12404.72429113992,0.0,788795.5505948251
2025-12-12 07:00:00,20035.8052822262,12405.091786629357,0.0,778938.6365123142
2025-12-12 08:00:00,20061.833638798395,12405.180296339608,0.0,769052.8905433222
2025-12-12 09:00:00,20099.73332082418,12404.606789020003,0.0,759124.4603092043
2025-12-12 10:00:00,19309.813528673054,12403.923113262079,0.0,750073.035057274
2025-12-12 11:00:00,19108.180236989,12403.355196203609,0.0,741245.0788790454
2025-12-12 12:00:00,19121.794276237535,12402.718304162254,0.0,732401.3590984994
2025-12-12 13:00:00,19744.06860062536,12401.953166048504,0.0,722865.4582638531
2025-12-12 14:00:00,20485.604649848712,12401.223389585757,0.0,712504.8987091625
2025-12-12 15:00:00,21017.77977114456,12400.344639702293,0.0,701552.1547142597
2025-12-12 16:00:00,20425.150620401055,12399.45951245918,0.0,691257.0024262732
2025-12-12 17:00:00,19673.262094124602,12398.793110634813,0.0,681796.615432325
2025-12-12 18:00:00,18488.089655754262,12398.05109186333,0.0,673652.3446844615
2025-12-12 19:00:00,17757.121182691357,12398.423964480526,0.0,666320.6340015072
2025-12-12 20:00:00,17411.30355206046,12399.631399254778,0.0,659374.3725651393
2025-12-12 21:00:00,16946.403427700163,12401.80450637004,0.0,652946.8399296204
2025-12-12 22:00:00,16409.247555135382,12405.081987346572,0.0,647119.4246334832
2025-12-12 23:00:00,15621.794560205348,12409.413640954806,0.0,642171.2887630987
2025-12-13 00:00:00,10297.46380323454,12414.256726700141,0.0,643143.9190417604
2025-12-13 01:00:00,10057.716947048462,12421.182302831938,0.0,644389.8602923163
2025-12-13 02:00:00,10015.166246337856,12432.69920147356,0.0,645694.5969978588
2025-12-13 03:00:00,7929.864982282283,12446.861313558942,0.0,649330.497219993
2025-12-13 04:00:00,8364.659241082081,12457.563868842883,0.0,652493.9952654114
2025-12-13 05:00:00,10258.664883321204,12463.073177561797,0.0,653558.5519059497
2025-12-13 06:00:00,10710.71272036909,12465.750251959895,0.0,654123.5102463895
2025-12-13 07:00:00,14561.771461368233,12468.343444938091,0.0,650412.1076231408
2025-12-13 08:00:00,17573.01185278383,12469.970895061459,0.0,643356.5097928868
2025-12-13 09:00:00,12193.925387353764,12470.891686813526,0.0,642278.5954937518
2025-12-13 10:00:00,12473.650358056726,12471.316531291279,0.0,640890.3005160912
2025-12-13 11:00:00,7336.332702027285,12471.271377365005,0.0,645210.0911134259
2025-12-13 12:00:00,6961.810304109397,12471.201307964215,0.0,649945.9476390462
2025-12-13 13:00:00,6968.562716225772,12471.698986524889,0.0,654674.7991630982
2025-12-13 14:00:00,7429.22055685696,12471.867506036107,0.0,658891.9771615153
2025-12-13 15:00:00,12854.545403078497,12471.663008798547,0.0,657080.8119446712
2025-12-13 16:00:00,17438.62697530551,12471.371781965221,0.0,650175.9315318525
2025-12-13 17:00:00,18289.99469071643,12471.263777764254,0.0,642324.9789865984
2025-12-13 18:00:00,18001.27803515903,12471.42050373812,0.0,634794.979451271
2025-12-13 19:00:00,13635.829663457367,12472.193347930237,0.0,632116.2509509154
2025-12-13 20:00:00,11338.978022187086,12474.013425768902,0.0,631991.3999075876
2025-12-13 21:00:00,10758.120992014636,12478.099173960032,0.0,632516.0313126423
2025-12-13 22:00:00,7015.259081767209,12483.281150256777,0.0,637204.5801498245
2025-12-13 23:00:00,4769.873791676504,12490.085946139356,0.0,644394.8063274344
2025-12-14 00:00:00,4169.33960971106,12497.7292934743,0.0,652259.936054563
2025-12-14 01:00:00,3695.2651960330077,12505.244273934997,0.0,660659.3301106836
2025-12-14 02:00:00,3389.942777692255,12514.572385620775,0.0,669407.2994099796
2025-12-14 03:00:00,3170.819358091011,12527.636758663772,0.0,678411.8035485423
2025-12-14 04:00:00,3104.913498791324,12542.650483826075,0.0,687504.5501448225
2025-12-14 05:00:00,3356.301283882174,12561.918645431586,0.0,696337.2451414962
2025-12-14 06:00:00,3681.202674929854,12588.388051779702,0.0,704835.4079989094
2025-12-14 07:00:00,4117.022964322905,12622.68031180656,0.0,712883.618350357
2025-12-14 08:00:00,4827.0601923892245,12660.360688747858,0.0,720180.5788253392
2025-12-14 09:00:00,5277.605252843397,12685.75524334835,0.0,727002.328232195
2025-12-14 10:00:00,5570.694270331597,12703.122292391037,0.0,733515.7902242176
2025-12-14 11:00:00,5782.140795330729,12718.726399880996,0.0,739809.9157403976
2025-12-14 12:00:00,5936.066814788881,12731.049421408849,0.0,745945.3353675967
2025-12-14 13:00:00,5999.44955991381,12740.663558572076,0.0,752019.9438595977
2025-12-14 14:00:00,6273.331957766903,12745.941124590781,0.0,757795.5161422252
2025-12-14 15:00:00,6449.0101996574585,12750.612919119432,0.0,763380.5621728365
2025-12-14 16:00:00,7268.297886997211,12755.115291619713,0.0,768059.790923348
2025-12-14 17:00:00,8133.409841816288,12759.522699040848,0.0,771782.1915759264
2025-12-14 18:00:00,7845.116372288976,12764.156755225755,0.0,775829.5523619421
2025-12-14 19:00:00,6197.1897550336425,12768.933486264646,0.0,781712.7194537249
2025-12-14 20:00:00,5362.353349568772,12780.50265654149,0.0,788535.0517218568
2025-12-14 21:00:00,4929.055990486024,12796.116901847263,0.0,795854.4397453861
2025-12-14 22:00:00,4719.134919428962,12813.919571854465,0.0,803424.8760734308
2025-12-14 23:00:00,4003.0354530920295,12834.829109362672,0.0,811811.8880126912
2025-12-15 00:00:00,4177.721536250066,12849.29533877976,0.0,820019.2705334154
2025-12-15 01:00:00,3466.147948114885,12861.698268223328,0.0,829029.6933037332
2025-12-15 02:00:00,2979.2832352418372,12876.773621181548,0.0,838596.1522190904
2025-12-15 03:00:00,3045.7337529549714,12902.877738253328,0.0,848114.8813429495
2025-12-15 04:00:00,3728.193440109848,12940.263569272647,0.0,856912.7077565445
2025-12-15 05:00:00,5881.228192100911,12974.204857769311,0.0,863352.2146230905
2025-12-15 06:00:00,11178.151965822846,13003.7665230166,0.0,863935.8122951929
2025-12-15 07:00:00,17496.25072485206,13027.998257396994,0.0,857523.531969421
2025-12-15 08:00:00,17693.524830641232,13059.810889885712,0.0,850923.8708252608
2025-12-15 09:00:00,12176.08779692218,13089.174392616707,0.0,850484.0587768529
2025-12-15 10:00:00,10823.571882995035,13114.677048597503,0.0,851572.5448443446
2025-12-15 11:00:00,8926.236896711473,13135.190823083187,0.0,854789.694671082
2025-12-15 12:00:00,8070.715783101832,13150.271781265572,0.0,858972.5044711235
2025-12-15 13:00:00,8377.46602968173,13163.389518176673,0.0,862827.5984007649
2025-12-15 14:00:00,9860.757184649909,13173.80440804144,0.0,865045.0059369729
2025-12-15 15:00:00,14493.016746398192,13183.535284955506,0.0,862125.1892814861
2025-12-15 16:00:00,17771.670017500128,13192.126150119608,0.0,855571.0154121611
2025-12-15 17:00:00,17671.268263225404,13200.84363590364,0.0,849137.1165333698
2025-12-15 18:00:00,17603.956134888864,13211.356090435233,0.0,842788.5213628173
2025-12-15 19:00:00,17494.316442121715,13223.480902551182,0.0,836573.8728852334
2025-12-15 20:00:00,12628.523885383256,13237.613419729358,0.0,835779.7930989813
2025-12-15 21:00:00,11755.267813267137,13254.347381519372,0.0,835972.7317990927
2025-12-15 22:00:00,11566.102018169093,13272.768462402048,0.0,836394.2757968623
2025-12-15 23:00:00,9564.127161318323,13291.610084370886,0.0,839059.0779242129
2025-12-16 00:00:00,8283.630906131311,13310.214143080388,0.0,843165.2577271473
2025-12-16 01:00:00,7761.376843422002,13328.026001105636,0.0,847869.5316800063
2025-12-16 02:00:00,7560.028179663977,13345.581203704718,0.0,852815.0815729733
2025-12-16 03:00:00,6341.2100521350285,13362.8555644563,0.0,859132.1481906128
2025-12-16 04:00:00,10311.87693337684,13377.938273275215,0.0,861052.4454268026
2025-12-16 05:00:00,16642.071465706747,13391.629452259946,0.0,855952.8843616109
2025-12-16 06:00:00,17804.117945224585,13405.236185180254,0.0,849575.7672743193
2025-12-16 07:00:00,18321.8222771465,13416.362562841612,0.0,842634.5495292203
2025-12-16 08:00:00,18252.486147423893,13427.696503297004,0.0,835781.7058687129
2025-12-16 09:00:00,18322.500001076427,13438.76155191768,0.0,828862.1340861013
2025-12-16 10:00:00,15392.94406158751,13449.448763084005,0.0,825208.3116696436
2025-12-16 11:00:00,10660.127042824206,13459.40208037264,0.0,826823.1281468782
2025-12-16 12:00:00,10758.074753331817,13468.679020460735,0.0,828338.390774748
2025-12-16 13:00:00,13392.895102595774,13477.79448911336,0.0,826935.1907054217
2025-12-16 14:00:00,19076.003467892337,13486.92533159925,0.0,819226.5566282517
2025-12-16 15:00:00,19589.484779540755,13496.347162041515,0.0,810956.8095908033
2025-12-16 16:00:00,19240.723607440093,13507.207218864998,0.0,803085.435023624
2025-12-16 17:00:00,18844.69285557823,13519.216651990664,0.0,795666.1040583054
2025-12-16 18:00:00,18803.43425459007,13532.221895155728,0.0,788305.6212261388
2025-12-16 19:00:00,18680.38908700606,13541.882219262747,0.0,781091.5155709503
2025-12-16 20:00:00,18500.05035129241,13551.999567125198,0.0,774087.9036366397
2025-12-16 21:00:00,18056.65918857328,13562.581508479128,0.0,767587.5304911484
2025-12-16 22:00:00,17441.129720520068,13573.092519182284,0.0,761781.5899875306
2025-12-16 23:00:00,16859.336496802487,13580.939188993103,0.0,756629.9330689654
2025-12-17 00:00:00,16425.722623187896,13585.51709860606,0.0,751964.6472529182
2025-12-17 01:00:00,16112.598291405135,13590.982962309403,0.0,747652.7432247775
2025-12-17 02:00:00,15948.932600116013,13597.152135971828,0.0,743528.8591383981
2025-12-17 03:00:00,15896.003743408754,13603.469247631827,0.0,739470.1020044647
2025-12-17 04:00:00,14751.926213916837,13608.458298861116,0.0,736687.5311767516
2025-12-17 05:00:00,13688.864874509865,13610.02151611485,0.0,735087.7028323
2025-12-17 06:00:00,15072.96900836845,13609.47728461038,0.0,731949.4367742788
2025-12-17 07:00:00,16157.149330120763,13607.83355106897,0.0,727604.882180769
2025-12-17 08:00:00,19116.420501033648,13606.357063591406,0.0,719970.7720209898
2025-12-17 09:00:00,19043.94619737373,13606.551164269253,0.0,712417.3829659548
2025-12-17 10:00:00,18791.38479367328,13607.836350866295,0.0,705145.9028794063
2025-12-17 11:00:00,18639.29727938159,13609.44400547168,0.0,698045.0165744543
2025-12-17 12:00:00,18590.585166711866,13612.388141658583,0.0,691001.198975322
2025-12-17 13:00:00,18781.162269168024,13616.382919737975,0.0,683749.6238182065
2025-12-17 14:00:00,19089.510012961433,13620.839991667808,0.0,676159.897128806
2025-12-17 15:00:00,19384.660868770265,13625.50975793568,0.0,668246.8948103302
2025-12-17 16:00:00,19030.88727122657,13630.224223666406,0.0,660731.688732634
2025-12-17 17:00:00,18699.210019534534,13635.34224357273,0.0,653590.1309545016
2025-12-17 18:00:00,18538.09106978094,13640.26026289145,0.0,646632.5122509699
2025-12-17 19:00:00,18219.57579507114,13646.268959992864,0.0,640034.808105328
2025-12-17 20:00:00,17731.97983566092,13652.558638445838,0.0,633985.1669263728
2025-12-17 21:00:00,17041.477929241002,13658.3494110062,0.0,628708.5408604445
2025-12-17 22:00:00,11304.814406645668,13661.617309171184,0.0,629809.2532733427
2025-12-17 23:00:00,7203.33167358812,13663.259945392741,0.0,635468.8113591932
2025-12-18 00:00:00,5701.3644424939675,13664.48548667685,0.0,642798.4474653212
2025-12-18 01:00:00,4921.768742765982,13664.04253012921,0.0,650993.8580590436
2025-12-18 02:00:00,4520.572666193628,13661.717417870253,0.0,659632.716958921
2025-12-18 03:00:00,4478.091408327611,13658.692106164433,0.0,668315.7519447214
2025-12-18 04:00:00,4731.693072439779,13656.336912194762,0.0,676714.652109761
2025-12-18 05:00:00,6217.676311041055,13655.499206041597,0.0,683461.6220813124
2025-12-18 06:00:00,8361.71916613237,13656.309457606521,0.0,687827.1324654386
2025-12-18 07:00:00,8485.755229585911,13660.664852834003,0.0,692059.1803965105
2025-12-18 08:00:00,10787.062679619694,13669.379413799026,0.0,693742.934610732
2025-12-18 09:00:00,9408.3534026688,13675.758223846036,0.0,696964.9668316126
2025-12-18 10:00:00,9339.266654246185,13680.218397704215,0.0,700268.2222801545
2025-12-18 11:00:00,6432.944438094695,13681.819884945411,0.0,706802.3261227724
2025-12-18 12:00:00,6548.773451043162,13682.813370952104,0.0,713208.724548121
2025-12-18 13:00:00,6770.3528873550695,13681.780104679996,0.0,719367.8903335176
2025-12-18 14:00:00,7199.209506843114,13681.735126109936,0.0,725050.5037853576
2025-12-18 15:00:00,7840.949608317661,13684.096886036601,0.0,730022.43443993
2025-12-18 16:00:00,10321.87523290583,13688.96180920294,0.0,732242.6459903487
2025-12-18 17:00:00,11648.77723656416,13693.976425187228,0.0,732993.5365971313
2025-12-18 18:00:00,10496.897013947413,13699.180098890167,0.0,735029.4977916353
2025-12-18 19:00:00,8683.646151519999,13703.91664965243,0.0,739084.9187173768
2025-12-18 20:00:00,7727.2762660286335,13708.96347843249,0.0,744208.0196779995
2025-12-18 21:00:00,7667.781916027663,13713.894764930186,0.0,749402.1567584546
2025-12-18 22:00:00,6843.11000488224,13722.63111691026,0.0,755521.3323143849
2025-12-18 23:00:00,6175.583949079706,13738.164669121214,0.0,762397.7370400841
2025-12-19 00:00:00,5676.112890163793,13760.162692682587,0.0,769851.1076325844
2025-12-19 01:00:00,5293.891961528345,13785.259171269076,0.0,777754.2646243776
2025-12-19 02:00:00,5039.196716053797,13809.284522901158,0.0,785964.4416849967
2025-12-19 03:00:00,4930.035171817724,13832.307409482824,0.0,794318.9322369043
2025-12-19 04:00:00,5151.228971523888,13852.557809656728,0.0,802447.9023004236
2025-12-19 05:00:00,5392.865523415221,13873.172098950741,0.0,810329.0015955794
2025-12-19 06:00:00,6369.244368370626,13895.978769556375,0.0,817148.0421780575
2025-12-19 07:00:00,8337.726998436063,13919.056344506738,0.0,821802.9574131909
2025-12-19 08:00:00,8298.67943744393,13942.480067051578,0.0,826524.6825497493
2025-12-19 09:00:00,7488.702748865853,13962.664360290482,0.0,832166.5660779665
2025-12-19 10:00:00,10414.31010363478,13979.341804199385,0.0,834574.4522114606
2025-12-19 11:00:00,7268.280419437636,13994.97651738344,0.0,840493.5615961355
2025-12-19 12:00:00,6377.0524665971425,14011.504157290281,0.0,847419.4519016512
2025-12-19 13:00:00,6757.387915477573,14028.246789844392,0.0,853939.4898965205
2025-12-19 14:00:00,8688.13175376242,14044.77000190961,0.0,858330.7801720274
2025-12-19 15:00:00,12633.899393438833,14061.229626507326,0.0,858354.3438058249
2025-12-19 16:00:00,17294.658813824528,14077.65615694191,0.0,853215.7123918508
2025-12-19 17:00:00,17660.53584980236,14093.964193051985,0.0,847686.8589740111
2025-12-19 18:00:00,17277.786471076455,14110.118480366364,0.0,842599.4369309591
2025-12-19 19:00:00,16869.34762399637,14125.805080128232,0.0,837981.5224288692
2025-12-19 20:00:00,16619.49877601211,14140.881991853512,0.0,833656.2946695981
2025-12-19 21:00:00,13080.345430222882,14155.167640388427,0.0,833277.7451652946
2025-12-19 22:00:00,14594.666904166981,14168.272552716815,0.0,831229.7211578258
2025-12-19 23:00:00,10903.987416186585,14180.366072415152,0.0,833294.5456567002
2025-12-20 00:00:00,10263.126989452157,14192.269818942754,0.0,836083.3410429183
2025-12-20 01:00:00,10138.664786675086,14202.016648382521,0.0,839020.1745949953
2025-12-20 02:00:00,9958.8139344548,14206.233640228087,0.0,842161.0594191623
2025-12-20 03:00:00,9829.177294300916,14207.298655850009,0.0,845447.0499702337
2025-12-20 04:00:00,9563.618884986547,14211.361502491736,0.0,849032.1682671849
2025-12-20 05:00:00,11602.304030663247,14220.378055261197,0.0,850361.0973994867
2025-12-20 06:00:00,15601.865357409511,14233.4828687861,0.0,847259.1743155958
2025-12-20 07:00:00,16369.824138390948,14246.93403376183,0.0,843317.4148622565
2025-12-20 08:00:00,17125.674365165934,14261.050500289562,0.0,838549.9382901393
2025-12-20 09:00:00,17134.19734398909,14275.750117954227,0.0,833787.6913592168
2025-12-20 10:00:00,17137.059876236064,14291.406556300577,0.0,829037.920275255
2025-12-20 11:00:00,17066.183663091462,14309.105989323432,0.0,824384.5999722547
2025-12-20 12:00:00,17000.009717316992,14327.154006789775,0.0,819822.8542931367
2025-12-20 13:00:00,17204.583388462393,14344.520814848222,0.0,815051.1713430268
2025-12-20 14:00:00,17679.503925435896,14361.213387891146,0.0,809768.4914804336
2025-12-20 15:00:00,18119.83422179556,14377.16923860252,0.0,804012.5115837076
2025-12-20 16:00:00,18407.705557633235,14393.03471935813,0.0,797952.5401279177
2025-12-20 17:00:00,18515.698214034357,14407.945389611594,0.0,791787.4875019355
2025-12-20 18:00:00,18373.101254101468,14422.68128731865,0.0,785795.6118402526
2025-12-20 19:00:00,18193.16756201237,14437.170114528666,0.0,780018.1513303231
2025-12-20 20:00:00,18373.069020943272,14450.761072174128,0.0,774054.3912681157
2025-12-20 21:00:00,18124.68508359441,14462.00414152752,0.0,768377.8564278717
2025-12-20 22:00:00,17664.505350610674,14472.063884982355,0.0,763222.692145509
2025-12-20 23:00:00,12395.383613341546,14480.237274544032,0.0,763930.2809607844
2025-12-21 00:00:00,8897.057631603868,14487.932911842754,0.0,768532.5942819563
2025-12-21 01:00:00,8388.435090286413,14495.123378198636,0.0,773707.2342265034
2025-12-21 02:00:00,7306.374625344035,14500.40674894939,0.0,780089.4469472927
2025-12-21 03:00:00,7437.986004557435,14501.97256039747,0.0,786326.9906137375
2025-12-21 04:00:00,7536.3122259396205,14501.45299786637,0.0,792454.7633605599
2025-12-21 05:00:00,7715.125563685005,14496.531863125123,0.0,798378.9334862572
2025-12-21 06:00:00,10767.112298402335,14484.328475889559,0.0,800899.8038528108
2025-12-21 07:00:00,12833.668217731603,14464.489577467872,0.0,801104.6620772437
2025-12-21 08:00:00,15998.30116078116,14441.21591879659,0.0,797769.9878173944
2025-12-21 09:00:00,13678.988092508393,14430.345434978988,0.0,797001.4575940308
2025-12-21 10:00:00,13718.699993833947,14427.257340405815,0.0,796185.7149412876
2025-12-21 11:00:00,11193.71710477682,14425.716827646113,0.0,798173.9683191819
2025-12-21 12:00:00,11072.32521626489,14427.350530746497,0.0,800298.7352763007
2025-12-21 13:00:00,10257.535364813535,14431.580560327338,0.0,803333.0543201684
2025-12-21 14:00:00,11774.278348120939,14440.18955429745,0.0,804690.7123765538
2025-12-21 15:00:00,12041.413229845068,14449.432921086995,0.0,805760.7972644797
2025-12-21 16:00:00,14700.346037303589,14458.850189577404,0.0,803885.9296348309
2025-12-21 17:00:00,14655.826613960777,14468.339250446648,0.0,802070.0170919878
2025-12-21 18:00:00,14594.838406648727,14477.498484561786,0.0,800331.028458051
2025-12-21 19:00:00,13053.193304738768,14486.498411097855,0.0,800313.9787527724
2025-12-21 20:00:00,11797.406252532684,14488.708732589275,0.0,801694.4583158811
2025-12-21 21:00:00,9489.126751110518,14486.787385612186,0.0,805637.7715335926
2025-12-21 22:00:00,11578.11723504541,14482.532936058979,0.0,807255.7297640451
2025-12-21 23:00:00,8567.735401046935,14474.982182359303,0.0,812211.0059452411
2025-12-22 00:00:00,12800.168372663376,14473.67862351416,0.0,812462.275265796
2025-12-22 01:00:00,11529.221195328293,14473.435863155419,0.0,814125.4653563644
2025-12-22 02:00:00,10644.298475927772,14468.995079783574,0.0,816767.4621296048
2025-12-22 03:00:00,11793.266807537984,14453.174161485582,0.0,818117.006504937
2025-12-22 04:00:00,12835.401823833647,14424.510215608843,0.0,818279.9591385085
2025-12-22 05:00:00,13290.269921756193,14396.381623839457,0.0,817909.3741826189
2025-12-22 06:00:00,17009.56063945198,14370.982561402714,0.0,813380.8449224082
2025-12-22 07:00:00,22057.816764472907,14351.790382871783,0.0,803223.9500114211
2025-12-22 08:00:00,23484.45792887436,14325.75049837636,0.0,791455.8583666037
2025-12-22 09:00:00,23464.464438562452,14304.69039252881,0.0,779688.9216051743
2025-12-22 10:00:00,23137.751611942334,14289.357740331532,0.0,768269.6664433476
2025-12-22 11:00:00,17773.617981762032,14280.521118166535,0.0,762801.7231373341
2025-12-22 12:00:00,16359.88910187278,14277.424211482215,0.0,758901.49279118
2025-12-22 13:00:00,19701.65860636945,14276.569074329464,0.0,751287.3300806546
2025-12-22 14:00:00,23886.94482402515,14278.523470307195,0.0,739024.8037464892
2025-12-22 15:00:00,24169.108427155163,14281.237813829743,0.0,726451.4766412578
2025-12-22 16:00:00,23606.181032638397,14285.011532764493,0.0,714507.3981377574
2025-12-22 17:00:00,23046.83215275258,14288.612466238797,0.0,703188.41932316
2025-12-22 18:00:00,22284.55144593869,14290.453727966958,0.0,692718.2603334172
2025-12-22 19:00:00,21630.697344159496,14290.085874465973,0.0,682974.2380477061
2025-12-22 20:00:00,21139.34653475654,14288.030768024217,0.0,673774.105999334
2025-12-22 21:00:00,19579.216469147217,14283.52135623111,0.0,666302.9423898461
2025-12-22 22:00:00,13789.042343537083,14277.301093649543,0.0,665259.08532401
2025-12-22 23:00:00,12928.58128042251,14270.563394569928,0.0,665164.5584069992
2025-12-23 00:00:00,12414.894496822992,14264.032576020254,0.0,665634.2637643274
2025-12-23 01:00:00,12142.280111558906,14258.287229522655,0.0,666401.1286476734
2025-12-23 02:00:00,11814.154492697671,14252.75369359154,0.0,667527.0440160454
2025-12-23 03:00:00,11667.4840737676,14247.439584522253,0.0,668810.6124074924
2025-12-23 04:00:00,11907.425181982919,14244.287063956148,0.0,669824.4270470232
2025-12-23 05:00:00,12693.28848180923,14242.569318014408,0.0,669963.3424963605
2025-12-23 06:00:00,16605.078741586163,14241.019653325253,0.0,665754.2746590344
2025-12-23 07:00:00,20317.39453559171,14242.608628300484,0.0,657422.000470011
2025-12-23 08:00:00,21195.868174126837,14244.174782458751,0.0,648115.210614551
2025-12-23 09:00:00,21085.492411117673,14245.970126767568,0.0,638932.8558400766
2025-12-23 10:00:00,15750.056199218077,14248.179828298924,0.0,635680.9732247998
2025-12-23 11:00:00,13522.694172616018,14251.146512858566,0.0,634906.9039903075
2025-12-23 12:00:00,12489.752593030025,14254.781208302906,0.0,635284.1823174659
2025-12-23 13:00:00,12558.159711461227,14258.526978258413,0.0,635589.1985052117
2025-12-23 14:00:00,14556.803868140589,14262.248296535301,0.0,633677.2202815907
2025-12-23 15:00:00,21423.434540401166,14265.62766538911,0.0,624139.0317909786
2025-12-23 16:00:00,22155.703867871816,14267.527612765076,0.0,613789.1106616639
2025-12-23 17:00:00,21391.898520854542,14268.21639964861,0.0,604288.5509270296
2025-12-23 18:00:00,19632.91228852245,14267.7200115418,0.0,596741.9239513243
2025-12-23 19:00:00,15250.857695057432,14270.37777750256,0.0,594066.9042898741
2025-12-23 20:00:00,14245.573585043221,14272.175628901308,0.0,592510.6648242829
2025-12-23 21:00:00,13996.752935040233,14272.448019800178,0.0,591231.1651384828
2025-12-23 22:00:00,13699.662747823093,14270.641452744198,0.0,590279.9590936458
2025-12-23 23:00:00,13831.08876883032,14268.55205771955,0.0,589180.6347415539
2025-12-24 00:00:00,13624.084723938313,14266.861248101364,0.0,588309.6240741682
2025-12-24 01:00:00,11952.752123747088,14266.306540987987,0.0,589295.0949221039
2025-12-24 02:00:00,8560.32694033752,14267.024255528637,0.0,594050.6447994797
2025-12-24 03:00:00,8485.87360383198,14268.54497806212,0.0,598890.4413288396
2025-12-24 04:00:00,8592.176357780503,14270.550069758854,0.0,603614.1287788424
2025-12-24 05:00:00,8849.499699515789,14273.410117294789,0.0,608054.7614522307
2025-12-24 06:00:00,13562.305111203541,14276.744471433898,0.0,607262.2780223273
2025-12-24 07:00:00,14074.451931965072,14280.533276541075,0.0,605904.5313744628
2025-12-24 08:00:00,14728.232256175148,14284.61983832282,0.0,603824.4487059243
2025-12-24 09:00:00,15065.404766320298,14288.204561158233,0.0,601373.3146378377
2025-12-24 10:00:00,14963.244415707828,14291.339196998639,0.0,599038.8267062721
2025-12-24 11:00:00,10229.63869217728,14293.891848503386,0.0,601966.4533412452
2025-12-24 12:00:00,9492.635877719535,14296.518283047337,0.0,605715.5984268264
2025-12-24 13:00:00,9668.274842812083,14299.488485667574,0.0,609272.5593093694
2025-12-24 14:00:00,10461.713851523473,14302.58685065219,0.0,611951.0196583288
2025-12-24 15:00:00,11931.050834482821,14305.913161513703,0.0,613000.2096704172
2025-12-24 16:00:00,14748.770335360947,14310.114594225464,0.0,610922.8016697972
2025-12-24 17:00:00,13850.552592258151,14314.473216129009,0.0,609847.7720056394
2025-12-24 18:00:00,13209.807254350282,14318.92397234718,0.0,609489.1323620417
2025-12-24 19:00:00,12713.710296389921,14323.916872757194,0.0,609686.7044610323
2025-12-24 20:00:00,12331.351841803415,14329.075848592505,0.0,610314.2782631766
2025-12-24 21:00:00,12233.23585262903,14335.485850894875,0.0,611057.2798333726
2025-12-24 22:00:00,12383.623283660763,14344.655042637463,0.0,611642.3534497203
2025-12-24 23:00:00,12244.10299669439,14355.359909671435,0.0,612393.1544741759
2025-12-25 00:00:00,11893.292148789857,14368.319886048157,0.0,613546.7053060131
2025-12-25 01:00:00,11551.96434133432,14384.035023455428,0.0,615095.2243946524
2025-12-25 02:00:00,10764.81972995068,14404.579328681224,0.0,617538.8929122775
2025-12-25 03:00:00,9030.53690789597,14427.644521193739,0.0,621932.6075358089
2025-12-25 04:00:00,10032.385820282452,14447.889417509989,0.0,625233.4015974496
2025-12-25 05:00:00,10012.927211378006,14467.77512156855,0.0,628575.7020397092
2025-12-25 06:00:00,11653.772228719772,14485.633228405875,0.0,630112.6994584264
2025-12-25 07:00:00,11757.854504618548,14495.300477906298,0.0,631543.7171534232
2025-12-25 08:00:00,12161.187628610423,14501.879177712399,0.0,632533.1656326796
2025-12-25 09:00:00,11085.533267323304,14506.11640421194,0.0,634722.0228509767
2025-12-25 10:00:00,7426.947574712138,14508.663187021999,0.0,640978.5220660964
2025-12-25 11:00:00,7354.597786618138,14510.80396108042,0.0,647317.5507087122
2025-12-25 12:00:00,7392.548659358899,14516.027942815113,0.0,653619.635696684
2025-12-25 13:00:00,7514.856196207722,14523.90767083837,0.0,659793.7031495138
2025-12-25 14:00:00,7796.021406204337,14535.422602159808,0.0,665666.8797447799
2025-12-25 15:00:00,13527.905398474202,14547.066040330947,0.0,665182.9397868062
2025-12-25 16:00:00,13391.80704706164,14555.329974353872,0.0,664858.4841533139
2025-12-25 17:00:00,13140.684910687492,14562.709192501014,0.0,664820.4323339399
2025-12-25 18:00:00,12922.901063310319,14569.972278211428,0.0,665031.6256529177
2025-12-25 19:00:00,12752.308619807169,14577.760631622521,0.0,665440.1544847544
2025-12-25 20:00:00,12583.929334196615,14584.731389449533,0.0,666042.7421695411
2025-12-25 21:00:00,12383.05581267715,14590.947297352377,0.0,666874.7385639189
2025-12-25 22:00:00,12113.790111301812,14593.296699832403,0.0,668008.2684734159
2025-12-25 23:00:00,11740.517240996014,14589.205870287873,0.0,669552.4551870415
2025-12-26 00:00:00,11381.24424000876,14578.837999155283,0.0,671485.4662528537
2025-12-26 01:00:00,11230.364661427388,14566.658244067748,0.0,673573.94153978
2025-12-26 02:00:00,11238.706696417417,14556.301458084003,0.0,675642.7911129558
2025-12-26 03:00:00,11378.402802221779,14547.048640947864,0.0,677547.1699736571
2025-12-26 04:00:00,11551.532346501328,14539.503311362547,0.0,679251.6373444628
2025-12-26 05:00:00,11947.844769653424,14531.608071739292,0.0,680507.8623388093
2025-12-26 06:00:00,12445.826373943666,14520.669979913802,0.0,681199.8363476746
2025-12-26 07:00:00,12977.63084412607,14510.265459967597,0.0,681290.5119808355
2025-12-26 08:00:00,13496.819364570503,14500.744866328956,0.0,680794.7908865305
2025-12-26 09:00:00,13765.77359123181,14495.522683201238,0.0,679995.0095794742
2025-12-26 10:00:00,13835.509093802852,14494.510442452793,0.0,679116.7321399237
2025-12-26 11:00:00,13108.906833692585,14494.32021795744,0.0,679045.600320445
2025-12-26 12:00:00,8263.285946997872,14492.516011786947,0.0,684356.6875022344
2025-12-26 13:00:00,8676.144252118544,14489.45561618137,0.0,689205.982838284
2025-12-26 14:00:00,14316.13161769124,14485.406597127616,0.0,687784.5765268658
2025-12-26 15:00:00,14600.011854200977,14480.969818955442,0.0,686043.3109522646
2025-12-26 16:00:00,14418.981675809617,14476.504761771466,0.0,684498.7249631365
2025-12-26 17:00:00,14187.67311789803,14471.78131953679,0.0,683206.4250405643
2025-12-26 18:00:00,13940.296778516564,14467.66328472588,0.0,682184.8696824941
2025-12-26 19:00:00,13677.196589561547,14465.539850018122,0.0,681453.5244329994
2025-12-26 20:00:00,13256.495205178104,14463.789828890946,0.0,681187.8751450258
2025-12-26 21:00:00,12529.051585674544,14464.022855349813,0.0,681730.7295718483
2025-12-26 22:00:00,11504.005048574985,14471.922104217567,0.0,683420.4238443158
2025-12-26 23:00:00,10777.625135435046,14481.652169185405,0.0,685926.9369741289
2025-12-27 00:00:00,10136.918845966575,14481.21244682801,0.0,689144.9062587719
2025-12-27 01:00:00,9692.104413274174,14476.204686541982,0.0,692852.1060416759
2025-12-27 02:00:00,9233.50715568478,14469.076877553325,0.0,697061.7305240239
2025-12-27 03:00:00,8846.263054322288,14461.029876655202,0.0,701693.5792292098
2025-12-27 04:00:00,8649.726335223011,14452.693033436364,0.0,706535.4652235096
2025-12-27 05:00:00,8493.726863917018,14444.312345706781,0.0,711542.3032759753
2025-12-27 06:00:00,8717.986074804561,14434.682917148864,0.0,716290.3349988967
2025-12-27 07:00:00,9240.172699659619,14425.322173263557,0.0,720448.798616983
2025-12-27 08:00:00,9882.666162006928,14416.009204823275,0.0,723884.0676417984
2025-12-27 09:00:00,10293.356489010963,14406.614331915564,0.0,726853.6192081465
2025-12-27 10:00:00,10499.703335656173,14396.716018182955,0.0,729583.9981867113
2025-12-27 11:00:00,5546.7812953566545,14385.130249012804,0.0,737806.0381075501
2025-12-27 12:00:00,5437.23658171832,14373.091363195621,0.0,746137.7554910588
2025-12-27 13:00:00,5374.644697430692,14361.044554685534,0.0,754526.9726041546
2025-12-27 14:00:00,7309.41802820187,14349.925121871574,0.0,760755.3221391352
2025-12-27 15:00:00,11324.222942552315,14339.91529849981,0.0,762512.7675014657
2025-12-27 16:00:00,11576.38416185358,14330.059237566556,0.0,763980.1776703062
2025-12-27 17:00:00,11707.503294977709,14320.959053885892,0.0,765292.7997297723
2025-12-27 18:00:00,11854.627516229433,14311.735076368337,0.0,766432.7264547746
2025-12-27 19:00:00,11846.760771080477,14301.974651014183,0.0,767571.633582366
2025-12-27 20:00:00,11767.34473498588,14291.981277857229,0.0,768788.7873769057
2025-12-27 21:00:00,11736.336479963513,14281.990945846092,0.0,770030.4044561255
2025-12-27 22:00:00,11627.998739563453,14272.019234373949,0.0,771382.4250909846
2025-12-27 23:00:00,11470.619367653457,14262.238522131072,0.0,772899.5309823896
2025-12-28 00:00:00,11251.734486735822,14252.036595832984,0.0,774649.6403707385
2025-12-28 01:00:00,11053.181434376922,14242.411110582852,0.0,776610.7387764578
2025-12-28 02:00:00,10963.586931233196,14232.786112608634,0.0,778661.7616321408
2025-12-28 03:00:00,10981.262594650212,14223.121202568433,0.0,780683.4799517645
2025-12-28 04:00:00,10951.950779113145,14213.594041459592,0.0,782728.2397942096
2025-12-28 05:00:00,11159.610152122379,14204.22895122006,0.0,784532.901909738
2025-12-28 06:00:00,11493.469320631302,14194.88450184657,0.0,785957.2649442165
2025-12-28 07:00:00,11705.56639475928,14185.534136537693,0.0,787136.6141976884
2025-12-28 08:00:00,11867.79564531346,14176.388110941878,0.0,788126.5627027263
2025-12-28 09:00:00,12245.440484168645,14167.544343309999,0.0,788688.0620636268
2025-12-28 10:00:00,12124.876967360688,14158.996436331152,0.0,789374.9729806683
2025-12-28 11:00:00,11975.756809426504,14150.75713248188,0.0,790219.3336582318
2025-12-28 12:00:00,9155.480773867066,14142.700291358606,0.0,794189.2775341826
2025-12-28 13:00:00,10166.149846320895,14134.647700491501,0.0,797028.2031832066
2025-12-28 14:00:00,11954.945703076131,14126.546351002928,0.0,797871.4765307485
2025-12-28 15:00:00,12216.87870514116,14118.148953365217,0.0,798415.3158117348
2025-12-28 16:00:00,12160.880695267737,14109.506120186157,0.0,799012.7322705124
2025-12-28 17:00:00,11859.446020867872,14100.707839609162,0.0,799936.2778647128
2025-12-28 18:00:00,11661.557456520462,14091.740403775759,0.0,801070.732205688
2025-12-28 19:00:00,11492.614623777074,14082.787184976809,0.0,802383.9475864681
2025-12-28 20:00:00,11283.238249378075,14073.680760651148,0.0,803920.6969589214
2025-12-28 21:00:00,11051.452192804132,14064.316869543256,0.0,805705.6225031266
2025-12-28 22:00:00,11028.909093217917,14054.72985934742,0.0,807506.0089255654
2025-12-28 23:00:00,10865.518690248322,14045.031797290916,0.0,809478.2421781358
2025-12-29 00:00:00,10482.745669915776,14035.26697792739,0.0,811866.0139672679
2025-12-29 01:00:00,10142.951247216977,14025.472055265667,0.0,814621.5401922925
2025-12-29 02:00:00,10110.988957256792,14015.595340025755,0.0,817402.7033575886
2025-12-29 03:00:00,10145.486526391824,14005.673103049354,0.0,820135.613653536
2025-12-29 04:00:00,10447.33780369606,13995.695017998936,0.0,822523.1555563171
2025-12-29 05:00:00,11190.01453904028,13985.678209277348,0.0,824075.4842777718
2025-12-29 06:00:00,12127.890066776392,13975.620710587325,0.0,824575.6715808299
2025-12-29 07:00:00,12801.636110042444,13965.52209870803,0.0,824317.1535572686
2025-12-29 08:00:00,13363.50981553466,13955.38994575201,0.0,823424.1992635375
2025-12-29 09:00:00,13662.562781679633,13945.226601530852,0.0,822188.8005520909
2025-12-29 10:00:00,13386.02288654319,13935.040609587577,0.0,821250.4823988528
2025-12-29 11:00:00,13348.50354480711,13924.824033681934,0.0,820343.6358271935
2025-12-29 12:00:00,13242.626282000445,13914.564651997056,0.0,819544.1712769679
2025-12-29 13:00:00,13466.516058596262,13904.279118896902,0.0,818485.6547752022
2025-12-29 14:00:00,13965.59688466402,13893.991895302377,0.0,816862.3167986558
2025-12-29 15:00:00,14373.57915826506,13883.674799854565,0.0,814775.3480893268
2025-12-29 16:00:00,14390.504958279791,13873.317746861801,0.0,812659.2158825444
2025-12-29 17:00:00,14252.33905660555,13862.931195104164,0.0,810686.2147925312
2025-12-29 18:00:00,14032.648068916476,13852.520812629584,0.0,808946.9044174759
2025-12-29 19:00:00,13748.079642070796,13842.093643032173,0.0,807513.3540137627
2025-12-29 20:00:00,13384.95297740911,13831.64159850096,0.0,806472.8256373645
2025-12-29 21:00:00,13122.473923541427,13821.14620192197,0.0,805713.4452575739
2025-12-29 22:00:00,12587.357867598303,13810.628890127238,0.0,805538.1209614809
2025-12-29 23:00:00,12285.137979142886,13800.078863825687,0.0,805688.0465151477
2025-12-30 00:00:00,11946.179042166146,13789.512160653321,0.0,806204.0264067275
2025-12-30 01:00:00,11800.344029310432,13778.919283306805,0.0,806871.4523241338
2025-12-30 02:00:00,11719.065044768071,13768.308777414355,0.0,807618.5777184727
2025-12-30 03:00:00,11859.86243862239,13757.66043994016,0.0,808198.6132266101
2025-12-30 04:00:00,12335.800502670325,13746.945303989958,0.0,808239.113527633
2025-12-30 05:00:00,13081.013203379338,13736.074380166669,0.0,807440.7287929337
2025-12-30 06:00:00,14009.291126875525,13725.154036684324,0.0,805600.0037997564
2025-12-30 07:00:00,14727.31469250032,13714.123899607004,0.0,802950.4447076963
2025-12-30 08:00:00,15056.984330475127,13702.877910548892,0.0,799923.3400288285
2025-12-30 09:00:00,15580.699481520809,13691.66240141491,0.0,796303.1141174425
2025-12-30 10:00:00,15767.0153417941,13680.401695020937,0.0,792464.6098771367
2025-12-30 11:00:00,15751.28407892057,13669.123223636705,0.0,788632.3063464172
2025-12-30 12:00:00,12889.515994767702,13657.77007030862,0.0,787968.391978095
2025-12-30 13:00:00,12536.09726757904,13646.474107643782,0.0,787685.8691217621
2025-12-30 14:00:00,15770.657450387007,13635.238746555115,0.0,783798.1551456649
2025-12-30 15:00:00,15971.336893985004,13624.041590483788,0.0,779676.2668539432
2025-12-30 16:00:00,21356.549628443543,13612.841536714945,0.0,769559.6088034987
2025-12-30 17:00:00,21094.738431968268,13601.640836332817,0.0,759722.651382089
2025-12-30 18:00:00,20678.599767065207,13590.506333367102,0.0,750336.9357520504
2025-12-30 19:00:00,20375.272775776084,13579.373896608038,0.0,741277.1176755739
2025-12-30 20:00:00,19961.09732053846,13568.325878035503,0.0,732666.4465307889
2025-12-30 21:00:00,18075.13396308069,13557.386295202366,0.0,726140.3506447903
2025-12-30 22:00:00,17230.58965198231,13546.531091906194,0.0,720541.7821233829
2025-12-30 23:00:00,17616.48851255623,13535.698822356208,0.0,714503.6048206766
2025-12-31 00:00:00,15233.868912327402,13524.883648572313,0.0,711101.967455552
2025-12-31 01:00:00,12442.833094897196,13514.054766476545,0.0,710790.6521165872
2025-12-31 02:00:00,12445.330749505189,13503.166334403304,0.0,710465.6731737624
2025-12-31 03:00:00,13277.588103539132,13492.154087678065,0.0,709204.9515908415
2025-12-31 04:00:00,15887.99755890663,13480.796435596261,0.0,705032.4174054303
2025-12-31 05:00:00,17154.033714694113,13468.97448669099,0.0,699441.3544313501
2025-12-31 06:00:00,17119.381618754775,13456.678836703708,0.0,693876.4981361041
2025-12-31 07:00:00,16558.178332210286,13443.934663625996,0.0,688922.4568750521
2025-12-31 08:00:00,17370.375821087753,13430.951573230344,0.0,683052.9908692959
2025-12-31 09:00:00,13497.2607654424,13418.414756868457,0.0,681474.4492201174
2025-12-31 10:00:00,13831.558415447314,13406.256357025875,0.0,679512.3073377573
2025-12-31 11:00:00,11458.014579685558,13394.597060271983,0.0,680175.7770872676
2025-12-31 12:00:00,10885.180252578626,13382.828893853473,0.0,681463.9612560337
2025-12-31 13:00:00,10992.922341564765,13370.7102291807,0.0,682620.3133279202
2025-12-31 14:00:00,11332.087889991079,13358.394835731684,0.0,683387.4993969952
2025-12-31 15:00:00,16129.999768529178,13345.711673673977,0.0,678810.9891056368
2025-12-31 16:00:00,27035.692951998943,13332.05216880858,0.0,662103.3824388909
2025-12-31 17:00:00,25396.7065689809,13318.243527702083,0.0,647203.06311217
2025-12-31 18:00:00,23364.84297976973,13304.33473312097,0.0,634546.4612011021
2025-12-31 19:00:00,19027.032394648686,13289.560343795903,0.0,626694.8744397329
2025-12-31 20:00:00,11456.395297443214,13274.032972934518,0.0,627239.5793043972
2025-12-31 21:00:00,10339.058705468975,13257.244863604084,0.0,629008.9811619245
2025-12-31 22:00:00,11228.044417781864,13237.547684770334,0.0,629770.9239380484
2025-12-31 23:00:00,11206.55569534748,13215.783419703723,0.0,630534.9788073661
