utc,synthetic_de_eur_mwh,observed_de_lu_eur_mwh
2025-01-01 00:00:00,-3.558391571748622,1.6
2025-01-01 01:00:00,-3.558338623702774,0.0
2025-01-01 02:00:00,-4.999999999999989,-0.01
2025-01-01 03:00:00,-5.000000000000011,-0.01
2025-01-01 04:00:00,-5.000000000000011,-0.06
2025-01-01 05:00:00,-5.000000000000011,-0.09
2025-01-01 06:00:00,-5.000000000000007,-0.01
2025-01-01 07:00:00,-4.999999999999989,-0.01
2025-01-01 08:00:00,-5.000000000000011,-0.04
2025-01-01 09:00:00,-3.306027519791293,-0.03
2025-01-01 10:00:00,-3.0697745091357156,-0.1
2025-01-01 11:00:00,-2.896053202155823,-0.05
2025-01-01 12:00:00,-3.6234512152529526,-0.1
2025-01-01 13:00:00,-3.6234512152528886,-1.01
2025-01-01 14:00:00,-4.2376604324815546,-0.01
2025-01-01 15:00:00,-2.0736867063659936,-0.01
2025-01-01 16:00:00,14.546429855599428,0.07
2025-01-01 17:00:00,19.979914529914563,1.01
2025-01-01 18:00:00,7.210224261321013,1.48
2025-01-01 19:00:00,5.637670594820499,1.0
2025-01-01 20:00:00,2.1316282072803006e-14,0.07
2025-01-01 21:00:00,-1.5825844187744025,10.05
2025-01-01 22:00:00,-2.842170943040401e-14,7.01
2025-01-01 23:00:00,-4.685592897292803,2.55
2025-01-02 00:00:00,-4.999999999999915,1.56
2025-01-02 01:00:00,-3.744835828198447,3.45
2025-01-02 02:00:00,-7.460698725481052e-14,7.02
2025-01-02 03:00:00,19.979914529914552,12.75
2025-01-02 04:00:00,21.32475461746852,30.07
2025-01-02 05:00:00,96.27261728008688,67.13
2025-01-02 06:00:00,99.27364890966972,98.83
2025-01-02 07:00:00,108.49091788939273,121.53
2025-01-02 08:00:00,109.30455014551296,127.23
2025-01-02 09:00:00,109.35856140351154,126.35
2025-01-02 10:00:00,109.35850989091263,119.97
2025-01-02 11:00:00,109.35844761381497,115.95
2025-01-02 12:00:00,109.35676809844422,113.9
2025-01-02 13:00:00,109.35603284604109,122.21
2025-01-02 14:00:00,109.35771213361073,130.11
2025-01-02 15:00:00,109.37315132465254,138.59
2025-01-02 16:00:00,110.29229600230022,152.87
2025-01-02 17:00:00,109.81192934541889,152.94
2025-01-02 18:00:00,109.39504941552,139.15
2025-01-02 19:00:00,109.33642780793268,130.0
2025-01-02 20:00:00,109.28404916120385,119.78
2025-01-02 21:00:00,109.35856140350967,113.42
2025-01-02 22:00:00,108.7346980997221,82.47
2025-01-02 23:00:00,101.80474882449816,99.56
2025-01-03 00:00:00,100.61690624999834,87.53
2025-01-03 01:00:00,99.05414562390162,85.01
2025-01-03 02:00:00,98.22129346317446,83.79
2025-01-03 03:00:00,98.22129346317446,77.5
2025-01-03 04:00:00,97.85956206066476,79.88
2025-01-03 05:00:00,97.85956206066906,83.56
2025-01-03 06:00:00,97.85956206066578,78.43
2025-01-03 07:00:00,98.22129346317838,82.57
2025-01-03 08:00:00,98.22129346317246,80.76
2025-01-03 09:00:00,97.07137775031269,77.64
2025-01-03 10:00:00,96.27261728008921,70.48
2025-01-03 11:00:00,94.87131662251937,69.94
2025-01-03 12:00:00,92.54273178553262,77.8
2025-01-03 13:00:00,96.272617280086,78.81
2025-01-03 14:00:00,97.07137775031924,85.29
2025-01-03 15:00:00,99.27364890967465,105.51
2025-01-03 16:00:00,107.55738389595327,116.66
2025-01-03 17:00:00,107.42716115025398,115.06
2025-01-03 18:00:00,107.1483764405182,114.91
2025-01-03 19:00:00,102.95815688286906,113.3
2025-01-03 20:00:00,100.66654331474965,107.8
2025-01-03 21:00:00,100.66654331474969,98.22
2025-01-03 22:00:00,109.35856140350629,88.57
2025-01-03 23:00:00,109.35856140350752,90.43
2025-01-04 00:00:00,109.2550653281341,90.29
2025-01-04 01:00:00,109.25930312977378,90.2
2025-01-04 02:00:00,109.11220058747885,91.52
2025-01-04 03:00:00,109.35827331648252,95.95
2025-01-04 04:00:00,109.35825557173432,102.11
2025-01-04 05:00:00,109.35843873796588,110.66
2025-01-04 06:00:00,109.35852370322999,119.96
2025-01-04 07:00:00,109.35856140350863,128.39
2025-01-04 08:00:00,109.49903950710329,130.75
2025-01-04 09:00:00,109.35859147178543,130.34
2025-01-04 10:00:00,109.35862799550385,128.29
2025-01-04 11:00:00,109.35877191629183,130.03
2025-01-04 12:00:00,109.25991583198761,129.85
2025-01-04 13:00:00,109.21641142258788,136.4
2025-01-04 14:00:00,109.35844693767112,138.72
2025-01-04 15:00:00,110.70326512405268,142.0
2025-01-04 16:00:00,110.70326512405268,151.24
2025-01-04 17:00:00,110.70326512405268,143.85
2025-01-04 18:00:00,110.70326512405268,137.96
2025-01-04 19:00:00,110.70326512405268,129.49
2025-01-04 20:00:00,109.3683321781668,122.83
2025-01-04 21:00:00,109.35856140350879,118.29
2025-01-04 22:00:00,109.34933412377008,109.49
2025-01-04 23:00:00,109.30747467280148,113.84
2025-01-05 00:00:00,109.06527992143306,100.33
2025-01-05 01:00:00,107.49365626377349,93.61
2025-01-05 02:00:00,100.61690624999999,93.87
2025-01-05 03:00:00,100.61690624999999,89.38
2025-01-05 04:00:00,100.61690624999994,83.55
2025-01-05 05:00:00,99.27364890966943,83.92
2025-01-05 06:00:00,98.22129346317287,82.53
2025-01-05 07:00:00,97.85956206066548,84.05
2025-01-05 08:00:00,97.85956206066543,89.15
2025-01-05 09:00:00,97.07137775031279,82.95
2025-01-05 10:00:00,96.27261728008686,88.82
2025-01-05 11:00:00,96.27261728008688,81.66
2025-01-05 12:00:00,96.27261728008688,78.39
2025-01-05 13:00:00,87.86051344871237,68.0
2025-01-05 14:00:00,84.33959051246222,50.64
2025-01-05 15:00:00,82.44917483749964,49.91
2025-01-05 16:00:00,88.37057726125283,66.3
2025-01-05 17:00:00,96.27261728008689,65.05
2025-01-05 18:00:00,96.27261728008693,51.28
2025-01-05 19:00:00,87.86051344871231,36.85
2025-01-05 20:00:00,35.930900000000214,36.8
2025-01-05 21:00:00,21.761560084697184,34.68
2025-01-05 22:00:00,19.97991452991488,28.14
2025-01-05 23:00:00,19.97991452991466,27.52
2025-01-06 00:00:00,19.97991452991466,19.26
2025-01-06 01:00:00,16.739597502510264,11.35
2025-01-06 02:00:00,3.4994229736184934e-13,9.2
2025-01-06 03:00:00,3.5926817076870066e-13,10.0
2025-01-06 04:00:00,2.6401103525586223e-13,14.81
2025-01-06 05:00:00,19.97991452991487,23.82
2025-01-06 06:00:00,20.218013365295825,31.72
2025-01-06 07:00:00,34.49235708640133,41.37
2025-01-06 08:00:00,81.67000276243115,36.36
2025-01-06 09:00:00,47.64580826128964,34.69
2025-01-06 10:00:00,35.93090000000015,32.83
2025-01-06 11:00:00,20.179071574532003,31.28
2025-01-06 12:00:00,19.979914529914524,28.6
2025-01-06 13:00:00,19.979914529914527,25.61
2025-01-06 14:00:00,19.979914529914524,26.32
2025-01-06 15:00:00,20.21801336529556,26.87
2025-01-06 16:00:00,81.86080139670642,31.66
2025-01-06 17:00:00,96.27261728008543,31.58
2025-01-06 18:00:00,89.12174847060132,28.74
2025-01-06 19:00:00,35.9308999999979,26.59
2025-01-06 20:00:00,19.979914529909244,13.82
2025-01-06 21:00:00,16.72238415770328,26.94
2025-01-06 22:00:00,16.36807501203645,12.99
2025-01-06 23:00:00,-4.098943406916078e-12,19.07
2025-01-07 00:00:00,-3.873346088312246e-12,8.71
2025-01-07 01:00:00,-4.098943406916078e-12,8.9
2025-01-07 02:00:00,-3.361755318564974e-12,5.01
2025-01-07 03:00:00,-3.361755318564974e-12,5.13
2025-01-07 04:00:00,16.697463717821442,5.8
2025-01-07 05:00:00,23.854758364483175,48.86
2025-01-07 06:00:00,96.27261728008199,76.83
2025-01-07 07:00:00,98.22129346316785,85.08
2025-01-07 08:00:00,99.2736489096676,84.24
2025-01-07 09:00:00,98.22129346317018,75.25
2025-01-07 10:00:00,101.5846013272456,62.8
2025-01-07 11:00:00,97.85956206066194,62.44
2025-01-07 12:00:00,72.88261428120246,63.9
2025-01-07 13:00:00,72.86151229172177,72.56
2025-01-07 14:00:00,72.90014371482218,78.11
2025-01-07 15:00:00,98.22129346317278,79.98
2025-01-07 16:00:00,106.81710986603278,96.03
2025-01-07 17:00:00,107.14727444019015,101.11
2025-01-07 18:00:00,100.86866830073083,86.21
2025-01-07 19:00:00,100.61690624999987,78.01
2025-01-07 20:00:00,98.89779671793245,72.45
2025-01-07 21:00:00,97.85956206066541,72.45
2025-01-07 22:00:00,97.0713777503123,50.04
2025-01-07 23:00:00,96.27261728008664,71.05
2025-01-08 00:00:00,89.12174847060184,68.01
2025-01-08 01:00:00,87.8605134487119,63.34
2025-01-08 02:00:00,89.12174847060166,57.01
2025-01-08 03:00:00,94.87131662251751,66.29
2025-01-08 04:00:00,97.0713777503123,72.07
2025-01-08 05:00:00,100.66654331474932,82.7
2025-01-08 06:00:00,107.38776532805774,100.73
2025-01-08 07:00:00,107.58880797708618,128.22
2025-01-08 08:00:00,108.48773867144625,108.18
2025-01-08 09:00:00,107.87756250996684,94.65
2025-01-08 10:00:00,109.31871829757004,100.01
2025-01-08 11:00:00,109.24140551538872,89.99
2025-01-08 12:00:00,107.14837644051731,97.2
2025-01-08 13:00:00,108.88962218623809,110.19
2025-01-08 14:00:00,109.23420063006091,127.8
2025-01-08 15:00:00,110.70326512405268,135.82
2025-01-08 16:00:00,110.77493608277273,155.46
2025-01-08 17:00:00,110.79803189092087,149.23
2025-01-08 18:00:00,110.70326512405268,146.48
2025-01-08 19:00:00,110.70326512405273,136.86
2025-01-08 20:00:00,109.40741890183648,127.86
2025-01-08 21:00:00,109.38578738892141,115.92
2025-01-08 22:00:00,109.36156926408627,103.59
2025-01-08 23:00:00,109.26266082909541,101.44
2025-01-09 00:00:00,108.77074141344073,100.0
2025-01-09 01:00:00,107.48812522666705,98.77
2025-01-09 02:00:00,102.08756419525182,95.22
2025-01-09 03:00:00,105.67399307642629,98.28
2025-01-09 04:00:00,109.06267960078594,102.65
2025-01-09 05:00:00,110.70326512405276,133.54
2025-01-09 06:00:00,114.33309131149622,148.8
2025-01-09 07:00:00,115.92299605989383,164.88
2025-01-09 08:00:00,116.39738974473823,156.15
2025-01-09 09:00:00,116.3690569249161,147.64
2025-01-09 10:00:00,115.60662378739073,140.21
2025-01-09 11:00:00,110.70326512405236,128.18
2025-01-09 12:00:00,110.70326512405283,121.15
2025-01-09 13:00:00,109.75294071040183,123.95
2025-01-09 14:00:00,109.6338752614586,127.53
2025-01-09 15:00:00,110.7032651240527,123.75
2025-01-09 16:00:00,110.70326512405285,130.91
2025-01-09 17:00:00,110.57636874352275,134.75
2025-01-09 18:00:00,109.50397285136356,125.44
2025-01-09 19:00:00,109.09588923868037,119.23
2025-01-09 20:00:00,109.24905707793943,104.99
2025-01-09 21:00:00,108.91551157744455,101.1
2025-01-09 22:00:00,101.60811808004321,88.19
2025-01-09 23:00:00,100.61690625000004,84.79
2025-01-10 00:00:00,98.221293463173,80.23
2025-01-10 01:00:00,98.22129346317324,71.29
2025-01-10 02:00:00,98.27972891802754,69.05
2025-01-10 03:00:00,99.27364890966989,69.89
2025-01-10 04:00:00,100.66654331474948,83.9
2025-01-10 05:00:00,108.68862967518976,99.09
2025-01-10 06:00:00,108.65534250729564,123.92
2025-01-10 07:00:00,109.44554615491704,139.47
2025-01-10 08:00:00,109.50832460138962,136.92
2025-01-10 09:00:00,109.36029240425351,123.57
2025-01-10 10:00:00,109.3602630576353,113.59
2025-01-10 11:00:00,109.3459327290155,107.43
2025-01-10 12:00:00,109.34330821210564,105.01
2025-01-10 13:00:00,109.34335279754659,110.01
2025-01-10 14:00:00,109.36212566140327,128.69
2025-01-10 15:00:00,110.25822993514049,134.87
2025-01-10 16:00:00,115.6066237873906,142.56
2025-01-10 17:00:00,116.32440697775516,144.12
2025-01-10 18:00:00,115.60662378739083,141.05
2025-01-10 19:00:00,110.7032651240528,134.82
2025-01-10 20:00:00,109.46648451324708,122.51
2025-01-10 21:00:00,109.35650863640225,119.77
2025-01-10 22:00:00,109.35856140350903,111.71
2025-01-10 23:00:00,109.35846407753695,106.64
2025-01-11 00:00:00,109.35832487906862,98.99
2025-01-11 01:00:00,109.35768142562783,95.71
2025-01-11 02:00:00,109.0891673672752,89.45
2025-01-11 03:00:00,107.7858805672627,88.35
2025-01-11 04:00:00,107.7816473069246,88.4
2025-01-11 05:00:00,108.95924365164981,88.13
2025-01-11 06:00:00,109.33955481621511,94.68
2025-01-11 07:00:00,109.34789222194439,107.65
2025-01-11 08:00:00,109.34815403482084,103.14
2025-01-11 09:00:00,109.33980513502503,101.13
2025-01-11 10:00:00,109.29179126825153,99.56
2025-01-11 11:00:00,100.61690625000017,96.74
2025-01-11 12:00:00,98.40035601167595,93.15
2025-01-11 13:00:00,98.22129346317298,94.9
2025-01-11 14:00:00,98.22129346317304,104.89
2025-01-11 15:00:00,100.61690624999994,112.12
2025-01-11 16:00:00,107.60034071020193,119.8
2025-01-11 17:00:00,108.2932975050261,122.34
2025-01-11 18:00:00,107.55708833115675,114.85
2025-01-11 19:00:00,107.39860212539972,111.19
2025-01-11 20:00:00,109.21318967769938,104.8
2025-01-11 21:00:00,108.13097550705064,103.07
2025-01-11 22:00:00,109.35722009461982,105.69
2025-01-11 23:00:00,109.35675546835732,83.58
2025-01-12 00:00:00,109.10020679416884,83.79
2025-01-12 01:00:00,109.10023380718619,86.75
2025-01-12 02:00:00,108.56766001687375,84.2
2025-01-12 03:00:00,108.23774517717138,85.0
2025-01-12 04:00:00,108.98597976868776,83.75
2025-01-12 05:00:00,109.08915199845318,85.9
2025-01-12 06:00:00,109.35800664423495,101.75
2025-01-12 07:00:00,109.35827765380009,114.67
2025-01-12 08:00:00,109.35854835934268,120.07
2025-01-12 09:00:00,109.35859664420384,117.77
2025-01-12 10:00:00,109.35888408581972,105.61
2025-01-12 11:00:00,109.34160616302184,102.99
2025-01-12 12:00:00,109.25302142242741,99.61
2025-01-12 13:00:00,109.23660845023261,104.74
2025-01-12 14:00:00,109.3352085780689,118.7
2025-01-12 15:00:00,109.35075094064395,132.92
2025-01-12 16:00:00,113.3708528670392,141.0
2025-01-12 17:00:00,113.39525548902107,146.66
2025-01-12 18:00:00,113.63949367666042,143.66
2025-01-12 19:00:00,112.28159335315509,134.86
2025-01-12 20:00:00,110.70326512405276,127.49
2025-01-12 21:00:00,109.63041431817675,121.2
2025-01-12 22:00:00,109.50065560683277,114.9
2025-01-12 23:00:00,109.35860021962704,112.39
2025-01-13 00:00:00,109.35863850453798,105.07
2025-01-13 01:00:00,109.35862628016913,104.46
2025-01-13 02:00:00,109.35862223875648,100.37
2025-01-13 03:00:00,109.35861592888467,100.0
2025-01-13 04:00:00,109.35859816842343,110.11
2025-01-13 05:00:00,112.50127712894265,140.28
2025-01-13 06:00:00,116.42144910486996,181.92
2025-01-13 07:00:00,116.8230767386685,223.09
2025-01-13 08:00:00,116.7398951192173,174.09
2025-01-13 09:00:00,116.41759397419865,141.69
2025-01-13 10:00:00,115.60662378739038,115.73
2025-01-13 11:00:00,110.70326512399829,104.1
2025-01-13 12:00:00,109.21304680082604,103.04
2025-01-13 13:00:00,109.30288976216414,104.67
2025-01-13 14:00:00,110.50303288943232,138.2
2025-01-13 15:00:00,110.94686288205197,142.62
2025-01-13 16:00:00,116.41300920141414,149.0
2025-01-13 17:00:00,116.42061306621302,149.0
2025-01-13 18:00:00,116.41049999999643,139.73
2025-01-13 19:00:00,116.41050000001712,123.18
2025-01-13 20:00:00,110.70326512405268,120.22
2025-01-13 21:00:00,109.53040153995761,115.57
2025-01-13 22:00:00,109.35856140350876,102.31
2025-01-13 23:00:00,109.35856140350882,106.38
2025-01-14 00:00:00,109.35856140351105,103.7
2025-01-14 01:00:00,102.95614860095654,99.08
2025-01-14 02:00:00,107.14837644051734,97.99
2025-01-14 03:00:00,102.95647508373186,101.88
2025-01-14 04:00:00,109.35856140350893,107.64
2025-01-14 05:00:00,108.94833590475677,123.4
2025-01-14 06:00:00,110.70326512405148,156.62
2025-01-14 07:00:00,107.14837644051624,184.03
2025-01-14 08:00:00,100.61690624998118,151.86
2025-01-14 09:00:00,110.7032651240527,117.62
2025-01-14 10:00:00,109.37317627645999,109.31
2025-01-14 11:00:00,109.30660675358168,103.11
2025-01-14 12:00:00,109.2496988351863,108.11
2025-01-14 13:00:00,108.42961409329106,115.35
2025-01-14 14:00:00,108.4687244057617,125.35
2025-01-14 15:00:00,109.48052555716762,141.97
2025-01-14 16:00:00,110.7032651240524,165.86
2025-01-14 17:00:00,115.60662378739018,170.07
2025-01-14 18:00:00,100.61690625,158.38
2025-01-14 19:00:00,109.77749681589984,135.46
2025-01-14 20:00:00,110.7032651240527,117.69
2025-01-14 21:00:00,110.70326512405266,121.0
2025-01-14 22:00:00,109.48754109035391,121.76
2025-01-14 23:00:00,109.35856140350946,108.28
2025-01-15 00:00:00,109.35856140350869,107.72
2025-01-15 01:00:00,109.35856140350867,108.41
2025-01-15 02:00:00,109.35856140350879,108.04
2025-01-15 03:00:00,109.35856140350876,108.75
2025-01-15 04:00:00,109.50088659365993,114.92
2025-01-15 05:00:00,115.60662378739059,134.49
2025-01-15 06:00:00,116.64938355451108,191.79
2025-01-15 07:00:00,116.64938355451112,307.24
2025-01-15 08:00:00,116.73989511921866,315.02
2025-01-15 09:00:00,121.33567047048012,311.03
2025-01-15 10:00:00,117.27934834466613,304.8
2025-01-15 11:00:00,116.73989511921785,311.02
2025-01-15 12:00:00,116.64938355451126,309.34
2025-01-15 13:00:00,116.43626432499096,285.83
2025-01-15 14:00:00,116.43594917977717,301.74
2025-01-15 15:00:00,116.6493835545113,333.52
2025-01-15 16:00:00,118.51185686040839,377.99
2025-01-15 17:00:00,121.69641503198287,324.74
2025-01-15 18:00:00,121.73741544389638,270.09
2025-01-15 19:00:00,117.3342249939302,181.66
2025-01-15 20:00:00,116.40041840393755,150.87
2025-01-15 21:00:00,116.41049999999956,141.16
2025-01-15 22:00:00,113.01517770275922,123.9
2025-01-15 23:00:00,110.70326512405256,126.33
2025-01-16 00:00:00,109.55329280237055,119.12
2025-01-16 01:00:00,109.50030990079443,117.62
2025-01-16 02:00:00,109.35856140353009,115.03
2025-01-16 03:00:00,109.35856140350847,115.75
2025-01-16 04:00:00,110.47333073099662,123.27
2025-01-16 05:00:00,113.63949367666572,138.7
2025-01-16 06:00:00,116.41050000000992,173.04
2025-01-16 07:00:00,117.18145038376474,199.65
2025-01-16 08:00:00,116.6493835545113,175.0
2025-01-16 09:00:00,116.43159791388133,151.9
2025-01-16 10:00:00,116.42118904111075,140.64
2025-01-16 11:00:00,116.41743949277624,131.13
2025-01-16 12:00:00,116.41635221056444,130.58
2025-01-16 13:00:00,116.41631977421362,138.42
2025-01-16 14:00:00,116.4129346400314,163.04
2025-01-16 15:00:00,116.41375261721916,179.2
2025-01-16 16:00:00,116.64938355451139,191.56
2025-01-16 17:00:00,116.73989511921778,184.32
2025-01-16 18:00:00,116.6493835545113,179.97
2025-01-16 19:00:00,116.64938355451108,159.6
2025-01-16 20:00:00,116.3690402044087,141.6
2025-01-16 21:00:00,116.41050000000001,135.29
2025-01-16 22:00:00,110.70326512405511,123.75
2025-01-16 23:00:00,109.55324731121368,118.87
2025-01-17 00:00:00,109.35856140350778,118.39
2025-01-17 01:00:00,109.35856140350879,115.71
2025-01-17 02:00:00,109.35856140350877,114.72
2025-01-17 03:00:00,109.35856140350876,115.48
2025-01-17 04:00:00,109.71346680544433,122.16
2025-01-17 05:00:00,116.41325129725449,140.8
2025-01-17 06:00:00,116.6493835545114,175.01
2025-01-17 07:00:00,116.86804315653845,208.13
2025-01-17 08:00:00,116.86249930225127,175.34
2025-01-17 09:00:00,116.82307673867021,158.0
2025-01-17 10:00:00,116.64938355451135,140.73
2025-01-17 11:00:00,116.42589003918548,126.44
2025-01-17 12:00:00,116.11653379505519,124.03
2025-01-17 13:00:00,115.60662378739073,132.99
2025-01-17 14:00:00,116.41683931353953,151.98
2025-01-17 15:00:00,116.42219423773216,170.21
2025-01-17 16:00:00,116.6493835545114,178.79
2025-01-17 17:00:00,117.32396990369023,179.92
2025-01-17 18:00:00,116.73989511921798,174.22
2025-01-17 19:00:00,116.64938355451135,157.91
2025-01-17 20:00:00,116.4007919145533,145.0
2025-01-17 21:00:00,116.41050000000222,139.97
2025-01-17 22:00:00,115.60662378739028,126.84
2025-01-17 23:00:00,109.75992759551862,125.29
2025-01-18 00:00:00,109.48467301467025,121.05
2025-01-18 01:00:00,109.35856140350873,120.98
2025-01-18 02:00:00,109.35856140350919,118.85
2025-01-18 03:00:00,109.35856140350832,116.46
2025-01-18 04:00:00,109.35856140350901,119.77
2025-01-18 05:00:00,109.55329280236748,119.75
2025-01-18 06:00:00,112.04010040998453,133.39
2025-01-18 07:00:00,116.41050000000129,145.63
2025-01-18 08:00:00,116.41049999999998,144.1
2025-01-18 09:00:00,115.60662378739029,131.21
2025-01-18 10:00:00,113.63949367666041,121.56
2025-01-18 11:00:00,110.70326512405245,118.87
2025-01-18 12:00:00,109.71793321264369,115.01
2025-01-18 13:00:00,109.86445280219532,119.32
2025-01-18 14:00:00,109.75137240657791,133.32
2025-01-18 15:00:00,112.5853353916748,149.71
2025-01-18 16:00:00,116.41471485567821,164.59
2025-01-18 17:00:00,116.42562236648467,167.57
2025-01-18 18:00:00,116.4105000000044,167.85
2025-01-18 19:00:00,116.41050000000145,156.12
2025-01-18 20:00:00,116.32986241460071,143.42
2025-01-18 21:00:00,113.63949367666046,136.4
2025-01-18 22:00:00,110.70326512405235,129.36
2025-01-18 23:00:00,109.55243217851839,129.73
2025-01-19 00:00:00,109.35856140350569,124.2
2025-01-19 01:00:00,109.3585614035119,123.05
2025-01-19 02:00:00,109.3585614035089,121.24
2025-01-19 03:00:00,109.3585614035089,120.18
2025-01-19 04:00:00,109.35856140350569,120.0
2025-01-19 05:00:00,109.35856140352139,121.57
2025-01-19 06:00:00,109.50088659365417,123.33
2025-01-19 07:00:00,110.70326512405217,123.6
2025-01-19 08:00:00,110.70326512405246,125.16
2025-01-19 09:00:00,110.70326512405227,125.19
2025-01-19 10:00:00,109.71366321562493,121.56
2025-01-19 11:00:00,109.50399070508682,112.25
2025-01-19 12:00:00,109.35900268516602,107.51
2025-01-19 13:00:00,109.35794752383116,116.81
2025-01-19 14:00:00,109.35856227736237,126.29
2025-01-19 15:00:00,110.70326512405266,140.15
2025-01-19 16:00:00,113.63949367666066,149.67
2025-01-19 17:00:00,116.4147768716968,159.04
2025-01-19 18:00:00,116.41050000000001,156.6
2025-01-19 19:00:00,116.41050000000001,149.06
2025-01-19 20:00:00,115.60662378739062,139.26
2025-01-19 21:00:00,112.33590223023542,130.99
2025-01-19 22:00:00,110.70326512405269,122.94
2025-01-19 23:00:00,109.50088659365983,122.27
2025-01-20 00:00:00,109.35856140350877,119.44
2025-01-20 01:00:00,109.35856140350886,116.56
2025-01-20 02:00:00,109.35856140350869,114.41
2025-01-20 03:00:00,109.35856140350877,115.45
2025-01-20 04:00:00,110.70326512405275,127.54
2025-01-20 05:00:00,116.41324545995528,161.71
2025-01-20 06:00:00,116.6493835545113,276.48
2025-01-20 07:00:00,121.71392059343049,431.99
2025-01-20 08:00:00,118.5118568604084,291.7
2025-01-20 09:00:00,116.64938355451139,236.29
2025-01-20 10:00:00,116.64938355451118,187.48
2025-01-20 11:00:00,116.63496453302875,176.0
2025-01-20 12:00:00,116.53396735687264,171.39
2025-01-20 13:00:00,116.41050000000014,191.85
2025-01-20 14:00:00,116.41050000000004,277.17
2025-01-20 15:00:00,116.64938355451112,402.12
2025-01-20 16:00:00,121.7172394474178,583.4
2025-01-20 17:00:00,118.51185686040836,473.28
2025-01-20 18:00:00,116.64938355451119,295.57
2025-01-20 19:00:00,116.64938355451125,220.0
2025-01-20 20:00:00,116.36939356417818,170.0
2025-01-20 21:00:00,116.41049999999973,152.51
2025-01-20 22:00:00,112.03385483840452,137.98
2025-01-20 23:00:00,109.55324808912574,127.52
2025-01-21 00:00:00,109.35856140350863,121.65
2025-01-21 01:00:00,109.35856140350886,116.67
2025-01-21 02:00:00,109.3585614035091,113.86
2025-01-21 03:00:00,109.35856140350896,113.54
2025-01-21 04:00:00,110.70326512405258,122.34
2025-01-21 05:00:00,115.60662378739055,142.2
2025-01-21 06:00:00,116.42148839851838,190.06
2025-01-21 07:00:00,117.18617391644865,248.32
2025-01-21 08:00:00,116.9720915169182,211.68
2025-01-21 09:00:00,116.64938355451123,198.05
2025-01-21 10:00:00,116.42147464086763,161.5
2025-01-21 11:00:00,116.41760462755148,147.44
2025-01-21 12:00:00,115.60662378739043,142.83
2025-01-21 13:00:00,115.60662378739039,150.05
2025-01-21 14:00:00,115.60662378739043,173.43
2025-01-21 15:00:00,116.4130648574082,212.13
2025-01-21 16:00:00,116.64938355451126,301.15
2025-01-21 17:00:00,116.64938355451142,251.93
2025-01-21 18:00:00,116.64938355451177,202.68
2025-01-21 19:00:00,116.41050000000016,174.84
2025-01-21 20:00:00,116.41050000000078,155.19
2025-01-21 21:00:00,112.07769633191654,138.6
2025-01-21 22:00:00,111.6259407210629,125.29
2025-01-21 23:00:00,109.48886475292137,128.0
2025-01-22 00:00:00,109.4390774701474,125.06
2025-01-22 01:00:00,109.35856123772562,122.22
2025-01-22 02:00:00,109.35857131784371,121.66
2025-01-22 03:00:00,109.35865936846639,123.16
2025-01-22 04:00:00,110.70326512405263,128.32
2025-01-22 05:00:00,112.06380809713146,156.92
2025-01-22 06:00:00,116.41306206958487,208.25
2025-01-22 07:00:00,116.41403569238726,238.6
2025-01-22 08:00:00,116.41385162398952,199.41
2025-01-22 09:00:00,116.41288750735889,179.06
2025-01-22 10:00:00,116.42571495164871,172.94
2025-01-22 11:00:00,115.60662378739066,165.0
2025-01-22 12:00:00,115.60662378739012,170.0
2025-01-22 13:00:00,113.5665130899301,179.92
2025-01-22 14:00:00,113.63949367666059,195.67
2025-01-22 15:00:00,113.8175106494909,199.04
2025-01-22 16:00:00,115.60662378739049,208.99
2025-01-22 17:00:00,116.37500405924948,180.43
2025-01-22 18:00:00,115.6066237873905,167.08
2025-01-22 19:00:00,110.37772406848947,134.49
2025-01-22 20:00:00,109.46832975803699,127.78
2025-01-22 21:00:00,109.02087481279857,128.09
2025-01-22 22:00:00,109.32585762582374,114.68
2025-01-22 23:00:00,109.3585614035084,113.7
2025-01-23 00:00:00,109.2418810303023,108.88
2025-01-23 01:00:00,108.94117677089392,105.58
2025-01-23 02:00:00,107.14837644051823,100.01
2025-01-23 03:00:00,104.64466314458714,97.59
2025-01-23 04:00:00,106.99257828496857,100.01
2025-01-23 05:00:00,108.73820861120342,106.41
2025-01-23 06:00:00,109.1986931359995,136.6
2025-01-23 07:00:00,107.90891796637408,159.03
2025-01-23 08:00:00,107.57436619540871,155.42
2025-01-23 09:00:00,108.3004935331562,130.94
2025-01-23 10:00:00,108.58105670002975,116.1
2025-01-23 11:00:00,107.44897355647568,94.93
2025-01-23 12:00:00,100.61690624999994,88.56
2025-01-23 13:00:00,98.22129346317317,85.86
2025-01-23 14:00:00,98.81612881424672,89.8
2025-01-23 15:00:00,100.66654331474999,89.87
2025-01-23 16:00:00,108.30321396526817,106.75
2025-01-23 17:00:00,108.75084469833742,112.0
2025-01-23 18:00:00,107.14837644051845,101.87
2025-01-23 19:00:00,106.15440560050327,86.36
2025-01-23 20:00:00,100.6169062500002,74.28
2025-01-23 21:00:00,98.22129346317304,75.68
2025-01-23 22:00:00,96.27261728008686,58.23
2025-01-23 23:00:00,92.5427317855326,69.03
2025-01-24 00:00:00,63.65631975529701,58.16
2025-01-24 01:00:00,63.57752725129349,45.05
2025-01-24 02:00:00,63.65367742743623,40.6
2025-01-24 03:00:00,81.67000276243085,50.17
2025-01-24 04:00:00,87.86051344871193,73.2
2025-01-24 05:00:00,98.22129346317327,85.44
2025-01-24 06:00:00,100.66654331474963,109.16
2025-01-24 07:00:00,100.91088647806902,116.23
2025-01-24 08:00:00,100.66654331475,96.34
2025-01-24 09:00:00,98.22129346317291,88.9
2025-01-24 10:00:00,97.85956206066557,78.44
2025-01-24 11:00:00,96.27261728008686,76.48
2025-01-24 12:00:00,70.69985348095308,74.69
2025-01-24 13:00:00,61.78066284642074,74.51
2025-01-24 14:00:00,48.819198148475344,74.51
2025-01-24 15:00:00,72.41137460627513,75.25
2025-01-24 16:00:00,96.27261728008668,83.02
2025-01-24 17:00:00,97.07137775031116,88.59
2025-01-24 18:00:00,97.07137775031174,91.78
2025-01-24 19:00:00,96.27261728008632,84.99
2025-01-24 20:00:00,96.2726172800866,80.79
2025-01-24 21:00:00,96.27261728008547,91.97
2025-01-24 22:00:00,96.27261728008695,86.29
2025-01-24 23:00:00,96.27261728008605,59.04
2025-01-25 00:00:00,96.27261728008622,64.96
2025-01-25 01:00:00,96.27261728008544,63.55
2025-01-25 02:00:00,96.27261728008452,67.17
2025-01-25 03:00:00,96.2726172800854,76.77
2025-01-25 04:00:00,96.2726172800855,76.89
2025-01-25 05:00:00,96.27261728008551,79.32
2025-01-25 06:00:00,96.27261728008584,76.89
2025-01-25 07:00:00,98.22129346317159,88.99
2025-01-25 08:00:00,99.27364890966808,87.31
2025-01-25 09:00:00,98.96548715576108,86.32
2025-01-25 10:00:00,99.27364890966801,88.15
2025-01-25 11:00:00,98.2212934631713,82.55
2025-01-25 12:00:00,98.2212934631716,81.98
2025-01-25 13:00:00,98.94555235532108,89.0
2025-01-25 14:00:00,100.66654331474808,111.07
2025-01-25 15:00:00,108.88311759425338,132.97
2025-01-25 16:00:00,109.69696852526846,145.85
2025-01-25 17:00:00,110.70326512405123,151.0
2025-01-25 18:00:00,110.70326512405173,147.53
2025-01-25 19:00:00,109.46216991268867,137.6
2025-01-25 20:00:00,109.41944467769821,134.61
2025-01-25 21:00:00,109.3956047883063,132.26
2025-01-25 22:00:00,109.35981347902302,122.03
2025-01-25 23:00:00,109.36273880480388,126.21
2025-01-26 00:00:00,109.33176928889016,115.79
2025-01-26 01:00:00,108.99969859823445,111.3
2025-01-26 02:00:00,105.52425025851021,106.85
2025-01-26 03:00:00,102.26518666955242,105.43
2025-01-26 04:00:00,100.66654331474751,107.86
2025-01-26 05:00:00,100.61690624999862,110.6
2025-01-26 06:00:00,100.61690624999858,117.62
2025-01-26 07:00:00,100.66654331474854,124.17
2025-01-26 08:00:00,105.34852886680405,121.97
2025-01-26 09:00:00,103.59614321954439,105.51
2025-01-26 10:00:00,103.40564079790411,102.57
2025-01-26 11:00:00,100.61690625,96.73
2025-01-26 12:00:00,98.22129346317297,90.02
2025-01-26 13:00:00,98.22129346317297,92.52
2025-01-26 14:00:00,98.95311660233641,111.63
2025-01-26 15:00:00,100.66654331474969,125.92
2025-01-26 16:00:00,106.04137715785485,132.77
2025-01-26 17:00:00,105.4556986041248,118.94
2025-01-26 18:00:00,102.25836269694918,90.32
2025-01-26 19:00:00,99.27364890966955,78.93
2025-01-26 20:00:00,97.85956206066555,68.26
2025-01-26 21:00:00,96.27261728008679,49.25
2025-01-26 22:00:00,81.86080139670642,23.89
2025-01-26 23:00:00,66.01295170080924,40.14
2025-01-27 00:00:00,57.12477443192696,35.26
2025-01-27 01:00:00,35.93089999999945,26.38
2025-01-27 02:00:00,21.917246310924032,14.07
2025-01-27 03:00:00,20.218013365295008,10.1
2025-01-27 04:00:00,21.324754617467867,21.52
2025-01-27 05:00:00,33.93797333004084,34.1
2025-01-27 06:00:00,52.39217343167095,56.99
2025-01-27 07:00:00,87.86051344871218,71.76
2025-01-27 08:00:00,96.27261728008673,62.96
2025-01-27 09:00:00,89.71074390243922,45.57
2025-01-27 10:00:00,74.03245534872242,40.11
2025-01-27 11:00:00,62.16258200656795,35.66
2025-01-27 12:00:00,62.15364305975776,38.37
2025-01-27 13:00:00,62.093089192847685,53.95
2025-01-27 14:00:00,70.35919752437181,86.79
2025-01-27 15:00:00,96.27261728008675,102.46
2025-01-27 16:00:00,97.85956206066555,118.56
2025-01-27 17:00:00,100.61690625,118.67
2025-01-27 18:00:00,101.68877339504223,100.05
2025-01-27 19:00:00,99.27364890966959,94.07
2025-01-27 20:00:00,96.27261728008678,85.08
2025-01-27 21:00:00,87.86051344871228,82.26
2025-01-27 22:00:00,81.86080139670653,69.28
2025-01-27 23:00:00,66.19958414595108,76.92
2025-01-28 00:00:00,66.13758799900737,71.53
2025-01-28 01:00:00,66.13758799900737,57.33
2025-01-28 02:00:00,76.29816517546027,69.28
2025-01-28 03:00:00,82.82175782367678,76.92
2025-01-28 04:00:00,89.12174847060203,77.59
2025-01-28 05:00:00,97.07137775031273,98.22
2025-01-28 06:00:00,100.61690624999993,125.45
2025-01-28 07:00:00,108.97928996494096,147.5
2025-01-28 08:00:00,109.18888414682112,135.3
2025-01-28 09:00:00,109.06981750771459,120.53
2025-01-28 10:00:00,108.14702575928283,116.34
2025-01-28 11:00:00,107.14837644051819,114.75
2025-01-28 12:00:00,107.14837644051823,117.39
2025-01-28 13:00:00,107.62481139046768,121.33
2025-01-28 14:00:00,107.88439538436344,139.91
2025-01-28 15:00:00,108.2226555251339,147.0
2025-01-28 16:00:00,109.08989801653183,149.6
2025-01-28 17:00:00,110.62051781221228,134.94
2025-01-28 18:00:00,109.69658098297889,128.9
2025-01-28 19:00:00,107.14837644051799,94.76
2025-01-28 20:00:00,100.61690624999989,87.26
2025-01-28 21:00:00,97.07137775031254,79.8
2025-01-28 22:00:00,97.07137775031262,64.43
2025-01-28 23:00:00,96.27261728008669,87.72
2025-01-29 00:00:00,94.87131662251792,83.39
2025-01-29 01:00:00,93.26551805049394,78.16
2025-01-29 02:00:00,93.26551805049398,75.64
2025-01-29 03:00:00,93.26551805049398,79.01
2025-01-29 04:00:00,96.27261728008676,86.98
2025-01-29 05:00:00,97.07137775031264,93.14
2025-01-29 06:00:00,101.5827054107396,141.42
2025-01-29 07:00:00,107.91048216194163,142.54
2025-01-29 08:00:00,108.68482633519584,130.45
2025-01-29 09:00:00,105.79486414962267,105.05
2025-01-29 10:00:00,106.20960090721634,89.25
2025-01-29 11:00:00,100.6169062500004,85.0
2025-01-29 12:00:00,97.85956206066585,85.53
2025-01-29 13:00:00,96.27261728008715,87.67
2025-01-29 14:00:00,97.07137775031224,102.75
2025-01-29 15:00:00,100.66654331474817,132.66
2025-01-29 16:00:00,109.20964693381241,149.57
2025-01-29 17:00:00,109.47277829120443,150.09
2025-01-29 18:00:00,109.08405442575143,146.3
2025-01-29 19:00:00,109.23387602683609,131.95
2025-01-29 20:00:00,109.28300216708017,119.65
2025-01-29 21:00:00,109.14797881427619,111.99
2025-01-29 22:00:00,109.07329449272474,99.33
2025-01-29 23:00:00,106.32642377752401,92.41
2025-01-30 00:00:00,101.8088780687015,92.43
2025-01-30 01:00:00,101.80728617340301,93.33
2025-01-30 02:00:00,101.79941223108318,92.95
2025-01-30 03:00:00,102.42095956906098,92.43
2025-01-30 04:00:00,107.14837644051836,108.65
2025-01-30 05:00:00,109.3748433135677,139.83
2025-01-30 06:00:00,110.70326512405359,152.64
2025-01-30 07:00:00,115.06508945275822,160.3
2025-01-30 08:00:00,115.6066237873906,151.51
2025-01-30 09:00:00,110.70326512405306,135.09
2025-01-30 10:00:00,110.70326512405325,123.25
2025-01-30 11:00:00,109.36169519854312,115.89
2025-01-30 12:00:00,109.37353455718333,113.3
2025-01-30 13:00:00,109.34845177098455,129.41
2025-01-30 14:00:00,109.40425647629004,153.22
2025-01-30 15:00:00,110.70326512405268,160.87
2025-01-30 16:00:00,115.11181742853681,180.36
2025-01-30 17:00:00,115.67156558731261,176.58
2025-01-30 18:00:00,115.43748560922091,161.28
2025-01-30 19:00:00,110.70326512405265,150.2
2025-01-30 20:00:00,109.47187380235037,134.17
2025-01-30 21:00:00,109.35668707714888,126.46
2025-01-30 22:00:00,109.3585614035088,120.2
2025-01-30 23:00:00,109.35835039114203,120.0
2025-01-31 00:00:00,109.33019774295741,117.08
2025-01-31 01:00:00,109.30369288892541,113.89
2025-01-31 02:00:00,109.10758168958637,113.12
2025-01-31 03:00:00,109.10821305778683,115.98
2025-01-31 04:00:00,109.32469436542175,120.74
2025-01-31 05:00:00,109.35683734502877,131.87
2025-01-31 06:00:00,110.70326512405282,157.97
2025-01-31 07:00:00,115.60662378739116,163.7
2025-01-31 08:00:00,110.70326512405305,154.82
2025-01-31 09:00:00,109.66303078073105,130.1
2025-01-31 10:00:00,109.45341279544445,126.2
2025-01-31 11:00:00,109.41278949039909,120.06
2025-01-31 12:00:00,109.2356915190656,121.19
2025-01-31 13:00:00,109.27178178704658,119.76
2025-01-31 14:00:00,109.30896463936077,149.87
2025-01-31 15:00:00,110.7032651240528,168.26
2025-01-31 16:00:00,115.60662378739067,185.26
2025-01-31 17:00:00,116.47486091258835,184.48
2025-01-31 18:00:00,116.41049999999986,178.99
2025-01-31 19:00:00,116.41050000000097,162.66
2025-01-31 20:00:00,110.7032651240527,152.7
2025-01-31 21:00:00,109.7593185151647,144.31
2025-01-31 22:00:00,109.45529582744521,131.41
2025-01-31 23:00:00,109.35856140351977,136.93
2025-02-01 00:00:00,109.35856140350874,129.42
2025-02-01 01:00:00,109.35856140350732,124.24
2025-02-01 02:00:00,109.35856140351073,119.12
2025-02-01 03:00:00,109.35090304327203,118.86
2025-02-01 04:00:00,109.36018778727531,120.54
2025-02-01 05:00:00,109.35748091662434,127.1
2025-02-01 06:00:00,109.55726188744515,144.74
2025-02-01 07:00:00,110.70326512405273,153.46
2025-02-01 08:00:00,109.94595112087431,142.44
2025-02-01 09:00:00,109.52881960172958,128.4
2025-02-01 10:00:00,109.35857337832263,120.08
2025-02-01 11:00:00,109.35804221283755,110.29
2025-02-01 12:00:00,109.3577107992181,103.4
2025-02-01 13:00:00,109.12061844335098,113.7
2025-02-01 14:00:00,109.12210637770252,129.49
2025-02-01 15:00:00,109.41322175127685,154.43
2025-02-01 16:00:00,113.63949367666088,168.27
2025-02-01 17:00:00,115.60662378739094,167.51
2025-02-01 18:00:00,115.60662378739086,162.98
2025-02-01 19:00:00,112.3329841623193,156.6
2025-02-01 20:00:00,110.70326512405279,145.24
2025-02-01 21:00:00,109.59684411911898,141.73
2025-02-01 22:00:00,109.35856140350886,131.74
2025-02-01 23:00:00,109.3585614035089,133.26
2025-02-02 00:00:00,109.35856140350892,126.91
2025-02-02 01:00:00,109.35856140350879,122.99
2025-02-02 02:00:00,109.35856140350886,120.66
2025-02-02 03:00:00,109.35859328404871,122.34
2025-02-02 04:00:00,109.35859328404898,123.41
2025-02-02 05:00:00,109.35859195563097,128.09
2025-02-02 06:00:00,109.35861862775734,135.9
2025-02-02 07:00:00,109.50811301984008,137.3
2025-02-02 08:00:00,109.50030957148361,137.7
2025-02-02 09:00:00,109.3585179712493,130.04
2025-02-02 10:00:00,109.35845377584532,129.33
2025-02-02 11:00:00,109.3576987768091,122.24
2025-02-02 12:00:00,109.28429596930452,111.88
2025-02-02 13:00:00,109.18921684221125,116.42
2025-02-02 14:00:00,109.27765967963298,127.97
2025-02-02 15:00:00,109.4049843445793,151.21
2025-02-02 16:00:00,113.4215852230725,164.03
2025-02-02 17:00:00,115.60662378739092,172.49
2025-02-02 18:00:00,115.6066237873911,173.95
2025-02-02 19:00:00,112.64803825284241,165.5
2025-02-02 20:00:00,110.7032651240529,155.77
2025-02-02 21:00:00,110.70326512405306,148.44
2025-02-02 22:00:00,109.50088659366006,133.24
2025-02-02 23:00:00,109.35856140350845,129.54
2025-02-03 00:00:00,109.35859371105664,126.63
2025-02-03 01:00:00,109.35855902891532,124.72
2025-02-03 02:00:00,109.35856074221,120.04
2025-02-03 03:00:00,109.35862014973097,123.24
2025-02-03 04:00:00,109.6714768959814,127.77
2025-02-03 05:00:00,115.60662378739003,159.18
2025-02-03 06:00:00,116.44240436918733,207.88
2025-02-03 07:00:00,118.51185686040752,243.23
2025-02-03 08:00:00,117.2925549937861,178.04
2025-02-03 09:00:00,116.42059910231214,149.95
2025-02-03 10:00:00,116.4165523000725,126.05
2025-02-03 11:00:00,110.70326512405295,117.27
2025-02-03 12:00:00,109.7142377684383,115.29
2025-02-03 13:00:00,109.54430059811769,124.18
2025-02-03 14:00:00,110.70326512405182,145.86
2025-02-03 15:00:00,113.63949367666038,170.71
2025-02-03 16:00:00,116.535009340464,216.0
2025-02-03 17:00:00,116.43246895927051,200.73
2025-02-03 18:00:00,116.64938355451125,201.1
2025-02-03 19:00:00,116.38475728410965,167.74
2025-02-03 20:00:00,116.36875759693031,153.0
2025-02-03 21:00:00,113.6394936766603,144.23
2025-02-03 22:00:00,110.7032651240525,135.81
2025-02-03 23:00:00,109.35856140350836,132.4
2025-02-04 00:00:00,109.35856140350838,125.54
2025-02-04 01:00:00,109.3585614035085,123.18
2025-02-04 02:00:00,109.35856140350832,123.99
2025-02-04 03:00:00,109.35856140350832,123.25
2025-02-04 04:00:00,109.3585614035085,127.63
2025-02-04 05:00:00,111.25758346534234,155.42
2025-02-04 06:00:00,116.41049999999973,192.24
2025-02-04 07:00:00,116.64938355451116,211.99
2025-02-04 08:00:00,116.41049999999987,163.31
2025-02-04 09:00:00,115.60662378739046,136.53
2025-02-04 10:00:00,110.70326512405235,126.57
2025-02-04 11:00:00,109.42768576372377,116.89
2025-02-04 12:00:00,109.35736114844802,113.17
2025-02-04 13:00:00,109.06857649457747,120.09
2025-02-04 14:00:00,109.33049198216706,127.47
2025-02-04 15:00:00,110.15410165173395,164.81
2025-02-04 16:00:00,110.70326512405256,168.99
2025-02-04 17:00:00,116.34468676288584,175.0
2025-02-04 18:00:00,116.41049999999987,162.04
2025-02-04 19:00:00,115.60662378739009,145.01
2025-02-04 20:00:00,110.7032651240523,132.43
2025-02-04 21:00:00,109.31734900290193,129.42
2025-02-04 22:00:00,109.35856140350805,120.62
2025-02-04 23:00:00,109.3585614035087,113.34
2025-02-05 00:00:00,109.3585614035087,109.67
2025-02-05 01:00:00,109.24532667186402,109.4
2025-02-05 02:00:00,107.14837644051808,108.18
2025-02-05 03:00:00,109.24385984025031,115.17
2025-02-05 04:00:00,109.35856140350873,122.42
2025-02-05 05:00:00,110.24893930637941,139.81
2025-02-05 06:00:00,116.41049999999984,165.32
2025-02-05 07:00:00,116.41049999999932,180.81
2025-02-05 08:00:00,116.41049999999977,159.33
2025-02-05 09:00:00,114.11919941042235,132.19
2025-02-05 10:00:00,110.7032651240526,119.96
2025-02-05 11:00:00,109.71622590958128,115.46
2025-02-05 12:00:00,109.55805587018493,118.8
2025-02-05 13:00:00,109.35886685166433,128.85
2025-02-05 14:00:00,109.76697628217306,144.12
2025-02-05 15:00:00,111.74608298198254,160.58
2025-02-05 16:00:00,116.49500830668751,177.19
2025-02-05 17:00:00,116.43282900950656,189.9
2025-02-05 18:00:00,116.64938355451136,189.63
2025-02-05 19:00:00,116.40024326597054,170.0
2025-02-05 20:00:00,116.36887564527912,155.42
2025-02-05 21:00:00,115.6066237873906,143.7
2025-02-05 22:00:00,110.70326512405272,133.21
2025-02-05 23:00:00,109.5002575813227,133.67
2025-02-06 00:00:00,109.35856140350879,129.57
2025-02-06 01:00:00,109.35856140350877,125.87
2025-02-06 02:00:00,109.3585614035088,125.0
2025-02-06 03:00:00,109.35856140350877,125.01
2025-02-06 04:00:00,109.54703289778072,135.28
2025-02-06 05:00:00,115.60662378739069,156.12
2025-02-06 06:00:00,116.4104999999999,180.09
2025-02-06 07:00:00,117.33165140395612,219.42
2025-02-06 08:00:00,116.82307673867027,178.99
2025-02-06 09:00:00,116.43425321333675,160.14
2025-02-06 10:00:00,116.11539137958765,152.56
2025-02-06 11:00:00,113.63949367666072,147.89
2025-02-06 12:00:00,110.70326512405268,145.48
2025-02-06 13:00:00,110.70326512405276,137.79
2025-02-06 14:00:00,110.75990679680191,150.8
2025-02-06 15:00:00,115.60662378739065,164.89
2025-02-06 16:00:00,115.84881968644413,171.59
2025-02-06 17:00:00,115.6066237873909,170.48
2025-02-06 18:00:00,116.3690402044116,162.95
2025-02-06 19:00:00,113.63949367666011,141.33
2025-02-06 20:00:00,110.70326512405268,131.26
2025-02-06 21:00:00,109.50442066980588,134.0
2025-02-06 22:00:00,109.28414600787264,121.95
2025-02-06 23:00:00,107.14837644051812,126.05
2025-02-07 00:00:00,101.81639738663038,112.7
2025-02-07 01:00:00,100.66654331474963,108.82
2025-02-07 02:00:00,100.61690624999999,105.0
2025-02-07 03:00:00,99.27364890966955,104.81
2025-02-07 04:00:00,99.27364890966952,105.07
2025-02-07 05:00:00,101.59841066671787,112.39
2025-02-07 06:00:00,108.83660112715913,141.66
2025-02-07 07:00:00,108.1966533700957,164.21
2025-02-07 08:00:00,108.79317394562949,150.36
2025-02-07 09:00:00,107.89953839753281,133.88
2025-02-07 10:00:00,107.14837644051818,115.14
2025-02-07 11:00:00,101.439330532745,111.49
2025-02-07 12:00:00,101.66655396462731,106.77
2025-02-07 13:00:00,100.66654331474989,109.59
2025-02-07 14:00:00,101.57269703100991,111.68
2025-02-07 15:00:00,107.28897226960456,126.61
2025-02-07 16:00:00,109.13152472893624,142.85
2025-02-07 17:00:00,108.3843203216661,149.05
2025-02-07 18:00:00,106.81494145848477,144.32
2025-02-07 19:00:00,107.06112104652838,126.93
2025-02-07 20:00:00,105.59375104518942,100.0
2025-02-07 21:00:00,101.6916113316831,98.72
2025-02-07 22:00:00,101.7550783344879,100.14
2025-02-07 23:00:00,99.27364890966982,81.34
2025-02-08 00:00:00,98.22129346317327,84.85
2025-02-08 01:00:00,97.85956206066588,85.8
2025-02-08 02:00:00,97.07137775031298,87.08
2025-02-08 03:00:00,97.07137775031298,89.69
2025-02-08 04:00:00,97.85956206066558,90.99
2025-02-08 05:00:00,98.9283537718233,90.8
2025-02-08 06:00:00,101.69588700294746,95.31
2025-02-08 07:00:00,108.94241952183063,111.11
2025-02-08 08:00:00,109.2682992319638,92.68
2025-02-08 09:00:00,109.29496180369065,79.42
2025-02-08 10:00:00,109.02479155843496,68.75
2025-02-08 11:00:00,107.14837644051815,67.71
2025-02-08 12:00:00,102.56416947159994,79.85
2025-02-08 13:00:00,102.8641194919,89.85
2025-02-08 14:00:00,107.1483764405181,118.0
2025-02-08 15:00:00,109.3554258564692,140.87
2025-02-08 16:00:00,109.37071511717164,150.0
2025-02-08 17:00:00,110.70326512405289,160.49
2025-02-08 18:00:00,109.71338531385614,161.1
2025-02-08 19:00:00,109.35557453252225,156.42
2025-02-08 20:00:00,109.35654246189918,149.0
2025-02-08 21:00:00,109.35856140350882,144.0
2025-02-08 22:00:00,109.35856140350879,136.31
2025-02-08 23:00:00,109.35856140350874,135.0
2025-02-09 00:00:00,109.35856140350876,134.51
2025-02-09 01:00:00,109.35856140350869,130.18
2025-02-09 02:00:00,109.35856140350892,119.3
2025-02-09 03:00:00,109.35856140350826,116.79
2025-02-09 04:00:00,109.33797800672829,117.0
2025-02-09 05:00:00,109.35856140351005,117.0
2025-02-09 06:00:00,109.35856140350809,133.43
2025-02-09 07:00:00,109.3585614035108,136.77
2025-02-09 08:00:00,109.35856140350872,123.97
2025-02-09 09:00:00,109.35850633143619,114.79
2025-02-09 10:00:00,109.35829141800464,105.65
2025-02-09 11:00:00,109.10435739227576,98.71
2025-02-09 12:00:00,108.69841045666347,95.53
2025-02-09 13:00:00,107.14837644051786,109.9
2025-02-09 14:00:00,108.12774309467459,120.4
2025-02-09 15:00:00,109.1770244337961,141.96
2025-02-09 16:00:00,109.37315132465079,148.58
2025-02-09 17:00:00,110.36203523039273,161.93
2025-02-09 18:00:00,109.50182664509236,156.13
2025-02-09 19:00:00,109.17032629443197,150.65
2025-02-09 20:00:00,109.33062113757114,142.92
2025-02-09 21:00:00,109.35856140350938,143.0
2025-02-09 22:00:00,109.35856140350957,127.97
2025-02-09 23:00:00,109.07698200622563,118.58
2025-02-10 00:00:00,105.65748718181008,111.82
2025-02-10 01:00:00,101.80130145386616,109.22
2025-02-10 02:00:00,101.8037322044357,106.29
2025-02-10 03:00:00,101.81518946920113,105.85
2025-02-10 04:00:00,106.32138327342298,112.0
2025-02-10 05:00:00,109.10895510424182,145.38
2025-02-10 06:00:00,110.70326512405265,162.02
2025-02-10 07:00:00,115.60662378739066,181.36
2025-02-10 08:00:00,115.60662378739049,163.18
2025-02-10 09:00:00,109.75968355699476,135.9
2025-02-10 10:00:00,109.35318667985096,115.28
2025-02-10 11:00:00,109.33742741228747,109.36
2025-02-10 12:00:00,109.34311854882394,109.74
2025-02-10 13:00:00,109.01295815808925,123.07
2025-02-10 14:00:00,108.9667538030388,128.54
2025-02-10 15:00:00,108.34571122805555,133.58
2025-02-10 16:00:00,108.93350365411297,133.82
2025-02-10 17:00:00,108.33413419474667,142.11
2025-02-10 18:00:00,107.62337536166362,114.85
2025-02-10 19:00:00,106.9426662396479,94.37
2025-02-10 20:00:00,100.66654331474966,91.48
2025-02-10 21:00:00,99.27364890966933,88.87
2025-02-10 22:00:00,100.61690624999989,87.38
2025-02-10 23:00:00,97.85956206066558,77.45
2025-02-11 00:00:00,96.27261728008662,71.1
2025-02-11 01:00:00,96.27261728008672,71.62
2025-02-11 02:00:00,96.27261728008666,74.89
2025-02-11 03:00:00,96.27261728008654,77.45
2025-02-11 04:00:00,97.85956206066551,87.44
2025-02-11 05:00:00,100.66654331474959,100.46
2025-02-11 06:00:00,108.21103116497386,134.93
2025-02-11 07:00:00,108.43961821999612,155.53
2025-02-11 08:00:00,108.64923823990507,141.42
2025-02-11 09:00:00,109.13919495741214,96.65
2025-02-11 10:00:00,109.35122228110923,92.78
2025-02-11 11:00:00,109.33768681664874,97.68
2025-02-11 12:00:00,109.3377314020901,111.11
2025-02-11 13:00:00,109.34472282246507,123.46
2025-02-11 14:00:00,109.35638018364678,143.69
2025-02-11 15:00:00,109.1186876968788,144.47
2025-02-11 16:00:00,110.70326512405275,159.97
2025-02-11 17:00:00,110.70326512405275,168.19
2025-02-11 18:00:00,113.6394936766606,167.45
2025-02-11 19:00:00,110.70326512405268,162.63
2025-02-11 20:00:00,109.50023146481868,148.75
2025-02-11 21:00:00,109.30769557138072,142.95
2025-02-11 22:00:00,109.35856140350838,128.24
2025-02-11 23:00:00,109.35856140350911,129.13
2025-02-12 00:00:00,109.35856140339749,127.77
2025-02-12 01:00:00,109.24714494292768,126.82
2025-02-12 02:00:00,109.24408537939924,126.59
2025-02-12 03:00:00,109.24714494293035,128.74
2025-02-12 04:00:00,109.3585614035139,131.24
2025-02-12 05:00:00,110.53326645233027,151.13
2025-02-12 06:00:00,115.60662378739075,163.64
2025-02-12 07:00:00,116.41050000000007,180.0
2025-02-12 08:00:00,116.41049999999997,174.92
2025-02-12 09:00:00,116.41310928614824,162.05
2025-02-12 10:00:00,116.41276510309916,144.01
2025-02-12 11:00:00,113.63949367666072,137.28
2025-02-12 12:00:00,110.70326512405285,142.03
2025-02-12 13:00:00,110.70326512405265,149.4
2025-02-12 14:00:00,114.51550849175189,159.67
2025-02-12 15:00:00,115.60662378739084,173.21
2025-02-12 16:00:00,116.53523777588934,184.59
2025-02-12 17:00:00,116.42208892668468,197.13
2025-02-12 18:00:00,116.41049999999997,192.57
2025-02-12 19:00:00,116.41049999999986,173.9
2025-02-12 20:00:00,116.41049999999986,155.78
2025-02-12 21:00:00,112.63717195968633,150.38
2025-02-12 22:00:00,110.70326512405263,141.81
2025-02-12 23:00:00,109.47192504154326,140.33
2025-02-13 00:00:00,109.35856140350879,137.75
2025-02-13 01:00:00,109.35856140350903,140.79
2025-02-13 02:00:00,109.3585614035086,136.59
2025-02-13 03:00:00,109.35856140350873,140.0
2025-02-13 04:00:00,110.70326512405258,142.0
2025-02-13 05:00:00,112.56248407774004,159.99
2025-02-13 06:00:00,116.41049999999987,190.33
2025-02-13 07:00:00,116.4105,222.36
2025-02-13 08:00:00,116.41049999999983,220.05
2025-02-13 09:00:00,116.42204746014495,203.89
2025-02-13 10:00:00,116.41350461198238,184.68
2025-02-13 11:00:00,116.412809560751,174.52
2025-02-13 12:00:00,115.6066237873906,170.1
2025-02-13 13:00:00,115.60662378739056,166.7
2025-02-13 14:00:00,115.60662378739057,170.1
2025-02-13 15:00:00,115.60662378739035,182.0
2025-02-13 16:00:00,115.87341864582899,213.05
2025-02-13 17:00:00,116.41288569154685,207.17
2025-02-13 18:00:00,116.41050000000132,196.52
2025-02-13 19:00:00,116.41050000000091,177.03
2025-02-13 20:00:00,115.60662378739033,162.92
2025-02-13 21:00:00,112.00197973878961,153.12
2025-02-13 22:00:00,110.70326512405285,138.97
2025-02-13 23:00:00,109.47293208358533,139.21
2025-02-14 00:00:00,109.35856140350911,132.8
2025-02-14 01:00:00,109.35856140350883,128.5
2025-02-14 02:00:00,109.3585614035086,127.65
2025-02-14 03:00:00,109.35856140350924,129.58
2025-02-14 04:00:00,110.7032651240527,139.59
2025-02-14 05:00:00,113.96773993881696,162.89
2025-02-14 06:00:00,116.55876100372565,227.08
2025-02-14 07:00:00,116.64938355451147,265.64
2025-02-14 08:00:00,116.41050000000018,215.11
2025-02-14 09:00:00,116.56630039735391,181.03
2025-02-14 10:00:00,116.49261251792159,163.01
2025-02-14 11:00:00,116.19218602869441,149.86
2025-02-14 12:00:00,115.60662378739067,148.61
2025-02-14 13:00:00,115.60662378739059,155.8
2025-02-14 14:00:00,116.64938355451146,175.06
2025-02-14 15:00:00,116.64938355451125,200.0
2025-02-14 16:00:00,116.64938355451139,298.91
2025-02-14 17:00:00,116.64938355451127,293.06
2025-02-14 18:00:00,116.64938355451139,225.7
2025-02-14 19:00:00,116.60753720183244,183.55
2025-02-14 20:00:00,116.5156523104351,163.79
2025-02-14 21:00:00,115.60662378739084,153.0
2025-02-14 22:00:00,113.24424948447437,140.03
2025-02-14 23:00:00,110.70326512405278,135.29
2025-02-15 00:00:00,109.53682198629568,130.34
2025-02-15 01:00:00,109.35856140350758,120.0
2025-02-15 02:00:00,109.35856140350845,118.24
2025-02-15 03:00:00,109.35856140350973,118.45
2025-02-15 04:00:00,109.35856140350937,120.37
2025-02-15 05:00:00,109.5460356393606,133.74
2025-02-15 06:00:00,110.70326512405275,148.58
2025-02-15 07:00:00,113.63949367666083,150.67
2025-02-15 08:00:00,110.70326512405319,137.01
2025-02-15 09:00:00,110.08727656175904,124.59
2025-02-15 10:00:00,109.43895791827319,118.36
2025-02-15 11:00:00,109.35856099648842,112.39
2025-02-15 12:00:00,109.35784150085811,110.01
2025-02-15 13:00:00,109.3288849991045,116.15
2025-02-15 14:00:00,109.34638533719745,128.83
2025-02-15 15:00:00,111.01581589378203,145.89
2025-02-15 16:00:00,114.05271181803228,164.54
2025-02-15 17:00:00,116.64938355451162,174.7
2025-02-15 18:00:00,116.4472750701103,164.76
2025-02-15 19:00:00,113.63949367666056,149.65
2025-02-15 20:00:00,112.2620871138539,128.31
2025-02-15 21:00:00,110.70326512405265,132.37
2025-02-15 22:00:00,109.47528756713035,124.54
2025-02-15 23:00:00,109.35856140350982,134.11
2025-02-16 00:00:00,109.35856140350852,128.9
2025-02-16 01:00:00,109.35856140350887,123.57
2025-02-16 02:00:00,109.35856140350978,119.9
2025-02-16 03:00:00,109.32990098604418,119.57
2025-02-16 04:00:00,109.32688889697701,120.18
2025-02-16 05:00:00,109.32569807968935,119.92
2025-02-16 06:00:00,109.35856140351255,127.51
2025-02-16 07:00:00,109.35856140351338,129.6
2025-02-16 08:00:00,109.35856140350911,130.49
2025-02-16 09:00:00,109.32646994583313,127.7
2025-02-16 10:00:00,109.01694122374462,124.03
2025-02-16 11:00:00,107.98363184923626,124.67
2025-02-16 12:00:00,103.50095701680934,118.77
2025-02-16 13:00:00,100.66654331474324,121.02
2025-02-16 14:00:00,102.98945216365352,129.55
2025-02-16 15:00:00,105.14183507823458,137.68
2025-02-16 16:00:00,110.7032651240495,153.98
2025-02-16 17:00:00,112.39362370091213,169.98
2025-02-16 18:00:00,112.41421513607257,160.29
2025-02-16 19:00:00,112.39103936458437,153.72
2025-02-16 20:00:00,110.7032651240485,139.34
2025-02-16 21:00:00,110.70326512404877,137.62
2025-02-16 22:00:00,109.4920820661108,131.51
2025-02-16 23:00:00,109.35856140350806,128.05
2025-02-17 00:00:00,109.35856140350914,121.06
2025-02-17 01:00:00,109.35856140351112,120.34
2025-02-17 02:00:00,109.35856140350654,125.52
2025-02-17 03:00:00,109.35856140351201,128.94
2025-02-17 04:00:00,110.70326512405032,131.54
2025-02-17 05:00:00,115.60662378738645,153.16
2025-02-17 06:00:00,116.41050000000234,204.74
2025-02-17 07:00:00,116.97209151691361,209.79
2025-02-17 08:00:00,116.6493835545105,171.3
2025-02-17 09:00:00,116.41310945319152,139.67
2025-02-17 10:00:00,113.63949367665998,117.19
2025-02-17 11:00:00,109.75879954805093,109.47
2025-02-17 12:00:00,109.56284367918292,106.78
2025-02-17 13:00:00,110.32868250801542,111.89
2025-02-17 14:00:00,110.70326512404918,132.27
2025-02-17 15:00:00,115.60662378738638,158.96
2025-02-17 16:00:00,116.3833862391101,222.92
2025-02-17 17:00:00,116.64938355451135,271.0
2025-02-17 18:00:00,116.8230767386703,215.36
2025-02-17 19:00:00,116.39961937960325,177.86
2025-02-17 20:00:00,116.3719769254085,155.19
2025-02-17 21:00:00,115.60662378739079,139.39
2025-02-17 22:00:00,112.45457422875664,129.57
2025-02-17 23:00:00,110.70326512405289,132.95
2025-02-18 00:00:00,109.51071153015734,125.0
2025-02-18 01:00:00,109.35856140350806,123.56
2025-02-18 02:00:00,109.35856140350819,117.11
2025-02-18 03:00:00,109.35856140350921,115.66
2025-02-18 04:00:00,110.70326512405215,121.93
2025-02-18 05:00:00,113.55838020033498,143.61
2025-02-18 06:00:00,116.41384813790764,190.34
2025-02-18 07:00:00,116.41050000000091,193.8
2025-02-18 08:00:00,116.41049999999932,143.53
2025-02-18 09:00:00,114.015203756806,124.24
2025-02-18 10:00:00,110.2757108201497,109.71
2025-02-18 11:00:00,109.33845694625323,96.41
2025-02-18 12:00:00,107.71494170672405,88.53
2025-02-18 13:00:00,103.12734510930369,98.35
2025-02-18 14:00:00,106.24371646247263,110.0
2025-02-18 15:00:00,110.10456442961491,128.16
2025-02-18 16:00:00,113.63949367666058,177.61
2025-02-18 17:00:00,115.60662378739076,174.32
2025-02-18 18:00:00,115.60662378739019,155.91
2025-02-18 19:00:00,110.93825108072912,142.42
2025-02-18 20:00:00,110.70326512405242,129.41
2025-02-18 21:00:00,110.1224858970835,121.9
2025-02-18 22:00:00,109.23374386263865,114.45
2025-02-18 23:00:00,108.78053895529078,104.54
2025-02-19 00:00:00,106.29123518900875,99.29
2025-02-19 01:00:00,102.8528253456432,99.6
2025-02-19 02:00:00,102.17901530824169,97.29
2025-02-19 03:00:00,102.17901530824106,94.5
2025-02-19 04:00:00,107.48073449154231,97.48
2025-02-19 05:00:00,109.92370089563025,115.0
2025-02-19 06:00:00,110.7032651240539,149.5
2025-02-19 07:00:00,113.63949367666143,166.37
2025-02-19 08:00:00,110.70326512405418,128.76
2025-02-19 09:00:00,109.30037538267126,107.91
2025-02-19 10:00:00,109.1103181892418,89.28
2025-02-19 11:00:00,107.80776355185158,81.52
2025-02-19 12:00:00,101.66655396462744,82.74
2025-02-19 13:00:00,101.65217535059378,85.2
2025-02-19 14:00:00,101.66017505819045,90.63
2025-02-19 15:00:00,107.30972211543757,110.03
2025-02-19 16:00:00,108.99054687755822,131.28
2025-02-19 17:00:00,110.62195063163384,142.98
2025-02-19 18:00:00,109.24792497279792,144.42
2025-02-19 19:00:00,108.9480792417453,120.9
2025-02-19 20:00:00,109.09417439317173,113.75
2025-02-19 21:00:00,101.56780572977243,107.13
2025-02-19 22:00:00,101.59821157826039,99.81
2025-02-19 23:00:00,100.61690624999585,86.17
2025-02-20 00:00:00,100.61690624999939,85.2
2025-02-20 01:00:00,99.27364890966935,84.56
2025-02-20 02:00:00,99.2736489096715,83.64
2025-02-20 03:00:00,99.27364890966989,82.18
2025-02-20 04:00:00,100.61690625000136,83.84
2025-02-20 05:00:00,109.03729585056847,86.31
2025-02-20 06:00:00,109.70867707172879,110.41
2025-02-20 07:00:00,110.70326512404765,127.98
2025-02-20 08:00:00,108.9171027186742,105.87
2025-02-20 09:00:00,109.25714302687193,93.72
2025-02-20 10:00:00,109.33446611037785,87.23
2025-02-20 11:00:00,102.71452035845215,86.87
2025-02-20 12:00:00,98.22129346317297,84.51
2025-02-20 13:00:00,98.22129346317297,84.78
2025-02-20 14:00:00,99.27364890966956,90.05
2025-02-20 15:00:00,99.27364890966956,98.34
2025-02-20 16:00:00,109.5241342621051,110.13
2025-02-20 17:00:00,109.4576298024211,112.38
2025-02-20 18:00:00,109.08407329725206,122.45
2025-02-20 19:00:00,105.6228649172784,105.91
2025-02-20 20:00:00,101.76617982080802,92.41
2025-02-20 21:00:00,100.61690624999997,90.84
2025-02-20 22:00:00,100.61690624999997,83.0
2025-02-20 23:00:00,99.27364890966952,75.51
2025-02-21 00:00:00,98.22129346317288,74.99
2025-02-21 01:00:00,97.85956206066561,79.8
2025-02-21 02:00:00,97.8595620606652,83.4
2025-02-21 03:00:00,98.22129346317266,82.4
2025-02-21 04:00:00,100.6169062499997,82.03
2025-02-21 05:00:00,104.53179987470266,106.47
2025-02-21 06:00:00,109.6889659632496,152.5
2025-02-21 07:00:00,110.70326512405242,145.21
2025-02-21 08:00:00,109.10186332757122,120.98
2025-02-21 09:00:00,107.14837644051815,98.68
2025-02-21 10:00:00,107.14837644051808,83.4
2025-02-21 11:00:00,100.0542159720654,78.0
2025-02-21 12:00:00,97.85956206066552,76.41
2025-02-21 13:00:00,96.27261728008678,79.52
2025-02-21 14:00:00,97.07137775031272,82.94
2025-02-21 15:00:00,97.07137775031266,103.47
2025-02-21 16:00:00,98.22129346317298,103.45
2025-02-21 17:00:00,100.61690624999999,101.98
2025-02-21 18:00:00,99.27364890966956,81.95
2025-02-21 19:00:00,96.27261728008678,80.25
2025-02-21 20:00:00,94.87131662251794,70.85
2025-02-21 21:00:00,87.86051344871224,70.64
2025-02-21 22:00:00,81.86080139670642,64.33
2025-02-21 23:00:00,68.35601482149599,50.99
2025-02-22 00:00:00,67.32579597379787,48.62
2025-02-22 01:00:00,81.67000276243091,47.96
2025-02-22 02:00:00,81.67000276243091,42.62
2025-02-22 03:00:00,81.8608013967064,41.2
2025-02-22 04:00:00,87.86051344871223,49.15
2025-02-22 05:00:00,87.8605134487122,49.11
2025-02-22 06:00:00,92.54273178553245,61.22
2025-02-22 07:00:00,96.27261728008685,68.25
2025-02-22 08:00:00,97.07137775031259,67.74
2025-02-22 09:00:00,96.27261728008666,53.21
2025-02-22 10:00:00,98.22129346317297,47.13
2025-02-22 11:00:00,98.22129346317297,40.4
2025-02-22 12:00:00,97.07137775031268,52.69
2025-02-22 13:00:00,96.92937237075989,68.0
2025-02-22 14:00:00,97.85956206066554,85.6
2025-02-22 15:00:00,99.27364890966973,100.95
2025-02-22 16:00:00,102.7908345648407,108.38
2025-02-22 17:00:00,108.85785707050924,106.98
2025-02-22 18:00:00,108.35008980744223,115.18
2025-02-22 19:00:00,106.00097562978169,103.0
2025-02-22 20:00:00,101.78772197890615,101.58
2025-02-22 21:00:00,100.66654331475004,94.27
2025-02-22 22:00:00,100.6169062500003,83.51
2025-02-22 23:00:00,98.45589914115705,91.1
2025-02-23 00:00:00,98.22129346317315,84.99
2025-02-23 01:00:00,98.92835377182399,86.21
2025-02-23 02:00:00,98.24043859418796,83.63
2025-02-23 03:00:00,98.22129346317311,85.77
2025-02-23 04:00:00,98.22129346317323,87.33
2025-02-23 05:00:00,100.61690625000057,87.7
2025-02-23 06:00:00,102.1752403450809,108.0
2025-02-23 07:00:00,107.14837644051873,112.24
2025-02-23 08:00:00,107.14837644051858,99.35
2025-02-23 09:00:00,102.20322945854886,83.0
2025-02-23 10:00:00,100.61690625000067,81.5
2025-02-23 11:00:00,98.22129346317367,71.12
2025-02-23 12:00:00,96.2726172800872,69.2
2025-02-23 13:00:00,96.27261728008737,64.75
2025-02-23 14:00:00,96.27261728008729,69.11
2025-02-23 15:00:00,97.85956206066764,84.7
2025-02-23 16:00:00,103.74311077038108,150.45
2025-02-23 17:00:00,110.70326512405514,154.69
2025-02-23 18:00:00,110.17674336464975,117.02
2025-02-23 19:00:00,104.50864790556047,96.03
2025-02-23 20:00:00,100.61690625000195,77.32
2025-02-23 21:00:00,98.22129346317486,73.81
2025-02-23 22:00:00,96.40246890981686,65.99
2025-02-23 23:00:00,96.2726172800886,70.83
2025-02-24 00:00:00,93.09809222932937,67.99
2025-02-24 01:00:00,89.71074390244105,40.98
2025-02-24 02:00:00,89.7107439024409,37.1
2025-02-24 03:00:00,89.12174847060422,65.34
2025-02-24 04:00:00,96.27261728008833,70.03
2025-02-24 05:00:00,97.07137775031477,81.0
2025-02-24 06:00:00,98.22129346317483,84.8
2025-02-24 07:00:00,100.61690625000203,106.68
2025-02-24 08:00:00,99.27364890967141,93.26
2025-02-24 09:00:00,97.85956206066737,79.04
2025-02-24 10:00:00,98.8021623141404,83.44
2025-02-24 11:00:00,97.07137775031268,81.63
2025-02-24 12:00:00,96.27261728008676,83.0
2025-02-24 13:00:00,94.87131662251794,86.4
2025-02-24 14:00:00,94.87131662251794,92.55
2025-02-24 15:00:00,96.27261728008675,100.7
2025-02-24 16:00:00,97.30713296184291,112.94
2025-02-24 17:00:00,103.17257746652085,137.81
2025-02-24 18:00:00,105.70877605596247,148.71
2025-02-24 19:00:00,101.62824826641392,129.27
2025-02-24 20:00:00,100.61690625000006,112.29
2025-02-24 21:00:00,99.27364890966966,112.9
2025-02-24 22:00:00,100.66654331474992,106.48
2025-02-24 23:00:00,100.66654331474982,90.6
2025-02-25 00:00:00,100.61690625000001,89.91
2025-02-25 01:00:00,100.6665433147498,93.39
2025-02-25 02:00:00,102.50278743971023,93.86
2025-02-25 03:00:00,102.50278743971033,97.43
2025-02-25 04:00:00,109.33180294921233,105.78
2025-02-25 05:00:00,110.70326512405269,144.87
2025-02-25 06:00:00,112.96488615343307,167.16
2025-02-25 07:00:00,115.61679821821315,173.34
2025-02-25 08:00:00,115.60662378739067,153.73
2025-02-25 09:00:00,110.7032651240526,140.36
2025-02-25 10:00:00,110.70326512405273,126.75
2025-02-25 11:00:00,109.65022845544676,124.63
2025-02-25 12:00:00,109.6730829623764,125.81
2025-02-25 13:00:00,110.70326512405263,134.38
2025-02-25 14:00:00,113.63949367666072,148.34
2025-02-25 15:00:00,115.60662378739079,170.68
2025-02-25 16:00:00,116.64938355451136,207.97
2025-02-25 17:00:00,116.72681548843657,233.05
2025-02-25 18:00:00,116.64938355451135,188.09
2025-02-25 19:00:00,116.22317682833284,156.96
2025-02-25 20:00:00,115.60662378739065,142.47
2025-02-25 21:00:00,112.52129616084892,129.46
2025-02-25 22:00:00,110.70326512405266,115.13
2025-02-25 23:00:00,109.5791795727126,122.99
2025-02-26 00:00:00,109.35703591234278,119.82
2025-02-26 01:00:00,109.3522930978342,116.94
2025-02-26 02:00:00,109.35229309783415,115.98
2025-02-26 03:00:00,109.35229309783415,116.56
2025-02-26 04:00:00,109.5721055614041,117.27
2025-02-26 05:00:00,112.5767514850582,132.65
2025-02-26 06:00:00,116.02765515279798,159.93
2025-02-26 07:00:00,116.52846233787423,175.19
2025-02-26 08:00:00,116.10328423964769,160.22
2025-02-26 09:00:00,115.83182281069493,141.37
2025-02-26 10:00:00,114.38780802888581,129.95
2025-02-26 11:00:00,110.70326512405266,120.53
2025-02-26 12:00:00,110.70326512405276,119.89
2025-02-26 13:00:00,110.70326512405285,125.12
2025-02-26 14:00:00,110.70326512405258,132.9
2025-02-26 15:00:00,114.4382774364766,149.75
2025-02-26 16:00:00,115.60662378739083,165.01
2025-02-26 17:00:00,115.76027462130888,172.57
2025-02-26 18:00:00,115.78688394333781,162.82
2025-02-26 19:00:00,115.60662378739089,147.38
2025-02-26 20:00:00,110.70326512405244,118.44
2025-02-26 21:00:00,109.48659888712112,120.94
2025-02-26 22:00:00,109.35856140350859,112.46
2025-02-26 23:00:00,109.07698384873112,101.48
2025-02-27 00:00:00,109.03059220881363,103.81
2025-02-27 01:00:00,109.07695956043133,101.24
2025-02-27 02:00:00,108.74353225529941,99.6
2025-02-27 03:00:00,109.3275533426129,100.43
2025-02-27 04:00:00,109.3585614035088,105.87
2025-02-27 05:00:00,110.7032651240527,115.18
2025-02-27 06:00:00,113.63949367666082,152.32
2025-02-27 07:00:00,116.41050000000006,159.05
2025-02-27 08:00:00,116.41050000000007,142.58
2025-02-27 09:00:00,113.63949367666086,129.94
2025-02-27 10:00:00,110.74761993714084,110.0
2025-02-27 11:00:00,109.80634072818849,101.1
2025-02-27 12:00:00,109.80677252685349,109.25
2025-02-27 13:00:00,110.70326512405323,110.0
2025-02-27 14:00:00,110.7032651240529,123.0
2025-02-27 15:00:00,112.49209352532269,142.62
2025-02-27 16:00:00,115.84104418498778,158.69
2025-02-27 17:00:00,116.367028476224,174.71
2025-02-27 18:00:00,116.4104999999999,163.17
2025-02-27 19:00:00,116.36904020441126,144.61
2025-02-27 20:00:00,113.63949367666102,136.54
2025-02-27 21:00:00,110.70326512405306,124.69
2025-02-27 22:00:00,109.4920820661125,114.89
2025-02-27 23:00:00,109.35856140350884,115.47
2025-02-28 00:00:00,109.35856140350903,110.54
2025-02-28 01:00:00,109.35856140350916,109.38
2025-02-28 02:00:00,109.3585614035127,106.93
2025-02-28 03:00:00,109.35856140352328,112.03
2025-02-28 04:00:00,109.35856140351088,112.63
2025-02-28 05:00:00,111.90023889991566,135.99
2025-02-28 06:00:00,115.6066237873913,150.0
2025-02-28 07:00:00,116.41049999999753,161.82
2025-02-28 08:00:00,115.60662378739076,145.5
2025-02-28 09:00:00,110.70326512405268,127.7
2025-02-28 10:00:00,109.66299663145969,115.97
2025-02-28 11:00:00,109.45156153309595,109.51
2025-02-28 12:00:00,109.40204349798897,108.57
2025-02-28 13:00:00,109.34408463956721,111.58
2025-02-28 14:00:00,109.37337559570025,125.57
2025-02-28 15:00:00,110.70326512405266,135.05
2025-02-28 16:00:00,112.95372557856037,152.85
2025-02-28 17:00:00,115.99628461098284,161.24
2025-02-28 18:00:00,115.83551971600063,158.86
2025-02-28 19:00:00,115.60662378739069,143.96
2025-02-28 20:00:00,112.35021120235173,132.94
2025-02-28 21:00:00,110.70326512405273,127.43
2025-02-28 22:00:00,109.46654699701212,119.03
2025-02-28 23:00:00,109.3585614035088,128.19
2025-03-01 00:00:00,109.35856140350985,120.38
2025-03-01 01:00:00,109.35596330924795,117.09
2025-03-01 02:00:00,109.35700893491045,112.15
2025-03-01 03:00:00,109.35478451518678,109.75
2025-03-01 04:00:00,109.35815748570337,114.38
2025-03-01 05:00:00,109.35592552458422,118.86
2025-03-01 06:00:00,109.44311983209391,135.79
2025-03-01 07:00:00,109.65742227828208,138.79
2025-03-01 08:00:00,109.56432698867522,137.74
2025-03-01 09:00:00,109.39368956212093,125.08
2025-03-01 10:00:00,109.34274731941163,112.11
2025-03-01 11:00:00,109.34387758618352,102.21
2025-03-01 12:00:00,107.14837644051812,97.27
2025-03-01 13:00:00,107.14837644051812,99.39
2025-03-01 14:00:00,107.35693896515409,109.23
2025-03-01 15:00:00,108.60931203588885,125.41
2025-03-01 16:00:00,110.52130770334264,145.0
2025-03-01 17:00:00,111.7658172348829,158.55
2025-03-01 18:00:00,111.51375901808451,150.78
2025-03-01 19:00:00,110.70326512405217,137.29
2025-03-01 20:00:00,109.41919481962482,128.6
2025-03-01 21:00:00,109.37452533022874,123.57
2025-03-01 22:00:00,109.35856140350978,119.92
2025-03-01 23:00:00,109.35839643258495,123.94
2025-03-02 00:00:00,109.30672628500504,107.54
2025-03-02 01:00:00,109.2917928200866,99.32
2025-03-02 02:00:00,109.19595910971937,93.01
2025-03-02 03:00:00,109.15519843540716,94.23
2025-03-02 04:00:00,109.15300774047783,93.98
2025-03-02 05:00:00,109.1755553132155,95.89
2025-03-02 06:00:00,109.3060792547268,102.6
2025-03-02 07:00:00,109.3237476399765,103.11
2025-03-02 08:00:00,109.32009688314811,89.0
2025-03-02 09:00:00,109.14376228928244,68.3
2025-03-02 10:00:00,107.1483764405184,49.0
2025-03-02 11:00:00,99.27364890966987,27.5
2025-03-02 12:00:00,96.27261728008675,3.13
2025-03-02 13:00:00,96.27261728008675,2.84
2025-03-02 14:00:00,96.27261728008675,50.73
2025-03-02 15:00:00,97.85956206066561,80.43
2025-03-02 16:00:00,108.97446893741548,126.55
2025-03-02 17:00:00,109.38999285983556,143.09
2025-03-02 18:00:00,109.46483177993952,146.1
2025-03-02 19:00:00,109.42783897272427,132.98
2025-03-02 20:00:00,109.3585614035074,120.0
2025-03-02 21:00:00,109.35856140350481,120.79
2025-03-02 22:00:00,109.3328452440606,112.78
2025-03-02 23:00:00,109.29350491350124,108.01
2025-03-03 00:00:00,109.0819632319454,103.69
2025-03-03 01:00:00,108.7290582111128,102.79
2025-03-03 02:00:00,108.7290582111128,99.7
2025-03-03 03:00:00,108.7290582111128,103.37
2025-03-03 04:00:00,109.35802309797448,116.7
2025-03-03 05:00:00,109.40571330652418,137.51
2025-03-03 06:00:00,110.70326512405082,163.0
2025-03-03 07:00:00,110.70326512404786,147.52
2025-03-03 08:00:00,109.35626989283327,106.74
2025-03-03 09:00:00,109.35856140350289,72.39
2025-03-03 10:00:00,109.22834346056626,6.4
2025-03-03 11:00:00,107.03827294080877,0.33
2025-03-03 12:00:00,100.66654331474527,0.01
2025-03-03 13:00:00,99.27364890966493,61.4
2025-03-03 14:00:00,100.66654331474487,84.1
2025-03-03 15:00:00,108.94092812300795,106.36
2025-03-03 16:00:00,109.38699753508138,148.79
2025-03-03 17:00:00,110.71013504198933,183.95
2025-03-03 18:00:00,114.4781673573184,175.93
2025-03-03 19:00:00,110.70326512404804,150.49
2025-03-03 20:00:00,109.48598736119517,128.21
2025-03-03 21:00:00,109.43425401274068,124.93
2025-03-03 22:00:00,109.35856140350262,122.46
2025-03-03 23:00:00,109.35856140350623,121.0
2025-03-04 00:00:00,109.33824551489224,109.44
2025-03-04 01:00:00,109.3273543068921,103.79
2025-03-04 02:00:00,109.33709161028096,104.82
2025-03-04 03:00:00,109.34624937398333,100.28
2025-03-04 04:00:00,109.35851130211589,111.51
2025-03-04 05:00:00,109.46648432621633,141.86
2025-03-04 06:00:00,110.70326512405273,169.61
2025-03-04 07:00:00,110.70326512405268,141.95
2025-03-04 08:00:00,109.4687231880631,110.98
2025-03-04 09:00:00,109.36496985962515,80.02
2025-03-04 10:00:00,109.05473770786355,48.58
2025-03-04 11:00:00,100.66654331474959,20.53
2025-03-04 12:00:00,99.18363767595942,14.34
2025-03-04 13:00:00,97.85956206066565,52.31
2025-03-04 14:00:00,98.22129346317304,81.29
2025-03-04 15:00:00,100.66654331474959,111.15
2025-03-04 16:00:00,109.3018924960214,148.61
2025-03-04 17:00:00,110.70326512405254,180.92
2025-03-04 18:00:00,110.7032651240526,163.67
2025-03-04 19:00:00,110.7032651240527,134.13
2025-03-04 20:00:00,109.36372075404701,114.38
2025-03-04 21:00:00,109.34474074654206,114.41
2025-03-04 22:00:00,109.01830467781419,106.81
2025-03-04 23:00:00,102.79755745248714,90.05
2025-03-05 00:00:00,101.80474882449776,83.07
2025-03-05 01:00:00,100.61690624999966,83.01
2025-03-05 02:00:00,99.27364890966929,79.71
2025-03-05 03:00:00,99.27364890966929,81.63
2025-03-05 04:00:00,100.66654331474959,91.94
2025-03-05 05:00:00,107.4604346277892,115.57
2025-03-05 06:00:00,108.4056300904603,140.16
2025-03-05 07:00:00,109.25842256666316,85.64
2025-03-05 08:00:00,101.26200462735932,41.63
2025-03-05 09:00:00,99.08154340695951,0.02
2025-03-05 10:00:00,99.07576673121343,-0.07
2025-03-05 11:00:00,97.07137775031241,-4.28
2025-03-05 12:00:00,94.87131662251761,-3.7
2025-03-05 13:00:00,92.54273178553233,0.05
2025-03-05 14:00:00,97.07137775031222,48.5
2025-03-05 15:00:00,98.22129346317267,89.89
2025-03-05 16:00:00,102.84421165956658,133.13
2025-03-05 17:00:00,109.51251113461812,146.23
2025-03-05 18:00:00,110.70326512405266,145.89
2025-03-05 19:00:00,109.15207830888099,123.0
2025-03-05 20:00:00,109.28356716786949,108.12
2025-03-05 21:00:00,109.28954335262956,109.12
2025-03-05 22:00:00,105.52233064296657,96.98
2025-03-05 23:00:00,100.66654331474967,83.9
2025-03-06 00:00:00,100.61690625000007,84.84
2025-03-06 01:00:00,99.27364890966959,87.0
2025-03-06 02:00:00,99.27364890966963,88.12
2025-03-06 03:00:00,99.27364890966956,94.56
2025-03-06 04:00:00,102.46939794006238,95.91
2025-03-06 05:00:00,109.33014717338364,139.28
2025-03-06 06:00:00,109.41005903664356,151.32
2025-03-06 07:00:00,109.43634420271488,108.5
2025-03-06 08:00:00,109.34155085282096,78.7
2025-03-06 09:00:00,103.39997239235927,50.47
2025-03-06 10:00:00,101.90107750959038,4.02
2025-03-06 11:00:00,99.96738757011065,0.08
2025-03-06 12:00:00,97.85956206066577,0.02
2025-03-06 13:00:00,98.22129346317304,13.16
2025-03-06 14:00:00,98.22129346317288,71.0
2025-03-06 15:00:00,103.59239431339815,116.52
2025-03-06 16:00:00,109.10208785108999,148.95
2025-03-06 17:00:00,113.14200784648814,165.36
2025-03-06 18:00:00,111.88166826429216,149.1
2025-03-06 19:00:00,110.70326512405319,125.64
2025-03-06 20:00:00,109.15433645410417,106.63
2025-03-06 21:00:00,107.08261507733631,101.47
2025-03-06 22:00:00,103.83215041434288,91.11
2025-03-06 23:00:00,100.61690625,90.27
2025-03-07 00:00:00,100.61690625,90.27
2025-03-07 01:00:00,100.61690625,91.38
2025-03-07 02:00:00,100.61690625,91.69
2025-03-07 03:00:00,102.70295293678359,99.0
2025-03-07 04:00:00,106.37007204226441,115.17
2025-03-07 05:00:00,109.65021012468817,135.67
2025-03-07 06:00:00,110.70326512405268,147.7
2025-03-07 07:00:00,109.53919290229236,122.23
2025-03-07 08:00:00,109.36550772178192,83.0
2025-03-07 09:00:00,109.35242187525489,65.3
2025-03-07 10:00:00,109.19885914869073,31.81
2025-03-07 11:00:00,107.48470973201246,12.79
2025-03-07 12:00:00,100.61690624999991,8.08
2025-03-07 13:00:00,98.22129346317297,37.06
2025-03-07 14:00:00,100.61690625000003,90.15
2025-03-07 15:00:00,107.75080942901195,126.99
2025-03-07 16:00:00,110.7032651240525,149.91
2025-03-07 17:00:00,115.63183020170666,216.64
2025-03-07 18:00:00,115.85456602179534,178.68
2025-03-07 19:00:00,113.63949367666046,148.7
2025-03-07 20:00:00,110.70326512405255,132.4
2025-03-07 21:00:00,109.5462239733127,119.11
2025-03-07 22:00:00,109.31518295780751,111.83
2025-03-07 23:00:00,109.19905177398344,124.97
2025-03-08 00:00:00,108.57037556301142,113.94
2025-03-08 01:00:00,107.91943391903527,117.22
2025-03-08 02:00:00,108.66403110695327,116.76
2025-03-08 03:00:00,108.69066550735127,118.42
2025-03-08 04:00:00,108.81553882352297,121.3
2025-03-08 05:00:00,108.69066550735135,127.82
2025-03-08 06:00:00,108.93221278011029,120.59
2025-03-08 07:00:00,108.78153458914029,98.04
2025-03-08 08:00:00,100.66654331474965,72.54
2025-03-08 09:00:00,98.22129346317296,18.05
2025-03-08 10:00:00,97.28735632293746,2.07
2025-03-08 11:00:00,96.27261728008664,-0.34
2025-03-08 12:00:00,87.86051344871194,-0.1
2025-03-08 13:00:00,87.86051344871258,0.07
2025-03-08 14:00:00,87.86051344871252,56.2
2025-03-08 15:00:00,96.27261728008648,100.86
2025-03-08 16:00:00,97.85956206066551,145.58
2025-03-08 17:00:00,100.61690624999979,174.05
2025-03-08 18:00:00,102.9843428198289,140.03
2025-03-08 19:00:00,100.66654331474959,111.21
2025-03-08 20:00:00,98.22129346317267,100.0
2025-03-08 21:00:00,97.85956206066558,99.24
2025-03-08 22:00:00,97.85956206066561,97.94
2025-03-08 23:00:00,96.36272379714222,95.19
2025-03-09 00:00:00,97.07137775031273,94.81
2025-03-09 01:00:00,97.07137775031266,94.44
2025-03-09 02:00:00,97.07137775031266,96.51
2025-03-09 03:00:00,97.07137775031266,98.67
2025-03-09 04:00:00,97.85956206066531,101.51
2025-03-09 05:00:00,97.85956206066523,100.0
2025-03-09 06:00:00,98.22129346317308,93.01
2025-03-09 07:00:00,99.27364890966967,65.4
2025-03-09 08:00:00,100.61690625,29.27
2025-03-09 09:00:00,98.22129346317296,10.1
2025-03-09 10:00:00,97.07137775031248,0.03
2025-03-09 11:00:00,89.71074390243903,-2.26
2025-03-09 12:00:00,81.86080139670645,-2.04
2025-03-09 13:00:00,81.86080139670645,0.09
2025-03-09 14:00:00,89.71074390243925,17.39
2025-03-09 15:00:00,97.07137775031296,90.56
2025-03-09 16:00:00,106.74405389842156,125.74
2025-03-09 17:00:00,109.37607327031898,135.37
2025-03-09 18:00:00,109.4077581924135,136.7
2025-03-09 19:00:00,109.35856140350846,130.2
2025-03-09 20:00:00,109.35856140350856,122.7
2025-03-09 21:00:00,109.3585614035093,112.8
2025-03-09 22:00:00,109.35856140350931,106.83
2025-03-09 23:00:00,109.35856140350917,96.83
2025-03-10 00:00:00,109.33528745256278,94.92
2025-03-10 01:00:00,109.33686331926242,96.7
2025-03-10 02:00:00,109.35297657773944,96.87
2025-03-10 03:00:00,109.35257453741048,94.65
2025-03-10 04:00:00,109.37098094271472,106.37
2025-03-10 05:00:00,110.70326512405259,148.49
2025-03-10 06:00:00,113.63949367666146,159.75
2025-03-10 07:00:00,110.70326512405286,133.96
2025-03-10 08:00:00,109.52360670360498,98.88
2025-03-10 09:00:00,109.38911276598901,84.38
2025-03-10 10:00:00,109.35386618094755,77.88
2025-03-10 11:00:00,109.30893027176786,76.02
2025-03-10 12:00:00,109.0498138652266,77.32
2025-03-10 13:00:00,108.95103335296506,83.91
2025-03-10 14:00:00,109.28018476437337,97.47
2025-03-10 15:00:00,109.33055212409158,127.47
2025-03-10 16:00:00,110.46474242424253,147.97
2025-03-10 17:00:00,113.29379076362522,174.92
2025-03-10 18:00:00,112.96551040640594,160.24
2025-03-10 19:00:00,110.70326512405276,142.14
2025-03-10 20:00:00,109.57873019838136,126.59
2025-03-10 21:00:00,109.35856140350869,106.88
2025-03-10 22:00:00,109.35856140350876,97.97
2025-03-10 23:00:00,109.34325828593659,104.39
2025-03-11 00:00:00,109.34055609063675,101.8
2025-03-11 01:00:00,109.34055609063695,99.73
2025-03-11 02:00:00,109.33444716378052,100.5
2025-03-11 03:00:00,109.33447744157196,102.53
2025-03-11 04:00:00,109.35423574512055,110.86
2025-03-11 05:00:00,109.58756957428841,148.04
2025-03-11 06:00:00,114.06246923785126,152.98
2025-03-11 07:00:00,114.72401586944322,146.49
2025-03-11 08:00:00,110.70326512405273,128.53
2025-03-11 09:00:00,110.70326512405266,102.0
2025-03-11 10:00:00,109.56625375966075,97.48
2025-03-11 11:00:00,109.38572573938693,96.44
2025-03-11 12:00:00,109.33698271437848,98.38
2025-03-11 13:00:00,109.30808968744901,102.35
2025-03-11 14:00:00,109.25912892350553,112.84
2025-03-11 15:00:00,109.38148738671103,132.86
2025-03-11 16:00:00,110.70326512405293,171.95
2025-03-11 17:00:00,115.71030341825173,205.02
2025-03-11 18:00:00,115.88611624100096,180.95
2025-03-11 19:00:00,115.60662378739069,149.43
2025-03-11 20:00:00,109.75799478636509,133.0
2025-03-11 21:00:00,109.47312608570607,121.25
2025-03-11 22:00:00,109.35856140350872,107.34
2025-03-11 23:00:00,109.35856140350889,101.73
2025-03-12 00:00:00,109.3569917587334,100.09
2025-03-12 01:00:00,109.35402448542285,97.79
2025-03-12 02:00:00,109.35297657774098,97.38
2025-03-12 03:00:00,109.35298048248285,101.8
2025-03-12 04:00:00,109.35541837913534,110.31
2025-03-12 05:00:00,110.70326512405265,144.54
2025-03-12 06:00:00,115.60662378739028,161.64
2025-03-12 07:00:00,115.60662378739042,148.41
2025-03-12 08:00:00,110.70326512405259,125.0
2025-03-12 09:00:00,109.47180837380012,102.62
2025-03-12 10:00:00,109.3899540436908,99.69
2025-03-12 11:00:00,109.38833681424437,98.07
2025-03-12 12:00:00,109.38833681424438,99.91
2025-03-12 13:00:00,109.40525995177771,101.65
2025-03-12 14:00:00,109.44504083711449,117.74
2025-03-12 15:00:00,110.70326512405275,142.1
2025-03-12 16:00:00,115.6066237873905,157.03
2025-03-12 17:00:00,116.64938355451154,199.75
2025-03-12 18:00:00,116.41049999999998,179.49
2025-03-12 19:00:00,116.41049999999977,148.05
2025-03-12 20:00:00,110.70326512405269,132.2
2025-03-12 21:00:00,110.084142831923,120.0
2025-03-12 22:00:00,109.35856140350869,109.91
2025-03-12 23:00:00,109.3585614035088,108.52
2025-03-13 00:00:00,109.35856140350869,102.25
2025-03-13 01:00:00,109.36098747239471,98.98
2025-03-13 02:00:00,109.36145282812795,96.71
2025-03-13 03:00:00,109.36247199611235,98.35
2025-03-13 04:00:00,109.36353053772898,105.88
2025-03-13 05:00:00,110.70326512405268,132.99
2025-03-13 06:00:00,115.60662378739066,159.87
2025-03-13 07:00:00,115.60662378739066,158.03
2025-03-13 08:00:00,110.70326512405268,148.13
2025-03-13 09:00:00,109.76485458308248,123.77
2025-03-13 10:00:00,109.45656859856783,110.7
2025-03-13 11:00:00,109.39605794137024,110.01
2025-03-13 12:00:00,109.35863997209073,108.22
2025-03-13 13:00:00,109.3586401530234,107.54
2025-03-13 14:00:00,109.38141852268865,109.99
2025-03-13 15:00:00,109.41012851157326,121.47
2025-03-13 16:00:00,110.70326512405288,142.65
2025-03-13 17:00:00,115.60662378739119,166.05
2025-03-13 18:00:00,116.41647438834342,173.47
2025-03-13 19:00:00,110.9416031411107,149.0
2025-03-13 20:00:00,110.08568617629669,135.69
2025-03-13 21:00:00,109.46325202993995,123.48
2025-03-13 22:00:00,109.35856140350859,111.63
2025-03-13 23:00:00,109.35856140350862,109.09
2025-03-14 00:00:00,109.35856140350862,106.0
2025-03-14 01:00:00,109.35855639845143,105.9
2025-03-14 02:00:00,109.35855639845116,103.83
2025-03-14 03:00:00,109.35855639845116,105.3
2025-03-14 04:00:00,109.35857400436954,113.99
2025-03-14 05:00:00,110.70326512405268,143.02
2025-03-14 06:00:00,115.6066237873906,155.11
2025-03-14 07:00:00,116.41049999999993,155.0
2025-03-14 08:00:00,110.75788651630485,132.09
2025-03-14 09:00:00,109.71289081132026,112.0
2025-03-14 10:00:00,109.43895791827522,106.35
2025-03-14 11:00:00,109.42768576372396,104.5
2025-03-14 12:00:00,109.35866158736539,104.59
2025-03-14 13:00:00,109.35961067286897,105.38
2025-03-14 14:00:00,109.39224432290243,109.39
2025-03-14 15:00:00,109.41012851157323,124.84
2025-03-14 16:00:00,109.75902710854794,146.44
2025-03-14 17:00:00,112.4908282759321,155.33
2025-03-14 18:00:00,110.70326512405266,150.91
2025-03-14 19:00:00,109.57891863091024,130.01
2025-03-14 20:00:00,109.35856140350884,111.39
2025-03-14 21:00:00,109.3585614035088,114.0
2025-03-14 22:00:00,109.35856140350862,105.17
2025-03-14 23:00:00,109.35856140350847,112.15
2025-03-15 00:00:00,109.35856140350862,103.14
2025-03-15 01:00:00,109.32991529569247,96.0
2025-03-15 02:00:00,109.28746125001807,89.9
2025-03-15 03:00:00,109.10224102615291,86.9
2025-03-15 04:00:00,109.10399817589227,90.55
2025-03-15 05:00:00,109.2717483553998,97.01
2025-03-15 06:00:00,109.32802962772575,99.42
2025-03-15 07:00:00,109.33119964494631,98.77
2025-03-15 08:00:00,109.33401191682498,86.4
2025-03-15 09:00:00,108.74939859778752,72.39
2025-03-15 10:00:00,103.50245936336367,67.16
2025-03-15 11:00:00,99.2736489096701,57.32
2025-03-15 12:00:00,98.22129346317239,48.0
2025-03-15 13:00:00,97.85956206066547,54.51
2025-03-15 14:00:00,98.221293463173,70.8
2025-03-15 15:00:00,98.22129346317337,84.24
2025-03-15 16:00:00,108.48296789342824,121.91
2025-03-15 17:00:00,109.36126574238438,130.3
2025-03-15 18:00:00,109.35856140350879,132.96
2025-03-15 19:00:00,109.35856140350877,121.46
2025-03-15 20:00:00,109.35856140350872,108.5
2025-03-15 21:00:00,109.35856140350863,105.02
2025-03-15 22:00:00,109.35856140350874,95.25
2025-03-15 23:00:00,109.35856140350927,90.01
2025-03-16 00:00:00,109.33168181861245,85.79
2025-03-16 01:00:00,109.29951883186608,79.62
2025-03-16 02:00:00,109.20913253539666,78.18
2025-03-16 03:00:00,109.10224102615304,78.6
2025-03-16 04:00:00,109.10224102615304,80.51
2025-03-16 05:00:00,109.28746125001781,85.14
2025-03-16 06:00:00,109.33194660407754,82.07
2025-03-16 07:00:00,109.33747647195955,77.95
2025-03-16 08:00:00,109.3303636866366,56.9
2025-03-16 09:00:00,108.09695448420291,24.09
2025-03-16 10:00:00,102.72668709110168,2.9
2025-03-16 11:00:00,100.6169062500005,1.01
2025-03-16 12:00:00,97.85956206066453,0.19
2025-03-16 13:00:00,97.07137775031168,2.53
2025-03-16 14:00:00,97.07137775031293,31.0
2025-03-16 15:00:00,100.61690624999895,71.11
2025-03-16 16:00:00,109.00548769414834,116.81
2025-03-16 17:00:00,109.35842213825075,130.84
2025-03-16 18:00:00,109.35856140350886,140.0
2025-03-16 19:00:00,109.35856140350873,125.28
2025-03-16 20:00:00,109.35856140350867,107.73
2025-03-16 21:00:00,109.35856140351109,100.8
2025-03-16 22:00:00,109.01308503063304,79.71
2025-03-16 23:00:00,108.4766389554646,78.1
2025-03-17 00:00:00,107.00816096070078,79.01
2025-03-17 01:00:00,106.36812416304264,78.79
2025-03-17 02:00:00,106.36812416304264,80.91
2025-03-17 03:00:00,107.14837644051883,85.85
2025-03-17 04:00:00,109.0819632319528,103.3
2025-03-17 05:00:00,109.35856140350771,135.18
2025-03-17 06:00:00,109.35856140350867,152.87
2025-03-17 07:00:00,109.48062276641976,135.24
2025-03-17 08:00:00,109.35856140350865,100.73
2025-03-17 09:00:00,109.35856140350748,68.21
2025-03-17 10:00:00,109.35856140350879,50.56
2025-03-17 11:00:00,109.10953174711243,31.17
2025-03-17 12:00:00,108.99697767308808,27.95
2025-03-17 13:00:00,108.98681650217074,50.14
2025-03-17 14:00:00,109.0868953102395,70.01
2025-03-17 15:00:00,109.33146815210254,98.55
2025-03-17 16:00:00,109.39363603389654,143.05
2025-03-17 17:00:00,110.70326512405262,177.33
2025-03-17 18:00:00,110.70326512405262,170.0
2025-03-17 19:00:00,109.7530497205941,141.5
2025-03-17 20:00:00,109.48656228655167,118.85
2025-03-17 21:00:00,109.35856140350961,107.86
2025-03-17 22:00:00,109.35856140350954,93.5
2025-03-17 23:00:00,109.3503791495837,92.2
2025-03-18 00:00:00,109.32735425462089,89.99
2025-03-18 01:00:00,109.3257268206708,92.37
2025-03-18 02:00:00,109.3257268206708,89.2
2025-03-18 03:00:00,109.32572682067054,95.25
2025-03-18 04:00:00,109.35316676090343,110.74
2025-03-18 05:00:00,109.50350713674305,138.9
2025-03-18 06:00:00,109.80245591251132,136.68
2025-03-18 07:00:00,109.48444398788067,106.52
2025-03-18 08:00:00,109.3585614035093,71.53
2025-03-18 09:00:00,109.06372782150106,25.27
2025-03-18 10:00:00,107.04720194642178,0.68
2025-03-18 11:00:00,100.2209078725895,-1.46
2025-03-18 12:00:00,98.22129346317314,-0.3
2025-03-18 13:00:00,97.85956206066555,5.72
2025-03-18 14:00:00,98.22129346317297,50.28
2025-03-18 15:00:00,100.66654331474969,95.94
2025-03-18 16:00:00,109.19991180669294,140.9
2025-03-18 17:00:00,112.04732697985239,170.91
2025-03-18 18:00:00,112.43742853991961,167.46
2025-03-18 19:00:00,110.70326512405268,142.39
2025-03-18 20:00:00,109.49198484045739,123.04
2025-03-18 21:00:00,109.35856140350887,115.97
2025-03-18 22:00:00,109.35856140350893,103.29
2025-03-18 23:00:00,109.34978319262021,107.29
2025-03-19 00:00:00,109.34055609063691,102.4
2025-03-19 01:00:00,109.30488905051297,101.19
2025-03-19 02:00:00,109.30488905051277,102.0
2025-03-19 03:00:00,109.35836649118791,106.59
2025-03-19 04:00:00,109.3608165362648,122.52
2025-03-19 05:00:00,110.40496353062635,158.05
2025-03-19 06:00:00,110.70326512405273,147.74
2025-03-19 07:00:00,109.67710349578769,108.23
2025-03-19 08:00:00,109.39112637043414,79.5
2025-03-19 09:00:00,109.35355030836416,26.52
2025-03-19 10:00:00,105.66275083837283,-0.04
2025-03-19 11:00:00,101.95304809319114,-0.56
2025-03-19 12:00:00,100.61690625000007,-0.25
2025-03-19 13:00:00,99.27364890966969,0.99
2025-03-19 14:00:00,100.22879487107625,66.73
2025-03-19 15:00:00,107.14837644051818,109.85
2025-03-19 16:00:00,109.37391017058137,147.56
2025-03-19 17:00:00,115.60662378739066,248.18
2025-03-19 18:00:00,116.38758342383468,220.3
2025-03-19 19:00:00,113.63949367666068,176.68
2025-03-19 20:00:00,109.65661528591298,138.24
2025-03-19 21:00:00,109.39818415601138,124.45
2025-03-19 22:00:00,109.38891207452295,111.14
2025-03-19 23:00:00,109.35558999101346,117.17
2025-03-20 00:00:00,109.18075985410906,102.86
2025-03-20 01:00:00,108.99568289646334,99.56
2025-03-20 02:00:00,107.95378116391979,100.08
2025-03-20 03:00:00,107.83276285496902,102.83
2025-03-20 04:00:00,109.32387868759243,119.7
2025-03-20 05:00:00,109.34825364623472,144.84
2025-03-20 06:00:00,110.70326512405288,141.21
2025-03-20 07:00:00,109.51189929405047,99.87
2025-03-20 08:00:00,109.36458097333956,79.45
2025-03-20 09:00:00,109.10871435633184,37.51
2025-03-20 10:00:00,107.82520026653188,3.42
2025-03-20 11:00:00,101.78174567986026,0.43
2025-03-20 12:00:00,99.27364890966882,0.65
2025-03-20 13:00:00,99.27364890966776,16.6
2025-03-20 14:00:00,100.23123373944401,79.42
2025-03-20 15:00:00,107.14837644051941,120.76
2025-03-20 16:00:00,110.08778680154695,155.14
2025-03-20 17:00:00,116.62279008955305,280.07
2025-03-20 18:00:00,116.43354478707441,253.85
2025-03-20 19:00:00,115.60662378739238,164.0
2025-03-20 20:00:00,110.70326512405401,136.82
2025-03-20 21:00:00,109.68325417299901,125.03
2025-03-20 22:00:00,109.34118532085083,117.91
2025-03-20 23:00:00,106.85485303265641,125.07
2025-03-21 00:00:00,106.20978171310817,116.41
2025-03-21 01:00:00,105.68611027893517,112.74
2025-03-21 02:00:00,106.32021823898062,105.81
2025-03-21 03:00:00,106.40317862252012,109.1
2025-03-21 04:00:00,109.7438649666887,127.49
2025-03-21 05:00:00,112.14276339561678,156.0
2025-03-21 06:00:00,112.29729976279579,148.27
2025-03-21 07:00:00,108.89833606389955,110.73
2025-03-21 08:00:00,103.12085789574843,73.31
2025-03-21 09:00:00,99.27364890967146,43.25
2025-03-21 10:00:00,97.07137775031299,7.35
2025-03-21 11:00:00,94.87131662252135,0.81
2025-03-21 12:00:00,70.00902100286743,0.0
2025-03-21 13:00:00,63.932092269142935,2.49
2025-03-21 14:00:00,63.819789943044405,12.36
2025-03-21 15:00:00,75.22481563746882,46.22
2025-03-21 16:00:00,94.58125713987833,100.24
2025-03-21 17:00:00,96.27261728008675,120.65
2025-03-21 18:00:00,97.07137775031278,83.5
2025-03-21 19:00:00,89.71074390243908,70.0
2025-03-21 20:00:00,38.100960806033456,47.19
2025-03-21 21:00:00,34.178837799374335,27.13
2025-03-21 22:00:00,21.524207490059144,18.45
2025-03-21 23:00:00,19.979914529914574,26.93
2025-03-22 00:00:00,19.979914529914563,12.57
2025-03-22 01:00:00,19.97991452991458,9.07
2025-03-22 02:00:00,19.979914529914538,6.88
2025-03-22 03:00:00,19.979914529914538,10.12
2025-03-22 04:00:00,19.979914529914563,12.95
2025-03-22 05:00:00,20.174743021012425,13.01
2025-03-22 06:00:00,20.82380479320951,13.04
2025-03-22 07:00:00,19.97991452991458,3.11
2025-03-22 08:00:00,20.17907157453209,0.0
2025-03-22 09:00:00,15.180576459607952,-1.86
2025-03-22 10:00:00,19.97991452991459,-6.31
2025-03-22 11:00:00,-3.6182506326377664,-15.18
2025-03-22 12:00:00,-4.999999999999964,-15.04
2025-03-22 13:00:00,-4.999999999999945,-6.79
2025-03-22 14:00:00,-3.874903157736241,-1.51
2025-03-22 15:00:00,19.979914529914556,1.01
2025-03-22 16:00:00,41.38011692335299,34.99
2025-03-22 17:00:00,96.27261728008679,60.03
2025-03-22 18:00:00,98.22129346317304,50.95
2025-03-22 19:00:00,97.07137775031268,42.15
2025-03-22 20:00:00,96.27261728008688,36.12
2025-03-22 21:00:00,96.27261728008685,37.14
2025-03-22 22:00:00,96.27261728008689,35.69
2025-03-22 23:00:00,94.871316622518,13.69
2025-03-23 00:00:00,87.86051344871233,19.01
2025-03-23 01:00:00,87.86051344871233,23.65
2025-03-23 02:00:00,87.86051344871235,23.49
2025-03-23 03:00:00,81.86080139670649,24.82
2025-03-23 04:00:00,87.86051344871227,25.01
2025-03-23 05:00:00,87.86051344871227,24.84
2025-03-23 06:00:00,96.27261728008688,24.26
2025-03-23 07:00:00,97.07137775031266,18.99
2025-03-23 08:00:00,98.22129346317314,23.09
2025-03-23 09:00:00,97.07137775031269,13.78
2025-03-23 10:00:00,98.22129346317296,9.6
2025-03-23 11:00:00,97.0713777503128,13.49
2025-03-23 12:00:00,96.2726172800868,5.01
2025-03-23 13:00:00,97.07137775031309,11.46
2025-03-23 14:00:00,97.85956206066597,42.5
2025-03-23 15:00:00,99.86643480961166,84.42
2025-03-23 16:00:00,103.73332476624573,124.23
2025-03-23 17:00:00,109.34067501037876,140.0
2025-03-23 18:00:00,109.39408771761076,142.51
2025-03-23 19:00:00,109.35856140350879,140.58
2025-03-23 20:00:00,109.35856140350882,130.0
2025-03-23 21:00:00,109.35856140350894,126.47
2025-03-23 22:00:00,109.35856140350876,114.24
2025-03-23 23:00:00,109.34235721706914,110.45
2025-03-24 00:00:00,109.35402376346126,107.29
2025-03-24 01:00:00,109.35402376346124,101.91
2025-03-24 02:00:00,109.35183231530688,98.94
2025-03-24 03:00:00,109.35183231530688,101.99
2025-03-24 04:00:00,109.3551224688481,119.82
2025-03-24 05:00:00,109.62087353932282,141.5
2025-03-24 06:00:00,112.53227127211039,164.28
2025-03-24 07:00:00,113.63949367666055,161.86
2025-03-24 08:00:00,110.70326512405241,135.38
2025-03-24 09:00:00,109.42511165103721,111.16
2025-03-24 10:00:00,109.39352373184809,107.36
2025-03-24 11:00:00,109.3363805883413,100.75
2025-03-24 12:00:00,109.24092923969326,100.87
2025-03-24 13:00:00,109.0410948594889,106.57
2025-03-24 14:00:00,109.19967881554372,115.85
2025-03-24 15:00:00,109.3196052104427,130.95
2025-03-24 16:00:00,110.70326512405262,154.15
2025-03-24 17:00:00,113.63949367666054,211.99
2025-03-24 18:00:00,115.88687731255564,193.0
2025-03-24 19:00:00,113.63949367666055,161.84
2025-03-24 20:00:00,110.70326512405263,138.55
2025-03-24 21:00:00,109.4940894533107,125.58
2025-03-24 22:00:00,109.35856140351117,115.16
2025-03-24 23:00:00,109.35856140350894,102.07
2025-03-25 00:00:00,109.35704988643629,101.76
2025-03-25 01:00:00,109.35704988643629,100.2
2025-03-25 02:00:00,109.35480979101821,102.67
2025-03-25 03:00:00,109.34365447685394,101.96
2025-03-25 04:00:00,109.35740224549471,107.39
2025-03-25 05:00:00,109.60128807703349,136.05
2025-03-25 06:00:00,110.70326512405228,142.13
2025-03-25 07:00:00,109.80206806430103,133.36
2025-03-25 08:00:00,109.4283465797482,106.41
2025-03-25 09:00:00,109.36134492344449,92.03
2025-03-25 10:00:00,109.25507397725312,78.8
2025-03-25 11:00:00,108.92462977892328,68.45
2025-03-25 12:00:00,107.63678576678903,69.23
2025-03-25 13:00:00,103.6133100430846,81.7
2025-03-25 14:00:00,107.14837644051752,95.52
2025-03-25 15:00:00,109.08366081457356,108.84
2025-03-25 16:00:00,109.40668477317756,138.81
2025-03-25 17:00:00,110.70326512405268,161.14
2025-03-25 18:00:00,111.65778524793232,166.36
2025-03-25 19:00:00,109.71316026142644,148.6
2025-03-25 20:00:00,109.368008478995,122.36
2025-03-25 21:00:00,109.3585614035087,114.83
2025-03-25 22:00:00,109.35856140350903,102.05
2025-03-25 23:00:00,109.35856140350863,101.02
2025-03-26 00:00:00,109.29765274330762,97.96
2025-03-26 01:00:00,108.96923904422856,97.36
2025-03-26 02:00:00,108.96923904422856,97.39
2025-03-26 03:00:00,109.05471492553743,95.72
2025-03-26 04:00:00,109.32361409362656,98.85
2025-03-26 05:00:00,109.35856140350707,128.76
2025-03-26 06:00:00,109.46176755794353,141.95
2025-03-26 07:00:00,109.48736009245097,137.09
2025-03-26 08:00:00,109.4202623924349,111.86
2025-03-26 09:00:00,109.39352373184518,100.0
2025-03-26 10:00:00,109.33655925821527,96.39
2025-03-26 11:00:00,109.39507232771828,94.81
2025-03-26 12:00:00,109.45008342802936,84.5
2025-03-26 13:00:00,109.1248442710789,90.79
2025-03-26 14:00:00,107.96485776413216,94.36
2025-03-26 15:00:00,109.3365623141926,101.45
2025-03-26 16:00:00,110.70326512405299,135.16
2025-03-26 17:00:00,114.25126646765428,162.0
2025-03-26 18:00:00,116.06918302255622,169.54
2025-03-26 19:00:00,113.63949367666108,153.27
2025-03-26 20:00:00,110.70326512405317,129.4
2025-03-26 21:00:00,109.49513695138157,120.27
2025-03-26 22:00:00,109.35856140350842,108.91
2025-03-26 23:00:00,109.36152997696388,104.93
2025-03-27 00:00:00,109.35818157473325,98.98
2025-03-27 01:00:00,109.35704955908732,97.8
2025-03-27 02:00:00,109.35480979101517,98.85
2025-03-27 03:00:00,109.35480979101517,97.07
2025-03-27 04:00:00,109.35704988643302,104.9
2025-03-27 05:00:00,109.35856140350818,129.83
2025-03-27 06:00:00,110.70326512405306,140.0
2025-03-27 07:00:00,110.70326512405317,123.5
2025-03-27 08:00:00,109.4540424984042,89.92
2025-03-27 09:00:00,109.34072660727243,77.61
2025-03-27 10:00:00,109.16815257884487,45.48
2025-03-27 11:00:00,102.3546101469701,24.81
2025-03-27 12:00:00,100.6169062500001,6.67
2025-03-27 13:00:00,100.61690625000007,30.34
2025-03-27 14:00:00,100.66654331474975,74.93
2025-03-27 15:00:00,105.5401455076264,93.74
2025-03-27 16:00:00,109.32835156222053,127.25
2025-03-27 17:00:00,110.70326512405268,157.9
2025-03-27 18:00:00,115.60662378739073,170.7
2025-03-27 19:00:00,110.70326512405258,141.61
2025-03-27 20:00:00,109.50725408914866,124.42
2025-03-27 21:00:00,109.35856140350886,113.1
2025-03-27 22:00:00,109.35856140350867,100.91
2025-03-27 23:00:00,109.32361131689544,90.0
2025-03-28 00:00:00,106.336915055622,79.38
2025-03-28 01:00:00,102.22153334647044,79.02
2025-03-28 02:00:00,102.42196153399152,79.38
2025-03-28 03:00:00,103.01906175363821,79.84
2025-03-28 04:00:00,107.1483764405182,103.51
2025-03-28 05:00:00,109.35856140350896,128.52
2025-03-28 06:00:00,109.3585614035083,122.2
2025-03-28 07:00:00,109.35856140350765,102.08
2025-03-28 08:00:00,109.34940605938476,75.57
2025-03-28 09:00:00,100.61690624999932,25.77
2025-03-28 10:00:00,97.85956206066479,1.68
2025-03-28 11:00:00,96.27261728008622,-0.01
2025-03-28 12:00:00,96.27261728008658,-0.03
2025-03-28 13:00:00,96.27261728008644,14.48
2025-03-28 14:00:00,97.5549040718191,70.1
2025-03-28 15:00:00,98.22129346317277,104.19
2025-03-28 16:00:00,107.14837644051767,132.0
2025-03-28 17:00:00,110.70326512405215,165.99
2025-03-28 18:00:00,110.70326512405245,165.9
2025-03-28 19:00:00,109.60731806882453,148.03
2025-03-28 20:00:00,109.36194060372311,124.56
2025-03-28 21:00:00,109.34630679030127,117.94
2025-03-28 22:00:00,109.34637038298081,110.12
2025-03-28 23:00:00,106.32081324298927,113.62
2025-03-29 00:00:00,100.66654331474979,103.91
2025-03-29 01:00:00,100.0432753368797,96.54
2025-03-29 02:00:00,99.27364890966959,96.22
2025-03-29 03:00:00,99.27364890966942,96.5
2025-03-29 04:00:00,99.08353456976809,92.74
2025-03-29 05:00:00,100.61690625000003,96.73
2025-03-29 06:00:00,103.64970502090344,98.44
2025-03-29 07:00:00,108.167404088085,91.86
2025-03-29 08:00:00,99.11549121296906,76.14
2025-03-29 09:00:00,98.22129346317303,65.67
2025-03-29 10:00:00,97.85956206066558,65.34
2025-03-29 11:00:00,97.07137775031269,65.33
2025-03-29 12:00:00,96.27261728008669,2.06
2025-03-29 13:00:00,88.15179697863547,3.94
2025-03-29 14:00:00,89.12174847060206,25.27
2025-03-29 15:00:00,96.27261728008678,66.26
2025-03-29 16:00:00,97.85956206066558,100.1
2025-03-29 17:00:00,100.66654331474965,146.91
2025-03-29 18:00:00,109.3280257492074,152.22
2025-03-29 19:00:00,109.3432535863548,121.07
2025-03-29 20:00:00,108.39352143519388,100.42
2025-03-29 21:00:00,105.52927906935427,82.75
2025-03-29 22:00:00,100.66654331474963,68.27
2025-03-29 23:00:00,97.07137775031256,46.31
2025-03-30 00:00:00,96.27261728008662,15.89
2025-03-30 01:00:00,87.86051344871211,5.1
2025-03-30 02:00:00,65.99989755927183,1.2
2025-03-30 03:00:00,32.963858726863926,0.09
2025-03-30 04:00:00,20.17907157453199,0.03
2025-03-30 05:00:00,19.979914529914367,0.0
2025-03-30 06:00:00,19.979914529914552,-0.01
2025-03-30 07:00:00,19.979914529914595,-0.04
2025-03-30 08:00:00,19.97991452991468,-3.47
2025-03-30 09:00:00,1.5624218131978884e-13,-11.34
2025-03-30 10:00:00,19.97991452991441,-18.5
2025-03-30 11:00:00,-3.445381684887252,-25.76
2025-03-30 12:00:00,-5.000000000000028,-26.07
2025-03-30 13:00:00,-4.999999999999986,-12.96
2025-03-30 14:00:00,-5.000000000000071,-4.01
2025-03-30 15:00:00,-3.2785658823316624,-0.01
2025-03-30 16:00:00,16.55408444058061,14.41
2025-03-30 17:00:00,20.218013365295477,60.83
2025-03-30 18:00:00,96.27261728008652,58.86
2025-03-30 19:00:00,96.27261728008668,50.01
2025-03-30 20:00:00,96.27261728008668,61.71
2025-03-30 21:00:00,96.27261728008655,56.44
2025-03-30 22:00:00,97.07137775031254,65.57
2025-03-30 23:00:00,96.27261728008673,63.25
2025-03-31 00:00:00,96.27261728008668,64.41
2025-03-31 01:00:00,96.27261728008675,67.22
2025-03-31 02:00:00,97.07137775031244,68.97
2025-03-31 03:00:00,99.27364890966963,88.0
2025-03-31 04:00:00,108.47907814955819,109.27
2025-03-31 05:00:00,109.35856140350877,143.54
2025-03-31 06:00:00,109.35680309389078,174.23
2025-03-31 07:00:00,109.35856140350887,133.17
2025-03-31 08:00:00,109.35321236787347,110.27
2025-03-31 09:00:00,109.12795185091417,99.04
2025-03-31 10:00:00,107.68891779359423,83.54
2025-03-31 11:00:00,100.61690625000001,74.1
2025-03-31 12:00:00,97.8595620606655,73.58
2025-03-31 13:00:00,97.85956206066561,69.55
2025-03-31 14:00:00,97.85956206066544,76.24
2025-03-31 15:00:00,100.66654331474972,100.83
2025-03-31 16:00:00,108.09671549711027,131.57
2025-03-31 17:00:00,109.45687339585061,183.96
2025-03-31 18:00:00,109.75877376553935,172.73
2025-03-31 19:00:00,109.41088645216185,135.03
2025-03-31 20:00:00,109.35856140350847,115.25
2025-03-31 21:00:00,109.35856140350869,102.34
2025-03-31 22:00:00,109.31007414581113,101.56
2025-03-31 23:00:00,108.53082028806034,95.02
2025-04-01 00:00:00,106.71131183255152,92.91
2025-04-01 01:00:00,107.14837644051813,93.5
2025-04-01 02:00:00,108.66255081510184,91.43
2025-04-01 03:00:00,109.34070410521502,100.71
2025-04-01 04:00:00,109.53353220717895,129.46
2025-04-01 05:00:00,110.70326512405268,179.96
2025-04-01 06:00:00,110.70326512405288,159.37
2025-04-01 07:00:00,109.7785992580171,108.47
2025-04-01 08:00:00,109.34178756567198,86.17
2025-04-01 09:00:00,106.04822159776002,70.26
2025-04-01 10:00:00,100.66654331474994,53.15
2025-04-01 11:00:00,98.22129346317304,11.57
2025-04-01 12:00:00,97.85956206066615,10.89
2025-04-01 13:00:00,97.07137775031258,26.7
2025-04-01 14:00:00,97.07137775031318,65.23
2025-04-01 15:00:00,98.2212934631735,82.8
2025-04-01 16:00:00,100.66654331474952,122.39
2025-04-01 17:00:00,104.80906966529976,155.72
2025-04-01 18:00:00,104.8095627173615,138.0
2025-04-01 19:00:00,100.61690624999991,110.9
2025-04-01 20:00:00,98.22129346317259,95.64
2025-04-01 21:00:00,97.07137775031211,79.45
2025-04-01 22:00:00,96.2726172800865,68.06
2025-04-01 23:00:00,96.27261728008628,66.93
2025-04-02 00:00:00,96.2726172800863,66.8
2025-04-02 01:00:00,96.80686324856508,67.97
2025-04-02 02:00:00,97.07137775031201,68.9
2025-04-02 03:00:00,98.22129346317298,82.18
2025-04-02 04:00:00,100.66654331474969,113.84
2025-04-02 05:00:00,106.90849009949478,150.31
2025-04-02 06:00:00,109.19743909407207,124.7
2025-04-02 07:00:00,109.23888892500963,84.74
2025-04-02 08:00:00,100.66654331474972,48.38
2025-04-02 09:00:00,97.07137775031204,0.0
2025-04-02 10:00:00,94.87131662251738,-4.92
2025-04-02 11:00:00,62.76608087731299,-20.06
2025-04-02 12:00:00,33.38443919096212,-21.02
2025-04-02 13:00:00,20.437413077686315,-10.0
2025-04-02 14:00:00,32.97472513232434,-1.73
2025-04-02 15:00:00,63.13144049943492,15.37
2025-04-02 16:00:00,96.27261728008696,88.84
2025-04-02 17:00:00,97.85956206066598,125.35
2025-04-02 18:00:00,100.61690624999979,114.0
2025-04-02 19:00:00,98.22129346317305,96.07
2025-04-02 20:00:00,97.5174751810101,82.63
2025-04-02 21:00:00,96.27261728008679,71.43
2025-04-02 22:00:00,94.60437659328879,67.0
2025-04-02 23:00:00,96.27261728008658,67.0
2025-04-03 00:00:00,96.27261728008679,67.0
2025-04-03 01:00:00,96.27261728008679,68.95
2025-04-03 02:00:00,97.85956206066524,71.0
2025-04-03 03:00:00,99.27364890966948,86.22
2025-04-03 04:00:00,104.39110656723496,129.71
2025-04-03 05:00:00,109.20059628592593,162.77
2025-04-03 06:00:00,109.502026415666,133.3
2025-04-03 07:00:00,109.32066758832902,79.11
2025-04-03 08:00:00,107.79345087604312,40.47
2025-04-03 09:00:00,100.66654331474915,-0.16
2025-04-03 10:00:00,98.22129346317284,-1.19
2025-04-03 11:00:00,96.71568189520968,-8.4
2025-04-03 12:00:00,96.27261728008652,-5.85
2025-04-03 13:00:00,96.2726172800864,-0.27
2025-04-03 14:00:00,96.27261728008669,16.09
2025-04-03 15:00:00,99.27364890966889,75.0
2025-04-03 16:00:00,105.65352018714509,138.0
2025-04-03 17:00:00,109.53620421968989,163.48
2025-04-03 18:00:00,109.80614397262597,155.88
2025-04-03 19:00:00,109.34055645836835,137.03
2025-04-03 20:00:00,109.33027676729661,113.21
2025-04-03 21:00:00,108.2928409295551,104.63
2025-04-03 22:00:00,104.7887968866042,108.34
2025-04-03 23:00:00,103.10886338377907,103.04
2025-04-04 00:00:00,103.19261022354692,102.89
2025-04-04 01:00:00,107.14837644051794,103.61
2025-04-04 02:00:00,107.27816959974493,105.95
2025-04-04 03:00:00,108.7074698909884,112.55
2025-04-04 04:00:00,110.70326512405227,152.67
2025-04-04 05:00:00,112.41493316547235,180.17
2025-04-04 06:00:00,110.70326512405265,139.4
2025-04-04 07:00:00,109.40848568662265,95.68
2025-04-04 08:00:00,109.31165394755737,65.0
2025-04-04 09:00:00,105.87444692475133,7.82
2025-04-04 10:00:00,98.66101863455292,0.0
2025-04-04 11:00:00,97.07137775031268,-1.31
2025-04-04 12:00:00,96.27261728008675,-1.21
2025-04-04 13:00:00,94.87131662251792,-0.13
2025-04-04 14:00:00,96.27261728008673,29.7
2025-04-04 15:00:00,97.85956206066558,79.87
2025-04-04 16:00:00,100.66654331474972,126.35
2025-04-04 17:00:00,106.90452542187613,167.64
2025-04-04 18:00:00,107.28132028207825,155.99
2025-04-04 19:00:00,104.83624068916055,120.67
2025-04-04 20:00:00,100.61690625000006,106.15
2025-04-04 21:00:00,99.27364890966956,96.97
2025-04-04 22:00:00,98.22129346317305,109.23
2025-04-04 23:00:00,98.22129346317301,102.76
2025-04-05 00:00:00,97.85956206066558,99.39
2025-04-05 01:00:00,97.8595620606656,99.4
2025-04-05 02:00:00,97.85956206066552,98.31
2025-04-05 03:00:00,97.85956206066567,97.5
2025-04-05 04:00:00,98.22129346317324,102.98
2025-04-05 05:00:00,98.46767068868324,105.9
2025-04-05 06:00:00,99.27364890967047,98.3
2025-04-05 07:00:00,98.22129346317266,57.16
2025-04-05 08:00:00,96.27261728008659,0.66
2025-04-05 09:00:00,87.86051344871223,-0.94
2025-04-05 10:00:00,64.48564282176521,-24.09
2025-04-05 11:00:00,32.673118471324024,-47.73
2025-04-05 12:00:00,19.979914529914055,-49.1
2025-04-05 13:00:00,20.174743021012123,-29.91
2025-04-05 14:00:00,20.17474302101183,-4.3
2025-04-05 15:00:00,35.930899999999674,0.0
2025-04-05 16:00:00,81.86080139670594,70.0
2025-04-05 17:00:00,94.59127802974857,99.4
2025-04-05 18:00:00,96.21266816032855,98.9
2025-04-05 19:00:00,94.83670848836512,84.25
2025-04-05 20:00:00,89.71074390243807,78.99
2025-04-05 21:00:00,89.71074390243889,68.75
2025-04-05 22:00:00,94.9263939959339,70.45
2025-04-05 23:00:00,96.27261728008597,61.0
2025-04-06 00:00:00,96.27261728008651,62.72
2025-04-06 01:00:00,97.07137775031231,68.28
2025-04-06 02:00:00,97.8595620606651,69.95
2025-04-06 03:00:00,98.22129346317256,77.43
2025-04-06 04:00:00,98.22129346317249,76.54
2025-04-06 05:00:00,99.27364890966928,78.11
2025-04-06 06:00:00,100.35256743738049,41.79
2025-04-06 07:00:00,98.03336978849765,0.1
2025-04-06 08:00:00,96.27261728008642,-2.0
2025-04-06 09:00:00,96.27261728008656,-27.56
2025-04-06 10:00:00,96.27261728008666,-60.01
2025-04-06 11:00:00,87.86051344871204,-106.31
2025-04-06 12:00:00,77.50320197898816,-114.57
2025-04-06 13:00:00,70.5352977951878,-70.0
2025-04-06 14:00:00,89.12174847060227,-18.95
2025-04-06 15:00:00,96.44687051683161,1.76
2025-04-06 16:00:00,98.22129346317283,112.41
2025-04-06 17:00:00,105.00053094949429,131.56
2025-04-06 18:00:00,109.21043835186723,132.9
2025-04-06 19:00:00,109.12188745308546,121.38
2025-04-06 20:00:00,108.58696737706993,111.84
2025-04-06 21:00:00,106.72561341898746,100.03
2025-04-06 22:00:00,103.94502058689719,86.71
2025-04-06 23:00:00,104.09320289878713,85.0
2025-04-07 00:00:00,104.09320289878713,81.73
2025-04-07 01:00:00,104.80340963260596,83.53
2025-04-07 02:00:00,108.91488235297462,85.45
2025-04-07 03:00:00,109.3555718959831,98.74
2025-04-07 04:00:00,109.63252581131893,131.1
2025-04-07 05:00:00,112.29099167190726,175.97
2025-04-07 06:00:00,110.7032651240526,144.61
2025-04-07 07:00:00,109.54478326394366,107.1
2025-04-07 08:00:00,109.35856140351216,83.37
2025-04-07 09:00:00,109.21602452655077,65.0
2025-04-07 10:00:00,103.01825233121323,11.8
2025-04-07 11:00:00,97.07137775031268,2.19
2025-04-07 12:00:00,96.27261728008675,3.94
2025-04-07 13:00:00,97.07137775031268,60.98
2025-04-07 14:00:00,97.85956206066555,72.0
2025-04-07 15:00:00,100.66654331474969,102.43
2025-04-07 16:00:00,109.24804775776177,127.6
2025-04-07 17:00:00,111.90269700754789,168.45
2025-04-07 18:00:00,112.41977763237828,165.05
2025-04-07 19:00:00,110.70326512405275,138.2
2025-04-07 20:00:00,109.3585614035085,121.02
2025-04-07 21:00:00,109.35856140350847,105.21
2025-04-07 22:00:00,109.35856140350859,94.93
2025-04-07 23:00:00,109.33693692120838,87.83
2025-04-08 00:00:00,109.33693692120852,89.06
2025-04-08 01:00:00,109.3606148308927,89.9
2025-04-08 02:00:00,109.36061483089325,91.62
2025-04-08 03:00:00,109.36352848454194,105.73
2025-04-08 04:00:00,110.70326512405268,142.97
2025-04-08 05:00:00,115.60662378739063,180.55
2025-04-08 06:00:00,115.60662378739062,136.77
2025-04-08 07:00:00,110.7032651240527,91.3
2025-04-08 08:00:00,109.37797102172486,76.47
2025-04-08 09:00:00,109.30351812512843,61.09
2025-04-08 10:00:00,102.9698013156773,19.57
2025-04-08 11:00:00,99.27364890966945,16.83
2025-04-08 12:00:00,98.22129346317294,28.59
2025-04-08 13:00:00,99.99942336997692,57.47
2025-04-08 14:00:00,100.61690625000006,73.33
2025-04-08 15:00:00,107.72041210289147,90.34
2025-04-08 16:00:00,109.53925569458097,118.26
2025-04-08 17:00:00,112.2103245988815,180.4
2025-04-08 18:00:00,113.13014509941256,171.31
2025-04-08 19:00:00,110.70326512405279,140.0
2025-04-08 20:00:00,109.50137234374981,120.47
2025-04-08 21:00:00,109.35856140350869,105.12
2025-04-08 22:00:00,109.35155740274419,104.99
2025-04-08 23:00:00,109.33048460528417,95.99
2025-04-09 00:00:00,109.32940398071325,94.67
2025-04-09 01:00:00,109.33658578968043,94.45
2025-04-09 02:00:00,109.35733796906663,95.79
2025-04-09 03:00:00,109.36673618053005,109.45
2025-04-09 04:00:00,110.703265124053,152.68
2025-04-09 05:00:00,113.08586363749957,175.56
2025-04-09 06:00:00,110.7225053858378,131.56
2025-04-09 07:00:00,109.54365434626477,99.51
2025-04-09 08:00:00,109.38112477959164,82.71
2025-04-09 09:00:00,109.14112949209846,59.69
2025-04-09 10:00:00,100.61690624999999,13.61
2025-04-09 11:00:00,97.85956206066551,6.72
2025-04-09 12:00:00,97.07137775031266,13.27
2025-04-09 13:00:00,97.07137775031265,34.87
2025-04-09 14:00:00,98.22129346317297,62.98
2025-04-09 15:00:00,99.68014011084358,83.5
2025-04-09 16:00:00,102.87112527608133,103.48
2025-04-09 17:00:00,109.24998594327313,131.57
2025-04-09 18:00:00,110.55116613732615,138.73
2025-04-09 19:00:00,109.36157866812155,111.23
2025-04-09 20:00:00,108.79768497361879,101.94
2025-04-09 21:00:00,107.1483764405187,98.51
2025-04-09 22:00:00,106.68965478224088,92.9
2025-04-09 23:00:00,102.44940633323499,89.55
2025-04-10 00:00:00,100.66654331474923,88.9
2025-04-10 01:00:00,101.15684205848305,87.92
2025-04-10 02:00:00,101.21550082946209,90.0
2025-04-10 03:00:00,109.0671414746171,97.54
2025-04-10 04:00:00,109.39368019354384,132.44
2025-04-10 05:00:00,110.70326512405268,170.59
2025-04-10 06:00:00,110.70326512405268,135.44
2025-04-10 07:00:00,109.5137864155706,102.4
2025-04-10 08:00:00,109.38313621856503,85.71
2025-04-10 09:00:00,109.23647922816274,66.34
2025-04-10 10:00:00,107.14837644051812,34.95
2025-04-10 11:00:00,100.61690624999997,2.18
2025-04-10 12:00:00,97.85956206066551,0.08
2025-04-10 13:00:00,97.07137775031259,1.18
2025-04-10 14:00:00,97.07137775031258,54.44
2025-04-10 15:00:00,98.22129346317296,70.0
2025-04-10 16:00:00,100.66654331474965,101.68
2025-04-10 17:00:00,109.25048420541195,140.42
2025-04-10 18:00:00,109.38588446268687,137.17
2025-04-10 19:00:00,109.35334632998149,97.56
2025-04-10 20:00:00,108.94966194098802,92.05
2025-04-10 21:00:00,100.66654331474956,81.11
2025-04-10 22:00:00,99.27364890966933,65.32
2025-04-10 23:00:00,98.22129346317291,60.75
2025-04-11 00:00:00,97.07137775031252,58.44
2025-04-11 01:00:00,97.07137775031252,58.43
2025-04-11 02:00:00,97.07137775031252,61.93
2025-04-11 03:00:00,98.22129346317276,71.99
2025-04-11 04:00:00,100.6665433147495,94.2
2025-04-11 05:00:00,108.91450721544346,111.4
2025-04-11 06:00:00,109.23250671132918,85.9
2025-04-11 07:00:00,108.92876879905774,58.89
2025-04-11 08:00:00,100.61690624999987,11.31
2025-04-11 09:00:00,97.8595620606651,0.0
2025-04-11 10:00:00,97.07137775031241,-3.0
2025-04-11 11:00:00,59.4542576901147,-4.99
2025-04-11 12:00:00,37.84936563102323,-3.61
2025-04-11 13:00:00,59.34838821635152,-0.1
2025-04-11 14:00:00,87.86051344871188,0.0
2025-04-11 15:00:00,97.07137775031234,70.15
2025-04-11 16:00:00,108.40777265072971,110.69
2025-04-11 17:00:00,109.37916583931018,133.4
2025-04-11 18:00:00,109.49005830835081,155.0
2025-04-11 19:00:00,109.40029620947493,130.46
2025-04-11 20:00:00,109.35875562240146,119.1
2025-04-11 21:00:00,109.35792666406394,105.49
2025-04-11 22:00:00,109.34336472114563,107.84
2025-04-11 23:00:00,108.396470234534,104.41
2025-04-12 00:00:00,107.14837644051812,100.93
2025-04-12 01:00:00,106.35754184004446,98.15
2025-04-12 02:00:00,106.78716653198879,98.99
2025-04-12 03:00:00,106.78716653198879,99.08
2025-04-12 04:00:00,109.75906771291739,104.42
2025-04-12 05:00:00,110.47995982066871,99.74
2025-04-12 06:00:00,109.41752920307232,95.49
2025-04-12 07:00:00,108.59947192643982,67.26
2025-04-12 08:00:00,105.00045874322663,20.19
2025-04-12 09:00:00,97.85956206066564,0.0
2025-04-12 10:00:00,97.07137775031279,-9.23
2025-04-12 11:00:00,96.27261728008693,-40.04
2025-04-12 12:00:00,90.66842920654102,-42.01
2025-04-12 13:00:00,91.0138400475771,-18.68
2025-04-12 14:00:00,96.2726172800868,-0.08
2025-04-12 15:00:00,96.768750583515,59.47
2025-04-12 16:00:00,98.22129346317304,111.31
2025-04-12 17:00:00,100.61690625000011,150.06
2025-04-12 18:00:00,103.89102749179018,120.89
2025-04-12 19:00:00,100.61690625000023,91.0
2025-04-12 20:00:00,98.221293463173,86.27
2025-04-12 21:00:00,96.27261728008683,64.27
2025-04-12 22:00:00,81.8608013967064,63.99
2025-04-12 23:00:00,73.7430177053435,56.0
2025-04-13 00:00:00,73.7430177053435,42.36
2025-04-13 01:00:00,66.38541934224718,29.5
2025-04-13 02:00:00,66.38541934224712,32.06
2025-04-13 03:00:00,66.38541934224718,34.48
2025-04-13 04:00:00,66.38541934224718,29.41
2025-04-13 05:00:00,81.86080139670642,27.75
2025-04-13 06:00:00,87.86051344871211,12.87
2025-04-13 07:00:00,89.71074390243905,8.43
2025-04-13 08:00:00,81.86080139670655,0.0
2025-04-13 09:00:00,35.93090000000005,-0.02
2025-04-13 10:00:00,64.48564282176702,-3.02
2025-04-13 11:00:00,27.732740130994046,-18.84
2025-04-13 12:00:00,20.391600090057743,-25.38
2025-04-13 13:00:00,20.218013365295427,-9.93
2025-04-13 14:00:00,33.31408635852729,-0.01
2025-04-13 15:00:00,68.59317925216989,17.56
2025-04-13 16:00:00,96.27261728008672,98.63
2025-04-13 17:00:00,102.52705440700481,120.65
2025-04-13 18:00:00,109.1901590104881,118.01
2025-04-13 19:00:00,109.22862497432429,108.06
2025-04-13 20:00:00,109.19713680907974,103.35
2025-04-13 21:00:00,109.07232666910946,94.98
2025-04-13 22:00:00,107.93087627648625,87.56
2025-04-13 23:00:00,103.61306651241672,82.69
2025-04-14 00:00:00,100.66654331474953,82.11
2025-04-14 01:00:00,100.6169062499998,82.29
2025-04-14 02:00:00,100.66654331474963,84.52
2025-04-14 03:00:00,106.20351755721059,97.1
2025-04-14 04:00:00,109.32099449694324,124.34
2025-04-14 05:00:00,109.66347839473158,152.03
2025-04-14 06:00:00,109.80315916894907,143.7
2025-04-14 07:00:00,109.50612055977403,104.7
2025-04-14 08:00:00,109.35554651767725,91.02
2025-04-14 09:00:00,109.23796233730441,77.07
2025-04-14 10:00:00,103.36095275058425,62.35
2025-04-14 11:00:00,100.66654331474939,61.64
2025-04-14 12:00:00,98.2212934631724,64.36
2025-04-14 13:00:00,99.27364890966938,75.29
2025-04-14 14:00:00,100.66654331474989,84.6
2025-04-14 15:00:00,110.70326512405268,97.02
2025-04-14 16:00:00,110.70326512405234,119.35
2025-04-14 17:00:00,110.70326512405268,180.0
2025-04-14 18:00:00,110.70326512405268,140.61
2025-04-14 19:00:00,109.35977037623562,102.83
2025-04-14 20:00:00,109.08126493698984,82.59
2025-04-14 21:00:00,102.20531208613352,76.0
2025-04-14 22:00:00,98.22129346317283,72.93
2025-04-14 23:00:00,94.92494212915015,73.2
2025-04-15 00:00:00,92.54273178553254,67.38
2025-04-15 01:00:00,87.860513448712,64.29
2025-04-15 02:00:00,87.8605134487128,66.3
2025-04-15 03:00:00,96.27261728009094,70.42
2025-04-15 04:00:00,100.61690625000051,83.03
2025-04-15 05:00:00,107.14837644051528,96.99
2025-04-15 06:00:00,109.33873501161962,98.56
2025-04-15 07:00:00,109.32284690824832,65.0
2025-04-15 08:00:00,101.79602121017999,48.93
2025-04-15 09:00:00,98.97707368217526,2.92
2025-04-15 10:00:00,97.0713777503134,0.08
2025-04-15 11:00:00,94.87131662251264,0.0
2025-04-15 12:00:00,87.86051344870975,0.1
2025-04-15 13:00:00,92.54273178552911,29.27
2025-04-15 14:00:00,96.27261728008736,68.08
2025-04-15 15:00:00,97.85956206066413,86.57
2025-04-15 16:00:00,99.66696806317523,105.28
2025-04-15 17:00:00,109.00311778255245,133.58
2025-04-15 18:00:00,109.34065136819575,141.54
2025-04-15 19:00:00,109.35478226018483,110.58
2025-04-15 20:00:00,109.33807776932116,102.21
2025-04-15 21:00:00,109.11578232013454,93.76
2025-04-15 22:00:00,105.77404690270808,88.01
2025-04-15 23:00:00,102.96534722146643,82.04
2025-04-16 00:00:00,99.71942310314134,82.2
2025-04-16 01:00:00,99.27364890966929,81.4
2025-04-16 02:00:00,100.61690624999915,82.99
2025-04-16 03:00:00,103.19371967745116,99.4
2025-04-16 04:00:00,107.14365013429338,121.0
2025-04-16 05:00:00,109.6070237445739,135.14
2025-04-16 06:00:00,109.55823862415491,109.94
2025-04-16 07:00:00,109.38753353345801,94.82
2025-04-16 08:00:00,109.33236360225575,79.75
2025-04-16 09:00:00,102.03542884464702,64.08
2025-04-16 10:00:00,100.61690625,35.3
2025-04-16 11:00:00,98.22129346317294,22.4
2025-04-16 12:00:00,97.85956206066548,24.94
2025-04-16 13:00:00,97.85956206066547,55.0
2025-04-16 14:00:00,98.22129346317296,68.0
2025-04-16 15:00:00,100.6665433147496,93.16
2025-04-16 16:00:00,109.55380494205431,118.0
2025-04-16 17:00:00,109.62058874646794,146.52
2025-04-16 18:00:00,109.51361167259759,136.48
2025-04-16 19:00:00,109.36224081969833,121.0
2025-04-16 20:00:00,109.34983676423326,109.69
2025-04-16 21:00:00,109.06705784927982,98.59
2025-04-16 22:00:00,108.55390212527794,88.99
2025-04-16 23:00:00,103.09590839570114,83.99
2025-04-17 00:00:00,102.81208821463761,81.67
2025-04-17 01:00:00,102.9790916412286,80.07
2025-04-17 02:00:00,102.88099974171911,81.28
2025-04-17 03:00:00,107.14837644051805,87.43
2025-04-17 04:00:00,109.36253897666397,108.02
2025-04-17 05:00:00,109.36724977952105,122.8
2025-04-17 06:00:00,109.35518361058102,130.0
2025-04-17 07:00:00,109.35529719563975,121.0
2025-04-17 08:00:00,109.34036505160081,110.0
2025-04-17 09:00:00,108.586336784629,95.03
2025-04-17 10:00:00,106.2311523604222,80.84
2025-04-17 11:00:00,101.94960061405908,81.04
2025-04-17 12:00:00,99.07358154441685,77.75
2025-04-17 13:00:00,99.10011472500044,77.65
2025-04-17 14:00:00,99.39954999039769,83.87
2025-04-17 15:00:00,100.61690625000017,97.63
2025-04-17 16:00:00,107.14837644051796,112.65
2025-04-17 17:00:00,109.33913637088115,129.0
2025-04-17 18:00:00,109.3552210735557,122.79
2025-04-17 19:00:00,109.35856140350856,114.76
2025-04-17 20:00:00,109.35856140350987,98.9
2025-04-17 21:00:00,109.25695168558723,96.52
2025-04-17 22:00:00,108.98788991157288,91.0
2025-04-17 23:00:00,108.09320201123805,81.3
2025-04-18 00:00:00,107.03171040384335,79.12
2025-04-18 01:00:00,102.41813764109743,77.94
2025-04-18 02:00:00,102.410557348144,76.34
2025-04-18 03:00:00,102.50630648683007,76.35
2025-04-18 04:00:00,106.90969413902627,79.39
2025-04-18 05:00:00,108.73051194119918,87.98
2025-04-18 06:00:00,109.3203030565547,91.25
2025-04-18 07:00:00,109.23631230938089,90.14
2025-04-18 08:00:00,108.63880312934114,88.3
2025-04-18 09:00:00,100.61690625000004,83.28
2025-04-18 10:00:00,101.4725455292286,75.03
2025-04-18 11:00:00,100.61690624999997,63.75
2025-04-18 12:00:00,99.27364890966952,62.64
2025-04-18 13:00:00,99.2736489096696,65.36
2025-04-18 14:00:00,100.61690624999994,76.61
2025-04-18 15:00:00,100.61690625000003,88.64
2025-04-18 16:00:00,103.78794068363884,103.5
2025-04-18 17:00:00,108.59304530533733,123.12
2025-04-18 18:00:00,109.15487712566132,126.52
2025-04-18 19:00:00,107.00210312597653,116.52
2025-04-18 20:00:00,106.203507722071,106.35
2025-04-18 21:00:00,103.43373289646641,99.12
2025-04-18 22:00:00,102.52078279736443,89.32
2025-04-18 23:00:00,100.61690624999986,80.01
2025-04-19 00:00:00,99.27364890966943,84.45
2025-04-19 01:00:00,99.27364890966953,82.39
2025-04-19 02:00:00,100.61690625,84.98
2025-04-19 03:00:00,102.06230532133284,90.62
2025-04-19 04:00:00,103.29841046426812,95.2
2025-04-19 05:00:00,103.93736266417733,91.67
2025-04-19 06:00:00,105.99798561153432,83.89
2025-04-19 07:00:00,103.8207917463158,76.43
2025-04-19 08:00:00,100.61690624999979,29.99
2025-04-19 09:00:00,98.22129346317303,4.54
2025-04-19 10:00:00,98.22129346317283,0.0
2025-04-19 11:00:00,97.85956206066552,-3.01
2025-04-19 12:00:00,97.07137775031276,-7.26
2025-04-19 13:00:00,96.27261728008662,-0.86
2025-04-19 14:00:00,96.27261728008658,0.2
2025-04-19 15:00:00,97.07137775031275,64.01
2025-04-19 16:00:00,99.83185271729442,102.77
2025-04-19 17:00:00,100.66654331474957,126.84
2025-04-19 18:00:00,109.64371590110602,142.71
2025-04-19 19:00:00,108.66381281149188,127.36
2025-04-19 20:00:00,106.64664545853624,109.55
2025-04-19 21:00:00,104.09147108849619,98.27
2025-04-19 22:00:00,102.93443744168897,100.41
2025-04-19 23:00:00,99.9958248932319,94.9
2025-04-20 00:00:00,99.9958248932319,98.98
2025-04-20 01:00:00,100.03872457116637,97.41
2025-04-20 02:00:00,100.59855245447751,98.83
2025-04-20 03:00:00,100.48380488468209,108.64
2025-04-20 04:00:00,100.48320247066584,109.38
2025-04-20 05:00:00,100.66654331474959,94.32
2025-04-20 06:00:00,101.62385223013436,68.6
2025-04-20 07:00:00,100.66654331474969,18.63
2025-04-20 08:00:00,98.22129346317269,0.0
2025-04-20 09:00:00,96.27261728008646,-5.72
2025-04-20 10:00:00,67.73976801589765,-34.99
2025-04-20 11:00:00,27.322803680981654,-52.42
2025-04-20 12:00:00,27.341451760007818,-40.05
2025-04-20 13:00:00,35.9308999999999,-4.76
2025-04-20 14:00:00,81.86080139670621,0.0
2025-04-20 15:00:00,97.07137775031214,72.42
2025-04-20 16:00:00,99.90672569049276,106.81
2025-04-20 17:00:00,107.52036418117122,119.94
2025-04-20 18:00:00,109.36935729842948,144.95
2025-04-20 19:00:00,109.3579707477173,137.56
2025-04-20 20:00:00,109.33528465486353,121.82
2025-04-20 21:00:00,109.28735795634537,110.68
2025-04-20 22:00:00,109.07748275102887,108.58
2025-04-20 23:00:00,108.50540952742864,97.59
2025-04-21 00:00:00,106.90988542936064,96.47
2025-04-21 01:00:00,102.22222088573577,96.84
2025-04-21 02:00:00,102.07770167459555,97.98
2025-04-21 03:00:00,102.52162226376672,98.54
2025-04-21 04:00:00,106.9106531425193,97.07
2025-04-21 05:00:00,108.71803320127603,91.31
2025-04-21 06:00:00,109.05359130045144,88.5
2025-04-21 07:00:00,108.6050088668622,87.99
2025-04-21 08:00:00,102.8002333378711,65.24
2025-04-21 09:00:00,102.6965674157309,33.88
2025-04-21 10:00:00,99.27364890966932,17.19
2025-04-21 11:00:00,98.2212934631729,8.91
2025-04-21 12:00:00,98.22129346317284,8.43
2025-04-21 13:00:00,98.2212934631729,10.01
2025-04-21 14:00:00,99.43345387222217,50.05
2025-04-21 15:00:00,100.66654331474896,88.77
2025-04-21 16:00:00,108.70563937675297,101.95
2025-04-21 17:00:00,109.36633417720262,121.95
2025-04-21 18:00:00,109.36419628822914,139.14
2025-04-21 19:00:00,109.35856140350897,132.1
2025-04-21 20:00:00,109.35856140350859,122.77
2025-04-21 21:00:00,109.35856140350856,106.54
2025-04-21 22:00:00,109.15642034869636,96.21
2025-04-21 23:00:00,108.64643095831438,88.8
2025-04-22 00:00:00,108.32459117676827,87.4
2025-04-22 01:00:00,107.7676049369162,85.01
2025-04-22 02:00:00,108.43986431688839,84.58
2025-04-22 03:00:00,109.22754539061602,97.39
2025-04-22 04:00:00,109.36407770164575,120.76
2025-04-22 05:00:00,109.35856140351096,151.54
2025-04-22 06:00:00,109.72465470832287,147.0
2025-04-22 07:00:00,109.35856140350873,111.88
2025-04-22 08:00:00,109.35856140350873,95.2
2025-04-22 09:00:00,109.31512815321756,89.97
2025-04-22 10:00:00,109.07498785827664,79.92
2025-04-22 11:00:00,102.24689827744383,67.66
2025-04-22 12:00:00,100.66654331474965,71.47
2025-04-22 13:00:00,100.66654331474972,78.45
2025-04-22 14:00:00,100.7561529081914,83.07
2025-04-22 15:00:00,108.54130679282514,100.04
2025-04-22 16:00:00,109.44386023062127,122.38
2025-04-22 17:00:00,110.70326512405259,192.32
2025-04-22 18:00:00,110.70326512405268,263.2
2025-04-22 19:00:00,110.70326512405266,157.28
2025-04-22 20:00:00,109.62341653091949,122.28
2025-04-22 21:00:00,109.37109527213966,109.6
2025-04-22 22:00:00,109.40076753045503,106.72
2025-04-22 23:00:00,109.36675276160751,99.4
2025-04-23 00:00:00,110.49709237026948,96.84
2025-04-23 01:00:00,110.70326512405234,96.7
2025-04-23 02:00:00,110.70326512405231,101.2
2025-04-23 03:00:00,110.73743582290528,108.23
2025-04-23 04:00:00,110.70326512405268,137.09
2025-04-23 05:00:00,110.70326512405268,152.0
2025-04-23 06:00:00,110.70326512405268,128.84
2025-04-23 07:00:00,109.38104218654729,100.0
2025-04-23 08:00:00,109.36869879341312,92.0
2025-04-23 09:00:00,109.28789912403735,94.39
2025-04-23 10:00:00,107.16807347220616,81.04
2025-04-23 11:00:00,104.65332508596788,80.29
2025-04-23 12:00:00,101.80240603204071,88.0
2025-04-23 13:00:00,106.90860945652067,92.35
2025-04-23 14:00:00,107.14837644051818,99.05
2025-04-23 15:00:00,108.4231622968143,108.28
2025-04-23 16:00:00,110.70326512405263,128.9
2025-04-23 17:00:00,109.36855884001977,155.97
2025-04-23 18:00:00,109.40332775164981,148.67
2025-04-23 19:00:00,109.35856140350882,126.11
2025-04-23 20:00:00,109.35856140350873,108.2
2025-04-23 21:00:00,109.35856140350867,97.15
2025-04-23 22:00:00,109.32133934504225,94.17
2025-04-23 23:00:00,108.71100802443803,88.3
2025-04-24 00:00:00,107.53030601623091,86.7
2025-04-24 01:00:00,106.59036973453041,85.65
2025-04-24 02:00:00,106.58722762560052,84.35
2025-04-24 03:00:00,108.40606868893882,90.93
2025-04-24 04:00:00,109.33697764267242,110.34
2025-04-24 05:00:00,109.3585614035088,118.51
2025-04-24 06:00:00,109.35856140350874,117.65
2025-04-24 07:00:00,109.35856140350877,108.91
2025-04-24 08:00:00,109.3567032052164,96.67
2025-04-24 09:00:00,109.18342040281583,93.55
2025-04-24 10:00:00,108.72465256928,81.56
2025-04-24 11:00:00,107.14837644051818,78.95
2025-04-24 12:00:00,102.08337089898866,78.04
2025-04-24 13:00:00,102.12903768047595,78.72
2025-04-24 14:00:00,102.1778338213739,83.37
2025-04-24 15:00:00,107.35213861285338,95.36
2025-04-24 16:00:00,109.1047764679726,101.02
2025-04-24 17:00:00,109.37623035130564,114.64
2025-04-24 18:00:00,109.38577473266774,121.61
2025-04-24 19:00:00,109.35856140350869,114.48
2025-04-24 20:00:00,109.35856140350867,106.53
2025-04-24 21:00:00,109.35856140350877,93.1
2025-04-24 22:00:00,109.18065955548235,91.03
2025-04-24 23:00:00,109.08974693257801,82.92
2025-04-25 00:00:00,108.91114092268869,82.23
2025-04-25 01:00:00,108.64647055354237,83.4
2025-04-25 02:00:00,108.91083623822233,84.95
2025-04-25 03:00:00,109.3501694843654,94.64
2025-04-25 04:00:00,109.36225358375158,104.41
2025-04-25 05:00:00,109.35856140350847,113.39
2025-04-25 06:00:00,109.35856140351011,111.0
2025-04-25 07:00:00,109.35856140350866,99.41
2025-04-25 08:00:00,109.36389820089461,88.17
2025-04-25 09:00:00,109.3742472950898,75.45
2025-04-25 10:00:00,109.32875586409858,66.61
2025-04-25 11:00:00,100.87162497052296,48.03
2025-04-25 12:00:00,100.49812219366989,40.99
2025-04-25 13:00:00,100.61690625000001,59.47
2025-04-25 14:00:00,100.66654331474972,73.04
2025-04-25 15:00:00,107.14837644051825,84.19
2025-04-25 16:00:00,110.70326512405263,99.43
2025-04-25 17:00:00,109.42170412914662,115.99
2025-04-25 18:00:00,109.42657408074453,123.78
2025-04-25 19:00:00,109.35856140350865,109.63
2025-04-25 20:00:00,109.36053809924647,100.37
2025-04-25 21:00:00,109.3258756417642,92.09
2025-04-25 22:00:00,109.2272873350785,100.0
2025-04-25 23:00:00,108.64722785055821,92.19
2025-04-26 00:00:00,107.14837644051823,91.02
2025-04-26 01:00:00,106.40593263735217,89.66
2025-04-26 02:00:00,105.21833344758842,89.01
2025-04-26 03:00:00,106.6420422063763,90.86
2025-04-26 04:00:00,108.48205437846094,93.01
2025-04-26 05:00:00,109.12681415823157,86.33
2025-04-26 06:00:00,109.26974644274452,72.19
2025-04-26 07:00:00,109.15529644025077,34.45
2025-04-26 08:00:00,106.35484422278572,2.55
2025-04-26 09:00:00,98.22129346317303,-0.01
2025-04-26 10:00:00,97.07137775031276,-7.63
2025-04-26 11:00:00,87.86051344871215,-14.85
2025-04-26 12:00:00,78.75152816418696,-10.77
2025-04-26 13:00:00,78.75152816418736,-2.19
2025-04-26 14:00:00,87.86051344871245,-0.02
2025-04-26 15:00:00,96.27261728008659,30.99
2025-04-26 16:00:00,97.85956206066555,79.0
2025-04-26 17:00:00,100.61690624999994,99.81
2025-04-26 18:00:00,107.14837644051818,107.4
2025-04-26 19:00:00,105.01095528850287,96.85
2025-04-26 20:00:00,100.66654331474972,85.26
2025-04-26 21:00:00,98.22129346317297,72.31
2025-04-26 22:00:00,97.07137775031276,67.71
2025-04-26 23:00:00,96.27261728008668,62.91
2025-04-27 00:00:00,96.27261728008689,57.96
2025-04-27 01:00:00,96.27261728008673,59.12
2025-04-27 02:00:00,97.07137775031269,61.94
2025-04-27 03:00:00,97.85956206066551,69.05
2025-04-27 04:00:00,98.22129346317288,69.14
2025-04-27 05:00:00,98.41153528324843,63.72
2025-04-27 06:00:00,100.61690624999993,34.95
2025-04-27 07:00:00,99.27364890966973,0.04
2025-04-27 08:00:00,98.22129346317298,-3.0
2025-04-27 09:00:00,93.07446738747396,-33.88
2025-04-27 10:00:00,87.8605134487123,-101.04
2025-04-27 11:00:00,75.30632283042297,-129.81
2025-04-27 12:00:00,64.33473064792797,-116.61
2025-04-27 13:00:00,64.33473064792796,-50.0
2025-04-27 14:00:00,87.86051344871217,-5.17
2025-04-27 15:00:00,96.27261728008673,18.35
2025-04-27 16:00:00,98.22129346317298,91.98
2025-04-27 17:00:00,107.14837644051805,110.83
2025-04-27 18:00:00,109.35692415436436,124.23
2025-04-27 19:00:00,109.35644634793458,109.24
2025-04-27 20:00:00,109.35305948153177,99.0
2025-04-27 21:00:00,109.35183253902397,93.77
2025-04-27 22:00:00,107.26721061901718,92.24
2025-04-27 23:00:00,103.69833566111028,86.49
2025-04-28 00:00:00,102.40205227589965,83.1
2025-04-28 01:00:00,106.56037951352297,85.41
2025-04-28 02:00:00,107.14837644051804,91.19
2025-04-28 03:00:00,110.61203923015664,99.49
2025-04-28 04:00:00,109.43688097099046,140.0
2025-04-28 05:00:00,110.46474242424276,131.09
2025-04-28 06:00:00,109.9733740473633,96.85
2025-04-28 07:00:00,109.35856140351045,67.37
2025-04-28 08:00:00,109.0752611614917,10.03
2025-04-28 09:00:00,101.72504511985623,-0.01
2025-04-28 10:00:00,98.22129346317297,-4.02
2025-04-28 11:00:00,97.07137775031265,-5.9
2025-04-28 12:00:00,96.27261728008675,-6.18
2025-04-28 13:00:00,97.07137775031268,-1.54
2025-04-28 14:00:00,97.85956206066554,2.01
2025-04-28 15:00:00,99.88159761225717,71.83
2025-04-28 16:00:00,107.14837644051809,101.92
2025-04-28 17:00:00,110.70326512405266,149.9
2025-04-28 18:00:00,109.75342184225748,194.81
2025-04-28 19:00:00,109.38076789228181,128.83
2025-04-28 20:00:00,109.36325450459492,106.24
2025-04-28 21:00:00,109.34633934092089,96.83
2025-04-28 22:00:00,109.06064925831858,90.64
2025-04-28 23:00:00,107.37597783184438,86.86
2025-04-29 00:00:00,107.14837644051818,81.76
2025-04-29 01:00:00,107.14837644051829,79.17
2025-04-29 02:00:00,107.3732314591768,80.03
2025-04-29 03:00:00,108.56748046060932,90.57
2025-04-29 04:00:00,109.51765726235146,107.0
2025-04-29 05:00:00,109.4147195165335,113.13
2025-04-29 06:00:00,109.37519209119947,99.98
2025-04-29 07:00:00,109.3566934497969,78.0
2025-04-29 08:00:00,108.81174722998772,9.31
2025-04-29 09:00:00,99.99848865683762,0.0
2025-04-29 10:00:00,98.22129346317286,-0.76
2025-04-29 11:00:00,97.0713777503126,-1.9
2025-04-29 12:00:00,97.07137775031296,-1.67
2025-04-29 13:00:00,97.07137775031296,-0.01
2025-04-29 14:00:00,97.85956206066581,14.82
2025-04-29 15:00:00,99.27364890966966,77.6
2025-04-29 16:00:00,107.14837644051796,102.0
2025-04-29 17:00:00,109.41451130549494,139.83
2025-04-29 18:00:00,109.41034710335397,174.75
2025-04-29 19:00:00,109.3530142529686,129.11
2025-04-29 20:00:00,109.35858044299589,108.83
2025-04-29 21:00:00,108.73828945438355,97.82
2025-04-29 22:00:00,105.98429336346842,95.0
2025-04-29 23:00:00,102.61169739961069,90.0
2025-04-30 00:00:00,102.30050450826897,87.59
2025-04-30 01:00:00,107.14837644051818,88.25
2025-04-30 02:00:00,109.39272814944836,91.4
2025-04-30 03:00:00,110.70326512405269,95.83
2025-04-30 04:00:00,109.70128470793067,115.27
2025-04-30 05:00:00,110.70326512405262,120.3
2025-04-30 06:00:00,109.48946188236646,99.9
2025-04-30 07:00:00,109.35749042068706,76.7
2025-04-30 08:00:00,109.28857416438728,7.08
2025-04-30 09:00:00,107.14837644051818,0.0
2025-04-30 10:00:00,100.61690624999999,-1.0
2025-04-30 11:00:00,98.22129346317304,-6.21
2025-04-30 12:00:00,97.85956206066534,-3.0
2025-04-30 13:00:00,97.8595620606653,-0.02
2025-04-30 14:00:00,98.22129346317277,19.91
2025-04-30 15:00:00,100.19705718751952,78.39
2025-04-30 16:00:00,108.78335862341626,101.8
2025-04-30 17:00:00,109.73755146770417,130.37
2025-04-30 18:00:00,109.6005626079442,176.43
2025-04-30 19:00:00,109.41415243511213,128.0
2025-04-30 20:00:00,109.36656510945059,108.33
2025-04-30 21:00:00,109.37877517255478,98.68
2025-04-30 22:00:00,107.1483764405179,97.51
2025-04-30 23:00:00,102.30050450826892,91.78
2025-05-01 00:00:00,102.22398951723953,90.46
2025-05-01 01:00:00,102.22398951723952,90.63
2025-05-01 02:00:00,102.2239895172398,90.5
2025-05-01 03:00:00,102.2239895172398,84.16
2025-05-01 04:00:00,107.7086429624551,83.94
2025-05-01 05:00:00,108.19755429779055,78.04
2025-05-01 06:00:00,108.16696323448308,62.1
2025-05-01 07:00:00,104.880735485613,0.0
2025-05-01 08:00:00,99.27364890966969,-3.0
2025-05-01 09:00:00,97.85956206066513,-40.1
2025-05-01 10:00:00,96.27261728008622,-85.01
2025-05-01 11:00:00,81.86080139670611,-129.99
2025-05-01 12:00:00,81.63796672376748,-118.11
2025-05-01 13:00:00,81.86080139670621,-49.99
2025-05-01 14:00:00,96.27261728008656,-5.17
2025-05-01 15:00:00,97.85956206066487,40.77
2025-05-01 16:00:00,100.61690625000011,96.14
2025-05-01 17:00:00,110.33145809893477,129.87
2025-05-01 18:00:00,109.41894985551987,164.38
2025-05-01 19:00:00,109.36900038232152,122.45
2025-05-01 20:00:00,109.35480979101773,100.73
2025-05-01 21:00:00,109.05156415463682,87.1
2025-05-01 22:00:00,104.01779861079272,89.92
2025-05-01 23:00:00,99.83930279567727,77.12
2025-05-02 00:00:00,98.22129346317311,66.9
2025-05-02 01:00:00,98.22129346317297,63.91
2025-05-02 02:00:00,98.22129346317307,66.0
2025-05-02 03:00:00,99.27364890966959,74.01
2025-05-02 04:00:00,99.65237307626246,86.83
2025-05-02 05:00:00,100.61690625000001,88.55
2025-05-02 06:00:00,108.41789570368694,84.9
2025-05-02 07:00:00,107.79014723343798,55.0
2025-05-02 08:00:00,101.7201222918228,0.85
2025-05-02 09:00:00,98.22129346317294,-0.01
2025-05-02 10:00:00,97.07137775031283,-0.8
2025-05-02 11:00:00,92.54273178553275,-3.0
2025-05-02 12:00:00,81.82484685784043,-4.0
2025-05-02 13:00:00,79.28287956138003,-0.08
2025-05-02 14:00:00,87.86051344871228,0.3
2025-05-02 15:00:00,96.2726172800867,67.5
2025-05-02 16:00:00,98.22129346317324,99.9
2025-05-02 17:00:00,106.69338659855744,118.39
2025-05-02 18:00:00,109.31796852751425,150.4
2025-05-02 19:00:00,109.24496033052613,121.24
2025-05-02 20:00:00,108.7385033127721,106.72
2025-05-02 21:00:00,106.33498255817968,96.44
2025-05-02 22:00:00,100.66654331474982,97.81
2025-05-02 23:00:00,99.91361011578361,93.34
2025-05-03 00:00:00,100.42584203501883,92.2
2025-05-03 01:00:00,100.4349269306583,92.0
2025-05-03 02:00:00,100.61690625000018,91.23
2025-05-03 03:00:00,100.61690625000028,91.84
2025-05-03 04:00:00,100.66654331474976,92.86
2025-05-03 05:00:00,102.34870555513176,87.73
2025-05-03 06:00:00,101.37127504704193,79.9
2025-05-03 07:00:00,102.5117069687227,13.53
2025-05-03 08:00:00,100.66654331475004,0.01
2025-05-03 09:00:00,99.27364890966976,-0.01
2025-05-03 10:00:00,97.85956206066564,-1.16
2025-05-03 11:00:00,96.27261728008693,-3.04
2025-05-03 12:00:00,94.87131662251812,-2.69
2025-05-03 13:00:00,96.27261728008679,-0.03
2025-05-03 14:00:00,96.27261728008753,0.0
2025-05-03 15:00:00,96.27261728008733,28.87
2025-05-03 16:00:00,97.07137775031256,68.11
2025-05-03 17:00:00,97.85956206066562,77.54
2025-05-03 18:00:00,98.22129346317301,90.27
2025-05-03 19:00:00,98.2212934631732,87.02
2025-05-03 20:00:00,97.07137775031285,78.63
2025-05-03 21:00:00,96.27261728008679,65.91
2025-05-03 22:00:00,94.87131662251821,60.3
2025-05-03 23:00:00,87.86051344871203,44.9
2025-05-04 00:00:00,87.86051344871223,31.47
2025-05-04 01:00:00,78.65544614729657,20.39
2025-05-04 02:00:00,72.14004036834038,20.02
2025-05-04 03:00:00,72.14004036834032,15.58
2025-05-04 04:00:00,68.06890147408738,13.62
2025-05-04 05:00:00,81.8608013967066,7.83
2025-05-04 06:00:00,35.93090000000014,2.93
2025-05-04 07:00:00,59.883767200022334,0.0
2025-05-04 08:00:00,60.9942194599297,-0.01
2025-05-04 09:00:00,64.48564282175593,-0.01
2025-05-04 10:00:00,67.73976801588901,-0.02
2025-05-04 11:00:00,67.76942842037246,-2.0
2025-05-04 12:00:00,35.93090000000058,-5.01
2025-05-04 13:00:00,66.23303155044431,-1.59
2025-05-04 14:00:00,74.07212761593232,-0.01
2025-05-04 15:00:00,81.48322813765134,10.07
2025-05-04 16:00:00,96.27261728008656,80.08
2025-05-04 17:00:00,98.22129346317297,95.95
2025-05-04 18:00:00,100.66654331474969,109.0
2025-05-04 19:00:00,102.50001167136129,112.38
2025-05-04 20:00:00,100.66654331474963,101.79
2025-05-04 21:00:00,99.27364890966956,87.35
2025-05-04 22:00:00,99.27364890966959,75.18
2025-05-04 23:00:00,98.22129346317305,70.51
2025-05-05 00:00:00,97.85956206066555,72.25
2025-05-05 01:00:00,98.22129346317307,75.15
2025-05-05 02:00:00,98.41153528324885,74.98
2025-05-05 03:00:00,100.61690625000014,89.49
2025-05-05 04:00:00,107.14837644051804,110.92
2025-05-05 05:00:00,107.60868471023576,122.57
2025-05-05 06:00:00,106.22150317337145,106.69
2025-05-05 07:00:00,103.62339681870549,90.82
2025-05-05 08:00:00,99.27364890966983,80.0
2025-05-05 09:00:00,97.85956206066511,61.65
2025-05-05 10:00:00,97.85956206066524,53.83
2025-05-05 11:00:00,97.07137775031255,49.66
2025-05-05 12:00:00,96.59904153837675,59.3
2025-05-05 13:00:00,96.30500447511172,70.42
2025-05-05 14:00:00,97.07137775031258,78.88
2025-05-05 15:00:00,98.07078703609247,89.22
2025-05-05 16:00:00,100.61690624999912,100.1
2025-05-05 17:00:00,108.59743893747648,128.92
2025-05-05 18:00:00,108.97359378005045,128.0
2025-05-05 19:00:00,109.05451673983613,113.17
2025-05-05 20:00:00,108.66441839174963,101.52
2025-05-05 21:00:00,104.79785789210841,94.46
2025-05-05 22:00:00,100.6169062499997,87.22
2025-05-05 23:00:00,100.61690624999973,81.68
2025-05-06 00:00:00,100.61690624999967,81.29
2025-05-06 01:00:00,100.6169062499999,79.96
2025-05-06 02:00:00,100.61690625,82.39
2025-05-06 03:00:00,102.61169739961014,97.08
2025-05-06 04:00:00,110.45638354962797,114.57
2025-05-06 05:00:00,109.45936305430105,121.86
2025-05-06 06:00:00,109.36053190331549,108.37
2025-05-06 07:00:00,109.2183756913261,83.08
2025-05-06 08:00:00,102.04972169735724,72.27
2025-05-06 09:00:00,98.58564849917266,59.89
2025-05-06 10:00:00,99.27364890966919,42.81
2025-05-06 11:00:00,97.85956206066575,38.17
2025-05-06 12:00:00,97.07137775031292,45.44
2025-05-06 13:00:00,96.27261728008644,65.0
2025-05-06 14:00:00,96.27261728008652,73.73
2025-05-06 15:00:00,97.85956206066473,89.99
2025-05-06 16:00:00,106.11381289605454,106.89
2025-05-06 17:00:00,109.17884759817036,134.09
2025-05-06 18:00:00,109.30725770108745,161.18
2025-05-06 19:00:00,109.38302178325611,136.6
2025-05-06 20:00:00,109.20084954402772,118.28
2025-05-06 21:00:00,108.5867282960379,101.27
2025-05-06 22:00:00,106.72161174969703,92.67
2025-05-06 23:00:00,102.51545181120373,87.05
2025-05-07 00:00:00,107.14837644051808,85.63
2025-05-07 01:00:00,107.3791808682177,88.6
2025-05-07 02:00:00,108.32751858611849,95.16
2025-05-07 03:00:00,110.37697463157048,108.57
2025-05-07 04:00:00,109.9411286043216,131.68
2025-05-07 05:00:00,109.69511594535886,143.95
2025-05-07 06:00:00,109.42317918337814,125.0
2025-05-07 07:00:00,109.3652159259377,96.43
2025-05-07 08:00:00,109.30444462822409,82.41
2025-05-07 09:00:00,107.73278828240161,73.3
2025-05-07 10:00:00,100.61690624999986,64.43
2025-05-07 11:00:00,100.61690624999994,63.92
2025-05-07 12:00:00,99.2736489096696,68.04
2025-05-07 13:00:00,99.27364890966948,75.0
2025-05-07 14:00:00,99.9912708736308,81.8
2025-05-07 15:00:00,102.5195488072746,95.85
2025-05-07 16:00:00,107.1483764405182,108.49
2025-05-07 17:00:00,109.32205159060247,128.93
2025-05-07 18:00:00,109.3773425067153,147.15
2025-05-07 19:00:00,109.35856140350899,125.18
2025-05-07 20:00:00,109.35856140350543,108.49
2025-05-07 21:00:00,109.18548958848612,96.59
2025-05-07 22:00:00,108.40587828554834,95.86
2025-05-07 23:00:00,106.17638889389475,91.66
2025-05-08 00:00:00,104.09320289878698,91.51
2025-05-08 01:00:00,102.22662499379832,93.18
2025-05-08 02:00:00,102.61168755825,96.09
2025-05-08 03:00:00,109.38578200659187,109.25
2025-05-08 04:00:00,110.70326512405269,124.27
2025-05-08 05:00:00,110.70326512405275,138.73
2025-05-08 06:00:00,110.70326512405268,124.11
2025-05-08 07:00:00,109.45903907914823,101.13
2025-05-08 08:00:00,109.27154445568199,87.81
2025-05-08 09:00:00,102.42662049602782,75.34
2025-05-08 10:00:00,100.61690625,64.25
2025-05-08 11:00:00,100.50262857855566,63.75
2025-05-08 12:00:00,99.27364890966957,70.05
2025-05-08 13:00:00,99.27364890966955,78.77
2025-05-08 14:00:00,100.61690625,85.3
2025-05-08 15:00:00,102.19158457731083,91.63
2025-05-08 16:00:00,108.03211823657352,109.09
2025-05-08 17:00:00,109.36758154327752,134.96
2025-05-08 18:00:00,109.39053902094673,185.08
2025-05-08 19:00:00,109.35769937198016,143.18
2025-05-08 20:00:00,109.35856140350867,114.77
2025-05-08 21:00:00,109.16161071227165,106.48
2025-05-08 22:00:00,107.14837644051886,102.27
2025-05-08 23:00:00,107.14837644051859,96.55
2025-05-09 00:00:00,107.14837644051876,93.76
2025-05-09 01:00:00,107.74111599888062,95.09
2025-05-09 02:00:00,109.02356150983921,100.28
2025-05-09 03:00:00,110.70326512405346,112.4
2025-05-09 04:00:00,110.70326512405246,141.0
2025-05-09 05:00:00,110.07221036843643,136.03
2025-05-09 06:00:00,109.39389276697796,100.61
2025-05-09 07:00:00,109.35856140350693,82.0
2025-05-09 08:00:00,108.54179992336942,51.6
2025-05-09 09:00:00,101.49150869921256,0.1
2025-05-09 10:00:00,98.22129346317402,-0.74
2025-05-09 11:00:00,97.85956206066584,-0.04
2025-05-09 12:00:00,97.07137775031251,-0.01
2025-05-09 13:00:00,97.85956206066622,0.09
2025-05-09 14:00:00,98.22129346317332,52.66
2025-05-09 15:00:00,98.22129346317327,79.06
2025-05-09 16:00:00,100.61690624999994,98.9
2025-05-09 17:00:00,108.48811671150129,120.0
2025-05-09 18:00:00,109.36975193080045,149.13
2025-05-09 19:00:00,109.31573489855113,130.35
2025-05-09 20:00:00,109.30240796903273,107.32
2025-05-09 21:00:00,107.1483764405188,98.32
2025-05-09 22:00:00,100.61690625,105.22
2025-05-09 23:00:00,99.27364890966956,102.91
2025-05-10 00:00:00,99.27364890966956,98.78
2025-05-10 01:00:00,100.61690625,96.28
2025-05-10 02:00:00,100.61690625,100.9
2025-05-10 03:00:00,100.66654331474969,100.47
2025-05-10 04:00:00,107.6778181156235,97.73
2025-05-10 05:00:00,107.14837644051815,93.91
2025-05-10 06:00:00,110.30642040672373,73.72
2025-05-10 07:00:00,105.10461116372575,9.02
2025-05-10 08:00:00,100.61690624999999,-0.07
2025-05-10 09:00:00,98.22129346317294,-22.88
2025-05-10 10:00:00,97.07137775031264,-58.48
2025-05-10 11:00:00,92.54273178553255,-114.53
2025-05-10 12:00:00,87.86051344871215,-110.51
2025-05-10 13:00:00,87.8605134487122,-49.52
2025-05-10 14:00:00,89.12174847060209,-5.94
2025-05-10 15:00:00,96.27261728008673,23.99
2025-05-10 16:00:00,98.22129346317296,95.27
2025-05-10 17:00:00,100.66654331474965,124.04
2025-05-10 18:00:00,104.8889317930217,163.2
2025-05-10 19:00:00,100.81178276588078,129.49
2025-05-10 20:00:00,99.57902630216006,107.72
2025-05-10 21:00:00,98.22129346317334,94.49
2025-05-10 22:00:00,97.85956206066551,97.8
2025-05-10 23:00:00,97.07137775031268,95.1
2025-05-11 00:00:00,97.07137775031288,94.51
2025-05-11 01:00:00,97.07137775031288,95.42
2025-05-11 02:00:00,97.0713777503128,95.39
2025-05-11 03:00:00,97.07137775031262,95.45
2025-05-11 04:00:00,97.85956206066545,87.61
2025-05-11 05:00:00,98.22129346317308,65.76
2025-05-11 06:00:00,98.91172259700699,4.96
2025-05-11 07:00:00,97.85956206066548,-0.1
2025-05-11 08:00:00,97.07137775031273,-12.02
2025-05-11 09:00:00,87.86051344871228,-51.95
2025-05-11 10:00:00,64.43293656403843,-212.82
2025-05-11 11:00:00,62.32366540621802,-250.32
2025-05-11 12:00:00,37.960087617387295,-230.98
2025-05-11 13:00:00,62.32277215642456,-110.06
2025-05-11 14:00:00,64.33473064792686,-18.52
2025-05-11 15:00:00,87.3795721145927,-0.08
2025-05-11 16:00:00,96.27261728008665,85.96
2025-05-11 17:00:00,98.22129346317311,117.11
2025-05-11 18:00:00,107.14837644051812,124.86
2025-05-11 19:00:00,102.78714329704003,109.55
2025-05-11 20:00:00,100.61690624999999,98.45
2025-05-11 21:00:00,98.22129346317296,84.68
2025-05-11 22:00:00,96.27261728008675,86.0
2025-05-11 23:00:00,87.86051344871221,81.28
2025-05-12 00:00:00,89.12174847060204,80.95
2025-05-12 01:00:00,94.87131662251792,81.48
2025-05-12 02:00:00,96.2726172800867,84.65
2025-05-12 03:00:00,97.85956206066554,97.71
2025-05-12 04:00:00,103.71772367731391,137.05
2025-05-12 05:00:00,109.19149989091675,141.15
2025-05-12 06:00:00,109.35856140350877,108.49
2025-05-12 07:00:00,109.30433276939944,69.74
2025-05-12 08:00:00,106.89401315743505,0.49
2025-05-12 09:00:00,98.22129346317286,-3.91
2025-05-12 10:00:00,96.27261728008665,-25.0
2025-05-12 11:00:00,86.11943491250275,-35.0
2025-05-12 12:00:00,85.97079642285019,-29.9
2025-05-12 13:00:00,86.11943491250274,-8.59
2025-05-12 14:00:00,89.71074390243915,-0.01
2025-05-12 15:00:00,96.2726172800868,72.58
2025-05-12 16:00:00,98.22129346317311,107.12
2025-05-12 17:00:00,109.10879982162291,141.41
2025-05-12 18:00:00,109.35301425296892,172.7
2025-05-12 19:00:00,109.3585614035092,117.25
2025-05-12 20:00:00,109.04951681146771,100.11
2025-05-12 21:00:00,106.26544511709845,92.97
2025-05-12 22:00:00,100.66654331474967,89.87
2025-05-12 23:00:00,100.6169062499997,88.55
2025-05-13 00:00:00,100.61690624999991,89.2
2025-05-13 01:00:00,100.6169062499999,93.94
2025-05-13 02:00:00,100.61690624999991,96.71
2025-05-13 03:00:00,105.2028859018866,104.0
2025-05-13 04:00:00,109.32748328609982,136.77
2025-05-13 05:00:00,109.35856140350882,128.33
2025-05-13 06:00:00,109.35856140350873,100.42
2025-05-13 07:00:00,109.35856140350877,79.36
2025-05-13 08:00:00,109.17919258443501,16.09
2025-05-13 09:00:00,103.43133973297745,-0.75
2025-05-13 10:00:00,98.2212934631728,-6.0
2025-05-13 11:00:00,97.85956206066554,-16.0
2025-05-13 12:00:00,97.07137775031259,-6.55
2025-05-13 13:00:00,97.07137775031252,-3.83
2025-05-13 14:00:00,97.07137775031252,0.55
2025-05-13 15:00:00,98.22129346317298,74.0
2025-05-13 16:00:00,108.10825464264546,105.23
2025-05-13 17:00:00,109.26775682538575,151.07
2025-05-13 18:00:00,109.37734250671555,223.58
2025-05-13 19:00:00,109.35856140350933,148.96
2025-05-13 20:00:00,109.35856140350879,111.97
2025-05-13 21:00:00,109.16369617669342,102.63
2025-05-13 22:00:00,107.14837644051872,102.78
2025-05-13 23:00:00,103.61177992055968,97.3
2025-05-14 00:00:00,104.093202898787,95.41
2025-05-14 01:00:00,100.66654331475043,96.96
2025-05-14 02:00:00,100.66654331474896,98.56
2025-05-14 03:00:00,104.09320289878785,103.94
2025-05-14 04:00:00,109.36587912892632,128.58
2025-05-14 05:00:00,109.35809130748237,122.51
2025-05-14 06:00:00,109.35856140350843,99.56
2025-05-14 07:00:00,109.35856140350954,70.92
2025-05-14 08:00:00,102.46830049436639,0.2
2025-05-14 09:00:00,98.2212934631732,-1.67
2025-05-14 10:00:00,97.07137775031242,-18.16
2025-05-14 11:00:00,87.86051344871207,-29.91
2025-05-14 12:00:00,70.9768292749229,-31.82
2025-05-14 13:00:00,70.5215695709765,-12.79
2025-05-14 14:00:00,78.3210896558951,-1.33
2025-05-14 15:00:00,94.87131662251852,30.94
2025-05-14 16:00:00,96.31976439624461,91.6
2025-05-14 17:00:00,100.66654331474979,114.0
2025-05-14 18:00:00,105.80641806396764,158.45
2025-05-14 19:00:00,105.8036634784684,132.59
2025-05-14 20:00:00,103.35406433705252,109.08
2025-05-14 21:00:00,98.22129346317344,99.86
2025-05-14 22:00:00,97.07137775031275,98.06
2025-05-14 23:00:00,97.07137775031289,89.88
2025-05-15 00:00:00,96.27261728008644,87.8
2025-05-15 01:00:00,96.27261728008705,87.63
2025-05-15 02:00:00,97.85956206066761,90.28
2025-05-15 03:00:00,98.22129346317294,98.94
2025-05-15 04:00:00,101.03756054392369,119.9
2025-05-15 05:00:00,109.08272909838344,119.91
2025-05-15 06:00:00,109.29133902852477,102.06
2025-05-15 07:00:00,103.95992140212851,75.65
2025-05-15 08:00:00,98.22129346317323,4.58
2025-05-15 09:00:00,89.71074390243922,-0.08
2025-05-15 10:00:00,84.02405323127718,-4.97
2025-05-15 11:00:00,59.3979200049699,-14.76
2025-05-15 12:00:00,29.242893911564327,-14.25
2025-05-15 13:00:00,21.81615324888372,-6.62
2025-05-15 14:00:00,29.361681558581026,-0.6
2025-05-15 15:00:00,63.043511821730704,3.83
2025-05-15 16:00:00,81.86080139670754,76.11
2025-05-15 17:00:00,97.07137775031438,108.97
2025-05-15 18:00:00,103.43151723436054,130.74
2025-05-15 19:00:00,106.40361319798575,125.13
2025-05-15 20:00:00,106.76862486653667,110.49
2025-05-15 21:00:00,100.66654331475107,101.0
2025-05-15 22:00:00,98.22129346317439,94.5
2025-05-15 23:00:00,97.85956206066591,88.47
2025-05-16 00:00:00,98.22129346317395,84.91
2025-05-16 01:00:00,99.27364890967075,85.0
2025-05-16 02:00:00,99.88260639866783,88.76
2025-05-16 03:00:00,100.61690625000075,98.26
2025-05-16 04:00:00,107.14837644051936,113.18
2025-05-16 05:00:00,109.38392916555073,117.6
2025-05-16 06:00:00,109.34946641041414,106.66
2025-05-16 07:00:00,108.9692896072292,78.99
2025-05-16 08:00:00,100.61690625000168,11.11
2025-05-16 09:00:00,97.51674182631092,-0.01
2025-05-16 10:00:00,97.0713777503127,-3.15
2025-05-16 11:00:00,93.26951408771875,-1.97
2025-05-16 12:00:00,81.47999630646686,-1.55
2025-05-16 13:00:00,81.47999630646686,-0.01
2025-05-16 14:00:00,81.82010120766354,2.98
2025-05-16 15:00:00,96.27261728008679,69.79
2025-05-16 16:00:00,97.85956206066568,100.05
2025-05-16 17:00:00,99.27364890966949,111.81
2025-05-16 18:00:00,104.49788854480101,154.91
2025-05-16 19:00:00,107.14837644051806,143.23
2025-05-16 20:00:00,105.81010052878518,116.08
2025-05-16 21:00:00,102.87351485914238,102.08
2025-05-16 22:00:00,98.22129346317305,93.0
2025-05-16 23:00:00,97.85956206066554,93.48
2025-05-17 00:00:00,97.07137775031275,88.93
2025-05-17 01:00:00,96.78446479854084,88.9
2025-05-17 02:00:00,96.27261728008668,89.89
2025-05-17 03:00:00,96.27261728008688,93.46
2025-05-17 04:00:00,96.77267825951682,91.56
2025-05-17 05:00:00,97.07137775031282,89.85
2025-05-17 06:00:00,100.61690625000001,59.11
2025-05-17 07:00:00,98.51734419859744,0.86
2025-05-17 08:00:00,96.27261728008688,-0.06
2025-05-17 09:00:00,81.86080139670653,-4.49
2025-05-17 10:00:00,70.5215695709771,-4.96
2025-05-17 11:00:00,64.33520881188558,-10.02
2025-05-17 12:00:00,64.33520881188583,-11.27
2025-05-17 13:00:00,64.33520881188568,-5.8
2025-05-17 14:00:00,62.05211191141071,-0.8
2025-05-17 15:00:00,73.33440804043948,5.01
2025-05-17 16:00:00,94.89807381401175,78.77
2025-05-17 17:00:00,97.07137775031295,99.64
2025-05-17 18:00:00,102.98245388539452,121.38
2025-05-17 19:00:00,105.48696711623346,130.21
2025-05-17 20:00:00,107.54208082415613,129.9
2025-05-17 21:00:00,107.148376440518,111.6
2025-05-17 22:00:00,104.09023261289896,106.73
2025-05-17 23:00:00,99.27364890966977,101.49
2025-05-18 00:00:00,98.22129346317291,98.57
2025-05-18 01:00:00,97.85956206066602,97.4
2025-05-18 02:00:00,97.85956206066602,98.41
2025-05-18 03:00:00,97.85956206066597,97.98
2025-05-18 04:00:00,97.85956206066568,91.3
2025-05-18 05:00:00,98.22129346317351,87.16
2025-05-18 06:00:00,99.27364890966965,67.86
2025-05-18 07:00:00,101.51638434655803,10.1
2025-05-18 08:00:00,98.22129346317323,0.0
2025-05-18 09:00:00,96.27261728008702,-0.2
2025-05-18 10:00:00,96.27261728008656,-2.0
2025-05-18 11:00:00,79.25755237037131,-7.37
2025-05-18 12:00:00,64.33473064792895,-15.0
2025-05-18 13:00:00,64.33473064792916,-8.97
2025-05-18 14:00:00,64.33473064792933,-0.2
2025-05-18 15:00:00,87.37816687284707,9.67
2025-05-18 16:00:00,96.27261728008719,91.38
2025-05-18 17:00:00,99.26650373469525,108.4
2025-05-18 18:00:00,109.08899116950255,125.17
2025-05-18 19:00:00,109.21622342794252,130.47
2025-05-18 20:00:00,109.20787542806407,118.41
2025-05-18 21:00:00,108.40715012833995,103.62
2025-05-18 22:00:00,104.09268795462556,110.48
2025-05-18 23:00:00,100.61690624999973,102.62
2025-05-19 00:00:00,100.6665433147499,96.1
2025-05-19 01:00:00,101.8864082981354,92.95
2025-05-19 02:00:00,102.29535138579935,98.03
2025-05-19 03:00:00,107.14837644051822,109.39
2025-05-19 04:00:00,109.4722472529534,131.22
2025-05-19 05:00:00,109.37871816166353,137.22
2025-05-19 06:00:00,109.35856140350914,113.41
2025-05-19 07:00:00,109.35856140350897,93.69
2025-05-19 08:00:00,109.3000997736585,69.59
2025-05-19 09:00:00,108.44330440860055,28.56
2025-05-19 10:00:00,102.23733411417741,12.77
2025-05-19 11:00:00,100.61690625000004,5.0
2025-05-19 12:00:00,100.61690625000013,8.0
2025-05-19 13:00:00,100.61690624999991,28.15
2025-05-19 14:00:00,100.61690625000013,72.98
2025-05-19 15:00:00,107.63806621004562,97.09
2025-05-19 16:00:00,108.70101627875934,114.49
2025-05-19 17:00:00,109.3607703912593,148.45
2025-05-19 18:00:00,109.5297163793945,229.11
2025-05-19 19:00:00,109.39379841609477,154.86
2025-05-19 20:00:00,109.3419014418296,126.81
2025-05-19 21:00:00,109.31773453735919,111.88
2025-05-19 22:00:00,108.94589657010117,114.95
2025-05-19 23:00:00,107.1483764405181,106.03
2025-05-20 00:00:00,107.14837644051815,102.5
2025-05-20 01:00:00,107.14837644051816,104.04
2025-05-20 02:00:00,110.14309855314367,109.14
2025-05-20 03:00:00,109.40690822700152,118.96
2025-05-20 04:00:00,109.47768436005553,143.21
2025-05-20 05:00:00,109.62336090131646,130.81
2025-05-20 06:00:00,109.41966817986858,100.0
2025-05-20 07:00:00,109.37503829139438,85.2
2025-05-20 08:00:00,109.23011219402201,61.58
2025-05-20 09:00:00,101.82721649298101,15.95
2025-05-20 10:00:00,100.61690625000008,0.17
2025-05-20 11:00:00,98.22129346317304,0.01
2025-05-20 12:00:00,98.221293463173,0.09
2025-05-20 13:00:00,98.22129346317298,7.61
2025-05-20 14:00:00,98.22129346317294,67.87
2025-05-20 15:00:00,100.61690625000007,97.15
2025-05-20 16:00:00,107.14837644051815,111.79
2025-05-20 17:00:00,109.34714974826758,141.23
2025-05-20 18:00:00,109.39368019354345,192.25
2025-05-20 19:00:00,109.39379841609392,148.97
2025-05-20 20:00:00,109.3585614035088,120.0
2025-05-20 21:00:00,109.34078148356762,107.93
2025-05-20 22:00:00,108.5857409340801,107.93
2025-05-20 23:00:00,107.14837644051816,102.33
2025-05-21 00:00:00,104.82229435512144,97.9
2025-05-21 01:00:00,102.43885155593811,94.9
2025-05-21 02:00:00,102.9681999426385,93.7
2025-05-21 03:00:00,105.97820971303946,102.49
2025-05-21 04:00:00,109.16592401196887,112.48
2025-05-21 05:00:00,109.34982613720344,116.54
2025-05-21 06:00:00,109.35856140350867,107.82
2025-05-21 07:00:00,109.07381165615921,84.82
2025-05-21 08:00:00,101.81952728885814,42.22
2025-05-21 09:00:00,98.22129346317305,0.15
2025-05-21 10:00:00,87.86051344871201,-0.1
2025-05-21 11:00:00,64.2546825584639,-2.2
2025-05-21 12:00:00,59.397920004970324,-1.53
2025-05-21 13:00:00,60.82076131577001,-0.01
2025-05-21 14:00:00,63.96050708003881,2.06
2025-05-21 15:00:00,81.53086535698594,49.08
2025-05-21 16:00:00,94.87131662251775,86.32
2025-05-21 17:00:00,100.66654331474969,100.1
2025-05-21 18:00:00,107.14837644051781,114.35
2025-05-21 19:00:00,107.37348942040859,110.27
2025-05-21 20:00:00,107.1483764405177,100.72
2025-05-21 21:00:00,102.69791979006514,90.0
2025-05-21 22:00:00,100.61690624999963,98.54
2025-05-21 23:00:00,97.85956206066504,88.28
2025-05-22 00:00:00,96.27261728008646,83.65
2025-05-22 01:00:00,94.87131662251757,81.5
2025-05-22 02:00:00,94.92620944558854,83.34
2025-05-22 03:00:00,96.27261728008634,90.0
2025-05-22 04:00:00,98.22129346317269,107.67
2025-05-22 05:00:00,102.92613337441635,106.01
2025-05-22 06:00:00,102.03579214624342,98.16
2025-05-22 07:00:00,100.61690624999964,54.54
2025-05-22 08:00:00,97.85956206066523,1.66
2025-05-22 09:00:00,68.8029405357423,0.01
2025-05-22 10:00:00,69.99796632245616,-1.91
2025-05-22 11:00:00,55.46224800669557,-12.77
2025-05-22 12:00:00,35.930899999999575,-15.4
2025-05-22 13:00:00,22.00201462243589,-10.9
2025-05-22 14:00:00,21.711591194135032,-2.99
2025-05-22 15:00:00,37.79244678751648,-0.01
2025-05-22 16:00:00,64.40742859688481,50.0
2025-05-22 17:00:00,97.07137775031222,106.84
2025-05-22 18:00:00,102.40662549792124,115.0
2025-05-22 19:00:00,108.76781720155454,127.25
2025-05-22 20:00:00,109.08148557321705,117.48
2025-05-22 21:00:00,108.7023649938253,103.23
2025-05-22 22:00:00,107.14837644051778,101.1
2025-05-22 23:00:00,102.78735994616463,93.16
2025-05-23 00:00:00,100.66654331474903,87.12
2025-05-23 01:00:00,98.2334908319508,86.56
2025-05-23 02:00:00,98.2004540114452,93.08
2025-05-23 03:00:00,100.61690624999937,106.82
2025-05-23 04:00:00,108.25566119151331,128.49
2025-05-23 05:00:00,109.34438281436164,132.8
2025-05-23 06:00:00,109.35856140350876,114.67
2025-05-23 07:00:00,109.34338013681204,85.9
2025-05-23 08:00:00,108.71150150078687,70.0
2025-05-23 09:00:00,102.3979005898275,54.05
2025-05-23 10:00:00,97.85956206066547,13.44
2025-05-23 11:00:00,96.27261728008662,0.62
2025-05-23 12:00:00,72.6768687072486,0.0
2025-05-23 13:00:00,72.93668674728261,0.0
2025-05-23 14:00:00,73.43733843012188,25.33
2025-05-23 15:00:00,81.860801396706,71.91
2025-05-23 16:00:00,96.27261728008654,97.6
2025-05-23 17:00:00,102.51934112235406,114.36
2025-05-23 18:00:00,108.94279594190881,130.47
2025-05-23 19:00:00,109.25613079617636,139.29
2025-05-23 20:00:00,109.24911746986774,126.93
2025-05-23 21:00:00,107.14837644051806,108.0
2025-05-23 22:00:00,100.66654331474975,98.99
2025-05-23 23:00:00,98.2212934631721,94.76
2025-05-24 00:00:00,97.85956206066481,88.74
2025-05-24 01:00:00,97.07137775031175,84.22
2025-05-24 02:00:00,97.0713777503117,82.93
2025-05-24 03:00:00,97.0713777503117,80.71
2025-05-24 04:00:00,98.22129346317212,82.07
2025-05-24 05:00:00,99.17430446495023,76.9
2025-05-24 06:00:00,98.22129346317227,62.09
2025-05-24 07:00:00,97.85956206066453,12.26
2025-05-24 08:00:00,96.27261728008575,-0.01
2025-05-24 09:00:00,87.86051344871129,-0.11
2025-05-24 10:00:00,81.86080139670572,-0.15
2025-05-24 11:00:00,64.33520881188417,-0.19
2025-05-24 12:00:00,64.33520881188436,-0.39
2025-05-24 13:00:00,64.33473064792693,-1.77
2025-05-24 14:00:00,70.4946261360601,-0.39
2025-05-24 15:00:00,80.42077357405469,48.67
2025-05-24 16:00:00,94.87131662251706,85.34
2025-05-24 17:00:00,97.07137775031184,109.08
2025-05-24 18:00:00,97.07137775031191,111.0
2025-05-24 19:00:00,97.07137775031201,107.92
2025-05-24 20:00:00,96.27261728008605,92.06
2025-05-24 21:00:00,92.54273178553188,79.67
2025-05-24 22:00:00,81.8608013967058,23.82
2025-05-24 23:00:00,72.14235813972978,22.9
2025-05-25 00:00:00,66.72120081207436,14.39
2025-05-25 01:00:00,63.315570068563765,8.38
2025-05-25 02:00:00,63.3155700685637,3.9
2025-05-25 03:00:00,63.07961129939643,2.11
2025-05-25 04:00:00,71.9756843365901,1.17
2025-05-25 05:00:00,87.86051344871086,1.21
2025-05-25 06:00:00,87.86051344871092,0.03
2025-05-25 07:00:00,81.86080139670538,0.0
2025-05-25 08:00:00,35.9308999999994,-0.61
2025-05-25 09:00:00,35.92226282709056,-0.6
2025-05-25 10:00:00,64.27102057216885,-0.25
2025-05-25 11:00:00,35.92704874489479,-3.19
2025-05-25 12:00:00,24.358946879138387,-5.05
2025-05-25 13:00:00,28.333862358811203,-4.95
2025-05-25 14:00:00,35.93089999999938,-1.37
2025-05-25 15:00:00,67.8132335861282,0.0
2025-05-25 16:00:00,81.86080139670646,11.72
2025-05-25 17:00:00,96.59096673769793,92.95
2025-05-25 18:00:00,97.85956206066552,100.0
2025-05-25 19:00:00,99.27364890966946,107.41
2025-05-25 20:00:00,99.27364890966953,102.23
2025-05-25 21:00:00,98.22129346317297,92.92
2025-05-25 22:00:00,98.22129346317287,88.13
2025-05-25 23:00:00,98.22129346317297,79.12
2025-05-26 00:00:00,97.85956206066545,73.21
2025-05-26 01:00:00,97.85956206066552,71.83
2025-05-26 02:00:00,97.8595620606655,76.7
2025-05-26 03:00:00,97.85956206066544,85.48
2025-05-26 04:00:00,100.61690624999994,116.2
2025-05-26 05:00:00,106.0352536846373,143.17
2025-05-26 06:00:00,106.09795849689311,129.91
2025-05-26 07:00:00,105.98207785460497,91.41
2025-05-26 08:00:00,100.61690624999993,16.17
2025-05-26 09:00:00,97.85956206066543,0.05
2025-05-26 10:00:00,97.85956206066548,-0.42
2025-05-26 11:00:00,96.27261728008678,-1.45
2025-05-26 12:00:00,64.43293656403884,-1.18
2025-05-26 13:00:00,64.43293656403884,-0.82
2025-05-26 14:00:00,70.52641330995661,0.0
2025-05-26 15:00:00,94.87131662251781,17.65
2025-05-26 16:00:00,97.07137775031255,95.76
2025-05-26 17:00:00,100.61690624999972,119.33
2025-05-26 18:00:00,105.97998061064477,169.87
2025-05-26 19:00:00,106.72730318846452,161.57
2025-05-26 20:00:00,106.23067490372401,119.38
2025-05-26 21:00:00,100.66654331474939,98.86
2025-05-26 22:00:00,98.2212934631729,88.51
2025-05-26 23:00:00,97.85956206066518,73.92
2025-05-27 00:00:00,96.87153995563396,62.02
2025-05-27 01:00:00,96.27261728008637,61.98
2025-05-27 02:00:00,96.27261728008637,67.7
2025-05-27 03:00:00,96.27261728008651,62.2
2025-05-27 04:00:00,97.07137775031228,67.7
2025-05-27 05:00:00,97.85956206066527,73.9
2025-05-27 06:00:00,97.07137775031259,68.63
2025-05-27 07:00:00,96.27261728008664,50.17
2025-05-27 08:00:00,81.8608013967062,4.26
2025-05-27 09:00:00,31.823538853309863,3.19
2025-05-27 10:00:00,60.59660763737414,0.03
2025-05-27 11:00:00,35.930899999999966,0.02
2025-05-27 12:00:00,60.53970756290896,0.09
2025-05-27 13:00:00,64.51177036336277,3.14
2025-05-27 14:00:00,71.70481697144662,55.17
2025-05-27 15:00:00,96.27261728008645,84.55
2025-05-27 16:00:00,97.85956206066545,103.0
2025-05-27 17:00:00,100.61690624999981,122.64
2025-05-27 18:00:00,100.66654331474959,137.6
2025-05-27 19:00:00,100.61690624999981,111.16
2025-05-27 20:00:00,99.27364890966939,100.34
2025-05-27 21:00:00,96.27261728008698,82.41
2025-05-27 22:00:00,87.86051344871225,76.43
2025-05-27 23:00:00,72.988488291884,69.01
2025-05-28 00:00:00,66.72120081207413,67.39
2025-05-28 01:00:00,66.72120081207399,61.01
2025-05-28 02:00:00,64.17421458149508,65.19
2025-05-28 03:00:00,73.74301770534333,72.52
2025-05-28 04:00:00,96.27261728008638,92.85
2025-05-28 05:00:00,97.07137775031245,100.09
2025-05-28 06:00:00,99.27364890966952,95.0
2025-05-28 07:00:00,98.22129346317259,90.0
2025-05-28 08:00:00,98.22129346317291,76.48
2025-05-28 09:00:00,99.27364890966908,71.46
2025-05-28 10:00:00,100.6169062499998,65.67
2025-05-28 11:00:00,98.22129346317281,58.03
2025-05-28 12:00:00,97.85956206066534,53.21
2025-05-28 13:00:00,97.07137775031212,42.1
2025-05-28 14:00:00,97.07137775031197,67.28
2025-05-28 15:00:00,97.04694163537687,83.7
2025-05-28 16:00:00,98.22129346317297,94.99
2025-05-28 17:00:00,101.71411260925613,114.83
2025-05-28 18:00:00,108.29976993073319,134.83
2025-05-28 19:00:00,109.08312827563043,139.91
2025-05-28 20:00:00,109.35856140350879,124.29
2025-05-28 21:00:00,109.07063700903848,104.27
2025-05-28 22:00:00,108.24053154079891,99.13
2025-05-28 23:00:00,102.97899737716631,94.8
2025-05-29 00:00:00,98.2212934631728,92.06
2025-05-29 01:00:00,99.04372875308489,91.55
2025-05-29 02:00:00,99.11177047458874,91.54
2025-05-29 03:00:00,99.27364890966932,91.36
2025-05-29 04:00:00,100.66654331474956,89.46
2025-05-29 05:00:00,103.91698162303436,86.49
2025-05-29 06:00:00,103.53937444355692,82.95
2025-05-29 07:00:00,101.04184134818901,62.83
2025-05-29 08:00:00,100.25223244755374,19.93
2025-05-29 09:00:00,97.8595620606652,1.71
2025-05-29 10:00:00,97.07137775031252,0.03
2025-05-29 11:00:00,94.87131662251791,-1.68
2025-05-29 12:00:00,64.38648271550232,-1.99
2025-05-29 13:00:00,81.67000276243085,-1.98
2025-05-29 14:00:00,89.71074390243876,-1.09
2025-05-29 15:00:00,96.27261728008641,23.13
2025-05-29 16:00:00,96.39553421973434,65.5
2025-05-29 17:00:00,97.85956206066568,80.2
2025-05-29 18:00:00,97.8595620606652,77.17
2025-05-29 19:00:00,97.85956206066545,73.73
2025-05-29 20:00:00,97.85956206066584,76.66
2025-05-29 21:00:00,96.27261728008689,57.5
2025-05-29 22:00:00,65.81869515247692,45.42
2025-05-29 23:00:00,56.06032810679202,25.67
2025-05-30 00:00:00,35.930899999999504,32.99
2025-05-30 01:00:00,35.93089999999964,33.95
2025-05-30 02:00:00,66.72120081207613,37.39
2025-05-30 03:00:00,87.86051344871187,55.08
2025-05-30 04:00:00,96.2726172800864,69.73
2025-05-30 05:00:00,97.07137775031215,68.38
2025-05-30 06:00:00,97.07137775031228,53.01
2025-05-30 07:00:00,96.27261728008628,29.13
2025-05-30 08:00:00,81.86080139670648,1.83
2025-05-30 09:00:00,35.93089999999982,-0.02
2025-05-30 10:00:00,59.45425769011423,-1.01
2025-05-30 11:00:00,34.40751087654711,-3.1
2025-05-30 12:00:00,20.574138208944458,-3.0
2025-05-30 13:00:00,20.967871810237476,-1.34
2025-05-30 14:00:00,35.9308999999997,-0.04
2025-05-30 15:00:00,68.75776455820841,5.88
2025-05-30 16:00:00,98.22129346317305,73.52
2025-05-30 17:00:00,106.26592570998486,111.84
2025-05-30 18:00:00,109.35856140350874,136.95
2025-05-30 19:00:00,109.35856140350921,145.89
2025-05-30 20:00:00,109.35856140350879,130.19
2025-05-30 21:00:00,109.35856140350907,108.15
2025-05-30 22:00:00,109.1022214342657,107.0
2025-05-30 23:00:00,108.72103954519812,99.94
2025-05-31 00:00:00,108.64274181686217,98.75
2025-05-31 01:00:00,107.14837644051813,99.07
2025-05-31 02:00:00,106.59175735261223,99.91
2025-05-31 03:00:00,106.59044218403692,98.29
2025-05-31 04:00:00,106.61932698803506,94.79
2025-05-31 05:00:00,108.40587828555162,84.61
2025-05-31 06:00:00,108.5737068184186,55.0
2025-05-31 07:00:00,107.1483764405182,1.0
2025-05-31 08:00:00,100.66654331474987,-0.02
2025-05-31 09:00:00,98.22129346317327,-1.0
2025-05-31 10:00:00,97.8595620606654,-3.07
2025-05-31 11:00:00,97.07137775031302,-13.17
2025-05-31 12:00:00,96.27261728008666,-7.75
2025-05-31 13:00:00,96.27261728008716,-3.0
2025-05-31 14:00:00,98.22129346317311,-0.05
2025-05-31 15:00:00,99.27364890966965,41.4
2025-05-31 16:00:00,106.97482607344052,88.85
2025-05-31 17:00:00,108.88409907436949,131.41
2025-05-31 18:00:00,109.32082995056841,192.35
2025-05-31 19:00:00,109.46290030602198,192.37
2025-05-31 20:00:00,110.2382014743607,133.49
2025-05-31 21:00:00,107.14837644051825,102.06
2025-05-31 22:00:00,100.61690625000007,92.53
2025-05-31 23:00:00,98.84659940221249,85.22
2025-06-01 00:00:00,97.8595620606658,77.13
2025-06-01 01:00:00,97.49673184704423,74.09
2025-06-01 02:00:00,97.07137775031461,72.66
2025-06-01 03:00:00,96.9330806567599,66.11
2025-06-01 04:00:00,96.9330806567599,35.84
2025-06-01 05:00:00,97.071377750313,13.0
2025-06-01 06:00:00,98.22129346317313,2.4
2025-06-01 07:00:00,98.22129346317321,-0.01
2025-06-01 08:00:00,97.07137775031273,-0.6
2025-06-01 09:00:00,96.27261728008679,-2.11
2025-06-01 10:00:00,96.27261728008692,-5.48
2025-06-01 11:00:00,64.43293656403527,-12.93
2025-06-01 12:00:00,45.09693753330307,-20.41
2025-06-01 13:00:00,35.93090000000016,-15.61
2025-06-01 14:00:00,64.43293656403578,-6.0
2025-06-01 15:00:00,71.55352569804614,-0.99
2025-06-01 16:00:00,96.27261728008692,19.23
2025-06-01 17:00:00,97.07137775031265,78.85
2025-06-01 18:00:00,98.22129346317314,93.66
2025-06-01 19:00:00,99.58838192496093,106.86
2025-06-01 20:00:00,100.6169062499998,105.93
2025-06-01 21:00:00,99.27364890966979,90.49
2025-06-01 22:00:00,98.22129346317324,81.76
2025-06-01 23:00:00,97.85956206066575,75.31
2025-06-02 00:00:00,97.07137775031313,75.0
2025-06-02 01:00:00,97.7065948590632,77.75
2025-06-02 02:00:00,98.22129346317327,83.05
2025-06-02 03:00:00,99.27364890967006,91.93
2025-06-02 04:00:00,106.20351755720677,108.15
2025-06-02 05:00:00,109.35018063955972,117.9
2025-06-02 06:00:00,109.35704988643232,102.36
2025-06-02 07:00:00,109.35704268839163,85.6
2025-06-02 08:00:00,109.30200344843404,57.47
2025-06-02 09:00:00,108.71110058665268,33.21
2025-06-02 10:00:00,107.93291206807064,20.0
2025-06-02 11:00:00,98.22129346317297,12.78
2025-06-02 12:00:00,97.85956206066554,11.0
2025-06-02 13:00:00,97.85956206066557,19.75
2025-06-02 14:00:00,98.78778736687299,55.84
2025-06-02 15:00:00,100.66654331474969,82.8
2025-06-02 16:00:00,109.17727116122296,94.95
2025-06-02 17:00:00,109.41218666564922,109.32
2025-06-02 18:00:00,110.7032651240524,195.91
2025-06-02 19:00:00,110.70326512405245,245.37
2025-06-02 20:00:00,110.70326512405259,141.66
2025-06-02 21:00:00,109.36357656950608,110.04
2025-06-02 22:00:00,109.4506205981561,111.49
2025-06-02 23:00:00,107.13284956378192,109.91
2025-06-03 00:00:00,106.01567321514167,102.02
2025-06-03 01:00:00,105.8179257659391,99.23
2025-06-03 02:00:00,105.28307475384864,94.89
2025-06-03 03:00:00,105.45179256242697,107.6
2025-06-03 04:00:00,106.18597572916042,130.76
2025-06-03 05:00:00,106.83524348170344,116.85
2025-06-03 06:00:00,109.19424932690947,85.98
2025-06-03 07:00:00,108.46962141776208,59.46
2025-06-03 08:00:00,100.28163767939695,2.0
2025-06-03 09:00:00,97.07137775031245,-0.05
2025-06-03 10:00:00,96.27261728008651,-1.01
2025-06-03 11:00:00,87.86051344871197,-3.0
2025-06-03 12:00:00,81.86080139670628,-4.32
2025-06-03 13:00:00,87.86051344871188,-1.33
2025-06-03 14:00:00,95.2333244918509,0.0
2025-06-03 15:00:00,97.07137775031308,66.0
2025-06-03 16:00:00,98.221293463173,87.79
2025-06-03 17:00:00,105.460259661402,109.41
2025-06-03 18:00:00,106.79176626886883,132.9
2025-06-03 19:00:00,106.7958977817419,112.29
2025-06-03 20:00:00,106.06740564404853,106.12
2025-06-03 21:00:00,98.22129346317297,95.49
2025-06-03 22:00:00,96.37189082538711,74.95
2025-06-03 23:00:00,96.27261728008676,67.25
2025-06-04 00:00:00,95.20816867571753,64.78
2025-06-04 01:00:00,96.2726172800868,65.0
2025-06-04 02:00:00,96.27261728008679,68.32
2025-06-04 03:00:00,96.36482920678822,80.32
2025-06-04 04:00:00,100.61690625000001,99.77
2025-06-04 05:00:00,107.09846374366276,113.74
2025-06-04 06:00:00,109.1173161969121,112.4
2025-06-04 07:00:00,107.14837644051812,79.08
2025-06-04 08:00:00,100.61690625,72.4
2025-06-04 09:00:00,98.22129346317297,48.36
2025-06-04 10:00:00,97.85956206066555,20.12
2025-06-04 11:00:00,96.27261728008685,9.69
2025-06-04 12:00:00,94.87131662251795,18.26
2025-06-04 13:00:00,87.8605134487121,43.35
2025-06-04 14:00:00,96.27261728008668,72.4
2025-06-04 15:00:00,98.221293463173,91.45
2025-06-04 16:00:00,103.86787344465482,108.91
2025-06-04 17:00:00,109.17466866676006,145.98
2025-06-04 18:00:00,109.28228258523744,192.85
2025-06-04 19:00:00,109.29616409330347,138.82
2025-06-04 20:00:00,109.30445390461338,112.43
2025-06-04 21:00:00,109.13123075514535,94.08
2025-06-04 22:00:00,105.8686217848172,97.67
2025-06-04 23:00:00,100.66654331474868,92.7
2025-06-05 00:00:00,100.61690625000003,86.84
2025-06-05 01:00:00,99.27364890966933,86.1
2025-06-05 02:00:00,99.27364890966933,87.01
2025-06-05 03:00:00,99.2736489096686,88.09
2025-06-05 04:00:00,102.70301884586326,113.78
2025-06-05 05:00:00,107.14837644051786,129.03
2025-06-05 06:00:00,107.27173242158318,116.6
2025-06-05 07:00:00,103.00351888556551,83.03
2025-06-05 08:00:00,98.36320084583292,66.0
2025-06-05 09:00:00,97.07137775031285,46.18
2025-06-05 10:00:00,96.27261728008696,20.0
2025-06-05 11:00:00,95.21429783190811,11.03
2025-06-05 12:00:00,87.86051344871274,7.07
2025-06-05 13:00:00,87.86051344871153,19.87
2025-06-05 14:00:00,96.2726172800874,57.5
2025-06-05 15:00:00,96.2726172800871,81.08
2025-06-05 16:00:00,97.07137775031208,100.94
2025-06-05 17:00:00,100.61690624999918,112.19
2025-06-05 18:00:00,102.45486945968081,136.4
2025-06-05 19:00:00,102.44683911094327,106.95
2025-06-05 20:00:00,100.61690624999952,96.37
2025-06-05 21:00:00,97.07137775031123,81.36
2025-06-05 22:00:00,92.59607594053199,76.29
2025-06-05 23:00:00,81.86080139670673,66.12
2025-06-06 00:00:00,73.74301770534407,60.86
2025-06-06 01:00:00,37.22267218360568,55.27
2025-06-06 02:00:00,35.93090000000054,52.78
2025-06-06 03:00:00,25.043403087128333,63.7
2025-06-06 04:00:00,35.93089999999986,67.02
2025-06-06 05:00:00,38.121363098208725,74.43
2025-06-06 06:00:00,62.06145141102896,59.61
2025-06-06 07:00:00,41.907158724370696,3.94
2025-06-06 08:00:00,19.979914529916442,-0.01
2025-06-06 09:00:00,11.274866550763178,-0.27
2025-06-06 10:00:00,21.81573170256614,-2.07
2025-06-06 11:00:00,19.9799145299148,-4.93
2025-06-06 12:00:00,-3.5439509055743486,-5.06
2025-06-06 13:00:00,-3.4489937280307146,-4.96
2025-06-06 14:00:00,4.973799150320701e-14,-1.0
2025-06-06 15:00:00,19.9799145299135,0.0
2025-06-06 16:00:00,66.25274974046297,50.47
2025-06-06 17:00:00,97.07137775031373,84.19
2025-06-06 18:00:00,103.37528557444888,112.57
2025-06-06 19:00:00,107.57138217833332,129.29
2025-06-06 20:00:00,109.10759209916586,125.72
2025-06-06 21:00:00,107.63548398940611,103.24
2025-06-06 22:00:00,104.09329557251371,87.61
2025-06-06 23:00:00,98.29221307599909,83.5
2025-06-07 00:00:00,98.22129346317297,78.02
2025-06-07 01:00:00,98.22129346317178,81.89
2025-06-07 02:00:00,98.2212934631729,82.27
2025-06-07 03:00:00,98.22129346317175,81.99
2025-06-07 04:00:00,99.27364890966884,85.47
2025-06-07 05:00:00,100.61690624999859,86.74
2025-06-07 06:00:00,100.7657810486444,79.86
2025-06-07 07:00:00,101.40730618081473,65.3
2025-06-07 08:00:00,100.61690625000014,30.53
2025-06-07 09:00:00,98.22129346317308,9.44
2025-06-07 10:00:00,97.85956206066555,1.19
2025-06-07 11:00:00,94.87131662251635,-0.01
2025-06-07 12:00:00,71.56020180785922,-0.02
2025-06-07 13:00:00,71.56020180785922,-0.02
2025-06-07 14:00:00,71.72939787205452,-0.87
2025-06-07 15:00:00,73.43733843012173,26.91
2025-06-07 16:00:00,94.90046187477371,70.1
2025-06-07 17:00:00,98.22129346317294,85.01
2025-06-07 18:00:00,99.75240284543776,109.9
2025-06-07 19:00:00,100.66654331474963,110.26
2025-06-07 20:00:00,100.61690624999993,98.01
2025-06-07 21:00:00,99.2736489096694,80.09
2025-06-07 22:00:00,98.22129346317287,93.84
2025-06-07 23:00:00,97.07137775031275,83.0
2025-06-08 00:00:00,96.32871904138185,76.86
2025-06-08 01:00:00,96.27261728008669,69.74
2025-06-08 02:00:00,92.92025227624364,67.02
2025-06-08 03:00:00,81.86080139670645,55.66
2025-06-08 04:00:00,72.98808772127514,39.02
2025-06-08 05:00:00,35.9308999999999,3.71
2025-06-08 06:00:00,33.27456083868485,0.0
2025-06-08 07:00:00,21.70139347055017,-0.5
2025-06-08 08:00:00,19.97991452991444,-2.0
2025-06-08 09:00:00,19.227260409342733,-8.21
2025-06-08 10:00:00,4.850591185987753,-19.92
2025-06-08 11:00:00,-3.719110841521637,-39.98
2025-06-08 12:00:00,-5.000000000000064,-52.56
2025-06-08 13:00:00,-5.000000000000043,-53.06
2025-06-08 14:00:00,-5.0,-38.89
2025-06-08 15:00:00,-5.000000000000121,-16.71
2025-06-08 16:00:00,-5.000000000000043,-0.01
2025-06-08 17:00:00,15.288426025024979,39.65
2025-06-08 18:00:00,35.93089999999991,60.88
2025-06-08 19:00:00,81.86080139670649,69.55
2025-06-08 20:00:00,96.27261728008669,65.07
2025-06-08 21:00:00,92.54273178553241,51.13
2025-06-08 22:00:00,36.718055129558714,4.8
2025-06-08 23:00:00,35.93089999999993,4.15
2025-06-09 00:00:00,35.93090000000004,4.19
2025-06-09 01:00:00,35.93089999999988,4.27
2025-06-09 02:00:00,39.747029145689595,13.42
2025-06-09 03:00:00,76.78675760571443,32.2
2025-06-09 04:00:00,87.86051344871213,44.97
2025-06-09 05:00:00,97.8712484711179,40.04
2025-06-09 06:00:00,100.61690625000004,2.97
2025-06-09 07:00:00,99.2736489096696,-0.62
2025-06-09 08:00:00,97.85956206066577,-1.14
2025-06-09 09:00:00,96.27261728008683,-4.14
2025-06-09 10:00:00,94.87131662251797,-10.0
2025-06-09 11:00:00,64.48564282176697,-19.33
2025-06-09 12:00:00,35.93090000000008,-15.76
2025-06-09 13:00:00,34.69966071755253,-4.5
2025-06-09 14:00:00,61.164847518045846,-1.0
2025-06-09 15:00:00,89.12174847060218,0.09
2025-06-09 16:00:00,97.85956206066565,69.54
2025-06-09 17:00:00,103.35630816056027,117.79
2025-06-09 18:00:00,109.23131651654465,141.4
2025-06-09 19:00:00,109.31005761083796,148.42
2025-06-09 20:00:00,109.28369776782938,126.52
2025-06-09 21:00:00,107.63548398940576,101.19
2025-06-09 22:00:00,98.22129346317321,86.65
2025-06-09 23:00:00,97.85956206066564,78.07
2025-06-10 00:00:00,97.07137775031279,69.66
2025-06-10 01:00:00,96.68263517831208,59.95
2025-06-10 02:00:00,96.68263517831208,54.16
2025-06-10 03:00:00,97.07137775031283,62.18
2025-06-10 04:00:00,99.27364890966969,74.62
2025-06-10 05:00:00,100.61690625000024,82.79
2025-06-10 06:00:00,102.6088645631826,83.17
2025-06-10 07:00:00,99.27364890966969,69.0
2025-06-10 08:00:00,97.07137775031303,22.21
2025-06-10 09:00:00,87.86051344871224,0.1
2025-06-10 10:00:00,87.86051344871221,-0.19
2025-06-10 11:00:00,35.93090000000038,-2.33
2025-06-10 12:00:00,33.10923259860143,-4.26
2025-06-10 13:00:00,35.93090000000002,-1.04
2025-06-10 14:00:00,37.38394827312986,0.03
2025-06-10 15:00:00,81.67000276243107,53.99
2025-06-10 16:00:00,97.0713777503127,69.6
2025-06-10 17:00:00,98.22129346317297,82.08
2025-06-10 18:00:00,98.22129346317304,83.97
2025-06-10 19:00:00,99.27364890966973,91.28
2025-06-10 20:00:00,99.27364890966969,97.94
2025-06-10 21:00:00,98.22129346317328,85.31
2025-06-10 22:00:00,99.27364890966969,73.01
2025-06-10 23:00:00,98.22129346317307,71.38
2025-06-11 00:00:00,98.22129346317304,70.58
2025-06-11 01:00:00,98.22129346317304,69.86
2025-06-11 02:00:00,98.22129346317297,73.59
2025-06-11 03:00:00,100.61690625000008,83.6
2025-06-11 04:00:00,108.74792469455478,101.26
2025-06-11 05:00:00,109.35445959588574,107.8
2025-06-11 06:00:00,109.35815731181884,85.09
2025-06-11 07:00:00,109.25606229817363,66.7
2025-06-11 08:00:00,108.54669571556872,22.98
2025-06-11 09:00:00,106.40379283039897,1.3
2025-06-11 10:00:00,101.21085999056652,-0.36
2025-06-11 11:00:00,97.85956206066543,-0.97
2025-06-11 12:00:00,97.07137775031259,-3.4
2025-06-11 13:00:00,97.07137775031235,-2.4
2025-06-11 14:00:00,97.07137775031248,-0.01
2025-06-11 15:00:00,98.2212934631729,66.47
2025-06-11 16:00:00,103.65581397575886,89.34
2025-06-11 17:00:00,109.32558633346227,132.28
2025-06-11 18:00:00,109.35971321159677,217.0
2025-06-11 19:00:00,109.34254034811966,180.0
2025-06-11 20:00:00,109.2816466667614,119.34
2025-06-11 21:00:00,107.14837644051816,94.07
2025-06-11 22:00:00,100.66654331474973,92.91
2025-06-11 23:00:00,100.61690624999994,87.7
2025-06-12 00:00:00,100.61690624999999,85.43
2025-06-12 01:00:00,99.72594848158644,84.85
2025-06-12 02:00:00,99.27364890966967,89.06
2025-06-12 03:00:00,100.66654331474949,92.0
2025-06-12 04:00:00,104.77583233924666,114.85
2025-06-12 05:00:00,107.0106223014906,104.3
2025-06-12 06:00:00,106.6897882327326,78.86
2025-06-12 07:00:00,107.14837644051805,36.09
2025-06-12 08:00:00,100.66654331474969,0.0
2025-06-12 09:00:00,97.07137775031259,-2.0
2025-06-12 10:00:00,96.99155029541038,-15.91
2025-06-12 11:00:00,87.86051344871215,-27.9
2025-06-12 12:00:00,71.32421269434846,-25.47
2025-06-12 13:00:00,71.70101232822495,-11.57
2025-06-12 14:00:00,81.8608013967064,-2.78
2025-06-12 15:00:00,96.27261728008693,14.9
2025-06-12 16:00:00,98.22129346317303,79.96
2025-06-12 17:00:00,101.78831750951775,112.55
2025-06-12 18:00:00,105.79949011739488,132.0
2025-06-12 19:00:00,100.66654331474987,111.0
2025-06-12 20:00:00,100.61690625000001,105.0
2025-06-12 21:00:00,97.85956206066561,86.9
2025-06-12 22:00:00,96.27261728008683,70.29
2025-06-12 23:00:00,87.86051344871206,55.25
2025-06-13 00:00:00,87.86051344871217,58.61
2025-06-13 01:00:00,87.95737744394242,63.42
2025-06-13 02:00:00,94.66205968140315,63.84
2025-06-13 03:00:00,96.27261728008672,70.71
2025-06-13 04:00:00,99.27364890966976,83.68
2025-06-13 05:00:00,106.3378051078717,87.26
2025-06-13 06:00:00,109.25191908641874,77.39
2025-06-13 07:00:00,107.03706985308204,40.03
2025-06-13 08:00:00,100.61690625000016,4.1
2025-06-13 09:00:00,99.2736489096697,-0.03
2025-06-13 10:00:00,98.22129346317311,-2.05
2025-06-13 11:00:00,93.82283138602526,-6.09
2025-06-13 12:00:00,87.86051344871254,-6.01
2025-06-13 13:00:00,87.86051344871268,-2.38
2025-06-13 14:00:00,92.84907986701594,-0.01
2025-06-13 15:00:00,96.27261728008733,35.9
2025-06-13 16:00:00,100.66654331474966,80.04
2025-06-13 17:00:00,108.46599111877637,108.9
2025-06-13 18:00:00,108.93829261794836,111.19
2025-06-13 19:00:00,106.20572112090795,94.9
2025-06-13 20:00:00,100.66654331474959,90.0
2025-06-13 21:00:00,98.22129346317308,71.3
2025-06-13 22:00:00,98.22129346317313,73.99
2025-06-13 23:00:00,96.27261728008689,71.2
2025-06-14 00:00:00,69.13401076119978,66.15
2025-06-14 01:00:00,73.743017705343,66.88
2025-06-14 02:00:00,73.79364105054694,68.06
2025-06-14 03:00:00,76.71998851682316,64.52
2025-06-14 04:00:00,94.8713166225179,54.68
2025-06-14 05:00:00,96.27261728008662,20.3
2025-06-14 06:00:00,97.07137775031268,7.74
2025-06-14 07:00:00,97.85956206066547,0.0
2025-06-14 08:00:00,96.27261728008669,-2.02
2025-06-14 09:00:00,64.8418758290733,-9.08
2025-06-14 10:00:00,64.48564282176609,-35.72
2025-06-14 11:00:00,34.03368631612275,-38.0
2025-06-14 12:00:00,25.444852775010972,-25.75
2025-06-14 13:00:00,64.4329365640386,-6.7
2025-06-14 14:00:00,71.70481697144652,-0.37
2025-06-14 15:00:00,96.27261728008695,8.86
2025-06-14 16:00:00,98.22129346317341,83.38
2025-06-14 17:00:00,103.9967724511993,121.55
2025-06-14 18:00:00,106.79265563232984,127.27
2025-06-14 19:00:00,106.7051532066273,117.68
2025-06-14 20:00:00,103.2083582884522,121.39
2025-06-14 21:00:00,100.61690624999999,109.0
2025-06-14 22:00:00,98.22129346317297,91.93
2025-06-14 23:00:00,96.27261728008664,88.87
2025-06-15 00:00:00,96.27261728008675,87.23
2025-06-15 01:00:00,96.27261728008665,90.94
2025-06-15 02:00:00,97.07137775031262,91.99
2025-06-15 03:00:00,97.07137775031264,92.15
2025-06-15 04:00:00,97.85956206066567,84.99
2025-06-15 05:00:00,98.221293463173,66.21
2025-06-15 06:00:00,98.22129346317301,53.86
2025-06-15 07:00:00,100.60553792169517,5.55
2025-06-15 08:00:00,98.22129346317288,0.0
2025-06-15 09:00:00,97.8595620606656,-0.02
2025-06-15 10:00:00,97.07137775031268,-1.22
2025-06-15 11:00:00,94.8713166225181,-5.61
2025-06-15 12:00:00,87.86051344871228,-5.0
2025-06-15 13:00:00,87.86051344871235,-2.0
2025-06-15 14:00:00,87.86051344871225,-0.01
2025-06-15 15:00:00,96.27261728008668,54.79
2025-06-15 16:00:00,97.85956206066557,96.43
2025-06-15 17:00:00,99.27364890966949,109.0
2025-06-15 18:00:00,103.24676055314985,114.59
2025-06-15 19:00:00,102.98249836866847,135.43
2025-06-15 20:00:00,106.34574139466561,127.63
2025-06-15 21:00:00,103.2074727269836,106.54
2025-06-15 22:00:00,102.54925987444118,105.72
2025-06-15 23:00:00,98.22129346317335,91.64
2025-06-16 00:00:00,97.07137775031276,86.94
2025-06-16 01:00:00,96.27261728008695,84.0
2025-06-16 02:00:00,96.86342753376226,83.28
2025-06-16 03:00:00,97.65815727091355,88.39
2025-06-16 04:00:00,107.14837644051822,112.43
2025-06-16 05:00:00,109.34124576738856,123.49
2025-06-16 06:00:00,109.36143042650248,108.92
2025-06-16 07:00:00,109.36178785967701,84.49
2025-06-16 08:00:00,109.06861218602853,60.28
2025-06-16 09:00:00,106.95861954637779,14.02
2025-06-16 10:00:00,106.9855336263834,1.62
2025-06-16 11:00:00,100.6169062499999,0.07
2025-06-16 12:00:00,97.85956206066555,0.0
2025-06-16 13:00:00,98.22129346317297,0.0
2025-06-16 14:00:00,98.22129346317297,13.61
2025-06-16 15:00:00,100.66654331474976,70.0
2025-06-16 16:00:00,109.17344561832508,89.24
2025-06-16 17:00:00,109.35464826988871,116.0
2025-06-16 18:00:00,109.4273993084021,186.1
2025-06-16 19:00:00,109.44097910332452,190.0
2025-06-16 20:00:00,109.35856140350856,129.18
2025-06-16 21:00:00,109.36251283659985,106.9
2025-06-16 22:00:00,109.24148736568198,103.98
2025-06-16 23:00:00,101.53606529725162,98.26
2025-06-17 00:00:00,100.6665433147499,94.95
2025-06-17 01:00:00,100.66654331474948,94.19
2025-06-17 02:00:00,103.20350787365662,95.24
2025-06-17 03:00:00,107.14837644051845,102.51
2025-06-17 04:00:00,109.79048835446797,118.76
2025-06-17 05:00:00,109.40665891137488,107.01
2025-06-17 06:00:00,109.37979360090506,98.59
2025-06-17 07:00:00,109.35886764104954,70.74
2025-06-17 08:00:00,109.06242965729528,4.34
2025-06-17 09:00:00,101.8964954860454,-0.61
2025-06-17 10:00:00,100.66654331474942,-0.86
2025-06-17 11:00:00,99.5355227701899,-4.91
2025-06-17 12:00:00,98.22129346317287,-6.2
2025-06-17 13:00:00,97.85956206066498,-2.56
2025-06-17 14:00:00,98.22129346317278,8.65
2025-06-17 15:00:00,102.29204027060588,79.23
2025-06-17 16:00:00,109.22263369919627,103.36
2025-06-17 17:00:00,109.37271371420762,129.08
2025-06-17 18:00:00,109.53684793521074,241.8
2025-06-17 19:00:00,109.53680863112703,241.38
2025-06-17 20:00:00,109.4278200330796,138.19
2025-06-17 21:00:00,109.3585614035113,116.36
2025-06-17 22:00:00,109.35856140351027,113.0
2025-06-17 23:00:00,109.18155911590824,106.8
2025-06-18 00:00:00,108.32504339846996,101.5
2025-06-18 01:00:00,107.14837644051819,95.84
2025-06-18 02:00:00,106.58699304699367,97.01
2025-06-18 03:00:00,108.91395676624582,103.57
2025-06-18 04:00:00,109.34291754325069,112.35
2025-06-18 05:00:00,109.49073055001362,114.9
2025-06-18 06:00:00,109.43941577304312,111.39
2025-06-18 07:00:00,109.3589977134146,78.97
2025-06-18 08:00:00,109.3552887009614,21.77
2025-06-18 09:00:00,108.5455930372609,1.17
2025-06-18 10:00:00,107.3642834105543,-0.23
2025-06-18 11:00:00,101.82873147048593,-1.04
2025-06-18 12:00:00,100.61690624999991,-2.3
2025-06-18 13:00:00,100.18698912092665,-2.17
2025-06-18 14:00:00,100.61690624999983,0.99
2025-06-18 15:00:00,106.36718308882689,74.0
2025-06-18 16:00:00,109.10062473297883,107.15
2025-06-18 17:00:00,109.36696769915345,116.4
2025-06-18 18:00:00,109.45663289929395,140.99
2025-06-18 19:00:00,109.45725438357393,175.32
2025-06-18 20:00:00,109.35690838401653,133.06
2025-06-18 21:00:00,109.35856140350857,115.35
2025-06-18 22:00:00,109.35856140350863,112.2
2025-06-18 23:00:00,109.35856140351221,106.4
2025-06-19 00:00:00,107.96746433238877,105.29
2025-06-19 01:00:00,107.13063293237862,99.51
2025-06-19 02:00:00,101.86834620210247,100.94
2025-06-19 03:00:00,105.42452495623262,95.68
2025-06-19 04:00:00,109.06616130989816,101.51
2025-06-19 05:00:00,109.34312966512915,89.25
2025-06-19 06:00:00,109.21268608130109,71.25
2025-06-19 07:00:00,107.14837644051836,0.86
2025-06-19 08:00:00,100.61690625000003,-1.33
2025-06-19 09:00:00,99.08020147858987,-29.98
2025-06-19 10:00:00,99.01083448253749,-52.21
2025-06-19 11:00:00,97.07137775031309,-65.44
2025-06-19 12:00:00,96.27261728008662,-64.95
2025-06-19 13:00:00,94.87131662251801,-39.79
2025-06-19 14:00:00,96.27261728008673,-4.95
2025-06-19 15:00:00,98.2212934631734,2.3
2025-06-19 16:00:00,100.61690625000037,80.33
2025-06-19 17:00:00,106.30058487867129,118.47
2025-06-19 18:00:00,109.30953647602806,138.85
2025-06-19 19:00:00,109.34722211613953,141.8
2025-06-19 20:00:00,109.34222370172148,129.66
2025-06-19 21:00:00,109.06189178270695,108.89
2025-06-19 22:00:00,107.47215732812897,109.49
2025-06-19 23:00:00,103.54450485848513,104.57
2025-06-20 00:00:00,99.56122798807138,103.24
2025-06-20 01:00:00,99.70166118695131,105.01
2025-06-20 02:00:00,100.49532698094671,104.27
2025-06-20 03:00:00,100.66654331474994,109.04
2025-06-20 04:00:00,109.20418097170021,120.9
2025-06-20 05:00:00,109.34268220052704,118.66
2025-06-20 06:00:00,109.37971945973696,110.98
2025-06-20 07:00:00,109.35829627834849,81.69
2025-06-20 08:00:00,109.0956978792918,15.83
2025-06-20 09:00:00,107.14837644051806,4.03
2025-06-20 10:00:00,102.06432525713512,0.0
2025-06-20 11:00:00,100.66654331474987,-1.0
2025-06-20 12:00:00,100.11148092427744,-0.17
2025-06-20 13:00:00,99.2736489096695,0.91
2025-06-20 14:00:00,100.2457318329548,28.99
2025-06-20 15:00:00,101.89023138347966,87.35
2025-06-20 16:00:00,108.70816710957217,111.01
2025-06-20 17:00:00,109.34765782646532,136.13
2025-06-20 18:00:00,109.4723306385517,201.29
2025-06-20 19:00:00,109.40668330794888,178.63
2025-06-20 20:00:00,109.35856140350812,137.05
2025-06-20 21:00:00,109.35856140345489,121.38
2025-06-20 22:00:00,109.2033814585323,118.52
2025-06-20 23:00:00,106.62037339750809,110.48
2025-06-21 00:00:00,102.70410402382073,108.15
2025-06-21 01:00:00,100.6169062499995,106.76
2025-06-21 02:00:00,99.27364890966977,109.1
2025-06-21 03:00:00,98.68515355993507,104.45
2025-06-21 04:00:00,100.6665433147491,100.71
2025-06-21 05:00:00,106.61965848814211,90.74
2025-06-21 06:00:00,108.63225629871413,75.93
2025-06-21 07:00:00,108.02048917383686,23.4
2025-06-21 08:00:00,102.44057766456629,0.19
2025-06-21 09:00:00,100.66654331474966,-2.01
2025-06-21 10:00:00,97.07137775031264,-13.96
2025-06-21 11:00:00,96.27261728008673,-29.98
2025-06-21 12:00:00,96.27261728008673,-26.31
2025-06-21 13:00:00,94.87131662251784,-4.42
2025-06-21 14:00:00,96.27261728008673,0.09
2025-06-21 15:00:00,98.22129346317296,59.99
2025-06-21 16:00:00,107.72151578194169,100.95
2025-06-21 17:00:00,109.3435154871868,127.9
2025-06-21 18:00:00,109.34291754325065,156.74
2025-06-21 19:00:00,109.36204701615961,165.3
2025-06-21 20:00:00,109.36794776406188,140.78
2025-06-21 21:00:00,109.34981441149245,119.2
2025-06-21 22:00:00,104.10568417004293,108.15
2025-06-21 23:00:00,98.22129346317298,101.07
2025-06-22 00:00:00,97.85956206066547,97.46
2025-06-22 01:00:00,97.07137775031275,92.12
2025-06-22 02:00:00,96.48330038485776,89.69
2025-06-22 03:00:00,96.27261728008665,87.95
2025-06-22 04:00:00,97.07137775031252,71.98
2025-06-22 05:00:00,97.07137775031262,26.44
2025-06-22 06:00:00,97.07137775031241,0.0
2025-06-22 07:00:00,96.74524431225477,-0.09
2025-06-22 08:00:00,96.27261728008688,-11.11
2025-06-22 09:00:00,87.86051344871198,-38.56
2025-06-22 10:00:00,87.86051344871188,-67.41
2025-06-22 11:00:00,64.38648271550247,-99.01
2025-06-22 12:00:00,64.38648271550238,-81.0
2025-06-22 13:00:00,64.38648271550251,-40.09
2025-06-22 14:00:00,64.38648271550251,-7.68
2025-06-22 15:00:00,93.05149697577278,-0.01
2025-06-22 16:00:00,96.92929989707488,69.75
2025-06-22 17:00:00,98.22129346317288,109.33
2025-06-22 18:00:00,100.66654331474994,123.9
2025-06-22 19:00:00,103.67101986783477,134.33
2025-06-22 20:00:00,102.32429443978178,126.32
2025-06-22 21:00:00,99.2736489096696,101.63
2025-06-22 22:00:00,98.22129346317297,70.3
2025-06-22 23:00:00,96.27261728008679,63.8
2025-06-23 00:00:00,95.20816867571746,63.79
2025-06-23 01:00:00,94.92639399593459,64.51
2025-06-23 02:00:00,89.12174847060213,72.5
2025-06-23 03:00:00,94.60452921957263,84.92
2025-06-23 04:00:00,97.07137775031279,89.12
2025-06-23 05:00:00,98.22129346317294,92.24
2025-06-23 06:00:00,98.22129346317301,78.96
2025-06-23 07:00:00,96.2726172800868,18.64
2025-06-23 08:00:00,33.456559789786574,-0.01
2025-06-23 09:00:00,16.569554958641998,-6.11
2025-06-23 10:00:00,19.979914529914613,-12.76
2025-06-23 11:00:00,-4.999999999999875,-26.45
2025-06-23 12:00:00,-4.999999999999905,-32.75
2025-06-23 13:00:00,-4.999999999999891,-32.69
2025-06-23 14:00:00,-4.999999999999889,-25.0
2025-06-23 15:00:00,-4.9999999999999005,-13.11
2025-06-23 16:00:00,-3.347196965529153,-1.01
2025-06-23 17:00:00,19.9799145299146,20.0
2025-06-23 18:00:00,81.86080139670659,83.5
2025-06-23 19:00:00,96.27261728008622,90.0
2025-06-23 20:00:00,97.85956206066511,97.78
2025-06-23 21:00:00,97.07137775031201,89.53
2025-06-23 22:00:00,94.92972428546815,77.08
2025-06-23 23:00:00,87.86051344871147,66.79
2025-06-24 00:00:00,69.13448797761993,63.79
2025-06-24 01:00:00,81.86080139670605,58.12
2025-06-24 02:00:00,81.67000276243097,66.52
2025-06-24 03:00:00,89.121748470602,69.75
2025-06-24 04:00:00,97.51563769165242,88.15
2025-06-24 05:00:00,99.27364890966892,88.02
2025-06-24 06:00:00,98.22129346317213,41.27
2025-06-24 07:00:00,92.54273178553247,-0.01
2025-06-24 08:00:00,26.30779027651717,-4.01
2025-06-24 09:00:00,19.97991452991408,-12.41
2025-06-24 10:00:00,21.087563831111567,-20.09
2025-06-24 11:00:00,19.97991452991339,-22.75
2025-06-24 12:00:00,-3.4519094711268847,-19.27
2025-06-24 13:00:00,-5.000000000001106,-7.56
2025-06-24 14:00:00,-3.295313807543539,-3.06
2025-06-24 15:00:00,19.979914529914264,2.09
2025-06-24 16:00:00,87.86051344871062,61.77
2025-06-24 17:00:00,97.07137775031195,97.25
2025-06-24 18:00:00,98.50018055631081,123.9
2025-06-24 19:00:00,100.61690624999959,122.49
2025-06-24 20:00:00,100.6169062499995,97.41
2025-06-24 21:00:00,98.22129346317197,98.02
2025-06-24 22:00:00,98.22129346317264,78.85
2025-06-24 23:00:00,97.07137775031276,67.63
2025-06-25 00:00:00,96.27261728008628,70.02
2025-06-25 01:00:00,96.27261728008638,69.07
2025-06-25 02:00:00,96.27261728008598,70.01
2025-06-25 03:00:00,97.8595620606656,82.77
2025-06-25 04:00:00,100.6169062499996,105.72
2025-06-25 05:00:00,108.43075516756481,112.36
2025-06-25 06:00:00,108.8825593129658,97.87
2025-06-25 07:00:00,107.14837644051676,70.02
2025-06-25 08:00:00,100.6169062500002,10.07
2025-06-25 09:00:00,99.05087093749768,0.07
2025-06-25 10:00:00,100.61690624999942,-0.02
2025-06-25 11:00:00,98.22129346317223,-0.14
2025-06-25 12:00:00,97.10911538370381,-0.51
2025-06-25 13:00:00,97.07137775031268,0.0
2025-06-25 14:00:00,97.8766134440069,17.84
2025-06-25 15:00:00,100.66654331474977,84.47
2025-06-25 16:00:00,109.29509468636313,105.8
2025-06-25 17:00:00,110.0631732868745,134.19
2025-06-25 18:00:00,113.63949367666075,200.0
2025-06-25 19:00:00,113.6394936766609,247.02
2025-06-25 20:00:00,110.70326512405278,173.62
2025-06-25 21:00:00,109.4572403643212,126.84
2025-06-25 22:00:00,109.3774129539233,119.95
2025-06-25 23:00:00,109.32178723685638,107.63
2025-06-26 00:00:00,109.24496033052323,102.83
2025-06-26 01:00:00,106.70482984428749,98.62
2025-06-26 02:00:00,106.33702144682225,98.79
2025-06-26 03:00:00,107.46050713587144,102.91
2025-06-26 04:00:00,106.90849009949633,119.9
2025-06-26 05:00:00,110.70326512405295,120.91
2025-06-26 06:00:00,110.7032651240531,106.79
2025-06-26 07:00:00,109.30254837075474,96.45
2025-06-26 08:00:00,107.14837644051813,88.95
2025-06-26 09:00:00,100.6665433147486,77.88
2025-06-26 10:00:00,103.64767849517385,70.25
2025-06-26 11:00:00,100.61690625,59.25
2025-06-26 12:00:00,97.85956206066555,51.12
2025-06-26 13:00:00,97.85956206066555,48.99
2025-06-26 14:00:00,96.27261728008675,63.04
2025-06-26 15:00:00,96.27261728008675,70.3
2025-06-26 16:00:00,97.07137775031268,89.23
2025-06-26 17:00:00,96.27261728008675,93.95
2025-06-26 18:00:00,97.07137775031268,99.14
2025-06-26 19:00:00,97.07137775031268,100.0
2025-06-26 20:00:00,97.85956206066555,108.64
2025-06-26 21:00:00,97.85956206066555,97.23
2025-06-26 22:00:00,97.85956206066555,84.5
2025-06-26 23:00:00,97.07137775031268,78.83
2025-06-27 00:00:00,96.27261728008675,75.67
2025-06-27 01:00:00,96.27261728008675,80.41
2025-06-27 02:00:00,96.27261728008675,82.39
2025-06-27 03:00:00,97.07137775031268,88.9
2025-06-27 04:00:00,100.66654331474969,105.58
2025-06-27 05:00:00,107.1483764405182,113.2
2025-06-27 06:00:00,107.14837644051825,107.7
2025-06-27 07:00:00,101.78608633152857,90.94
2025-06-27 08:00:00,100.61690625000008,79.12
2025-06-27 09:00:00,99.27364890966967,67.45
2025-06-27 10:00:00,100.61690625000011,54.53
2025-06-27 11:00:00,99.1033785815861,28.3
2025-06-27 12:00:00,97.85956206066574,7.87
2025-06-27 13:00:00,97.07137775031283,9.88
2025-06-27 14:00:00,97.07137775031279,29.92
2025-06-27 15:00:00,98.2212934631731,70.68
2025-06-27 16:00:00,102.18201776888662,91.73
2025-06-27 17:00:00,107.1483764405182,107.15
2025-06-27 18:00:00,109.33328228570959,124.86
2025-06-27 19:00:00,109.34817679833063,134.94
2025-06-27 20:00:00,109.34049192844748,126.24
2025-06-27 21:00:00,108.48063530655055,107.7
2025-06-27 22:00:00,100.66654331474973,94.7
2025-06-27 23:00:00,98.2212934631732,89.61
2025-06-28 00:00:00,97.07137775031251,82.02
2025-06-28 01:00:00,96.27261728008655,76.59
2025-06-28 02:00:00,94.92883697469509,70.27
2025-06-28 03:00:00,94.92642720918282,75.4
2025-06-28 04:00:00,96.27261728008631,74.0
2025-06-28 05:00:00,96.27261728008654,58.84
2025-06-28 06:00:00,97.85956206066521,27.8
2025-06-28 07:00:00,96.27261728008732,2.34
2025-06-28 08:00:00,89.12174847060209,0.01
2025-06-28 09:00:00,35.93089999999978,-0.04
2025-06-28 10:00:00,81.86080139670628,-1.0
2025-06-28 11:00:00,35.93089999999993,-2.01
2025-06-28 12:00:00,33.237358487392214,-3.09
2025-06-28 13:00:00,32.81836885092741,-1.01
2025-06-28 14:00:00,33.313052209056366,-1.0
2025-06-28 15:00:00,50.45984819354956,2.97
2025-06-28 16:00:00,94.87131662251798,62.73
2025-06-28 17:00:00,97.07137775031248,95.03
2025-06-28 18:00:00,98.22129346317271,108.99
2025-06-28 19:00:00,98.22129346317244,123.86
2025-06-28 20:00:00,98.22129346317271,119.84
2025-06-28 21:00:00,98.22129346317266,103.5
2025-06-28 22:00:00,96.27261728008675,95.07
2025-06-28 23:00:00,94.92883697469553,89.42
2025-06-29 00:00:00,92.54273178553252,89.66
2025-06-29 01:00:00,87.86051344871217,86.82
2025-06-29 02:00:00,87.86051344871218,85.31
2025-06-29 03:00:00,89.69076434410756,85.3
2025-06-29 04:00:00,96.2726172800867,86.39
2025-06-29 05:00:00,99.27364890966955,74.92
2025-06-29 06:00:00,100.66654331474966,47.52
2025-06-29 07:00:00,100.61690625000003,1.99
2025-06-29 08:00:00,98.22129346317294,0.0
2025-06-29 09:00:00,97.07137775031265,-0.26
2025-06-29 10:00:00,96.27261728008673,-5.4
2025-06-29 11:00:00,75.97066395972138,-20.1
2025-06-29 12:00:00,27.439671374824282,-24.01
2025-06-29 13:00:00,26.67186512128691,-15.45
2025-06-29 14:00:00,33.63960122329733,-2.69
2025-06-29 15:00:00,76.95165832629166,0.01
2025-06-29 16:00:00,97.85956206066557,77.44
2025-06-29 17:00:00,100.61690625000008,102.14
2025-06-29 18:00:00,106.25213334168143,111.98
2025-06-29 19:00:00,108.4685621180206,118.07
2025-06-29 20:00:00,108.95784077624869,113.73
2025-06-29 21:00:00,106.31283594682652,101.0
2025-06-29 22:00:00,103.40747465174799,98.73
2025-06-29 23:00:00,100.66654331474962,89.03
2025-06-30 00:00:00,98.48508821943227,85.03
2025-06-30 01:00:00,98.36284967850928,84.13
2025-06-30 02:00:00,99.27364890966957,86.51
2025-06-30 03:00:00,102.49227146238292,97.41
2025-06-30 04:00:00,109.33612488729884,114.9
2025-06-30 05:00:00,109.5209611090551,111.7
2025-06-30 06:00:00,109.70956487160386,108.52
2025-06-30 07:00:00,109.41268579560446,91.77
2025-06-30 08:00:00,109.34280871384256,74.65
2025-06-30 09:00:00,109.07296622779614,43.73
2025-06-30 10:00:00,108.35475829921427,19.05
2025-06-30 11:00:00,106.2365088294742,9.96
2025-06-30 12:00:00,105.32016771049706,19.65
2025-06-30 13:00:00,106.1968771820886,60.0
2025-06-30 14:00:00,107.14837644051664,80.5
2025-06-30 15:00:00,109.11121057602607,91.98
2025-06-30 16:00:00,109.35164855280718,110.01
2025-06-30 17:00:00,110.70326512405262,178.94
2025-06-30 18:00:00,113.96090746058991,288.97
2025-06-30 19:00:00,110.70326512405273,233.35
2025-06-30 20:00:00,109.85641837495415,157.0
2025-06-30 21:00:00,109.3455359688535,122.65
2025-06-30 22:00:00,109.24660576538923,111.28
2025-06-30 23:00:00,109.03244924621877,95.29
2025-07-01 00:00:00,108.47811664831181,89.1
2025-07-01 01:00:00,107.83266443106783,88.08
2025-07-01 02:00:00,107.74768561885944,90.01
2025-07-01 03:00:00,109.06905276171531,96.5
2025-07-01 04:00:00,109.35097746698013,114.97
2025-07-01 05:00:00,109.45429470392078,120.11
2025-07-01 06:00:00,109.59330192679349,114.72
2025-07-01 07:00:00,109.42994915454416,91.19
2025-07-01 08:00:00,109.36870507712231,84.31
2025-07-01 09:00:00,109.36166912508261,69.56
2025-07-01 10:00:00,109.32696278330931,44.54
2025-07-01 11:00:00,109.01741664848092,42.47
2025-07-01 12:00:00,108.5481118225806,57.65
2025-07-01 13:00:00,109.05254365392186,78.14
2025-07-01 14:00:00,109.15500431520472,90.8
2025-07-01 15:00:00,109.36574458484075,102.02
2025-07-01 16:00:00,110.2273547993528,152.08
2025-07-01 17:00:00,115.56395267084625,307.27
2025-07-01 18:00:00,115.72759420178916,476.19
2025-07-01 19:00:00,115.60662378739126,406.81
2025-07-01 20:00:00,110.70326512405299,250.01
2025-07-01 21:00:00,109.35668636561337,147.65
2025-07-01 22:00:00,109.3483762546212,119.29
2025-07-01 23:00:00,109.35856140350872,102.7
2025-07-02 00:00:00,109.3585614035088,92.54
2025-07-02 01:00:00,109.21997683859155,92.08
2025-07-02 02:00:00,109.09411008580601,91.71
2025-07-02 03:00:00,109.34746241356592,100.55
2025-07-02 04:00:00,109.35418167272903,116.43
2025-07-02 05:00:00,109.46918752996258,110.42
2025-07-02 06:00:00,109.60472753993777,104.52
2025-07-02 07:00:00,109.49717878467595,92.62
2025-07-02 08:00:00,109.37170556424499,81.06
2025-07-02 09:00:00,109.36603209683443,69.93
2025-07-02 10:00:00,109.3597657104268,36.12
2025-07-02 11:00:00,109.12941032964898,32.59
2025-07-02 12:00:00,108.7871006965468,46.61
2025-07-02 13:00:00,108.41655600096347,71.49
2025-07-02 14:00:00,109.15301301355767,79.6
2025-07-02 15:00:00,109.16772084956258,89.27
2025-07-02 16:00:00,109.2991131892583,113.99
2025-07-02 17:00:00,110.70326512405272,186.01
2025-07-02 18:00:00,110.7032651240528,240.07
2025-07-02 19:00:00,109.85879529834574,180.21
2025-07-02 20:00:00,109.31177149135073,134.93
2025-07-02 21:00:00,108.69422703872533,108.5
2025-07-02 22:00:00,107.347387757211,83.49
2025-07-02 23:00:00,102.43600975371311,81.15
2025-07-03 00:00:00,99.27364890966955,79.0
2025-07-03 01:00:00,98.221293463173,78.93
2025-07-03 02:00:00,97.86945472979522,80.88
2025-07-03 03:00:00,99.27364890966955,86.45
2025-07-03 04:00:00,104.29107898482629,104.92
2025-07-03 05:00:00,109.07780546325048,108.03
2025-07-03 06:00:00,109.33751307042797,104.9
2025-07-03 07:00:00,109.09073297684783,90.45
2025-07-03 08:00:00,109.00866071746546,75.06
2025-07-03 09:00:00,106.26352834347452,57.35
2025-07-03 10:00:00,101.79858734223272,42.16
2025-07-03 11:00:00,100.61690625000018,33.91
2025-07-03 12:00:00,99.05749461840595,24.72
2025-07-03 13:00:00,98.22129346317308,37.86
2025-07-03 14:00:00,98.22129346317294,58.57
2025-07-03 15:00:00,100.66654331474975,81.0
2025-07-03 16:00:00,108.70108294210897,95.19
2025-07-03 17:00:00,108.91752628573735,107.2
2025-07-03 18:00:00,110.70326512405268,146.96
2025-07-03 19:00:00,110.70326512405306,166.67
2025-07-03 20:00:00,109.60985538699039,133.3
2025-07-03 21:00:00,109.35555260749527,117.03
2025-07-03 22:00:00,109.34394656728081,111.01
2025-07-03 23:00:00,109.32645019417149,105.45
2025-07-04 00:00:00,109.17831139167593,101.31
2025-07-04 01:00:00,107.56963540066216,98.44
2025-07-04 02:00:00,107.36651769670644,103.2
2025-07-04 03:00:00,107.89959794251648,106.63
2025-07-04 04:00:00,109.48114616066124,122.38
2025-07-04 05:00:00,110.70326512405241,116.46
2025-07-04 06:00:00,110.70326512405269,100.0
2025-07-04 07:00:00,109.35997032314981,91.15
2025-07-04 08:00:00,109.36388161247122,70.01
2025-07-04 09:00:00,107.14837644051812,6.69
2025-07-04 10:00:00,107.14837644051812,-0.05
2025-07-04 11:00:00,101.80196168910977,-1.56
2025-07-04 12:00:00,99.63185823876898,-1.37
2025-07-04 13:00:00,99.27364890966962,-0.61
2025-07-04 14:00:00,100.61690625000001,2.39
2025-07-04 15:00:00,101.8169863877403,62.04
2025-07-04 16:00:00,107.82157324001945,88.68
2025-07-04 17:00:00,108.9091139886513,110.0
2025-07-04 18:00:00,109.34393564247654,130.74
2025-07-04 19:00:00,109.55197289410708,150.1
2025-07-04 20:00:00,109.35112866067193,129.68
2025-07-04 21:00:00,109.34049192844736,107.99
2025-07-04 22:00:00,105.99845360661762,104.2
2025-07-04 23:00:00,98.22129346317291,94.98
2025-07-05 00:00:00,97.07137775031264,96.5
2025-07-05 01:00:00,96.2726172800868,93.4
2025-07-05 02:00:00,96.2726172800868,94.5
2025-07-05 03:00:00,94.9288369746959,83.49
2025-07-05 04:00:00,96.27261728008686,84.47
2025-07-05 05:00:00,96.27261728008686,43.77
2025-07-05 06:00:00,96.27261728008688,17.86
2025-07-05 07:00:00,97.0713777503128,3.34
2025-07-05 08:00:00,87.86051344871215,0.0
2025-07-05 09:00:00,33.36955580652374,-0.08
2025-07-05 10:00:00,35.930900000000015,-1.01
2025-07-05 11:00:00,19.979914529914552,-2.05
2025-07-05 12:00:00,17.61877649964686,-2.11
2025-07-05 13:00:00,8.58185780303628e-14,-2.01
2025-07-05 14:00:00,11.911489935254984,-2.26
2025-07-05 15:00:00,19.979914529914584,0.0
2025-07-05 16:00:00,35.93089999999991,41.25
2025-07-05 17:00:00,94.63395981221778,85.0
2025-07-05 18:00:00,97.85956206066555,111.01
2025-07-05 19:00:00,98.22129346317297,122.96
2025-07-05 20:00:00,100.61690625,117.14
2025-07-05 21:00:00,100.61690625,108.21
2025-07-05 22:00:00,97.48080297146304,95.15
2025-07-05 23:00:00,96.36596034975047,89.5
2025-07-06 00:00:00,96.27261728008675,85.94
2025-07-06 01:00:00,96.27261728008676,83.95
2025-07-06 02:00:00,94.92880376144714,82.6
2025-07-06 03:00:00,94.87131662251795,82.0
2025-07-06 04:00:00,94.92880376144714,78.46
2025-07-06 05:00:00,96.27261728008673,77.57
2025-07-06 06:00:00,97.07137775031266,70.57
2025-07-06 07:00:00,98.22129346317296,38.81
2025-07-06 08:00:00,98.2212934631729,19.21
2025-07-06 09:00:00,97.07137775031262,13.19
2025-07-06 10:00:00,97.07137775031268,10.26
2025-07-06 11:00:00,96.27261728008673,5.85
2025-07-06 12:00:00,96.27261728008675,11.2
2025-07-06 13:00:00,97.07137775031262,50.57
2025-07-06 14:00:00,97.69038995675328,70.77
2025-07-06 15:00:00,98.22129346317297,100.29
2025-07-06 16:00:00,100.61690625000003,107.37
2025-07-06 17:00:00,108.27030253136715,112.16
2025-07-06 18:00:00,109.32022509910864,120.32
2025-07-06 19:00:00,109.33993040418797,125.04
2025-07-06 20:00:00,109.34270733765669,122.21
2025-07-06 21:00:00,109.32399692727202,110.78
2025-07-06 22:00:00,108.08117675195828,118.84
2025-07-06 23:00:00,103.44862050573538,107.42
2025-07-07 00:00:00,100.66654331474963,101.92
2025-07-07 01:00:00,102.69656741573031,99.12
2025-07-07 02:00:00,103.54319677177995,101.0
2025-07-07 03:00:00,106.3629774314893,108.22
2025-07-07 04:00:00,107.01845170314255,134.2
2025-07-07 05:00:00,110.70326512405262,143.67
2025-07-07 06:00:00,110.70326512405184,152.29
2025-07-07 07:00:00,110.14800631536373,131.99
2025-07-07 08:00:00,109.29187332690935,108.64
2025-07-07 09:00:00,108.83498963401604,108.98
2025-07-07 10:00:00,108.62379216648937,90.24
2025-07-07 11:00:00,104.74763025208101,71.0
2025-07-07 12:00:00,99.27364890967016,53.02
2025-07-07 13:00:00,97.85956206066645,50.67
2025-07-07 14:00:00,97.85956206066524,52.51
2025-07-07 15:00:00,98.22129346317726,72.3
2025-07-07 16:00:00,99.2736489096724,87.95
2025-07-07 17:00:00,100.61690625000342,92.27
2025-07-07 18:00:00,103.39850610035128,97.28
2025-07-07 19:00:00,108.05485068168835,109.92
2025-07-07 20:00:00,108.74312115868923,110.09
2025-07-07 21:00:00,105.59422560963596,95.82
2025-07-07 22:00:00,100.66654331474976,103.83
2025-07-07 23:00:00,99.27364890966959,92.9
2025-07-08 00:00:00,98.22129346317296,86.13
2025-07-08 01:00:00,98.22129346317296,84.78
2025-07-08 02:00:00,98.22129346317296,85.37
2025-07-08 03:00:00,100.06507007888129,91.14
2025-07-08 04:00:00,103.72502338644381,107.99
2025-07-08 05:00:00,109.1983142446471,118.65
2025-07-08 06:00:00,109.33356898530174,117.76
2025-07-08 07:00:00,109.29629067616675,94.06
2025-07-08 08:00:00,107.1483764405181,81.78
2025-07-08 09:00:00,100.66654331474969,78.44
2025-07-08 10:00:00,100.61690625000001,60.15
2025-07-08 11:00:00,97.0713777503127,54.72
2025-07-08 12:00:00,96.27261728008676,53.04
2025-07-08 13:00:00,96.27261728008679,54.65
2025-07-08 14:00:00,96.27261728008675,65.2
2025-07-08 15:00:00,97.85956206066561,79.98
2025-07-08 16:00:00,102.83336034401445,83.92
2025-07-08 17:00:00,109.05374456271235,102.1
2025-07-08 18:00:00,109.34408350441869,122.77
2025-07-08 19:00:00,109.3483239184595,123.34
2025-07-08 20:00:00,109.35856140350892,116.65
2025-07-08 21:00:00,109.35856140350307,100.95
2025-07-08 22:00:00,109.09772809947934,97.15
2025-07-08 23:00:00,108.09328229163327,86.85
2025-07-09 00:00:00,107.14837644051816,83.86
2025-07-09 01:00:00,102.80190342249941,84.65
2025-07-09 02:00:00,107.14837644051819,85.1
2025-07-09 03:00:00,108.57752973551274,96.15
2025-07-09 04:00:00,109.33616696949812,113.66
2025-07-09 05:00:00,109.35856140351571,116.46
2025-07-09 06:00:00,109.35668636561236,113.59
2025-07-09 07:00:00,109.3525368576132,95.66
2025-07-09 08:00:00,109.35856140350879,84.68
2025-07-09 09:00:00,109.3504611324105,77.77
2025-07-09 10:00:00,109.33960919478467,65.67
2025-07-09 11:00:00,109.05981658375427,46.69
2025-07-09 12:00:00,107.14837644051816,37.78
2025-07-09 13:00:00,103.56509750460086,48.32
2025-07-09 14:00:00,107.14837644051785,71.13
2025-07-09 15:00:00,109.13830714583479,84.73
2025-07-09 16:00:00,109.33139752007534,99.01
2025-07-09 17:00:00,109.37608975306807,115.98
2025-07-09 18:00:00,109.36179146395276,135.34
2025-07-09 19:00:00,109.35856140350712,138.24
2025-07-09 20:00:00,109.35856140351322,119.79
2025-07-09 21:00:00,109.3585614035104,104.9
2025-07-09 22:00:00,109.35856140350421,100.91
2025-07-09 23:00:00,109.35856140350735,95.73
2025-07-10 00:00:00,109.19750320724869,89.1
2025-07-10 01:00:00,109.17747825382251,86.45
2025-07-10 02:00:00,109.17747825382251,87.97
2025-07-10 03:00:00,109.34532379412424,98.62
2025-07-10 04:00:00,109.35856140351102,107.61
2025-07-10 05:00:00,109.43941577303794,107.23
2025-07-10 06:00:00,109.41236125040808,105.35
2025-07-10 07:00:00,109.40766713869381,88.9
2025-07-10 08:00:00,109.35856140350731,82.0
2025-07-10 09:00:00,109.35121802865469,65.33
2025-07-10 10:00:00,109.3151281532155,45.22
2025-07-10 11:00:00,108.06364755065601,39.51
2025-07-10 12:00:00,103.03491950733795,39.55
2025-07-10 13:00:00,102.8619493241505,56.71
2025-07-10 14:00:00,103.57269478058582,76.8
2025-07-10 15:00:00,108.94491921709962,86.4
2025-07-10 16:00:00,109.30930287063481,100.2
2025-07-10 17:00:00,109.37271371420702,114.39
2025-07-10 18:00:00,109.42729429187197,134.67
2025-07-10 19:00:00,109.3618004428733,132.7
2025-07-10 20:00:00,109.35856140350874,120.88
2025-07-10 21:00:00,109.35856140350872,107.69
2025-07-10 22:00:00,109.35856140350893,104.75
2025-07-10 23:00:00,109.19746290713715,99.57
2025-07-11 00:00:00,109.09943324837683,95.0
2025-07-11 01:00:00,108.66148621463581,90.69
2025-07-11 02:00:00,108.66148621463581,91.53
2025-07-11 03:00:00,109.17743282744522,99.4
2025-07-11 04:00:00,109.35856140350877,107.41
2025-07-11 05:00:00,109.42059985768317,105.92
2025-07-11 06:00:00,109.41179389789296,105.18
2025-07-11 07:00:00,109.36921266550581,93.3
2025-07-11 08:00:00,109.3585614035088,82.9
2025-07-11 09:00:00,109.04859271993169,73.15
2025-07-11 10:00:00,109.06585477783243,63.82
2025-07-11 11:00:00,106.43096524531246,42.16
2025-07-11 12:00:00,100.66654331474966,32.04
2025-07-11 13:00:00,98.22129346317291,38.1
2025-07-11 14:00:00,98.221293463173,59.55
2025-07-11 15:00:00,102.79585894827615,83.15
2025-07-11 16:00:00,108.74807149078845,86.44
2025-07-11 17:00:00,109.34041721489108,101.93
2025-07-11 18:00:00,109.35123347170982,117.5
2025-07-11 19:00:00,109.35298809349402,118.08
2025-07-11 20:00:00,109.358561403507,113.8
2025-07-11 21:00:00,109.35856140350911,103.82
2025-07-11 22:00:00,109.35856140350323,112.23
2025-07-11 23:00:00,108.5301783670221,104.57
2025-07-12 00:00:00,107.76760350289102,103.68
2025-07-12 01:00:00,106.58680101890168,97.4
2025-07-12 02:00:00,103.94938987686089,93.33
2025-07-12 03:00:00,103.5590818317233,89.94
2025-07-12 04:00:00,104.0262665711078,85.27
2025-07-12 05:00:00,107.92968201864055,87.98
2025-07-12 06:00:00,108.54401691468415,83.8
2025-07-12 07:00:00,107.14837644051096,59.86
2025-07-12 08:00:00,102.12777234697633,18.19
2025-07-12 09:00:00,99.27364890966331,3.0
2025-07-12 10:00:00,98.22129346317112,0.22
2025-07-12 11:00:00,96.27261728009094,0.0
2025-07-12 12:00:00,96.27261728008594,0.0
2025-07-12 13:00:00,96.27261728008855,0.22
2025-07-12 14:00:00,97.07137775031308,19.73
2025-07-12 15:00:00,97.07137775031252,73.89
2025-07-12 16:00:00,98.22129346316902,106.2
2025-07-12 17:00:00,108.52580150005896,109.2
2025-07-12 18:00:00,109.25524367674515,120.0
2025-07-12 19:00:00,109.35239391498571,125.02
2025-07-12 20:00:00,109.35856140350884,125.0
2025-07-12 21:00:00,109.07063700903913,115.42
2025-07-12 22:00:00,108.55519589344786,115.35
2025-07-12 23:00:00,107.93106297215675,109.14
2025-07-13 00:00:00,102.57899312086701,108.42
2025-07-13 01:00:00,103.55947202266353,107.35
2025-07-13 02:00:00,102.86138645296175,104.64
2025-07-13 03:00:00,101.9058010256659,100.85
2025-07-13 04:00:00,101.91351384264316,95.8
2025-07-13 05:00:00,103.55686815936072,92.18
2025-07-13 06:00:00,107.93099354408687,87.94
2025-07-13 07:00:00,107.46501530621978,57.62
2025-07-13 08:00:00,103.02541974132157,4.28
2025-07-13 09:00:00,100.6665433147497,0.05
2025-07-13 10:00:00,98.22129346317284,0.0
2025-07-13 11:00:00,97.07137775031259,0.0
2025-07-13 12:00:00,97.07137775031254,0.0
2025-07-13 13:00:00,96.27261728008732,0.0
2025-07-13 14:00:00,97.0713777503125,2.36
2025-07-13 15:00:00,98.22129346317297,73.4
2025-07-13 16:00:00,100.95943200700798,100.61
2025-07-13 17:00:00,109.18979333669711,113.74
2025-07-13 18:00:00,109.3597703762357,120.0
2025-07-13 19:00:00,109.35856140350786,127.7
2025-07-13 20:00:00,109.35856140350887,126.94
2025-07-13 21:00:00,109.35856140351,115.41
2025-07-13 22:00:00,109.35856140350872,114.02
2025-07-13 23:00:00,109.17739765371296,104.01
2025-07-14 00:00:00,108.64749346709019,98.17
2025-07-14 01:00:00,107.14837644051812,94.94
2025-07-14 02:00:00,107.14837644051812,99.32
2025-07-14 03:00:00,109.29468688482645,108.93
2025-07-14 04:00:00,110.70326512405272,117.87
2025-07-14 05:00:00,112.93733371353076,121.62
2025-07-14 06:00:00,113.63304344642408,112.06
2025-07-14 07:00:00,110.70326512405258,92.43
2025-07-14 08:00:00,109.43695461641512,84.58
2025-07-14 09:00:00,107.14837644051826,79.67
2025-07-14 10:00:00,106.58273990519494,70.98
2025-07-14 11:00:00,103.92563409894007,64.17
2025-07-14 12:00:00,103.55500246503205,57.15
2025-07-14 13:00:00,103.32739466689085,55.82
2025-07-14 14:00:00,103.03044953868128,71.1
2025-07-14 15:00:00,105.60959766532507,84.58
2025-07-14 16:00:00,106.77888075610946,98.94
2025-07-14 17:00:00,110.70326512405298,110.11
2025-07-14 18:00:00,110.70326512405259,139.99
2025-07-14 19:00:00,110.70326512405211,141.57
2025-07-14 20:00:00,109.4912870229263,126.14
2025-07-14 21:00:00,109.30934515461024,115.15
2025-07-14 22:00:00,109.25079712439741,106.1
2025-07-14 23:00:00,106.34462865153756,103.06
2025-07-15 00:00:00,100.6665433147497,93.86
2025-07-15 01:00:00,99.27364890966714,88.28
2025-07-15 02:00:00,99.19843316206173,87.12
2025-07-15 03:00:00,100.66654331475046,93.0
2025-07-15 04:00:00,106.68356111565558,110.33
2025-07-15 05:00:00,109.29180382940835,113.41
2025-07-15 06:00:00,109.40698590040637,106.86
2025-07-15 07:00:00,109.36201094200503,90.82
2025-07-15 08:00:00,109.30338929015227,77.67
2025-07-15 09:00:00,107.1483764405181,65.0
2025-07-15 10:00:00,103.2452158471293,59.19
2025-07-15 11:00:00,98.22129346317301,47.26
2025-07-15 12:00:00,97.85956206066557,40.2
2025-07-15 13:00:00,97.85956206066557,42.57
2025-07-15 14:00:00,98.22129346317298,65.0
2025-07-15 15:00:00,99.24126101962011,84.87
2025-07-15 16:00:00,100.66654331474994,101.54
2025-07-15 17:00:00,108.79135512770246,108.15
2025-07-15 18:00:00,109.4900536794906,119.78
2025-07-15 19:00:00,109.61332964719054,141.99
2025-07-15 20:00:00,109.32979396834581,121.28
2025-07-15 21:00:00,109.11884275872032,112.45
2025-07-15 22:00:00,101.36097034750706,97.63
2025-07-15 23:00:00,100.61690625000011,93.99
2025-07-16 00:00:00,99.27364890966955,86.67
2025-07-16 01:00:00,98.68909431391107,83.43
2025-07-16 02:00:00,98.68909431391107,84.26
2025-07-16 03:00:00,100.61690625000011,90.41
2025-07-16 04:00:00,108.5423872045592,105.74
2025-07-16 05:00:00,109.3261791318016,112.63
2025-07-16 06:00:00,109.38818734238417,111.92
2025-07-16 07:00:00,109.33380226148977,104.21
2025-07-16 08:00:00,109.28005868001564,89.8
2025-07-16 09:00:00,109.22098248953642,85.65
2025-07-16 10:00:00,109.26579306583284,81.96
2025-07-16 11:00:00,108.96603839029534,78.62
2025-07-16 12:00:00,106.72535457539948,68.06
2025-07-16 13:00:00,100.66654331474952,69.2
2025-07-16 14:00:00,104.16526864135771,80.86
2025-07-16 15:00:00,109.09064036129593,89.09
2025-07-16 16:00:00,109.30679922219336,95.49
2025-07-16 17:00:00,109.48577114408235,108.37
2025-07-16 18:00:00,110.60717808691184,119.72
2025-07-16 19:00:00,109.67455546791821,129.04
2025-07-16 20:00:00,109.35615552195792,120.71
2025-07-16 21:00:00,109.34837625462131,110.55
2025-07-16 22:00:00,109.35856140350728,103.76
2025-07-16 23:00:00,109.35856140350869,98.33
2025-07-17 00:00:00,108.99906407874609,89.96
2025-07-17 01:00:00,108.9901160647199,84.81
2025-07-17 02:00:00,108.55390504908605,85.76
2025-07-17 03:00:00,109.09489226781187,89.0
2025-07-17 04:00:00,109.35101597196945,104.05
2025-07-17 05:00:00,109.35168441436697,110.33
2025-07-17 06:00:00,109.3512087094016,105.92
2025-07-17 07:00:00,109.3407398140311,93.1
2025-07-17 08:00:00,109.33758654133099,85.0
2025-07-17 09:00:00,109.21615356703747,77.07
2025-07-17 10:00:00,109.21361542918811,70.17
2025-07-17 11:00:00,108.46405106076786,55.26
2025-07-17 12:00:00,107.14837644051768,49.78
2025-07-17 13:00:00,102.85744290931851,66.18
2025-07-17 14:00:00,102.81820913931824,74.79
2025-07-17 15:00:00,108.56057195845555,82.71
2025-07-17 16:00:00,109.1003316371548,94.98
2025-07-17 17:00:00,109.35193050074051,109.73
2025-07-17 18:00:00,109.55737790451198,120.75
2025-07-17 19:00:00,109.47681043876783,132.0
2025-07-17 20:00:00,109.3566863656143,125.07
2025-07-17 21:00:00,109.34837625462087,114.18
2025-07-17 22:00:00,109.35856140350877,106.8
2025-07-17 23:00:00,109.35856140350883,99.15
2025-07-18 00:00:00,109.32175990822851,95.36
2025-07-18 01:00:00,109.33474078909734,96.37
2025-07-18 02:00:00,109.33595471035085,98.66
2025-07-18 03:00:00,109.36260933829814,108.23
2025-07-18 04:00:00,109.42778583575416,115.92
2025-07-18 05:00:00,110.70326512405292,116.17
2025-07-18 06:00:00,110.70326512405295,109.39
2025-07-18 07:00:00,109.44284567375446,98.13
2025-07-18 08:00:00,109.40181712850733,84.98
2025-07-18 09:00:00,109.37101022388343,82.02
2025-07-18 10:00:00,109.35439889864195,80.0
2025-07-18 11:00:00,109.24953284526016,73.02
2025-07-18 12:00:00,109.03035021353043,71.2
2025-07-18 13:00:00,108.6104236886938,72.68
2025-07-18 14:00:00,109.20611279221859,79.99
2025-07-18 15:00:00,109.30589123992979,84.07
2025-07-18 16:00:00,109.38205668312217,99.92
2025-07-18 17:00:00,110.4855465407586,120.0
2025-07-18 18:00:00,110.70326512405279,146.55
2025-07-18 19:00:00,110.7032651240529,144.44
2025-07-18 20:00:00,109.53680833271947,125.88
2025-07-18 21:00:00,109.3570818906062,113.48
2025-07-18 22:00:00,109.35266727171815,107.6
2025-07-18 23:00:00,109.25085554832924,105.35
2025-07-19 00:00:00,109.16136570284213,103.19
2025-07-19 01:00:00,108.44869134403633,101.63
2025-07-19 02:00:00,106.68966653934439,98.38
2025-07-19 03:00:00,106.68966653934439,93.69
2025-07-19 04:00:00,107.14837644051812,98.39
2025-07-19 05:00:00,109.00297776848159,86.89
2025-07-19 06:00:00,109.23100155562844,78.89
2025-07-19 07:00:00,109.23058541516886,52.98
2025-07-19 08:00:00,108.48132792648254,10.0
2025-07-19 09:00:00,102.63328032715823,0.65
2025-07-19 10:00:00,97.85956206066545,0.0
2025-07-19 11:00:00,96.2726172800867,-0.01
2025-07-19 12:00:00,87.8605134487121,0.0
2025-07-19 13:00:00,83.99948948901306,2.08
2025-07-19 14:00:00,87.86051344871221,29.33
2025-07-19 15:00:00,94.8713166225179,76.85
2025-07-19 16:00:00,97.85956206066551,98.4
2025-07-19 17:00:00,106.80029932892772,114.47
2025-07-19 18:00:00,109.24471871876948,112.87
2025-07-19 19:00:00,109.15057612967682,108.08
2025-07-19 20:00:00,108.96017001094239,105.63
2025-07-19 21:00:00,107.14837644051805,98.07
2025-07-19 22:00:00,100.66654331474965,91.29
2025-07-19 23:00:00,100.6665433147497,88.94
2025-07-20 00:00:00,100.64079821424666,89.27
2025-07-20 01:00:00,98.28789391556425,100.41
2025-07-20 02:00:00,98.19541226575411,101.7
2025-07-20 03:00:00,99.27364890966953,98.27
2025-07-20 04:00:00,99.70872532384966,97.2
2025-07-20 05:00:00,100.61690624999999,80.59
2025-07-20 06:00:00,104.06171201347479,77.86
2025-07-20 07:00:00,104.00772929990045,44.58
2025-07-20 08:00:00,101.71522399206052,9.04
2025-07-20 09:00:00,97.85956206066558,2.07
2025-07-20 10:00:00,96.27261728008676,0.0
2025-07-20 11:00:00,89.71074390243903,-0.01
2025-07-20 12:00:00,87.86051344871218,0.0
2025-07-20 13:00:00,87.86051344871221,9.09
2025-07-20 14:00:00,96.27261728008675,69.33
2025-07-20 15:00:00,97.07137775031268,92.74
2025-07-20 16:00:00,99.66649991347259,100.26
2025-07-20 17:00:00,102.56436682829718,112.0
2025-07-20 18:00:00,109.24685729080015,116.0
2025-07-20 19:00:00,109.33160287543576,115.01
2025-07-20 20:00:00,109.26144434732038,114.85
2025-07-20 21:00:00,108.72092239144894,105.05
2025-07-20 22:00:00,106.6193847449759,87.08
2025-07-20 23:00:00,99.85203462817329,79.73
2025-07-21 00:00:00,99.27364890966955,83.48
2025-07-21 01:00:00,98.221293463173,83.3
2025-07-21 02:00:00,98.22129346317308,83.49
2025-07-21 03:00:00,99.88097358730734,96.22
2025-07-21 04:00:00,110.63658230470672,113.96
2025-07-21 05:00:00,110.70326512405323,126.56
2025-07-21 06:00:00,109.7611970304658,123.91
2025-07-21 07:00:00,109.76062933057122,109.64
2025-07-21 08:00:00,109.73419474788649,105.99
2025-07-21 09:00:00,109.68593185033038,98.88
2025-07-21 10:00:00,109.69762585306101,84.9
2025-07-21 11:00:00,110.70326512405242,81.73
2025-07-21 12:00:00,110.70326512405302,85.79
2025-07-21 13:00:00,110.70326512405187,87.96
2025-07-21 14:00:00,108.60610423733172,90.95
2025-07-21 15:00:00,110.50957531741795,104.3
2025-07-21 16:00:00,108.67199313619987,105.82
2025-07-21 17:00:00,110.32407870379988,119.69
2025-07-21 18:00:00,110.70326512405127,123.25
2025-07-21 19:00:00,109.37550966090446,120.09
2025-07-21 20:00:00,109.3300448510844,108.76
2025-07-21 21:00:00,109.16097723935944,100.04
2025-07-21 22:00:00,106.70600342695757,92.79
2025-07-21 23:00:00,104.11024583215722,87.2
2025-07-22 00:00:00,100.61690624999943,85.48
2025-07-22 01:00:00,100.61690625000062,82.0
2025-07-22 02:00:00,99.27364890967006,81.0
2025-07-22 03:00:00,100.66654331475031,89.28
2025-07-22 04:00:00,108.10109259259262,108.8
2025-07-22 05:00:00,109.35372292540015,109.28
2025-07-22 06:00:00,109.3065888990247,102.49
2025-07-22 07:00:00,109.17500620533612,91.29
2025-07-22 08:00:00,107.91458225705739,81.73
2025-07-22 09:00:00,102.59690151530305,68.41
2025-07-22 10:00:00,102.40752241929219,39.63
2025-07-22 11:00:00,97.07137775031272,10.0
2025-07-22 12:00:00,87.86051344871217,0.17
2025-07-22 13:00:00,87.86051344871225,4.16
2025-07-22 14:00:00,94.87131662251797,36.9
2025-07-22 15:00:00,97.07137775031268,75.79
2025-07-22 16:00:00,107.14837644051806,88.98
2025-07-22 17:00:00,109.17854603989149,108.57
2025-07-22 18:00:00,109.32873399235042,112.56
2025-07-22 19:00:00,109.33926320971207,113.22
2025-07-22 20:00:00,109.31130480040532,108.48
2025-07-22 21:00:00,106.3613430593968,102.93
2025-07-22 22:00:00,100.61690625000016,87.65
2025-07-22 23:00:00,97.85956206066565,79.47
2025-07-23 00:00:00,97.07137775031254,78.5
2025-07-23 01:00:00,96.27261728008662,76.04
2025-07-23 02:00:00,96.27261728008662,77.69
2025-07-23 03:00:00,97.85956206066575,80.64
2025-07-23 04:00:00,100.61690625000281,91.35
2025-07-23 05:00:00,105.78201592559391,99.87
2025-07-23 06:00:00,107.14837644052085,96.5
2025-07-23 07:00:00,100.66654331475242,81.69
2025-07-23 08:00:00,99.2736489096721,67.3
2025-07-23 09:00:00,98.22129346317553,53.5
2025-07-23 10:00:00,100.66654331475245,33.72
2025-07-23 11:00:00,98.22129346317548,23.73
2025-07-23 12:00:00,97.07137775031528,26.82
2025-07-23 13:00:00,97.07137775031532,40.3
2025-07-23 14:00:00,97.0713777503152,67.81
2025-07-23 15:00:00,99.2736489096724,78.05
2025-07-23 16:00:00,107.14837644052044,86.07
2025-07-23 17:00:00,109.25664674825698,105.0
2025-07-23 18:00:00,109.34902037941765,112.98
2025-07-23 19:00:00,109.35209749958581,119.74
2025-07-23 20:00:00,109.35440724423583,110.54
2025-07-23 21:00:00,109.34349125558641,103.06
2025-07-23 22:00:00,109.29905994837931,97.82
2025-07-23 23:00:00,109.01086123429708,94.08
2025-07-24 00:00:00,108.43328963426261,89.29
2025-07-24 01:00:00,106.6896547822433,89.29
2025-07-24 02:00:00,106.6896547822433,93.45
2025-07-24 03:00:00,108.79148717511495,102.65
2025-07-24 04:00:00,109.35524401004618,112.05
2025-07-24 05:00:00,109.85276543501534,117.22
2025-07-24 06:00:00,109.69899675536642,110.4
2025-07-24 07:00:00,109.52019177629916,96.22
2025-07-24 08:00:00,109.3906924048519,89.17
2025-07-24 09:00:00,109.33401288255844,84.39
2025-07-24 10:00:00,109.2794723639652,82.17
2025-07-24 11:00:00,108.65667988232445,80.43
2025-07-24 12:00:00,102.98172736479914,82.05
2025-07-24 13:00:00,102.53831258265002,84.77
2025-07-24 14:00:00,103.39928708915534,93.34
2025-07-24 15:00:00,107.14837644051795,100.6
2025-07-24 16:00:00,110.7032651240524,109.2
2025-07-24 17:00:00,110.70326512405268,130.0
2025-07-24 18:00:00,110.89403666096877,154.16
2025-07-24 19:00:00,110.70326512405268,140.64
2025-07-24 20:00:00,109.46836444999785,118.38
2025-07-24 21:00:00,109.39368019354329,109.39
2025-07-24 22:00:00,109.34479327635623,111.27
2025-07-24 23:00:00,109.33139752007018,103.67
2025-07-25 00:00:00,109.22830459077292,97.05
2025-07-25 01:00:00,109.18262379335313,92.94
2025-07-25 02:00:00,109.16121228357856,96.97
2025-07-25 03:00:00,109.24463551356712,98.2
2025-07-25 04:00:00,109.33820046073279,108.87
2025-07-25 05:00:00,109.52628885626912,112.95
2025-07-25 06:00:00,109.61626605152559,110.85
2025-07-25 07:00:00,109.45630634987808,98.2
2025-07-25 08:00:00,109.37699498985894,94.08
2025-07-25 09:00:00,109.29502745736241,85.15
2025-07-25 10:00:00,108.65667988232272,83.09
2025-07-25 11:00:00,100.61690624999997,78.7
2025-07-25 12:00:00,100.04581956008111,76.31
2025-07-25 13:00:00,99.76169192295168,79.27
2025-07-25 14:00:00,100.38847238352413,81.09
2025-07-25 15:00:00,101.73032856280375,84.02
2025-07-25 16:00:00,107.14837644051809,90.45
2025-07-25 17:00:00,109.45270300588402,101.81
2025-07-25 18:00:00,109.53736067408389,109.28
2025-07-25 19:00:00,109.60922412593118,121.21
2025-07-25 20:00:00,109.39965380685602,112.6
2025-07-25 21:00:00,109.36653479143078,110.25
2025-07-25 22:00:00,109.35239391498597,106.76
2025-07-25 23:00:00,109.18365254280079,100.7
2025-07-26 00:00:00,108.78576195823285,97.73
2025-07-26 01:00:00,108.42173243121958,96.65
2025-07-26 02:00:00,106.68730343640634,96.45
2025-07-26 03:00:00,106.62009957257267,94.89
2025-07-26 04:00:00,107.14837644051815,97.13
2025-07-26 05:00:00,108.59913343385811,96.1
2025-07-26 06:00:00,109.24463551356737,87.96
2025-07-26 07:00:00,109.25805752071541,85.85
2025-07-26 08:00:00,109.13830714583425,79.59
2025-07-26 09:00:00,106.6596970286122,75.2
2025-07-26 10:00:00,100.66654331474975,66.42
2025-07-26 11:00:00,99.9056167304029,49.87
2025-07-26 12:00:00,98.22129346317304,50.09
2025-07-26 13:00:00,98.22129346317294,68.07
2025-07-26 14:00:00,98.22129346317296,74.81
2025-07-26 15:00:00,100.61690625000003,84.2
2025-07-26 16:00:00,103.6492483645662,98.2
2025-07-26 17:00:00,109.35566078855979,106.6
2025-07-26 18:00:00,109.35064735835999,121.95
2025-07-26 19:00:00,109.35537507040601,127.07
2025-07-26 20:00:00,109.35999591615717,116.72
2025-07-26 21:00:00,109.35650756196517,108.8
2025-07-26 22:00:00,109.17743282744416,104.64
2025-07-26 23:00:00,108.32411339156883,99.47
2025-07-27 00:00:00,104.09320289878704,95.01
2025-07-27 01:00:00,100.4914253502721,92.07
2025-07-27 02:00:00,99.83676147987407,91.99
2025-07-27 03:00:00,99.27364890966977,89.88
2025-07-27 04:00:00,99.27364890966983,88.79
2025-07-27 05:00:00,100.61690625000034,86.58
2025-07-27 06:00:00,100.6665433147496,83.76
2025-07-27 07:00:00,102.82617007409151,81.71
2025-07-27 08:00:00,102.9512373342579,75.91
2025-07-27 09:00:00,100.05025759547406,70.52
2025-07-27 10:00:00,99.27364890966948,45.93
2025-07-27 11:00:00,97.85956206066554,15.04
2025-07-27 12:00:00,97.07137775031266,8.85
2025-07-27 13:00:00,96.27261728008678,17.3
2025-07-27 14:00:00,96.27261728008675,45.74
2025-07-27 15:00:00,97.07137775031269,82.36
2025-07-27 16:00:00,98.22129346317294,95.66
2025-07-27 17:00:00,99.27364890966959,102.47
2025-07-27 18:00:00,108.60187398750573,107.95
2025-07-27 19:00:00,109.21712929257598,114.71
2025-07-27 20:00:00,109.20196067937931,107.33
2025-07-27 21:00:00,108.72104001477607,102.69
2025-07-27 22:00:00,107.93097723448322,100.0
2025-07-27 23:00:00,102.8613502253014,88.77
2025-07-28 00:00:00,98.20032981988345,83.5
2025-07-28 01:00:00,97.19210073496734,79.67
2025-07-28 02:00:00,97.07137775031269,79.51
2025-07-28 03:00:00,98.22129346317278,89.52
2025-07-28 04:00:00,103.61193449949901,108.88
2025-07-28 05:00:00,108.60382396090176,121.97
2025-07-28 06:00:00,109.33135206692849,118.37
2025-07-28 07:00:00,109.30414212694913,105.45
2025-07-28 08:00:00,109.28328398142567,97.25
2025-07-28 09:00:00,108.41086628624386,90.96
2025-07-28 10:00:00,98.22129346317296,81.79
2025-07-28 11:00:00,97.07137775031268,77.52
2025-07-28 12:00:00,94.87131662251805,68.33
2025-07-28 13:00:00,87.86051344871225,73.97
2025-07-28 14:00:00,81.86080139670659,77.28
2025-07-28 15:00:00,96.27261728008678,88.12
2025-07-28 16:00:00,97.13051925914087,97.2
2025-07-28 17:00:00,105.5495346005309,103.59
2025-07-28 18:00:00,108.49521867946395,114.14
2025-07-28 19:00:00,108.98434321028721,114.34
2025-07-28 20:00:00,108.48962449767693,105.26
2025-07-28 21:00:00,107.14837644051822,92.43
2025-07-28 22:00:00,102.11920989095613,87.51
2025-07-28 23:00:00,100.94286376709849,84.1
2025-07-29 00:00:00,100.61690625000018,82.9
2025-07-29 01:00:00,100.61690625000017,82.1
2025-07-29 02:00:00,100.66654331474986,83.89
2025-07-29 03:00:00,102.20945901653674,92.88
2025-07-29 04:00:00,108.54892419811654,101.07
2025-07-29 05:00:00,109.3476171298911,109.25
2025-07-29 06:00:00,109.3414576698152,99.02
2025-07-29 07:00:00,109.25778391626409,80.2
2025-07-29 08:00:00,108.10109259259005,66.37
2025-07-29 09:00:00,101.8865690533225,54.0
2025-07-29 10:00:00,99.27364890966753,25.6
2025-07-29 11:00:00,96.27261728007885,4.34
2025-07-29 12:00:00,96.27261728007701,1.07
2025-07-29 13:00:00,96.27261728007956,6.2
2025-07-29 14:00:00,96.27261728007956,44.41
2025-07-29 15:00:00,97.07137775030938,78.24
2025-07-29 16:00:00,100.61690624999274,94.81
2025-07-29 17:00:00,109.13796706430651,105.32
2025-07-29 18:00:00,109.37662511168045,123.56
2025-07-29 19:00:00,109.35723571170067,126.01
2025-07-29 20:00:00,109.3585614035089,111.94
2025-07-29 21:00:00,109.33269171827001,102.07
2025-07-29 22:00:00,108.9983539357497,94.92
2025-07-29 23:00:00,107.14837644051813,90.88
2025-07-30 00:00:00,102.11920989095621,86.93
2025-07-30 01:00:00,101.38047684084488,83.24
2025-07-30 02:00:00,100.66654331474969,84.89
2025-07-30 03:00:00,101.91009348890947,94.72
2025-07-30 04:00:00,109.07084490982197,100.38
2025-07-30 05:00:00,109.35239391498614,97.47
2025-07-30 06:00:00,109.35856140350904,93.88
2025-07-30 07:00:00,109.35856140350933,79.02
2025-07-30 08:00:00,108.95900620567166,63.29
2025-07-30 09:00:00,107.14837644051825,40.43
2025-07-30 10:00:00,101.88599107587369,24.79
2025-07-30 11:00:00,99.27364890966983,17.69
2025-07-30 12:00:00,96.27261728008688,10.7
2025-07-30 13:00:00,87.86051344871231,28.03
2025-07-30 14:00:00,87.86051344871224,45.61
2025-07-30 15:00:00,96.27261728008673,75.68
2025-07-30 16:00:00,100.66654331474966,93.97
2025-07-30 17:00:00,108.4096221278892,101.86
2025-07-30 18:00:00,109.32054203169275,109.07
2025-07-30 19:00:00,109.34531610690873,109.0
2025-07-30 20:00:00,108.98349957063446,104.0
2025-07-30 21:00:00,107.14837644051734,92.41
2025-07-30 22:00:00,100.6665433147491,88.93
2025-07-30 23:00:00,98.22129346317278,82.11
2025-07-31 00:00:00,97.07137775031221,79.0
2025-07-31 01:00:00,96.272617280086,77.27
2025-07-31 02:00:00,96.272617280086,78.51
2025-07-31 03:00:00,97.85956206066498,85.43
2025-07-31 04:00:00,102.51815813374722,98.14
2025-07-31 05:00:00,108.73183257212135,100.46
2025-07-31 06:00:00,109.2763920508261,94.09
2025-07-31 07:00:00,109.03224645629791,88.91
2025-07-31 08:00:00,108.4781125797633,74.17
2025-07-31 09:00:00,101.8963696778519,70.04
2025-07-31 10:00:00,102.42063229718228,61.15
2025-07-31 11:00:00,97.07137775031208,48.05
2025-07-31 12:00:00,88.91606855341558,35.06
2025-07-31 13:00:00,95.27779913060955,55.07
2025-07-31 14:00:00,96.27261728008696,72.43
2025-07-31 15:00:00,97.07137775031248,84.56
2025-07-31 16:00:00,102.51945668149227,96.9
2025-07-31 17:00:00,109.2447187187697,111.92
2025-07-31 18:00:00,109.33239928294745,128.27
2025-07-31 19:00:00,109.35097653306956,125.11
2025-07-31 20:00:00,109.35856140350812,114.16
2025-07-31 21:00:00,109.33129695617745,102.79
2025-07-31 22:00:00,108.96670256448458,105.31
2025-07-31 23:00:00,107.14837644051741,98.54
2025-08-01 00:00:00,103.73982345849997,92.15
2025-08-01 01:00:00,100.61690624999996,89.17
2025-08-01 02:00:00,100.61690624999984,94.21
2025-08-01 03:00:00,103.50085288027144,100.58
2025-08-01 04:00:00,107.56960819189229,106.69
2025-08-01 05:00:00,109.30901567737698,110.71
2025-08-01 06:00:00,109.35352200570081,106.64
2025-08-01 07:00:00,109.36332425552976,103.67
2025-08-01 08:00:00,109.34777388760102,97.95
2025-08-01 09:00:00,107.72579343935399,84.1
2025-08-01 10:00:00,103.593703568756,77.05
2025-08-01 11:00:00,98.22129346317318,61.97
2025-08-01 12:00:00,97.85956206066567,49.06
2025-08-01 13:00:00,97.07137775031266,49.1
2025-08-01 14:00:00,97.85956206066567,69.93
2025-08-01 15:00:00,98.22129346317311,83.59
2025-08-01 16:00:00,99.27364890966979,96.45
2025-08-01 17:00:00,104.54840353932195,109.51
2025-08-01 18:00:00,108.54089971274955,119.23
2025-08-01 19:00:00,109.31180768903495,117.51
2025-08-01 20:00:00,109.24513092523604,110.72
2025-08-01 21:00:00,108.75507509107295,102.73
2025-08-01 22:00:00,106.54428600396339,104.47
2025-08-01 23:00:00,100.61690625000011,100.32
2025-08-02 00:00:00,98.22129346317291,97.79
2025-08-02 01:00:00,97.85956206066537,92.16
2025-08-02 02:00:00,97.85956206066557,91.29
2025-08-02 03:00:00,98.22129346317287,90.77
2025-08-02 04:00:00,98.22129346317287,89.67
2025-08-02 05:00:00,99.27364890966955,84.7
2025-08-02 06:00:00,99.27364890966942,78.4
2025-08-02 07:00:00,100.61690625000011,65.68
2025-08-02 08:00:00,98.2212934631727,31.09
2025-08-02 09:00:00,96.71568189520963,5.68
2025-08-02 10:00:00,96.27261728008645,2.95
2025-08-02 11:00:00,87.86051344871197,0.0
2025-08-02 12:00:00,71.59693287869531,0.0
2025-08-02 13:00:00,71.59693287869558,0.0
2025-08-02 14:00:00,73.38563459078664,5.3
2025-08-02 15:00:00,87.86051344871198,60.69
2025-08-02 16:00:00,96.27261728008675,91.32
2025-08-02 17:00:00,100.66654331474945,102.0
2025-08-02 18:00:00,107.14837644051815,109.49
2025-08-02 19:00:00,107.52414938088155,108.42
2025-08-02 20:00:00,108.10109259259282,104.34
2025-08-02 21:00:00,106.46183934569228,95.0
2025-08-02 22:00:00,100.61690625,85.09
2025-08-02 23:00:00,96.27261728008675,77.52
2025-08-03 00:00:00,95.25830580196629,71.95
2025-08-03 01:00:00,89.71191466551112,68.14
2025-08-03 02:00:00,87.8605134487122,65.77
2025-08-03 03:00:00,87.8605134487122,59.98
2025-08-03 04:00:00,89.71074390243906,46.8
2025-08-03 05:00:00,95.20798082981999,26.0
2025-08-03 06:00:00,96.27261728008781,6.16
2025-08-03 07:00:00,96.27261728008682,0.0
2025-08-03 08:00:00,96.27261728008723,-1.01
2025-08-03 09:00:00,94.33666249322515,-2.1
2025-08-03 10:00:00,94.6336409682776,-3.0
2025-08-03 11:00:00,64.43293656403918,-9.9
2025-08-03 12:00:00,64.43293656403921,-10.08
2025-08-03 13:00:00,64.33520881188622,-4.98
2025-08-03 14:00:00,71.59693287869605,-1.5
2025-08-03 15:00:00,73.3451004682987,3.61
2025-08-03 16:00:00,96.27261728008725,71.13
2025-08-03 17:00:00,97.07137775031319,88.13
2025-08-03 18:00:00,99.27364890966989,97.87
2025-08-03 19:00:00,102.37456737886122,95.99
2025-08-03 20:00:00,100.66654331474986,97.3
2025-08-03 21:00:00,99.77943747377105,85.09
2025-08-03 22:00:00,99.27364890967031,81.05
2025-08-03 23:00:00,97.07137775031296,70.07
2025-08-04 00:00:00,96.2726172800867,69.97
2025-08-04 01:00:00,87.86051344871255,70.62
2025-08-04 02:00:00,89.71074390243959,74.03
2025-08-04 03:00:00,96.27261728008678,82.94
2025-08-04 04:00:00,98.2212934631734,95.12
2025-08-04 05:00:00,102.98952757862786,102.72
2025-08-04 06:00:00,108.64032664814306,101.44
2025-08-04 07:00:00,109.30821392003001,97.05
2025-08-04 08:00:00,107.49813086316678,80.05
2025-08-04 09:00:00,103.84227909977739,56.33
2025-08-04 10:00:00,103.54580106512327,14.84
2025-08-04 11:00:00,98.22129346317321,4.05
2025-08-04 12:00:00,96.83224901701556,0.66
2025-08-04 13:00:00,96.27261728009782,0.02
2025-08-04 14:00:00,96.27261728009766,22.09
2025-08-04 15:00:00,97.07137775031346,67.24
2025-08-04 16:00:00,98.22129346317348,80.91
2025-08-04 17:00:00,99.27364890967021,84.54
2025-08-04 18:00:00,99.27364890967036,80.21
2025-08-04 19:00:00,98.22129346317331,72.7
2025-08-04 20:00:00,96.27261728008726,66.63
2025-08-04 21:00:00,43.70340577778987,47.69
2025-08-04 22:00:00,22.634537875212075,21.52
2025-08-04 23:00:00,30.021467860395113,15.34
2025-08-05 00:00:00,33.14471152544581,15.9
2025-08-05 01:00:00,35.930899999999795,23.96
2025-08-05 02:00:00,69.0721566248556,54.47
2025-08-05 03:00:00,94.87131662251815,76.19
2025-08-05 04:00:00,96.27261728008693,92.25
2025-08-05 05:00:00,98.22129346317297,92.08
2025-08-05 06:00:00,99.27364890966956,74.74
2025-08-05 07:00:00,100.61690625,3.89
2025-08-05 08:00:00,97.85956206066561,-0.21
2025-08-05 09:00:00,96.27261728008679,-2.01
2025-08-05 10:00:00,96.71568189521017,-4.94
2025-08-05 11:00:00,89.12174847060206,-9.5
2025-08-05 12:00:00,61.593697291272036,-11.83
2025-08-05 13:00:00,35.93089999999991,-9.92
2025-08-05 14:00:00,21.481235889558135,-5.07
2025-08-05 15:00:00,22.047603116129913,-0.52
2025-08-05 16:00:00,64.50588864039179,1.07
2025-08-05 17:00:00,91.43219201101465,72.48
2025-08-05 18:00:00,97.07137775031265,89.97
2025-08-05 19:00:00,97.85956206066527,107.15
2025-08-05 20:00:00,97.85956206066669,87.18
2025-08-05 21:00:00,96.27261728008685,81.0
2025-08-05 22:00:00,87.86051344871223,75.13
2025-08-05 23:00:00,87.86051344871237,59.89
2025-08-06 00:00:00,87.86051344871237,60.76
2025-08-06 01:00:00,81.86080139670659,61.01
2025-08-06 02:00:00,87.86051344871237,60.35
2025-08-06 03:00:00,96.02681408369122,81.7
2025-08-06 04:00:00,97.85956206066561,103.77
2025-08-06 05:00:00,102.77608752313046,102.94
2025-08-06 06:00:00,106.18678746484335,83.94
2025-08-06 07:00:00,100.6169062500013,27.74
2025-08-06 08:00:00,97.85956206066618,-0.01
2025-08-06 09:00:00,96.27261728008588,-2.05
2025-08-06 10:00:00,96.27261728008607,-8.47
2025-08-06 11:00:00,87.86051344871166,-11.79
2025-08-06 12:00:00,73.41038807950119,-6.0
2025-08-06 13:00:00,81.86080139670622,-3.11
2025-08-06 14:00:00,92.58432884820806,-1.01
2025-08-06 15:00:00,97.8595620606643,52.15
2025-08-06 16:00:00,106.93291520075663,97.19
2025-08-06 17:00:00,109.34041721489112,113.7
2025-08-06 18:00:00,109.35571729050109,170.16
2025-08-06 19:00:00,109.35856140350889,157.08
2025-08-06 20:00:00,109.35856140350879,110.0
2025-08-06 21:00:00,109.35856140350852,101.6
2025-08-06 22:00:00,109.3161580058574,97.58
2025-08-06 23:00:00,107.14837644051795,97.04
2025-08-07 00:00:00,100.6665433147495,91.44
2025-08-07 01:00:00,100.61690624999974,88.79
2025-08-07 02:00:00,100.61690624999969,88.93
2025-08-07 03:00:00,103.54127678006523,92.85
2025-08-07 04:00:00,106.123050103958,107.46
2025-08-07 05:00:00,109.29288494815992,106.5
2025-08-07 06:00:00,109.35856140350907,100.48
2025-08-07 07:00:00,109.35856140350465,77.63
2025-08-07 08:00:00,107.14837644051744,22.23
2025-08-07 09:00:00,100.66654331474939,0.0
2025-08-07 10:00:00,100.61690624999976,-0.12
2025-08-07 11:00:00,97.07137775031214,-1.99
2025-08-07 12:00:00,96.27261728008574,-0.29
2025-08-07 13:00:00,96.27261728008592,-0.01
2025-08-07 14:00:00,97.07137775031285,2.0
2025-08-07 15:00:00,98.22129346317304,65.59
2025-08-07 16:00:00,103.35784711866805,94.23
2025-08-07 17:00:00,109.33777518300367,111.95
2025-08-07 18:00:00,109.39379841609384,141.94
2025-08-07 19:00:00,109.39395387626531,127.5
2025-08-07 20:00:00,109.35856140350862,110.0
2025-08-07 21:00:00,109.19740144852454,101.28
2025-08-07 22:00:00,103.61362854833044,93.9
2025-08-07 23:00:00,99.0834339975025,89.49
2025-08-08 00:00:00,98.51932950528376,86.13
2025-08-08 01:00:00,98.83472942678007,82.66
2025-08-08 02:00:00,98.22129346317294,81.45
2025-08-08 03:00:00,100.61690624999991,91.14
2025-08-08 04:00:00,106.17180331037159,100.43
2025-08-08 05:00:00,109.20602230347343,103.05
2025-08-08 06:00:00,109.35856140350926,109.14
2025-08-08 07:00:00,109.35856140350877,89.9
2025-08-08 08:00:00,109.33500733126452,66.0
2025-08-08 09:00:00,107.14837644051809,8.39
2025-08-08 10:00:00,102.44127259135975,0.0
2025-08-08 11:00:00,97.85956206066555,-0.01
2025-08-08 12:00:00,97.07137775031258,-0.02
2025-08-08 13:00:00,97.0713777503128,-0.01
2025-08-08 14:00:00,98.22129346317324,10.49
2025-08-08 15:00:00,100.61690625000035,71.74
2025-08-08 16:00:00,109.27867477660277,103.86
2025-08-08 17:00:00,109.39368019354363,113.97
2025-08-08 18:00:00,109.66347839473322,144.62
2025-08-08 19:00:00,109.58689578876628,151.51
2025-08-08 20:00:00,109.35856140350877,121.59
2025-08-08 21:00:00,109.35856140350874,108.46
2025-08-08 22:00:00,109.44010203592507,101.93
2025-08-08 23:00:00,109.31786882813824,100.43
2025-08-09 00:00:00,107.27385262794414,99.94
2025-08-09 01:00:00,107.14837644051823,97.8
2025-08-09 02:00:00,106.00977474266986,96.87
2025-08-09 03:00:00,106.00977474266986,97.01
2025-08-09 04:00:00,106.62996684167894,97.26
2025-08-09 05:00:00,106.62996684167898,93.45
2025-08-09 06:00:00,109.13088814761564,70.19
2025-08-09 07:00:00,107.81860229006206,15.34
2025-08-09 08:00:00,103.58965287955682,-0.02
2025-08-09 09:00:00,99.27364890966969,-1.0
2025-08-09 10:00:00,97.85956206066572,-6.63
2025-08-09 11:00:00,96.27261728008686,-15.14
2025-08-09 12:00:00,96.27261728008686,-15.37
2025-08-09 13:00:00,89.71074390243912,-4.1
2025-08-09 14:00:00,96.27261728008685,-0.04
2025-08-09 15:00:00,97.42694163307266,6.29
2025-08-09 16:00:00,98.22129346317324,85.9
2025-08-09 17:00:00,102.77011150854509,104.2
2025-08-09 18:00:00,102.94046967986617,127.62
2025-08-09 19:00:00,102.46562892083534,119.31
2025-08-09 20:00:00,100.66654331474982,107.89
2025-08-09 21:00:00,99.27364890966967,94.97
2025-08-09 22:00:00,98.2212934631732,84.79
2025-08-09 23:00:00,96.27261728008682,83.23
2025-08-10 00:00:00,96.27261728008676,83.1
2025-08-10 01:00:00,96.27261728008688,77.95
2025-08-10 02:00:00,96.27261728008688,80.68
2025-08-10 03:00:00,97.0713777503128,83.69
2025-08-10 04:00:00,98.2212934631731,82.27
2025-08-10 05:00:00,100.61690625000016,74.7
2025-08-10 06:00:00,105.47620525475355,26.36
2025-08-10 07:00:00,102.50455083816622,-0.01
2025-08-10 08:00:00,99.2736489096696,-3.11
2025-08-10 09:00:00,87.86051344871231,-15.6
2025-08-10 10:00:00,81.6700027624311,-40.03
2025-08-10 11:00:00,64.3864827155024,-61.08
2025-08-10 12:00:00,35.930900000000186,-50.94
2025-08-10 13:00:00,64.43293656403907,-22.12
2025-08-10 14:00:00,78.07772167399384,-1.21
2025-08-10 15:00:00,94.87131662251804,2.13
2025-08-10 16:00:00,97.85956206066584,82.64
2025-08-10 17:00:00,107.4790370553046,108.55
2025-08-10 18:00:00,109.33495262012859,118.95
2025-08-10 19:00:00,109.34023820192236,122.45
2025-08-10 20:00:00,109.3105327448578,106.98
2025-08-10 21:00:00,109.0112402397817,98.9
2025-08-10 22:00:00,107.14837644051806,99.82
2025-08-10 23:00:00,100.66654331474963,91.97
2025-08-11 00:00:00,100.62631813658987,87.44
2025-08-11 01:00:00,100.66654331474969,85.19
2025-08-11 02:00:00,102.4960718890702,92.85
2025-08-11 03:00:00,107.59164011969929,103.51
2025-08-11 04:00:00,109.77130144681531,129.22
2025-08-11 05:00:00,109.66476417964834,133.49
2025-08-11 06:00:00,109.46670473756264,105.35
2025-08-11 07:00:00,109.35856140350857,90.75
2025-08-11 08:00:00,109.35065537444879,50.0
2025-08-11 09:00:00,109.06593100527859,2.54
2025-08-11 10:00:00,108.06364755065349,0.0
2025-08-11 11:00:00,102.53289324528222,0.0
2025-08-11 12:00:00,102.38417378555314,0.0
2025-08-11 13:00:00,102.95896501464519,9.0
2025-08-11 14:00:00,107.9224398276379,56.14
2025-08-11 15:00:00,109.17899000301198,92.25
2025-08-11 16:00:00,109.37333414443216,108.26
2025-08-11 17:00:00,109.68202084518697,154.0
2025-08-11 18:00:00,110.70326512405276,191.95
2025-08-11 19:00:00,109.75804085509627,138.88
2025-08-11 20:00:00,109.39395441427493,108.87
2025-08-11 21:00:00,109.31759756788577,96.0
2025-08-11 22:00:00,108.8906892747836,93.0
2025-08-11 23:00:00,106.84641563099625,89.67
2025-08-12 00:00:00,104.10568417004288,85.41
2025-08-12 01:00:00,104.10568417004293,85.13
2025-08-12 02:00:00,104.10568417004293,86.48
2025-08-12 03:00:00,108.68245334435957,93.97
2025-08-12 04:00:00,109.35656032147256,106.91
2025-08-12 05:00:00,109.623009812889,104.63
2025-08-12 06:00:00,109.35856140350906,98.71
2025-08-12 07:00:00,109.3585614035072,92.49
2025-08-12 08:00:00,109.35856140350857,79.53
2025-08-12 09:00:00,109.09616295375123,40.41
2025-08-12 10:00:00,108.096846669821,8.38
2025-08-12 11:00:00,101.90216941798533,3.0
2025-08-12 12:00:00,100.66654331474979,5.15
2025-08-12 13:00:00,102.40875433864716,35.05
2025-08-12 14:00:00,106.9301842759889,73.12
2025-08-12 15:00:00,109.22636012869793,94.06
2025-08-12 16:00:00,109.3612580642539,106.1
2025-08-12 17:00:00,109.46745321255216,149.31
2025-08-12 18:00:00,109.69651729827862,156.16
2025-08-12 19:00:00,109.35599594446894,140.4
2025-08-12 20:00:00,109.34545285878096,114.07
2025-08-12 21:00:00,109.35856140350813,97.73
2025-08-12 22:00:00,108.9906282782935,95.72
2025-08-12 23:00:00,108.55390620816976,90.0
2025-08-13 00:00:00,108.1908041030573,86.89
2025-08-13 01:00:00,108.5551958934477,84.71
2025-08-13 02:00:00,109.07082932538731,87.07
2025-08-13 03:00:00,109.33807776932316,93.3
2025-08-13 04:00:00,109.35856140350873,108.87
2025-08-13 05:00:00,109.35856140350901,107.52
2025-08-13 06:00:00,109.4417250654196,105.87
2025-08-13 07:00:00,109.35856140350896,93.6
2025-08-13 08:00:00,109.35856140350896,89.26
2025-08-13 09:00:00,109.34836536208368,68.2
2025-08-13 10:00:00,109.00513596622963,44.29
2025-08-13 11:00:00,108.23966533148796,27.89
2025-08-13 12:00:00,107.14837644051791,41.66
2025-08-13 13:00:00,106.98913773904589,70.9
2025-08-13 14:00:00,108.70641030636595,84.3
2025-08-13 15:00:00,109.32854485277262,96.64
2025-08-13 16:00:00,109.41099355790818,115.34
2025-08-13 17:00:00,110.70326512405266,193.3
2025-08-13 18:00:00,110.70326512405263,226.64
2025-08-13 19:00:00,109.7865631110405,154.52
2025-08-13 20:00:00,109.35668636561333,123.21
2025-08-13 21:00:00,109.35856140350879,106.27
2025-08-13 22:00:00,109.35856140350882,98.1
2025-08-13 23:00:00,109.18173235224542,92.0
2025-08-14 00:00:00,109.17892924847511,88.45
2025-08-14 01:00:00,109.1795569495069,88.2
2025-08-14 02:00:00,109.21264257321887,88.53
2025-08-14 03:00:00,109.35689483557145,97.52
2025-08-14 04:00:00,109.36818366336547,107.94
2025-08-14 05:00:00,110.44140626742258,109.92
2025-08-14 06:00:00,110.3512137577191,99.51
2025-08-14 07:00:00,109.35856140350606,91.1
2025-08-14 08:00:00,109.35856140350919,81.26
2025-08-14 09:00:00,109.34005583634035,67.57
2025-08-14 10:00:00,109.16325573470128,54.09
2025-08-14 11:00:00,108.3799903865181,41.02
2025-08-14 12:00:00,107.42002778770627,54.9
2025-08-14 13:00:00,108.28512570749126,69.43
2025-08-14 14:00:00,109.04776830437471,78.99
2025-08-14 15:00:00,109.28821322670058,97.22
2025-08-14 16:00:00,109.40662740897451,115.54
2025-08-14 17:00:00,110.70326512405268,233.8
2025-08-14 18:00:00,112.94751355711134,283.89
2025-08-14 19:00:00,110.70326512405268,155.84
2025-08-14 20:00:00,109.48883865058752,120.71
2025-08-14 21:00:00,109.35856140350842,105.95
2025-08-14 22:00:00,109.35856140350876,99.59
2025-08-14 23:00:00,109.15779141431597,98.97
2025-08-15 00:00:00,108.65961052098623,93.9
2025-08-15 01:00:00,108.32456613603222,90.33
2025-08-15 02:00:00,106.64224559758713,92.0
2025-08-15 03:00:00,108.3235980733316,96.91
2025-08-15 04:00:00,109.35761197985533,101.66
2025-08-15 05:00:00,109.37958195770648,101.31
2025-08-15 06:00:00,109.376287672334,96.6
2025-08-15 07:00:00,109.35765610650526,83.47
2025-08-15 08:00:00,109.28857416438842,43.9
2025-08-15 09:00:00,108.29000157472501,3.0
2025-08-15 10:00:00,101.78054723329996,0.08
2025-08-15 11:00:00,97.07137775031356,0.0
2025-08-15 12:00:00,96.2726172800871,0.0
2025-08-15 13:00:00,96.27261728008773,1.72
2025-08-15 14:00:00,97.07137775031356,27.66
2025-08-15 15:00:00,97.63430182781349,77.96
2025-08-15 16:00:00,107.14837644051816,105.89
2025-08-15 17:00:00,109.3357052040292,114.38
2025-08-15 18:00:00,109.37190415737015,124.01
2025-08-15 19:00:00,109.35606286185305,111.5
2025-08-15 20:00:00,109.35856140350884,105.94
2025-08-15 21:00:00,107.85737785634169,95.96
2025-08-15 22:00:00,104.74164692361016,96.11
2025-08-15 23:00:00,103.04197105580053,90.92
2025-08-16 00:00:00,98.32343764549071,89.78
2025-08-16 01:00:00,98.22129346317313,85.35
2025-08-16 02:00:00,96.52699871692857,84.05
2025-08-16 03:00:00,96.27261728008683,87.09
2025-08-16 04:00:00,96.36596034975057,91.01
2025-08-16 05:00:00,97.85956206066612,90.02
2025-08-16 06:00:00,103.62489801728033,80.99
2025-08-16 07:00:00,105.43560209732698,67.94
2025-08-16 08:00:00,102.5782802397745,25.12
2025-08-16 09:00:00,100.61690625000043,3.8
2025-08-16 10:00:00,97.85956206066562,0.17
2025-08-16 11:00:00,87.86051344871227,-0.01
2025-08-16 12:00:00,81.86080139670658,-0.01
2025-08-16 13:00:00,79.99957436387139,-0.01
2025-08-16 14:00:00,87.86051344871213,0.71
2025-08-16 15:00:00,92.54273178553274,16.21
2025-08-16 16:00:00,97.82316274851404,69.92
2025-08-16 17:00:00,100.66654331474915,95.0
2025-08-16 18:00:00,107.1483764405186,102.62
2025-08-16 19:00:00,107.4725190822809,100.61
2025-08-16 20:00:00,107.14837644051785,95.0
2025-08-16 21:00:00,102.76184374853345,90.0
2025-08-16 22:00:00,104.6009379980011,91.28
2025-08-16 23:00:00,104.02626657110349,85.34
2025-08-17 00:00:00,100.61690625000031,86.86
2025-08-17 01:00:00,98.41088677625062,86.63
2025-08-17 02:00:00,99.27364890966876,87.73
2025-08-17 03:00:00,99.27364890966876,89.93
2025-08-17 04:00:00,99.27364890966926,89.89
2025-08-17 05:00:00,99.27364890966949,81.03
2025-08-17 06:00:00,104.09023261289764,76.24
2025-08-17 07:00:00,103.54326447453425,32.59
2025-08-17 08:00:00,101.714753072609,9.96
2025-08-17 09:00:00,100.66654331474906,0.1
2025-08-17 10:00:00,98.22129346317264,-0.2
2025-08-17 11:00:00,97.85956206066614,-0.93
2025-08-17 12:00:00,97.07137775031259,-1.25
2025-08-17 13:00:00,97.07137775031266,0.65
2025-08-17 14:00:00,97.85956206066523,13.81
2025-08-17 15:00:00,98.22129346317284,72.4
2025-08-17 16:00:00,106.68236897789062,96.69
2025-08-17 17:00:00,109.27056660879033,110.0
2025-08-17 18:00:00,109.33963870817463,110.66
2025-08-17 19:00:00,109.34054488005665,110.14
2025-08-17 20:00:00,109.33767808164575,105.1
2025-08-17 21:00:00,109.24211583527456,102.54
2025-08-17 22:00:00,109.18173235224671,91.99
2025-08-17 23:00:00,108.72958218130871,87.13
2025-08-18 00:00:00,108.70001995431424,84.33
2025-08-18 01:00:00,108.67811197079294,83.85
2025-08-18 02:00:00,108.68022568844901,89.46
2025-08-18 03:00:00,109.45211778391042,99.27
2025-08-18 04:00:00,109.3921519497441,118.51
2025-08-18 05:00:00,110.70326512405255,130.13
2025-08-18 06:00:00,110.70326512405327,109.87
2025-08-18 07:00:00,109.35856140350877,88.84
2025-08-18 08:00:00,109.3585614035088,72.06
2025-08-18 09:00:00,109.34839842169667,45.93
2025-08-18 10:00:00,109.20861034164493,20.04
2025-08-18 11:00:00,108.71443783784652,14.23
2025-08-18 12:00:00,108.40864387024538,18.34
2025-08-18 13:00:00,108.29704144315353,54.56
2025-08-18 14:00:00,108.85947733357435,70.94
2025-08-18 15:00:00,109.22932479078264,90.32
2025-08-18 16:00:00,109.37333414443219,109.87
2025-08-18 17:00:00,109.76808356602528,185.5
2025-08-18 18:00:00,110.70326512405263,197.42
2025-08-18 19:00:00,109.55454399084385,124.67
2025-08-18 20:00:00,109.35856140350872,107.49
2025-08-18 21:00:00,109.35856140350879,102.0
2025-08-18 22:00:00,109.23278821615035,101.01
2025-08-18 23:00:00,109.16014906563231,94.82
2025-08-19 00:00:00,108.8211881110011,88.2
2025-08-19 01:00:00,108.40681768096093,86.37
2025-08-19 02:00:00,108.40681768096081,90.09
2025-08-19 03:00:00,109.21427767510478,102.5
2025-08-19 04:00:00,109.35691292313368,111.1
2025-08-19 05:00:00,109.64250986364033,109.95
2025-08-19 06:00:00,109.5599224310185,98.05
2025-08-19 07:00:00,109.35856140350899,88.57
2025-08-19 08:00:00,109.35046113241091,69.64
2025-08-19 09:00:00,109.04551015762918,43.23
2025-08-19 10:00:00,108.56666774438192,22.85
2025-08-19 11:00:00,102.79868984631487,8.97
2025-08-19 12:00:00,98.87046925411879,15.26
2025-08-19 13:00:00,97.07137775031262,30.89
2025-08-19 14:00:00,97.07137775031279,60.6
2025-08-19 15:00:00,99.27364890966965,91.48
2025-08-19 16:00:00,109.04149931571763,101.91
2025-08-19 17:00:00,109.38412524857621,120.51
2025-08-19 18:00:00,109.77749789258878,128.62
2025-08-19 19:00:00,109.39393727132202,111.06
2025-08-19 20:00:00,109.33609568805291,104.41
2025-08-19 21:00:00,109.26411925578681,97.2
2025-08-19 22:00:00,108.43107593135909,97.7
2025-08-19 23:00:00,104.10559149631646,93.18
2025-08-20 00:00:00,100.66654331475007,87.64
2025-08-20 01:00:00,100.61690625000003,85.78
2025-08-20 02:00:00,100.66654331474967,89.66
2025-08-20 03:00:00,106.17180154035658,98.8
2025-08-20 04:00:00,107.27403233202654,108.84
2025-08-20 05:00:00,109.31955260768204,110.12
2025-08-20 06:00:00,109.35726918474161,103.91
2025-08-20 07:00:00,109.3513600605103,90.05
2025-08-20 08:00:00,109.25322099114652,80.98
2025-08-20 09:00:00,107.19560041837751,69.06
2025-08-20 10:00:00,103.26096645609067,49.07
2025-08-20 11:00:00,98.22129346317288,35.0
2025-08-20 12:00:00,98.22129346317303,42.03
2025-08-20 13:00:00,98.22129346317305,73.02
2025-08-20 14:00:00,99.27364890966953,81.45
2025-08-20 15:00:00,100.66654331474955,101.69
2025-08-20 16:00:00,102.97730583861576,109.16
2025-08-20 17:00:00,109.21942737515438,135.15
2025-08-20 18:00:00,109.36378056472923,126.11
2025-08-20 19:00:00,109.2872718019432,114.95
2025-08-20 20:00:00,109.26144434732007,103.49
2025-08-20 21:00:00,109.21264257321873,97.34
2025-08-20 22:00:00,108.82118411252819,96.11
2025-08-20 23:00:00,106.64844223043919,90.73
2025-08-21 00:00:00,104.09320289878696,87.52
2025-08-21 01:00:00,100.6665433147497,90.88
2025-08-21 02:00:00,100.66654331474966,92.37
2025-08-21 03:00:00,107.14837644051815,108.59
2025-08-21 04:00:00,108.84624544597172,115.6
2025-08-21 05:00:00,109.42383847666827,116.89
2025-08-21 06:00:00,109.43247771309817,107.79
2025-08-21 07:00:00,109.35180382875907,97.32
2025-08-21 08:00:00,109.19066941849057,85.85
2025-08-21 09:00:00,103.95308289036018,77.64
2025-08-21 10:00:00,99.27364890966955,69.49
2025-08-21 11:00:00,97.8595620606656,66.09
2025-08-21 12:00:00,97.07137775031265,56.26
2025-08-21 13:00:00,97.0713777503128,68.2
2025-08-21 14:00:00,96.27261728008678,72.39
2025-08-21 15:00:00,97.07137775031272,92.88
2025-08-21 16:00:00,97.85956206066572,103.2
2025-08-21 17:00:00,108.34358612604908,106.39
2025-08-21 18:00:00,109.15101683729465,110.73
2025-08-21 19:00:00,109.29848151171086,110.73
2025-08-21 20:00:00,109.32882562544621,105.0
2025-08-21 21:00:00,107.9343508764654,95.78
2025-08-21 22:00:00,107.14837644051833,89.27
2025-08-21 23:00:00,104.66229789055805,81.99
2025-08-22 00:00:00,104.09320289878677,78.59
2025-08-22 01:00:00,102.96819994263842,77.52
2025-08-22 02:00:00,102.96819994263842,77.65
2025-08-22 03:00:00,107.14837644051826,87.9
2025-08-22 04:00:00,109.22827234152017,105.76
2025-08-22 05:00:00,109.35436370534342,107.45
2025-08-22 06:00:00,109.35856140350873,102.32
2025-08-22 07:00:00,109.35856140350886,90.02
2025-08-22 08:00:00,109.08624824749289,72.44
2025-08-22 09:00:00,100.66654331474903,42.5
2025-08-22 10:00:00,99.29399207730205,14.07
2025-08-22 11:00:00,96.27261728008614,3.84
2025-08-22 12:00:00,90.0283015026324,0.02
2025-08-22 13:00:00,90.86053663162893,4.01
2025-08-22 14:00:00,94.87131662251733,40.64
2025-08-22 15:00:00,96.2726172800858,73.14
2025-08-22 16:00:00,101.80127112551898,95.17
2025-08-22 17:00:00,108.94351775002616,106.07
2025-08-22 18:00:00,109.34349759056619,113.0
2025-08-22 19:00:00,109.35856140350874,107.63
2025-08-22 20:00:00,109.35856140350872,103.09
2025-08-22 21:00:00,109.25695168558777,94.37
2025-08-22 22:00:00,107.85753089594533,95.33
2025-08-22 23:00:00,102.17580812005737,89.32
2025-08-23 00:00:00,102.11920989095599,87.76
2025-08-23 01:00:00,100.91360973236755,85.21
2025-08-23 02:00:00,100.61690625000007,85.56
2025-08-23 03:00:00,100.6169062499998,85.6
2025-08-23 04:00:00,100.66654331474953,86.67
2025-08-23 05:00:00,102.31491319455492,86.78
2025-08-23 06:00:00,101.93343519912743,83.57
2025-08-23 07:00:00,100.66654331474979,62.9
2025-08-23 08:00:00,100.22071377142419,14.69
2025-08-23 09:00:00,98.22129346317296,3.29
2025-08-23 10:00:00,87.86051344871186,1.32
2025-08-23 11:00:00,81.42417761789258,0.06
2025-08-23 12:00:00,76.42083831566582,0.07
2025-08-23 13:00:00,76.72044466046883,3.52
2025-08-23 14:00:00,87.86051344871198,12.1
2025-08-23 15:00:00,97.07137775031228,72.19
2025-08-23 16:00:00,102.89574089788346,100.31
2025-08-23 17:00:00,109.0664072755288,112.22
2025-08-23 18:00:00,109.3526672717181,123.67
2025-08-23 19:00:00,109.3585614035088,120.43
2025-08-23 20:00:00,109.3585614035088,111.16
2025-08-23 21:00:00,109.10222143426564,105.28
2025-08-23 22:00:00,108.3881392159148,100.5
2025-08-23 23:00:00,107.95407599509092,95.13
2025-08-24 00:00:00,106.59117207539542,94.41
2025-08-24 01:00:00,102.11820396560373,92.13
2025-08-24 02:00:00,100.6665433147498,91.2
2025-08-24 03:00:00,101.95482365457906,90.97
2025-08-24 04:00:00,102.77512011656609,90.0
2025-08-24 05:00:00,103.14785086369479,85.01
2025-08-24 06:00:00,106.34633459978322,72.84
2025-08-24 07:00:00,102.61761070313949,4.8
2025-08-24 08:00:00,102.03632431234762,-0.01
2025-08-24 09:00:00,97.85956206066557,-0.07
2025-08-24 10:00:00,96.27261728008666,-1.98
2025-08-24 11:00:00,67.73976801589939,-7.45
2025-08-24 12:00:00,67.78302132999318,-7.4
2025-08-24 13:00:00,67.78302132999343,-0.1
2025-08-24 14:00:00,81.1714887786432,0.0
2025-08-24 15:00:00,96.27261728008628,63.36
2025-08-24 16:00:00,99.27364890966973,99.81
2025-08-24 17:00:00,108.72095450077137,110.5
2025-08-24 18:00:00,109.3505900619335,117.31
2025-08-24 19:00:00,109.35856140350872,114.32
2025-08-24 20:00:00,109.3585614035088,107.5
2025-08-24 21:00:00,109.07082932538678,100.52
2025-08-24 22:00:00,107.95410764364796,95.28
2025-08-24 23:00:00,105.96687968854494,87.03
2025-08-25 00:00:00,101.26739551819702,84.02
2025-08-25 01:00:00,99.61158017408285,82.9
2025-08-25 02:00:00,100.46060313594866,83.46
2025-08-25 03:00:00,103.79926278593565,102.46
2025-08-25 04:00:00,109.35487984925231,115.38
2025-08-25 05:00:00,109.3824974146777,125.0
2025-08-25 06:00:00,109.39114959595761,110.04
2025-08-25 07:00:00,109.35856140350897,91.97
2025-08-25 08:00:00,108.40701123508626,72.98
2025-08-25 09:00:00,101.91352140485665,35.02
2025-08-25 10:00:00,100.66654331474987,10.0
2025-08-25 11:00:00,99.78259456908683,5.93
2025-08-25 12:00:00,97.0713777503129,6.78
2025-08-25 13:00:00,97.07137775031289,25.2
2025-08-25 14:00:00,98.22129346317317,56.43
2025-08-25 15:00:00,105.87228801142584,86.67
2025-08-25 16:00:00,109.33891059577996,111.54
2025-08-25 17:00:00,109.56584106183757,159.03
2025-08-25 18:00:00,110.70326512405312,232.82
2025-08-25 19:00:00,110.70326512405298,138.04
2025-08-25 20:00:00,109.35856140350997,115.04
2025-08-25 21:00:00,109.35856140350936,105.15
2025-08-25 22:00:00,109.20827235043075,105.8
2025-08-25 23:00:00,106.20351932722451,100.44
2025-08-26 00:00:00,106.03615215727449,96.58
2025-08-26 01:00:00,105.12516639528343,94.79
2025-08-26 02:00:00,105.54904856583636,96.27
2025-08-26 03:00:00,106.40824655790821,106.6
2025-08-26 04:00:00,107.01845170314161,124.59
2025-08-26 05:00:00,110.70326512405296,123.45
2025-08-26 06:00:00,109.95317437984703,106.79
2025-08-26 07:00:00,109.36144201453767,90.0
2025-08-26 08:00:00,109.30338929015292,77.47
2025-08-26 09:00:00,108.43146255096129,61.6
2025-08-26 10:00:00,102.60773104959716,41.95
2025-08-26 11:00:00,99.27364890966989,26.28
2025-08-26 12:00:00,98.22129346317337,38.05
2025-08-26 13:00:00,98.35904560889936,72.39
2025-08-26 14:00:00,100.61690625000048,88.26
2025-08-26 15:00:00,106.75692106796137,105.05
2025-08-26 16:00:00,109.32686219636105,131.09
2025-08-26 17:00:00,109.77749789258782,196.88
2025-08-26 18:00:00,110.70326512405303,180.17
2025-08-26 19:00:00,109.35723239776438,123.3
2025-08-26 20:00:00,109.18650767293187,109.47
2025-08-26 21:00:00,107.14837644051842,97.67
2025-08-26 22:00:00,101.88242272853574,96.59
2025-08-26 23:00:00,100.61690625,89.98
2025-08-27 00:00:00,100.61690625000011,86.52
2025-08-27 01:00:00,99.27364890966963,87.25
2025-08-27 02:00:00,98.2212934631732,90.0
2025-08-27 03:00:00,103.19867695650457,97.73
2025-08-27 04:00:00,109.03005023763407,110.0
2025-08-27 05:00:00,109.34054803029736,115.19
2025-08-27 06:00:00,109.38174223798626,113.64
2025-08-27 07:00:00,109.35887962091061,101.63
2025-08-27 08:00:00,109.36207281337394,86.0
2025-08-27 09:00:00,108.09475979728474,79.29
2025-08-27 10:00:00,106.58073724807528,64.38
2025-08-27 11:00:00,98.22129346317406,50.68
2025-08-27 12:00:00,98.22129346317382,50.94
2025-08-27 13:00:00,98.22129346317357,76.18
2025-08-27 14:00:00,100.61690624999976,85.1
2025-08-27 15:00:00,105.34020393414336,104.94
2025-08-27 16:00:00,109.37359972236068,134.63
2025-08-27 17:00:00,110.70326512405231,222.07
2025-08-27 18:00:00,110.82490188764848,222.04
2025-08-27 19:00:00,110.70326512405302,128.87
2025-08-27 20:00:00,109.35856140351015,113.63
2025-08-27 21:00:00,109.35856140350405,103.57
2025-08-27 22:00:00,109.36572389503986,97.15
2025-08-27 23:00:00,109.31703390194825,91.92
2025-08-28 00:00:00,109.08056859006815,87.89
2025-08-28 01:00:00,108.41200658069508,87.09
2025-08-28 02:00:00,108.41971049172052,90.23
2025-08-28 03:00:00,109.23684984374113,98.72
2025-08-28 04:00:00,109.36589674945141,121.63
2025-08-28 05:00:00,110.05715983956308,143.79
2025-08-28 06:00:00,110.35379730044782,143.95
2025-08-28 07:00:00,109.50178046589883,121.84
2025-08-28 08:00:00,109.42950641322676,112.27
2025-08-28 09:00:00,109.3648446120324,108.13
2025-08-28 10:00:00,110.70326512405347,100.89
2025-08-28 11:00:00,110.70326512405344,100.96
2025-08-28 12:00:00,110.70326512405326,100.89
2025-08-28 13:00:00,107.53717365394905,100.66
2025-08-28 14:00:00,107.5442824265068,96.1
2025-08-28 15:00:00,110.70326512405265,129.84
2025-08-28 16:00:00,110.70326512405263,160.85
2025-08-28 17:00:00,110.70326512405279,210.0
2025-08-28 18:00:00,109.6628781004192,153.16
2025-08-28 19:00:00,109.33895304827026,124.18
2025-08-28 20:00:00,109.21225424884011,107.11
2025-08-28 21:00:00,104.06197190100399,92.15
2025-08-28 22:00:00,100.66654331474956,85.04
2025-08-28 23:00:00,100.61690625,83.27
2025-08-29 00:00:00,100.61690624999993,83.1
2025-08-29 01:00:00,99.27364890966943,81.59
2025-08-29 02:00:00,99.27364890966948,83.01
2025-08-29 03:00:00,100.66654331474955,91.0
2025-08-29 04:00:00,108.18872701218557,117.55
2025-08-29 05:00:00,110.32906005027868,121.39
2025-08-29 06:00:00,109.77892492144127,120.0
2025-08-29 07:00:00,109.45437858526215,110.36
2025-08-29 08:00:00,109.44190885980336,84.25
2025-08-29 09:00:00,110.42126987679899,78.08
2025-08-29 10:00:00,100.66654331474938,67.44
2025-08-29 11:00:00,98.22129346317293,53.96
2025-08-29 12:00:00,97.8595620606653,59.64
2025-08-29 13:00:00,97.85956206066537,73.06
2025-08-29 14:00:00,98.22129346317269,85.0
2025-08-29 15:00:00,99.2736489096692,104.82
2025-08-29 16:00:00,107.14837644051798,118.51
2025-08-29 17:00:00,108.93541773649778,147.68
2025-08-29 18:00:00,109.28366879538487,116.5
2025-08-29 19:00:00,109.20173273532663,111.96
2025-08-29 20:00:00,108.47261547455949,95.7
2025-08-29 21:00:00,103.34287720085044,86.07
2025-08-29 22:00:00,97.8595620606656,92.5
2025-08-29 23:00:00,97.07137775031278,86.56
2025-08-30 00:00:00,97.07137775031268,83.3
2025-08-30 01:00:00,97.85956206066557,81.51
2025-08-30 02:00:00,97.85956206066557,83.39
2025-08-30 03:00:00,97.85956206066543,87.72
2025-08-30 04:00:00,99.27364890966966,95.02
2025-08-30 05:00:00,100.66654331474976,98.09
2025-08-30 06:00:00,105.18187846795024,89.64
2025-08-30 07:00:00,103.34355419441118,78.6
2025-08-30 08:00:00,98.22129346317304,36.46
2025-08-30 09:00:00,97.07137775031269,5.23
2025-08-30 10:00:00,96.27261728008675,0.0
2025-08-30 11:00:00,81.86080139670649,-0.01
2025-08-30 12:00:00,72.59624325235828,-0.01
2025-08-30 13:00:00,79.57540788375047,-0.38
2025-08-30 14:00:00,87.86051344871115,9.48
2025-08-30 15:00:00,96.27261728008541,81.1
2025-08-30 16:00:00,100.61690624999893,103.9
2025-08-30 17:00:00,106.17551847223842,127.07
2025-08-30 18:00:00,107.14837644051673,129.98
2025-08-30 19:00:00,106.18598779173402,120.39
2025-08-30 20:00:00,106.0326906097594,104.94
2025-08-30 21:00:00,100.61690624999855,90.3
2025-08-30 22:00:00,98.22129346317165,88.74
2025-08-30 23:00:00,97.0713777503112,78.91
2025-08-31 00:00:00,96.97735688970108,70.53
2025-08-31 01:00:00,96.27261728008568,67.02
2025-08-31 02:00:00,96.27261728008604,63.79
2025-08-31 03:00:00,96.27261728008568,64.56
2025-08-31 04:00:00,96.27261728008581,65.0
2025-08-31 05:00:00,96.27261728008565,62.13
2025-08-31 06:00:00,97.44089688333902,22.3
2025-08-31 07:00:00,97.54562180531939,5.2
2025-08-31 08:00:00,97.07137775031137,-0.01
2025-08-31 09:00:00,96.27261728008571,-0.02
2025-08-31 10:00:00,94.87131662251701,-0.11
2025-08-31 11:00:00,89.12174847060125,-1.0
2025-08-31 12:00:00,92.54273178553157,-0.61
2025-08-31 13:00:00,93.38775850185688,0.0
2025-08-31 14:00:00,96.2726172800856,25.47
2025-08-31 15:00:00,97.8595620606645,79.74
2025-08-31 16:00:00,100.6169062499991,117.59
2025-08-31 17:00:00,109.01043898735963,135.1
2025-08-31 18:00:00,109.77971471321565,132.07
2025-08-31 19:00:00,109.5335050492365,114.15
2025-08-31 20:00:00,107.14837644051813,102.63
2025-08-31 21:00:00,99.10390127625189,89.76
2025-08-31 22:00:00,98.22129346317293,84.08
2025-08-31 23:00:00,98.22129346317291,81.43
2025-09-01 00:00:00,98.22129346317291,80.97
2025-09-01 01:00:00,98.2212934631729,80.03
2025-09-01 02:00:00,98.2212934631729,81.37
2025-09-01 03:00:00,99.27364890966952,92.58
2025-09-01 04:00:00,107.13280432740564,120.43
2025-09-01 05:00:00,108.6453415046758,125.67
2025-09-01 06:00:00,109.43926562964164,116.1
2025-09-01 07:00:00,109.33234200498006,98.19
2025-09-01 08:00:00,109.2643449889814,82.0
2025-09-01 09:00:00,103.84250401186587,69.4
2025-09-01 10:00:00,100.6665433147496,38.27
2025-09-01 11:00:00,98.2212934631729,25.03
2025-09-01 12:00:00,98.22129346317291,42.73
2025-09-01 13:00:00,98.22129346317297,67.76
2025-09-01 14:00:00,100.61690625000007,84.67
2025-09-01 15:00:00,106.5641239456548,109.7
2025-09-01 16:00:00,108.89586727792337,155.32
2025-09-01 17:00:00,110.70326512405259,250.65
2025-09-01 18:00:00,113.50560684944114,210.56
2025-09-01 19:00:00,110.70326512405269,125.2
2025-09-01 20:00:00,107.14837644051806,112.4
2025-09-01 21:00:00,106.03011899841852,100.53
2025-09-01 22:00:00,102.8795294945181,95.01
2025-09-01 23:00:00,100.66654331474962,90.11
2025-09-02 00:00:00,100.61690624999981,90.84
2025-09-02 01:00:00,100.6169062499999,92.5
2025-09-02 02:00:00,100.61690625000001,94.8
2025-09-02 03:00:00,104.76815915164974,106.85
2025-09-02 04:00:00,108.31439953150677,134.39
2025-09-02 05:00:00,109.48185273949727,153.67
2025-09-02 06:00:00,109.39211305688983,147.48
2025-09-02 07:00:00,109.34450023212747,121.05
2025-09-02 08:00:00,108.62265727787114,102.14
2025-09-02 09:00:00,105.47003472698589,84.66
2025-09-02 10:00:00,100.61690624999984,78.94
2025-09-02 11:00:00,98.22129346317297,79.73
2025-09-02 12:00:00,98.22129346317305,78.54
2025-09-02 13:00:00,98.22129346317297,84.37
2025-09-02 14:00:00,99.27364890966949,95.0
2025-09-02 15:00:00,104.09954723132189,108.97
2025-09-02 16:00:00,110.636564425562,173.16
2025-09-02 17:00:00,110.70326512405266,311.51
2025-09-02 18:00:00,110.70326512405269,263.79
2025-09-02 19:00:00,109.71730356809226,140.92
2025-09-02 20:00:00,109.35996047774444,110.47
2025-09-02 21:00:00,100.66654331474979,91.21
2025-09-02 22:00:00,98.10833794778864,97.25
2025-09-02 23:00:00,97.07137775031265,90.74
2025-09-03 00:00:00,96.36482920678797,85.95
2025-09-03 01:00:00,96.36482920678797,81.72
2025-09-03 02:00:00,96.27261728008685,81.23
2025-09-03 03:00:00,96.36482920678797,86.97
2025-09-03 04:00:00,97.85956206066568,103.2
2025-09-03 05:00:00,98.22129346317297,112.34
2025-09-03 06:00:00,100.61690624999989,109.13
2025-09-03 07:00:00,98.22129346317314,85.3
2025-09-03 08:00:00,96.27261728008669,29.04
2025-09-03 09:00:00,62.44703294370403,0.03
2025-09-03 10:00:00,66.57607335285195,-0.1
2025-09-03 11:00:00,61.59369729127176,-0.1
2025-09-03 12:00:00,38.07147071402875,-0.28
2025-09-03 13:00:00,59.697928098682546,0.0
2025-09-03 14:00:00,61.611660032766345,3.89
2025-09-03 15:00:00,67.32074545970653,63.46
2025-09-03 16:00:00,94.58284453341632,102.35
2025-09-03 17:00:00,96.27261728008706,110.92
2025-09-03 18:00:00,97.07137775031302,104.0
2025-09-03 19:00:00,94.63355327872335,94.17
2025-09-03 20:00:00,81.67000276243098,80.68
2025-09-03 21:00:00,66.38589655866855,54.25
2025-09-03 22:00:00,35.93090000000028,21.65
2025-09-03 23:00:00,35.93090000000021,17.7
2025-09-04 00:00:00,35.930900000000086,17.87
2025-09-04 01:00:00,35.93090000000014,30.02
2025-09-04 02:00:00,55.34194075322247,59.92
2025-09-04 03:00:00,81.86080139670639,83.89
2025-09-04 04:00:00,96.27261728008659,107.87
2025-09-04 05:00:00,103.01532605820248,120.0
2025-09-04 06:00:00,109.17877609426087,108.09
2025-09-04 07:00:00,109.17062361066884,77.81
2025-09-04 08:00:00,102.36176935046471,41.45
2025-09-04 09:00:00,100.61690624999987,5.79
2025-09-04 10:00:00,97.85956206066518,3.2
2025-09-04 11:00:00,92.54273178553241,3.36
2025-09-04 12:00:00,92.58260436091022,34.89
2025-09-04 13:00:00,96.27261728008658,71.0
2025-09-04 14:00:00,97.07137775031246,90.05
2025-09-04 15:00:00,104.593819887596,109.13
2025-09-04 16:00:00,109.43539599173346,191.8
2025-09-04 17:00:00,110.70326512405354,350.0
2025-09-04 18:00:00,110.70326512405252,218.82
2025-09-04 19:00:00,109.50288157392659,124.93
2025-09-04 20:00:00,109.31770569272437,112.14
2025-09-04 21:00:00,108.99530941693858,101.3
2025-09-04 22:00:00,104.1056841700426,95.25
2025-09-04 23:00:00,104.10559149631563,86.1
2025-09-05 00:00:00,100.61690624999979,85.26
2025-09-05 01:00:00,99.27364890966948,85.2
2025-09-05 02:00:00,99.27364890966994,85.6
2025-09-05 03:00:00,102.9863923334477,97.36
2025-09-05 04:00:00,109.3269371436182,119.16
2025-09-05 05:00:00,109.40647360493143,132.13
2025-09-05 06:00:00,109.43940408152442,125.75
2025-09-05 07:00:00,109.35918541255042,100.4
2025-09-05 08:00:00,109.36189202064766,87.83
2025-09-05 09:00:00,109.30958707760092,84.15
2025-09-05 10:00:00,109.20027127402498,78.25
2025-09-05 11:00:00,104.03225809489103,72.19
2025-09-05 12:00:00,99.36725395401365,70.17
2025-09-05 13:00:00,99.88768116561353,77.53
2025-09-05 14:00:00,100.61690624999981,85.0
2025-09-05 15:00:00,108.61248260066392,90.96
2025-09-05 16:00:00,109.33394301109847,108.95
2025-09-05 17:00:00,109.57444085609875,154.53
2025-09-05 18:00:00,110.70326512405232,150.75
2025-09-05 19:00:00,109.43941577303887,117.1
2025-09-05 20:00:00,109.35856140350771,107.71
2025-09-05 21:00:00,109.35856140350596,100.7
2025-09-05 22:00:00,109.35856140350576,101.21
2025-09-05 23:00:00,109.24471513886262,100.59
2025-09-06 00:00:00,109.1564862204485,99.57
2025-09-06 01:00:00,108.51589092741627,97.84
2025-09-06 02:00:00,106.97542379013139,96.96
2025-09-06 03:00:00,106.68965478224122,98.01
2025-09-06 04:00:00,109.3494482883294,102.6
2025-09-06 05:00:00,109.59355134209216,100.91
2025-09-06 06:00:00,109.68170485930206,95.98
2025-09-06 07:00:00,109.36770946858915,79.11
2025-09-06 08:00:00,103.68012308435365,11.35
2025-09-06 09:00:00,100.22324078292652,0.0
2025-09-06 10:00:00,98.221293463175,-0.02
2025-09-06 11:00:00,96.27261728009027,-0.86
2025-09-06 12:00:00,96.27261728009034,-0.99
2025-09-06 13:00:00,96.27261728008942,-0.01
2025-09-06 14:00:00,97.07137775031532,40.99
2025-09-06 15:00:00,98.22129346317543,87.6
2025-09-06 16:00:00,103.242548050562,116.47
2025-09-06 17:00:00,107.22542915465793,158.39
2025-09-06 18:00:00,106.7703792989755,139.54
2025-09-06 19:00:00,106.00211292849443,109.95
2025-09-06 20:00:00,100.66654331475198,92.95
2025-09-06 21:00:00,98.22129346317514,82.56
2025-09-06 22:00:00,97.44080655752833,89.72
2025-09-06 23:00:00,97.07137775031529,85.02
2025-09-07 00:00:00,96.9363151544845,80.77
2025-09-07 01:00:00,96.27261728008938,83.4
2025-09-07 02:00:00,96.78235165319195,82.92
2025-09-07 03:00:00,96.39548151352037,82.67
2025-09-07 04:00:00,96.78418799614843,81.5
2025-09-07 05:00:00,97.0713777503155,55.48
2025-09-07 06:00:00,97.07137775031491,0.0
2025-09-07 07:00:00,97.07137775031472,-0.09
2025-09-07 08:00:00,96.27261728008952,-4.0
2025-09-07 09:00:00,81.86080139671007,-20.09
2025-09-07 10:00:00,64.4856428217418,-40.02
2025-09-07 11:00:00,20.150337697276285,-53.4
2025-09-07 12:00:00,19.979914529917693,-49.99
2025-09-07 13:00:00,19.979914529918027,-21.21
2025-09-07 14:00:00,20.179071574535442,-2.47
2025-09-07 15:00:00,65.97005857952239,3.36
2025-09-07 16:00:00,96.27261728008831,95.91
2025-09-07 17:00:00,97.32230005635503,108.3
2025-09-07 18:00:00,98.2212934631774,96.25
2025-09-07 19:00:00,97.07137775031416,86.02
2025-09-07 20:00:00,96.27261728008864,85.01
2025-09-07 21:00:00,96.27261728008675,86.06
2025-09-07 22:00:00,94.87131662251792,79.66
2025-09-07 23:00:00,96.27261728008676,85.74
2025-09-08 00:00:00,96.27261728008675,84.7
2025-09-08 01:00:00,96.27261728008675,82.27
2025-09-08 02:00:00,97.07137775031268,83.79
2025-09-08 03:00:00,99.27364890966959,95.6
2025-09-08 04:00:00,108.94321641068913,109.9
2025-09-08 05:00:00,109.35874187074901,148.14
2025-09-08 06:00:00,109.42841957518048,125.53
2025-09-08 07:00:00,109.36817316688142,102.05
2025-09-08 08:00:00,109.36346368579568,85.83
2025-09-08 09:00:00,109.24386719413725,76.14
2025-09-08 10:00:00,108.47627265370065,65.35
2025-09-08 11:00:00,104.84567061260626,60.84
2025-09-08 12:00:00,99.27364890966996,69.65
2025-09-08 13:00:00,100.66654331474965,78.46
2025-09-08 14:00:00,107.14837644051774,99.72
2025-09-08 15:00:00,109.3673286470639,124.28
2025-09-08 16:00:00,110.28597314898434,196.61
2025-09-08 17:00:00,113.63949367666233,413.66
2025-09-08 18:00:00,113.63949367666063,308.52
2025-09-08 19:00:00,109.90005649613514,152.0
2025-09-08 20:00:00,109.41979755922567,123.93
2025-09-08 21:00:00,109.3548994753892,113.12
2025-09-08 22:00:00,109.36572389503961,114.52
2025-09-08 23:00:00,109.35281055760495,112.46
2025-09-09 00:00:00,109.3498567489316,110.35
2025-09-09 01:00:00,109.21649916742896,109.8
2025-09-09 02:00:00,109.35587071189855,110.86
2025-09-09 03:00:00,109.3586700681482,118.18
2025-09-09 04:00:00,109.63518667701494,182.39
2025-09-09 05:00:00,110.70326512405148,300.0
2025-09-09 06:00:00,110.70326512405231,196.98
2025-09-09 07:00:00,110.70326512405212,127.59
2025-09-09 08:00:00,109.46034209836785,101.73
2025-09-09 09:00:00,109.3917598043664,99.25
2025-09-09 10:00:00,109.4128355639102,87.18
2025-09-09 11:00:00,107.35877526455218,85.69
2025-09-09 12:00:00,107.14837644051785,85.51
2025-09-09 13:00:00,108.96193068789749,92.49
2025-09-09 14:00:00,109.3787000983409,103.35
2025-09-09 15:00:00,110.70326512405228,127.41
2025-09-09 16:00:00,110.70326512405268,192.68
2025-09-09 17:00:00,115.60662378739066,386.4
2025-09-09 18:00:00,113.63949367666063,215.59
2025-09-09 19:00:00,110.14762176384531,133.37
2025-09-09 20:00:00,109.40887361797982,115.79
2025-09-09 21:00:00,109.43355588950726,109.3
2025-09-09 22:00:00,109.62411785310869,106.93
2025-09-09 23:00:00,107.60224167932903,107.29
2025-09-10 00:00:00,106.6737370895923,103.73
2025-09-10 01:00:00,106.56501719967724,104.81
2025-09-10 02:00:00,106.5912991589234,104.55
2025-09-10 03:00:00,107.14837644051809,114.28
2025-09-10 04:00:00,110.70326512405276,133.35
2025-09-10 05:00:00,113.05528007720197,223.39
2025-09-10 06:00:00,113.19036430753683,171.94
2025-09-10 07:00:00,110.70326512405248,129.46
2025-09-10 08:00:00,110.70326512405245,107.33
2025-09-10 09:00:00,109.306996901201,102.39
2025-09-10 10:00:00,107.91975484717815,88.85
2025-09-10 11:00:00,106.54409742961903,86.09
2025-09-10 12:00:00,105.95055647227875,87.8
2025-09-10 13:00:00,105.95055647227908,90.8
2025-09-10 14:00:00,106.54743903033703,105.07
2025-09-10 15:00:00,107.28747863818691,127.78
2025-09-10 16:00:00,110.70326512405265,170.59
2025-09-10 17:00:00,110.70326512405259,275.19
2025-09-10 18:00:00,110.70326512405265,169.07
2025-09-10 19:00:00,108.77028995623343,122.94
2025-09-10 20:00:00,106.35060344971475,101.58
2025-09-10 21:00:00,100.66654331474902,87.63
2025-09-10 22:00:00,99.27364890966929,88.21
2025-09-10 23:00:00,98.221293463173,85.0
2025-09-11 00:00:00,97.07137775031232,77.13
2025-09-11 01:00:00,97.07137775031205,70.67
2025-09-11 02:00:00,96.61957285355896,70.67
2025-09-11 03:00:00,97.07137775031241,79.05
2025-09-11 04:00:00,100.61690625,111.18
2025-09-11 05:00:00,103.63033124511105,125.33
2025-09-11 06:00:00,105.06144514501261,120.36
2025-09-11 07:00:00,100.66654331474967,102.05
2025-09-11 08:00:00,98.22129346317297,73.64
2025-09-11 09:00:00,94.8713166225183,8.23
2025-09-11 10:00:00,96.27261728008546,-0.01
2025-09-11 11:00:00,68.67825237269813,-0.07
2025-09-11 12:00:00,63.174246181755734,-0.72
2025-09-11 13:00:00,65.97425588129283,0.0
2025-09-11 14:00:00,66.0418069926551,8.96
2025-09-11 15:00:00,94.87131662251625,75.82
2025-09-11 16:00:00,97.8595620606651,118.57
2025-09-11 17:00:00,100.61690625000028,132.86
2025-09-11 18:00:00,100.61690625000062,125.25
2025-09-11 19:00:00,98.22129346317286,111.45
2025-09-11 20:00:00,97.85956206066567,84.81
2025-09-11 21:00:00,96.2726172800883,63.89
2025-09-11 22:00:00,94.87131662251863,32.83
2025-09-11 23:00:00,89.12174847060339,33.23
2025-09-12 00:00:00,89.12174847060203,20.94
2025-09-12 01:00:00,89.71074390243916,16.35
2025-09-12 02:00:00,87.86051344871134,29.15
2025-09-12 03:00:00,94.87131662251932,51.84
2025-09-12 04:00:00,97.07137775031163,95.29
2025-09-12 05:00:00,98.22129346317251,105.73
2025-09-12 06:00:00,99.27364890966999,102.01
2025-09-12 07:00:00,99.27364890966987,48.07
2025-09-12 08:00:00,87.86051344871407,1.85
2025-09-12 09:00:00,66.4680503408324,-1.66
2025-09-12 10:00:00,87.86051344871282,-5.11
2025-09-12 11:00:00,35.930899999999156,-8.66
2025-09-12 12:00:00,32.94218263478672,-6.19
2025-09-12 13:00:00,32.94218263478706,-4.0
2025-09-12 14:00:00,35.93089999999904,-0.01
2025-09-12 15:00:00,91.42871817196419,57.69
2025-09-12 16:00:00,98.22129346317286,108.71
2025-09-12 17:00:00,103.39850610034928,155.36
2025-09-12 18:00:00,109.14326806770934,152.24
2025-09-12 19:00:00,108.32177814469442,113.96
2025-09-12 20:00:00,103.03779722735656,102.85
2025-09-12 21:00:00,98.22129346317296,96.66
2025-09-12 22:00:00,96.27261728008675,85.89
2025-09-12 23:00:00,96.27261728008682,72.75
2025-09-13 00:00:00,96.27261728008678,72.45
2025-09-13 01:00:00,96.27261728008678,72.45
2025-09-13 02:00:00,94.92639399593479,69.79
2025-09-13 03:00:00,96.27261728008682,72.75
2025-09-13 04:00:00,96.27261728008682,74.71
2025-09-13 05:00:00,96.27261728008683,74.11
2025-09-13 06:00:00,97.07137775031262,72.45
2025-09-13 07:00:00,97.07137775031266,53.85
2025-09-13 08:00:00,96.76911842001434,14.3
2025-09-13 09:00:00,89.71074390243913,2.37
2025-09-13 10:00:00,87.86051344871223,0.0
2025-09-13 11:00:00,60.489665410452574,-0.01
2025-09-13 12:00:00,35.93089999999993,-0.01
2025-09-13 13:00:00,35.93089999999994,-0.01
2025-09-13 14:00:00,71.83309059448135,3.88
2025-09-13 15:00:00,87.8605134487121,74.11
2025-09-13 16:00:00,97.85956206066558,108.1
2025-09-13 17:00:00,98.22129346317311,121.9
2025-09-13 18:00:00,100.6665433147497,118.77
2025-09-13 19:00:00,98.22129346317287,111.17
2025-09-13 20:00:00,97.8712484711187,100.0
2025-09-13 21:00:00,97.07137775031268,87.18
2025-09-13 22:00:00,97.07137775031254,85.69
2025-09-13 23:00:00,95.90722429788524,77.57
2025-09-14 00:00:00,95.77198524071365,80.61
2025-09-14 01:00:00,96.05974303545082,85.93
2025-09-14 02:00:00,96.27261728008678,93.77
2025-09-14 03:00:00,96.27261728008678,99.82
2025-09-14 04:00:00,98.22129346317308,100.75
2025-09-14 05:00:00,100.61690625000007,105.36
2025-09-14 06:00:00,104.94111061995582,108.48
2025-09-14 07:00:00,107.85368949438329,87.78
2025-09-14 08:00:00,107.14837644051836,61.68
2025-09-14 09:00:00,98.22129346317297,17.58
2025-09-14 10:00:00,97.07137775031268,6.52
2025-09-14 11:00:00,96.2726172800867,0.0
2025-09-14 12:00:00,81.86080139670639,-0.01
2025-09-14 13:00:00,79.70433092601697,0.0
2025-09-14 14:00:00,89.71074390243892,19.33
2025-09-14 15:00:00,97.4272278746958,98.2
2025-09-14 16:00:00,102.70031095291951,124.34
2025-09-14 17:00:00,106.36967703828827,153.29
2025-09-14 18:00:00,105.99659120288402,126.01
2025-09-14 19:00:00,100.66654331474959,97.37
2025-09-14 20:00:00,98.22129346317283,77.02
2025-09-14 21:00:00,96.27261728008665,14.27
2025-09-14 22:00:00,94.92642720918303,20.0
2025-09-14 23:00:00,87.86051344871214,3.87
2025-09-15 00:00:00,33.25763442040888,1.39
2025-09-15 01:00:00,19.979914529914524,0.01
2025-09-15 02:00:00,16.99875885446886,0.0
2025-09-15 03:00:00,19.97991452991411,0.9
2025-09-15 04:00:00,32.78068211480782,20.27
2025-09-15 05:00:00,62.06145141102839,54.31
2025-09-15 06:00:00,62.06177341551163,40.4
2025-09-15 07:00:00,62.06177341551155,0.9
2025-09-15 08:00:00,29.332390972061035,-0.47
2025-09-15 09:00:00,19.979914529914666,-2.61
2025-09-15 10:00:00,20.41331893790735,-8.0
2025-09-15 11:00:00,-3.5440878422720665,-14.27
2025-09-15 12:00:00,-5.000000000000217,-13.7
2025-09-15 13:00:00,-5.000000000000121,-8.9
2025-09-15 14:00:00,-5.000000000000078,-5.24
2025-09-15 15:00:00,-3.0788337702959225,-0.53
2025-09-15 16:00:00,21.324754617468344,14.01
2025-09-15 17:00:00,62.196296573755134,53.93
2025-09-15 18:00:00,62.19677210952912,47.37
2025-09-15 19:00:00,35.93089999999965,5.33
2025-09-15 20:00:00,20.218013365295008,2.91
2025-09-15 21:00:00,17.047491547115527,0.06
2025-09-15 22:00:00,-3.45407482885237,-0.01
2025-09-15 23:00:00,-4.999999999999787,-0.09
2025-09-16 00:00:00,-5.000000000000071,-0.23
2025-09-16 01:00:00,-4.9999999999999005,-1.05
2025-09-16 02:00:00,-4.999999999999943,-1.33
2025-09-16 03:00:00,-5.00000000000027,-0.01
2025-09-16 04:00:00,11.788905135055003,2.32
2025-09-16 05:00:00,20.218013365295207,16.21
2025-09-16 06:00:00,21.90966342157411,3.81
2025-09-16 07:00:00,19.979914529913586,-1.01
2025-09-16 08:00:00,-3.836930773104541e-13,-5.11
2025-09-16 09:00:00,-5.000000000000725,-10.38
2025-09-16 10:00:00,-5.000000000000469,-20.05
2025-09-16 11:00:00,-5.000000000000782,-18.03
2025-09-16 12:00:00,-5.0000000000009095,-11.17
2025-09-16 13:00:00,-5.0000000000009095,-9.99
2025-09-16 14:00:00,-5.000000000001307,-3.24
2025-09-16 15:00:00,16.73502948406222,0.0
2025-09-16 16:00:00,29.309790223425484,72.64
2025-09-16 17:00:00,96.27261728008673,103.33
2025-09-16 18:00:00,97.85956206066551,112.97
2025-09-16 19:00:00,97.07137775031268,92.97
2025-09-16 20:00:00,96.27261728008673,80.55
2025-09-16 21:00:00,92.54273178553251,65.44
2025-09-16 22:00:00,81.86080139670644,70.8
2025-09-16 23:00:00,37.79878934117376,63.47
2025-09-17 00:00:00,37.396451342516485,50.95
2025-09-17 01:00:00,37.39645134251648,48.53
2025-09-17 02:00:00,66.34645515558002,60.01
2025-09-17 03:00:00,87.86051344871214,73.82
2025-09-17 04:00:00,98.22129346317311,98.85
2025-09-17 05:00:00,101.79610030846334,117.34
2025-09-17 06:00:00,107.14837644051815,112.74
2025-09-17 07:00:00,101.80066429146851,95.14
2025-09-17 08:00:00,98.22129346317288,69.14
2025-09-17 09:00:00,96.27261728008679,41.38
2025-09-17 10:00:00,98.22129346317294,10.5
2025-09-17 11:00:00,87.86051344871207,7.88
2025-09-17 12:00:00,81.86080139670642,10.59
2025-09-17 13:00:00,87.86051344871197,43.09
2025-09-17 14:00:00,96.27261728008669,81.17
2025-09-17 15:00:00,97.85956206066527,110.0
2025-09-17 16:00:00,100.66654331474965,123.31
2025-09-17 17:00:00,107.14837644051804,142.58
2025-09-17 18:00:00,107.14837644051781,123.52
2025-09-17 19:00:00,100.66654331474973,94.2
2025-09-17 20:00:00,98.22129346317287,86.1
2025-09-17 21:00:00,97.07137775031289,73.07
2025-09-17 22:00:00,81.86080139670672,53.12
2025-09-17 23:00:00,65.8186951524754,48.29
2025-09-18 00:00:00,35.93090000000024,38.47
2025-09-18 01:00:00,35.930900000000186,37.96
2025-09-18 02:00:00,65.81869515247539,48.12
2025-09-18 03:00:00,87.86051344871231,74.15
2025-09-18 04:00:00,97.07137775031299,105.81
2025-09-18 05:00:00,100.61690624999999,117.21
2025-09-18 06:00:00,101.80952987404297,111.28
2025-09-18 07:00:00,100.66654331474963,90.8
2025-09-18 08:00:00,99.08545304356286,65.1
2025-09-18 09:00:00,97.07137775031308,5.89
2025-09-18 10:00:00,97.85956206066591,0.2
2025-09-18 11:00:00,70.62648274262662,0.0
2025-09-18 12:00:00,35.93090000000002,0.0
2025-09-18 13:00:00,21.32475461746862,0.52
2025-09-18 14:00:00,56.30029571402811,15.31
2025-09-18 15:00:00,96.27261728008675,89.79
2025-09-18 16:00:00,99.27364890966956,115.45
2025-09-18 17:00:00,106.20572112090817,134.23
2025-09-18 18:00:00,108.612840955667,128.68
2025-09-18 19:00:00,101.81286828035395,110.0
2025-09-18 20:00:00,98.22129346317296,98.94
2025-09-18 21:00:00,97.85956206066555,88.2
2025-09-18 22:00:00,97.07137775031266,74.09
2025-09-18 23:00:00,96.27261728008675,72.47
2025-09-19 00:00:00,94.94888071243406,73.45
2025-09-19 01:00:00,94.9464715825435,73.7
2025-09-19 02:00:00,96.27261728008676,74.02
2025-09-19 03:00:00,97.07137775031327,89.59
2025-09-19 04:00:00,102.99824231955782,118.92
2025-09-19 05:00:00,109.31028651980841,143.42
2025-09-19 06:00:00,109.3405909390422,118.29
2025-09-19 07:00:00,109.29241275636721,95.18
2025-09-19 08:00:00,102.7933797212386,53.7
2025-09-19 09:00:00,100.61690625000057,13.03
2025-09-19 10:00:00,100.6169062500007,0.99
2025-09-19 11:00:00,97.07137775031342,0.0
2025-09-19 12:00:00,97.07137775031308,0.0
2025-09-19 13:00:00,97.0713777503134,11.97
2025-09-19 14:00:00,98.22129346317367,74.46
2025-09-19 15:00:00,105.45058628042133,119.44
2025-09-19 16:00:00,109.33751080814743,255.21
2025-09-19 17:00:00,109.47628087867379,409.24
2025-09-19 18:00:00,109.43015329745765,167.59
2025-09-19 19:00:00,109.21438443417784,111.82
2025-09-19 20:00:00,102.63733411348379,86.04
2025-09-19 21:00:00,100.61690624999997,78.93
2025-09-19 22:00:00,96.27261728008668,87.24
2025-09-19 23:00:00,87.86051344871214,77.91
2025-09-20 00:00:00,73.7936410505475,74.99
2025-09-20 01:00:00,81.67000276243101,74.8
2025-09-20 02:00:00,81.86080139670642,74.79
2025-09-20 03:00:00,87.86051344871211,80.21
2025-09-20 04:00:00,94.87131662251787,88.51
2025-09-20 05:00:00,96.27261728008668,86.97
2025-09-20 06:00:00,98.22129346317293,75.29
2025-09-20 07:00:00,98.22129346317286,24.9
2025-09-20 08:00:00,97.85956206066551,3.02
2025-09-20 09:00:00,96.27261728008668,-0.28
2025-09-20 10:00:00,77.61799895084283,-6.1
2025-09-20 11:00:00,64.38648271550251,-10.86
2025-09-20 12:00:00,64.38648271550258,-5.1
2025-09-20 13:00:00,64.432936564039,-0.04
2025-09-20 14:00:00,70.49515152839753,26.36
2025-09-20 15:00:00,96.09409893317125,93.84
2025-09-20 16:00:00,98.22129346317277,124.58
2025-09-20 17:00:00,100.6169062499999,134.1
2025-09-20 18:00:00,99.2736489096695,99.08
2025-09-20 19:00:00,97.85956206066552,81.95
2025-09-20 20:00:00,97.0713777503126,74.5
2025-09-20 21:00:00,96.27261728008666,48.3
2025-09-20 22:00:00,87.86051344871214,8.07
2025-09-20 23:00:00,81.86080139670649,3.7
2025-09-21 00:00:00,72.9880877212751,3.46
2025-09-21 01:00:00,79.22067805436457,1.65
2025-09-21 02:00:00,72.14235813973127,2.08
2025-09-21 03:00:00,35.93090000000004,3.23
2025-09-21 04:00:00,68.31000807093231,4.41
2025-09-21 05:00:00,81.67000276243084,5.23
2025-09-21 06:00:00,81.86080139670614,3.01
2025-09-21 07:00:00,62.06351723343099,1.31
2025-09-21 08:00:00,35.93089999999982,0.0
2025-09-21 09:00:00,19.97991452991447,-0.09
2025-09-21 10:00:00,20.15106833574745,-1.2
2025-09-21 11:00:00,19.979914529914314,-2.02
2025-09-21 12:00:00,20.174743021012315,-1.31
2025-09-21 13:00:00,20.17474302101214,-0.01
2025-09-21 14:00:00,35.93089999999984,9.47
2025-09-21 15:00:00,73.41411940388265,85.18
2025-09-21 16:00:00,94.8713166225177,113.96
2025-09-21 17:00:00,97.07137775031252,120.57
2025-09-21 18:00:00,102.34787594014938,118.84
2025-09-21 19:00:00,100.61690625000011,104.68
2025-09-21 20:00:00,98.22129346317307,96.35
2025-09-21 21:00:00,97.07137775031269,91.68
2025-09-21 22:00:00,97.85956206066571,87.33
2025-09-21 23:00:00,97.0713777503128,83.57
2025-09-22 00:00:00,96.28706968677675,79.21
2025-09-22 01:00:00,96.34839588738645,79.21
2025-09-22 02:00:00,97.07137775031276,80.35
2025-09-22 03:00:00,98.2212934631732,93.59
2025-09-22 04:00:00,102.52266879854008,118.69
2025-09-22 05:00:00,107.1768197702637,130.0
2025-09-22 06:00:00,109.277513064647,130.0
2025-09-22 07:00:00,109.27889248497101,108.57
2025-09-22 08:00:00,108.48775650546108,91.82
2025-09-22 09:00:00,100.6665433147502,77.86
2025-09-22 10:00:00,100.61690625000017,74.04
2025-09-22 11:00:00,98.22129346317314,71.17
2025-09-22 12:00:00,97.85956206066565,70.23
2025-09-22 13:00:00,97.0713777503129,78.39
2025-09-22 14:00:00,97.85956206066574,84.79
2025-09-22 15:00:00,100.66654331475,100.13
2025-09-22 16:00:00,110.02120742404561,128.08
2025-09-22 17:00:00,109.35797434382684,140.92
2025-09-22 18:00:00,109.40683044023524,130.0
2025-09-22 19:00:00,109.32959669006051,114.24
2025-09-22 20:00:00,109.08663090965359,97.72
2025-09-22 21:00:00,108.59121891396791,89.99
2025-09-22 22:00:00,108.05533958630946,88.6
2025-09-22 23:00:00,104.79393743332275,90.0
2025-09-23 00:00:00,103.51243887962573,89.73
2025-09-23 01:00:00,102.12659074286034,89.93
2025-09-23 02:00:00,101.91175927598258,91.34
2025-09-23 03:00:00,107.14837644051728,98.11
2025-09-23 04:00:00,109.3613467949355,122.01
2025-09-23 05:00:00,110.70326512405214,172.36
2025-09-23 06:00:00,110.70326512405222,162.8
2025-09-23 07:00:00,109.96667663746433,125.76
2025-09-23 08:00:00,109.4044361237226,93.92
2025-09-23 09:00:00,109.27868911897944,85.51
2025-09-23 10:00:00,108.72144455972914,77.54
2025-09-23 11:00:00,100.66654331474942,74.24
2025-09-23 12:00:00,100.61690624999859,74.25
2025-09-23 13:00:00,100.66654331474884,84.11
2025-09-23 14:00:00,102.86755668220358,85.76
2025-09-23 15:00:00,107.93551841982932,102.9
2025-09-23 16:00:00,108.54388260038782,136.83
2025-09-23 17:00:00,110.70326512405138,149.58
2025-09-23 18:00:00,109.4298765928544,115.81
2025-09-23 19:00:00,109.34932515487613,94.0
2025-09-23 20:00:00,109.08317015739657,84.91
2025-09-23 21:00:00,106.4957400170134,84.1
2025-09-23 22:00:00,102.82684744102619,82.67
2025-09-23 23:00:00,99.27364890966943,82.32
2025-09-24 00:00:00,98.20045401144526,81.61
2025-09-24 01:00:00,97.07137775031262,77.95
2025-09-24 02:00:00,97.85956206066528,78.59
2025-09-24 03:00:00,100.61690625000001,82.67
2025-09-24 04:00:00,108.32098173846376,109.76
2025-09-24 05:00:00,109.36207240846964,118.01
2025-09-24 06:00:00,109.37271371420599,120.45
2025-09-24 07:00:00,109.34357359993713,107.0
2025-09-24 08:00:00,109.13254249702543,85.54
2025-09-24 09:00:00,101.78883268193691,70.09
2025-09-24 10:00:00,98.22129346317318,27.1
2025-09-24 11:00:00,84.10960474020777,10.66
2025-09-24 12:00:00,66.04180699265034,9.9
2025-09-24 13:00:00,63.1998991749383,15.0
2025-09-24 14:00:00,63.21745027365145,66.1
2025-09-24 15:00:00,87.86051344871241,85.69
2025-09-24 16:00:00,100.66654331474969,113.08
2025-09-24 17:00:00,105.57850191241091,115.93
2025-09-24 18:00:00,101.6783512012672,113.95
2025-09-24 19:00:00,100.61690625000003,91.29
2025-09-24 20:00:00,98.22129346317297,85.5
2025-09-24 21:00:00,97.07137775031268,69.68
2025-09-24 22:00:00,96.27261728008673,73.3
2025-09-24 23:00:00,96.27261728008673,69.69
2025-09-25 00:00:00,87.86051344871218,67.81
2025-09-25 01:00:00,81.67000276243097,68.09
2025-09-25 02:00:00,69.07167940844704,71.69
2025-09-25 03:00:00,94.8713166225179,77.33
2025-09-25 04:00:00,98.22129346317297,108.55
2025-09-25 05:00:00,101.69473417718608,124.26
2025-09-25 06:00:00,107.14837644051822,124.99
2025-09-25 07:00:00,108.43958800167539,104.88
2025-09-25 08:00:00,101.78296104828729,77.95
2025-09-25 09:00:00,98.22129346317297,69.24
2025-09-25 10:00:00,97.0713777503128,38.18
2025-09-25 11:00:00,77.82219326919231,16.03
2025-09-25 12:00:00,63.13144049943472,20.1
2025-09-25 13:00:00,63.17697776060859,43.66
2025-09-25 14:00:00,69.23974023005294,75.0
2025-09-25 15:00:00,96.27261728008682,88.79
2025-09-25 16:00:00,101.67978021025343,117.04
2025-09-25 17:00:00,108.99940463527375,121.47
2025-09-25 18:00:00,108.96071556395769,123.75
2025-09-25 19:00:00,107.14837644051816,105.83
2025-09-25 20:00:00,101.81074486001769,94.77
2025-09-25 21:00:00,100.6169062499994,81.09
2025-09-25 22:00:00,99.2736489096694,78.48
2025-09-25 23:00:00,98.22129346317257,75.0
2025-09-26 00:00:00,97.85956206066543,73.17
2025-09-26 01:00:00,97.8595620606653,73.18
2025-09-26 02:00:00,97.89491040667696,74.93
2025-09-26 03:00:00,100.61690624999989,82.0
2025-09-26 04:00:00,109.08043827396402,107.74
2025-09-26 05:00:00,109.35856140350904,120.33
2025-09-26 06:00:00,109.34553596885281,123.56
2025-09-26 07:00:00,109.34566158078977,110.41
2025-09-26 08:00:00,109.34328394626249,89.84
2025-09-26 09:00:00,108.51364856669367,85.36
2025-09-26 10:00:00,108.2881732093611,78.96
2025-09-26 11:00:00,100.66654331474976,73.16
2025-09-26 12:00:00,99.27364890966963,75.05
2025-09-26 13:00:00,100.6665433147497,79.99
2025-09-26 14:00:00,100.66654331474966,98.81
2025-09-26 15:00:00,108.7807202470815,109.8
2025-09-26 16:00:00,109.3408203021672,123.65
2025-09-26 17:00:00,109.36104420856893,133.02
2025-09-26 18:00:00,109.34563867499563,119.61
2025-09-26 19:00:00,109.35856140350943,106.21
2025-09-26 20:00:00,109.0063626443078,96.9
2025-09-26 21:00:00,107.02932686608207,89.9
2025-09-26 22:00:00,100.66654331474972,84.99
2025-09-26 23:00:00,100.61690624999997,83.26
2025-09-27 00:00:00,100.29611413061384,82.7
2025-09-27 01:00:00,99.27364890966942,82.51
2025-09-27 02:00:00,98.2212934631729,85.28
2025-09-27 03:00:00,98.22129346317305,89.19
2025-09-27 04:00:00,100.66654331474976,90.57
2025-09-27 05:00:00,107.14837644051843,105.45
2025-09-27 06:00:00,109.07027294347925,109.71
2025-09-27 07:00:00,109.3382946798097,96.92
2025-09-27 08:00:00,108.70644505531968,87.86
2025-09-27 09:00:00,102.811136736597,75.0
2025-09-27 10:00:00,99.27364890966956,59.77
2025-09-27 11:00:00,98.22129346317297,36.11
2025-09-27 12:00:00,97.85956206066554,48.54
2025-09-27 13:00:00,98.22129346317298,78.22
2025-09-27 14:00:00,99.27364890966957,93.1
2025-09-27 15:00:00,100.66654331474965,112.01
2025-09-27 16:00:00,109.27545674638587,133.35
2025-09-27 17:00:00,109.36853577802063,148.61
2025-09-27 18:00:00,109.3612878411165,122.53
2025-09-27 19:00:00,109.36116708181888,114.4
2025-09-27 20:00:00,109.31588115496,107.56
2025-09-27 21:00:00,108.72420567774101,99.54
2025-09-27 22:00:00,107.99729188278269,97.56
2025-09-27 23:00:00,107.93050083069569,95.31
2025-09-28 00:00:00,106.57645012895794,94.32
2025-09-28 01:00:00,103.97577374311417,91.47
2025-09-28 02:00:00,106.5865251178396,97.77
2025-09-28 03:00:00,107.14837644051806,97.58
2025-09-28 04:00:00,108.31970379541595,100.91
2025-09-28 05:00:00,109.05153966140928,105.79
2025-09-28 06:00:00,109.25771006197392,98.77
2025-09-28 07:00:00,109.29985980189315,95.04
2025-09-28 08:00:00,109.17597194903132,82.08
2025-09-28 09:00:00,108.73419392830216,37.47
2025-09-28 10:00:00,107.92686706609193,17.11
2025-09-28 11:00:00,99.1049307666834,8.53
2025-09-28 12:00:00,99.2736489096697,13.0
2025-09-28 13:00:00,99.59530770569386,61.33
2025-09-28 14:00:00,100.61690625000001,86.0
2025-09-28 15:00:00,107.14837644051835,105.89
2025-09-28 16:00:00,109.35205404805406,131.02
2025-09-28 17:00:00,109.37452533022947,137.97
2025-09-28 18:00:00,109.35856140350785,125.93
2025-09-28 19:00:00,109.35856140350899,113.51
2025-09-28 20:00:00,109.35856140350796,102.29
2025-09-28 21:00:00,109.34088328488339,95.74
2025-09-28 22:00:00,109.21206778328673,90.95
2025-09-28 23:00:00,109.21201706008897,88.76
2025-09-29 00:00:00,109.11035050513568,87.88
2025-09-29 01:00:00,109.09914354602546,87.94
2025-09-29 02:00:00,109.15526457324208,88.31
2025-09-29 03:00:00,109.35930816964672,98.37
2025-09-29 04:00:00,109.37981293143987,134.98
2025-09-29 05:00:00,110.70326512405262,222.1
2025-09-29 06:00:00,113.63949367666088,166.91
2025-09-29 07:00:00,110.70326512405248,122.06
2025-09-29 08:00:00,109.50829664832187,90.21
2025-09-29 09:00:00,109.3585639330149,84.95
2025-09-29 10:00:00,109.34867276239771,78.71
2025-09-29 11:00:00,109.24985313988161,77.08
2025-09-29 12:00:00,109.09390948458903,83.33
2025-09-29 13:00:00,109.11021118540648,87.4
2025-09-29 14:00:00,109.35534461456324,99.98
2025-09-29 15:00:00,109.38578738893126,140.79
2025-09-29 16:00:00,110.70326512405657,302.65
2025-09-29 17:00:00,114.38086362483558,406.78
2025-09-29 18:00:00,110.7032651240526,167.6
2025-09-29 19:00:00,109.4888673771396,123.85
2025-09-29 20:00:00,109.35856140350869,108.3
2025-09-29 21:00:00,109.3585614035086,93.68
2025-09-29 22:00:00,109.3434442853751,101.1
2025-09-29 23:00:00,109.34960743812697,98.43
2025-09-30 00:00:00,109.32055531025436,98.93
2025-09-30 01:00:00,109.35254569815159,94.99
2025-09-30 02:00:00,109.35366109680834,99.12
2025-09-30 03:00:00,109.35709706735227,112.08
2025-09-30 04:00:00,109.95398885474056,141.86
2025-09-30 05:00:00,113.6394936766607,244.0
2025-09-30 06:00:00,115.60662378739048,209.23
2025-09-30 07:00:00,110.70326512405288,141.85
2025-09-30 08:00:00,110.13732174662489,115.2
2025-09-30 09:00:00,109.39368956212101,96.72
2025-09-30 10:00:00,109.34265167536647,87.91
2025-09-30 11:00:00,109.27933865828936,86.04
2025-09-30 12:00:00,108.86289051683359,87.26
2025-09-30 13:00:00,109.16538346960432,96.8
2025-09-30 14:00:00,109.35335598806593,104.03
2025-09-30 15:00:00,109.46967965044784,142.64
2025-09-30 16:00:00,110.70326512405268,294.54
2025-09-30 17:00:00,115.6066237873905,357.77
2025-09-30 18:00:00,110.70326512405246,147.28
2025-09-30 19:00:00,109.53985943071788,116.04
2025-09-30 20:00:00,109.35856140350904,101.63
2025-09-30 21:00:00,109.35856140350887,92.54
2025-09-30 22:00:00,109.35007370747607,91.565
2025-09-30 23:00:00,109.34776895656286,86.285
2025-10-01 00:00:00,109.00114487487667,84.8725
2025-10-01 01:00:00,108.78439452214552,88.325
2025-10-01 02:00:00,109.20887439412441,87.655
2025-10-01 03:00:00,109.34704265200811,95.3275
2025-10-01 04:00:00,110.70326512405266,124.96
2025-10-01 05:00:00,113.63949367665992,173.29999999999998
2025-10-01 06:00:00,113.63949367666072,139.0875
2025-10-01 07:00:00,110.70326512405236,105.25
2025-10-01 08:00:00,109.41502439741767,86.035
2025-10-01 09:00:00,109.3597263541751,70.5675
2025-10-01 10:00:00,109.26583515341926,66.025
2025-10-01 11:00:00,100.69462535797403,68.4
2025-10-01 12:00:00,100.66654331474969,72.6275
2025-10-01 13:00:00,103.354340816739,81.7225
2025-10-01 14:00:00,109.17778325683028,92.87
2025-10-01 15:00:00,110.11699819780033,135.4
2025-10-01 16:00:00,113.6394936766607,253.2375
2025-10-01 17:00:00,116.64938355451118,339.9925
2025-10-01 18:00:00,113.63949367666048,152.0225
2025-10-01 19:00:00,109.61329535845482,113.035
2025-10-01 20:00:00,109.3585614035089,98.51
2025-10-01 21:00:00,109.35856140350835,90.6475
2025-10-01 22:00:00,109.33693692120872,90.805
2025-10-01 23:00:00,108.50036399198451,88.0
2025-10-02 00:00:00,108.4066827192964,86.52499999999999
2025-10-02 01:00:00,107.22361103247265,88.56
2025-10-02 02:00:00,109.13695054668246,90.8075
2025-10-02 03:00:00,109.31295064837732,95.9725
2025-10-02 04:00:00,109.67205576971382,128.72
2025-10-02 05:00:00,110.70326512405288,181.0875
2025-10-02 06:00:00,110.70326512405252,136.67749999999998
2025-10-02 07:00:00,110.12207394436552,100.505
2025-10-02 08:00:00,109.35856140350832,91.48
2025-10-02 09:00:00,109.32631903130148,78.285
2025-10-02 10:00:00,108.9789700533124,65.77
2025-10-02 11:00:00,98.3747047332247,60.5
2025-10-02 12:00:00,100.61690625000004,71.28999999999999
2025-10-02 13:00:00,102.43954725715338,80.6625
2025-10-02 14:00:00,103.7857931831236,91.445
2025-10-02 15:00:00,109.21301304489569,113.32
2025-10-02 16:00:00,110.70326512405272,167.925
2025-10-02 17:00:00,112.02654790332242,176.8375
2025-10-02 18:00:00,109.58025425998997,109.92
2025-10-02 19:00:00,109.35856140350909,90.855
2025-10-02 20:00:00,107.14837644051808,96.6575
2025-10-02 21:00:00,102.70151999989174,82.0925
2025-10-02 22:00:00,98.22129346317305,85.9325
2025-10-02 23:00:00,97.85956206066561,77.14
2025-10-03 00:00:00,97.85956206066533,71.75
2025-10-03 01:00:00,97.85956206066533,73.9075
2025-10-03 02:00:00,97.85956206066541,76.2875
2025-10-03 03:00:00,98.2212934631729,77.98
2025-10-03 04:00:00,100.61690625000061,93.78
2025-10-03 05:00:00,101.78093867430121,100.4175
2025-10-03 06:00:00,105.74081083516748,103.68
2025-10-03 07:00:00,106.32992858177228,83.9025
2025-10-03 08:00:00,101.81639738663081,59.9975
2025-10-03 09:00:00,99.27364890967029,40.5025
2025-10-03 10:00:00,98.22129346317385,26.3525
2025-10-03 11:00:00,87.86051344871245,16.5025
2025-10-03 12:00:00,75.89457136361384,26.2025
2025-10-03 13:00:00,81.67000276243114,49.8825
2025-10-03 14:00:00,87.86051344871244,63.3925
2025-10-03 15:00:00,96.27261728008698,89.9
2025-10-03 16:00:00,97.85956206066572,120.75999999999999
2025-10-03 17:00:00,98.22129346317308,109.00999999999999
2025-10-03 18:00:00,96.27261728008699,75.03999999999999
2025-10-03 19:00:00,87.86051344871237,43.4425
2025-10-03 20:00:00,35.93090000000011,25.4025
2025-10-03 21:00:00,20.174743021012194,11.1075
2025-10-03 22:00:00,19.979914529914506,0.7250000000000001
2025-10-03 23:00:00,-3.3070177340548668,-0.01
2025-10-04 00:00:00,-3.512350162537764,-0.0425
2025-10-04 01:00:00,-5.000000000000167,-0.0975
2025-10-04 02:00:00,-5.000000000000025,-1.1275
2025-10-04 03:00:00,-4.999999999999893,-1.905
2025-10-04 04:00:00,-4.999999999999822,-1.915
2025-10-04 05:00:00,-5.000000000000021,-0.775
2025-10-04 06:00:00,-4.999999999999979,-0.3
2025-10-04 07:00:00,-3.275352929119876,-0.1625
2025-10-04 08:00:00,19.97991452991448,-0.09000000000000001
2025-10-04 09:00:00,19.979914529914534,-0.0975
2025-10-04 10:00:00,21.7670497932384,-0.08
2025-10-04 11:00:00,16.866465902792342,-0.44
2025-10-04 12:00:00,-3.4448001403948645,-2.045
2025-10-04 13:00:00,-3.441071315519995,-2.605
2025-10-04 14:00:00,-3.2847902432397795,-0.095
2025-10-04 15:00:00,-2.945284385773744,-0.09250000000000003
2025-10-04 16:00:00,19.979914529914428,1.105
2025-10-04 17:00:00,19.9799145299144,3.23
2025-10-04 18:00:00,4.260378764170175e-14,0.3225
2025-10-04 19:00:00,-3.28845150901509,-0.09499999999999999
2025-10-04 20:00:00,-4.999999999999805,-0.0525
2025-10-04 21:00:00,-4.999999999999879,-0.3425
2025-10-04 22:00:00,-5.000000000000121,-0.7474999999999999
2025-10-04 23:00:00,-5.000000000000284,-1.4024999999999999
2025-10-05 00:00:00,-5.000000000000149,-4.19
2025-10-05 01:00:00,-5.00000000000016,-4.3775
2025-10-05 02:00:00,-5.000000000000341,-4.98
2025-10-05 03:00:00,-5.000000000000341,-4.4575
2025-10-05 04:00:00,-5.000000000000149,-3.76
2025-10-05 05:00:00,-5.000000000000082,-1.505
2025-10-05 06:00:00,-5.000000000000284,-0.0875
2025-10-05 07:00:00,-3.3068737400508113,-1.3925
2025-10-05 08:00:00,-3.2866672390892937,-3.33
2025-10-05 09:00:00,-3.286619904911987,-2.0175
2025-10-05 10:00:00,19.979914529914645,-3.415
2025-10-05 11:00:00,-3.445381684888165,-3.3875
2025-10-05 12:00:00,-3.534736850902476,-2.9425
2025-10-05 13:00:00,-5.000000000000075,-2.3925
2025-10-05 14:00:00,-3.278565882331481,-0.6875
2025-10-05 15:00:00,16.768671213297146,0.8525
2025-10-05 16:00:00,21.910039542282714,16.0825
2025-10-05 17:00:00,35.9308999999995,35.0475
2025-10-05 18:00:00,29.14743842396519,19.83
2025-10-05 19:00:00,21.36071349944797,5.4775
2025-10-05 20:00:00,19.979914529914456,5.202500000000001
2025-10-05 21:00:00,19.9799145299141,4.075
2025-10-05 22:00:00,19.979914529914332,20.845
2025-10-05 23:00:00,19.979914529914275,10.0475
2025-10-06 00:00:00,11.942299818105571,9.1025
2025-10-06 01:00:00,-1.8469522213903316e-13,10.7325
2025-10-06 02:00:00,11.944493901891327,16.8
2025-10-06 03:00:00,19.979914529914414,22.6025
2025-10-06 04:00:00,92.54273178553218,68.585
2025-10-06 05:00:00,98.22129346317304,105.0525
2025-10-06 06:00:00,100.66654331474953,121.7675
2025-10-06 07:00:00,101.69616566103956,121.11749999999999
2025-10-06 08:00:00,101.70505044157754,100.5275
2025-10-06 09:00:00,100.61690624999977,89.3025
2025-10-06 10:00:00,99.27364890966913,87.325
2025-10-06 11:00:00,96.27261728008676,84.5975
2025-10-06 12:00:00,97.07137775031266,92.3275
2025-10-06 13:00:00,97.8595620606655,94.5475
2025-10-06 14:00:00,98.22129346317298,104.77250000000001
2025-10-06 15:00:00,109.30501532677684,120.29
2025-10-06 16:00:00,109.49894617555735,141.5875
2025-10-06 17:00:00,110.70326512405273,168.315
2025-10-06 18:00:00,109.61725258530417,133.6775
2025-10-06 19:00:00,109.35856140350887,120.2025
2025-10-06 20:00:00,109.35856140350911,118.66499999999999
2025-10-06 21:00:00,109.35856140350879,105.5
2025-10-06 22:00:00,109.35856140350877,100.2625
2025-10-06 23:00:00,109.34960936870552,93.9875
2025-10-07 00:00:00,108.69226156582337,89.8175
2025-10-07 01:00:00,109.30346864943994,89.55
2025-10-07 02:00:00,109.30347821860562,92.975
2025-10-07 03:00:00,109.35704987728927,96.74
2025-10-07 04:00:00,109.35856140351177,134.885
2025-10-07 05:00:00,110.70326512405268,228.555
2025-10-07 06:00:00,113.63949367666025,287.67
2025-10-07 07:00:00,110.70326512405249,212.1825
2025-10-07 08:00:00,110.70326512405242,154.66
2025-10-07 09:00:00,109.47726003237602,129.9075
2025-10-07 10:00:00,109.40903850543663,110.94
2025-10-07 11:00:00,109.38915045793897,106.1825
2025-10-07 12:00:00,109.45336692703998,105.35249999999999
2025-10-07 13:00:00,110.70326512405286,113.16
2025-10-07 14:00:00,109.41607527020702,122.105
2025-10-07 15:00:00,109.58630994842058,151.84
2025-10-07 16:00:00,110.70326512405275,202.41750000000002
2025-10-07 17:00:00,112.05633998513919,213.28
2025-10-07 18:00:00,109.76469133032772,146.34
2025-10-07 19:00:00,109.35856140350897,123.2425
2025-10-07 20:00:00,109.35856140350856,107.4225
2025-10-07 21:00:00,109.35856140350873,97.4825
2025-10-07 22:00:00,109.35856140350882,93.4525
2025-10-07 23:00:00,109.33456195847215,88.4375
2025-10-08 00:00:00,109.19282223814433,87.56
2025-10-08 01:00:00,109.17747825382375,86.975
2025-10-08 02:00:00,109.20782854951166,89.6725
2025-10-08 03:00:00,109.35704988643582,97.395
2025-10-08 04:00:00,109.35856140350909,117.10749999999999
2025-10-08 05:00:00,110.70326512405268,155.58
2025-10-08 06:00:00,113.63949367666063,166.395
2025-10-08 07:00:00,110.70326512405268,135.17499999999998
2025-10-08 08:00:00,109.78579603925903,118.44500000000001
2025-10-08 09:00:00,109.35865931149755,103.325
2025-10-08 10:00:00,109.35885539801669,90.82249999999999
2025-10-08 11:00:00,109.37421639133885,89.33500000000001
2025-10-08 12:00:00,109.36958688413799,90.4425
2025-10-08 13:00:00,109.38906149215546,99.4275
2025-10-08 14:00:00,109.74029901048532,117.465
2025-10-08 15:00:00,110.70326512405272,149.48000000000002
2025-10-08 16:00:00,115.60662378739096,183.8075
2025-10-08 17:00:00,116.64938355451157,199.0025
2025-10-08 18:00:00,113.63949367666075,141.695
2025-10-08 19:00:00,110.20588126128902,114.74
2025-10-08 20:00:00,109.35856140351014,108.24000000000001
2025-10-08 21:00:00,109.35856140350805,97.83250000000001
2025-10-08 22:00:00,109.35698906834729,97.215
2025-10-08 23:00:00,109.35704988643558,92.5825
2025-10-09 00:00:00,109.34637016788193,93.2625
2025-10-09 01:00:00,109.31294201096038,90.8175
2025-10-09 02:00:00,109.20887439412351,92.7
2025-10-09 03:00:00,109.34770652818283,101.1525
2025-10-09 04:00:00,110.7032651240527,125.58
2025-10-09 05:00:00,115.60662378739048,145.0
2025-10-09 06:00:00,116.64938355451135,149.9
2025-10-09 07:00:00,113.63949367666059,132.4875
2025-10-09 08:00:00,110.70326512405263,109.6875
2025-10-09 09:00:00,109.49443186552732,96.9625
2025-10-09 10:00:00,109.35496417319727,91.02250000000001
2025-10-09 11:00:00,107.58403784799641,83.3525
2025-10-09 12:00:00,100.61690624999996,83.2
2025-10-09 13:00:00,100.66654331474966,88.8275
2025-10-09 14:00:00,100.66654331474966,92.075
2025-10-09 15:00:00,109.24560925635964,110.00999999999999
2025-10-09 16:00:00,109.50987529050809,122.9075
2025-10-09 17:00:00,110.36234328137265,123.1125
2025-10-09 18:00:00,109.45407668144243,112.3625
2025-10-09 19:00:00,109.34545253961981,98.0925
2025-10-09 20:00:00,109.02081713386936,96.83250000000001
2025-10-09 21:00:00,106.32642377752317,88.7
2025-10-09 22:00:00,102.7799487544724,88.01
2025-10-09 23:00:00,100.61690624999979,84.9675
2025-10-10 00:00:00,99.55764934798243,80.0875
2025-10-10 01:00:00,99.55764934798259,78.285
2025-10-10 02:00:00,99.38388552206217,79.21000000000001
2025-10-10 03:00:00,100.61690624999963,86.0725
2025-10-10 04:00:00,109.07777236984319,102.6375
2025-10-10 05:00:00,109.3581210750838,119.325
2025-10-10 06:00:00,109.35690241665458,122.6125
2025-10-10 07:00:00,109.35139065733868,107.765
2025-10-10 08:00:00,109.36263183803756,93.0075
2025-10-10 09:00:00,108.94348786253143,82.1175
2025-10-10 10:00:00,109.09293759382577,77.5325
2025-10-10 11:00:00,108.92330657475573,75.69
2025-10-10 12:00:00,106.21979859365055,77.2575
2025-10-10 13:00:00,104.81644299464044,88.89500000000001
2025-10-10 14:00:00,108.52187085619009,97.8575
2025-10-10 15:00:00,109.19273633786607,118.2
2025-10-10 16:00:00,109.402067081559,120.605
2025-10-10 17:00:00,109.38057290359224,123.29
2025-10-10 18:00:00,109.34830481509454,115.38999999999999
2025-10-10 19:00:00,109.3433431545877,103.915
2025-10-10 20:00:00,109.24402409407222,97.7375
2025-10-10 21:00:00,108.54072865285175,93.35
2025-10-10 22:00:00,108.55390504908605,92.9675
2025-10-10 23:00:00,106.40488895148133,88.83500000000001
2025-10-11 00:00:00,101.90040721009291,87.3875
2025-10-11 01:00:00,100.66654331474945,84.175
2025-10-11 02:00:00,100.6665433147495,82.0275
2025-10-11 03:00:00,100.66654331474929,84.755
2025-10-11 04:00:00,104.09946229290568,90.265
2025-10-11 05:00:00,108.5539021252785,96.7525
2025-10-11 06:00:00,109.30442698964573,100.4
2025-10-11 07:00:00,109.34754279843017,92.96
2025-10-11 08:00:00,109.20418734732625,82.4325
2025-10-11 09:00:00,107.14837644051819,74.02
2025-10-11 10:00:00,107.1483764405183,55.417500000000004
2025-10-11 11:00:00,99.27364890966938,46.7725
2025-10-11 12:00:00,98.22129346317281,51.03
2025-10-11 13:00:00,99.27364890966933,76.9425
2025-10-11 14:00:00,99.43629046235472,83.65
2025-10-11 15:00:00,105.82149239576222,114.005
2025-10-11 16:00:00,109.35551106104306,126.4375
2025-10-11 17:00:00,109.3785099522459,130.1725
2025-10-11 18:00:00,109.35856140350865,120.63499999999999
2025-10-11 19:00:00,109.35856140350853,112.545
2025-10-11 20:00:00,109.35856140350879,106.9075
2025-10-11 21:00:00,109.33265226704704,95.0975
2025-10-11 22:00:00,109.10224102615284,96.1775
2025-10-11 23:00:00,108.5539021252785,92.16749999999999
2025-10-12 00:00:00,107.93095802735884,88.86
2025-10-12 01:00:00,107.14837644051805,85.13
2025-10-12 02:00:00,105.96648255773808,86.4125
2025-10-12 03:00:00,103.55901104958981,86.6575
2025-10-12 04:00:00,105.78021275470475,88.3
2025-10-12 05:00:00,107.14837644051802,89.1725
2025-10-12 06:00:00,108.58326824489096,88.66
2025-10-12 07:00:00,109.09512490029164,83.0625
2025-10-12 08:00:00,107.148376440518,76.205
2025-10-12 09:00:00,101.99966758966619,71.9
2025-10-12 10:00:00,99.79700049467593,66.8875
2025-10-12 11:00:00,98.22129346317303,52.16
2025-10-12 12:00:00,98.22129346317293,62.475
2025-10-12 13:00:00,98.22129346317288,79.985
2025-10-12 14:00:00,99.66908867784662,88.0025
2025-10-12 15:00:00,102.03624624240199,105.55
2025-10-12 16:00:00,109.35696134826982,108.9
2025-10-12 17:00:00,109.41056501342892,116.64
2025-10-12 18:00:00,109.35856140350887,115.5275
2025-10-12 19:00:00,109.35856140350883,110.44749999999999
2025-10-12 20:00:00,109.35856140350867,107.78999999999999
2025-10-12 21:00:00,109.34078148356772,93.445
2025-10-12 22:00:00,109.33610530392019,93.4525
2025-10-12 23:00:00,109.15619076222717,90.26
2025-10-13 00:00:00,109.07748222462772,90.8325
2025-10-13 01:00:00,109.06077592544489,89.1225
2025-10-13 02:00:00,109.3419403402868,93.4525
2025-10-13 03:00:00,109.36702353807847,98.095
2025-10-13 04:00:00,110.01211767604825,131.41
2025-10-13 05:00:00,115.60662378739063,218.6375
2025-10-13 06:00:00,116.64938355451133,199.5575
2025-10-13 07:00:00,115.60662378739063,150.185
2025-10-13 08:00:00,110.7032651240527,125.0975
2025-10-13 09:00:00,110.70326512405265,110.0
2025-10-13 10:00:00,109.40065332787444,95.1
2025-10-13 11:00:00,109.36253162514518,89.8575
2025-10-13 12:00:00,109.38713324488138,92.0975
2025-10-13 13:00:00,109.42906810717801,101.8425
2025-10-13 14:00:00,109.65634575170272,117.9025
2025-10-13 15:00:00,110.70326512405296,180.6
2025-10-13 16:00:00,116.64938355451167,305.74
2025-10-13 17:00:00,116.6493835545115,306.575
2025-10-13 18:00:00,115.60662378739084,186.9525
2025-10-13 19:00:00,110.70326512405289,137.175
2025-10-13 20:00:00,109.4883415175746,121.9875
2025-10-13 21:00:00,109.35856140350964,111.275
2025-10-13 22:00:00,109.3585614035088,109.1825
2025-10-13 23:00:00,109.35856140350882,103.015
2025-10-14 00:00:00,109.34016281339697,99.52
2025-10-14 01:00:00,109.34002750121408,98.8675
2025-10-14 02:00:00,109.35847800218568,100.0475
2025-10-14 03:00:00,109.36058739203501,101.44749999999999
2025-10-14 04:00:00,110.06004431768339,123.29249999999999
2025-10-14 05:00:00,113.63949367666055,160.195
2025-10-14 06:00:00,115.8942064491523,190.82
2025-10-14 07:00:00,113.63949367666078,156.445
2025-10-14 08:00:00,110.70326512405283,134.725
2025-10-14 09:00:00,109.44297733953361,119.845
2025-10-14 10:00:00,109.38891207452437,107.64750000000001
2025-10-14 11:00:00,109.35180015663352,102.9975
2025-10-14 12:00:00,109.21117099842125,105.265
2025-10-14 13:00:00,110.70326512405715,122.275
2025-10-14 14:00:00,109.4445318310942,146.6
2025-10-14 15:00:00,110.7032651240526,219.195
2025-10-14 16:00:00,115.87414095462033,404.9575
2025-10-14 17:00:00,116.3503349302247,407.205
2025-10-14 18:00:00,115.88319200009218,225.48
2025-10-14 19:00:00,110.70326512405241,163.04
2025-10-14 20:00:00,109.55276764198439,129.85750000000002
2025-10-14 21:00:00,109.35856140351058,115.36
2025-10-14 22:00:00,109.35856140350995,115.4625
2025-10-14 23:00:00,109.35856140350992,111.865
2025-10-15 00:00:00,109.36182631645737,107.68
2025-10-15 01:00:00,109.36160656542401,103.6175
2025-10-15 02:00:00,109.37700839728929,106.48
2025-10-15 03:00:00,109.36426769381815,114.3975
2025-10-15 04:00:00,110.70326512405248,151.96
2025-10-15 05:00:00,116.64938355451135,278.74
2025-10-15 06:00:00,116.64938355451135,276.1975
2025-10-15 07:00:00,116.64938355451135,181.0525
2025-10-15 08:00:00,115.60662378739066,142.3575
2025-10-15 09:00:00,110.70326512405268,126.105
2025-10-15 10:00:00,110.57543549781916,119.425
2025-10-15 11:00:00,109.391613813894,112.8775
2025-10-15 12:00:00,109.37342407011906,115.39250000000001
2025-10-15 13:00:00,109.44453183109962,122.64250000000001
2025-10-15 14:00:00,110.70326512405273,135.6925
2025-10-15 15:00:00,110.70326512405282,170.0
2025-10-15 16:00:00,115.60662378739045,221.8775
2025-10-15 17:00:00,115.90317719827942,220.0
2025-10-15 18:00:00,113.63949367666063,152.845
2025-10-15 19:00:00,110.70326512405273,124.3425
2025-10-15 20:00:00,109.43941577304889,98.21
2025-10-15 21:00:00,109.35856140351356,88.17
2025-10-15 22:00:00,109.35856140350842,88.16499999999999
2025-10-15 23:00:00,109.3585614035118,85.8075
2025-10-16 00:00:00,109.32990549134723,88.0
2025-10-16 01:00:00,109.10248750801802,86.655
2025-10-16 02:00:00,109.15956713141136,88.335
2025-10-16 03:00:00,109.33793439379212,85.045
2025-10-16 04:00:00,109.40332775165984,96.1925
2025-10-16 05:00:00,110.70326512405279,116.1225
2025-10-16 06:00:00,112.66198729108743,132.76749999999998
2025-10-16 07:00:00,110.70326512405268,119.93
2025-10-16 08:00:00,109.4868829347914,92.2375
2025-10-16 09:00:00,109.37490200302997,88.3075
2025-10-16 10:00:00,109.38572573939172,83.4025
2025-10-16 11:00:00,109.33221936586534,81.47500000000001
2025-10-16 12:00:00,109.27845139264804,82.98
2025-10-16 13:00:00,109.19079853904458,83.0275
2025-10-16 14:00:00,109.3199152937371,89.0275
2025-10-16 15:00:00,109.43350592544314,120.91499999999999
2025-10-16 16:00:00,110.70326512405268,130.0
2025-10-16 17:00:00,110.70326512405268,140.59
2025-10-16 18:00:00,110.70326512405268,125.595
2025-10-16 19:00:00,109.42853091158413,102.2325
2025-10-16 20:00:00,109.35856140350873,99.855
2025-10-16 21:00:00,109.3585614035087,93.3625
2025-10-16 22:00:00,109.35856140350863,88.14750000000001
2025-10-16 23:00:00,109.35856140350863,88.3125
2025-10-17 00:00:00,109.32990549134085,89.0575
2025-10-17 01:00:00,109.29952254505335,88.4575
2025-10-17 02:00:00,109.32540085964986,90.5875
2025-10-17 03:00:00,109.33793439378705,94.50999999999999
2025-10-17 04:00:00,109.3585614035087,107.91
2025-10-17 05:00:00,110.70326512405263,129.485
2025-10-17 06:00:00,112.78384451915466,144.835
2025-10-17 07:00:00,110.70326512405288,129.02
2025-10-17 08:00:00,109.71190235658642,117.18
2025-10-17 09:00:00,109.41057421968112,99.0375
2025-10-17 10:00:00,109.37870742519252,88.14
2025-10-17 11:00:00,109.27804035165288,86.7175
2025-10-17 12:00:00,107.14837644051806,87.805
2025-10-17 13:00:00,105.64893248609407,88.6425
2025-10-17 14:00:00,109.00739829333307,95.0
2025-10-17 15:00:00,109.41126223116049,117.1675
2025-10-17 16:00:00,110.70326512405333,129.31
2025-10-17 17:00:00,110.7032651240525,130.69
2025-10-17 18:00:00,109.49472497242198,116.98750000000001
2025-10-17 19:00:00,109.35690838401995,104.055
2025-10-17 20:00:00,109.35856140350842,102.1825
2025-10-17 21:00:00,109.35856140350364,92.4975
2025-10-17 22:00:00,109.35856140350604,94.61500000000001
2025-10-17 23:00:00,109.32990549134225,89.86
2025-10-18 00:00:00,109.17655361090583,89.8125
2025-10-18 01:00:00,109.15645314827694,88.33500000000001
2025-10-18 02:00:00,109.15645314827694,88.35
2025-10-18 03:00:00,109.17743282744175,88.315
2025-10-18 04:00:00,109.35231886471894,91.955
2025-10-18 05:00:00,109.35728924134881,109.4725
2025-10-18 06:00:00,109.41171246802524,114.545
2025-10-18 07:00:00,109.40033920777176,102.2425
2025-10-18 08:00:00,109.35320334684383,91.4675
2025-10-18 09:00:00,109.10123288944943,80.7875
2025-10-18 10:00:00,107.14837644051812,73.94
2025-10-18 11:00:00,100.61690624999997,67.5325
2025-10-18 12:00:00,99.64380536421046,72.2975
2025-10-18 13:00:00,99.65124511174942,83.5
2025-10-18 14:00:00,100.66654331474969,96.55000000000001
2025-10-18 15:00:00,108.182303776115,120.64
2025-10-18 16:00:00,109.5858034141983,133.235
2025-10-18 17:00:00,109.71405314874798,124.82249999999999
2025-10-18 18:00:00,109.4000974809873,112.995
2025-10-18 19:00:00,109.33750494973248,92.5525
2025-10-18 20:00:00,108.58696737706991,95.5775
2025-10-18 21:00:00,103.65152735024927,94.355
2025-10-18 22:00:00,100.61690625000006,92.3425
2025-10-18 23:00:00,98.22129346317257,87.58500000000001
2025-10-19 00:00:00,98.2212934631731,82.2925
2025-10-19 01:00:00,98.2212934631731,82.14
2025-10-19 02:00:00,98.22129346317301,83.2125
2025-10-19 03:00:00,98.22129346317301,83.4975
2025-10-19 04:00:00,98.22129346317314,85.25
2025-10-19 05:00:00,99.27364890966962,85.255
2025-10-19 06:00:00,99.27364890966957,87.1575
2025-10-19 07:00:00,99.27364890966963,78.4325
2025-10-19 08:00:00,97.85956206066582,69.6375
2025-10-19 09:00:00,97.85956206066585,60.3
2025-10-19 10:00:00,97.07137775031333,34.567499999999995
2025-10-19 11:00:00,87.86051344871265,20.295
2025-10-19 12:00:00,71.56020180785674,36.2175
2025-10-19 13:00:00,72.86649723679484,66.77250000000001
2025-10-19 14:00:00,79.83319868368945,89.93
2025-10-19 15:00:00,96.27261728008719,106.07249999999999
2025-10-19 16:00:00,97.85956206066605,107.6875
2025-10-19 17:00:00,97.85956206066595,85.62
2025-10-19 18:00:00,96.27261728008718,75.5025
2025-10-19 19:00:00,96.27261728008696,73.15
2025-10-19 20:00:00,96.27261728008693,74.74249999999999
2025-10-19 21:00:00,94.6043765932877,60.855000000000004
2025-10-19 22:00:00,94.60334705163474,70.03750000000001
2025-10-19 23:00:00,89.71074390243997,63.975
2025-10-20 00:00:00,87.860513448713,60.980000000000004
2025-10-20 01:00:00,87.86051344871274,60.0025
2025-10-20 02:00:00,87.86051344871257,60.6025
2025-10-20 03:00:00,92.5427317855331,74.81
2025-10-20 04:00:00,97.07137775031357,76.2525
2025-10-20 05:00:00,98.22129346317297,91.8675
2025-10-20 06:00:00,102.55192221012291,125.0975
2025-10-20 07:00:00,102.86316655130973,92.185
2025-10-20 08:00:00,101.79709087016498,73.15
2025-10-20 09:00:00,100.66654331474967,69.935
2025-10-20 10:00:00,100.66654331474965,60.2875
2025-10-20 11:00:00,97.85956206066554,65.2725
2025-10-20 12:00:00,97.07137775031265,76.08500000000001
2025-10-20 13:00:00,97.07137775031262,97.14
2025-10-20 14:00:00,97.07137775031258,119.51
2025-10-20 15:00:00,98.22129346317286,131.1225
2025-10-20 16:00:00,99.27364890966952,125.08999999999999
2025-10-20 17:00:00,103.04513812090744,103.0
2025-10-20 18:00:00,98.22129346317301,82.29
2025-10-20 19:00:00,96.27261728008678,76.2525
2025-10-20 20:00:00,89.12174847060213,68.3775
2025-10-20 21:00:00,81.8608013967065,51.0
2025-10-20 22:00:00,81.86080139670655,61.480000000000004
2025-10-20 23:00:00,66.3827676758221,43.8325
2025-10-21 00:00:00,51.847302841660586,33.0725
2025-10-21 01:00:00,35.93090000000016,22.2775
2025-10-21 02:00:00,35.930900000000186,25.9125
2025-10-21 03:00:00,37.81125876473175,47.46
2025-10-21 04:00:00,81.67000276243088,75.095
2025-10-21 05:00:00,97.07137775031265,88.1225
2025-10-21 06:00:00,98.82016990115537,91.5825
2025-10-21 07:00:00,98.57837628707436,84.7175
2025-10-21 08:00:00,97.85956206066562,74.27
2025-10-21 09:00:00,96.27261728008669,65.1125
2025-10-21 10:00:00,99.00573794048327,47.455
2025-10-21 11:00:00,78.01894215465373,31.5825
2025-10-21 12:00:00,63.15433541897922,33.06
2025-10-21 13:00:00,63.15433541897922,60.230000000000004
2025-10-21 14:00:00,81.86080139670658,68.2025
2025-10-21 15:00:00,96.27261728008712,100.0
2025-10-21 16:00:00,102.18237420613383,121.8
2025-10-21 17:00:00,107.44370045757798,115.38499999999999
2025-10-21 18:00:00,106.97111097768561,99.6725
2025-10-21 19:00:00,100.66654331474975,81.055
2025-10-21 20:00:00,98.22129346317298,81.68
2025-10-21 21:00:00,97.5175967246002,74.33
2025-10-21 22:00:00,96.2726172800868,87.8375
2025-10-21 23:00:00,96.27261728008696,87.4925
2025-10-22 00:00:00,96.27261728008683,85.405
2025-10-22 01:00:00,96.27261728008689,89.3475
2025-10-22 02:00:00,97.07137775031288,89.5025
2025-10-22 03:00:00,98.22129346317325,90.175
2025-10-22 04:00:00,107.14837644051812,99.3925
2025-10-22 05:00:00,109.37025651659235,100.1825
2025-10-22 06:00:00,109.56507757239986,113.7575
2025-10-22 07:00:00,109.44633352629648,125.7175
2025-10-22 08:00:00,109.40206708155883,105.72749999999999
2025-10-22 09:00:00,109.30701827237333,91.215
2025-10-22 10:00:00,109.29196890893203,87.1
2025-10-22 11:00:00,109.16870393570235,86.0
2025-10-22 12:00:00,109.24737585314101,93.46000000000001
2025-10-22 13:00:00,109.33545803070518,110.655
2025-10-22 14:00:00,109.35034854718022,135.0
2025-10-22 15:00:00,110.70326512405279,198.0525
2025-10-22 16:00:00,115.60662378739079,296.48249999999996
2025-10-22 17:00:00,116.5010060130202,279.76
2025-10-22 18:00:00,115.60662378739066,185.31
2025-10-22 19:00:00,110.70326512405276,133.9475
2025-10-22 20:00:00,109.62348787872153,122.065
2025-10-22 21:00:00,110.54425914473306,108.0925
2025-10-22 22:00:00,109.52840057315727,101.375
2025-10-22 23:00:00,100.66654331474983,98.745
2025-10-23 00:00:00,97.85956206066572,95.0675
2025-10-23 01:00:00,94.87131662251797,79.9225
2025-10-23 02:00:00,87.8605134487122,70.9975
2025-10-23 03:00:00,81.86080139670653,67.52
2025-10-23 04:00:00,86.63383669851231,72.25
2025-10-23 05:00:00,89.71074390243905,82.2825
2025-10-23 06:00:00,89.12174847060216,90.0
2025-10-23 07:00:00,81.86080139670655,83.0175
2025-10-23 08:00:00,61.755494031073496,79.7025
2025-10-23 09:00:00,61.659806865135764,69.6
2025-10-23 10:00:00,94.8713166225181,66.0975
2025-10-23 11:00:00,81.85171867840359,64.105
2025-10-23 12:00:00,61.54060923840877,63.535000000000004
2025-10-23 13:00:00,61.54060923840887,75.605
2025-10-23 14:00:00,69.21198773209942,85.4975
2025-10-23 15:00:00,79.34679745074736,98.1175
2025-10-23 16:00:00,94.87131662251792,114.93
2025-10-23 17:00:00,89.12174847060211,107.9125
2025-10-23 18:00:00,66.55325969877813,87.7125
2025-10-23 19:00:00,38.1213630982101,82.8125
2025-10-23 20:00:00,24.83459272226048,77.655
2025-10-23 21:00:00,19.97991452991453,60.0775
2025-10-23 22:00:00,19.979914529914645,14.335
2025-10-23 23:00:00,7.997788809962383,9.835
2025-10-24 00:00:00,-4.999999999999954,6.5249999999999995
2025-10-24 01:00:00,-5.000000000001041,1.025
2025-10-24 02:00:00,-5.000000000001041,2.19
2025-10-24 03:00:00,-3.3070177340552895,7.525
2025-10-24 04:00:00,19.97991452991473,23.2775
2025-10-24 05:00:00,22.642251595750853,64.985
2025-10-24 06:00:00,38.11748437084992,84.87
2025-10-24 07:00:00,81.86080139670584,76.5475
2025-10-24 08:00:00,35.93089999999968,58.3025
2025-10-24 09:00:00,20.2180133652953,33.0
2025-10-24 10:00:00,22.0787729164145,1.2525
2025-10-24 11:00:00,-3.3682332307339635,-0.01
2025-10-24 12:00:00,-5.000000000000213,-0.01
2025-10-24 13:00:00,-5.000000000000213,1.81
2025-10-24 14:00:00,-3.5598741102391678,37.32
2025-10-24 15:00:00,19.97991452991416,66.26
2025-10-24 16:00:00,33.407638921659355,74.61
2025-10-24 17:00:00,38.10018293272046,74.61250000000001
2025-10-24 18:00:00,34.14584130086908,57.05
2025-10-24 19:00:00,20.43741307768679,41.5075
2025-10-24 20:00:00,19.979914529914236,28.9225
2025-10-24 21:00:00,16.69448353178328,9.9675
2025-10-24 22:00:00,16.901823953984056,3.525
2025-10-24 23:00:00,-2.6645352591003757e-13,1.3199999999999998
2025-10-25 00:00:00,-3.4540628210954125,0.9249999999999999
2025-10-25 01:00:00,-3.4540628210954125,-0.0025
2025-10-25 02:00:00,-3.4539960996567807,-0.0075
2025-10-25 03:00:00,-3.4539960996567807,0.16499999999999998
2025-10-25 04:00:00,-4.938272013532696e-13,0.5225000000000001
2025-10-25 05:00:00,16.694551747692707,0.99
2025-10-25 06:00:00,19.979914529914243,3.995
2025-10-25 07:00:00,19.979914529914137,7.5825000000000005
2025-10-25 08:00:00,19.979914529913906,6.7275
2025-10-25 09:00:00,11.879697623301656,4.765000000000001
2025-10-25 10:00:00,21.324754617467647,6.095000000000001
2025-10-25 11:00:00,19.979914529913874,4.37
2025-10-25 12:00:00,11.923792375354775,4.03
2025-10-25 13:00:00,16.88363986691915,3.945
2025-10-25 14:00:00,16.73659495671727,5.5575
2025-10-25 15:00:00,19.979914529913977,25.3075
2025-10-25 16:00:00,58.46408367328189,55.2525
2025-10-25 17:00:00,66.76331281643881,61.265
2025-10-25 18:00:00,63.71887218080378,33.995
2025-10-25 19:00:00,35.93089999999911,14.1075
2025-10-25 20:00:00,35.93089999999907,16.682499999999997
2025-10-25 21:00:00,21.688962766988745,8.17
2025-10-25 22:00:00,32.9653706592571,5.5725
2025-10-25 23:00:00,19.97991452991378,3.6975
2025-10-26 00:00:00,19.97991452991434,3.19
2025-10-26 01:00:00,12.610042192307876,2.015
2025-10-26 02:00:00,-7.815970093361102e-13,0.34249999999999997
2025-10-26 03:00:00,-3.4539960996608983,0.10250000000000001
2025-10-26 04:00:00,-3.4539960996570684,0.10500000000000001
2025-10-26 05:00:00,-3.4539960996607455,0.1075
2025-10-26 06:00:00,-9.414691248821327e-13,0.10250000000000001
2025-10-26 07:00:00,16.681420823149836,-0.01
2025-10-26 08:00:00,16.085404911484275,-0.3125
2025-10-26 09:00:00,-5.000000000000753,-0.065
2025-10-26 10:00:00,-5.000000000000316,-0.08
2025-10-26 11:00:00,-5.0000000000004015,-0.065
2025-10-26 12:00:00,-5.000000000000668,-0.545
2025-10-26 13:00:00,-5.000000000000735,-0.7325
2025-10-26 14:00:00,-5.000000000000661,-0.009999999999999995
2025-10-26 15:00:00,-1.1544626864329963,3.0375
2025-10-26 16:00:00,19.97991452991445,30.002499999999998
2025-10-26 17:00:00,20.17474302101212,42.0225
2025-10-26 18:00:00,19.979914529914236,34.730000000000004
2025-10-26 19:00:00,19.97991452991396,16.642500000000002
2025-10-26 20:00:00,16.681976114187332,3.065
2025-10-26 21:00:00,-1.3855583347321954e-13,14.907499999999999
2025-10-26 22:00:00,-3.45406282109089,5.0600000000000005
2025-10-26 23:00:00,-5.000000000000892,1.3424999999999998
2025-10-27 00:00:00,-4.9999999999999964,1.8250000000000002
2025-10-27 01:00:00,-5.0000000000002665,1.25
2025-10-27 02:00:00,-5.000000000000181,-0.0025
2025-10-27 03:00:00,-4.9999999999998614,1.3074999999999999
2025-10-27 04:00:00,-4.085620730620576e-13,10.782499999999999
2025-10-27 05:00:00,32.5857561798403,55.0
2025-10-27 06:00:00,81.8608013967058,86.065
2025-10-27 07:00:00,95.98994764224827,100.14750000000001
2025-10-27 08:00:00,96.2726172800854,101.86
2025-10-27 09:00:00,96.1526354830608,96.7375
2025-10-27 10:00:00,96.27261728008659,94.6325
2025-10-27 11:00:00,96.27261728008611,82.6975
2025-10-27 12:00:00,87.8605134487122,81.1225
2025-10-27 13:00:00,87.8605134487122,83.3475
2025-10-27 14:00:00,81.86080139670645,83.66499999999999
2025-10-27 15:00:00,87.8605134487122,99.2325
2025-10-27 16:00:00,100.61690625,110.71000000000001
2025-10-27 17:00:00,101.6783512012673,126.5375
2025-10-27 18:00:00,100.66654331474969,113.4975
2025-10-27 19:00:00,98.22129346317296,95.035
2025-10-27 20:00:00,96.27261728008669,77.94
2025-10-27 21:00:00,81.86080139670639,74.48
2025-10-27 22:00:00,32.92935395570692,62.425
2025-10-27 23:00:00,19.979914529914346,44.11
2025-10-28 00:00:00,16.99875885446986,28.8825
2025-10-28 01:00:00,1.6043044490419638,18.5425
2025-10-28 02:00:00,16.99875885446966,10.2225
2025-10-28 03:00:00,19.979914529914144,10.9525
2025-10-28 04:00:00,20.179071574531978,30.4075
2025-10-28 05:00:00,66.5040308633859,59.5225
2025-10-28 06:00:00,96.27261728008644,80.3825
2025-10-28 07:00:00,96.27261728008682,89.395
2025-10-28 08:00:00,96.27261728008665,87.36500000000001
2025-10-28 09:00:00,87.86051344871196,81.0025
2025-10-28 10:00:00,96.27261728008666,75.41499999999999
2025-10-28 11:00:00,81.67000276243073,67.56
2025-10-28 12:00:00,35.930899999999845,62.3025
2025-10-28 13:00:00,22.056514983208878,64.42
2025-10-28 14:00:00,21.42128475417804,73.0975
2025-10-28 15:00:00,29.442390172137,80.07249999999999
2025-10-28 16:00:00,94.87131662251798,93.8325
2025-10-28 17:00:00,98.22129346317315,110.22999999999999
2025-10-28 18:00:00,97.85956206066565,106.91250000000001
2025-10-28 19:00:00,97.07137775031286,91.925
2025-10-28 20:00:00,96.27261728008683,80.8375
2025-10-28 21:00:00,81.86080139670631,79.58
2025-10-28 22:00:00,35.930899999999895,73.2225
2025-10-28 23:00:00,29.069858039385057,58.8025
2025-10-29 00:00:00,29.069366164446453,54.035
2025-10-29 01:00:00,33.329750314213946,54.155
2025-10-29 02:00:00,66.3827676758212,56.3475
2025-10-29 03:00:00,81.8608013967061,54.725
2025-10-29 04:00:00,94.6043765932878,66.6175
2025-10-29 05:00:00,98.22129346317271,95.4325
2025-10-29 06:00:00,102.52735687782553,107.5325
2025-10-29 07:00:00,108.74476392422002,100.265
2025-10-29 08:00:00,106.05017779515694,85.805
2025-10-29 09:00:00,101.81358544249824,71.9525
2025-10-29 10:00:00,102.76844550175568,70.2125
2025-10-29 11:00:00,100.6169062499993,70.8375
2025-10-29 12:00:00,100.61690624999903,77.1125
2025-10-29 13:00:00,102.76790644527654,88.8525
2025-10-29 14:00:00,108.93238086187264,116.3575
2025-10-29 15:00:00,109.340417214891,126.23249999999999
2025-10-29 16:00:00,109.39765810148154,126.975
2025-10-29 17:00:00,109.40819355599704,128.7425
2025-10-29 18:00:00,109.35277219862043,113.5425
2025-10-29 19:00:00,109.35296894816254,102.65
2025-10-29 20:00:00,107.96986720556183,96.5025
2025-10-29 21:00:00,102.40706931249741,94.4225
2025-10-29 22:00:00,100.61690625000013,87.1425
2025-10-29 23:00:00,97.07137775031273,75.245
2025-10-30 00:00:00,96.27261728008722,70.105
2025-10-30 01:00:00,89.71074390243923,65.525
2025-10-30 02:00:00,66.3854193422475,60.4175
2025-10-30 03:00:00,35.930899999999966,57.1525
2025-10-30 04:00:00,35.93089999999985,60.0125
2025-10-30 05:00:00,96.27261728008662,69.1775
2025-10-30 06:00:00,97.85956206066523,79.9375
2025-10-30 07:00:00,98.22129346317352,85.2975
2025-10-30 08:00:00,97.85956206066585,66.7225
2025-10-30 09:00:00,96.2726172800867,42.902499999999996
2025-10-30 10:00:00,96.2726172800873,7.0825000000000005
2025-10-30 11:00:00,87.86051344871282,-0.0025
2025-10-30 12:00:00,20.17907157453243,0.002499999999999999
2025-10-30 13:00:00,24.233104686257875,31.2925
2025-10-30 14:00:00,89.71074390243933,69.8
2025-10-30 15:00:00,98.22129346317303,85.295
2025-10-30 16:00:00,107.72788300547549,117.93
2025-10-30 17:00:00,109.35011033373334,117.6975
2025-10-30 18:00:00,109.34391737561478,117.6725
2025-10-30 19:00:00,109.34230268418256,105.2875
2025-10-30 20:00:00,107.14837644051812,98.035
2025-10-30 21:00:00,102.87219128819652,98.44
2025-10-30 22:00:00,100.66654331474945,84.8325
2025-10-30 23:00:00,100.6169062499996,87.74000000000001
2025-10-31 00:00:00,100.6169062499996,78.1575
2025-10-31 01:00:00,99.27364890966896,74.74
2025-10-31 02:00:00,99.27364890966953,75.675
2025-10-31 03:00:00,100.61690625000006,79.7625
2025-10-31 04:00:00,100.66654331474956,91.825
2025-10-31 05:00:00,106.11873865433324,120.385
2025-10-31 06:00:00,108.8533619163893,119.5725
2025-10-31 07:00:00,109.27752659850216,108.765
2025-10-31 08:00:00,107.14837644051795,83.0125
2025-10-31 09:00:00,102.65110552280362,75.67
2025-10-31 10:00:00,103.62646081037883,74.0875
2025-10-31 11:00:00,101.91055918689449,75.99000000000001
2025-10-31 12:00:00,101.01426948419771,84.2075
2025-10-31 13:00:00,101.82623907754942,106.69999999999999
2025-10-31 14:00:00,104.13047205657358,127.0775
2025-10-31 15:00:00,106.75108478791401,132.0475
2025-10-31 16:00:00,110.70326512405211,122.17500000000001
2025-10-31 17:00:00,103.90435520584231,107.28
2025-10-31 18:00:00,100.66654331474922,90.005
2025-10-31 19:00:00,99.27364890966885,86.0475
2025-10-31 20:00:00,98.22129346317263,87.465
2025-10-31 21:00:00,97.0713777503122,81.845
2025-10-31 22:00:00,96.27261728008625,67.60249999999999
2025-10-31 23:00:00,96.27261728008625,54.707499999999996
2025-11-01 00:00:00,96.27261728008602,38.115
2025-11-01 01:00:00,96.27261728008637,28.2725
2025-11-01 02:00:00,96.27261728008614,29.9575
2025-11-01 03:00:00,94.60304157671953,19.9025
2025-11-01 04:00:00,94.60304157671953,15.3275
2025-11-01 05:00:00,93.31792660462622,11.6275
2025-11-01 06:00:00,93.32057695470041,17.605
2025-11-01 07:00:00,89.71074390243882,29.95
2025-11-01 08:00:00,81.8608013967056,27.045
2025-11-01 09:00:00,35.93089999999927,18.299999999999997
2025-11-01 10:00:00,59.454257690113536,15.7575
2025-11-01 11:00:00,59.34838821635037,21.015
2025-11-01 12:00:00,59.348388216350145,31.740000000000002
2025-11-01 13:00:00,63.66789603494351,54.0025
2025-11-01 14:00:00,81.86080139670582,59.0725
2025-11-01 15:00:00,94.87131662251716,76.58500000000001
2025-11-01 16:00:00,97.07137775031208,88.78999999999999
2025-11-01 17:00:00,99.27364890966956,89.055
2025-11-01 18:00:00,98.2212934631732,86.4
2025-11-01 19:00:00,96.27261728008688,86.1975
2025-11-01 20:00:00,96.27261728008688,83.2825
2025-11-01 21:00:00,96.27261728008699,82.93
2025-11-01 22:00:00,96.27261728008676,77.5075
2025-11-01 23:00:00,96.27261728008682,64.285
2025-11-02 00:00:00,96.27261728008693,60.3275
2025-11-02 01:00:00,96.27261728008693,60.9775
2025-11-02 02:00:00,95.31673767316249,62.7325
2025-11-02 03:00:00,96.27261728008665,67.0175
2025-11-02 04:00:00,96.27261728008693,68.81
2025-11-02 05:00:00,96.3623092476185,70.3475
2025-11-02 06:00:00,97.85956206066572,75.53
2025-11-02 07:00:00,98.22129346317308,77.12
2025-11-02 08:00:00,99.27364890966953,78.4575
2025-11-02 09:00:00,98.22129346317286,74.99
2025-11-02 10:00:00,103.55669419536184,74.97999999999999
2025-11-02 11:00:00,99.27364890966959,75.2125
2025-11-02 12:00:00,99.2736489096697,83.1625
2025-11-02 13:00:00,99.27364890966953,92.55
2025-11-02 14:00:00,100.61690625000011,110.6525
2025-11-02 15:00:00,106.41840640298182,116.5025
2025-11-02 16:00:00,108.36580677507266,132.0725
2025-11-02 17:00:00,109.37259763263137,130.4075
2025-11-02 18:00:00,109.34090694133221,113.6075
2025-11-02 19:00:00,108.47533971362009,98.6
2025-11-02 20:00:00,103.33372400035125,95.33
2025-11-02 21:00:00,102.98931326753376,93.17750000000001
2025-11-02 22:00:00,100.61690625000011,85.04249999999999
2025-11-02 23:00:00,98.22129346317286,82.44
2025-11-03 00:00:00,97.85956206066555,80.105
2025-11-03 01:00:00,97.44080655751924,74.9975
2025-11-03 02:00:00,97.0713777503127,73.14
2025-11-03 03:00:00,97.07137775031259,74.9725
2025-11-03 04:00:00,98.22129346317286,75.0
2025-11-03 05:00:00,103.02866411052116,95.33
2025-11-03 06:00:00,109.33774177904314,117.255
2025-11-03 07:00:00,109.35834079245996,105.0
2025-11-03 08:00:00,106.12378874673573,85.7625
2025-11-03 09:00:00,100.61690625000057,75.44500000000001
2025-11-03 10:00:00,99.2736489096699,71.675
2025-11-03 11:00:00,97.07137775031285,67.99000000000001
2025-11-03 12:00:00,96.27261728008696,71.925
2025-11-03 13:00:00,96.27261728008715,74.975
2025-11-03 14:00:00,97.07137775031252,82.60499999999999
2025-11-03 15:00:00,98.22129346317308,92.735
2025-11-03 16:00:00,102.33086349493618,92.52
2025-11-03 17:00:00,101.58443993081183,90.555
2025-11-03 18:00:00,100.66654331475,81.57499999999999
2025-11-03 19:00:00,98.22129346317338,71.63250000000001
2025-11-03 20:00:00,96.27261728008706,60.00749999999999
2025-11-03 21:00:00,96.27261728008723,52.7125
2025-11-03 22:00:00,96.27261728008719,28.715
2025-11-03 23:00:00,87.86051344871277,16.53
2025-11-04 00:00:00,81.86080139670713,7.2575
2025-11-04 01:00:00,81.86080139670689,4.925
2025-11-04 02:00:00,87.8605134487135,6.3125
2025-11-04 03:00:00,89.12174847060291,21.1975
2025-11-04 04:00:00,96.27261728008763,58.4325
2025-11-04 05:00:00,99.27364890967091,81.0375
2025-11-04 06:00:00,103.17911458708257,114.3075
2025-11-04 07:00:00,108.09815832366918,110.0
2025-11-04 08:00:00,102.73733703547735,80.8475
2025-11-04 09:00:00,100.616906250001,60.6475
2025-11-04 10:00:00,100.61690625000158,52.87
2025-11-04 11:00:00,97.85956206066724,50.1525
2025-11-04 12:00:00,96.41073680026311,66.9375
2025-11-04 13:00:00,97.07137775031521,81.05
2025-11-04 14:00:00,98.22129346317558,116.265
2025-11-04 15:00:00,100.66654331475317,127.475
2025-11-04 16:00:00,108.7994522292713,129.1
2025-11-04 17:00:00,109.7319612917361,122.7625
2025-11-04 18:00:00,108.89627675241583,106.6975
2025-11-04 19:00:00,104.21216239948222,96.7525
2025-11-04 20:00:00,100.61690625000189,91.36500000000001
2025-11-04 21:00:00,98.22129346317472,86.2375
2025-11-04 22:00:00,96.27261728008926,76.1225
2025-11-04 23:00:00,96.27261728008783,77.33
2025-11-05 00:00:00,94.58290856336261,75.8225
2025-11-05 01:00:00,93.26551805049867,74.35499999999999
2025-11-05 02:00:00,94.58290856336257,74.6825
2025-11-05 03:00:00,96.27261728008229,78.885
2025-11-05 04:00:00,97.07137775031421,85.0
2025-11-05 05:00:00,99.27364890967142,91.3625
2025-11-05 06:00:00,102.9565355254862,115.9
2025-11-05 07:00:00,105.15248187554157,107.115
2025-11-05 08:00:00,100.66654331475146,74.54
2025-11-05 09:00:00,97.85956206066555,62.8825
2025-11-05 10:00:00,99.25772958751875,62.0075
2025-11-05 11:00:00,98.22129346317303,62.07
2025-11-05 12:00:00,97.85956206066561,77.3325
2025-11-05 13:00:00,97.8595620606656,96.1925
2025-11-05 14:00:00,99.2736489096696,115.39500000000001
2025-11-05 15:00:00,103.41869732595507,141.3825
2025-11-05 16:00:00,110.70326512405269,147.4175
2025-11-05 17:00:00,110.70326512405269,127.58
2025-11-05 18:00:00,110.70326512405265,114.755
2025-11-05 19:00:00,109.1659139143329,104.79
2025-11-05 20:00:00,107.14837644051802,98.9175
2025-11-05 21:00:00,103.37464155917199,88.8475
2025-11-05 22:00:00,103.66386772375243,87.7
2025-11-05 23:00:00,98.22129346317296,93.3725
2025-11-06 00:00:00,98.16961996410605,90.83
2025-11-06 01:00:00,98.16961996410588,91.39750000000001
2025-11-06 02:00:00,98.22129346317301,90.505
2025-11-06 03:00:00,100.6169062500001,91.9
2025-11-06 04:00:00,103.3227512628725,92.17
2025-11-06 05:00:00,109.68127538616116,118.35
2025-11-06 06:00:00,110.70326512405266,130.2325
2025-11-06 07:00:00,110.70326512405275,119.68
2025-11-06 08:00:00,109.45309662197378,93.2125
2025-11-06 09:00:00,109.40434193204975,85.1575
2025-11-06 10:00:00,109.32065893541446,83.7
2025-11-06 11:00:00,109.33118718340988,83.9925
2025-11-06 12:00:00,109.33118718340984,87.17999999999999
2025-11-06 13:00:00,109.33350303108544,99.485
2025-11-06 14:00:00,109.33742091682832,128.24
2025-11-06 15:00:00,110.70326512405265,147.495
2025-11-06 16:00:00,115.55998546150364,154.255
2025-11-06 17:00:00,115.17635329167105,137.4475
2025-11-06 18:00:00,113.63949367666054,126.4625
2025-11-06 19:00:00,110.7032651240526,114.97
2025-11-06 20:00:00,109.468963958669,100.98
2025-11-06 21:00:00,109.38224829720673,97.485
2025-11-06 22:00:00,109.35384788457961,90.55250000000001
2025-11-06 23:00:00,109.34844404721207,90.1775
2025-11-07 00:00:00,109.32057879116776,88.8225
2025-11-07 01:00:00,109.27443359607807,89.6
2025-11-07 02:00:00,109.21528766636096,89.61250000000001
2025-11-07 03:00:00,109.13904050446997,90.41
2025-11-07 04:00:00,109.35682491560455,94.21000000000001
2025-11-07 05:00:00,110.44436363201015,112.265
2025-11-07 06:00:00,115.6066237873903,133.8825
2025-11-07 07:00:00,116.6493835545112,128.0475
2025-11-07 08:00:00,110.70326512405268,108.10499999999999
2025-11-07 09:00:00,110.70326512405268,93.38
2025-11-07 10:00:00,109.4294769641562,89.9875
2025-11-07 11:00:00,109.40206708155895,88.80250000000001
2025-11-07 12:00:00,109.3354661349071,92.05250000000001
2025-11-07 13:00:00,109.35614486962702,103.1
2025-11-07 14:00:00,110.08429116376544,129.6225
2025-11-07 15:00:00,115.60662378739072,165.1225
2025-11-07 16:00:00,116.64938355451133,178.5375
2025-11-07 17:00:00,116.36595500665976,145.6825
2025-11-07 18:00:00,115.88611624100106,131.4825
2025-11-07 19:00:00,115.60662378739073,119.42750000000001
2025-11-07 20:00:00,110.70326512405258,106.6525
2025-11-07 21:00:00,109.8243627586107,98.275
2025-11-07 22:00:00,109.35856140350857,92.0525
2025-11-07 23:00:00,109.36307678560485,96.53
2025-11-08 00:00:00,109.361335298507,96.325
2025-11-08 01:00:00,109.35709706735355,93.9975
2025-11-08 02:00:00,109.3573831703404,93.9725
2025-11-08 03:00:00,109.35631596297786,95.0375
2025-11-08 04:00:00,109.35631596297786,94.195
2025-11-08 05:00:00,109.3699779944001,95.2775
2025-11-08 06:00:00,109.62651176683113,103.8425
2025-11-08 07:00:00,110.70326512405244,105.5
2025-11-08 08:00:00,110.70326512405246,103.62
2025-11-08 09:00:00,110.3616737149058,102.1775
2025-11-08 10:00:00,109.5905285506112,96.94749999999999
2025-11-08 11:00:00,109.3858642263243,95.16
2025-11-08 12:00:00,109.42698592773421,95.9125
2025-11-08 13:00:00,109.67221236487676,101.54249999999999
2025-11-08 14:00:00,110.70326512405289,117.6175
2025-11-08 15:00:00,113.63949367666055,124.63499999999999
2025-11-08 16:00:00,116.64938355451115,134.915
2025-11-08 17:00:00,116.64938355451108,136.5325
2025-11-08 18:00:00,115.60662378739053,131.98000000000002
2025-11-08 19:00:00,110.70326512405258,122.9675
2025-11-08 20:00:00,109.86167337597318,113.305
2025-11-08 21:00:00,109.35856140350639,106.26
2025-11-08 22:00:00,109.358561403508,96.905
2025-11-08 23:00:00,109.3581313676238,96.345
2025-11-09 00:00:00,109.35485952857759,94.555
2025-11-09 01:00:00,109.35477009931995,92.8325
2025-11-09 02:00:00,109.3501540339765,91.1325
2025-11-09 03:00:00,109.33993305127203,91.64750000000001
2025-11-09 04:00:00,109.33993305127203,91.685
2025-11-09 05:00:00,109.35305802064077,89.9375
2025-11-09 06:00:00,109.3554567602654,88.615
2025-11-09 07:00:00,109.37127460013936,97.27250000000001
2025-11-09 08:00:00,109.43116354076055,97.6175
2025-11-09 09:00:00,109.87062042022858,97.0325
2025-11-09 10:00:00,110.70326512405369,97.305
2025-11-09 11:00:00,110.70326512405394,97.8375
2025-11-09 12:00:00,110.70326512405308,96.4025
2025-11-09 13:00:00,110.70326512405315,97.315
2025-11-09 14:00:00,110.70326512405148,97.795
2025-11-09 15:00:00,110.70326512405188,109.8475
2025-11-09 16:00:00,113.63949367666044,125.1
2025-11-09 17:00:00,110.70326512405352,126.1
2025-11-09 18:00:00,110.70326512405573,117.955
2025-11-09 19:00:00,109.99846448106058,106.0
2025-11-09 20:00:00,109.49559428637163,93.5375
2025-11-09 21:00:00,109.35856140353901,92.315
2025-11-09 22:00:00,109.35728480472264,89.93
2025-11-09 23:00:00,109.35631462941929,88.98
2025-11-10 00:00:00,109.30502126446022,87.63499999999999
2025-11-10 01:00:00,108.66255081505003,88.9025
2025-11-10 02:00:00,106.36960476899428,87.5225
2025-11-10 03:00:00,106.20892215179066,87.1775
2025-11-10 04:00:00,107.2019950375395,92.3125
2025-11-10 05:00:00,110.70326512405519,113.4525
2025-11-10 06:00:00,115.60662378739248,142.995
2025-11-10 07:00:00,115.73881630501809,157.875
2025-11-10 08:00:00,115.72302987955268,144.29749999999999
2025-11-10 09:00:00,113.63949367666164,126.27250000000001
2025-11-10 10:00:00,111.60097402555327,115.245
2025-11-10 11:00:00,110.7032651240546,105.9225
2025-11-10 12:00:00,110.7032651240526,108.41
2025-11-10 13:00:00,110.70326512405529,115.565
2025-11-10 14:00:00,112.93454102005218,126.2525
2025-11-10 15:00:00,115.54378683837737,133.35500000000002
2025-11-10 16:00:00,115.6883752084431,139.4025
2025-11-10 17:00:00,115.75842724383459,120.725
2025-11-10 18:00:00,115.6066237873907,103.6625
2025-11-10 19:00:00,112.01004358721083,90.11
2025-11-10 20:00:00,109.53329071829451,88.9875
2025-11-10 21:00:00,109.35856140350904,88.39250000000001
2025-11-10 22:00:00,109.3585614035092,83.87
2025-11-10 23:00:00,108.74406307768963,83.19
2025-11-11 00:00:00,102.69906485759913,79.9825
2025-11-11 01:00:00,100.6665433147527,75.80250000000001
2025-11-11 02:00:00,100.61690625000188,74.87
2025-11-11 03:00:00,98.22129346317583,75.495
2025-11-11 04:00:00,100.61690625000489,77.07249999999999
2025-11-11 05:00:00,105.50723101051028,86.7875
2025-11-11 06:00:00,109.97918980027222,105.21
2025-11-11 07:00:00,110.70326512405633,113.7975
2025-11-11 08:00:00,109.78750049582251,103.11500000000001
2025-11-11 09:00:00,109.2916459551208,91.4725
2025-11-11 10:00:00,108.80883758317898,87.9225
2025-11-11 11:00:00,100.66654331475378,86.66
2025-11-11 12:00:00,100.66654331475218,89.93
2025-11-11 13:00:00,102.69956288307138,101.235
2025-11-11 14:00:00,107.14837644051838,124.275
2025-11-11 15:00:00,111.03133170192322,143.0725
2025-11-11 16:00:00,115.27069602422286,143.2575
2025-11-11 17:00:00,115.54954923663813,114.9975
2025-11-11 18:00:00,113.63949367666073,105.0325
2025-11-11 19:00:00,110.70326512405279,98.17500000000001
2025-11-11 20:00:00,104.81372228716295,96.3825
2025-11-11 21:00:00,103.25192759748481,92.06
2025-11-11 22:00:00,100.6169062500002,75.5
2025-11-11 23:00:00,98.22129346317264,74.9775
2025-11-12 00:00:00,97.85956206066555,68.315
2025-11-12 01:00:00,97.85956206066551,64.41
2025-11-12 02:00:00,97.85956206066577,62.4
2025-11-12 03:00:00,97.85956206066506,62.3
2025-11-12 04:00:00,97.85956206066531,69.3
2025-11-12 05:00:00,100.61690624999972,76.9975
2025-11-12 06:00:00,103.37930623185136,107.25999999999999
2025-11-12 07:00:00,102.71968262872747,100.7225
2025-11-12 08:00:00,102.7065862107976,78.1125
2025-11-12 09:00:00,97.85956206066555,71.5275
2025-11-12 10:00:00,97.07137775031268,60.005
2025-11-12 11:00:00,96.27261728008675,59.135
2025-11-12 12:00:00,96.27261728008675,73.7675
2025-11-12 13:00:00,96.27261728008675,80.425
2025-11-12 14:00:00,97.07137775031268,104.97
2025-11-12 15:00:00,98.22129346317297,113.625
2025-11-12 16:00:00,102.37484687091516,115.395
2025-11-12 17:00:00,107.148376440518,104.8675
2025-11-12 18:00:00,102.84736963940706,88.9275
2025-11-12 19:00:00,99.27364890966963,80.945
2025-11-12 20:00:00,96.27261728008675,76.905
2025-11-12 21:00:00,92.54273178553271,75.545
2025-11-12 22:00:00,87.86051344871235,56.934999999999995
2025-11-12 23:00:00,81.67000276243087,32.917500000000004
2025-11-13 00:00:00,63.511279362656715,18.9725
2025-11-13 01:00:00,35.930899999999966,11.1875
2025-11-13 02:00:00,63.166296767428165,7.78
2025-11-13 03:00:00,63.166296767428165,6.0
2025-11-13 04:00:00,87.86051344871221,25.9725
2025-11-13 05:00:00,96.27261728008678,50.885000000000005
2025-11-13 06:00:00,97.0713777503127,76.845
2025-11-13 07:00:00,97.85956206066574,66.0825
2025-11-13 08:00:00,96.27261728008688,53.61
2025-11-13 09:00:00,81.86080139670631,50.3225
2025-11-13 10:00:00,94.87131662251771,42.96
2025-11-13 11:00:00,87.8605134487121,48.089999999999996
2025-11-13 12:00:00,77.65743353819718,60.5725
2025-11-13 13:00:00,81.67000276243071,77.335
2025-11-13 14:00:00,97.85956206066552,101.66499999999999
2025-11-13 15:00:00,103.0341468521887,111.5125
2025-11-13 16:00:00,109.37449240179451,130.1
2025-11-13 17:00:00,109.31614970004907,131.8025
2025-11-13 18:00:00,109.15947272049634,129.8875
2025-11-13 19:00:00,109.11365532277729,111.845
2025-11-13 20:00:00,109.25215176530806,116.60749999999999
2025-11-13 21:00:00,109.2580761980269,110.58500000000001
2025-11-13 22:00:00,110.70326512405269,102.77250000000001
2025-11-13 23:00:00,107.82807334489982,98.4425
2025-11-14 00:00:00,109.01781001450267,95.8025
2025-11-14 01:00:00,103.6787758110354,94.9325
2025-11-14 02:00:00,103.58683046782942,91.53
2025-11-14 03:00:00,105.99609982192418,92.13
2025-11-14 04:00:00,106.71205588974134,91.60249999999999
2025-11-14 05:00:00,110.70326512405255,112.7775
2025-11-14 06:00:00,112.14903039478901,138.3475
2025-11-14 07:00:00,113.63949367666065,136.385
2025-11-14 08:00:00,110.7032651240529,120.9025
2025-11-14 09:00:00,109.46550333995606,112.0275
2025-11-14 10:00:00,109.35033400313473,106.035
2025-11-14 11:00:00,109.44756238533226,101.225
2025-11-14 12:00:00,107.14837644051838,105.4225
2025-11-14 13:00:00,107.14837644051848,107.0625
2025-11-14 14:00:00,107.1483764405186,115.3925
2025-11-14 15:00:00,110.70326512405273,115.965
2025-11-14 16:00:00,113.6394936766607,131.57
2025-11-14 17:00:00,112.24229388697655,119.81
2025-11-14 18:00:00,110.7032651240529,106.49
2025-11-14 19:00:00,110.7032651240533,98.91499999999999
2025-11-14 20:00:00,107.47981337020039,93.1625
2025-11-14 21:00:00,103.26117220454427,97.015
2025-11-14 22:00:00,102.714967958153,78.65
2025-11-14 23:00:00,98.22129346317297,77.3775
2025-11-15 00:00:00,97.85956206066555,77.95
2025-11-15 01:00:00,97.07137775031265,74.7175
2025-11-15 02:00:00,97.07137775031265,73.03
2025-11-15 03:00:00,97.07137775031266,72.2
2025-11-15 04:00:00,96.92929307561019,70.615
2025-11-15 05:00:00,97.07137775031265,68.1575
2025-11-15 06:00:00,97.85956206066551,77.055
2025-11-15 07:00:00,100.61690625,80.065
2025-11-15 08:00:00,101.78669536869415,85.235
2025-11-15 09:00:00,102.27370447016816,85.6125
2025-11-15 10:00:00,102.98398089327765,85.4225
2025-11-15 11:00:00,100.66654331474966,84.1925
2025-11-15 12:00:00,99.27364890966949,90.6675
2025-11-15 13:00:00,100.66654331474956,94.6525
2025-11-15 14:00:00,108.06286695007834,101.1925
2025-11-15 15:00:00,109.25967364142686,109.7925
2025-11-15 16:00:00,109.51075052885406,121.8
2025-11-15 17:00:00,109.44184833053761,121.52250000000001
2025-11-15 18:00:00,109.36363104087957,114.065
2025-11-15 19:00:00,109.34199328300394,109.125
2025-11-15 20:00:00,109.3439320626676,102.885
2025-11-15 21:00:00,109.2847655836415,101.7175
2025-11-15 22:00:00,109.19979550996197,97.8675
2025-11-15 23:00:00,109.0513791520405,93.7475
2025-11-16 00:00:00,108.71184151902948,95.0
2025-11-16 01:00:00,108.58296737548666,93.35
2025-11-16 02:00:00,107.45220051639856,91.45
2025-11-16 03:00:00,107.1483764405182,88.215
2025-11-16 04:00:00,106.61381268359604,91.13
2025-11-16 05:00:00,106.62220884794341,85.6725
2025-11-16 06:00:00,108.98106275953471,92.4875
2025-11-16 07:00:00,109.1390405044704,98.49
2025-11-16 08:00:00,109.24433643402203,101.185
2025-11-16 09:00:00,109.2109947518582,99.2775
2025-11-16 10:00:00,109.24348912533934,102.5675
2025-11-16 11:00:00,109.06927250544379,102.4675
2025-11-16 12:00:00,109.06486154581808,103.9975
2025-11-16 13:00:00,109.05524919860845,109.265
2025-11-16 14:00:00,109.43737744479954,116.72
2025-11-16 15:00:00,109.73817641580368,124.495
2025-11-16 16:00:00,110.70326512405246,129.3725
2025-11-16 17:00:00,110.70326512405273,125.21
2025-11-16 18:00:00,109.58726743624396,115.33
2025-11-16 19:00:00,109.38276525467786,102.7175
2025-11-16 20:00:00,109.35724121339129,91.41
2025-11-16 21:00:00,109.34135319876872,94.38499999999999
2025-11-16 22:00:00,109.3253774442975,86.5275
2025-11-16 23:00:00,105.53050178868416,88.29
2025-11-17 00:00:00,100.66654331474963,80.5575
2025-11-17 01:00:00,99.27364890966948,74.0875
2025-11-17 02:00:00,99.27364890966913,71.32249999999999
2025-11-17 03:00:00,99.27364890966933,74.095
2025-11-17 04:00:00,100.66654331475324,83.6
2025-11-17 05:00:00,109.20750466761996,89.59
2025-11-17 06:00:00,110.59256215312573,114.8675
2025-11-17 07:00:00,110.70326512405245,126.9925
2025-11-17 08:00:00,110.70326512405306,121.6875
2025-11-17 09:00:00,109.5880528673033,105.215
2025-11-17 10:00:00,109.78445765170335,84.3925
2025-11-17 11:00:00,109.33785422477428,77.805
2025-11-17 12:00:00,108.93998246407507,77.785
2025-11-17 13:00:00,108.83194530369654,87.035
2025-11-17 14:00:00,109.08979829748668,97.52
2025-11-17 15:00:00,109.39147767876645,107.32000000000001
2025-11-17 16:00:00,110.70326512405228,117.355
2025-11-17 17:00:00,110.70326512405262,116.49249999999999
2025-11-17 18:00:00,110.70326512405242,110.7025
2025-11-17 19:00:00,109.64599586362937,102.89
2025-11-17 20:00:00,109.38822399084304,92.69749999999999
2025-11-17 21:00:00,109.35856140350982,89.7075
2025-11-17 22:00:00,109.35856140350789,81.14
2025-11-17 23:00:00,109.35856140350971,84.88499999999999
2025-11-18 00:00:00,109.08196323197589,82.83
2025-11-18 01:00:00,108.41018723588536,79.0375
2025-11-18 02:00:00,107.01097911358352,77.7175
2025-11-18 03:00:00,106.31302974965756,80.5125
2025-11-18 04:00:00,108.98618313921462,83.4725
2025-11-18 05:00:00,109.3585097895083,91.0475
2025-11-18 06:00:00,109.71349670012067,104.735
2025-11-18 07:00:00,110.7032651240527,119.84
2025-11-18 08:00:00,109.66303078073183,107.45
2025-11-18 09:00:00,109.35030691821352,92.1275
2025-11-18 10:00:00,109.3585917217009,88.7975
2025-11-18 11:00:00,109.35542065767116,89.2
2025-11-18 12:00:00,109.16441031871233,90.6
2025-11-18 13:00:00,109.02090143442175,96.575
2025-11-18 14:00:00,109.1880655469443,120.595
2025-11-18 15:00:00,110.53516850826533,141.9125
2025-11-18 16:00:00,110.7381610773061,151.66
2025-11-18 17:00:00,110.8352398794291,143.8025
2025-11-18 18:00:00,110.70326512405256,131.15
2025-11-18 19:00:00,109.43094468622994,107.13
2025-11-18 20:00:00,109.34713047698384,94.6425
2025-11-18 21:00:00,109.3585614035088,97.4825
2025-11-18 22:00:00,109.35856140350877,89.9625
2025-11-18 23:00:00,109.35856140350876,87.3775
2025-11-19 00:00:00,105.76664904342857,86.225
2025-11-19 01:00:00,102.2052459585158,84.1675
2025-11-19 02:00:00,100.66654331474972,83.185
2025-11-19 03:00:00,100.6665433147497,84.3925
2025-11-19 04:00:00,108.02097145809776,87.0025
2025-11-19 05:00:00,109.47916467393756,99.03
2025-11-19 06:00:00,112.10865278195314,127.03
2025-11-19 07:00:00,115.60662378739084,136.67000000000002
2025-11-19 08:00:00,113.6394936766606,115.1625
2025-11-19 09:00:00,110.7032651240528,97.52250000000001
2025-11-19 10:00:00,110.70326512405265,91.62
2025-11-19 11:00:00,109.47518639044489,89.59
2025-11-19 12:00:00,109.16204082519933,93.5975
2025-11-19 13:00:00,110.7032651240527,104.62
2025-11-19 14:00:00,110.70326512405279,113.05
2025-11-19 15:00:00,115.60662378739076,117.8075
2025-11-19 16:00:00,115.84599277844697,127.5675
2025-11-19 17:00:00,115.60662378739082,119.19
2025-11-19 18:00:00,115.25600478237747,119.05
2025-11-19 19:00:00,110.7032651240527,105.6875
2025-11-19 20:00:00,109.53966620033144,100.225
2025-11-19 21:00:00,109.37850995224532,99.17
2025-11-19 22:00:00,109.35301425296744,91.885
2025-11-19 23:00:00,109.32929259092967,90.6275
2025-11-20 00:00:00,109.21706832425659,88.0925
2025-11-20 01:00:00,109.27176742078277,87.0325
2025-11-20 02:00:00,109.28159884010647,86.795
2025-11-20 03:00:00,109.28207734020847,87.125
2025-11-20 04:00:00,109.34893744435671,90.5025
2025-11-20 05:00:00,109.69835613480132,103.6825
2025-11-20 06:00:00,114.26607383425784,144.4075
2025-11-20 07:00:00,116.41366666833524,155.715
2025-11-20 08:00:00,116.42825094634713,153.655
2025-11-20 09:00:00,115.60662378739065,141.27
2025-11-20 10:00:00,115.35506828975667,129.3025
2025-11-20 11:00:00,110.70326512405276,125.055
2025-11-20 12:00:00,110.70326512405276,126.1
2025-11-20 13:00:00,110.70326512405276,134.2025
2025-11-20 14:00:00,113.43671220943442,149.685
2025-11-20 15:00:00,116.27255558449775,175.82999999999998
2025-11-20 16:00:00,116.64938355451147,175.4725
2025-11-20 17:00:00,116.43707201751775,163.25
2025-11-20 18:00:00,116.41050000000021,156.01749999999998
2025-11-20 19:00:00,116.41049999999998,137.1025
2025-11-20 20:00:00,115.6066237873904,120.7525
2025-11-20 21:00:00,110.7032651240531,108.235
2025-11-20 22:00:00,109.50710205949831,93.7625
2025-11-20 23:00:00,109.35856140350859,101.5525
2025-11-21 00:00:00,109.35858299266577,94.14
2025-11-21 01:00:00,109.35855781354077,90.2825
2025-11-21 02:00:00,109.35856330579084,90.185
2025-11-21 03:00:00,109.35855666216315,93.625
2025-11-21 04:00:00,109.35855460083707,101.865
2025-11-21 05:00:00,110.98732183171488,133.525
2025-11-21 06:00:00,116.42116187226573,180.42000000000002
2025-11-21 07:00:00,116.6493835545114,205.3825
2025-11-21 08:00:00,116.64938355451135,181.82999999999998
2025-11-21 09:00:00,116.4340300121471,151.015
2025-11-21 10:00:00,116.30778346201454,137.72
2025-11-21 11:00:00,115.09130357747215,130.3425
2025-11-21 12:00:00,111.15456788466406,135.57500000000002
2025-11-21 13:00:00,113.63949367666072,153.7525
2025-11-21 14:00:00,115.6066237873908,196.8375
2025-11-21 15:00:00,116.53657483093232,251.87
2025-11-21 16:00:00,116.64938355451146,250.0075
2025-11-21 17:00:00,116.64938355451146,205.0875
2025-11-21 18:00:00,116.64938355451136,171.3675
2025-11-21 19:00:00,116.4105000000001,141.95
2025-11-21 20:00:00,116.41050000000067,117.3075
2025-11-21 21:00:00,110.70326512405279,104.9
2025-11-21 22:00:00,109.50065560683109,95.0325
2025-11-21 23:00:00,109.35856140350874,102.2475
2025-11-22 00:00:00,109.35856140350913,94.6
2025-11-22 01:00:00,109.3584237202368,88.44
2025-11-22 02:00:00,109.35829640785566,85.2775
2025-11-22 03:00:00,109.35823914992629,86.0975
2025-11-22 04:00:00,109.35823939902492,85.2775
2025-11-22 05:00:00,109.35825637869873,90.52250000000001
2025-11-22 06:00:00,109.35851797124937,106.7475
2025-11-22 07:00:00,109.35856140350553,104.21000000000001
2025-11-22 08:00:00,109.35855442762586,89.1175
2025-11-22 09:00:00,109.35843354831633,82.00999999999999
2025-11-22 10:00:00,109.35227639578721,78.58
2025-11-22 11:00:00,108.14103940687635,76.2825
2025-11-22 12:00:00,106.38445913069481,75.3675
2025-11-22 13:00:00,104.4428125737748,81.645
2025-11-22 14:00:00,107.14837644051812,88.965
2025-11-22 15:00:00,109.26463398782025,105.0
2025-11-22 16:00:00,109.37064125592356,114.455
2025-11-22 17:00:00,109.34874902286572,109.2525
2025-11-22 18:00:00,109.34411114088986,98.33
2025-11-22 19:00:00,109.34314490127952,86.61
2025-11-22 20:00:00,109.35856140350856,89.2475
2025-11-22 21:00:00,109.35856140350853,89.4275
2025-11-22 22:00:00,109.2453998985852,82.23
2025-11-22 23:00:00,104.67353845544419,81.5275
2025-11-23 00:00:00,101.82520127660831,74.35249999999999
2025-11-23 01:00:00,100.66654331474881,70.44
2025-11-23 02:00:00,99.2736489096693,63.230000000000004
2025-11-23 03:00:00,98.22129346317269,60.885
2025-11-23 04:00:00,98.22129346317263,64.21
2025-11-23 05:00:00,98.22129346317313,62.03
2025-11-23 06:00:00,99.27364890966922,67.9825
2025-11-23 07:00:00,100.61690624999983,67.8325
2025-11-23 08:00:00,100.61690624999984,65.96
2025-11-23 09:00:00,98.80823844013815,65.985
2025-11-23 10:00:00,100.61690624999973,66.69
2025-11-23 11:00:00,97.07137775031237,67.8625
2025-11-23 12:00:00,86.34958775864666,65.4575
2025-11-23 13:00:00,78.85777775456556,69.42750000000001
2025-11-23 14:00:00,81.86080139670673,77.28999999999999
2025-11-23 15:00:00,94.87131662251754,77.8875
2025-11-23 16:00:00,100.61690625000001,80.84
2025-11-23 17:00:00,101.34815252195588,82.54249999999999
2025-11-23 18:00:00,100.61690625000008,83.7975
2025-11-23 19:00:00,99.27364890966949,77.4125
2025-11-23 20:00:00,98.81515740883457,74.16
2025-11-23 21:00:00,98.8901164342896,75.1675
2025-11-23 22:00:00,100.66654331474963,71.2625
2025-11-23 23:00:00,98.22129346317296,72.4575
2025-11-24 00:00:00,97.85956206066545,70.0625
2025-11-24 01:00:00,97.85956206066537,72.255
2025-11-24 02:00:00,97.07137775031248,73.275
2025-11-24 03:00:00,97.07137775031251,73.755
2025-11-24 04:00:00,98.22129346317293,80.065
2025-11-24 05:00:00,107.46966360458802,90.3075
2025-11-24 06:00:00,110.49681639117507,104.3925
2025-11-24 07:00:00,110.70326512405256,107.785
2025-11-24 08:00:00,113.39085944954196,110.25999999999999
2025-11-24 09:00:00,112.33956114696272,117.44749999999999
2025-11-24 10:00:00,115.4305968285193,128.0375
2025-11-24 11:00:00,113.63949367666048,134.235
2025-11-24 12:00:00,114.37741138391587,149.9925
2025-11-24 13:00:00,115.46741817849404,173.5375
2025-11-24 14:00:00,115.96484478875188,195.8125
2025-11-24 15:00:00,116.44194656483768,225.775
2025-11-24 16:00:00,116.31580233110877,263.4825
2025-11-24 17:00:00,116.26347153237279,230.5875
2025-11-24 18:00:00,116.39150398383141,188.305
2025-11-24 19:00:00,116.276581854914,151.185
2025-11-24 20:00:00,114.7667407366306,135.235
2025-11-24 21:00:00,110.7032651240527,123.035
2025-11-24 22:00:00,109.60730266099839,105.405
2025-11-24 23:00:00,109.43252583825654,100.9
2025-11-25 00:00:00,109.44348851076093,99.1525
2025-11-25 01:00:00,109.42271641742767,97.5875
2025-11-25 02:00:00,109.51579693653404,96.0975
2025-11-25 03:00:00,110.70326512405278,99.50999999999999
2025-11-25 04:00:00,110.70326512405285,106.72999999999999
2025-11-25 05:00:00,115.6066237873905,122.4075
2025-11-25 06:00:00,116.05797208081576,291.02
2025-11-25 07:00:00,116.64938355451118,333.275
2025-11-25 08:00:00,116.64938355451116,292.65
2025-11-25 09:00:00,116.64938355451125,273.085
2025-11-25 10:00:00,115.97933843583402,326.6275
2025-11-25 11:00:00,115.78271213239707,351.0
2025-11-25 12:00:00,115.76822981484578,317.65250000000003
2025-11-25 13:00:00,115.67143499238053,300.0
2025-11-25 14:00:00,115.61457313403864,309.995
2025-11-25 15:00:00,116.24535429925574,325.0825
2025-11-25 16:00:00,115.88251974647504,373.3125
2025-11-25 17:00:00,115.94109042909203,297.905
2025-11-25 18:00:00,115.94680503336865,249.3725
2025-11-25 19:00:00,115.7892995312711,172.835
2025-11-25 20:00:00,113.63949367666113,135.02
2025-11-25 21:00:00,109.75482078355519,119.155
2025-11-25 22:00:00,109.48688531480697,102.035
2025-11-25 23:00:00,109.35856140350879,92.85499999999999
2025-11-26 00:00:00,109.35853745412756,89.94999999999999
2025-11-26 01:00:00,109.35854413067908,88.325
2025-11-26 02:00:00,109.35851277621549,89.435
2025-11-26 03:00:00,109.35503812301205,89.80250000000001
2025-11-26 04:00:00,109.37826080354583,97.25
2025-11-26 05:00:00,113.6394936766611,129.8225
2025-11-26 06:00:00,116.55825052622306,191.17
2025-11-26 07:00:00,116.64938355451164,237.2225
2025-11-26 08:00:00,116.8230767386703,211.8475
2025-11-26 09:00:00,116.64938355451154,197.1375
2025-11-26 10:00:00,116.64938355451116,170.4975
2025-11-26 11:00:00,116.61254105075086,164.6825
2025-11-26 12:00:00,116.61306643359592,168.2375
2025-11-26 13:00:00,116.4113605905283,184.49
2025-11-26 14:00:00,116.47793545917388,223.7225
2025-11-26 15:00:00,116.59602344020122,294.3775
2025-11-26 16:00:00,116.85822856745897,294.61
2025-11-26 17:00:00,117.28013847092335,228.93
2025-11-26 18:00:00,117.29246865585802,183.675
2025-11-26 19:00:00,116.41049999999983,141.26
2025-11-26 20:00:00,116.41050000000001,114.9475
2025-11-26 21:00:00,110.70326512405279,101.9925
2025-11-26 22:00:00,109.35856140350857,90.1875
2025-11-26 23:00:00,109.35856140351078,89.945
2025-11-27 00:00:00,109.35856140351231,84.275
2025-11-27 01:00:00,109.32738083629125,79.9475
2025-11-27 02:00:00,109.08196323195489,77.3425
2025-11-27 03:00:00,107.1483764405183,79.94749999999999
2025-11-27 04:00:00,109.31916331878685,82.0775
2025-11-27 05:00:00,109.38576414012974,112.22
2025-11-27 06:00:00,110.7032651240526,122.0
2025-11-27 07:00:00,113.63949367666065,123.10499999999999
2025-11-27 08:00:00,110.70326512405262,106.9525
2025-11-27 09:00:00,108.90844000860244,90.9475
2025-11-27 10:00:00,108.22547008785804,88.66499999999999
2025-11-27 11:00:00,102.93694153770758,87.0625
2025-11-27 12:00:00,101.58686929000389,85.75999999999999
2025-11-27 13:00:00,100.66654331474967,89.2475
2025-11-27 14:00:00,105.53997977088845,90.6
2025-11-27 15:00:00,107.53194090706003,90.42999999999999
2025-11-27 16:00:00,108.28918067362694,97.5075
2025-11-27 17:00:00,108.01062709245039,101.3925
2025-11-27 18:00:00,107.75807253962778,88.27
2025-11-27 19:00:00,107.14837644051826,85.39750000000001
2025-11-27 20:00:00,101.66716823997827,80.625
2025-11-27 21:00:00,100.61690625000018,85.105
2025-11-27 22:00:00,101.13084597115486,69.45750000000001
2025-11-27 23:00:00,99.24840019117404,60.84
2025-11-28 00:00:00,98.2212934631731,55.0
2025-11-28 01:00:00,97.85956206066568,52.93
2025-11-28 02:00:00,97.85956206066568,47.8825
2025-11-28 03:00:00,98.2212934631731,58.375
2025-11-28 04:00:00,99.2736489096696,61.04
2025-11-28 05:00:00,107.14837644051826,82.8625
2025-11-28 06:00:00,108.81132931624461,87.82
2025-11-28 07:00:00,110.70326512405276,100.475
2025-11-28 08:00:00,110.70326512405288,103.4
2025-11-28 09:00:00,109.10718872784977,97.845
2025-11-28 10:00:00,110.7032651240529,102.82
2025-11-28 11:00:00,109.56483218419223,98.7125
2025-11-28 12:00:00,109.37713613870524,99.44999999999999
2025-11-28 13:00:00,109.47718667539566,98.78999999999999
2025-11-28 14:00:00,110.01284930182177,104.67
2025-11-28 15:00:00,110.70326512405288,103.4
2025-11-28 16:00:00,110.70326512405272,96.1575
2025-11-28 17:00:00,110.7032651240528,98.125
2025-11-28 18:00:00,110.70326512405288,93.32
2025-11-28 19:00:00,108.96683595624273,88.45750000000001
2025-11-28 20:00:00,108.86827968306466,85.41
2025-11-28 21:00:00,108.10109259259272,85.545
2025-11-28 22:00:00,107.14837644051818,77.83
2025-11-28 23:00:00,101.80086281452489,81.72999999999999
2025-11-29 00:00:00,100.61690625000006,80.89750000000001
2025-11-29 01:00:00,100.61690625000016,81.33500000000001
2025-11-29 02:00:00,100.61690625000008,82.5575
2025-11-29 03:00:00,100.66654331474965,85.6975
2025-11-29 04:00:00,102.20527682224291,89.9975
2025-11-29 05:00:00,106.32948894748193,90.8875
2025-11-29 06:00:00,109.08223018913338,96.175
2025-11-29 07:00:00,109.35590281225267,89.15
2025-11-29 08:00:00,109.36928544612073,101.58250000000001
2025-11-29 09:00:00,109.378499353115,101.44
2025-11-29 10:00:00,109.38108329249062,95.2625
2025-11-29 11:00:00,109.23078928885951,86.0975
2025-11-29 12:00:00,108.29211531758294,87.9575
2025-11-29 13:00:00,103.36380168081115,91.72749999999999
2025-11-29 14:00:00,107.148376440518,102.7225
2025-11-29 15:00:00,109.11084330228027,102.645
2025-11-29 16:00:00,109.22813718654251,107.08500000000001
2025-11-29 17:00:00,109.12165870203684,98.13
2025-11-29 18:00:00,109.09377984243906,88.43
2025-11-29 19:00:00,107.14837644051805,81.1125
2025-11-29 20:00:00,101.68327731372294,80.8
2025-11-29 21:00:00,100.66654331474979,83.49000000000001
2025-11-29 22:00:00,100.66654331474986,77.72749999999999
2025-11-29 23:00:00,99.27364890966952,75.9725
2025-11-30 00:00:00,97.85956206066541,69.7825
2025-11-30 01:00:00,97.07137775031265,67.4375
2025-11-30 02:00:00,97.0713777503128,65.355
2025-11-30 03:00:00,97.07137775031254,67.0
2025-11-30 04:00:00,97.07137775031264,74.2925
2025-11-30 05:00:00,98.22129346317314,75.5775
2025-11-30 06:00:00,98.92848318588365,75.975
2025-11-30 07:00:00,100.66654331474939,79.84
2025-11-30 08:00:00,106.32515418101255,80.65
2025-11-30 09:00:00,107.148376440518,84.4225
2025-11-30 10:00:00,109.07696239157687,81.5425
2025-11-30 11:00:00,108.68166460088202,80.695
2025-11-30 12:00:00,106.20548980860826,82.5175
2025-11-30 13:00:00,104.59491711014753,87.5475
2025-11-30 14:00:00,108.41066002003961,93.5775
2025-11-30 15:00:00,109.1297101385877,92.81
2025-11-30 16:00:00,109.33890410676985,104.0475
2025-11-30 17:00:00,109.28715148097699,106.2125
2025-11-30 18:00:00,109.24303829595512,104.1275
2025-11-30 19:00:00,109.25433386015472,97.525
2025-11-30 20:00:00,109.26739479373663,92.93
2025-11-30 21:00:00,109.26812242540868,92.5975
2025-11-30 22:00:00,107.14837644051865,87.1275
2025-11-30 23:00:00,101.82091685847172,87.995
2025-12-01 00:00:00,100.66654331474982,86.02250000000001
2025-12-01 01:00:00,100.61690624999969,81.34
2025-12-01 02:00:00,99.28472262642802,85.14
2025-12-01 03:00:00,100.6169062500007,80.2575
2025-12-01 04:00:00,101.81518946920018,88.745
2025-12-01 05:00:00,109.34707738617838,88.625
2025-12-01 06:00:00,110.70326512405313,127.86
2025-12-01 07:00:00,112.449616673107,139.3325
2025-12-01 08:00:00,110.70326512405282,105.095
2025-12-01 09:00:00,109.52646244554144,93.7325
2025-12-01 10:00:00,109.20628201563245,85.96
2025-12-01 11:00:00,109.35748606765485,85.01750000000001
2025-12-01 12:00:00,108.91387415202747,90.07
2025-12-01 13:00:00,109.05593678503189,107.2175
2025-12-01 14:00:00,109.14059152736156,120.3225
2025-12-01 15:00:00,109.18829800371876,112.965
2025-12-01 16:00:00,109.51563516097558,94.4125
2025-12-01 17:00:00,108.861759162281,88.9925
2025-12-01 18:00:00,107.90797064518551,86.7675
2025-12-01 19:00:00,106.60358294539562,82.3
2025-12-01 20:00:00,101.58461843645094,75.95
2025-12-01 21:00:00,98.81599128684307,76.43
2025-12-01 22:00:00,98.22129346317286,71.80250000000001
2025-12-01 23:00:00,96.27261728008673,65.7775
2025-12-02 00:00:00,92.54273178553318,58.82
2025-12-02 01:00:00,87.86051344871252,54.935
2025-12-02 02:00:00,87.86051344871238,53.7325
2025-12-02 03:00:00,87.86051344871281,50.4675
2025-12-02 04:00:00,96.27261728008617,64.585
2025-12-02 05:00:00,100.6169062499996,78.5125
2025-12-02 06:00:00,107.99802421480005,87.7875
2025-12-02 07:00:00,108.89940219678044,87.65
2025-12-02 08:00:00,109.24151652759681,88.28
2025-12-02 09:00:00,109.24516485671644,85.8325
2025-12-02 10:00:00,110.703265124053,86.7225
2025-12-02 11:00:00,109.52574624001795,87.44749999999999
2025-12-02 12:00:00,109.15660926307133,97.035
2025-12-02 13:00:00,110.70326512405249,105.0075
2025-12-02 14:00:00,113.25125438104313,140.37
2025-12-02 15:00:00,115.38231164731609,136.34
2025-12-02 16:00:00,115.84129815405865,151.64
2025-12-02 17:00:00,116.41049999999215,162.14249999999998
2025-12-02 18:00:00,116.40061074757094,163.2025
2025-12-02 19:00:00,116.36904020440431,154.885
2025-12-02 20:00:00,115.60662378739053,129.3475
2025-12-02 21:00:00,110.70326512405262,119.2225
2025-12-02 22:00:00,109.5593414764623,99.1375
2025-12-02 23:00:00,109.3585614035088,90.83500000000001
2025-12-03 00:00:00,109.3585614035091,89.0725
2025-12-03 01:00:00,109.3585614035088,90.25750000000001
2025-12-03 02:00:00,109.35856140350899,89.8775
2025-12-03 03:00:00,109.35525767221836,90.02
2025-12-03 04:00:00,109.5780564679782,98.98
2025-12-03 05:00:00,115.60662378739062,150.945
2025-12-03 06:00:00,116.42141403106707,200.0
2025-12-03 07:00:00,116.97209151691854,249.9975
2025-12-03 08:00:00,117.29255499378489,219.89
2025-12-03 09:00:00,116.64938355451149,187.18
2025-12-03 10:00:00,116.6493835545113,173.3725
2025-12-03 11:00:00,116.4333027103528,167.725
2025-12-03 12:00:00,116.42330875503362,181.4075
2025-12-03 13:00:00,116.41948819801189,199.9375
2025-12-03 14:00:00,116.56686326590531,242.5625
2025-12-03 15:00:00,116.64938355451109,308.35
2025-12-03 16:00:00,117.27964708715112,259.6025
2025-12-03 17:00:00,116.97209151691835,204.12
2025-12-03 18:00:00,116.64938355451119,172.6275
2025-12-03 19:00:00,116.41050000000018,146.24
2025-12-03 20:00:00,115.9203436140156,124.82499999999999
2025-12-03 21:00:00,110.7032651240525,113.405
2025-12-03 22:00:00,109.70873845013513,104.135
2025-12-03 23:00:00,109.37608975306823,97.3825
2025-12-04 00:00:00,109.35592552458432,93.8825
2025-12-04 01:00:00,109.3553242806279,90.8325
2025-12-04 02:00:00,109.34344770511689,90.3575
2025-12-04 03:00:00,109.34345389622557,92.3275
2025-12-04 04:00:00,109.79382576864472,96.755
2025-12-04 05:00:00,113.63949367666059,124.86500000000001
2025-12-04 06:00:00,116.25145169557581,128.41
2025-12-04 07:00:00,115.93762879152769,144.7025
2025-12-04 08:00:00,115.93973837742652,163.985
2025-12-04 09:00:00,115.77570300450888,138.405
2025-12-04 10:00:00,115.69730886275396,148.0925
2025-12-04 11:00:00,115.72280311972848,141.9625
2025-12-04 12:00:00,115.60662378739099,145.1825
2025-12-04 13:00:00,115.60662378739084,152.0675
2025-12-04 14:00:00,115.72280622143704,150.9925
2025-12-04 15:00:00,115.71901697768607,145.1975
2025-12-04 16:00:00,116.02116591038569,144.6975
2025-12-04 17:00:00,116.40051201884198,142.33249999999998
2025-12-04 18:00:00,116.40006512796236,134.985
2025-12-04 19:00:00,115.57359350381867,118.6025
2025-12-04 20:00:00,110.70326512405289,103.35249999999999
2025-12-04 21:00:00,109.72793144714346,109.0375
2025-12-04 22:00:00,109.42823035583554,98.2575
2025-12-04 23:00:00,109.35855602757289,95.7425
2025-12-05 00:00:00,109.35851804054127,93.8625
2025-12-05 01:00:00,109.3584704430803,90.92
2025-12-05 02:00:00,109.3586208578847,90.5675
2025-12-05 03:00:00,109.35868821599176,94.03
2025-12-05 04:00:00,109.51520811788197,100.8725
2025-12-05 05:00:00,116.4271782257302,123.99
2025-12-05 06:00:00,116.4440074359219,162.4175
2025-12-05 07:00:00,117.27946120072723,184.4325
2025-12-05 08:00:00,117.2801384709245,184.145
2025-12-05 09:00:00,116.73989511921829,171.3475
2025-12-05 10:00:00,116.64938355451201,167.51500000000001
2025-12-05 11:00:00,116.47976310788817,161.56
2025-12-05 12:00:00,116.64938355451135,157.4475
2025-12-05 13:00:00,116.64938355451135,161.1775
2025-12-05 14:00:00,116.64938355451135,162.3475
2025-12-05 15:00:00,116.64938355451135,169.4975
2025-12-05 16:00:00,116.64938355451135,158.305
2025-12-05 17:00:00,116.10385597055182,147.2475
2025-12-05 18:00:00,115.9342099646856,131.54
2025-12-05 19:00:00,115.60662378739067,115.15
2025-12-05 20:00:00,110.7032651240527,97.55499999999999
2025-12-05 21:00:00,109.39379841609335,93.08
2025-12-05 22:00:00,109.35239972283188,84.1225
2025-12-05 23:00:00,105.80184436764401,82.08
2025-12-06 00:00:00,100.61690624999997,76.9725
2025-12-06 01:00:00,98.22129346317303,73.63
2025-12-06 02:00:00,97.85956206066564,70.01
2025-12-06 03:00:00,97.07137775031276,67.42750000000001
2025-12-06 04:00:00,97.07137775031273,64.9725
2025-12-06 05:00:00,96.2726172800867,64.585
2025-12-06 06:00:00,97.07137775031268,67.87
2025-12-06 07:00:00,97.07137775031276,78.6125
2025-12-06 08:00:00,99.2736489096697,80.94
2025-12-06 09:00:00,100.61690625000017,82.295
2025-12-06 10:00:00,107.27304304269913,80.6125
2025-12-06 11:00:00,102.52619380720759,80.615
2025-12-06 12:00:00,97.07137775031359,81.325
2025-12-06 13:00:00,96.27261728008764,86.1725
2025-12-06 14:00:00,97.07137775031356,91.02250000000001
2025-12-06 15:00:00,100.66654331475024,95.5875
2025-12-06 16:00:00,105.62843756700269,95.1175
2025-12-06 17:00:00,107.46038993929646,89.1825
2025-12-06 18:00:00,105.6427917335173,89.655
2025-12-06 19:00:00,100.66654331474972,83.385
2025-12-06 20:00:00,99.2736489096696,80.61
2025-12-06 21:00:00,98.22129346317301,76.495
2025-12-06 22:00:00,98.22129346317297,71.565
2025-12-06 23:00:00,97.07137775031268,67.32249999999999
2025-12-07 00:00:00,96.27261728008679,60.995000000000005
2025-12-07 01:00:00,87.86051344871225,59.4225
2025-12-07 02:00:00,81.67000276243088,58.56
2025-12-07 03:00:00,87.86051344871223,62.075
2025-12-07 04:00:00,87.86051344871206,62.004999999999995
2025-12-07 05:00:00,94.60334705163572,63.72
2025-12-07 06:00:00,97.0713777503127,71.83500000000001
2025-12-07 07:00:00,100.66654331474963,77.9975
2025-12-07 08:00:00,103.64783231219025,85.555
2025-12-07 09:00:00,108.70474732808029,90.53
2025-12-07 10:00:00,108.2921153175833,91.9225
2025-12-07 11:00:00,100.66654331474965,97.4375
2025-12-07 12:00:00,99.27364890966962,99.57249999999999
2025-12-07 13:00:00,99.27364890966959,104.145
2025-12-07 14:00:00,100.66654331474966,105.735
2025-12-07 15:00:00,104.10989379170849,109.6075
2025-12-07 16:00:00,107.59326714095182,111.82
2025-12-07 17:00:00,109.10511097739774,96.88
2025-12-07 18:00:00,103.07626486962994,87.4625
2025-12-07 19:00:00,98.22129346317283,83.75999999999999
2025-12-07 20:00:00,96.27261728008672,73.72
2025-12-07 21:00:00,81.86080139670648,65.5975
2025-12-07 22:00:00,61.99987736591858,41.7375
2025-12-07 23:00:00,21.520778389932534,19.27
2025-12-08 00:00:00,19.979914529914588,11.09
2025-12-08 01:00:00,19.979914529914506,11.6625
2025-12-08 02:00:00,19.979914529914577,5.59
2025-12-08 03:00:00,19.979914529914577,12.89
2025-12-08 04:00:00,21.9074301772085,28.655
2025-12-08 05:00:00,94.87131662251795,64.3175
2025-12-08 06:00:00,98.22129346317287,82.84
2025-12-08 07:00:00,100.66654331474989,100.0
2025-12-08 08:00:00,101.60271710525514,98.3375
2025-12-08 09:00:00,101.61323400637654,86.0375
2025-12-08 10:00:00,107.43491097632884,79.99000000000001
2025-12-08 11:00:00,98.22129346317287,79.3475
2025-12-08 12:00:00,98.22129346317294,86.845
2025-12-08 13:00:00,98.22129346317296,94.08
2025-12-08 14:00:00,98.22129346317286,100.145
2025-12-08 15:00:00,100.61690624999977,101.075
2025-12-08 16:00:00,109.20770694439987,109.85
2025-12-08 17:00:00,108.89859069354065,100.2625
2025-12-08 18:00:00,108.89415277245052,96.63499999999999
2025-12-08 19:00:00,107.46038993929645,89.345
2025-12-08 20:00:00,101.60220744493469,83.5175
2025-12-08 21:00:00,100.61690624999994,80.21
2025-12-08 22:00:00,99.27364890966955,73.2525
2025-12-08 23:00:00,98.22129346317294,73.69749999999999
2025-12-09 00:00:00,97.0713777503126,72.785
2025-12-09 01:00:00,96.2726172800867,73.7125
2025-12-09 02:00:00,96.2726172800866,74.845
2025-12-09 03:00:00,97.07137775031262,73.72
2025-12-09 04:00:00,98.22129346317293,80.205
2025-12-09 05:00:00,103.04469437354653,98.8475
2025-12-09 06:00:00,110.70326512405275,105.78999999999999
2025-12-09 07:00:00,110.70326512405278,129.75
2025-12-09 08:00:00,110.70326512405273,111.335
2025-12-09 09:00:00,110.70326512405262,103.06
2025-12-09 10:00:00,110.70326512405265,103.34
2025-12-09 11:00:00,110.27511729050211,97.83
2025-12-09 12:00:00,106.92604620887057,101.1
2025-12-09 13:00:00,107.14837644051659,100.22
2025-12-09 14:00:00,110.70326512405079,110.88499999999999
2025-12-09 15:00:00,110.70326512405069,108.3
2025-12-09 16:00:00,111.65769237277838,104.5675
2025-12-09 17:00:00,110.70326512405094,96.91
2025-12-09 18:00:00,109.89700332274339,85.1025
2025-12-09 19:00:00,101.99971113196041,83.67
2025-12-09 20:00:00,98.22129346317132,79.35499999999999
2025-12-09 21:00:00,97.07137775031103,73.3325
2025-12-09 22:00:00,97.85956206066398,55.42
2025-12-09 23:00:00,96.27261728008519,43.9
2025-12-10 00:00:00,87.86051344871046,36.480000000000004
2025-12-10 01:00:00,81.86080139670477,31.0
2025-12-10 02:00:00,81.86080139670477,35.1125
2025-12-10 03:00:00,87.8605134487104,48.089999999999996
2025-12-10 04:00:00,96.2726172800851,69.65
2025-12-10 05:00:00,100.61690624999828,79.12
2025-12-10 06:00:00,107.14837644051647,87.505
2025-12-10 07:00:00,109.00142369572357,94.33250000000001
2025-12-10 08:00:00,109.01503506823501,94.225
2025-12-10 09:00:00,109.30227104753382,87.72749999999999
2025-12-10 10:00:00,109.56961076344864,80.9975
2025-12-10 11:00:00,109.35177013039912,79.5
2025-12-10 12:00:00,109.3396541025397,81.4425
2025-12-10 13:00:00,109.33965410253963,90.2225
2025-12-10 14:00:00,109.23434634681259,100.665
2025-12-10 15:00:00,110.70326512405268,104.0025
2025-12-10 16:00:00,110.70326512405266,105.6725
2025-12-10 17:00:00,110.70326512405276,104.695
2025-12-10 18:00:00,109.36729732419076,96.77250000000001
2025-12-10 19:00:00,107.42769312082393,87.75
2025-12-10 20:00:00,101.28887471621665,86.31
2025-12-10 21:00:00,101.5884713667806,82.485
2025-12-10 22:00:00,100.66654331474969,76.425
2025-12-10 23:00:00,98.78179267617503,73.975
2025-12-11 00:00:00,98.22129346317293,73.41749999999999
2025-12-11 01:00:00,97.85956206066564,72.515
2025-12-11 02:00:00,97.07137775031293,75.2075
2025-12-11 03:00:00,97.85956206066558,76.9125
2025-12-11 04:00:00,99.27364890966956,80.5925
2025-12-11 05:00:00,107.44365576908538,90.09
2025-12-11 06:00:00,108.32181772118994,98.11
2025-12-11 07:00:00,110.70326512405248,110.3575
2025-12-11 08:00:00,110.70326512405254,106.1675
2025-12-11 09:00:00,109.1140337226041,93.18
2025-12-11 10:00:00,109.54723762756356,91.9175
2025-12-11 11:00:00,109.35121059806913,89.4
2025-12-11 12:00:00,109.36448244268105,90.22
2025-12-11 13:00:00,109.37486562915149,97.7875
2025-12-11 14:00:00,108.9896102181752,111.265
2025-12-11 15:00:00,110.70326512405283,114.7
2025-12-11 16:00:00,110.70326512405275,115.405
2025-12-11 17:00:00,110.703265124053,112.5675
2025-12-11 18:00:00,110.70326512405268,107.78999999999999
2025-12-11 19:00:00,109.1607472250926,103.6425
2025-12-11 20:00:00,109.2334176606124,94.3925
2025-12-11 21:00:00,109.33862133171814,93.58500000000001
2025-12-11 22:00:00,109.34509051222842,93.735
2025-12-11 23:00:00,109.3585614035106,83.78
2025-12-12 00:00:00,109.33331951626924,86.22
2025-12-12 01:00:00,109.33238748487858,87.9
2025-12-12 02:00:00,109.33751570023409,90.1825
2025-12-12 03:00:00,109.35132525716219,90.7075
2025-12-12 04:00:00,109.35301425296912,92.2125
2025-12-12 05:00:00,112.1337115754841,101.22749999999999
2025-12-12 06:00:00,115.90303355763139,121.325
2025-12-12 07:00:00,116.41049999999983,130.8525
2025-12-12 08:00:00,116.41049999999997,126.9025
2025-12-12 09:00:00,116.2257809107277,121.955
2025-12-12 10:00:00,115.60662378739069,118.30499999999999
2025-12-12 11:00:00,115.52091650456039,113.0675
2025-12-12 12:00:00,113.63949367666066,118.26
2025-12-12 13:00:00,114.55839594138594,126.8225
2025-12-12 14:00:00,115.90700391207082,131.9475
2025-12-12 15:00:00,116.28416620045702,145.4875
2025-12-12 16:00:00,116.13617347505905,146.825
2025-12-12 17:00:00,116.41050000006626,133.1
2025-12-12 18:00:00,116.41050000004067,128.0575
2025-12-12 19:00:00,116.4105000000304,117.0025
2025-12-12 20:00:00,112.3165414495288,114.92999999999999
2025-12-12 21:00:00,110.70326512405197,103.82
2025-12-12 22:00:00,109.4518319243223,91.7525
2025-12-12 23:00:00,109.35856140353923,92.2825
2025-12-13 00:00:00,109.35856140349375,90.5025
2025-12-13 01:00:00,109.33611549716684,87.39
2025-12-13 02:00:00,109.32787695855069,87.0425
2025-12-13 03:00:00,109.28159884025136,85.0
2025-12-13 04:00:00,109.2904923138925,84.66749999999999
2025-12-13 05:00:00,109.35352118393314,79.1425
2025-12-13 06:00:00,109.36656784803748,81.135
2025-12-13 07:00:00,109.47309657740658,95.9525
2025-12-13 08:00:00,109.49418150890922,106.77
2025-12-13 09:00:00,109.45404249852233,102.58500000000001
2025-12-13 10:00:00,109.42813079180196,98.0925
2025-12-13 11:00:00,109.39352373192072,93.7575
2025-12-13 12:00:00,109.35996137019795,92.935
2025-12-13 13:00:00,109.2484534408583,95.75750000000001
2025-12-13 14:00:00,109.33234118394466,114.6575
2025-12-13 15:00:00,110.70326512405268,119.7075
2025-12-13 16:00:00,112.01368951926801,118.4475
2025-12-13 17:00:00,110.70326512405268,112.255
2025-12-13 18:00:00,110.70326512405268,103.63
2025-12-13 19:00:00,109.46601324044768,91.7075
2025-12-13 20:00:00,109.3464520972635,90.5575
2025-12-13 21:00:00,109.34410350024189,93.685
2025-12-13 22:00:00,109.35856140350884,84.3875
2025-12-13 23:00:00,107.03297918113888,91.195
2025-12-14 00:00:00,101.80474882449747,90.52250000000001
2025-12-14 01:00:00,100.66654331474967,81.9
2025-12-14 02:00:00,100.61690625000011,79.95
2025-12-14 03:00:00,99.28169525300072,77.305
2025-12-14 04:00:00,99.28169525300072,78.7625
2025-12-14 05:00:00,100.61690624999994,77.175
2025-12-14 06:00:00,100.66654331474966,77.4725
2025-12-14 07:00:00,101.6958870029478,81.76
2025-12-14 08:00:00,106.24939237788571,82.345
2025-12-14 09:00:00,107.1483764405182,80.005
2025-12-14 10:00:00,109.0783988903058,84.0775
2025-12-14 11:00:00,106.2831343845404,87.27250000000001
2025-12-14 12:00:00,101.68389279936527,86.95750000000001
2025-12-14 13:00:00,100.66654331474987,88.65
2025-12-14 14:00:00,100.66654331474973,92.0975
2025-12-14 15:00:00,105.64970374166788,99.2825
2025-12-14 16:00:00,107.61053565717094,102.785
2025-12-14 17:00:00,108.13106354139484,103.2925
2025-12-14 18:00:00,107.44362561527183,92.99
2025-12-14 19:00:00,106.96456935766628,90.39750000000001
2025-12-14 20:00:00,101.13181964246839,84.4025
2025-12-14 21:00:00,100.66654331474975,82.65
2025-12-14 22:00:00,101.78951001259398,75.75
2025-12-14 23:00:00,99.27364890966953,72.5
2025-12-15 00:00:00,98.22129346317308,71.8775
2025-12-15 01:00:00,97.07137775031262,71.0375
2025-12-15 02:00:00,96.27261728008682,70.6675
2025-12-15 03:00:00,96.27261728008682,75.28
2025-12-15 04:00:00,97.8595620606657,76.8025
2025-12-15 05:00:00,101.598146118156,86.525
2025-12-15 06:00:00,109.03425147699603,98.78999999999999
2025-12-15 07:00:00,109.4381239418573,101.1275
2025-12-15 08:00:00,109.49088676384447,96.64999999999999
2025-12-15 09:00:00,108.9561513318501,89.61500000000001
2025-12-15 10:00:00,109.23003287470323,79.7225
2025-12-15 11:00:00,109.28244501176415,79.77
2025-12-15 12:00:00,108.37822045692954,88.26
2025-12-15 13:00:00,108.55505812885045,95.4375
2025-12-15 14:00:00,108.98149502404183,107.3
2025-12-15 15:00:00,110.70326512405268,108.655
2025-12-15 16:00:00,110.70326512405268,104.21249999999999
2025-12-15 17:00:00,110.70326512405268,98.1575
2025-12-15 18:00:00,109.43367306621266,90.41749999999999
2025-12-15 19:00:00,109.22478420505105,84.25
2025-12-15 20:00:00,108.58625546661125,85.17
2025-12-15 21:00:00,107.46035978548291,84.9775
2025-12-15 22:00:00,108.90067646755212,80.4625
2025-12-15 23:00:00,106.3219422306686,80.67
2025-12-16 00:00:00,102.01375765909678,79.05250000000001
2025-12-16 01:00:00,102.02873612170407,77.0975
2025-12-16 02:00:00,102.28484464417403,79.0525
2025-12-16 03:00:00,102.32356522402911,80.3875
2025-12-16 04:00:00,108.68872644715121,82.3125
2025-12-16 05:00:00,109.31482370141715,88.4
2025-12-16 06:00:00,110.70326512405248,91.38499999999999
2025-12-16 07:00:00,114.32810677394598,100.4675
2025-12-16 08:00:00,114.32384905571969,101.265
2025-12-16 09:00:00,112.5681174200646,92.345
2025-12-16 10:00:00,112.32731520666145,90.6075
2025-12-16 11:00:00,110.7032651240527,91.5125
2025-12-16 12:00:00,110.7032651240527,99.885
2025-12-16 13:00:00,110.70326512405254,124.39750000000001
2025-12-16 14:00:00,114.30308439192214,139.3775
2025-12-16 15:00:00,115.60662378739045,155.3125
2025-12-16 16:00:00,116.05756777731935,162.20499999999998
2025-12-16 17:00:00,116.41050000000011,142.25
2025-12-16 18:00:00,116.4105000000002,137.0975
2025-12-16 19:00:00,116.41049999999986,128.85
2025-12-16 20:00:00,113.1063139327658,118.9425
2025-12-16 21:00:00,110.7032651240525,115.575
2025-12-16 22:00:00,109.51121494031517,103.42
2025-12-16 23:00:00,109.35856140350887,89.0025
2025-12-17 00:00:00,109.35856140350842,89.79
2025-12-17 01:00:00,109.35856140350923,86.4925
2025-12-17 02:00:00,109.35856140350921,85.025
2025-12-17 03:00:00,109.35856140350974,88.0775
2025-12-17 04:00:00,109.54485043603839,90.4975
2025-12-17 05:00:00,114.42146158720826,95.4875
2025-12-17 06:00:00,116.41049999999998,108.825
2025-12-17 07:00:00,116.64938355451126,133.46
2025-12-17 08:00:00,116.64938355451129,126.295
2025-12-17 09:00:00,116.41049999999998,124.535
2025-12-17 10:00:00,116.0367572215466,118.15
2025-12-17 11:00:00,115.60662378739057,111.895
2025-12-17 12:00:00,114.96971466852551,122.6575
2025-12-17 13:00:00,115.60662378739066,129.97
2025-12-17 14:00:00,115.91713803286177,127.5025
2025-12-17 15:00:00,116.42121213114697,126.4975
2025-12-17 16:00:00,116.05756777731925,122.825
2025-12-17 17:00:00,116.41050000000025,111.4
2025-12-17 18:00:00,116.37213616588568,97.505
2025-12-17 19:00:00,115.60662378739052,94.71000000000001
2025-12-17 20:00:00,110.7032651240525,94.7025
2025-12-17 21:00:00,109.2557911513023,93.2175
2025-12-17 22:00:00,109.34633814760186,85.0
2025-12-17 23:00:00,102.85279065210348,77.755
2025-12-18 00:00:00,100.66654331474966,69.065
2025-12-18 01:00:00,98.22129346317288,60.1275
2025-12-18 02:00:00,97.07137775031265,48.89
2025-12-18 03:00:00,97.0713777503125,44.817499999999995
2025-12-18 04:00:00,97.0713777503126,50.8275
2025-12-18 05:00:00,99.2736489096694,63.2425
2025-12-18 06:00:00,101.56614214492033,81.525
2025-12-18 07:00:00,102.8692003304953,90.74249999999999
2025-12-18 08:00:00,104.97565203942278,88.5575
2025-12-18 09:00:00,102.90991997452144,78.2825
2025-12-18 10:00:00,107.92047962664824,78.2875
2025-12-18 11:00:00,102.17532802747748,77.4225
2025-12-18 12:00:00,97.07137775031269,79.47749999999999
2025-12-18 13:00:00,97.0713777503128,103.755
2025-12-18 14:00:00,97.07137775031264,114.4925
2025-12-18 15:00:00,98.22129346317296,110.8825
2025-12-18 16:00:00,102.91149248322714,103.4175
2025-12-18 17:00:00,100.99104409294007,88.255
2025-12-18 18:00:00,100.61690625000095,80.14
2025-12-18 19:00:00,97.07137775031352,67.6825
2025-12-18 20:00:00,77.0631259479891,53.254999999999995
2025-12-18 21:00:00,64.93456753725467,51.8
2025-12-18 22:00:00,35.930900000000186,18.6525
2025-12-18 23:00:00,21.84624489348088,9.84
2025-12-19 00:00:00,19.979914529914545,5.8575
2025-12-19 01:00:00,19.97991452991461,4.33
2025-12-19 02:00:00,19.97991452991439,3.515
2025-12-19 03:00:00,19.97991452991429,4.115
2025-12-19 04:00:00,35.93090000000002,10.775
2025-12-19 05:00:00,96.27261728008675,40.28
2025-12-19 06:00:00,99.27364890966956,76.7125
2025-12-19 07:00:00,105.09054279699765,89.5425
2025-12-19 08:00:00,107.14837644051813,89.38499999999999
2025-12-19 09:00:00,107.34041503649478,89.23
2025-12-19 10:00:00,109.33877150229685,87.49000000000001
2025-12-19 11:00:00,109.33762383084901,84.57249999999999
2025-12-19 12:00:00,109.243503497421,87.625
2025-12-19 13:00:00,109.26244246777982,93.3475
2025-12-19 14:00:00,108.42517473150863,97.4025
2025-12-19 15:00:00,109.47918482233085,100.3325
2025-12-19 16:00:00,110.70326512405272,106.905
2025-12-19 17:00:00,110.70326512405293,107.48
2025-12-19 18:00:00,110.70326512405308,105.1225
2025-12-19 19:00:00,109.41469637872461,102.91
2025-12-19 20:00:00,109.25386130765123,98.4625
2025-12-19 21:00:00,109.33058123758092,96.2775
2025-12-19 22:00:00,109.35856140350981,90.18
2025-12-19 23:00:00,109.35856140350951,84.8125
2025-12-20 00:00:00,109.35856140350899,83.4
2025-12-20 01:00:00,108.72920626362264,85.0025
2025-12-20 02:00:00,108.72920626362264,87.4875
2025-12-20 03:00:00,109.08191751670127,88.46000000000001
2025-12-20 04:00:00,109.33693692120863,89.915
2025-12-20 05:00:00,109.35182074947897,95.975
2025-12-20 06:00:00,109.4137698947911,104.0
2025-12-20 07:00:00,110.70326512405315,113.2075
2025-12-20 08:00:00,110.70326512405282,114.8
2025-12-20 09:00:00,110.70326512405296,112.66749999999999
2025-12-20 10:00:00,110.70326512405299,110.9875
2025-12-20 11:00:00,110.70326512405298,110.2675
2025-12-20 12:00:00,110.7032651240527,114.9825
2025-12-20 13:00:00,110.70326512405332,119.4825
2025-12-20 14:00:00,112.34362403911511,120.6375
2025-12-20 15:00:00,114.2955356310951,120.205
2025-12-20 16:00:00,115.6066237873914,122.3925
2025-12-20 17:00:00,113.63949367666066,118.265
2025-12-20 18:00:00,112.43289150721036,104.11
2025-12-20 19:00:00,110.70326512405278,96.3825
2025-12-20 20:00:00,109.49926844057934,93.01
2025-12-20 21:00:00,109.36641685893765,92.245
2025-12-20 22:00:00,109.34871848984793,90.6725
2025-12-20 23:00:00,109.27182501223167,95.7
2025-12-21 00:00:00,106.89900674652328,90.045
2025-12-21 01:00:00,104.73108819979758,86.485
2025-12-21 02:00:00,103.6111895913489,85.39500000000001
2025-12-21 03:00:00,102.77546013538927,85.6275
2025-12-21 04:00:00,102.78349768958074,86.825
2025-12-21 05:00:00,103.34145627313936,88.14
2025-12-21 06:00:00,105.70908200817327,92.85249999999999
2025-12-21 07:00:00,109.05911991596388,102.14750000000001
2025-12-21 08:00:00,109.3402315430463,107.00999999999999
2025-12-21 09:00:00,109.34023154304647,102.58250000000001
2025-12-21 10:00:00,109.34990388501019,101.3
2025-12-21 11:00:00,109.34201588462551,98.4825
2025-12-21 12:00:00,109.1191213462876,94.8675
2025-12-21 13:00:00,109.06344819847807,98.8925
2025-12-21 14:00:00,108.75492551685393,100.87
2025-12-21 15:00:00,107.63080199636985,97.515
2025-12-21 16:00:00,108.93866500624566,97.0675
2025-12-21 17:00:00,107.87112511517105,90.795
2025-12-21 18:00:00,107.14837644051751,86.14
2025-12-21 19:00:00,101.58604021675256,81.655
2025-12-21 20:00:00,99.2736489096687,78.8625
2025-12-21 21:00:00,98.76041953187776,77.495
2025-12-21 22:00:00,101.81544954809327,70.905
2025-12-21 23:00:00,97.85956206066494,70.22749999999999
2025-12-22 00:00:00,96.27261728008601,68.8275
2025-12-22 01:00:00,96.27261728008604,67.785
2025-12-22 02:00:00,96.27261728008567,66.31
2025-12-22 03:00:00,96.27261728008594,71.5175
2025-12-22 04:00:00,97.8595620606647,74.1125
2025-12-22 05:00:00,100.61690625000004,78.1875
2025-12-22 06:00:00,107.14837644051809,90.4475
2025-12-22 07:00:00,109.19774974389159,93.3425
2025-12-22 08:00:00,109.67193726087699,90.79249999999999
2025-12-22 09:00:00,109.27374940855262,89.2475
2025-12-22 10:00:00,109.54622680027971,85.0
2025-12-22 11:00:00,109.1270120218915,86.34
2025-12-22 12:00:00,109.12701202189152,88.615
2025-12-22 13:00:00,109.1718309449581,92.1225
2025-12-22 14:00:00,109.40261939769591,99.5375
2025-12-22 15:00:00,109.63486033231912,101.18
2025-12-22 16:00:00,110.70326512405278,107.8925
2025-12-22 17:00:00,110.46720272385441,100.9
2025-12-22 18:00:00,109.81317322458375,93.78999999999999
2025-12-22 19:00:00,109.47998775244768,89.47749999999999
2025-12-22 20:00:00,109.34603657741484,84.86
2025-12-22 21:00:00,109.35856140350872,84.8225
2025-12-22 22:00:00,109.35856140350911,77.9675
2025-12-22 23:00:00,108.9604188784475,72.2325
2025-12-23 00:00:00,106.19463887813437,65.0325
2025-12-23 01:00:00,101.82049317168332,62.004999999999995
2025-12-23 02:00:00,100.61690625000053,59.06
2025-12-23 03:00:00,100.61690625000058,58.1125
2025-12-23 04:00:00,100.66654331474986,59.0225
2025-12-23 05:00:00,102.8495906569328,67.8475
2025-12-23 06:00:00,108.1010925925926,78.0175
2025-12-23 07:00:00,109.15585823437408,83.875
2025-12-23 08:00:00,109.01882986208682,85.465
2025-12-23 09:00:00,108.84019005822162,83.8375
2025-12-23 10:00:00,108.63678023833279,81.86749999999999
2025-12-23 11:00:00,108.4513564595896,80.485
2025-12-23 12:00:00,108.27888361367812,79.2125
2025-12-23 13:00:00,108.26790522860635,79.215
2025-12-23 14:00:00,108.39857601027963,81.8275
2025-12-23 15:00:00,108.60672345493296,83.6875
2025-12-23 16:00:00,109.04776592635388,82.4675
2025-12-23 17:00:00,108.8822382314518,83.945
2025-12-23 18:00:00,108.82763497224748,82.465
2025-12-23 19:00:00,107.148376440518,78.005
2025-12-23 20:00:00,101.59858917235849,69.93
2025-12-23 21:00:00,100.61690625,71.83500000000001
2025-12-23 22:00:00,100.66654331474962,64.0925
2025-12-23 23:00:00,98.22129346317296,60.2475
2025-12-24 00:00:00,96.2726172800867,55.8625
2025-12-24 01:00:00,94.87131662251807,56.8
2025-12-24 02:00:00,81.86080139670617,55.84
2025-12-24 03:00:00,81.86080139670659,55.8475
2025-12-24 04:00:00,87.860513448712,55.85
2025-12-24 05:00:00,87.8605134487123,57.214999999999996
2025-12-24 06:00:00,96.27261728008709,67.44500000000001
2025-12-24 07:00:00,98.22129346317325,81.0
2025-12-24 08:00:00,100.61690625000013,82.47
2025-12-24 09:00:00,100.61690625000034,76.02250000000001
2025-12-24 10:00:00,102.84954491949857,69.2875
2025-12-24 11:00:00,99.27364890966967,68.5125
2025-12-24 12:00:00,97.07137775031283,67.9875
2025-12-24 13:00:00,87.86051344871223,73.7575
2025-12-24 14:00:00,96.27261728008934,83.0525
2025-12-24 15:00:00,98.22129346317494,87.9
2025-12-24 16:00:00,100.61690625000004,89.1325
2025-12-24 17:00:00,100.66654331474966,78.9075
2025-12-24 18:00:00,99.27364890966953,71.77250000000001
2025-12-24 19:00:00,98.22129346317288,68.1575
2025-12-24 20:00:00,97.85956206066575,67.9875
2025-12-24 21:00:00,97.85956206066555,69.0075
2025-12-24 22:00:00,100.61690625000011,65.1625
2025-12-24 23:00:00,98.22129346317301,63.22
2025-12-25 00:00:00,97.07137775031272,58.4425
2025-12-25 01:00:00,96.27261728008669,56.8575
2025-12-25 02:00:00,94.776481366527,55.845
2025-12-25 03:00:00,94.60334705163537,54.53
2025-12-25 04:00:00,96.27261728008672,52.605000000000004
2025-12-25 05:00:00,96.27261728008673,49.165
2025-12-25 06:00:00,97.07137775031285,54.0275
2025-12-25 07:00:00,98.22129346317307,64.205
2025-12-25 08:00:00,99.27364890966965,64.7075
2025-12-25 09:00:00,99.27364890966977,53.765
2025-12-25 10:00:00,101.80229299744185,48.9825
2025-12-25 11:00:00,99.1320912448509,48.4875
2025-12-25 12:00:00,97.85956206066581,47.865
2025-12-25 13:00:00,97.07137775031268,68.5475
2025-12-25 14:00:00,99.27364890966948,89.41499999999999
2025-12-25 15:00:00,102.85256857244565,92.235
2025-12-25 16:00:00,109.34865894429011,94.005
2025-12-25 17:00:00,109.35856140350889,94.055
2025-12-25 18:00:00,109.35856140350958,91.715
2025-12-25 19:00:00,109.35856140350894,91.0325
2025-12-25 20:00:00,109.35856140350806,92.7
2025-12-25 21:00:00,109.35856140350872,96.1525
2025-12-25 22:00:00,109.35856140350909,91.47
2025-12-25 23:00:00,109.35856140350965,97.1
2025-12-26 00:00:00,109.10632740027171,91.0525
2025-12-26 01:00:00,107.14837644051806,85.8175
2025-12-26 02:00:00,107.03709171300763,83.05250000000001
2025-12-26 03:00:00,107.14837644051819,82.3925
2025-12-26 04:00:00,109.10634018473905,82.83500000000001
2025-12-26 05:00:00,109.33162987950897,85.02
2025-12-26 06:00:00,109.35856140350876,93.11500000000001
2025-12-26 07:00:00,109.35856140350896,98.9
2025-12-26 08:00:00,109.35856140350866,96.73
2025-12-26 09:00:00,109.35856140350886,89.25
2025-12-26 10:00:00,109.35833718407197,84.9925
2025-12-26 11:00:00,109.35697912289875,82.3125
2025-12-26 12:00:00,108.66489554995138,83.0975
2025-12-26 13:00:00,108.73071817062188,92.7
2025-12-26 14:00:00,109.3084963860846,109.1425
2025-12-26 15:00:00,109.3584560117494,116.77250000000001
2025-12-26 16:00:00,109.50691976193161,120.47
2025-12-26 17:00:00,109.86500924123364,116.9725
2025-12-26 18:00:00,109.78422908689238,116.2625
2025-12-26 19:00:00,109.5524321785257,113.725
2025-12-26 20:00:00,109.50025758132443,111.5
2025-12-26 21:00:00,109.35856140350901,108.255
2025-12-26 22:00:00,109.3585614035103,99.36749999999999
2025-12-26 23:00:00,109.35856140350862,96.69
2025-12-27 00:00:00,109.35856140350715,91.725
2025-12-27 01:00:00,109.33162987950949,84.7075
2025-12-27 02:00:00,109.32987367888053,82.7175
2025-12-27 03:00:00,109.32987367888053,83.9975
2025-12-27 04:00:00,109.32987367888009,83.17
2025-12-27 05:00:00,109.33284524406038,88.015
2025-12-27 06:00:00,109.33372516713989,99.505
2025-12-27 07:00:00,109.35856140350865,102.32
2025-12-27 08:00:00,109.35856140351041,93.81
2025-12-27 09:00:00,109.2646609090179,80.0325
2025-12-27 10:00:00,109.07444991933693,75.395
2025-12-27 11:00:00,106.28690321128225,74.54
2025-12-27 12:00:00,100.66654331474868,76.7375
2025-12-27 13:00:00,100.6169062499997,81.19999999999999
2025-12-27 14:00:00,101.80069693123046,94.5425
2025-12-27 15:00:00,109.02895165762627,103.0075
2025-12-27 16:00:00,109.35823593498145,105.925
2025-12-27 17:00:00,109.34384753738297,108.4275
2025-12-27 18:00:00,109.34377532542908,105.0
2025-12-27 19:00:00,109.3223885279063,102.5875
2025-12-27 20:00:00,109.35856140350873,93.89500000000001
2025-12-27 21:00:00,109.35856140350867,95.4175
2025-12-27 22:00:00,109.35825557173479,91.295
2025-12-27 23:00:00,109.02746788987682,84.33500000000001
2025-12-28 00:00:00,107.20604181764232,83.37
2025-12-28 01:00:00,107.20604181764232,79.96000000000001
2025-12-28 02:00:00,107.14837644051809,78.8175
2025-12-28 03:00:00,107.20591479814783,80.4475
2025-12-28 04:00:00,107.26347315146914,83.61
2025-12-28 05:00:00,109.07774615380403,86.47749999999999
2025-12-28 06:00:00,109.3282574598205,92.15
2025-12-28 07:00:00,109.35853799983929,97.3625
2025-12-28 08:00:00,109.35856140350863,96.565
2025-12-28 09:00:00,109.35852055846098,88.2125
2025-12-28 10:00:00,109.35843847667327,88.3675
2025-12-28 11:00:00,109.35810646378631,80.0225
2025-12-28 12:00:00,109.35788970888783,80.025
2025-12-28 13:00:00,109.35788038669209,86.6775
2025-12-28 14:00:00,109.35806918793351,100.87
2025-12-28 15:00:00,109.35851528819244,110.8825
2025-12-28 16:00:00,109.42207955367768,113.7025
2025-12-28 17:00:00,109.45268053298467,114.455
2025-12-28 18:00:00,109.48325181445414,109.33250000000001
2025-12-28 19:00:00,109.35856140350849,105.00999999999999
2025-12-28 20:00:00,109.35856140350893,99.0275
2025-12-28 21:00:00,109.358561403509,98.2825
2025-12-28 22:00:00,109.3585614035077,88.44
2025-12-28 23:00:00,107.31779005798884,89.88
2025-12-29 00:00:00,102.85758869372967,84.98249999999999
2025-12-29 01:00:00,100.66654331474984,84.1825
2025-12-29 02:00:00,101.3087657331317,82.19
2025-12-29 03:00:00,102.85706090610597,83.6225
2025-12-29 04:00:00,107.29679616782896,90.7925
2025-12-29 05:00:00,109.35856140350846,96.3325
2025-12-29 06:00:00,109.35856140350892,104.7175
2025-12-29 07:00:00,109.45513293379967,113.8775
2025-12-29 08:00:00,109.55211784726407,111.01
2025-12-29 09:00:00,109.35856140350974,97.64500000000001
2025-12-29 10:00:00,109.35856140350816,90.345
2025-12-29 11:00:00,109.35838721202715,87.6575
2025-12-29 12:00:00,109.35812274902909,88.52250000000001
2025-12-29 13:00:00,109.35837531908473,96.10249999999999
2025-12-29 14:00:00,109.35850762298219,103.5075
2025-12-29 15:00:00,109.34672750740668,108.655
2025-12-29 16:00:00,109.50911969571354,107.0075
2025-12-29 17:00:00,110.70326512405265,103.3075
2025-12-29 18:00:00,110.70326512405263,95.14750000000001
2025-12-29 19:00:00,109.39165612607647,90.3725
2025-12-29 20:00:00,109.39952188089636,83.245
2025-12-29 21:00:00,109.33379277848856,87.91499999999999
2025-12-29 22:00:00,109.07931827391286,83.3425
2025-12-29 23:00:00,107.14837644051808,77.8625
2025-12-30 00:00:00,102.92666692664619,73.215
2025-12-30 01:00:00,102.69656741573024,71.855
2025-12-30 02:00:00,101.81626720774412,69.3575
2025-12-30 03:00:00,100.66654331474973,68.5375
2025-12-30 04:00:00,101.81600012119216,71.99
2025-12-30 05:00:00,107.14837644051818,80.02
2025-12-30 06:00:00,109.27617577850799,87.97
2025-12-30 07:00:00,109.33303125170005,94.8775
2025-12-30 08:00:00,109.34447217314424,94.3925
2025-12-30 09:00:00,109.34356628998563,85.82
2025-12-30 10:00:00,109.35856140350874,79.38
2025-12-30 11:00:00,109.35610087563647,76.155
2025-12-30 12:00:00,107.14837644051791,76.7575
2025-12-30 13:00:00,107.14837644051804,88.9675
2025-12-30 14:00:00,109.0244816005134,102.325
2025-12-30 15:00:00,109.35622844694244,109.1
2025-12-30 16:00:00,109.98919843535803,110.715
2025-12-30 17:00:00,110.7032651240526,109.12
2025-12-30 18:00:00,110.7032651240524,105.6075
2025-12-30 19:00:00,109.5304398061111,101.03999999999999
2025-12-30 20:00:00,109.45581606273646,93.3225
2025-12-30 21:00:00,109.35856140350963,92.045
2025-12-30 22:00:00,109.35856140350893,85.8075
2025-12-30 23:00:00,109.35856140350734,88.0825
2025-12-31 00:00:00,109.3585614035085,84.3375
2025-12-31 01:00:00,109.07990226268943,80.2125
2025-12-31 02:00:00,107.24105166719288,76.58
2025-12-31 03:00:00,107.07199333734427,74.9325
2025-12-31 04:00:00,102.11792529782281,77.3775
2025-12-31 05:00:00,101.98655595264579,81.86749999999999
2025-12-31 06:00:00,101.26413413765415,85.2825
2025-12-31 07:00:00,101.2407781100039,95.7925
2025-12-31 08:00:00,101.23671732633706,95.33500000000001
2025-12-31 09:00:00,100.66654331474996,89.26249999999999
2025-12-31 10:00:00,103.48631554598788,83.48
2025-12-31 11:00:00,100.66654331474949,83.0475
2025-12-31 12:00:00,99.2736489096695,85.17
2025-12-31 13:00:00,98.22129346317284,85.17750000000001
2025-12-31 14:00:00,100.61690624999977,90.8325
2025-12-31 15:00:00,101.87436994705678,100.705
2025-12-31 16:00:00,108.88168444043603,110.1
2025-12-31 17:00:00,109.09189698165072,107.5275
2025-12-31 18:00:00,107.14837644051809,95.99000000000001
2025-12-31 19:00:00,101.9401487063426,86.8025
2025-12-31 20:00:00,100.61690624999999,79.7975
2025-12-31 21:00:00,98.22129346317293,81.39
2025-12-31 22:00:00,98.22129346317294,76.4475
2025-12-31 23:00:00,96.27261728008669,
