utc,demand_mw,simulated_eur_mwh,observed_eur_mwh,shortage_mw
2025-01-01T00:00Z,47328.22749328613,-5.0,1.6,0.0
2025-01-01T01:00Z,46243.65743255615,-5.0,0.0,0.0
2025-01-01T02:00Z,45051.78739929199,-5.0,-0.01,0.0
2025-01-01T03:00Z,44047.70739746094,-5.0,-0.01,0.0
2025-01-01T04:00Z,44260.94750213623,-5.0,-0.06,0.0
2025-01-01T05:00Z,43607.37493133545,-5.0,-0.09,0.0
2025-01-01T06:00Z,43972.50498199463,-5.0,-0.01,0.0
2025-01-01T07:00Z,46112.33005523682,-5.0,-0.01,0.0
2025-01-01T08:00Z,48140.419929504395,-5.0,-0.04,0.0
2025-01-01T09:00Z,50565.21244049072,-5.0,-0.03,0.0
2025-01-01T10:00Z,52587.434982299805,-5.0,-0.1,0.0
2025-01-01T11:00Z,53643.96501159668,-5.0,-0.05,0.0
2025-01-01T12:00Z,52376.16007232666,-5.0,-0.1,0.0
2025-01-01T13:00Z,51265.047424316406,-5.0,-1.01,0.0
2025-01-01T14:00Z,52331.719970703125,-5.0,-0.01,0.0
2025-01-01T15:00Z,54438.64250946045,-5.0,-0.01,0.0
2025-01-01T16:00Z,56308.39503479004,-5.0,0.07,0.0
2025-01-01T17:00Z,56467.61249542236,-5.0,1.01,0.0
2025-01-01T18:00Z,55292.562507629395,-5.0,1.48,0.0
2025-01-01T19:00Z,53044.66996765137,-5.0,1.0,0.0
2025-01-01T20:00Z,51180.6025390625,-5.0,0.07,0.0
2025-01-01T21:00Z,49082.14002227783,-5.0,10.05,0.0
2025-01-01T22:00Z,46463.34247589111,-5.0,7.01,0.0
2025-01-01T23:00Z,44541.97992706299,-5.0,2.55,0.0
2025-01-02T00:00Z,42473.67756652832,-5.0,1.56,0.0
2025-01-02T01:00Z,41645.750091552734,-5.0,3.45,0.0
2025-01-02T02:00Z,41957.07749938965,-5.0,7.02,0.0
2025-01-02T03:00Z,42479.13742828369,-5.0,12.75,0.0
2025-01-02T04:00Z,44507.68746185303,-5.0,30.07,0.0
2025-01-02T05:00Z,50022.025047302246,-5.0,67.13,0.0
2025-01-02T06:00Z,54174.92509460449,19.979914529914524,98.83,0.0
2025-01-02T07:00Z,57654.537506103516,35.93090000000001,121.53,0.0
2025-01-02T08:00Z,59891.850006103516,94.87131662251792,127.23,0.0
2025-01-02T09:00Z,60556.33997344971,96.27261728008675,126.35,0.0
2025-01-02T10:00Z,61615.242431640625,97.85956206066555,119.97,0.0
2025-01-02T11:00Z,62308.54497528076,97.85956206066555,115.95,0.0
2025-01-02T12:00Z,61812.354988098145,97.07137775031268,113.9,0.0
2025-01-02T13:00Z,60523.73503112793,97.07137775031268,122.21,0.0
2025-01-02T14:00Z,60243.390060424805,97.07137775031268,130.11,0.0
2025-01-02T15:00Z,61307.52754974365,98.22129346317297,138.59,0.0
2025-01-02T16:00Z,63478.08500671387,98.22129346317297,152.87,0.0
2025-01-02T17:00Z,63574.222427368164,98.22129346317297,152.94,0.0
2025-01-02T18:00Z,62574.327476501465,97.85956206066555,139.15,0.0
2025-01-02T19:00Z,59515.174980163574,97.07137775031268,130.0,0.0
2025-01-02T20:00Z,56917.612480163574,96.27261728008675,119.78,0.0
2025-01-02T21:00Z,54699.7674407959,94.87131662251792,113.42,0.0
2025-01-02T22:00Z,51316.49253845215,87.8605134487122,82.47,0.0
2025-01-02T23:00Z,48141.14749908447,87.8605134487122,99.56,0.0
2025-01-03T00:00Z,46421.92999267578,35.930899999999994,87.53,0.0
2025-01-03T01:00Z,46044.00495147705,20.174743021012397,85.01,0.0
2025-01-03T02:00Z,46316.072509765625,19.979914529914527,83.79,0.0
2025-01-03T03:00Z,47615.86235046387,19.979914529914524,77.5,0.0
2025-01-03T04:00Z,49683.87242126465,19.979914529914524,79.88,0.0
2025-01-03T05:00Z,53196.59501647949,0.0,83.56,0.0
2025-01-03T06:00Z,56663.264907836914,-5.0,78.43,0.0
2025-01-03T07:00Z,59765.67499542236,-5.0,82.57,0.0
2025-01-03T08:00Z,61346.78495788574,-5.0,80.76,0.0
2025-01-03T09:00Z,62539.29000854492,-5.0,77.64,0.0
2025-01-03T10:00Z,63496.052474975586,-5.0,70.48,0.0
2025-01-03T11:00Z,64086.27249145508,-5.0,69.94,0.0
2025-01-03T12:00Z,63026.46253967285,-5.0,77.8,0.0
2025-01-03T13:00Z,62687.24750518799,-5.0,78.81,0.0
2025-01-03T14:00Z,62786.71750640869,-5.0,85.29,0.0
2025-01-03T15:00Z,63738.48749542236,-5.0,105.51,0.0
2025-01-03T16:00Z,66040.78248596191,20.21801336529556,116.66,0.0
2025-01-03T17:00Z,65097.37754821777,20.21801336529556,115.06,0.0
2025-01-03T18:00Z,63548.67998504639,20.21801336529556,114.91,0.0
2025-01-03T19:00Z,60716.04244232178,19.97991452991453,113.3,0.0
2025-01-03T20:00Z,58761.52995300293,19.979914529914527,107.8,0.0
2025-01-03T21:00Z,56050.692611694336,19.979914529914527,98.22,0.0
2025-01-03T22:00Z,53301.327491760254,35.93090000000001,88.57,0.0
2025-01-03T23:00Z,50777.25249481201,35.9309,90.43,0.0
2025-01-04T00:00Z,48874.29496765137,35.93090000000001,90.29,0.0
2025-01-04T01:00Z,46694.397521972656,87.8605134487122,90.2,0.0
2025-01-04T02:00Z,45568.83248901367,89.12174847060206,91.52,0.0
2025-01-04T03:00Z,44789.294982910156,96.27261728008675,95.95,0.0
2025-01-04T04:00Z,44523.345069885254,97.07137775031268,102.11,0.0
2025-01-04T05:00Z,45585.90000152588,97.85956206066555,110.66,0.0
2025-01-04T06:00Z,47657.74751281738,98.22129346317297,119.96,0.0
2025-01-04T07:00Z,51052.35250091553,98.22129346317297,128.39,0.0
2025-01-04T08:00Z,54169.68758392334,99.27364890966956,130.75,0.0
2025-01-04T09:00Z,56143.99490356445,98.22129346317297,130.34,0.0
2025-01-04T10:00Z,58353.88757324219,98.22129346317297,128.29,0.0
2025-01-04T11:00Z,58722.97252655029,97.85956206066555,130.03,0.0
2025-01-04T12:00Z,57728.795066833496,97.07137775031268,129.85,0.0
2025-01-04T13:00Z,56835.642570495605,97.07137775031268,136.4,0.0
2025-01-04T14:00Z,57098.18997192383,97.85956206066555,138.72,0.0
2025-01-04T15:00Z,58882.45246887207,98.22129346317297,142.0,0.0
2025-01-04T16:00Z,61165.99001312256,99.27364890966956,151.24,0.0
2025-01-04T17:00Z,61203.72499084473,99.27364890966956,143.85,0.0
2025-01-04T18:00Z,59508.73249053955,99.27364890966956,137.96,0.0
2025-01-04T19:00Z,56179.79251098633,98.22129346317297,129.49,0.0
2025-01-04T20:00Z,53866.81248474121,98.22129346317297,122.83,0.0
2025-01-04T21:00Z,52879.78247833252,98.22129346317297,118.29,0.0
2025-01-04T22:00Z,49786.40253448486,98.22129346317297,109.49,0.0
2025-01-04T23:00Z,47174.03242492676,97.85956206066555,113.84,0.0
2025-01-05T00:00Z,44340.807525634766,97.85956206066555,100.33,0.0
2025-01-05T01:00Z,43013.2749710083,97.07137775031268,93.61,0.0
2025-01-05T02:00Z,42407.542556762695,97.07137775031268,93.87,0.0
2025-01-05T03:00Z,42136.75493621826,97.07137775031268,89.38,0.0
2025-01-05T04:00Z,42557.88503265381,97.07137775031268,83.55,0.0
2025-01-05T05:00Z,43835.184982299805,96.27261728008675,83.92,0.0
2025-01-05T06:00Z,45182.80002593994,94.87131662251792,82.53,0.0
2025-01-05T07:00Z,48241.49745941162,87.8605134487122,84.05,0.0
2025-01-05T08:00Z,52344.54499053955,87.8605134487122,89.15,0.0
2025-01-05T09:00Z,54958.24752807617,35.9309,82.95,0.0
2025-01-05T10:00Z,57841.9250869751,21.324754617468464,88.82,0.0
2025-01-05T11:00Z,58378.009994506836,20.174743021012397,81.66,0.0
2025-01-05T12:00Z,56603.007499694824,19.979914529914524,78.39,0.0
2025-01-05T13:00Z,55639.95500946045,0.0,68.0,0.0
2025-01-05T14:00Z,56035.35761260986,-5.0,50.64,0.0
2025-01-05T15:00Z,58383.59491729736,-5.0,49.91,0.0
2025-01-05T16:00Z,60546.54246520996,-5.0,66.3,0.0
2025-01-05T17:00Z,60679.90505981445,-5.0,65.05,0.0
2025-01-05T18:00Z,58779.64252471924,-5.0,51.28,0.0
2025-01-05T19:00Z,56074.44747161865,-5.0,36.85,0.0
2025-01-05T20:00Z,53452.03246307373,-5.0,36.8,0.0
2025-01-05T21:00Z,51248.50001525879,-5.0,34.68,0.0
2025-01-05T22:00Z,48579.74498748779,-5.0,28.14,0.0
2025-01-05T23:00Z,46221.29753112793,-5.0,27.52,0.0
2025-01-06T00:00Z,44405.405029296875,-5.0,19.26,0.0
2025-01-06T01:00Z,43354.569999694824,-5.0,11.35,0.0
2025-01-06T02:00Z,44367.474952697754,-5.0,9.2,0.0
2025-01-06T03:00Z,45369.38005065918,-5.0,10.0,0.0
2025-01-06T04:00Z,48359.42749786377,-5.0,14.81,0.0
2025-01-06T05:00Z,52947.659996032715,-5.0,23.82,0.0
2025-01-06T06:00Z,56669.647468566895,-5.0,31.72,0.0
2025-01-06T07:00Z,59752.674964904785,-5.0,41.37,0.0
2025-01-06T08:00Z,61796.409996032715,-5.0,36.36,0.0
2025-01-06T09:00Z,63461.60755157471,-5.0,34.69,0.0
2025-01-06T10:00Z,64354.414962768555,-5.0,32.83,0.0
2025-01-06T11:00Z,64507.25252532959,-5.0,31.28,0.0
2025-01-06T12:00Z,63892.2200012207,-5.0,28.6,0.0
2025-01-06T13:00Z,62071.289978027344,-5.0,25.61,0.0
2025-01-06T14:00Z,61466.2174911499,-5.0,26.32,0.0
2025-01-06T15:00Z,62324.66497039795,-5.0,26.87,0.0
2025-01-06T16:00Z,64748.139976501465,-5.0,31.66,0.0
2025-01-06T17:00Z,64290.32256317139,-5.0,31.58,0.0
2025-01-06T18:00Z,63323.3225479126,-5.0,28.74,0.0
2025-01-06T19:00Z,60571.54998779297,-5.0,26.59,0.0
2025-01-06T20:00Z,57208.919998168945,-5.0,13.82,0.0
2025-01-06T21:00Z,54426.20755767822,-5.0,26.94,0.0
2025-01-06T22:00Z,51564.81010437012,-5.0,12.99,0.0
2025-01-06T23:00Z,49098.14246368408,-5.0,19.07,0.0
2025-01-07T00:00Z,48071.96245574951,-5.0,8.71,0.0
2025-01-07T01:00Z,47203.39501953125,-5.0,8.9,0.0
2025-01-07T02:00Z,47433.010078430176,-5.0,5.01,0.0
2025-01-07T03:00Z,48885.8049697876,-5.0,5.13,0.0
2025-01-07T04:00Z,51653.30756378174,-5.0,5.8,0.0
2025-01-07T05:00Z,59350.559967041016,-5.0,48.86,0.0
2025-01-07T06:00Z,65450.75012969971,-5.0,76.83,0.0
2025-01-07T07:00Z,68943.81506347656,-5.0,85.08,0.0
2025-01-07T08:00Z,69420.48993682861,-5.0,84.24,0.0
2025-01-07T09:00Z,69170.01003265381,-5.0,75.25,0.0
2025-01-07T10:00Z,69649.75003051758,19.979914529914527,62.8,0.0
2025-01-07T11:00Z,69758.21504974365,0.0,62.44,0.0
2025-01-07T12:00Z,69358.98996734619,-5.0,63.9,0.0
2025-01-07T13:00Z,68503.33752441406,-5.0,72.56,0.0
2025-01-07T14:00Z,67852.44499206543,-5.0,78.11,0.0
2025-01-07T15:00Z,69375.41494750977,0.0,79.98,0.0
2025-01-07T16:00Z,71651.68242645264,21.324754617468464,96.03,0.0
2025-01-07T17:00Z,71271.20001220703,20.179071574532003,101.11,0.0
2025-01-07T18:00Z,69073.31744384766,19.979914529914524,86.21,0.0
2025-01-07T19:00Z,65942.74494934082,0.0,78.01,0.0
2025-01-07T20:00Z,62817.789894104004,-5.0,72.45,0.0
2025-01-07T21:00Z,59585.31254577637,-5.0,72.45,0.0
2025-01-07T22:00Z,55446.76249694824,-5.0,50.04,0.0
2025-01-07T23:00Z,53163.0500793457,-5.0,71.05,0.0
2025-01-08T00:00Z,51141.28995513916,-5.0,68.01,0.0
2025-01-08T01:00Z,50239.57750701904,-5.0,63.34,0.0
2025-01-08T02:00Z,50699.79748535156,-5.0,57.01,0.0
2025-01-08T03:00Z,51863.35510253906,-5.0,66.29,0.0
2025-01-08T04:00Z,55600.01754760742,-5.0,72.07,0.0
2025-01-08T05:00Z,63473.919982910156,19.979914529914527,82.7,0.0
2025-01-08T06:00Z,69197.8349609375,35.930899999999994,100.73,0.0
2025-01-08T07:00Z,72363.0274887085,81.86080139670645,128.22,0.0
2025-01-08T08:00Z,72686.00994873047,87.8605134487122,108.18,0.0
2025-01-08T09:00Z,72779.1224975586,81.67000276243094,94.65,0.0
2025-01-08T10:00Z,71771.05253601074,87.8605134487122,100.01,0.0
2025-01-08T11:00Z,71646.51243591309,35.9309,89.99,0.0
2025-01-08T12:00Z,72109.7825012207,21.324754617468464,97.2,0.0
2025-01-08T13:00Z,70900.82244873047,81.67000276243094,110.19,0.0
2025-01-08T14:00Z,70391.12998962402,96.27261728008675,127.8,0.0
2025-01-08T15:00Z,71912.74743652344,97.07137775031268,135.82,0.0
2025-01-08T16:00Z,73894.20987701416,98.22129346317297,155.46,0.0
2025-01-08T17:00Z,73051.2850112915,98.22129346317297,149.23,0.0
2025-01-08T18:00Z,70850.38500213623,98.22129346317297,146.48,0.0
2025-01-08T19:00Z,67199.92749023438,98.22129346317297,136.86,0.0
2025-01-08T20:00Z,62864.18251800537,97.85956206066555,127.86,0.0
2025-01-08T21:00Z,59676.31997680664,98.22129346317297,115.92,0.0
2025-01-08T22:00Z,55280.46996307373,98.22129346317297,103.59,0.0
2025-01-08T23:00Z,51883.512435913086,97.85956206066555,101.44,0.0
2025-01-09T00:00Z,50042.98250579834,97.07137775031268,100.0,0.0
2025-01-09T01:00Z,48884.97988128662,97.07137775031268,98.77,0.0
2025-01-09T02:00Z,48696.834968566895,97.07137775031268,95.22,0.0
2025-01-09T03:00Z,49445.88996887207,97.07137775031268,98.28,0.0
2025-01-09T04:00Z,52521.39749908447,98.22129346317297,102.65,0.0
2025-01-09T05:00Z,59408.83757019043,100.61690625,133.54,0.0
2025-01-09T06:00Z,65424.99752807617,110.70326512405268,148.8,0.0
2025-01-09T07:00Z,68313.3399734497,110.70326512405268,164.88,0.0
2025-01-09T08:00Z,69093.64247894287,110.70326512405268,156.15,0.0
2025-01-09T09:00Z,69698.23246002197,110.70326512405268,147.64,0.0
2025-01-09T10:00Z,70827.72261047363,110.70326512405268,140.21,0.0
2025-01-09T11:00Z,70785.09502410889,110.70326512405268,128.18,0.0
2025-01-09T12:00Z,70722.05246734619,110.70326512405268,121.15,0.0
2025-01-09T13:00Z,69418.21000671387,100.66654331474969,123.95,0.0
2025-01-09T14:00Z,68856.94004058838,99.27364890966956,127.53,0.0
2025-01-09T15:00Z,69687.19496917725,98.22129346317297,123.75,0.0
2025-01-09T16:00Z,71804.38752746582,98.22129346317297,130.91,0.0
2025-01-09T17:00Z,71566.66510009766,97.85956206066555,134.75,0.0
2025-01-09T18:00Z,69766.1125793457,97.07137775031268,125.44,0.0
2025-01-09T19:00Z,66491.00003051758,96.27261728008675,119.23,0.0
2025-01-09T20:00Z,62954.87494659424,87.8605134487122,104.99,0.0
2025-01-09T21:00Z,60203.84996795654,35.9309,101.1,0.0
2025-01-09T22:00Z,56862.27488708496,19.979914529914527,88.19,0.0
2025-01-09T23:00Z,55664.600006103516,19.979914529914524,84.79,0.0
2025-01-10T00:00Z,53933.977478027344,0.0,80.23,0.0
2025-01-10T01:00Z,53149.58253479004,-5.0,71.29,0.0
2025-01-10T02:00Z,53151.27503204346,0.0,69.05,0.0
2025-01-10T03:00Z,54015.752532958984,0.0,69.89,0.0
2025-01-10T04:00Z,56527.85746002197,19.979914529914524,83.9,0.0
2025-01-10T05:00Z,63306.43752288818,35.93090000000001,99.09,0.0
2025-01-10T06:00Z,68981.5000076294,96.27261728008675,123.92,0.0
2025-01-10T07:00Z,71453.82997894287,96.27261728008675,139.47,0.0
2025-01-10T08:00Z,72025.01753997803,97.07137775031268,136.92,0.0
2025-01-10T09:00Z,72672.29010009766,97.07137775031268,123.57,0.0
2025-01-10T10:00Z,72101.71743011475,97.07137775031268,113.59,0.0
2025-01-10T11:00Z,71898.47500610352,96.27261728008675,107.43,0.0
2025-01-10T12:00Z,70533.50999450684,92.54273178553254,105.01,0.0
2025-01-10T13:00Z,68860.53504180908,92.54273178553254,110.01,0.0
2025-01-10T14:00Z,68712.81246948242,96.27261728008675,128.69,0.0
2025-01-10T15:00Z,69315.14998626709,97.85956206066555,134.87,0.0
2025-01-10T16:00Z,71339.46503448486,99.27364890966956,142.56,0.0
2025-01-10T17:00Z,70800.30247497559,100.61690625,144.12,0.0
2025-01-10T18:00Z,69037.88501739502,99.27364890966956,141.05,0.0
2025-01-10T19:00Z,65524.68753051758,98.22129346317297,134.82,0.0
2025-01-10T20:00Z,62414.212562561035,97.85956206066555,122.51,0.0
2025-01-10T21:00Z,59355.81502532959,97.85956206066555,119.77,0.0
2025-01-10T22:00Z,56154.32494354248,97.07137775031268,111.71,0.0
2025-01-10T23:00Z,53211.847496032715,96.27261728008675,106.64,0.0
2025-01-11T00:00Z,50722.69242858887,96.27261728008675,98.99,0.0
2025-01-11T01:00Z,49346.235008239746,87.8605134487122,95.71,0.0
2025-01-11T02:00Z,49425.987548828125,87.8605134487122,89.45,0.0
2025-01-11T03:00Z,49809.83250427246,81.86080139670645,88.35,0.0
2025-01-11T04:00Z,49648.772468566895,35.93090000000001,88.4,0.0
2025-01-11T05:00Z,50782.9100189209,35.93090000000001,88.13,0.0
2025-01-11T06:00Z,53100.85495758057,87.8605134487122,94.68,0.0
2025-01-11T07:00Z,56530.864990234375,94.87131662251792,107.65,0.0
2025-01-11T08:00Z,57950.56751251221,94.87131662251792,103.14,0.0
2025-01-11T09:00Z,59341.969970703125,87.8605134487122,101.13,0.0
2025-01-11T10:00Z,60420.44248962402,35.930899999999994,99.56,0.0
2025-01-11T11:00Z,60165.9700012207,19.979914529914524,96.74,0.0
2025-01-11T12:00Z,59449.00246429443,0.0,93.15,0.0
2025-01-11T13:00Z,58915.82759094238,-5.0,94.9,0.0
2025-01-11T14:00Z,59918.21491241455,0.0,104.89,0.0
2025-01-11T15:00Z,61548.337463378906,19.979914529914524,112.12,0.0
2025-01-11T16:00Z,65042.80503845215,35.9309,119.8,0.0
2025-01-11T17:00Z,64858.525047302246,35.9309,122.34,0.0
2025-01-11T18:00Z,63438.06994628906,35.9309,114.85,0.0
2025-01-11T19:00Z,60144.31505584717,35.930899999999994,111.19,0.0
2025-01-11T20:00Z,57438.69748687744,35.930899999999994,104.8,0.0
2025-01-11T21:00Z,55177.52256774902,35.930899999999994,103.07,0.0
2025-01-11T22:00Z,52145.02998352051,81.67000276243094,105.69,0.0
2025-01-11T23:00Z,50109.61498260498,35.93090000000001,83.58,0.0
2025-01-12T00:00Z,48625.54495239258,35.93090000000001,83.79,0.0
2025-01-12T01:00Z,48071.08003997803,81.67000276243094,86.75,0.0
2025-01-12T02:00Z,47777.737449645996,81.86080139670645,84.2,0.0
2025-01-12T03:00Z,47550.48506164551,81.86080139670645,85.0,0.0
2025-01-12T04:00Z,47725.86249542236,87.8605134487122,83.75,0.0
2025-01-12T05:00Z,47516.284996032715,87.8605134487122,85.9,0.0
2025-01-12T06:00Z,48990.95500946045,96.27261728008675,101.75,0.0
2025-01-12T07:00Z,52074.44500732422,97.07137775031268,114.67,0.0
2025-01-12T08:00Z,54353.034980773926,98.22129346317297,120.07,0.0
2025-01-12T09:00Z,56502.35994720459,97.85956206066555,117.77,0.0
2025-01-12T10:00Z,58585.992515563965,99.27364890966956,105.61,0.0
2025-01-12T11:00Z,57996.67998504639,98.22129346317297,102.99,0.0
2025-01-12T12:00Z,55599.407539367676,97.85956206066555,99.61,0.0
2025-01-12T13:00Z,54155.9674911499,97.85956206066555,104.74,0.0
2025-01-12T14:00Z,53589.459968566895,98.22129346317297,118.7,0.0
2025-01-12T15:00Z,55722.157539367676,100.61690625,132.92,0.0
2025-01-12T16:00Z,59814.99247741699,110.70326512405268,141.0,0.0
2025-01-12T17:00Z,60779.10739135742,110.70326512405268,146.66,0.0
2025-01-12T18:00Z,59537.18751525879,110.70326512405268,143.66,0.0
2025-01-12T19:00Z,56740.749908447266,110.70326512405268,134.86,0.0
2025-01-12T20:00Z,54938.905014038086,110.70326512405268,127.49,0.0
2025-01-12T21:00Z,53933.43745422363,110.70326512405268,121.2,0.0
2025-01-12T22:00Z,51412.835021972656,110.70326512405268,114.9,0.0
2025-01-12T23:00Z,49275.98750305176,110.70326512405268,112.39,0.0
2025-01-13T00:00Z,48282.46492767334,110.70326512405268,105.07,0.0
2025-01-13T01:00Z,48079.787536621094,107.14837644051812,104.46,0.0
2025-01-13T02:00Z,48278.67754364014,107.14837644051812,100.37,0.0
2025-01-13T03:00Z,49717.78247833252,107.14837644051812,100.0,0.0
2025-01-13T04:00Z,53966.360038757324,110.70326512405268,110.11,0.0
2025-01-13T05:00Z,62124.71257019043,110.70326512405268,140.28,0.0
2025-01-13T06:00Z,68811.99250793457,115.60662378739066,181.92,0.0
2025-01-13T07:00Z,71819.74002075195,116.64938355451135,223.09,0.0
2025-01-13T08:00Z,72001.38760375977,115.60662378739066,174.09,0.0
2025-01-13T09:00Z,72415.0,110.70326512405268,141.69,0.0
2025-01-13T10:00Z,72279.93001556396,100.66654331474969,115.73,0.0
2025-01-13T11:00Z,72882.63247680664,100.61690625,104.1,0.0
2025-01-13T12:00Z,71813.67252349854,98.22129346317297,103.04,0.0
2025-01-13T13:00Z,70092.0874633789,98.22129346317297,104.67,0.0
2025-01-13T14:00Z,70111.13751220703,98.22129346317297,138.2,0.0
2025-01-13T15:00Z,71576.43497467041,100.61690625,142.62,0.0
2025-01-13T16:00Z,74421.04748535156,110.70326512405268,149.0,0.0
2025-01-13T17:00Z,74817.642578125,110.70326512405268,149.0,0.0
2025-01-13T18:00Z,74085.46241760254,107.14837644051812,139.73,0.0
2025-01-13T19:00Z,70748.8500213623,100.61690625,123.18,0.0
2025-01-13T20:00Z,67609.61744689941,98.22129346317297,120.22,0.0
2025-01-13T21:00Z,63956.97250366211,97.85956206066555,115.57,0.0
2025-01-13T22:00Z,60352.66241455078,97.07137775031268,102.31,0.0
2025-01-13T23:00Z,57617.78758239746,96.27261728008675,106.38,0.0
2025-01-14T00:00Z,56363.702491760254,96.27261728008675,103.7,0.0
2025-01-14T01:00Z,56008.40000152588,94.87131662251792,99.08,0.0
2025-01-14T02:00Z,56280.317558288574,94.87131662251792,97.99,0.0
2025-01-14T03:00Z,56476.11505126953,89.71074390243903,101.88,0.0
2025-01-14T04:00Z,60059.13251495361,96.27261728008675,107.64,0.0
2025-01-14T05:00Z,67849.52256011963,97.85956206066555,123.4,0.0
2025-01-14T06:00Z,73619.87502288818,98.22129346317297,156.62,0.0
2025-01-14T07:00Z,76119.1999206543,99.27364890966956,184.03,0.0
2025-01-14T08:00Z,76079.2724609375,98.22129346317297,151.86,0.0
2025-01-14T09:00Z,75842.19499206543,97.07137775031268,117.62,0.0
2025-01-14T10:00Z,75147.88751220703,96.27261728008675,109.31,0.0
2025-01-14T11:00Z,75150.25245666504,87.8605134487122,103.11,0.0
2025-01-14T12:00Z,74166.60746765137,81.86080139670645,108.11,0.0
2025-01-14T13:00Z,72829.73501586914,81.86080139670645,115.35,0.0
2025-01-14T14:00Z,71712.74005889893,87.8605134487122,125.35,0.0
2025-01-14T15:00Z,72874.28248596191,96.27261728008675,141.97,0.0
2025-01-14T16:00Z,75105.56497192383,97.85956206066555,165.86,0.0
2025-01-14T17:00Z,74511.77004241943,98.22129346317297,170.07,0.0
2025-01-14T18:00Z,72312.57997894287,97.85956206066555,158.38,0.0
2025-01-14T19:00Z,69382.57002258301,97.07137775031268,135.46,0.0
2025-01-14T20:00Z,66153.41255950928,97.07137775031268,117.69,0.0
2025-01-14T21:00Z,62402.97501373291,97.07137775031268,121.0,0.0
2025-01-14T22:00Z,58766.7250289917,97.07137775031268,121.76,0.0
2025-01-14T23:00Z,55439.9725189209,96.27261728008675,108.28,0.0
2025-01-15T00:00Z,53840.7299118042,96.27261728008675,107.72,0.0
2025-01-15T01:00Z,53125.262466430664,96.27261728008675,108.41,0.0
2025-01-15T02:00Z,53097.054862976074,96.27261728008675,108.04,0.0
2025-01-15T03:00Z,53666.67248535156,97.07137775031268,108.75,0.0
2025-01-15T04:00Z,56565.1799621582,98.22129346317297,114.92,0.0
2025-01-15T05:00Z,63049.310050964355,100.66654331474969,134.49,0.0
2025-01-15T06:00Z,68115.60252380371,110.70326512405268,191.79,0.0
2025-01-15T07:00Z,71001.41997528076,113.63949367666063,307.24,0.0
2025-01-15T08:00Z,71119.92498779297,115.60662378739066,315.02,0.0
2025-01-15T09:00Z,71522.02001190186,115.60662378739066,311.03,0.0
2025-01-15T10:00Z,71580.89502716064,116.64938355451135,304.8,0.0
2025-01-15T11:00Z,70853.71755981445,116.64938355451135,311.02,0.0
2025-01-15T12:00Z,70125.35995483398,116.64938355451135,309.34,0.0
2025-01-15T13:00Z,69361.95748138428,115.60662378739066,285.83,0.0
2025-01-15T14:00Z,68966.45754241943,115.60662378739066,301.74,0.0
2025-01-15T15:00Z,69178.2124786377,116.64938355451135,333.52,0.0
2025-01-15T16:00Z,71125.10496520996,116.64938355451135,377.99,0.0
2025-01-15T17:00Z,70652.88247680664,116.64938355451135,324.74,0.0
2025-01-15T18:00Z,68857.06246948242,116.64938355451135,270.09,0.0
2025-01-15T19:00Z,65343.26747131348,115.60662378739066,181.66,0.0
2025-01-15T20:00Z,61883.24491119385,113.63949367666063,150.87,0.0
2025-01-15T21:00Z,58474.52749633789,110.70326512405268,141.16,0.0
2025-01-15T22:00Z,55151.43753051758,110.70326512405268,123.9,0.0
2025-01-15T23:00Z,52775.89005279541,110.70326512405268,126.33,0.0
2025-01-16T00:00Z,52122.19747924805,107.14837644051812,119.12,0.0
2025-01-16T01:00Z,51103.53254699707,107.14837644051812,117.62,0.0
2025-01-16T02:00Z,51292.25993347168,100.66654331474969,115.03,0.0
2025-01-16T03:00Z,52965.15247344971,100.66654331474969,115.75,0.0
2025-01-16T04:00Z,56477.23255157471,107.14837644051812,123.27,0.0
2025-01-16T05:00Z,63270.73247528076,110.70326512405268,138.7,0.0
2025-01-16T06:00Z,69051.02262115479,110.70326512405268,173.04,0.0
2025-01-16T07:00Z,72226.77494812012,110.70326512405268,199.65,0.0
2025-01-16T08:00Z,72581.57749938965,110.70326512405268,175.0,0.0
2025-01-16T09:00Z,73043.27006530762,110.70326512405268,151.9,0.0
2025-01-16T10:00Z,73021.53253936768,110.70326512405268,140.64,0.0
2025-01-16T11:00Z,72584.16247558594,110.70326512405268,131.13,0.0
2025-01-16T12:00Z,71911.2474899292,107.14837644051812,130.58,0.0
2025-01-16T13:00Z,70090.96505737305,107.14837644051812,138.42,0.0
2025-01-16T14:00Z,69750.1224822998,110.70326512405268,163.04,0.0
2025-01-16T15:00Z,70862.77244567871,110.70326512405268,179.2,0.0
2025-01-16T16:00Z,72829.03997039795,115.60662378739066,191.56,0.0
2025-01-16T17:00Z,72358.59004974365,115.60662378739066,184.32,0.0
2025-01-16T18:00Z,70791.65498352051,110.70326512405268,179.97,0.0
2025-01-16T19:00Z,67406.93501281738,110.70326512405268,159.6,0.0
2025-01-16T20:00Z,64004.67755126953,110.70326512405268,141.6,0.0
2025-01-16T21:00Z,61286.42251586914,110.70326512405268,135.29,0.0
2025-01-16T22:00Z,57730.417541503906,110.70326512405268,123.75,0.0
2025-01-16T23:00Z,55570.807540893555,107.14837644051812,118.87,0.0
2025-01-17T00:00Z,54187.50492095947,100.66654331474969,118.39,0.0
2025-01-17T01:00Z,53026.869972229004,100.66654331474969,115.71,0.0
2025-01-17T02:00Z,53238.83753204346,100.66654331474969,114.72,0.0
2025-01-17T03:00Z,54339.315002441406,100.66654331474969,115.48,0.0
2025-01-17T04:00Z,56753.66506195068,110.70326512405268,122.16,0.0
2025-01-17T05:00Z,63390.05751037598,110.70326512405268,140.8,0.0
2025-01-17T06:00Z,69412.66249084473,115.60662378739066,175.01,0.0
2025-01-17T07:00Z,72398.63991546631,116.64938355451135,208.13,0.0
2025-01-17T08:00Z,73063.80497741699,115.60662378739066,175.34,0.0
2025-01-17T09:00Z,73540.72498321533,115.60662378739066,158.0,0.0
2025-01-17T10:00Z,73556.34494018555,113.63949367666063,140.73,0.0
2025-01-17T11:00Z,73112.76245880127,110.70326512405268,126.44,0.0
2025-01-17T12:00Z,71415.31246185303,110.70326512405268,124.03,0.0
2025-01-17T13:00Z,70105.71492004395,107.14837644051812,132.99,0.0
2025-01-17T14:00Z,69225.95498657227,110.70326512405268,151.98,0.0
2025-01-17T15:00Z,69787.24244689941,110.70326512405268,170.21,0.0
2025-01-17T16:00Z,71896.97501373291,115.60662378739066,178.79,0.0
2025-01-17T17:00Z,71134.39499664307,115.60662378739066,179.92,0.0
2025-01-17T18:00Z,68855.08000183105,115.60662378739066,174.22,0.0
2025-01-17T19:00Z,65181.830085754395,113.63949367666063,157.91,0.0
2025-01-17T20:00Z,61892.687423706055,110.70326512405268,145.0,0.0
2025-01-17T21:00Z,58925.05995178223,110.70326512405268,139.97,0.0
2025-01-17T22:00Z,56348.652420043945,110.70326512405268,126.84,0.0
2025-01-17T23:00Z,53214.33004760742,107.14837644051812,125.29,0.0
2025-01-18T00:00Z,50985.83499908447,100.66654331474969,121.05,0.0
2025-01-18T01:00Z,50110.622482299805,100.66654331474969,120.98,0.0
2025-01-18T02:00Z,49575.820053100586,107.14837644051812,118.85,0.0
2025-01-18T03:00Z,49322.655014038086,107.14837644051812,116.46,0.0
2025-01-18T04:00Z,49299.157485961914,107.14837644051812,119.77,0.0
2025-01-18T05:00Z,50438.994888305664,107.14837644051812,119.75,0.0
2025-01-18T06:00Z,53119.417541503906,110.70326512405268,133.39,0.0
2025-01-18T07:00Z,56550.919998168945,110.70326512405268,145.63,0.0
2025-01-18T08:00Z,59065.51007080078,110.70326512405268,144.1,0.0
2025-01-18T09:00Z,60715.457511901855,110.70326512405268,131.21,0.0
2025-01-18T10:00Z,61530.39998626709,110.70326512405268,121.56,0.0
2025-01-18T11:00Z,60995.8049697876,100.61690625,118.87,0.0
2025-01-18T12:00Z,59436.23999786377,100.61690625,115.01,0.0
2025-01-18T13:00Z,57325.90005493164,99.27364890966956,119.32,0.0
2025-01-18T14:00Z,56843.73754119873,100.61690625,133.32,0.0
2025-01-18T15:00Z,58303.95009613037,110.70326512405268,149.71,0.0
2025-01-18T16:00Z,61515.49745941162,110.70326512405268,164.59,0.0
2025-01-18T17:00Z,62563.69242858887,113.63949367666063,167.57,0.0
2025-01-18T18:00Z,60548.93497467041,110.70326512405268,167.85,0.0
2025-01-18T19:00Z,57255.37760925293,110.70326512405268,156.12,0.0
2025-01-18T20:00Z,55021.934997558594,110.70326512405268,143.42,0.0
2025-01-18T21:00Z,53622.470069885254,110.70326512405268,136.4,0.0
2025-01-18T22:00Z,51486.69504547119,107.14837644051812,129.36,0.0
2025-01-18T23:00Z,49100.960037231445,100.66654331474969,129.73,0.0
2025-01-19T00:00Z,47265.68753051758,100.61690625,124.2,0.0
2025-01-19T01:00Z,46039.53246307373,100.61690625,123.05,0.0
2025-01-19T02:00Z,45782.09494781494,100.61690625,121.24,0.0
2025-01-19T03:00Z,45402.65007019043,100.61690625,120.18,0.0
2025-01-19T04:00Z,45212.21251678467,100.61690625,120.0,0.0
2025-01-19T05:00Z,45568.79249572754,100.61690625,121.57,0.0
2025-01-19T06:00Z,47594.85997772217,100.61690625,123.33,0.0
2025-01-19T07:00Z,50806.71747589111,107.14837644051812,123.6,0.0
2025-01-19T08:00Z,53949.91995239258,107.14837644051812,125.16,0.0
2025-01-19T09:00Z,56969.18997192383,100.66654331474969,125.19,0.0
2025-01-19T10:00Z,58914.95496368408,99.27364890966956,121.56,0.0
2025-01-19T11:00Z,58406.32246398926,98.22129346317297,112.25,0.0
2025-01-19T12:00Z,56155.48747253418,97.07137775031268,107.51,0.0
2025-01-19T13:00Z,53630.225036621094,97.07137775031268,116.81,0.0
2025-01-19T14:00Z,53054.75245666504,97.07137775031268,126.29,0.0
2025-01-19T15:00Z,55547.28008270264,99.27364890966956,140.15,0.0
2025-01-19T16:00Z,59485.330017089844,110.70326512405268,149.67,0.0
2025-01-19T17:00Z,60828.572425842285,110.70326512405268,159.04,0.0
2025-01-19T18:00Z,59334.95246887207,110.70326512405268,156.6,0.0
2025-01-19T19:00Z,56808.33760070801,110.70326512405268,149.06,0.0
2025-01-19T20:00Z,54815.11998748779,107.14837644051812,139.26,0.0
2025-01-19T21:00Z,54044.287452697754,107.14837644051812,130.99,0.0
2025-01-19T22:00Z,52056.92256164551,100.66654331474969,122.94,0.0
2025-01-19T23:00Z,50097.815002441406,100.61690625,122.27,0.0
2025-01-20T00:00Z,48748.119941711426,100.61690625,119.44,0.0
2025-01-20T01:00Z,48852.23499298096,100.61690625,116.56,0.0
2025-01-20T02:00Z,49862.94751739502,100.61690625,114.41,0.0
2025-01-20T03:00Z,50631.030014038086,100.66654331474969,115.45,0.0
2025-01-20T04:00Z,53961.67002105713,107.14837644051812,127.54,0.0
2025-01-20T05:00Z,62448.49508666992,110.70326512405268,161.71,0.0
2025-01-20T06:00Z,68512.37495422363,115.60662378739066,276.48,0.0
2025-01-20T07:00Z,71680.35501098633,116.64938355451135,431.99,0.0
2025-01-20T08:00Z,72149.25003051758,115.60662378739066,291.7,0.0
2025-01-20T09:00Z,72810.62503051758,113.63949367666063,236.29,0.0
2025-01-20T10:00Z,72882.3074798584,110.70326512405268,187.48,0.0
2025-01-20T11:00Z,72229.92002868652,110.70326512405268,176.0,0.0
2025-01-20T12:00Z,71259.91996002197,110.70326512405268,171.39,0.0
2025-01-20T13:00Z,69691.75244140625,110.70326512405268,191.85,0.0
2025-01-20T14:00Z,69028.857421875,110.70326512405268,277.17,0.0
2025-01-20T15:00Z,69283.50507354736,110.70326512405268,402.12,0.0
2025-01-20T16:00Z,71413.6874923706,115.60662378739066,583.4,0.0
2025-01-20T17:00Z,71194.83502960205,115.60662378739066,473.28,0.0
2025-01-20T18:00Z,70135.182472229,115.60662378739066,295.57,0.0
2025-01-20T19:00Z,66834.99755096436,110.70326512405268,220.0,0.0
2025-01-20T20:00Z,63413.04256439209,110.70326512405268,170.0,0.0
2025-01-20T21:00Z,60487.924964904785,107.14837644051812,152.51,0.0
2025-01-20T22:00Z,57455.80503845215,107.14837644051812,137.98,0.0
2025-01-20T23:00Z,54108.38747406006,100.61690625,127.52,0.0
2025-01-21T00:00Z,52902.83246612549,99.27364890966956,121.65,0.0
2025-01-21T01:00Z,52386.58499908447,99.27364890966956,116.67,0.0
2025-01-21T02:00Z,52709.41996765137,99.27364890966956,113.86,0.0
2025-01-21T03:00Z,53673.36756134033,99.27364890966956,113.54,0.0
2025-01-21T04:00Z,57242.03995513916,100.66654331474969,122.34,0.0
2025-01-21T05:00Z,63691.90254211426,110.70326512405268,142.2,0.0
2025-01-21T06:00Z,69758.6224975586,110.70326512405268,190.06,0.0
2025-01-21T07:00Z,72399.67993164062,113.63949367666063,248.32,0.0
2025-01-21T08:00Z,72148.70757293701,110.70326512405268,211.68,0.0
2025-01-21T09:00Z,72408.85749053955,110.70326512405268,198.05,0.0
2025-01-21T10:00Z,71849.81005096436,110.70326512405268,161.5,0.0
2025-01-21T11:00Z,70875.12251281738,100.61690625,147.44,0.0
2025-01-21T12:00Z,69909.97496032715,100.61690625,142.83,0.0
2025-01-21T13:00Z,68156.02760314941,99.27364890966956,150.05,0.0
2025-01-21T14:00Z,67959.53751373291,100.66654331474969,173.43,0.0
2025-01-21T15:00Z,68594.65249633789,110.70326512405268,212.13,0.0
2025-01-21T16:00Z,71008.5,110.70326512405268,301.15,0.0
2025-01-21T17:00Z,71400.59255981445,115.60662378739066,251.93,0.0
2025-01-21T18:00Z,69873.01748657227,110.70326512405268,202.68,0.0
2025-01-21T19:00Z,66012.33248138428,110.70326512405268,174.84,0.0
2025-01-21T20:00Z,62561.12252044678,110.70326512405268,155.19,0.0
2025-01-21T21:00Z,59534.592613220215,107.14837644051812,138.6,0.0
2025-01-21T22:00Z,56368.66500854492,107.14837644051812,125.29,0.0
2025-01-21T23:00Z,53409.55499267578,100.66654331474969,128.0,0.0
2025-01-22T00:00Z,51514.01753234863,100.61690625,125.06,0.0
2025-01-22T01:00Z,50815.99248504639,100.61690625,122.22,0.0
2025-01-22T02:00Z,51063.13251495361,100.61690625,121.66,0.0
2025-01-22T03:00Z,51841.30995941162,99.27364890966956,123.16,0.0
2025-01-22T04:00Z,55080.75746154785,100.61690625,128.32,0.0
2025-01-22T05:00Z,62159.96501159668,107.14837644051812,156.92,0.0
2025-01-22T06:00Z,67633.26746368408,110.70326512405268,208.25,0.0
2025-01-22T07:00Z,70162.92251586914,110.70326512405268,238.6,0.0
2025-01-22T08:00Z,70371.89749145508,107.14837644051812,199.41,0.0
2025-01-22T09:00Z,70022.49502563477,100.61690625,179.06,0.0
2025-01-22T10:00Z,70339.68243408203,99.27364890966956,172.94,0.0
2025-01-22T11:00Z,70329.08995056152,98.22129346317297,165.0,0.0
2025-01-22T12:00Z,68661.23246002197,98.22129346317297,170.0,0.0
2025-01-22T13:00Z,67559.14002990723,97.85956206066555,179.92,0.0
2025-01-22T14:00Z,67130.61500549316,97.85956206066555,195.67,0.0
2025-01-22T15:00Z,68144.29756164551,97.85956206066555,199.04,0.0
2025-01-22T16:00Z,71280.04495239258,98.22129346317297,208.99,0.0
2025-01-22T17:00Z,71878.75003051758,98.22129346317297,180.43,0.0
2025-01-22T18:00Z,69765.90250396729,97.85956206066555,167.08,0.0
2025-01-22T19:00Z,66515.38993835449,96.27261728008675,134.49,0.0
2025-01-22T20:00Z,63128.32749938965,96.27261728008675,127.78,0.0
2025-01-22T21:00Z,60138.7174911499,87.8605134487122,128.09,0.0
2025-01-22T22:00Z,56552.45998382568,96.27261728008675,114.68,0.0
2025-01-22T23:00Z,52619.56256866455,87.8605134487122,113.7,0.0
2025-01-23T00:00Z,50236.597511291504,81.86080139670645,108.88,0.0
2025-01-23T01:00Z,49658.81498718262,35.9309,105.58,0.0
2025-01-23T02:00Z,49416.86739349365,35.93090000000001,100.01,0.0
2025-01-23T03:00Z,50641.312423706055,35.93090000000001,97.59,0.0
2025-01-23T04:00Z,53947.082527160645,35.93090000000001,100.01,0.0
2025-01-23T05:00Z,61434.98996734619,87.8605134487122,106.41,0.0
2025-01-23T06:00Z,67345.31742858887,89.12174847060206,136.6,0.0
2025-01-23T07:00Z,70009.40261077881,87.8605134487122,159.03,0.0
2025-01-23T08:00Z,71168.40996551514,87.8605134487122,155.42,0.0
2025-01-23T09:00Z,72010.85501098633,81.86080139670645,130.94,0.0
2025-01-23T10:00Z,72696.01011657715,89.71074390243903,116.1,0.0
2025-01-23T11:00Z,73082.41247558594,21.324754617468464,94.93,0.0
2025-01-23T12:00Z,72148.7875213623,0.0,88.56,0.0
2025-01-23T13:00Z,71337.01000213623,0.0,85.86,0.0
2025-01-23T14:00Z,70157.68493652344,19.979914529914524,89.8,0.0
2025-01-23T15:00Z,70513.90256500244,21.324754617468464,89.87,0.0
2025-01-23T16:00Z,72685.4324874878,87.8605134487122,106.75,0.0
2025-01-23T17:00Z,72176.18251037598,87.8605134487122,112.0,0.0
2025-01-23T18:00Z,70427.92246246338,87.8605134487122,101.87,0.0
2025-01-23T19:00Z,67230.77504730225,35.9309,86.36,0.0
2025-01-23T20:00Z,63803.340019226074,20.174743021012397,74.28,0.0
2025-01-23T21:00Z,60914.95993804932,19.979914529914524,75.68,0.0
2025-01-23T22:00Z,56854.635025024414,0.0,58.23,0.0
2025-01-23T23:00Z,53956.43256378174,-5.0,69.03,0.0
2025-01-24T00:00Z,51895.27500915527,-5.0,58.16,0.0
2025-01-24T01:00Z,51230.03495788574,-5.0,45.05,0.0
2025-01-24T02:00Z,51245.0025100708,-5.0,40.6,0.0
2025-01-24T03:00Z,52321.887550354004,-5.0,50.17,0.0
2025-01-24T04:00Z,55003.65740966797,19.979914529914524,73.2,0.0
2025-01-24T05:00Z,62135.27000427246,35.930899999999994,85.44,0.0
2025-01-24T06:00Z,67873.72998046875,87.8605134487122,109.16,0.0
2025-01-24T07:00Z,70305.9075088501,87.8605134487122,116.23,0.0
2025-01-24T08:00Z,70397.09248352051,35.930899999999994,96.34,0.0
2025-01-24T09:00Z,70804.41248321533,19.979914529914524,88.9,0.0
2025-01-24T10:00Z,70239.55750274658,0.0,78.44,0.0
2025-01-24T11:00Z,69992.79502868652,-5.0,76.48,0.0
2025-01-24T12:00Z,68221.97496795654,-5.0,74.69,0.0
2025-01-24T13:00Z,66860.85245513916,-5.0,74.51,0.0
2025-01-24T14:00Z,66380.10502624512,-5.0,74.51,0.0
2025-01-24T15:00Z,66800.42250823975,-5.0,75.25,0.0
2025-01-24T16:00Z,69036.29747009277,-5.0,83.02,0.0
2025-01-24T17:00Z,68505.50737762451,-5.0,88.59,0.0
2025-01-24T18:00Z,67021.45492553711,-5.0,91.78,0.0
2025-01-24T19:00Z,63665.92744445801,-5.0,84.99,0.0
2025-01-24T20:00Z,59942.33497619629,-5.0,80.79,0.0
2025-01-24T21:00Z,56217.45004272461,-5.0,91.97,0.0
2025-01-24T22:00Z,52705.51248168945,-5.0,86.29,0.0
2025-01-24T23:00Z,51798.81756591797,19.979914529914524,59.04,0.0
2025-01-25T00:00Z,48996.99754333496,19.979914529914524,64.96,0.0
2025-01-25T01:00Z,47623.34248352051,19.979914529914524,63.55,0.0
2025-01-25T02:00Z,46977.002502441406,19.979914529914527,67.17,0.0
2025-01-25T03:00Z,47574.80007171631,19.979914529914527,76.77,0.0
2025-01-25T04:00Z,47937.07740020752,19.979914529914527,76.89,0.0
2025-01-25T05:00Z,48761.097427368164,19.979914529914527,79.32,0.0
2025-01-25T06:00Z,51093.61755371094,19.97991452991453,76.89,0.0
2025-01-25T07:00Z,54847.38996887207,35.930899999999994,88.99,0.0
2025-01-25T08:00Z,58200.51747131348,21.324754617468464,87.31,0.0
2025-01-25T09:00Z,59869.69005584717,19.97991452991453,86.32,0.0
2025-01-25T10:00Z,61079.0950012207,20.179071574532003,88.15,0.0
2025-01-25T11:00Z,60795.24499511719,19.979914529914524,82.55,0.0
2025-01-25T12:00Z,58892.33500671387,19.979914529914524,81.98,0.0
2025-01-25T13:00Z,58209.11988067627,19.979914529914527,89.0,0.0
2025-01-25T14:00Z,56943.35242462158,35.9309,111.07,0.0
2025-01-25T15:00Z,57422.819999694824,96.27261728008675,132.97,0.0
2025-01-25T16:00Z,60826.672538757324,97.85956206066555,145.85,0.0
2025-01-25T17:00Z,61344.84740447998,98.22129346317297,151.0,0.0
2025-01-25T18:00Z,58710.42751312256,100.61690625,147.53,0.0
2025-01-25T19:00Z,55802.785095214844,100.61690625,137.6,0.0
2025-01-25T20:00Z,53403.19256591797,100.61690625,134.61,0.0
2025-01-25T21:00Z,51322.05001068115,100.61690625,132.26,0.0
2025-01-25T22:00Z,47581.91249084473,100.61690625,122.03,0.0
2025-01-25T23:00Z,44032.97496795654,98.22129346317297,126.21,0.0
2025-01-26T00:00Z,42199.81496429443,97.85956206066555,115.79,0.0
2025-01-26T01:00Z,41570.51499938965,97.85956206066555,111.3,0.0
2025-01-26T02:00Z,41093.644943237305,97.07137775031268,106.85,0.0
2025-01-26T03:00Z,41284.55252075195,97.07137775031268,105.43,0.0
2025-01-26T04:00Z,41517.3450012207,96.27261728008675,107.86,0.0
2025-01-26T05:00Z,42069.585105895996,96.27261728008675,110.6,0.0
2025-01-26T06:00Z,44014.72253417969,96.27261728008675,117.62,0.0
2025-01-26T07:00Z,48203.66746520996,97.07137775031268,124.17,0.0
2025-01-26T08:00Z,51925.552406311035,97.85956206066555,121.97,0.0
2025-01-26T09:00Z,54297.79997253418,98.22129346317297,105.51,0.0
2025-01-26T10:00Z,56057.55512237549,98.22129346317297,102.57,0.0
2025-01-26T11:00Z,56356.53755187988,97.85956206066555,96.73,0.0
2025-01-26T12:00Z,55158.394874572754,97.07137775031268,90.02,0.0
2025-01-26T13:00Z,53888.11749267578,97.07137775031268,92.52,0.0
2025-01-26T14:00Z,53538.17007446289,97.07137775031268,111.63,0.0
2025-01-26T15:00Z,54665.88498687744,98.22129346317297,125.92,0.0
2025-01-26T16:00Z,57803.44242858887,100.61690625,132.77,0.0
2025-01-26T17:00Z,59360.72507476807,100.61690625,118.94,0.0
2025-01-26T18:00Z,57859.52502441406,97.85956206066555,90.32,0.0
2025-01-26T19:00Z,54987.875,96.27261728008675,78.93,0.0
2025-01-26T20:00Z,53188.647521972656,81.86080139670645,68.26,0.0
2025-01-26T21:00Z,52374.965103149414,20.179071574532003,49.25,0.0
2025-01-26T22:00Z,49529.792388916016,0.0,23.89,0.0
2025-01-26T23:00Z,47729.78999328613,-5.0,40.14,0.0
2025-01-27T00:00Z,46562.64748382568,-5.0,35.26,0.0
2025-01-27T01:00Z,46199.597480773926,-5.0,26.38,0.0
2025-01-27T02:00Z,47069.31996154785,-5.0,14.07,0.0
2025-01-27T03:00Z,49279.12245178223,-5.0,10.1,0.0
2025-01-27T04:00Z,53720.75247955322,-5.0,21.52,0.0
2025-01-27T05:00Z,62139.73754119873,-5.0,34.1,0.0
2025-01-27T06:00Z,68935.35004425049,-5.0,56.99,0.0
2025-01-27T07:00Z,71139.11251068115,-5.0,71.76,0.0
2025-01-27T08:00Z,71042.5899887085,-5.0,62.96,0.0
2025-01-27T09:00Z,71677.66994476318,-5.0,45.57,0.0
2025-01-27T10:00Z,71986.93996429443,-5.0,40.11,0.0
2025-01-27T11:00Z,69931.05502319336,-5.0,35.66,0.0
2025-01-27T12:00Z,69592.6050415039,-5.0,38.37,0.0
2025-01-27T13:00Z,68204.94990539551,-5.0,53.95,0.0
2025-01-27T14:00Z,68257.81245422363,0.0,86.79,0.0
2025-01-27T15:00Z,67520.97247314453,35.930899999999994,102.46,0.0
2025-01-27T16:00Z,69931.01754760742,87.8605134487122,118.56,0.0
2025-01-27T17:00Z,70158.79490661621,81.86080139670645,118.67,0.0
2025-01-27T18:00Z,68491.8899230957,35.9309,100.05,0.0
2025-01-27T19:00Z,65050.347564697266,20.21801336529556,94.07,0.0
2025-01-27T20:00Z,61108.164962768555,19.979914529914524,85.08,0.0
2025-01-27T21:00Z,58791.032455444336,0.0,82.26,0.0
2025-01-27T22:00Z,55083.49493408203,19.979914529914524,69.28,0.0
2025-01-27T23:00Z,52195.77243041992,0.0,76.92,0.0
2025-01-28T00:00Z,50564.6799697876,0.0,71.53,0.0
2025-01-28T01:00Z,50552.92998504639,0.0,57.33,0.0
2025-01-28T02:00Z,50380.80757141113,19.979914529914524,69.28,0.0
2025-01-28T03:00Z,51375.59991455078,19.979914529914527,76.92,0.0
2025-01-28T04:00Z,54515.962493896484,19.97991452991453,77.59,0.0
2025-01-28T05:00Z,62046.64756774902,87.8605134487122,98.22,0.0
2025-01-28T06:00Z,69041.95749664307,97.07137775031268,125.45,0.0
2025-01-28T07:00Z,70555.83248138428,97.85956206066555,147.5,0.0
2025-01-28T08:00Z,70661.17990875244,98.22129346317297,135.3,0.0
2025-01-28T09:00Z,69476.08255004883,98.22129346317297,120.53,0.0
2025-01-28T10:00Z,68613.70997619629,98.22129346317297,116.34,0.0
2025-01-28T11:00Z,68429.58499908447,99.27364890966956,114.75,0.0
2025-01-28T12:00Z,67978.54256439209,98.22129346317297,117.39,0.0
2025-01-28T13:00Z,66918.50493621826,98.22129346317297,121.33,0.0
2025-01-28T14:00Z,66312.1075668335,98.22129346317297,139.91,0.0
2025-01-28T15:00Z,66321.7573928833,98.22129346317297,147.0,0.0
2025-01-28T16:00Z,69044.65501403809,100.61690625,149.6,0.0
2025-01-28T17:00Z,69399.2451095581,98.22129346317297,134.94,0.0
2025-01-28T18:00Z,68187.96500396729,97.85956206066555,128.9,0.0
2025-01-28T19:00Z,64607.70993804932,96.27261728008675,94.76,0.0
2025-01-28T20:00Z,60554.01500701904,89.71074390243903,87.26,0.0
2025-01-28T21:00Z,57605.63001251221,81.67000276243094,79.8,0.0
2025-01-28T22:00Z,54059.267570495605,35.930899999999994,64.43,0.0
2025-01-28T23:00Z,50891.44495391846,20.179071574532003,87.72,0.0
2025-01-29T00:00Z,49636.11254119873,19.979914529914524,83.39,0.0
2025-01-29T01:00Z,48990.96499633789,19.979914529914524,78.16,0.0
2025-01-29T02:00Z,49447.34501647949,19.979914529914524,75.64,0.0
2025-01-29T03:00Z,50762.56499481201,19.979914529914524,79.01,0.0
2025-01-29T04:00Z,53856.99252319336,19.979914529914527,86.98,0.0
2025-01-29T05:00Z,60410.77256011963,35.9309,93.14,0.0
2025-01-29T06:00Z,66356.65249633789,87.8605134487122,141.42,0.0
2025-01-29T07:00Z,68965.169921875,89.71074390243903,142.54,0.0
2025-01-29T08:00Z,69733.3575592041,81.86080139670645,130.45,0.0
2025-01-29T09:00Z,69751.36000061035,20.174743021012397,105.05,0.0
2025-01-29T10:00Z,70110.06001281738,21.324754617468464,89.25,0.0
2025-01-29T11:00Z,69760.7925567627,19.979914529914524,85.0,0.0
2025-01-29T12:00Z,69384.2474822998,-5.0,85.53,0.0
2025-01-29T13:00Z,68205.84007263184,-5.0,87.67,0.0
2025-01-29T14:00Z,68021.16748046875,-5.0,102.75,0.0
2025-01-29T15:00Z,67911.8250579834,19.979914529914524,132.66,0.0
2025-01-29T16:00Z,70125.42510986328,89.12174847060206,149.57,0.0
2025-01-29T17:00Z,70887.07997894287,96.27261728008675,150.09,0.0
2025-01-29T18:00Z,69682.58253479004,97.07137775031268,146.3,0.0
2025-01-29T19:00Z,66415.00751495361,96.27261728008675,131.95,0.0
2025-01-29T20:00Z,62661.724952697754,94.87131662251792,119.65,0.0
2025-01-29T21:00Z,59487.11003112793,89.71074390243903,111.99,0.0
2025-01-29T22:00Z,55795.05001068115,87.8605134487122,99.33,0.0
2025-01-29T23:00Z,52925.09552001953,87.8605134487122,92.41,0.0
2025-01-30T00:00Z,51674.34846496582,87.8605134487122,92.43,0.0
2025-01-30T01:00Z,50806.17051696777,87.8605134487122,93.33,0.0
2025-01-30T02:00Z,51391.68849182129,87.8605134487122,92.95,0.0
2025-01-30T03:00Z,52223.16249847412,96.27261728008675,92.43,0.0
2025-01-30T04:00Z,54849.068267822266,96.27261728008675,108.65,0.0
2025-01-30T05:00Z,62029.02104187012,98.22129346317297,139.83,0.0
2025-01-30T06:00Z,67999.23901367188,100.66654331474969,152.64,0.0
2025-01-30T07:00Z,69979.24675750732,110.70326512405268,160.3,0.0
2025-01-30T08:00Z,70377.43466186523,110.70326512405268,151.51,0.0
2025-01-30T09:00Z,70295.55940246582,110.70326512405268,135.09,0.0
2025-01-30T10:00Z,70623.26998138428,110.70326512405268,123.25,0.0
2025-01-30T11:00Z,69896.48649597168,110.70326512405268,115.89,0.0
2025-01-30T12:00Z,68115.87297821045,107.14837644051812,113.3,0.0
2025-01-30T13:00Z,66841.85120391846,110.70326512405268,129.41,0.0
2025-01-30T14:00Z,65681.90992736816,110.70326512405268,153.22,0.0
2025-01-30T15:00Z,65831.56526947021,110.70326512405268,160.87,0.0
2025-01-30T16:00Z,68313.89596557617,110.70326512405268,180.36,0.0
2025-01-30T17:00Z,69010.36448669434,110.70326512405268,176.58,0.0
2025-01-30T18:00Z,67554.90789794922,110.70326512405268,161.28,0.0
2025-01-30T19:00Z,64245.54267883301,100.66654331474969,150.2,0.0
2025-01-30T20:00Z,60428.50345611572,98.22129346317297,134.17,0.0
2025-01-30T21:00Z,57408.26178741455,97.85956206066555,126.46,0.0
2025-01-30T22:00Z,53737.03112030029,97.07137775031268,120.2,0.0
2025-01-30T23:00Z,51169.73247528076,97.07137775031268,120.0,0.0
2025-01-31T00:00Z,49987.172508239746,96.27261728008675,117.08,0.0
2025-01-31T01:00Z,49905.97250366211,96.27261728008675,113.89,0.0
2025-01-31T02:00Z,50274.582443237305,96.27261728008675,113.12,0.0
2025-01-31T03:00Z,51599.47254943848,96.27261728008675,115.98,0.0
2025-01-31T04:00Z,54707.27248382568,96.27261728008675,120.74,0.0
2025-01-31T05:00Z,61653.08250427246,97.07137775031268,131.87,0.0
2025-01-31T06:00Z,67200.52751922607,98.22129346317297,157.97,0.0
2025-01-31T07:00Z,69473.2449874878,98.22129346317297,163.7,0.0
2025-01-31T08:00Z,70012.47755432129,98.22129346317297,154.82,0.0
2025-01-31T09:00Z,70025.65001678467,97.85956206066555,130.1,0.0
2025-01-31T10:00Z,69294.97254180908,97.85956206066555,126.2,0.0
2025-01-31T11:00Z,67690.2526473999,97.85956206066555,120.06,0.0
2025-01-31T12:00Z,65989.67496490479,97.07137775031268,121.19,0.0
2025-01-31T13:00Z,64152.21000671387,97.07137775031268,119.76,0.0
2025-01-31T14:00Z,63552.65003967285,97.85956206066555,149.87,0.0
2025-01-31T15:00Z,63940.61494445801,100.61690625,168.26,0.0
2025-01-31T16:00Z,66722.98497772217,110.70326512405268,185.26,0.0
2025-01-31T17:00Z,67509.33250427246,110.70326512405268,184.48,0.0
2025-01-31T18:00Z,65661.72496795654,110.70326512405268,178.99,0.0
2025-01-31T19:00Z,62640.09003448486,110.70326512405268,162.66,0.0
2025-01-31T20:00Z,59574.195068359375,110.70326512405268,152.7,0.0
2025-01-31T21:00Z,56647.20753479004,107.14837644051812,144.31,0.0
2025-01-31T22:00Z,53575.41749572754,100.66654331474969,131.41,0.0
2025-01-31T23:00Z,50968.66858673096,100.61690625,136.93,0.0
2025-02-01T00:00Z,49146.651779174805,100.61690625,129.42,0.0
2025-02-01T01:00Z,48040.65867614746,99.27364890966956,124.24,0.0
2025-02-01T02:00Z,47077.68049621582,99.27364890966956,119.12,0.0
2025-02-01T03:00Z,47128.30948638916,99.27364890966956,118.86,0.0
2025-02-01T04:00Z,47283.42288970947,100.61690625,120.54,0.0
2025-02-01T05:00Z,48184.784927368164,100.61690625,127.1,0.0
2025-02-01T06:00Z,50807.15422821045,100.66654331474969,144.74,0.0
2025-02-01T07:00Z,53853.19200897217,110.70326512405268,153.46,0.0
2025-02-01T08:00Z,56543.83324432373,110.70326512405268,142.44,0.0
2025-02-01T09:00Z,58095.70930480957,107.14837644051812,128.4,0.0
2025-02-01T10:00Z,58897.26782989502,100.61690625,120.08,0.0
2025-02-01T11:00Z,57649.22718048096,98.22129346317297,110.29,0.0
2025-02-01T12:00Z,55783.658920288086,97.85956206066555,103.4,0.0
2025-02-01T13:00Z,54209.91230010986,97.85956206066555,113.7,0.0
2025-02-01T14:00Z,52759.008964538574,98.22129346317297,129.49,0.0
2025-02-01T15:00Z,53733.97152709961,100.61690625,154.43,0.0
2025-02-01T16:00Z,57127.503578186035,110.70326512405268,168.27,0.0
2025-02-01T17:00Z,58638.58075714111,110.70326512405268,167.51,0.0
2025-02-01T18:00Z,57368.291732788086,110.70326512405268,162.98,0.0
2025-02-01T19:00Z,54659.39482116699,110.70326512405268,156.6,0.0
2025-02-01T20:00Z,53240.833976745605,110.70326512405268,145.24,0.0
2025-02-01T21:00Z,51438.73448944092,107.14837644051812,141.73,0.0
2025-02-01T22:00Z,49214.21378326416,107.14837644051812,131.74,0.0
2025-02-01T23:00Z,47015.817779541016,100.66654331474969,133.26,0.0
2025-02-02T00:00Z,45510.952949523926,100.61690625,126.91,0.0
2025-02-02T01:00Z,44792.30200958252,100.61690625,122.99,0.0
2025-02-02T02:00Z,44997.55404663086,100.61690625,120.66,0.0
2025-02-02T03:00Z,44745.56529998779,100.61690625,122.34,0.0
2025-02-02T04:00Z,44701.53775024414,100.61690625,123.41,0.0
2025-02-02T05:00Z,44881.86808013916,100.61690625,128.09,0.0
2025-02-02T06:00Z,46374.97102355957,100.66654331474969,135.9,0.0
2025-02-02T07:00Z,49589.278732299805,110.70326512405268,137.3,0.0
2025-02-02T08:00Z,52668.07253265381,107.14837644051812,137.7,0.0
2025-02-02T09:00Z,55508.88324737549,100.66654331474969,130.04,0.0
2025-02-02T10:00Z,57087.11780548096,99.27364890966956,129.33,0.0
2025-02-02T11:00Z,55898.28366851807,98.22129346317297,122.24,0.0
2025-02-02T12:00Z,53578.07495880127,97.07137775031268,111.88,0.0
2025-02-02T13:00Z,51684.208236694336,97.07137775031268,116.42,0.0
2025-02-02T14:00Z,51082.09548187256,97.85956206066555,127.97,0.0
2025-02-02T15:00Z,52192.69006347656,100.61690625,151.21,0.0
2025-02-02T16:00Z,56464.40352630615,110.70326512405268,164.03,0.0
2025-02-02T17:00Z,59051.2458190918,110.70326512405268,172.49,0.0
2025-02-02T18:00Z,57668.79679107666,110.70326512405268,173.95,0.0
2025-02-02T19:00Z,55435.97866821289,110.70326512405268,165.5,0.0
2025-02-02T20:00Z,53889.84555053711,110.70326512405268,155.77,0.0
2025-02-02T21:00Z,53211.87802886963,110.70326512405268,148.44,0.0
2025-02-02T22:00Z,51020.54455566406,110.70326512405268,133.24,0.0
2025-02-02T23:00Z,49640.74041748047,110.70326512405268,129.54,0.0
2025-02-03T00:00Z,48157.47951507568,107.14837644051812,126.63,0.0
2025-02-03T01:00Z,47699.2787399292,107.14837644051812,124.72,0.0
2025-02-03T02:00Z,48155.22981262207,107.14837644051812,120.04,0.0
2025-02-03T03:00Z,49678.56909942627,108.10109259259258,123.24,0.0
2025-02-03T04:00Z,52986.43576049805,110.70326512405268,127.77,0.0
2025-02-03T05:00Z,60386.78845214844,115.60662378739066,159.18,0.0
2025-02-03T06:00Z,66878.18006134033,116.64938355451135,207.88,0.0
2025-02-03T07:00Z,69711.92021942139,116.64938355451135,243.23,0.0
2025-02-03T08:00Z,70339.69142913818,115.60662378739066,178.04,0.0
2025-02-03T09:00Z,70462.65101623535,110.70326512405268,149.95,0.0
2025-02-03T10:00Z,70396.60668182373,110.70326512405268,126.05,0.0
2025-02-03T11:00Z,69528.04303741455,100.61690625,117.27,0.0
2025-02-03T12:00Z,68639.77230072021,99.27364890966956,115.29,0.0
2025-02-03T13:00Z,67290.83274078369,98.22129346317297,124.18,0.0
2025-02-03T14:00Z,65928.01246643066,100.61690625,145.86,0.0
2025-02-03T15:00Z,65852.25801849365,107.14837644051812,170.71,0.0
2025-02-03T16:00Z,68891.6800994873,110.70326512405268,216.0,0.0
2025-02-03T17:00Z,69994.58246612549,115.60662378739066,200.73,0.0
2025-02-03T18:00Z,68728.40000152588,115.60662378739066,201.1,0.0
2025-02-03T19:00Z,65389.572204589844,110.70326512405268,167.74,0.0
2025-02-03T20:00Z,62546.71658325195,110.70326512405268,153.0,0.0
2025-02-03T21:00Z,59846.88600921631,110.70326512405268,144.23,0.0
2025-02-03T22:00Z,56430.71425628662,107.14837644051812,135.81,0.0
2025-02-03T23:00Z,54054.9602432251,100.66654331474969,132.4,0.0
2025-02-04T00:00Z,52029.870361328125,100.61690625,125.54,0.0
2025-02-04T01:00Z,51781.563720703125,100.61690625,123.18,0.0
2025-02-04T02:00Z,51840.84822845459,100.61690625,123.99,0.0
2025-02-04T03:00Z,52966.12495422363,100.61690625,123.25,0.0
2025-02-04T04:00Z,55565.835289001465,100.66654331474969,127.63,0.0
2025-02-04T05:00Z,63248.54274749756,110.70326512405268,155.42,0.0
2025-02-04T06:00Z,69133.26851654053,110.70326512405268,192.24,0.0
2025-02-04T07:00Z,71904.74671936035,110.70326512405268,211.99,0.0
2025-02-04T08:00Z,72615.03714752197,110.70326512405268,163.31,0.0
2025-02-04T09:00Z,73413.10577392578,100.66654331474969,136.53,0.0
2025-02-04T10:00Z,73297.03926086426,100.61690625,126.57,0.0
2025-02-04T11:00Z,71948.2638168335,98.22129346317297,116.89,0.0
2025-02-04T12:00Z,69981.95320129395,97.85956206066555,113.17,0.0
2025-02-04T13:00Z,68759.39176940918,97.07137775031268,120.09,0.0
2025-02-04T14:00Z,67569.65250396729,97.85956206066555,127.47,0.0
2025-02-04T15:00Z,67778.35556030273,98.22129346317297,164.81,0.0
2025-02-04T16:00Z,70649.07845306396,100.66654331474969,168.99,0.0
2025-02-04T17:00Z,72361.93502807617,110.70326512405268,175.0,0.0
2025-02-04T18:00Z,71168.18698120117,100.66654331474969,162.04,0.0
2025-02-04T19:00Z,67908.0237197876,100.61690625,145.01,0.0
2025-02-04T20:00Z,64176.50949859619,98.22129346317297,132.43,0.0
2025-02-04T21:00Z,61253.264335632324,97.85956206066555,129.42,0.0
2025-02-04T22:00Z,58149.1389465332,97.85956206066555,120.62,0.0
2025-02-04T23:00Z,55428.6760559082,97.07137775031268,113.34,0.0
2025-02-05T00:00Z,54106.564781188965,96.27261728008675,109.67,0.0
2025-02-05T01:00Z,53547.829025268555,96.27261728008675,109.4,0.0
2025-02-05T02:00Z,53735.63178253174,96.27261728008675,108.18,0.0
2025-02-05T03:00Z,54926.15798950195,96.27261728008675,115.17,0.0
2025-02-05T04:00Z,58452.48927307129,97.07137775031268,122.42,0.0
2025-02-05T05:00Z,65802.25328826904,98.22129346317297,139.81,0.0
2025-02-05T06:00Z,71034.49578094482,100.61690625,165.32,0.0
2025-02-05T07:00Z,72885.6303100586,100.66654331474969,180.81,0.0
2025-02-05T08:00Z,73495.57730865479,100.61690625,159.33,0.0
2025-02-05T09:00Z,73763.73679351807,100.61690625,132.19,0.0
2025-02-05T10:00Z,73544.30965423584,107.14837644051812,119.96,0.0
2025-02-05T11:00Z,73046.78281402588,100.66654331474969,115.46,0.0
2025-02-05T12:00Z,72039.30043029785,100.61690625,118.8,0.0
2025-02-05T13:00Z,70765.10232543945,100.61690625,128.85,0.0
2025-02-05T14:00Z,69472.50922393799,100.66654331474969,144.12,0.0
2025-02-05T15:00Z,69193.07947540283,110.70326512405268,160.58,0.0
2025-02-05T16:00Z,71008.24249267578,110.70326512405268,177.19,0.0
2025-02-05T17:00Z,71739.96256256104,113.63949367666063,189.9,0.0
2025-02-05T18:00Z,69695.53754425049,110.70326512405268,189.63,0.0
2025-02-05T19:00Z,66097.21804046631,110.70326512405268,170.0,0.0
2025-02-05T20:00Z,62389.15679168701,110.70326512405268,155.42,0.0
2025-02-05T21:00Z,59507.45202636719,110.70326512405268,143.7,0.0
2025-02-05T22:00Z,56483.61682891846,110.70326512405268,133.21,0.0
2025-02-05T23:00Z,53547.75929260254,107.14837644051812,133.67,0.0
2025-02-06T00:00Z,51766.043548583984,107.14837644051812,129.57,0.0
2025-02-06T01:00Z,50492.12973022461,100.66654331474969,125.87,0.0
2025-02-06T02:00Z,50651.62771606445,107.14837644051812,125.0,0.0
2025-02-06T03:00Z,51425.67182922363,107.14837644051812,125.01,0.0
2025-02-06T04:00Z,54650.19016265869,110.70326512405268,135.28,0.0
2025-02-06T05:00Z,61576.969230651855,110.70326512405268,156.12,0.0
2025-02-06T06:00Z,67142.42469024658,115.60662378739066,180.09,0.0
2025-02-06T07:00Z,69612.91625976562,115.60662378739066,219.42,0.0
2025-02-06T08:00Z,70304.08303070068,115.60662378739066,178.99,0.0
2025-02-06T09:00Z,70904.59171295166,115.60662378739066,160.14,0.0
2025-02-06T10:00Z,70933.7638015747,113.63949367666063,152.56,0.0
2025-02-06T11:00Z,70704.22467803955,110.70326512405268,147.89,0.0
2025-02-06T12:00Z,70264.5315246582,110.70326512405268,145.48,0.0
2025-02-06T13:00Z,68960.1125793457,110.70326512405268,137.79,0.0
2025-02-06T14:00Z,68326.00050354004,110.70326512405268,150.8,0.0
2025-02-06T15:00Z,67847.49970245361,110.70326512405268,164.89,0.0
2025-02-06T16:00Z,70718.40707397461,110.70326512405268,171.59,0.0
2025-02-06T17:00Z,71744.92295837402,110.70326512405268,170.48,0.0
2025-02-06T18:00Z,70509.64933776855,110.70326512405268,162.95,0.0
2025-02-06T19:00Z,66834.85275268555,100.61690625,141.33,0.0
2025-02-06T20:00Z,63634.73677825928,98.22129346317297,131.26,0.0
2025-02-06T21:00Z,60141.38500213623,97.85956206066555,134.0,0.0
2025-02-06T22:00Z,56423.05726623535,96.27261728008675,121.95,0.0
2025-02-06T23:00Z,53211.969467163086,87.8605134487122,126.05,0.0
2025-02-07T00:00Z,51880.622787475586,81.86080139670645,112.7,0.0
2025-02-07T01:00Z,51748.09248352051,35.9309,108.82,0.0
2025-02-07T02:00Z,52700.28778076172,35.9309,105.0,0.0
2025-02-07T03:00Z,54343.67310333252,35.930899999999994,104.81,0.0
2025-02-07T04:00Z,56774.49653625488,35.930899999999994,105.07,0.0
2025-02-07T05:00Z,63462.225677490234,87.8605134487122,112.39,0.0
2025-02-07T06:00Z,68808.58325195312,94.87131662251792,141.66,0.0
2025-02-07T07:00Z,71511.65222167969,96.27261728008675,164.21,0.0
2025-02-07T08:00Z,72471.91527557373,94.87131662251792,150.36,0.0
2025-02-07T09:00Z,72859.08014678955,35.9309,133.88,0.0
2025-02-07T10:00Z,73148.92702484131,20.21801336529556,115.14,0.0
2025-02-07T11:00Z,72935.97397613525,20.179071574532003,111.49,0.0
2025-02-07T12:00Z,70910.40557098389,19.97991452991453,106.77,0.0
2025-02-07T13:00Z,68383.97546386719,19.979914529914527,109.59,0.0
2025-02-07T14:00Z,67177.20056152344,20.437413077687253,111.68,0.0
2025-02-07T15:00Z,67752.84351348877,81.86080139670645,126.61,0.0
2025-02-07T16:00Z,70064.2026977539,96.27261728008675,142.85,0.0
2025-02-07T17:00Z,71133.06003570557,96.27261728008675,149.05,0.0
2025-02-07T18:00Z,68863.97671508789,89.12174847060206,144.32,0.0
2025-02-07T19:00Z,65603.14848327637,81.86080139670645,126.93,0.0
2025-02-07T20:00Z,62393.813888549805,81.67000276243094,100.0,0.0
2025-02-07T21:00Z,59763.2352142334,35.93090000000001,98.72,0.0
2025-02-07T22:00Z,56292.32923126221,87.8605134487122,100.14,0.0
2025-02-07T23:00Z,53379.775802612305,35.930899999999994,81.34,0.0
2025-02-08T00:00Z,52109.48399353027,20.21801336529556,84.85,0.0
2025-02-08T01:00Z,50631.0094833374,19.979914529914527,85.8,0.0
2025-02-08T02:00Z,50364.643562316895,19.979914529914527,87.08,0.0
2025-02-08T03:00Z,50344.604484558105,19.97991452991453,89.69,0.0
2025-02-08T04:00Z,50851.26293182373,20.41331893790761,90.99,0.0
2025-02-08T05:00Z,52096.38098907471,35.9309,90.8,0.0
2025-02-08T06:00Z,54016.59797668457,81.86080139670645,95.31,0.0
2025-02-08T07:00Z,57330.30099487305,92.54273178553254,111.11,0.0
2025-02-08T08:00Z,59479.40174102783,87.8605134487122,92.68,0.0
2025-02-08T09:00Z,61103.878509521484,81.86080139670645,79.42,0.0
2025-02-08T10:00Z,60846.249015808105,35.9309,68.75,0.0
2025-02-08T11:00Z,59572.396240234375,21.324754617468464,67.71,0.0
2025-02-08T12:00Z,57394.31019592285,19.97991452991453,79.85,0.0
2025-02-08T13:00Z,55883.58703613281,20.179071574532003,89.85,0.0
2025-02-08T14:00Z,55380.38220214844,35.9309,118.0,0.0
2025-02-08T15:00Z,56205.07629394531,96.27261728008675,140.87,0.0
2025-02-08T16:00Z,59323.16221618652,97.07137775031268,150.0,0.0
2025-02-08T17:00Z,61910.88597869873,98.22129346317297,160.49,0.0
2025-02-08T18:00Z,59967.28923034668,97.85956206066555,161.1,0.0
2025-02-08T19:00Z,57252.289237976074,97.07137775031268,156.42,0.0
2025-02-08T20:00Z,54774.09719848633,97.85956206066555,149.0,0.0
2025-02-08T21:00Z,53031.009841918945,98.22129346317297,144.0,0.0
2025-02-08T22:00Z,49855.4847946167,98.22129346317297,136.31,0.0
2025-02-08T23:00Z,47670.94002532959,98.22129346317297,135.0,0.0
2025-02-09T00:00Z,45785.83890533447,98.22129346317297,134.51,0.0
2025-02-09T01:00Z,44683.9691696167,97.85956206066555,130.18,0.0
2025-02-09T02:00Z,44301.73751068115,97.85956206066555,119.3,0.0
2025-02-09T03:00Z,44221.06575012207,97.85956206066555,116.79,0.0
2025-02-09T04:00Z,44597.590995788574,97.07137775031268,117.0,0.0
2025-02-09T05:00Z,44838.567794799805,97.07137775031268,117.0,0.0
2025-02-09T06:00Z,46513.23028564453,97.85956206066555,133.43,0.0
2025-02-09T07:00Z,50707.69454956055,98.22129346317297,136.77,0.0
2025-02-09T08:00Z,53634.48171234131,97.85956206066555,123.97,0.0
2025-02-09T09:00Z,55711.34020996094,97.07137775031268,114.79,0.0
2025-02-09T10:00Z,56957.38953399658,96.27261728008675,105.65,0.0
2025-02-09T11:00Z,56617.13480377197,96.27261728008675,98.71,0.0
2025-02-09T12:00Z,55301.855964660645,89.71074390243903,95.53,0.0
2025-02-09T13:00Z,53733.57078552246,87.8605134487122,109.9,0.0
2025-02-09T14:00Z,53065.95275115967,87.8605134487122,120.4,0.0
2025-02-09T15:00Z,55353.24449920654,96.27261728008675,141.96,0.0
2025-02-09T16:00Z,58989.5545501709,97.85956206066555,148.58,0.0
2025-02-09T17:00Z,62044.07002258301,98.22129346317297,161.93,0.0
2025-02-09T18:00Z,60727.20053100586,97.85956206066555,156.13,0.0
2025-02-09T19:00Z,58075.96294403076,97.85956206066555,150.65,0.0
2025-02-09T20:00Z,55986.097259521484,97.07137775031268,142.92,0.0
2025-02-09T21:00Z,55433.72351837158,97.07137775031268,143.0,0.0
2025-02-09T22:00Z,53071.22626495361,97.07137775031268,127.97,0.0
2025-02-09T23:00Z,50348.74851226807,96.27261728008675,118.58,0.0
2025-02-10T00:00Z,49087.122482299805,96.27261728008675,111.82,0.0
2025-02-10T01:00Z,48826.588523864746,96.27261728008675,109.22,0.0
2025-02-10T02:00Z,49203.22830200195,96.27261728008675,106.29,0.0
2025-02-10T03:00Z,50786.15754699707,96.27261728008675,105.85,0.0
2025-02-10T04:00Z,54373.46577453613,96.27261728008675,112.0,0.0
2025-02-10T05:00Z,62878.82685852051,98.22129346317297,145.38,0.0
2025-02-10T06:00Z,68421.63505554199,99.27364890966956,162.02,0.0
2025-02-10T07:00Z,71102.70443725586,100.61690625,181.36,0.0
2025-02-10T08:00Z,71805.4624710083,99.27364890966956,163.18,0.0
2025-02-10T09:00Z,72356.41103363037,98.22129346317297,135.9,0.0
2025-02-10T10:00Z,72636.92548370361,97.07137775031268,115.28,0.0
2025-02-10T11:00Z,72299.66377258301,96.27261728008675,109.36,0.0
2025-02-10T12:00Z,72211.35945892334,96.27261728008675,109.74,0.0
2025-02-10T13:00Z,70982.11793518066,89.12174847060206,123.07,0.0
2025-02-10T14:00Z,70013.96786499023,87.8605134487122,128.54,0.0
2025-02-10T15:00Z,69881.9580154419,87.8605134487122,133.58,0.0
2025-02-10T16:00Z,72846.85066223145,96.27261728008675,133.82,0.0
2025-02-10T17:00Z,74628.37845611572,96.27261728008675,142.11,0.0
2025-02-10T18:00Z,73560.73369598389,87.8605134487122,114.85,0.0
2025-02-10T19:00Z,69467.87798309326,21.324754617468464,94.37,0.0
2025-02-10T20:00Z,65457.23355102539,19.979914529914524,91.48,0.0
2025-02-10T21:00Z,62506.36870574951,0.0,88.87,0.0
2025-02-10T22:00Z,59719.39900970459,0.0,87.38,0.0
2025-02-10T23:00Z,56037.19383239746,-5.0,77.45,0.0
2025-02-11T00:00Z,54963.41242980957,-5.0,71.1,0.0
2025-02-11T01:00Z,54302.58173370361,-5.0,71.62,0.0
2025-02-11T02:00Z,54148.6547164917,-5.0,74.89,0.0
2025-02-11T03:00Z,54854.52055358887,-5.0,77.45,0.0
2025-02-11T04:00Z,58273.73574066162,-5.0,87.44,0.0
2025-02-11T05:00Z,65314.008224487305,19.979914529914527,100.46,0.0
2025-02-11T06:00Z,71731.6667175293,81.67000276243094,134.93,0.0
2025-02-11T07:00Z,73475.37006378174,87.8605134487122,155.53,0.0
2025-02-11T08:00Z,72606.19068145752,87.8605134487122,141.42,0.0
2025-02-11T09:00Z,73593.79507446289,87.8605134487122,96.65,0.0
2025-02-11T10:00Z,73849.28949737549,96.27261728008675,92.78,0.0
2025-02-11T11:00Z,72932.95099639893,87.8605134487122,97.68,0.0
2025-02-11T12:00Z,71757.63846588135,87.8605134487122,111.11,0.0
2025-02-11T13:00Z,71546.28748321533,94.87131662251792,123.46,0.0
2025-02-11T14:00Z,71123.11351776123,96.27261728008675,143.69,0.0
2025-02-11T15:00Z,70938.86808013916,96.27261728008675,144.47,0.0
2025-02-11T16:00Z,73470.1082687378,97.07137775031268,159.97,0.0
2025-02-11T17:00Z,74575.4242477417,97.85956206066555,168.19,0.0
2025-02-11T18:00Z,72879.35587310791,97.07137775031268,167.45,0.0
2025-02-11T19:00Z,69216.81669616699,97.07137775031268,162.63,0.0
2025-02-11T20:00Z,65444.739517211914,96.27261728008675,148.75,0.0
2025-02-11T21:00Z,61585.029525756836,96.27261728008675,142.95,0.0
2025-02-11T22:00Z,57722.70031738281,96.27261728008675,128.24,0.0
2025-02-11T23:00Z,55692.40175628662,96.27261728008675,129.13,0.0
2025-02-12T00:00Z,53799.5126953125,96.27261728008675,127.77,0.0
2025-02-12T01:00Z,53517.97605895996,96.27261728008675,126.82,0.0
2025-02-12T02:00Z,53311.17554473877,96.27261728008675,126.59,0.0
2025-02-12T03:00Z,53969.91279602051,96.27261728008675,128.74,0.0
2025-02-12T04:00Z,57276.79749298096,96.27261728008675,131.24,0.0
2025-02-12T05:00Z,65433.98846435547,98.22129346317297,151.13,0.0
2025-02-12T06:00Z,70591.60675811768,100.61690625,163.64,0.0
2025-02-12T07:00Z,72994.74993896484,100.66654331474969,180.0,0.0
2025-02-12T08:00Z,73416.22150421143,100.66654331474969,174.92,0.0
2025-02-12T09:00Z,74060.78249359131,100.66654331474969,162.05,0.0
2025-02-12T10:00Z,73901.0669555664,100.66654331474969,144.01,0.0
2025-02-12T11:00Z,72987.63646697998,100.61690625,137.28,0.0
2025-02-12T12:00Z,72573.64301300049,100.61690625,142.03,0.0
2025-02-12T13:00Z,70936.60830688477,100.61690625,149.4,0.0
2025-02-12T14:00Z,70438.74020385742,100.66654331474969,159.67,0.0
2025-02-12T15:00Z,70124.33977508545,107.14837644051812,173.21,0.0
2025-02-12T16:00Z,71806.3632888794,110.70326512405268,184.59,0.0
2025-02-12T17:00Z,72622.23499298096,110.70326512405268,197.13,0.0
2025-02-12T18:00Z,70704.40747833252,110.70326512405268,192.57,0.0
2025-02-12T19:00Z,67604.26206970215,110.70326512405268,173.9,0.0
2025-02-12T20:00Z,63008.2184677124,110.70326512405268,155.78,0.0
2025-02-12T21:00Z,59521.28276824951,107.14837644051812,150.38,0.0
2025-02-12T22:00Z,56098.23822784424,107.14837644051812,141.81,0.0
2025-02-12T23:00Z,53435.36405181885,100.66654331474969,140.33,0.0
2025-02-13T00:00Z,51824.853118896484,100.61690625,137.75,0.0
2025-02-13T01:00Z,51424.07782745361,100.61690625,140.79,0.0
2025-02-13T02:00Z,51649.02267456055,100.66654331474969,136.59,0.0
2025-02-13T03:00Z,52782.5262298584,100.66654331474969,140.0,0.0
2025-02-13T04:00Z,56278.18802642822,107.14837644051812,142.0,0.0
2025-02-13T05:00Z,63607.14974975586,110.70326512405268,159.99,0.0
2025-02-13T06:00Z,69314.99897003174,115.60662378739066,190.33,0.0
2025-02-13T07:00Z,72280.07997131348,115.60662378739066,222.36,0.0
2025-02-13T08:00Z,73189.79257202148,115.60662378739066,220.05,0.0
2025-02-13T09:00Z,73890.33174133301,113.63949367666063,203.89,0.0
2025-02-13T10:00Z,74311.70679473877,110.70326512405268,184.68,0.0
2025-02-13T11:00Z,73784.1587524414,110.70326512405268,174.52,0.0
2025-02-13T12:00Z,73202.54922485352,110.70326512405268,170.1,0.0
2025-02-13T13:00Z,72509.18476867676,110.70326512405268,166.7,0.0
2025-02-13T14:00Z,72145.1950302124,110.70326512405268,170.1,0.0
2025-02-13T15:00Z,71482.29006958008,110.70326512405268,182.0,0.0
2025-02-13T16:00Z,72955.88088226318,110.70326512405268,213.05,0.0
2025-02-13T17:00Z,74182.11625671387,110.70326512405268,207.17,0.0
2025-02-13T18:00Z,72502.25617980957,110.70326512405268,196.52,0.0
2025-02-13T19:00Z,68689.08940124512,100.66654331474969,177.03,0.0
2025-02-13T20:00Z,65031.301025390625,100.66654331474969,162.92,0.0
2025-02-13T21:00Z,61877.71678161621,100.61690625,153.12,0.0
2025-02-13T22:00Z,58397.22099304199,100.61690625,138.97,0.0
2025-02-13T23:00Z,56684.51300048828,99.27364890966956,139.21,0.0
2025-02-14T00:00Z,55167.77527618408,99.27364890966956,132.8,0.0
2025-02-14T01:00Z,53944.1969833374,99.27364890966956,128.5,0.0
2025-02-14T02:00Z,53766.189544677734,99.27364890966956,127.65,0.0
2025-02-14T03:00Z,54906.133964538574,100.61690625,129.58,0.0
2025-02-14T04:00Z,57833.04079437256,100.66654331474969,139.59,0.0
2025-02-14T05:00Z,63758.294021606445,110.70326512405268,162.89,0.0
2025-02-14T06:00Z,68632.15827178955,113.63949367666063,227.08,0.0
2025-02-14T07:00Z,71563.68048095703,115.60662378739066,265.64,0.0
2025-02-14T08:00Z,72260.99604034424,115.60662378739066,215.11,0.0
2025-02-14T09:00Z,72643.17404937744,113.63949367666063,181.03,0.0
2025-02-14T10:00Z,72595.91249847412,110.70326512405268,163.01,0.0
2025-02-14T11:00Z,71743.0369720459,110.70326512405268,149.86,0.0
2025-02-14T12:00Z,70651.13932800293,110.70326512405268,148.61,0.0
2025-02-14T13:00Z,68958.47166442871,110.70326512405268,155.8,0.0
2025-02-14T14:00Z,68083.20499420166,110.70326512405268,175.06,0.0
2025-02-14T15:00Z,67758.11100769043,115.60662378739066,200.0,0.0
2025-02-14T16:00Z,68762.30625152588,116.64938355451135,298.91,0.0
2025-02-14T17:00Z,69123.38449859619,116.64938355451135,293.06,0.0
2025-02-14T18:00Z,66871.05869293213,116.64938355451135,225.7,0.0
2025-02-14T19:00Z,63235.18854522705,115.60662378739066,183.55,0.0
2025-02-14T20:00Z,59963.64752960205,115.60662378739066,163.79,0.0
2025-02-14T21:00Z,57389.665267944336,110.70326512405268,153.0,0.0
2025-02-14T22:00Z,54472.952560424805,110.70326512405268,140.03,0.0
2025-02-14T23:00Z,51651.336013793945,110.70326512405268,135.29,0.0
2025-02-15T00:00Z,49356.815284729004,110.70326512405268,130.34,0.0
2025-02-15T01:00Z,48013.954025268555,107.14837644051812,120.0,0.0
2025-02-15T02:00Z,47864.00242614746,107.14837644051812,118.24,0.0
2025-02-15T03:00Z,48059.4093170166,107.14837644051812,118.45,0.0
2025-02-15T04:00Z,48305.15923309326,107.14837644051812,120.37,0.0
2025-02-15T05:00Z,49640.17575836182,110.70326512405268,133.74,0.0
2025-02-15T06:00Z,52113.946281433105,110.70326512405268,148.58,0.0
2025-02-15T07:00Z,55343.61103820801,110.70326512405268,150.67,0.0
2025-02-15T08:00Z,58564.200202941895,110.70326512405268,137.01,0.0
2025-02-15T09:00Z,60551.12122344971,110.70326512405268,124.59,0.0
2025-02-15T10:00Z,61401.89278411865,100.61690625,118.36,0.0
2025-02-15T11:00Z,60852.32975769043,100.61690625,112.39,0.0
2025-02-15T12:00Z,59278.063468933105,99.27364890966956,110.01,0.0
2025-02-15T13:00Z,57893.13024139404,99.27364890966956,116.15,0.0
2025-02-15T14:00Z,56896.82507324219,100.61690625,128.83,0.0
2025-02-15T15:00Z,57104.396087646484,107.14837644051812,145.89,0.0
2025-02-15T16:00Z,59442.94023132324,110.70326512405268,164.54,0.0
2025-02-15T17:00Z,61330.79623413086,115.60662378739066,174.7,0.0
2025-02-15T18:00Z,59735.94947052002,113.63949367666063,164.76,0.0
2025-02-15T19:00Z,56686.89678192139,110.70326512405268,149.65,0.0
2025-02-15T20:00Z,54690.09593963623,110.70326512405268,128.31,0.0
2025-02-15T21:00Z,54201.56829071045,110.70326512405268,132.37,0.0
2025-02-15T22:00Z,52123.25819396973,107.14837644051812,124.54,0.0
2025-02-15T23:00Z,49682.16407775879,100.61690625,134.11,0.0
2025-02-16T00:00Z,47841.70421600342,99.27364890966956,128.9,0.0
2025-02-16T01:00Z,46668.25046539307,98.22129346317297,123.57,0.0
2025-02-16T02:00Z,46285.323959350586,97.85956206066555,119.9,0.0
2025-02-16T03:00Z,45989.447273254395,97.07137775031268,119.57,0.0
2025-02-16T04:00Z,46253.00452423096,97.07137775031268,120.18,0.0
2025-02-16T05:00Z,46492.2625579834,97.07137775031268,119.92,0.0
2025-02-16T06:00Z,48315.99147796631,97.07137775031268,127.51,0.0
2025-02-16T07:00Z,50794.45054626465,97.85956206066555,129.6,0.0
2025-02-16T08:00Z,54223.9485244751,97.85956206066555,130.49,0.0
2025-02-16T09:00Z,56944.54995727539,97.07137775031268,127.7,0.0
2025-02-16T10:00Z,58028.82504272461,97.07137775031268,124.03,0.0
2025-02-16T11:00Z,57353.48466491699,97.07137775031268,124.67,0.0
2025-02-16T12:00Z,55322.34898376465,96.27261728008675,118.77,0.0
2025-02-16T13:00Z,54075.51126098633,97.07137775031268,121.02,0.0
2025-02-16T14:00Z,53259.15264129639,97.07137775031268,129.55,0.0
2025-02-16T15:00Z,54171.659004211426,98.22129346317297,137.68,0.0
2025-02-16T16:00Z,57255.73822784424,100.61690625,153.98,0.0
2025-02-16T17:00Z,60766.09349822998,110.70326512405268,169.98,0.0
2025-02-16T18:00Z,59968.31661224365,110.70326512405268,160.29,0.0
2025-02-16T19:00Z,57697.95724487305,107.14837644051812,153.72,0.0
2025-02-16T20:00Z,55772.787757873535,100.66654331474969,139.34,0.0
2025-02-16T21:00Z,54330.555740356445,100.66654331474969,137.62,0.0
2025-02-16T22:00Z,52409.366065979004,100.66654331474969,131.51,0.0
2025-02-16T23:00Z,50778.621238708496,100.66654331474969,128.05,0.0
2025-02-17T00:00Z,49681.50351715088,100.66654331474969,121.06,0.0
2025-02-17T01:00Z,49045.49427032471,100.66654331474969,120.34,0.0
2025-02-17T02:00Z,49048.04167175293,100.66654331474969,125.52,0.0
2025-02-17T03:00Z,50392.26876831055,107.14837644051812,128.94,0.0
2025-02-17T04:00Z,54172.59355163574,110.70326512405268,131.54,0.0
2025-02-17T05:00Z,62875.51929473877,113.63949367666063,153.16,0.0
2025-02-17T06:00Z,69029.63494110107,116.64938355451135,204.74,0.0
2025-02-17T07:00Z,71108.5924987793,116.64938355451135,209.79,0.0
2025-02-17T08:00Z,71262.50479125977,115.60662378739066,171.3,0.0
2025-02-17T09:00Z,70656.91200256348,110.70326512405268,139.67,0.0
2025-02-17T10:00Z,69867.50625610352,100.66654331474969,117.19,0.0
2025-02-17T11:00Z,68428.6884689331,99.27364890966956,109.47,0.0
2025-02-17T12:00Z,67158.64751434326,98.22129346317297,106.78,0.0
2025-02-17T13:00Z,66160.45252227783,99.27364890966956,111.89,0.0
2025-02-17T14:00Z,65367.21654510498,100.61690625,132.27,0.0
2025-02-17T15:00Z,65688.74550628662,110.70326512405268,158.96,0.0
2025-02-17T16:00Z,68147.67749023438,113.63949367666063,222.92,0.0
2025-02-17T17:00Z,70588.5325012207,116.64938355451135,271.0,0.0
2025-02-17T18:00Z,69744.94752502441,115.60662378739066,215.36,0.0
2025-02-17T19:00Z,66666.98851013184,115.60662378739066,177.86,0.0
2025-02-17T20:00Z,63621.13356781006,113.63949367666063,155.19,0.0
2025-02-17T21:00Z,61071.76917266846,110.70326512405268,139.39,0.0
2025-02-17T22:00Z,58340.943298339844,110.70326512405268,129.57,0.0
2025-02-17T23:00Z,55550.567054748535,110.70326512405268,132.95,0.0
2025-02-18T00:00Z,54224.26348876953,110.70326512405268,125.0,0.0
2025-02-18T01:00Z,53663.092193603516,110.70326512405268,123.56,0.0
2025-02-18T02:00Z,54121.96949005127,107.14837644051812,117.11,0.0
2025-02-18T03:00Z,55010.71208190918,107.14837644051812,115.66,0.0
2025-02-18T04:00Z,58196.95119476318,110.70326512405268,121.93,0.0
2025-02-18T05:00Z,65042.264236450195,110.70326512405268,143.61,0.0
2025-02-18T06:00Z,70417.2554397583,115.60662378739066,190.34,0.0
2025-02-18T07:00Z,72504.27756500244,115.60662378739066,193.8,0.0
2025-02-18T08:00Z,72276.17628479004,110.70326512405268,143.53,0.0
2025-02-18T09:00Z,71338.49925994873,100.66654331474969,124.24,0.0
2025-02-18T10:00Z,70078.36351776123,98.22129346317297,109.71,0.0
2025-02-18T11:00Z,67998.11180114746,97.07137775031268,96.41,0.0
2025-02-18T12:00Z,66632.34665679932,96.27261728008675,88.53,0.0
2025-02-18T13:00Z,65267.62954711914,96.27261728008675,98.35,0.0
2025-02-18T14:00Z,64559.306159973145,97.07137775031268,110.0,0.0
2025-02-18T15:00Z,65484.09902191162,98.22129346317297,128.16,0.0
2025-02-18T16:00Z,68096.58250427246,100.66654331474969,177.61,0.0
2025-02-18T17:00Z,70996.78969573975,110.70326512405268,174.32,0.0
2025-02-18T18:00Z,70892.66802215576,107.14837644051812,155.91,0.0
2025-02-18T19:00Z,67902.07897949219,100.61690625,142.42,0.0
2025-02-18T20:00Z,64137.40721130371,98.22129346317297,129.41,0.0
2025-02-18T21:00Z,61195.63335418701,98.22129346317297,121.9,0.0
2025-02-18T22:00Z,57776.002296447754,97.85956206066555,114.45,0.0
2025-02-18T23:00Z,54995.63471221924,97.07137775031268,104.54,0.0
2025-02-19T00:00Z,53688.74073791504,97.07137775031268,99.29,0.0
2025-02-19T01:00Z,53120.999740600586,96.27261728008675,99.6,0.0
2025-02-19T02:00Z,53370.181732177734,96.27261728008675,97.29,0.0
2025-02-19T03:00Z,54901.06945800781,97.07137775031268,94.5,0.0
2025-02-19T04:00Z,57941.78448486328,97.07137775031268,97.48,0.0
2025-02-19T05:00Z,65011.4126663208,98.22129346317297,115.0,0.0
2025-02-19T06:00Z,70026.30723571777,99.27364890966956,149.5,0.0
2025-02-19T07:00Z,71782.74848175049,99.27364890966956,166.37,0.0
2025-02-19T08:00Z,72383.14298248291,97.85956206066555,128.76,0.0
2025-02-19T09:00Z,71464.78506469727,96.27261728008675,107.91,0.0
2025-02-19T10:00Z,70339.09797668457,94.87131662251792,89.28,0.0
2025-02-19T11:00Z,69220.70321655273,35.9309,81.52,0.0
2025-02-19T12:00Z,67662.91079711914,19.97991452991453,82.74,0.0
2025-02-19T13:00Z,66683.51955413818,19.97991452991453,85.2,0.0
2025-02-19T14:00Z,66210.8681640625,35.930899999999994,90.63,0.0
2025-02-19T15:00Z,65973.27220153809,87.8605134487122,110.03,0.0
2025-02-19T16:00Z,68707.97099304199,96.27261728008675,131.28,0.0
2025-02-19T17:00Z,72173.65320587158,97.07137775031268,142.98,0.0
2025-02-19T18:00Z,71618.22602844238,96.27261728008675,144.42,0.0
2025-02-19T19:00Z,68046.1474609375,96.27261728008675,120.9,0.0
2025-02-19T20:00Z,64370.08324432373,89.12174847060206,113.75,0.0
2025-02-19T21:00Z,61414.6146774292,87.8605134487122,107.13,0.0
2025-02-19T22:00Z,57735.71049499512,87.8605134487122,99.81,0.0
2025-02-19T23:00Z,55064.45624542236,81.86080139670645,86.17,0.0
2025-02-20T00:00Z,53812.917739868164,81.67000276243094,85.2,0.0
2025-02-20T01:00Z,52988.456687927246,81.67000276243094,84.56,0.0
2025-02-20T02:00Z,53759.59649658203,81.86080139670645,83.64,0.0
2025-02-20T03:00Z,55174.739517211914,87.8605134487122,82.18,0.0
2025-02-20T04:00Z,57973.4944229126,96.27261728008675,83.84,0.0
2025-02-20T05:00Z,65209.26731109619,97.07137775031268,86.31,0.0
2025-02-20T06:00Z,70131.22547912598,98.22129346317297,110.41,0.0
2025-02-20T07:00Z,72343.99827575684,98.22129346317297,127.98,0.0
2025-02-20T08:00Z,72191.75547790527,97.07137775031268,105.87,0.0
2025-02-20T09:00Z,72299.29875946045,97.07137775031268,93.72,0.0
2025-02-20T10:00Z,72178.38899993896,97.07137775031268,87.23,0.0
2025-02-20T11:00Z,71000.1487121582,96.27261728008675,86.87,0.0
2025-02-20T12:00Z,69855.42702484131,94.87131662251792,84.51,0.0
2025-02-20T13:00Z,69105.72854614258,92.54273178553254,84.78,0.0
2025-02-20T14:00Z,68149.92771911621,96.27261728008675,90.05,0.0
2025-02-20T15:00Z,67480.72526550293,96.27261728008675,98.34,0.0
2025-02-20T16:00Z,69670.39875793457,97.07137775031268,110.13,0.0
2025-02-20T17:00Z,72096.17343139648,97.85956206066555,112.38,0.0
2025-02-20T18:00Z,70770.5092163086,97.07137775031268,122.45,0.0
2025-02-20T19:00Z,67364.02275085449,96.27261728008675,105.91,0.0
2025-02-20T20:00Z,63494.28596496582,96.27261728008675,92.41,0.0
2025-02-20T21:00Z,60021.22384643555,89.71074390243903,90.84,0.0
2025-02-20T22:00Z,56817.49828338623,89.71074390243903,83.0,0.0
2025-02-20T23:00Z,53475.39775848389,87.8605134487122,75.51,0.0
2025-02-21T00:00Z,51968.862533569336,87.8605134487122,74.99,0.0
2025-02-21T01:00Z,50452.38610839844,87.8605134487122,79.8,0.0
2025-02-21T02:00Z,50645.01142883301,94.87131662251792,83.4,0.0
2025-02-21T03:00Z,51504.69201660156,96.27261728008675,82.4,0.0
2025-02-21T04:00Z,54523.265281677246,96.27261728008675,82.03,0.0
2025-02-21T05:00Z,61023.49676513672,97.85956206066555,106.47,0.0
2025-02-21T06:00Z,65588.71504211426,98.22129346317297,152.5,0.0
2025-02-21T07:00Z,67815.8450088501,99.27364890966956,145.21,0.0
2025-02-21T08:00Z,68525.38452911377,98.22129346317297,120.98,0.0
2025-02-21T09:00Z,67991.15618133545,98.22129346317297,98.68,0.0
2025-02-21T10:00Z,67529.16525268555,98.22129346317297,83.4,0.0
2025-02-21T11:00Z,65261.51844787598,96.27261728008675,78.0,0.0
2025-02-21T12:00Z,62448.218421936035,89.12174847060206,76.41,0.0
2025-02-21T13:00Z,61014.53497314453,81.86080139670645,79.52,0.0
2025-02-21T14:00Z,60782.30872344971,81.86080139670645,82.94,0.0
2025-02-21T15:00Z,61538.7165145874,87.8605134487122,103.47,0.0
2025-02-21T16:00Z,64745.96327972412,89.12174847060206,103.45,0.0
2025-02-21T17:00Z,67805.12155914307,94.87131662251792,101.98,0.0
2025-02-21T18:00Z,66444.92924499512,81.86080139670645,81.95,0.0
2025-02-21T19:00Z,62979.212005615234,20.179071574532003,80.25,0.0
2025-02-21T20:00Z,59400.06025695801,19.979914529914524,70.85,0.0
2025-02-21T21:00Z,55440.0592880249,0.0,70.64,0.0
2025-02-21T22:00Z,52576.63902282715,0.0,64.33,0.0
2025-02-21T23:00Z,49947.35298919678,0.0,50.99,0.0
2025-02-22T00:00Z,48616.43606567383,-5.0,48.62,0.0
2025-02-22T01:00Z,47556.337463378906,0.0,47.96,0.0
2025-02-22T02:00Z,47116.610275268555,0.0,42.62,0.0
2025-02-22T03:00Z,47444.99178314209,0.0,41.2,0.0
2025-02-22T04:00Z,48042.354011535645,0.0,49.15,0.0
2025-02-22T05:00Z,49603.663566589355,19.979914529914524,49.11,0.0
2025-02-22T06:00Z,51737.207290649414,19.979914529914524,61.22,0.0
2025-02-22T07:00Z,55197.67578125,19.979914529914527,68.25,0.0
2025-02-22T08:00Z,57910.16566467285,19.979914529914527,67.74,0.0
2025-02-22T09:00Z,58839.66323852539,19.979914529914524,53.21,0.0
2025-02-22T10:00Z,59328.48250579834,35.930899999999994,47.13,0.0
2025-02-22T11:00Z,59352.53709411621,35.9309,40.4,0.0
2025-02-22T12:00Z,57175.02328491211,20.21801336529556,52.69,0.0
2025-02-22T13:00Z,54309.30477142334,21.324754617468464,68.0,0.0
2025-02-22T14:00Z,53396.128997802734,81.86080139670645,85.6,0.0
2025-02-22T15:00Z,54204.14806365967,89.12174847060206,100.95,0.0
2025-02-22T16:00Z,57243.648010253906,96.27261728008675,108.38,0.0
2025-02-22T17:00Z,59899.90148162842,97.07137775031268,106.98,0.0
2025-02-22T18:00Z,58102.90550994873,96.27261728008675,115.18,0.0
2025-02-22T19:00Z,54787.66325378418,89.71074390243903,103.0,0.0
2025-02-22T20:00Z,52080.94397735596,87.8605134487122,101.58,0.0
2025-02-22T21:00Z,50363.08043670654,87.8605134487122,94.27,0.0
2025-02-22T22:00Z,47369.731758117676,35.93090000000001,83.51,0.0
2025-02-22T23:00Z,44108.075508117676,35.930899999999994,91.1,0.0
2025-02-23T00:00Z,41842.00646972656,35.930899999999994,84.99,0.0
2025-02-23T01:00Z,40732.69902801514,81.67000276243094,86.21,0.0
2025-02-23T02:00Z,40740.336975097656,87.8605134487122,83.63,0.0
2025-02-23T03:00Z,40846.65119934082,87.8605134487122,85.77,0.0
2025-02-23T04:00Z,41134.28723907471,87.8605134487122,87.33,0.0
2025-02-23T05:00Z,42112.48700714111,92.54273178553254,87.7,0.0
2025-02-23T06:00Z,44244.412506103516,96.27261728008675,108.0,0.0
2025-02-23T07:00Z,47007.574714660645,97.07137775031268,112.24,0.0
2025-02-23T08:00Z,49592.4507522583,97.07137775031268,99.35,0.0
2025-02-23T09:00Z,52233.37350463867,96.27261728008675,83.0,0.0
2025-02-23T10:00Z,54259.37024688721,97.07137775031268,81.5,0.0
2025-02-23T11:00Z,53388.12976074219,96.27261728008675,71.12,0.0
2025-02-23T12:00Z,50818.9105758667,89.12174847060206,69.2,0.0
2025-02-23T13:00Z,49340.73352050781,87.8605134487122,64.75,0.0
2025-02-23T14:00Z,47974.40069580078,94.87131662251792,69.11,0.0
2025-02-23T15:00Z,48560.523025512695,96.27261728008675,84.7,0.0
2025-02-23T16:00Z,51766.19171142578,98.22129346317297,150.45,0.0
2025-02-23T17:00Z,55412.588233947754,100.61690625,154.69,0.0
2025-02-23T18:00Z,54817.54090881348,99.27364890966956,117.02,0.0
2025-02-23T19:00Z,53032.8219909668,97.85956206066555,96.03,0.0
2025-02-23T20:00Z,51307.507247924805,96.27261728008675,77.32,0.0
2025-02-23T21:00Z,50145.82897949219,94.87131662251792,73.81,0.0
2025-02-23T22:00Z,47696.497245788574,35.93090000000001,65.99,0.0
2025-02-23T23:00Z,46100.83174133301,20.437413077687253,70.83,0.0
2025-02-24T00:00Z,44791.17418670654,19.979914529914527,67.99,0.0
2025-02-24T01:00Z,44914.6319732666,19.979914529914524,40.98,0.0
2025-02-24T02:00Z,45873.20827484131,19.979914529914524,37.1,0.0
2025-02-24T03:00Z,47658.47270965576,19.979914529914524,65.34,0.0
2025-02-24T04:00Z,51586.33750152588,20.174743021012397,70.03,0.0
2025-02-24T05:00Z,60043.686782836914,81.67000276243094,81.0,0.0
2025-02-24T06:00Z,65742.42872619629,87.8605134487122,84.8,0.0
2025-02-24T07:00Z,68763.72343444824,89.12174847060206,106.68,0.0
2025-02-24T08:00Z,69748.3285446167,81.86080139670645,93.26,0.0
2025-02-24T09:00Z,69719.70021057129,20.21801336529556,79.04,0.0
2025-02-24T10:00Z,69532.16997528076,35.9309,83.44,0.0
2025-02-24T11:00Z,68877.97849273682,19.97991452991453,81.63,0.0
2025-02-24T12:00Z,67900.30995941162,19.979914529914524,83.0,0.0
2025-02-24T13:00Z,65848.01970672607,0.0,86.4,0.0
2025-02-24T14:00Z,65209.69054412842,19.979914529914524,92.55,0.0
2025-02-24T15:00Z,65050.34777069092,19.979914529914527,100.7,0.0
2025-02-24T16:00Z,67075.62226867676,35.9309,112.94,0.0
2025-02-24T17:00Z,68998.11193084717,81.86080139670645,137.81,0.0
2025-02-24T18:00Z,67991.77723693848,81.86080139670645,148.71,0.0
2025-02-24T19:00Z,64224.29122161865,35.9309,129.27,0.0
2025-02-24T20:00Z,60747.614196777344,35.9309,112.29,0.0
2025-02-24T21:00Z,56547.67274475098,35.93090000000001,112.9,0.0
2025-02-24T22:00Z,52861.08834075928,89.71074390243903,106.48,0.0
2025-02-24T23:00Z,49560.85498046875,87.8605134487122,90.6,0.0
2025-02-25T00:00Z,47656.06551361084,89.71074390243903,89.91,0.0
2025-02-25T01:00Z,46803.10549926758,96.27261728008675,93.39,0.0
2025-02-25T02:00Z,47022.140548706055,96.27261728008675,93.86,0.0
2025-02-25T03:00Z,47922.1365814209,97.07137775031268,97.43,0.0
2025-02-25T04:00Z,51671.158683776855,98.22129346317297,105.78,0.0
2025-02-25T05:00Z,59255.44078063965,100.61690625,144.87,0.0
2025-02-25T06:00Z,63996.28620147705,110.70326512405268,167.16,0.0
2025-02-25T07:00Z,65539.09809875488,110.70326512405268,173.34,0.0
2025-02-25T08:00Z,65943.2552947998,110.70326512405268,153.73,0.0
2025-02-25T09:00Z,66722.97971343994,100.66654331474969,140.36,0.0
2025-02-25T10:00Z,66560.40528869629,100.66654331474969,126.75,0.0
2025-02-25T11:00Z,65627.63711547852,100.61690625,124.63,0.0
2025-02-25T12:00Z,65312.54002380371,100.66654331474969,125.81,0.0
2025-02-25T13:00Z,64038.84368133545,100.66654331474969,134.38,0.0
2025-02-25T14:00Z,62588.63049316406,110.70326512405268,148.34,0.0
2025-02-25T15:00Z,62242.60117340088,110.70326512405268,170.68,0.0
2025-02-25T16:00Z,63714.73250579834,115.60662378739066,207.97,0.0
2025-02-25T17:00Z,65953.67999267578,116.64938355451135,233.05,0.0
2025-02-25T18:00Z,64944.131996154785,115.60662378739066,188.09,0.0
2025-02-25T19:00Z,61714.299812316895,115.60662378739066,156.96,0.0
2025-02-25T20:00Z,58557.94632720947,110.70326512405268,142.47,0.0
2025-02-25T21:00Z,55028.65060424805,110.70326512405268,129.46,0.0
2025-02-25T22:00Z,51254.20528411865,110.70326512405268,115.13,0.0
2025-02-25T23:00Z,49095.860427856445,107.14837644051812,122.99,0.0
2025-02-26T00:00Z,47775.83477783203,100.66654331474969,119.82,0.0
2025-02-26T01:00Z,46811.919578552246,100.61690625,116.94,0.0
2025-02-26T02:00Z,47286.4829788208,100.61690625,115.98,0.0
2025-02-26T03:00Z,48619.839210510254,100.61690625,116.56,0.0
2025-02-26T04:00Z,52136.51421356201,100.66654331474969,117.27,0.0
2025-02-26T05:00Z,59211.78559875488,110.70326512405268,132.65,0.0
2025-02-26T06:00Z,64585.62797546387,110.70326512405268,159.93,0.0
2025-02-26T07:00Z,66940.3604888916,113.63949367666063,175.19,0.0
2025-02-26T08:00Z,67714.72548675537,110.70326512405268,160.22,0.0
2025-02-26T09:00Z,68343.38344573975,110.70326512405268,141.37,0.0
2025-02-26T10:00Z,68320.65724945068,110.70326512405268,129.95,0.0
2025-02-26T11:00Z,68158.35554504395,110.70326512405268,120.53,0.0
2025-02-26T12:00Z,67046.61846923828,110.70326512405268,119.89,0.0
2025-02-26T13:00Z,65674.17673492432,110.70326512405268,125.12,0.0
2025-02-26T14:00Z,64751.81002044678,110.70326512405268,132.9,0.0
2025-02-26T15:00Z,64043.50126647949,110.70326512405268,149.75,0.0
2025-02-26T16:00Z,65337.4849319458,110.70326512405268,165.01,0.0
2025-02-26T17:00Z,67011.30895996094,115.60662378739066,172.57,0.0
2025-02-26T18:00Z,66265.0562210083,115.60662378739066,162.82,0.0
2025-02-26T19:00Z,63121.14246368408,110.70326512405268,147.38,0.0
2025-02-26T20:00Z,59997.65670013428,107.14837644051812,118.44,0.0
2025-02-26T21:00Z,56920.77094268799,99.27364890966956,120.94,0.0
2025-02-26T22:00Z,53977.518058776855,97.07137775031268,112.46,0.0
2025-02-26T23:00Z,51031.17901611328,96.27261728008675,101.48,0.0
2025-02-27T00:00Z,49322.83553314209,96.27261728008675,103.81,0.0
2025-02-27T01:00Z,49151.014251708984,96.27261728008675,101.24,0.0
2025-02-27T02:00Z,49771.36382293701,96.27261728008675,99.6,0.0
2025-02-27T03:00Z,50853.528579711914,97.07137775031268,100.43,0.0
2025-02-27T04:00Z,53665.33132171631,98.22129346317297,105.87,0.0
2025-02-27T05:00Z,60473.19302368164,100.61690625,115.18,0.0
2025-02-27T06:00Z,65114.0207824707,107.14837644051812,152.32,0.0
2025-02-27T07:00Z,67339.26572418213,110.70326512405268,159.05,0.0
2025-02-27T08:00Z,67773.44275665283,110.70326512405268,142.58,0.0
2025-02-27T09:00Z,67974.41851043701,107.14837644051812,129.94,0.0
2025-02-27T10:00Z,68341.82263946533,110.70326512405268,110.0,0.0
2025-02-27T11:00Z,66620.934715271,100.66654331474969,101.1,0.0
2025-02-27T12:00Z,65640.39932250977,100.61690625,109.25,0.0
2025-02-27T13:00Z,64273.00173187256,100.66654331474969,110.0,0.0
2025-02-27T14:00Z,63212.24947357178,107.14837644051812,123.0,0.0
2025-02-27T15:00Z,63280.29473114014,110.70326512405268,142.62,0.0
2025-02-27T16:00Z,64761.367431640625,110.70326512405268,158.69,0.0
2025-02-27T17:00Z,67039.85989379883,115.60662378739066,174.71,0.0
2025-02-27T18:00Z,66375.83797454834,115.60662378739066,163.17,0.0
2025-02-27T19:00Z,62914.768966674805,113.63949367666063,144.61,0.0
2025-02-27T20:00Z,59368.56105804443,110.70326512405268,136.54,0.0
2025-02-27T21:00Z,56202.57173919678,110.70326512405268,124.69,0.0
2025-02-27T22:00Z,52931.76222229004,110.70326512405268,114.89,0.0
2025-02-27T23:00Z,50023.168937683105,100.66654331474969,115.47,0.0
2025-02-28T00:00Z,48892.403144836426,100.61690625,110.54,0.0
2025-02-28T01:00Z,48919.0830078125,99.27364890966956,109.38,0.0
2025-02-28T02:00Z,49167.73425292969,99.27364890966956,106.93,0.0
2025-02-28T03:00Z,49804.225494384766,100.61690625,112.03,0.0
2025-02-28T04:00Z,52572.977531433105,100.66654331474969,112.63,0.0
2025-02-28T05:00Z,58978.79381561279,110.70326512405268,135.99,0.0
2025-02-28T06:00Z,63855.17321777344,110.70326512405268,150.0,0.0
2025-02-28T07:00Z,66763.82721710205,110.70326512405268,161.82,0.0
2025-02-28T08:00Z,67546.85865020752,110.70326512405268,145.5,0.0
2025-02-28T09:00Z,68151.85024261475,110.70326512405268,127.7,0.0
2025-02-28T10:00Z,68107.43948364258,100.66654331474969,115.97,0.0
2025-02-28T11:00Z,67837.80879974365,100.61690625,109.51,0.0
2025-02-28T12:00Z,66113.18928527832,99.27364890966956,108.57,0.0
2025-02-28T13:00Z,64224.1180267334,98.22129346317297,111.58,0.0
2025-02-28T14:00Z,63095.142013549805,98.22129346317297,125.57,0.0
2025-02-28T15:00Z,63158.0650100708,100.61690625,135.05,0.0
2025-02-28T16:00Z,64292.15789794922,110.70326512405268,152.85,0.0
2025-02-28T17:00Z,65757.24496459961,110.70326512405268,161.24,0.0
2025-02-28T18:00Z,64290.68143463135,110.70326512405268,158.86,0.0
2025-02-28T19:00Z,61097.414207458496,110.70326512405268,143.96,0.0
2025-02-28T20:00Z,57861.006759643555,110.70326512405268,132.94,0.0
2025-02-28T21:00Z,55136.27520751953,110.70326512405268,127.43,0.0
2025-02-28T22:00Z,51334.17120361328,100.66654331474969,119.03,0.0
2025-02-28T23:00Z,48419.497215270996,100.61690625,128.19,0.0
2025-03-01T00:00Z,46603.036476135254,100.61690625,120.38,0.0
2025-03-01T01:00Z,45714.92519378662,100.61690625,117.09,0.0
2025-03-01T02:00Z,45437.4404296875,100.61690625,112.15,0.0
2025-03-01T03:00Z,45708.75503540039,100.61690625,109.75,0.0
2025-03-01T04:00Z,46131.3737411499,100.61690625,114.38,0.0
2025-03-01T05:00Z,47362.464988708496,100.61690625,118.86,0.0
2025-03-01T06:00Z,49581.4740524292,107.14837644051812,135.79,0.0
2025-03-01T07:00Z,52729.788513183594,110.70326512405268,138.79,0.0
2025-03-01T08:00Z,55662.67346191406,110.70326512405268,137.74,0.0
2025-03-01T09:00Z,57819.500747680664,100.66654331474969,125.08,0.0
2025-03-01T10:00Z,59415.685287475586,100.61690625,112.11,0.0
2025-03-01T11:00Z,58079.94432067871,99.27364890966956,102.21,0.0
2025-03-01T12:00Z,55901.1183013916,98.22129346317297,97.27,0.0
2025-03-01T13:00Z,54694.8670501709,98.22129346317297,99.39,0.0
2025-03-01T14:00Z,54161.204528808594,98.22129346317297,109.23,0.0
2025-03-01T15:00Z,53935.52981567383,98.22129346317297,125.41,0.0
2025-03-01T16:00Z,56200.33805847168,100.66654331474969,145.0,0.0
2025-03-01T17:00Z,58517.36547088623,110.70326512405268,158.55,0.0
2025-03-01T18:00Z,57370.058334350586,107.14837644051812,150.78,0.0
2025-03-01T19:00Z,54599.28723907471,100.66654331474969,137.29,0.0
2025-03-01T20:00Z,52613.011306762695,100.61690625,128.6,0.0
2025-03-01T21:00Z,51279.85828399658,99.27364890966956,123.57,0.0
2025-03-01T22:00Z,49031.89405822754,99.27364890966956,119.92,0.0
2025-03-01T23:00Z,46116.72222137451,98.22129346317297,123.94,0.0
2025-03-02T00:00Z,44525.180488586426,97.85956206066555,107.54,0.0
2025-03-02T01:00Z,43510.58473968506,97.07137775031268,99.32,0.0
2025-03-02T02:00Z,43574.29348754883,97.07137775031268,93.01,0.0
2025-03-02T03:00Z,44241.76942443848,97.07137775031268,94.23,0.0
2025-03-02T04:00Z,44074.67046356201,96.27261728008675,93.98,0.0
2025-03-02T05:00Z,44612.13935089111,96.27261728008675,95.89,0.0
2025-03-02T06:00Z,46020.52466583252,97.07137775031268,102.6,0.0
2025-03-02T07:00Z,48865.33597564697,97.07137775031268,103.11,0.0
2025-03-02T08:00Z,52288.6925201416,97.07137775031268,89.0,0.0
2025-03-02T09:00Z,53749.53687286377,96.27261728008675,68.3,0.0
2025-03-02T10:00Z,54889.914726257324,96.27261728008675,49.0,0.0
2025-03-02T11:00Z,53734.43323516846,35.93090000000001,27.5,0.0
2025-03-02T12:00Z,50990.9845123291,19.979914529914527,3.13,0.0
2025-03-02T13:00Z,49056.310554504395,19.979914529914524,2.84,0.0
2025-03-02T14:00Z,48806.70602416992,19.979914529914524,50.73,0.0
2025-03-02T15:00Z,49590.8381729126,35.93090000000001,80.43,0.0
2025-03-02T16:00Z,53298.360290527344,97.07137775031268,126.55,0.0
2025-03-02T17:00Z,56362.25867462158,99.27364890966956,143.09,0.0
2025-03-02T18:00Z,56564.40872955322,100.61690625,146.1,0.0
2025-03-02T19:00Z,54316.128814697266,98.22129346317297,132.98,0.0
2025-03-02T20:00Z,53094.11302947998,97.85956206066555,120.0,0.0
2025-03-02T21:00Z,52427.43299865723,97.85956206066555,120.79,0.0
2025-03-02T22:00Z,50401.28169250488,97.07137775031268,112.78,0.0
2025-03-02T23:00Z,48385.42274475098,97.07137775031268,108.01,0.0
2025-03-03T00:00Z,47259.56831359863,97.07137775031268,103.69,0.0
2025-03-03T01:00Z,46836.418785095215,96.27261728008675,102.79,0.0
2025-03-03T02:00Z,47443.794677734375,96.27261728008675,99.7,0.0
2025-03-03T03:00Z,49347.188484191895,96.27261728008675,103.37,0.0
2025-03-03T04:00Z,52549.162857055664,97.07137775031268,116.7,0.0
2025-03-03T05:00Z,59629.964698791504,98.22129346317297,137.51,0.0
2025-03-03T06:00Z,63913.93776702881,98.22129346317297,163.0,0.0
2025-03-03T07:00Z,66322.35869598389,98.22129346317297,147.52,0.0
2025-03-03T08:00Z,67226.58848571777,97.07137775031268,106.74,0.0
2025-03-03T09:00Z,66858.19826507568,96.27261728008675,72.39,0.0
2025-03-03T10:00Z,66128.65547180176,94.87131662251792,6.4,0.0
2025-03-03T11:00Z,64197.26651763916,35.9309,0.33,0.0
2025-03-03T12:00Z,62280.81945037842,20.174743021012397,0.01,0.0
2025-03-03T13:00Z,61095.53958892822,19.979914529914527,61.4,0.0
2025-03-03T14:00Z,60682.34396362305,21.324754617468464,84.1,0.0
2025-03-03T15:00Z,60686.83120727539,89.71074390243903,106.36,0.0
2025-03-03T16:00Z,63304.43395233154,97.85956206066555,148.79,0.0
2025-03-03T17:00Z,66395.05676269531,100.66654331474969,183.95,0.0
2025-03-03T18:00Z,65939.5359954834,107.14837644051812,175.93,0.0
2025-03-03T19:00Z,62869.350242614746,100.61690625,150.49,0.0
2025-03-03T20:00Z,59896.3599319458,99.27364890966956,128.21,0.0
2025-03-03T21:00Z,57092.564781188965,98.22129346317297,124.93,0.0
2025-03-03T22:00Z,54035.79401397705,98.22129346317297,122.46,0.0
2025-03-03T23:00Z,51830.56022644043,98.22129346317297,121.0,0.0
2025-03-04T00:00Z,50208.19006347656,97.85956206066555,109.44,0.0
2025-03-04T01:00Z,49832.71076965332,97.85956206066555,103.79,0.0
2025-03-04T02:00Z,50064.38549041748,97.85956206066555,104.82,0.0
2025-03-04T03:00Z,51955.15603637695,98.22129346317297,100.28,0.0
2025-03-04T04:00Z,55802.256759643555,98.22129346317297,111.51,0.0
2025-03-04T05:00Z,62544.774421691895,100.61690625,141.86,0.0
2025-03-04T06:00Z,66312.37260437012,100.61690625,169.61,0.0
2025-03-04T07:00Z,68800.48575592041,100.66654331474969,141.95,0.0
2025-03-04T08:00Z,68653.68225860596,99.27364890966956,110.98,0.0
2025-03-04T09:00Z,68789.48974609375,97.85956206066555,80.02,0.0
2025-03-04T10:00Z,67681.82074737549,96.27261728008675,48.58,0.0
2025-03-04T11:00Z,65501.06053161621,87.8605134487122,20.53,0.0
2025-03-04T12:00Z,63399.49223327637,20.437413077687253,14.34,0.0
2025-03-04T13:00Z,61635.30871582031,20.179071574532003,52.31,0.0
2025-03-04T14:00Z,60541.73876953125,35.9309,81.29,0.0
2025-03-04T15:00Z,60932.51931762695,92.54273178553254,111.15,0.0
2025-03-04T16:00Z,64725.04480743408,97.85956206066555,148.61,0.0
2025-03-04T17:00Z,67940.69678497314,100.66654331474969,180.92,0.0
2025-03-04T18:00Z,67628.7702331543,100.66654331474969,163.67,0.0
2025-03-04T19:00Z,64176.466484069824,99.27364890966956,134.13,0.0
2025-03-04T20:00Z,60976.25944519043,98.22129346317297,114.38,0.0
2025-03-04T21:00Z,58247.258529663086,97.07137775031268,114.41,0.0
2025-03-04T22:00Z,54602.77646636963,96.27261728008675,106.81,0.0
2025-03-04T23:00Z,51871.26681518555,92.54273178553254,90.05,0.0
2025-03-05T00:00Z,50581.58667755127,87.8605134487122,83.07,0.0
2025-03-05T01:00Z,50108.30726623535,81.86080139670645,83.01,0.0
2025-03-05T02:00Z,50357.13270568848,35.93090000000001,79.71,0.0
2025-03-05T03:00Z,51973.05554199219,35.93090000000001,81.63,0.0
2025-03-05T04:00Z,55588.50019073486,87.8605134487122,91.94,0.0
2025-03-05T05:00Z,62995.62548828125,96.27261728008675,115.57,0.0
2025-03-05T06:00Z,67155.99649810791,97.07137775031268,140.16,0.0
2025-03-05T07:00Z,69482.83122253418,96.27261728008675,85.64,0.0
2025-03-05T08:00Z,68974.69686126709,81.86080139670645,41.63,0.0
2025-03-05T09:00Z,66860.17671966553,20.179071574532003,0.02,0.0
2025-03-05T10:00Z,64654.33023071289,19.979914529914527,-0.07,0.0
2025-03-05T11:00Z,62018.21196746826,-5.0,-4.28,0.0
2025-03-05T12:00Z,60848.770935058594,-5.0,-3.7,0.0
2025-03-05T13:00Z,61701.3892288208,0.0,0.05,0.0
2025-03-05T14:00Z,61324.18836975098,19.979914529914524,48.5,0.0
2025-03-05T15:00Z,61680.171966552734,21.324754617468464,89.89,0.0
2025-03-05T16:00Z,65273.55381774902,96.27261728008675,133.13,0.0
2025-03-05T17:00Z,68868.79128265381,98.22129346317297,146.23,0.0
2025-03-05T18:00Z,69336.41045379639,98.22129346317297,145.89,0.0
2025-03-05T19:00Z,65411.73896789551,97.85956206066555,123.0,0.0
2025-03-05T20:00Z,61892.87297821045,97.07137775031268,108.12,0.0
2025-03-05T21:00Z,58762.25746154785,97.07137775031268,109.12,0.0
2025-03-05T22:00Z,54669.27857208252,96.27261728008675,96.98,0.0
2025-03-05T23:00Z,52019.92520904541,94.87131662251792,83.9,0.0
2025-03-06T00:00Z,50562.2082824707,89.71074390243903,84.84,0.0
2025-03-06T01:00Z,49441.07974243164,89.12174847060206,87.0,0.0
2025-03-06T02:00Z,49254.931579589844,94.87131662251792,88.12,0.0
2025-03-06T03:00Z,50569.21227264404,96.27261728008675,94.56,0.0
2025-03-06T04:00Z,54033.62300109863,97.07137775031268,95.91,0.0
2025-03-06T05:00Z,61071.56016540527,98.22129346317297,139.28,0.0
2025-03-06T06:00Z,65023.455070495605,99.27364890966956,151.32,0.0
2025-03-06T07:00Z,67090.50959777832,99.27364890966956,108.5,0.0
2025-03-06T08:00Z,67282.43151855469,97.85956206066555,78.7,0.0
2025-03-06T09:00Z,66071.81081390381,97.07137775031268,50.47,0.0
2025-03-06T10:00Z,64496.657371520996,96.27261728008675,4.02,0.0
2025-03-06T11:00Z,61982.92794799805,89.12174847060206,0.08,0.0
2025-03-06T12:00Z,60408.9507522583,81.86080139670645,0.02,0.0
2025-03-06T13:00Z,59733.1950378418,87.8605134487122,13.16,0.0
2025-03-06T14:00Z,58892.15148162842,96.27261728008675,71.0,0.0
2025-03-06T15:00Z,59135.12325286865,97.07137775031268,116.52,0.0
2025-03-06T16:00Z,62542.76454925537,100.61690625,148.95,0.0
2025-03-06T17:00Z,64992.25075531006,110.70326512405268,165.36,0.0
2025-03-06T18:00Z,64514.82598114014,110.70326512405268,149.1,0.0
2025-03-06T19:00Z,60790.642433166504,100.61690625,125.64,0.0
2025-03-06T20:00Z,57528.796058654785,98.22129346317297,106.63,0.0
2025-03-06T21:00Z,54253.51600646973,97.85956206066555,101.47,0.0
2025-03-06T22:00Z,51249.27272796631,97.85956206066555,91.11,0.0
2025-03-06T23:00Z,48046.725242614746,97.07137775031268,90.27,0.0
2025-03-07T00:00Z,46523.32766723633,97.07137775031268,90.27,0.0
2025-03-07T01:00Z,45513.843490600586,97.07137775031268,91.38,0.0
2025-03-07T02:00Z,46001.113525390625,97.07137775031268,91.69,0.0
2025-03-07T03:00Z,48068.897033691406,97.85956206066555,99.0,0.0
2025-03-07T04:00Z,51798.32253265381,98.22129346317297,115.17,0.0
2025-03-07T05:00Z,58414.26944732666,100.61690625,135.67,0.0
2025-03-07T06:00Z,62590.71057128906,107.14837644051812,147.7,0.0
2025-03-07T07:00Z,64633.55457305908,100.66654331474969,122.23,0.0
2025-03-07T08:00Z,65210.40425109863,98.22129346317297,83.0,0.0
2025-03-07T09:00Z,64039.97501373291,97.85956206066555,65.3,0.0
2025-03-07T10:00Z,62100.24752807617,97.07137775031268,31.81,0.0
2025-03-07T11:00Z,60193.65953063965,96.27261728008675,12.79,0.0
2025-03-07T12:00Z,57699.119201660156,94.87131662251792,8.08,0.0
2025-03-07T13:00Z,56008.099769592285,94.87131662251792,37.06,0.0
2025-03-07T14:00Z,55990.74646759033,96.27261728008675,90.15,0.0
2025-03-07T15:00Z,56744.58423614502,98.22129346317297,126.99,0.0
2025-03-07T16:00Z,59462.14697265625,107.14837644051812,149.91,0.0
2025-03-07T17:00Z,61902.5682220459,110.70326512405268,216.64,0.0
2025-03-07T18:00Z,61401.45182800293,113.63949367666063,178.68,0.0
2025-03-07T19:00Z,57654.91599273682,110.70326512405268,148.7,0.0
2025-03-07T20:00Z,54330.42601776123,110.70326512405268,132.4,0.0
2025-03-07T21:00Z,51412.832748413086,110.70326512405268,119.11,0.0
2025-03-07T22:00Z,48199.877502441406,100.66654331474969,111.83,0.0
2025-03-07T23:00Z,45878.5922164917,100.61690625,124.97,0.0
2025-03-08T00:00Z,44265.31320953369,100.61690625,113.94,0.0
2025-03-08T01:00Z,43180.38953399658,99.27364890966956,117.22,0.0
2025-03-08T02:00Z,43019.553970336914,99.27364890966956,116.76,0.0
2025-03-08T03:00Z,43700.27347564697,99.27364890966956,118.42,0.0
2025-03-08T04:00Z,44236.025230407715,100.61690625,121.3,0.0
2025-03-08T05:00Z,45567.97180175781,100.61690625,127.82,0.0
2025-03-08T06:00Z,48162.02801513672,100.66654331474969,120.59,0.0
2025-03-08T07:00Z,51228.2064743042,100.61690625,98.04,0.0
2025-03-08T08:00Z,53343.76625061035,97.85956206066555,72.54,0.0
2025-03-08T09:00Z,53190.650733947754,96.27261728008675,18.05,0.0
2025-03-08T10:00Z,52151.00596618652,89.71074390243903,2.07,0.0
2025-03-08T11:00Z,50308.47675323486,35.93090000000001,-0.34,0.0
2025-03-08T12:00Z,48153.57302856445,20.21801336529556,-0.1,0.0
2025-03-08T13:00Z,46477.546546936035,19.97991452991453,0.07,0.0
2025-03-08T14:00Z,46222.66972351074,21.324754617468464,56.2,0.0
2025-03-08T15:00Z,47184.10202026367,87.8605134487122,100.86,0.0
2025-03-08T16:00Z,50931.39598083496,96.27261728008675,145.58,0.0
2025-03-08T17:00Z,54609.697006225586,97.07137775031268,174.05,0.0
2025-03-08T18:00Z,54501.94625854492,96.27261728008675,140.03,0.0
2025-03-08T19:00Z,51976.35330200195,94.87131662251792,111.21,0.0
2025-03-08T20:00Z,49353.32804107666,87.8605134487122,100.0,0.0
2025-03-08T21:00Z,47364.18943023682,87.8605134487122,99.24,0.0
2025-03-08T22:00Z,44587.392753601074,81.86080139670645,97.94,0.0
2025-03-08T23:00Z,42024.48690032959,81.86080139670645,95.19,0.0
2025-03-09T00:00Z,40469.53420257568,87.8605134487122,94.81,0.0
2025-03-09T01:00Z,39749.74433135986,89.12174847060206,94.44,0.0
2025-03-09T02:00Z,39521.90573120117,94.87131662251792,96.51,0.0
2025-03-09T03:00Z,40035.17374420166,96.27261728008675,98.67,0.0
2025-03-09T04:00Z,40241.58670806885,96.27261728008675,101.51,0.0
2025-03-09T05:00Z,41018.21523284912,96.27261728008675,100.0,0.0
2025-03-09T06:00Z,43070.35675048828,96.27261728008675,93.01,0.0
2025-03-09T07:00Z,46550.48881530762,96.27261728008675,65.4,0.0
2025-03-09T08:00Z,49390.485511779785,96.27261728008675,29.27,0.0
2025-03-09T09:00Z,50642.572036743164,87.8605134487122,10.1,0.0
2025-03-09T10:00Z,49917.65394592285,35.9309,0.03,0.0
2025-03-09T11:00Z,48316.21376037598,20.174743021012397,-2.26,0.0
2025-03-09T12:00Z,46260.33647918701,19.979914529914527,-2.04,0.0
2025-03-09T13:00Z,45516.71504974365,19.979914529914527,0.09,0.0
2025-03-09T14:00Z,45014.63173675537,21.324754617468464,17.39,0.0
2025-03-09T15:00Z,46226.970275878906,87.8605134487122,90.56,0.0
2025-03-09T16:00Z,50915.94326019287,97.07137775031268,125.74,0.0
2025-03-09T17:00Z,54558.210540771484,99.27364890966956,135.37,0.0
2025-03-09T18:00Z,54386.33381652832,100.61690625,136.7,0.0
2025-03-09T19:00Z,52157.473960876465,99.27364890966956,130.2,0.0
2025-03-09T20:00Z,50054.598777770996,99.27364890966956,122.7,0.0
2025-03-09T21:00Z,49157.34900665283,100.61690625,112.8,0.0
2025-03-09T22:00Z,46317.52101898193,100.61690625,106.83,0.0
2025-03-09T23:00Z,44148.63750457764,100.61690625,96.83,0.0
2025-03-10T00:00Z,42417.304542541504,99.27364890966956,94.92,0.0
2025-03-10T01:00Z,41940.80400085449,99.27364890966956,96.7,0.0
2025-03-10T02:00Z,42600.52906036377,100.61690625,96.87,0.0
2025-03-10T03:00Z,44695.61203765869,100.61690625,94.65,0.0
2025-03-10T04:00Z,48741.42403411865,107.14837644051812,106.37,0.0
2025-03-10T05:00Z,56537.622734069824,110.70326512405268,148.49,0.0
2025-03-10T06:00Z,61625.33582305908,113.63949367666063,159.75,0.0
2025-03-10T07:00Z,64092.613945007324,110.70326512405268,133.96,0.0
2025-03-10T08:00Z,64863.74050140381,110.70326512405268,98.88,0.0
2025-03-10T09:00Z,64213.59133148193,100.66654331474969,84.38,0.0
2025-03-10T10:00Z,63697.73377990723,98.22129346317297,77.88,0.0
2025-03-10T11:00Z,63088.420486450195,98.22129346317297,76.02,0.0
2025-03-10T12:00Z,61565.56351470947,97.85956206066555,77.32,0.0
2025-03-10T13:00Z,60827.451499938965,98.22129346317297,83.91,0.0
2025-03-10T14:00Z,60259.35804748535,98.22129346317297,97.47,0.0
2025-03-10T15:00Z,60177.25719451904,100.61690625,127.47,0.0
2025-03-10T16:00Z,62282.21660614014,110.70326512405268,147.97,0.0
2025-03-10T17:00Z,64455.96499633789,110.70326512405268,174.92,0.0
2025-03-10T18:00Z,63874.03551483154,110.70326512405268,160.24,0.0
2025-03-10T19:00Z,60496.62572479248,110.70326512405268,142.14,0.0
2025-03-10T20:00Z,57008.66906738281,107.14837644051812,126.59,0.0
2025-03-10T21:00Z,53595.1650390625,103.30365845824412,106.88,0.0
2025-03-10T22:00Z,50169.87752532959,100.61690625,97.97,0.0
2025-03-10T23:00Z,47925.043029785156,100.61690625,104.39,0.0
2025-03-11T00:00Z,46979.917221069336,100.61690625,101.8,0.0
2025-03-11T01:00Z,46440.669662475586,100.61690625,99.73,0.0
2025-03-11T02:00Z,46874.53347015381,100.61690625,100.5,0.0
2025-03-11T03:00Z,48473.01493835449,100.66654331474969,102.53,0.0
2025-03-11T04:00Z,51534.547271728516,107.14837644051812,110.86,0.0
2025-03-11T05:00Z,58517.917137145996,110.70326512405268,148.04,0.0
2025-03-11T06:00Z,62779.577728271484,113.63949367666063,152.98,0.0
2025-03-11T07:00Z,65278.32970428467,115.60662378739066,146.49,0.0
2025-03-11T08:00Z,65817.90100860596,113.63949367666063,128.53,0.0
2025-03-11T09:00Z,66283.2403717041,110.70326512405268,102.0,0.0
2025-03-11T10:00Z,66195.83027648926,110.70326512405268,97.48,0.0
2025-03-11T11:00Z,64954.069480895996,100.66654331474969,96.44,0.0
2025-03-11T12:00Z,64313.835220336914,100.61690625,98.38,0.0
2025-03-11T13:00Z,63169.78401184082,99.27364890966956,102.35,0.0
2025-03-11T14:00Z,61848.561782836914,99.27364890966956,112.84,0.0
2025-03-11T15:00Z,61755.413986206055,100.61690625,132.86,0.0
2025-03-11T16:00Z,63527.44902801514,110.70326512405268,171.95,0.0
2025-03-11T17:00Z,65597.75047302246,113.63949367666063,205.02,0.0
2025-03-11T18:00Z,64807.614570617676,113.63949367666063,180.95,0.0
2025-03-11T19:00Z,60906.4987487793,110.70326512405268,149.43,0.0
2025-03-11T20:00Z,57429.93123626709,110.70326512405268,133.0,0.0
2025-03-11T21:00Z,53778.53052520752,100.66654331474969,121.25,0.0
2025-03-11T22:00Z,50475.064849853516,100.61690625,107.34,0.0
2025-03-11T23:00Z,48251.59445953369,98.22129346317297,101.73,0.0
2025-03-12T00:00Z,47256.70679473877,98.22129346317297,100.09,0.0
2025-03-12T01:00Z,46690.39453125,98.22129346317297,97.79,0.0
2025-03-12T02:00Z,47056.30117034912,98.22129346317297,97.38,0.0
2025-03-12T03:00Z,48220.34649658203,99.27364890966956,101.8,0.0
2025-03-12T04:00Z,51553.69403839111,100.66654331474969,110.31,0.0
2025-03-12T05:00Z,58927.96572113037,110.70326512405268,144.54,0.0
2025-03-12T06:00Z,63297.65175628662,110.70326512405268,161.64,0.0
2025-03-12T07:00Z,65869.40021514893,110.70326512405268,148.41,0.0
2025-03-12T08:00Z,66817.5776977539,110.70326512405268,125.0,0.0
2025-03-12T09:00Z,67323.1587600708,110.70326512405268,102.62,0.0
2025-03-12T10:00Z,67636.98498535156,110.70326512405268,99.69,0.0
2025-03-12T11:00Z,67649.53052520752,110.70326512405268,98.07,0.0
2025-03-12T12:00Z,67128.80180358887,110.70326512405268,99.91,0.0
2025-03-12T13:00Z,64764.51347351074,110.70326512405268,101.65,0.0
2025-03-12T14:00Z,63901.85820007324,110.70326512405268,117.74,0.0
2025-03-12T15:00Z,63724.41773223877,110.70326512405268,142.1,0.0
2025-03-12T16:00Z,65306.901206970215,113.63949367666063,157.03,0.0
2025-03-12T17:00Z,66755.55551147461,115.60662378739066,199.75,0.0
2025-03-12T18:00Z,66114.33876037598,115.60662378739066,179.49,0.0
2025-03-12T19:00Z,62340.886291503906,115.60662378739066,148.05,0.0
2025-03-12T20:00Z,58800.6647644043,110.70326512405268,132.2,0.0
2025-03-12T21:00Z,55727.62926483154,110.70326512405268,120.0,0.0
2025-03-12T22:00Z,52038.99002838135,107.14837644051812,109.91,0.0
2025-03-12T23:00Z,49379.595710754395,100.61690625,108.52,0.0
2025-03-13T00:00Z,47898.6047668457,100.61690625,102.25,0.0
2025-03-13T01:00Z,47369.12104034424,100.61690625,98.98,0.0
2025-03-13T02:00Z,48120.66774749756,100.66654331474969,96.71,0.0
2025-03-13T03:00Z,49767.323738098145,100.66654331474969,98.35,0.0
2025-03-13T04:00Z,53030.12422180176,110.70326512405268,105.88,0.0
2025-03-13T05:00Z,59725.59648895264,110.70326512405268,132.99,0.0
2025-03-13T06:00Z,63809.73480987549,115.60662378739066,159.87,0.0
2025-03-13T07:00Z,66061.15086364746,115.60662378739066,158.03,0.0
2025-03-13T08:00Z,66905.52722930908,110.70326512405268,148.13,0.0
2025-03-13T09:00Z,67716.28051757812,110.70326512405268,123.77,0.0
2025-03-13T10:00Z,67673.93692016602,110.70326512405268,110.7,0.0
2025-03-13T11:00Z,67633.8959274292,107.14837644051812,110.01,0.0
2025-03-13T12:00Z,66679.77253723145,107.14837644051812,108.22,0.0
2025-03-13T13:00Z,65932.70278167725,107.14837644051812,107.54,0.0
2025-03-13T14:00Z,64506.59875488281,107.14837644051812,109.99,0.0
2025-03-13T15:00Z,63961.22950744629,110.70326512405268,121.47,0.0
2025-03-13T16:00Z,65258.41855621338,110.70326512405268,142.65,0.0
2025-03-13T17:00Z,66790.16833496094,113.63949367666063,166.05,0.0
2025-03-13T18:00Z,66568.35474395752,115.60662378739066,173.47,0.0
2025-03-13T19:00Z,62999.12651824951,110.70326512405268,149.0,0.0
2025-03-13T20:00Z,59651.150970458984,110.70326512405268,135.69,0.0
2025-03-13T21:00Z,56564.8996887207,110.70326512405268,123.48,0.0
2025-03-13T22:00Z,52942.18501281738,110.70326512405268,111.63,0.0
2025-03-13T23:00Z,50254.21549987793,107.14837644051812,109.09,0.0
2025-03-14T00:00Z,48408.9030380249,100.66654331474969,106.0,0.0
2025-03-14T01:00Z,48440.77224731445,100.66654331474969,105.9,0.0
2025-03-14T02:00Z,48385.48326873779,100.66654331474969,103.83,0.0
2025-03-14T03:00Z,49909.45095825195,100.66654331474969,105.3,0.0
2025-03-14T04:00Z,53122.564445495605,110.70326512405268,113.99,0.0
2025-03-14T05:00Z,59568.45355987549,110.70326512405268,143.02,0.0
2025-03-14T06:00Z,64176.083335876465,115.60662378739066,155.11,0.0
2025-03-14T07:00Z,66555.1075515747,115.60662378739066,155.0,0.0
2025-03-14T08:00Z,67470.30149078369,110.70326512405268,132.09,0.0
2025-03-14T09:00Z,67596.32725524902,110.70326512405268,112.0,0.0
2025-03-14T10:00Z,67296.56591796875,110.70326512405268,106.35,0.0
2025-03-14T11:00Z,66889.91773223877,107.14837644051812,104.5,0.0
2025-03-14T12:00Z,65589.42496490479,100.66654331474969,104.59,0.0
2025-03-14T13:00Z,64398.06755065918,100.66654331474969,105.38,0.0
2025-03-14T14:00Z,63130.315002441406,100.61690625,109.39,0.0
2025-03-14T15:00Z,62975.06195831299,100.61690625,124.84,0.0
2025-03-14T16:00Z,64253.25370025635,110.70326512405268,146.44,0.0
2025-03-14T17:00Z,65390.95531463623,110.70326512405268,155.33,0.0
2025-03-14T18:00Z,64318.28578186035,110.70326512405268,150.91,0.0
2025-03-14T19:00Z,60887.83727264404,103.30365845824412,130.01,0.0
2025-03-14T20:00Z,57318.72995758057,100.61690625,111.39,0.0
2025-03-14T21:00Z,54347.79881286621,99.27364890966956,114.0,0.0
2025-03-14T22:00Z,51401.89447784424,98.22129346317297,105.17,0.0
2025-03-14T23:00Z,48272.51874542236,98.22129346317297,112.15,0.0
2025-03-15T00:00Z,46391.59828186035,97.85956206066555,103.14,0.0
2025-03-15T01:00Z,44510.83854675293,97.07137775031268,96.0,0.0
2025-03-15T02:00Z,44212.54175567627,97.07137775031268,89.9,0.0
2025-03-15T03:00Z,44239.86228942871,97.07137775031268,86.9,0.0
2025-03-15T04:00Z,44663.10675048828,97.07137775031268,90.55,0.0
2025-03-15T05:00Z,45727.024993896484,97.07137775031268,97.01,0.0
2025-03-15T06:00Z,48181.69822692871,97.85956206066555,99.42,0.0
2025-03-15T07:00Z,51298.37593841553,97.85956206066555,98.77,0.0
2025-03-15T08:00Z,54113.51477813721,97.85956206066555,86.4,0.0
2025-03-15T09:00Z,55766.551040649414,97.07137775031268,72.39,0.0
2025-03-15T10:00Z,56647.414237976074,97.07137775031268,67.16,0.0
2025-03-15T11:00Z,55814.96697998047,96.27261728008675,57.32,0.0
2025-03-15T12:00Z,53943.56271362305,96.27261728008675,48.0,0.0
2025-03-15T13:00Z,52080.86324310303,96.27261728008675,54.51,0.0
2025-03-15T14:00Z,51474.083572387695,96.27261728008675,70.8,0.0
2025-03-15T15:00Z,52048.108711242676,96.27261728008675,84.24,0.0
2025-03-15T16:00Z,54571.231506347656,98.22129346317297,121.91,0.0
2025-03-15T17:00Z,56686.20771026611,99.27364890966956,130.3,0.0
2025-03-15T18:00Z,56196.82499694824,99.27364890966956,132.96,0.0
2025-03-15T19:00Z,53036.5795211792,98.22129346317297,121.46,0.0
2025-03-15T20:00Z,50446.33000946045,98.22129346317297,108.5,0.0
2025-03-15T21:00Z,48767.35482788086,98.22129346317297,105.02,0.0
2025-03-15T22:00Z,46631.53754425049,98.22129346317297,95.25,0.0
2025-03-15T23:00Z,43989.92273712158,97.85956206066555,90.01,0.0
2025-03-16T00:00Z,42352.312255859375,97.07137775031268,85.79,0.0
2025-03-16T01:00Z,41478.81595611572,97.07137775031268,79.62,0.0
2025-03-16T02:00Z,41491.34677886963,97.07137775031268,78.18,0.0
2025-03-16T03:00Z,41925.59052276611,97.85956206066555,78.6,0.0
2025-03-16T04:00Z,41960.70725250244,97.85956206066555,80.51,0.0
2025-03-16T05:00Z,42310.57972717285,97.85956206066555,85.14,0.0
2025-03-16T06:00Z,44319.00555419922,98.22129346317297,82.07,0.0
2025-03-16T07:00Z,48239.54871368408,98.22129346317297,77.95,0.0
2025-03-16T08:00Z,51113.048751831055,97.85956206066555,56.9,0.0
2025-03-16T09:00Z,52196.01501464844,96.27261728008675,24.09,0.0
2025-03-16T10:00Z,52431.63516998291,94.87131662251792,2.9,0.0
2025-03-16T11:00Z,51900.97319793701,35.93090000000001,1.01,0.0
2025-03-16T12:00Z,50606.43899536133,20.21801336529556,0.19,0.0
2025-03-16T13:00Z,49229.68450164795,19.97991452991453,2.53,0.0
2025-03-16T14:00Z,48759.191497802734,35.93089999999999,31.0,0.0
2025-03-16T15:00Z,49524.91079711914,81.86080139670645,71.11,0.0
2025-03-16T16:00Z,52517.66582489014,96.27261728008675,116.81,0.0
2025-03-16T17:00Z,56293.289054870605,97.85956206066555,130.84,0.0
2025-03-16T18:00Z,56372.67572784424,98.22129346317297,140.0,0.0
2025-03-16T19:00Z,53740.17727661133,97.07137775031268,125.28,0.0
2025-03-16T20:00Z,52278.08982086182,97.07137775031268,107.73,0.0
2025-03-16T21:00Z,51336.50704193115,96.27261728008675,100.8,0.0
2025-03-16T22:00Z,48952.40182495117,87.8605134487122,79.71,0.0
2025-03-16T23:00Z,48135.1496963501,87.8605134487122,78.1,0.0
2025-03-17T00:00Z,47045.72374725342,81.67000276243094,79.01,0.0
2025-03-17T01:00Z,47525.83145904541,81.86080139670645,78.79,0.0
2025-03-17T02:00Z,47777.708488464355,81.86080139670645,80.91,0.0
2025-03-17T03:00Z,48898.13497924805,87.8605134487122,85.85,0.0
2025-03-17T04:00Z,53012.62171936035,96.27261728008675,103.3,0.0
2025-03-17T05:00Z,60483.77600097656,97.85956206066555,135.18,0.0
2025-03-17T06:00Z,64484.34526824951,99.27364890966956,152.87,0.0
2025-03-17T07:00Z,66659.86798858643,99.27364890966956,135.24,0.0
2025-03-17T08:00Z,66542.8143157959,98.22129346317297,100.73,0.0
2025-03-17T09:00Z,65754.96125030518,97.07137775031268,68.21,0.0
2025-03-17T10:00Z,65200.63066101074,97.07137775031268,50.56,0.0
2025-03-17T11:00Z,64121.28343963623,96.27261728008675,31.17,0.0
2025-03-17T12:00Z,63117.64000701904,96.27261728008675,27.95,0.0
2025-03-17T13:00Z,61134.43022155762,96.27261728008675,50.14,0.0
2025-03-17T14:00Z,59921.76125335693,96.27261728008675,70.01,0.0
2025-03-17T15:00Z,60101.6770324707,97.85956206066555,98.55,0.0
2025-03-17T16:00Z,62458.0789642334,100.61690625,143.05,0.0
2025-03-17T17:00Z,65813.80126953125,110.70326512405268,177.33,0.0
2025-03-17T18:00Z,66379.33334350586,110.70326512405268,170.0,0.0
2025-03-17T19:00Z,62749.63317871094,110.70326512405268,141.5,0.0
2025-03-17T20:00Z,59144.566955566406,107.14837644051812,118.85,0.0
2025-03-17T21:00Z,56589.32999420166,100.66654331474969,107.86,0.0
2025-03-17T22:00Z,53342.69654083252,100.61690625,93.5,0.0
2025-03-17T23:00Z,50557.04236602783,99.27364890966956,92.2,0.0
2025-03-18T00:00Z,48580.81667327881,98.22129346317297,89.99,0.0
2025-03-18T01:00Z,47996.18948364258,98.22129346317297,92.37,0.0
2025-03-18T02:00Z,48950.991119384766,98.22129346317297,89.2,0.0
2025-03-18T03:00Z,51125.97831726074,99.27364890966956,95.25,0.0
2025-03-18T04:00Z,55176.75646972656,100.66654331474969,110.74,0.0
2025-03-18T05:00Z,62232.64547729492,110.70326512405268,138.9,0.0
2025-03-18T06:00Z,66718.07328033447,110.70326512405268,136.68,0.0
2025-03-18T07:00Z,68329.48176574707,110.70326512405268,106.52,0.0
2025-03-18T08:00Z,66597.24174499512,99.27364890966956,71.53,0.0
2025-03-18T09:00Z,63342.66603088379,97.07137775031268,25.27,0.0
2025-03-18T10:00Z,61530.6022644043,96.27261728008675,0.68,0.0
2025-03-18T11:00Z,59981.03444671631,87.8605134487122,-1.46,0.0
2025-03-18T12:00Z,60109.265060424805,87.8605134487122,-0.3,0.0
2025-03-18T13:00Z,59978.04454803467,87.8605134487122,5.72,0.0
2025-03-18T14:00Z,59741.91425323486,96.27261728008675,50.28,0.0
2025-03-18T15:00Z,59638.375228881836,97.07137775031268,95.94,0.0
2025-03-18T16:00Z,63248.15830993652,100.61690625,140.9,0.0
2025-03-18T17:00Z,65881.21927642822,110.70326512405268,170.91,0.0
2025-03-18T18:00Z,65918.27376556396,110.70326512405268,167.46,0.0
2025-03-18T19:00Z,62364.14821624756,110.70326512405268,142.39,0.0
2025-03-18T20:00Z,59043.34197998047,100.66654331474969,123.04,0.0
2025-03-18T21:00Z,56364.79874420166,100.66654331474969,115.97,0.0
2025-03-18T22:00Z,52948.51028442383,100.61690625,103.29,0.0
2025-03-18T23:00Z,50582.28471374512,99.27364890966956,107.29,0.0
2025-03-19T00:00Z,48814.07746887207,98.22129346317297,102.4,0.0
2025-03-19T01:00Z,48520.322021484375,99.27364890966956,101.19,0.0
2025-03-19T02:00Z,48746.48701477051,99.27364890966956,102.0,0.0
2025-03-19T03:00Z,50264.95694732666,100.61690625,106.59,0.0
2025-03-19T04:00Z,53777.84001159668,107.14837644051812,122.52,0.0
2025-03-19T05:00Z,60395.45627593994,110.70326512405268,158.05,0.0
2025-03-19T06:00Z,64944.230239868164,113.63949367666063,147.74,0.0
2025-03-19T07:00Z,66764.3115158081,110.70326512405268,108.23,0.0
2025-03-19T08:00Z,65286.80220031738,100.61690625,79.5,0.0
2025-03-19T09:00Z,63074.11274719238,98.22129346317297,26.52,0.0
2025-03-19T10:00Z,61341.6657333374,97.07137775031268,-0.04,0.0
2025-03-19T11:00Z,59656.822509765625,96.27261728008675,-0.56,0.0
2025-03-19T12:00Z,58306.57997131348,92.54273178553254,-0.25,0.0
2025-03-19T13:00Z,57698.54203033447,96.27261728008675,0.99,0.0
2025-03-19T14:00Z,57602.244789123535,96.27261728008675,66.73,0.0
2025-03-19T15:00Z,57819.813957214355,97.85956206066555,109.85,0.0
2025-03-19T16:00Z,60613.78241729736,100.66654331474969,147.56,0.0
2025-03-19T17:00Z,63917.12225341797,110.70326512405268,248.18,0.0
2025-03-19T18:00Z,64621.14149475098,110.70326512405268,220.3,0.0
2025-03-19T19:00Z,61409.397956848145,110.70326512405268,176.68,0.0
2025-03-19T20:00Z,57823.988220214844,107.14837644051812,138.24,0.0
2025-03-19T21:00Z,54523.66033935547,100.61690625,124.45,0.0
2025-03-19T22:00Z,51122.346282958984,100.61690625,111.14,0.0
2025-03-19T23:00Z,48117.97968292236,99.27364890966956,117.17,0.0
2025-03-20T00:00Z,46367.88977050781,98.22129346317297,102.86,0.0
2025-03-20T01:00Z,45863.74019622803,98.22129346317297,99.56,0.0
2025-03-20T02:00Z,46228.67418670654,98.22129346317297,100.08,0.0
2025-03-20T03:00Z,47647.53973388672,98.22129346317297,102.83,0.0
2025-03-20T04:00Z,51743.78721618652,100.61690625,119.7,0.0
2025-03-20T05:00Z,58489.49021911621,107.14837644051812,144.84,0.0
2025-03-20T06:00Z,63343.40573120117,110.70326512405268,141.21,0.0
2025-03-20T07:00Z,65296.23825073242,100.66654331474969,99.87,0.0
2025-03-20T08:00Z,64707.21877288818,98.22129346317297,79.45,0.0
2025-03-20T09:00Z,62817.01579284668,97.85956206066555,37.51,0.0
2025-03-20T10:00Z,61665.51850128174,97.07137775031268,3.42,0.0
2025-03-20T11:00Z,59825.552253723145,96.27261728008675,0.43,0.0
2025-03-20T12:00Z,58552.25051879883,96.27261728008675,0.65,0.0
2025-03-20T13:00Z,57820.301445007324,96.27261728008675,16.6,0.0
2025-03-20T14:00Z,56965.5034866333,97.07137775031268,79.42,0.0
2025-03-20T15:00Z,57067.21504974365,98.22129346317297,120.76,0.0
2025-03-20T16:00Z,60176.397956848145,107.14837644051812,155.14,0.0
2025-03-20T17:00Z,63229.2367477417,110.70326512405268,280.07,0.0
2025-03-20T18:00Z,63677.48594665527,115.60662378739066,253.85,0.0
2025-03-20T19:00Z,60424.60900878906,110.70326512405268,164.0,0.0
2025-03-20T20:00Z,57122.012268066406,110.70326512405268,136.82,0.0
2025-03-20T21:00Z,54016.22946166992,110.70326512405268,125.03,0.0
2025-03-20T22:00Z,49892.36170959473,107.14837644051812,117.91,0.0
2025-03-20T23:00Z,47325.347747802734,100.66654331474969,125.07,0.0
2025-03-21T00:00Z,45336.87129974365,100.61690625,116.41,0.0
2025-03-21T01:00Z,44932.16554260254,100.61690625,112.74,0.0
2025-03-21T02:00Z,46045.685791015625,100.61690625,105.81,0.0
2025-03-21T03:00Z,47579.4375,100.66654331474969,109.1,0.0
2025-03-21T04:00Z,51103.2145614624,107.14837644051812,127.49,0.0
2025-03-21T05:00Z,57297.77542114258,110.70326512405268,156.0,0.0
2025-03-21T06:00Z,61643.774978637695,110.70326512405268,148.27,0.0
2025-03-21T07:00Z,64059.64903259277,107.14837644051812,110.73,0.0
2025-03-21T08:00Z,63589.11799621582,98.22129346317297,73.31,0.0
2025-03-21T09:00Z,62667.87100982666,97.07137775031268,43.25,0.0
2025-03-21T10:00Z,61819.47654724121,96.27261728008675,7.35,0.0
2025-03-21T11:00Z,60556.26371765137,35.93090000000001,0.81,0.0
2025-03-21T12:00Z,59700.03813934326,19.979914529914527,0.0,0.0
2025-03-21T13:00Z,59447.83592224121,19.979914529914524,2.49,0.0
2025-03-21T14:00Z,58667.26230621338,0.0,12.36,0.0
2025-03-21T15:00Z,59844.246238708496,19.979914529914527,46.22,0.0
2025-03-21T16:00Z,60976.04328918457,20.41331893790761,100.24,0.0
2025-03-21T17:00Z,63002.79768371582,35.930899999999994,120.65,0.0
2025-03-21T18:00Z,64116.923500061035,19.97991452991453,83.5,0.0
2025-03-21T19:00Z,60915.48399353027,0.0,70.0,0.0
2025-03-21T20:00Z,56992.56031036377,-5.0,47.19,0.0
2025-03-21T21:00Z,53546.38799285889,-5.0,27.13,0.0
2025-03-21T22:00Z,50426.47570037842,-5.0,18.45,0.0
2025-03-21T23:00Z,47347.37073516846,-5.0,26.93,0.0
2025-03-22T00:00Z,45534.27417755127,-5.0,12.57,0.0
2025-03-22T01:00Z,44931.586029052734,-5.0,9.07,0.0
2025-03-22T02:00Z,44864.56128692627,-5.0,6.88,0.0
2025-03-22T03:00Z,45163.92420959473,-5.0,10.12,0.0
2025-03-22T04:00Z,45904.77001953125,-5.0,12.95,0.0
2025-03-22T05:00Z,46973.26282501221,-5.0,13.01,0.0
2025-03-22T06:00Z,49816.281745910645,-5.0,13.04,0.0
2025-03-22T07:00Z,52430.248779296875,-5.0,3.11,0.0
2025-03-22T08:00Z,54445.7572555542,-5.0,0.0,0.0
2025-03-22T09:00Z,52950.660736083984,-5.0,-1.86,0.0
2025-03-22T10:00Z,52450.66995239258,-5.0,-6.31,0.0
2025-03-22T11:00Z,50822.98397064209,-5.0,-15.18,0.0
2025-03-22T12:00Z,49418.895011901855,-5.0,-15.04,0.0
2025-03-22T13:00Z,49093.353019714355,-5.0,-6.79,0.0
2025-03-22T14:00Z,49745.62602233887,-5.0,-1.51,0.0
2025-03-22T15:00Z,51486.43268585205,-5.0,1.01,0.0
2025-03-22T16:00Z,53730.961975097656,-5.0,34.99,0.0
2025-03-22T17:00Z,56260.76999664307,-5.0,60.03,0.0
2025-03-22T18:00Z,55945.495178222656,-5.0,50.95,0.0
2025-03-22T19:00Z,53050.73001861572,-5.0,42.15,0.0
2025-03-22T20:00Z,50320.558738708496,-5.0,36.12,0.0
2025-03-22T21:00Z,48696.899505615234,-5.0,37.14,0.0
2025-03-22T22:00Z,46233.73349761963,-5.0,35.69,0.0
2025-03-22T23:00Z,43531.84275054932,-5.0,13.69,0.0
2025-03-23T00:00Z,41558.741302490234,-5.0,19.01,0.0
2025-03-23T01:00Z,40209.23332977295,-5.0,23.65,0.0
2025-03-23T02:00Z,39934.61152648926,-5.0,23.49,0.0
2025-03-23T03:00Z,40463.42645263672,-5.0,24.82,0.0
2025-03-23T04:00Z,40874.74422454834,-5.0,25.01,0.0
2025-03-23T05:00Z,40989.85105133057,-5.0,24.84,0.0
2025-03-23T06:00Z,43094.660217285156,0.0,24.26,0.0
2025-03-23T07:00Z,47170.04447174072,19.979914529914524,18.99,0.0
2025-03-23T08:00Z,50474.66222381592,20.41331893790761,23.09,0.0
2025-03-23T09:00Z,51776.4792175293,20.174743021012397,13.78,0.0
2025-03-23T10:00Z,52935.691497802734,81.86080139670645,9.6,0.0
2025-03-23T11:00Z,52272.009506225586,35.9309,13.49,0.0
2025-03-23T12:00Z,50163.5915222168,21.324754617468464,5.01,0.0
2025-03-23T13:00Z,48289.09795379639,35.9309,11.46,0.0
2025-03-23T14:00Z,47571.426177978516,87.8605134487122,42.5,0.0
2025-03-23T15:00Z,47901.15453338623,96.27261728008675,84.42,0.0
2025-03-23T16:00Z,51180.02318572998,98.22129346317297,124.23,0.0
2025-03-23T17:00Z,54272.46427154541,100.61690625,140.0,0.0
2025-03-23T18:00Z,54700.7495803833,100.66654331474969,142.51,0.0
2025-03-23T19:00Z,52585.67052459717,100.61690625,140.58,0.0
2025-03-23T20:00Z,50801.72016143799,100.61690625,130.0,0.0
2025-03-23T21:00Z,48850.3490524292,100.61690625,126.47,0.0
2025-03-23T22:00Z,45738.3637008667,100.61690625,114.24,0.0
2025-03-23T23:00Z,43044.239501953125,100.61690625,110.45,0.0
2025-03-24T00:00Z,41471.16901397705,99.27364890966956,107.29,0.0
2025-03-24T01:00Z,40857.630126953125,99.27364890966956,101.91,0.0
2025-03-24T02:00Z,41409.15397644043,100.61690625,98.94,0.0
2025-03-24T03:00Z,43062.67643737793,100.61690625,101.99,0.0
2025-03-24T04:00Z,46828.66931915283,107.14837644051812,119.82,0.0
2025-03-24T05:00Z,54379.20049285889,110.70326512405268,141.5,0.0
2025-03-24T06:00Z,59651.24501800537,115.60662378739066,164.28,0.0
2025-03-24T07:00Z,62280.016540527344,113.63949367666063,161.86,0.0
2025-03-24T08:00Z,62628.54495239258,110.70326512405268,135.38,0.0
2025-03-24T09:00Z,62647.10176849365,110.70326512405268,111.16,0.0
2025-03-24T10:00Z,63753.00280761719,100.66654331474969,107.36,0.0
2025-03-24T11:00Z,63633.52851104736,100.61690625,100.75,0.0
2025-03-24T12:00Z,62621.1111907959,99.27364890966956,100.87,0.0
2025-03-24T13:00Z,60781.458656311035,98.22129346317297,106.57,0.0
2025-03-24T14:00Z,59761.74021148682,99.27364890966956,115.85,0.0
2025-03-24T15:00Z,58966.94728851318,100.61690625,130.95,0.0
2025-03-24T16:00Z,60399.32369995117,110.70326512405268,154.15,0.0
2025-03-24T17:00Z,62869.33271026611,110.70326512405268,211.99,0.0
2025-03-24T18:00Z,63126.2912902832,113.63949367666063,193.0,0.0
2025-03-24T19:00Z,59658.05326843262,110.70326512405268,161.84,0.0
2025-03-24T20:00Z,56082.29700469971,110.70326512405268,138.55,0.0
2025-03-24T21:00Z,52896.49829864502,110.70326512405268,125.58,0.0
2025-03-24T22:00Z,49426.23651123047,100.66654331474969,115.16,0.0
2025-03-24T23:00Z,46619.55953979492,100.61690625,102.07,0.0
2025-03-25T00:00Z,45471.983238220215,99.27364890966956,101.76,0.0
2025-03-25T01:00Z,44833.4312210083,98.22129346317297,100.2,0.0
2025-03-25T02:00Z,45831.92105102539,98.22129346317297,102.67,0.0
2025-03-25T03:00Z,47412.79015350342,98.22129346317297,101.96,0.0
2025-03-25T04:00Z,50869.15296173096,100.61690625,107.39,0.0
2025-03-25T05:00Z,57892.41488647461,110.70326512405268,136.05,0.0
2025-03-25T06:00Z,63008.59811401367,110.70326512405268,142.13,0.0
2025-03-25T07:00Z,65782.49681091309,110.70326512405268,133.36,0.0
2025-03-25T08:00Z,66708.58003997803,107.14837644051812,106.41,0.0
2025-03-25T09:00Z,66394.92427825928,99.27364890966956,92.03,0.0
2025-03-25T10:00Z,65458.46198272705,98.22129346317297,78.8,0.0
2025-03-25T11:00Z,64646.03327178955,97.07137775031268,68.45,0.0
2025-03-25T12:00Z,63237.51091003418,96.27261728008675,69.23,0.0
2025-03-25T13:00Z,62157.20178222656,94.87131662251792,81.7,0.0
2025-03-25T14:00Z,61612.50899505615,96.27261728008675,95.52,0.0
2025-03-25T15:00Z,62080.01385498047,97.07137775031268,108.84,0.0
2025-03-25T16:00Z,63561.33703613281,98.22129346317297,138.81,0.0
2025-03-25T17:00Z,65770.28553009033,100.66654331474969,161.14,0.0
2025-03-25T18:00Z,65766.21746826172,107.14837644051812,166.36,0.0
2025-03-25T19:00Z,62003.32822418213,100.61690625,148.6,0.0
2025-03-25T20:00Z,58821.52970123291,99.27364890966956,122.36,0.0
2025-03-25T21:00Z,55125.060234069824,98.22129346317297,114.83,0.0
2025-03-25T22:00Z,51188.32598114014,98.22129346317297,102.05,0.0
2025-03-25T23:00Z,47751.17849731445,97.07137775031268,101.02,0.0
2025-03-26T00:00Z,45734.332427978516,96.27261728008675,97.96,0.0
2025-03-26T01:00Z,44947.24230194092,96.27261728008675,97.36,0.0
2025-03-26T02:00Z,45187.17328643799,96.27261728008675,97.39,0.0
2025-03-26T03:00Z,46802.929748535156,96.27261728008675,95.72,0.0
2025-03-26T04:00Z,50388.716720581055,97.07137775031268,98.85,0.0
2025-03-26T05:00Z,57714.4157333374,98.22129346317297,128.76,0.0
2025-03-26T06:00Z,61894.019454956055,100.61690625,141.95,0.0
2025-03-26T07:00Z,64908.01853942871,100.61690625,137.09,0.0
2025-03-26T08:00Z,65804.91507720947,99.27364890966956,111.86,0.0
2025-03-26T09:00Z,66436.16923522949,100.61690625,100.0,0.0
2025-03-26T10:00Z,67200.50147247314,100.61690625,96.39,0.0
2025-03-26T11:00Z,66936.1555557251,100.61690625,94.81,0.0
2025-03-26T12:00Z,67077.5207901001,100.61690625,84.5,0.0
2025-03-26T13:00Z,65546.06003570557,99.27364890966956,90.79,0.0
2025-03-26T14:00Z,64291.369064331055,99.27364890966956,94.36,0.0
2025-03-26T15:00Z,63434.17427062988,100.61690625,101.45,0.0
2025-03-26T16:00Z,64029.81182098389,107.14837644051812,135.16,0.0
2025-03-26T17:00Z,65545.01503753662,110.70326512405268,162.0,0.0
2025-03-26T18:00Z,65182.908447265625,110.70326512405268,169.54,0.0
2025-03-26T19:00Z,62406.581298828125,110.70326512405268,153.27,0.0
2025-03-26T20:00Z,58645.70751953125,110.70326512405268,129.4,0.0
2025-03-26T21:00Z,54735.43625640869,107.14837644051812,120.27,0.0
2025-03-26T22:00Z,50629.12606048584,100.66654331474969,108.91,0.0
2025-03-26T23:00Z,47908.07695007324,100.61690625,104.93,0.0
2025-03-27T00:00Z,46242.84490966797,99.27364890966956,98.98,0.0
2025-03-27T01:00Z,45348.65800476074,98.22129346317297,97.8,0.0
2025-03-27T02:00Z,45928.89555358887,98.22129346317297,98.85,0.0
2025-03-27T03:00Z,47139.43896484375,98.22129346317297,97.07,0.0
2025-03-27T04:00Z,51279.118309020996,100.61690625,104.9,0.0
2025-03-27T05:00Z,57657.967140197754,107.14837644051812,129.83,0.0
2025-03-27T06:00Z,61769.23023223877,110.70326512405268,140.0,0.0
2025-03-27T07:00Z,64316.2303314209,110.70326512405268,123.5,0.0
2025-03-27T08:00Z,63704.39496612549,107.14837644051812,89.92,0.0
2025-03-27T09:00Z,63327.03675079346,100.61690625,77.61,0.0
2025-03-27T10:00Z,63183.63014984131,98.22129346317297,45.48,0.0
2025-03-27T11:00Z,62307.985290527344,97.85956206066555,24.81,0.0
2025-03-27T12:00Z,61150.48476409912,97.07137775031268,6.67,0.0
2025-03-27T13:00Z,59699.44885253906,97.07137775031268,30.34,0.0
2025-03-27T14:00Z,59372.376304626465,97.07137775031268,74.93,0.0
2025-03-27T15:00Z,58981.16428375244,98.22129346317297,93.74,0.0
2025-03-27T16:00Z,61546.34992980957,100.66654331474969,127.25,0.0
2025-03-27T17:00Z,64075.088943481445,110.70326512405268,157.9,0.0
2025-03-27T18:00Z,64877.07893371582,110.70326512405268,170.7,0.0
2025-03-27T19:00Z,61859.5486907959,110.70326512405268,141.61,0.0
2025-03-27T20:00Z,58312.90424346924,110.70326512405268,124.42,0.0
2025-03-27T21:00Z,54405.78071594238,100.61690625,113.1,0.0
2025-03-27T22:00Z,50460.85671234131,99.27364890966956,100.91,0.0
2025-03-27T23:00Z,47852.41626739502,98.22129346317297,90.0,0.0
2025-03-28T00:00Z,46117.63446044922,97.07137775031268,79.38,0.0
2025-03-28T01:00Z,46070.0422668457,97.07137775031268,79.02,0.0
2025-03-28T02:00Z,46957.208488464355,97.07137775031268,79.38,0.0
2025-03-28T03:00Z,48343.579498291016,97.07137775031268,79.84,0.0
2025-03-28T04:00Z,51835.55445098877,97.85956206066555,103.51,0.0
2025-03-28T05:00Z,57796.75524902344,99.27364890966956,128.52,0.0
2025-03-28T06:00Z,61942.06029510498,100.61690625,122.2,0.0
2025-03-28T07:00Z,63785.81823730469,99.27364890966956,102.08,0.0
2025-03-28T08:00Z,63846.30081939697,98.22129346317297,75.57,0.0
2025-03-28T09:00Z,61436.25246429443,96.27261728008675,25.77,0.0
2025-03-28T10:00Z,59646.767753601074,87.8605134487122,1.68,0.0
2025-03-28T11:00Z,57651.75853729248,35.9309,-0.01,0.0
2025-03-28T12:00Z,55679.4495010376,35.930899999999994,-0.03,0.0
2025-03-28T13:00Z,54847.842697143555,35.93090000000001,14.48,0.0
2025-03-28T14:00Z,54830.907806396484,89.71074390243903,70.1,0.0
2025-03-28T15:00Z,55136.26579284668,97.07137775031268,104.19,0.0
2025-03-28T16:00Z,57578.37195587158,98.22129346317297,132.0,0.0
2025-03-28T17:00Z,59983.66445159912,107.14837644051812,165.99,0.0
2025-03-28T18:00Z,60804.87453460693,110.70326512405268,165.9,0.0
2025-03-28T19:00Z,57285.43356323242,100.66654331474969,148.03,0.0
2025-03-28T20:00Z,54184.19026184082,100.61690625,124.56,0.0
2025-03-28T21:00Z,50731.83076477051,99.27364890966956,117.94,0.0
2025-03-28T22:00Z,47096.72422790527,98.22129346317297,110.12,0.0
2025-03-28T23:00Z,44117.093490600586,98.22129346317297,113.62,0.0
2025-03-29T00:00Z,41454.77732086182,97.07137775031268,103.91,0.0
2025-03-29T01:00Z,40092.976737976074,97.07137775031268,96.54,0.0
2025-03-29T02:00Z,40104.8014831543,97.07137775031268,96.22,0.0
2025-03-29T03:00Z,40723.92625427246,96.27261728008675,96.5,0.0
2025-03-29T04:00Z,41176.064544677734,96.27261728008675,92.74,0.0
2025-03-29T05:00Z,42868.63905334473,96.27261728008675,96.73,0.0
2025-03-29T06:00Z,45844.42190551758,97.07137775031268,98.44,0.0
2025-03-29T07:00Z,48747.66100311279,97.07137775031268,91.86,0.0
2025-03-29T08:00Z,50975.04229736328,96.27261728008675,76.14,0.0
2025-03-29T09:00Z,52693.078300476074,96.27261728008675,65.67,0.0
2025-03-29T10:00Z,53077.917221069336,94.87131662251792,65.34,0.0
2025-03-29T11:00Z,52232.63425445557,81.86080139670645,65.33,0.0
2025-03-29T12:00Z,50567.077781677246,35.930899999999994,2.06,0.0
2025-03-29T13:00Z,49457.93907165527,20.174743021012397,3.94,0.0
2025-03-29T14:00Z,49307.63327026367,19.97991452991453,25.27,0.0
2025-03-29T15:00Z,49915.84519958496,35.9309,66.26,0.0
2025-03-29T16:00Z,51152.94129180908,96.27261728008675,100.1,0.0
2025-03-29T17:00Z,52979.56008911133,97.85956206066555,146.91,0.0
2025-03-29T18:00Z,52886.285736083984,99.27364890966956,152.22,0.0
2025-03-29T19:00Z,50298.3464050293,98.22129346317297,121.07,0.0
2025-03-29T20:00Z,47986.7124710083,98.22129346317297,100.42,0.0
2025-03-29T21:00Z,46399.63327789307,97.85956206066555,82.75,0.0
2025-03-29T22:00Z,43493.56449127197,96.27261728008675,68.27,0.0
2025-03-29T23:00Z,41241.290031433105,87.8605134487122,46.31,0.0
2025-03-30T00:00Z,39927.13222503662,35.930899999999994,15.89,0.0
2025-03-30T01:00Z,39722.202812194824,19.979914529914524,5.1,0.0
2025-03-30T02:00Z,40313.83274078369,0.0,1.2,0.0
2025-03-30T03:00Z,40785.612731933594,-5.0,0.09,0.0
2025-03-30T04:00Z,41304.075523376465,-5.0,0.03,0.0
2025-03-30T05:00Z,43228.416496276855,-5.0,0.0,0.0
2025-03-30T06:00Z,45731.93631744385,-5.0,-0.01,0.0
2025-03-30T07:00Z,48736.506492614746,-5.0,-0.04,0.0
2025-03-30T08:00Z,51396.537437438965,-5.0,-3.47,0.0
2025-03-30T09:00Z,52638.846992492676,-5.0,-11.34,0.0
2025-03-30T10:00Z,52961.310806274414,-5.0,-18.5,0.0
2025-03-30T11:00Z,51304.0662689209,-5.0,-25.76,0.0
2025-03-30T12:00Z,49176.17263793945,-5.0,-26.07,0.0
2025-03-30T13:00Z,48499.86894989014,-5.0,-12.96,0.0
2025-03-30T14:00Z,48493.285217285156,-5.0,-4.01,0.0
2025-03-30T15:00Z,50160.56546783447,-5.0,-0.01,0.0
2025-03-30T16:00Z,51576.56895446777,-5.0,14.41,0.0
2025-03-30T17:00Z,52829.631759643555,-5.0,60.83,0.0
2025-03-30T18:00Z,52753.862297058105,-5.0,58.86,0.0
2025-03-30T19:00Z,50754.070793151855,-5.0,50.01,0.0
2025-03-30T20:00Z,49360.60397338867,-5.0,61.71,0.0
2025-03-30T21:00Z,46710.20323944092,-5.0,56.44,0.0
2025-03-30T22:00Z,44275.17352294922,-5.0,65.57,0.0
2025-03-30T23:00Z,42155.90496826172,-5.0,63.25,0.0
2025-03-31T00:00Z,41957.38754272461,-5.0,64.41,0.0
2025-03-31T01:00Z,42320.18473815918,-5.0,67.22,0.0
2025-03-31T02:00Z,44227.91756439209,0.0,68.97,0.0
2025-03-31T03:00Z,49092.09021759033,20.41331893790761,88.0,0.0
2025-03-31T04:00Z,57570.38851928711,96.27261728008675,109.27,0.0
2025-03-31T05:00Z,61831.887214660645,97.07137775031268,143.54,0.0
2025-03-31T06:00Z,64524.31228637695,97.85956206066555,174.23,0.0
2025-03-31T07:00Z,65595.43244934082,97.07137775031268,133.17,0.0
2025-03-31T08:00Z,65765.93479156494,96.27261728008675,110.27,0.0
2025-03-31T09:00Z,65235.605949401855,97.07137775031268,99.04,0.0
2025-03-31T10:00Z,64502.62629699707,97.07137775031268,83.54,0.0
2025-03-31T11:00Z,63352.8913192749,96.27261728008675,74.1,0.0
2025-03-31T12:00Z,61415.94519805908,89.12174847060206,73.58,0.0
2025-03-31T13:00Z,59606.86324310303,89.71074390243903,69.55,0.0
2025-03-31T14:00Z,58657.383781433105,89.71074390243903,76.24,0.0
2025-03-31T15:00Z,59434.43273162842,97.07137775031268,100.83,0.0
2025-03-31T16:00Z,61121.670234680176,98.22129346317297,131.57,0.0
2025-03-31T17:00Z,61611.17752838135,100.66654331474969,183.96,0.0
2025-03-31T18:00Z,60183.52500915527,107.14837644051812,172.73,0.0
2025-03-31T19:00Z,57066.84149169922,100.66654331474969,135.03,0.0
2025-03-31T20:00Z,53668.924560546875,100.61690625,115.25,0.0
2025-03-31T21:00Z,50276.02501678467,99.27364890966956,102.34,0.0
2025-03-31T22:00Z,47165.95383453369,98.22129346317297,101.56,0.0
2025-03-31T23:00Z,45100.746322631836,98.22129346317297,95.02,0.0
2025-04-01T00:00Z,44333.6602935791,98.22129346317297,92.91,0.0
2025-04-01T01:00Z,44565.30751037598,98.22129346317297,93.5,0.0
2025-04-01T02:00Z,46420.92579650879,99.27364890966956,91.43,0.0
2025-04-01T03:00Z,50604.1121673584,100.61690625,100.71,0.0
2025-04-01T04:00Z,58022.18611907959,110.70326512405268,129.46,0.0
2025-04-01T05:00Z,62661.60372161865,110.70326512405268,179.96,0.0
2025-04-01T06:00Z,64972.41662597656,110.70326512405268,159.37,0.0
2025-04-01T07:00Z,65230.09098815918,110.70326512405268,108.47,0.0
2025-04-01T08:00Z,63712.41979217529,99.27364890966956,86.17,0.0
2025-04-01T09:00Z,64146.62202453613,97.07137775031268,70.26,0.0
2025-04-01T10:00Z,62729.63123321533,97.07137775031268,53.15,0.0
2025-04-01T11:00Z,61791.11151885986,94.87131662251792,11.57,0.0
2025-04-01T12:00Z,60013.75622558594,87.8605134487122,10.89,0.0
2025-04-01T13:00Z,58233.62699890137,81.86080139670645,26.7,0.0
2025-04-01T14:00Z,57148.29048919678,87.8605134487122,65.23,0.0
2025-04-01T15:00Z,57840.706604003906,94.87131662251792,82.8,0.0
2025-04-01T16:00Z,60238.26681518555,97.07137775031268,122.39,0.0
2025-04-01T17:00Z,60737.1710357666,97.85956206066555,155.72,0.0
2025-04-01T18:00Z,60420.134590148926,97.85956206066555,138.0,0.0
2025-04-01T19:00Z,57811.651710510254,96.27261728008675,110.9,0.0
2025-04-01T20:00Z,53738.39599609375,89.71074390243903,95.64,0.0
2025-04-01T21:00Z,49354.96098327637,81.67000276243094,79.45,0.0
2025-04-01T22:00Z,46218.5747756958,35.930899999999994,68.06,0.0
2025-04-01T23:00Z,44409.93504333496,21.324754617468464,66.93,0.0
2025-04-02T00:00Z,43760.3920211792,35.9309,66.8,0.0
2025-04-02T01:00Z,44136.828620910645,81.86080139670645,67.97,0.0
2025-04-02T02:00Z,45367.69602203369,87.8605134487122,68.9,0.0
2025-04-02T03:00Z,49489.51466369629,96.27261728008675,82.18,0.0
2025-04-02T04:00Z,56895.6919631958,97.07137775031268,113.84,0.0
2025-04-02T05:00Z,61469.97343444824,98.22129346317297,150.31,0.0
2025-04-02T06:00Z,63795.979568481445,98.22129346317297,124.7,0.0
2025-04-02T07:00Z,63932.39748382568,98.22129346317297,84.74,0.0
2025-04-02T08:00Z,62179.34275054932,97.07137775031268,48.38,0.0
2025-04-02T09:00Z,61471.84306335449,87.8605134487122,0.0,0.0
2025-04-02T10:00Z,60306.062171936035,20.174743021012397,-4.92,0.0
2025-04-02T11:00Z,59121.51119232178,-5.0,-20.06,0.0
2025-04-02T12:00Z,57310.42652130127,-5.0,-21.02,0.0
2025-04-02T13:00Z,56961.085037231445,-5.0,-10.0,0.0
2025-04-02T14:00Z,56754.568046569824,-5.0,-1.73,0.0
2025-04-02T15:00Z,58019.75595855713,-5.0,15.37,0.0
2025-04-02T16:00Z,59434.21469116211,19.97991452991453,88.84,0.0
2025-04-02T17:00Z,59922.51625061035,81.86080139670645,125.35,0.0
2025-04-02T18:00Z,59857.363693237305,87.8605134487122,114.0,0.0
2025-04-02T19:00Z,57096.49252319336,35.9309,96.07,0.0
2025-04-02T20:00Z,53279.563552856445,20.179071574532003,82.63,0.0
2025-04-02T21:00Z,49776.584548950195,19.97991452991453,71.43,0.0
2025-04-02T22:00Z,46101.22276306152,19.979914529914527,67.0,0.0
2025-04-02T23:00Z,44772.24929046631,20.174743021012397,67.0,0.0
2025-04-03T00:00Z,43516.304275512695,21.324754617468464,67.0,0.0
2025-04-03T01:00Z,43250.789726257324,35.93090000000001,68.95,0.0
2025-04-03T02:00Z,45002.503494262695,87.8605134487122,71.0,0.0
2025-04-03T03:00Z,48928.35356903076,96.27261728008675,86.22,0.0
2025-04-03T04:00Z,55690.696044921875,97.85956206066555,129.71,0.0
2025-04-03T05:00Z,60054.032539367676,99.27364890966956,162.77,0.0
2025-04-03T06:00Z,62951.0417098999,100.66654331474969,133.3,0.0
2025-04-03T07:00Z,63334.73553466797,100.61690625,79.11,0.0
2025-04-03T08:00Z,62438.668800354004,98.22129346317297,40.47,0.0
2025-04-03T09:00Z,61473.167236328125,97.07137775031268,-0.16,0.0
2025-04-03T10:00Z,59300.34867858887,89.71074390243903,-1.19,0.0
2025-04-03T11:00Z,57626.35874938965,35.93090000000001,-8.4,0.0
2025-04-03T12:00Z,56150.38660430908,21.324754617468464,-5.85,0.0
2025-04-03T13:00Z,55393.1265335083,20.437413077687253,-0.27,0.0
2025-04-03T14:00Z,55137.628005981445,35.93090000000001,16.09,0.0
2025-04-03T15:00Z,55813.164222717285,96.27261728008675,75.0,0.0
2025-04-03T16:00Z,58517.32353973389,97.85956206066555,138.0,0.0
2025-04-03T17:00Z,59975.30274963379,100.61690625,163.48,0.0
2025-04-03T18:00Z,59561.64424133301,100.66654331474969,155.88,0.0
2025-04-03T19:00Z,56355.59083557129,99.27364890966956,137.03,0.0
2025-04-03T20:00Z,52447.041007995605,98.22129346317297,113.21,0.0
2025-04-03T21:00Z,48425.06512451172,98.22129346317297,104.63,0.0
2025-04-03T22:00Z,45330.42234802246,97.85956206066555,108.34,0.0
2025-04-03T23:00Z,43595.3715133667,97.85956206066555,103.04,0.0
2025-04-04T00:00Z,42756.37349700928,98.22129346317297,102.89,0.0
2025-04-04T01:00Z,43030.99314880371,99.27364890966956,103.61,0.0
2025-04-04T02:00Z,44705.24156188965,100.61690625,105.95,0.0
2025-04-04T03:00Z,48626.640281677246,107.14837644051812,112.55,0.0
2025-04-04T04:00Z,55834.53505706787,110.70326512405268,152.67,0.0
2025-04-04T05:00Z,60065.65879058838,113.63949367666063,180.17,0.0
2025-04-04T06:00Z,63048.79097747803,113.63949367666063,139.4,0.0
2025-04-04T07:00Z,62286.26624298096,110.70326512405268,95.68,0.0
2025-04-04T08:00Z,60961.220222473145,100.61690625,65.0,0.0
2025-04-04T09:00Z,60151.30672454834,97.85956206066555,7.82,0.0
2025-04-04T10:00Z,58235.900970458984,96.27261728008675,0.0,0.0
2025-04-04T11:00Z,56736.64705657959,87.8605134487122,-1.31,0.0
2025-04-04T12:00Z,54327.58303833008,35.93090000000001,-1.21,0.0
2025-04-04T13:00Z,53338.628829956055,35.9309,-0.13,0.0
2025-04-04T14:00Z,53420.233001708984,87.8605134487122,29.7,0.0
2025-04-04T15:00Z,54178.72700500488,96.27261728008675,79.87,0.0
2025-04-04T16:00Z,56812.99649810791,97.85956206066555,126.35,0.0
2025-04-04T17:00Z,57509.02925109863,98.22129346317297,167.64,0.0
2025-04-04T18:00Z,56923.65922546387,99.27364890966956,155.99,0.0
2025-04-04T19:00Z,53059.37001800537,97.85956206066555,120.67,0.0
2025-04-04T20:00Z,49589.95423126221,97.07137775031268,106.15,0.0
2025-04-04T21:00Z,46179.460220336914,96.27261728008675,96.97,0.0
2025-04-04T22:00Z,43615.03020477295,96.27261728008675,109.23,0.0
2025-04-04T23:00Z,41143.68283081055,96.27261728008675,102.76,0.0
2025-04-05T00:00Z,40453.24028015137,96.27261728008675,99.39,0.0
2025-04-05T01:00Z,40340.3977432251,94.87131662251792,99.4,0.0
2025-04-05T02:00Z,41027.14580535889,94.87131662251792,98.31,0.0
2025-04-05T03:00Z,42926.828437805176,96.27261728008675,97.5,0.0
2025-04-05T04:00Z,44492.91728210449,96.27261728008675,102.98,0.0
2025-04-05T05:00Z,47516.981201171875,96.27261728008675,105.9,0.0
2025-04-05T06:00Z,50547.115898132324,97.07137775031268,98.3,0.0
2025-04-05T07:00Z,53226.07995605469,96.27261728008675,57.16,0.0
2025-04-05T08:00Z,52780.345458984375,81.67000276243094,0.66,0.0
2025-04-05T09:00Z,51018.01823425293,19.979914529914524,-0.94,0.0
2025-04-05T10:00Z,49028.439796447754,-5.0,-24.09,0.0
2025-04-05T11:00Z,46539.12995147705,-5.0,-47.73,0.0
2025-04-05T12:00Z,44791.01747894287,-5.0,-49.1,0.0
2025-04-05T13:00Z,44861.89325714111,-5.0,-29.91,0.0
2025-04-05T14:00Z,45626.148681640625,-5.0,-4.3,0.0
2025-04-05T15:00Z,47810.77349090576,-5.0,0.0,0.0
2025-04-05T16:00Z,49866.780822753906,0.0,70.0,0.0
2025-04-05T17:00Z,50194.33299255371,20.179071574532003,99.4,0.0
2025-04-05T18:00Z,49563.66126251221,35.93089999999999,98.9,0.0
2025-04-05T19:00Z,47941.58873748779,19.97991452991453,84.25,0.0
2025-04-05T20:00Z,45846.24401092529,19.979914529914524,78.99,0.0
2025-04-05T21:00Z,43243.126319885254,19.979914529914524,68.75,0.0
2025-04-05T22:00Z,40299.74343109131,20.21801336529556,70.45,0.0
2025-04-05T23:00Z,38670.11404418945,35.930899999999994,61.0,0.0
2025-04-06T00:00Z,37769.99370574951,35.93090000000001,62.72,0.0
2025-04-06T01:00Z,38137.03221130371,87.8605134487122,68.28,0.0
2025-04-06T02:00Z,38495.07996368408,96.27261728008675,69.95,0.0
2025-04-06T03:00Z,38828.74129486084,96.27261728008675,77.43,0.0
2025-04-06T04:00Z,39512.62177276611,96.27261728008675,76.54,0.0
2025-04-06T05:00Z,41778.161766052246,97.07137775031268,78.11,0.0
2025-04-06T06:00Z,44611.784240722656,97.85956206066555,41.79,0.0
2025-04-06T07:00Z,47691.26901245117,96.27261728008675,0.1,0.0
2025-04-06T08:00Z,48188.9419631958,35.93090000000001,-2.0,0.0
2025-04-06T09:00Z,48419.415267944336,19.97991452991453,-27.56,0.0
2025-04-06T10:00Z,47432.34892272949,35.93089999999999,-60.01,0.0
2025-04-06T11:00Z,44973.69242858887,19.979914529914527,-106.31,0.0
2025-04-06T12:00Z,43185.97172546387,19.979914529914524,-114.57,0.0
2025-04-06T13:00Z,42259.143211364746,19.979914529914524,-70.0,0.0
2025-04-06T14:00Z,43172.647232055664,20.21801336529556,-18.95,0.0
2025-04-06T15:00Z,46555.006271362305,87.8605134487122,1.76,0.0
2025-04-06T16:00Z,48825.19200134277,96.27261728008675,112.41,0.0
2025-04-06T17:00Z,50274.189193725586,98.22129346317297,131.56,0.0
2025-04-06T18:00Z,50979.726234436035,99.27364890966956,132.9,0.0
2025-04-06T19:00Z,49869.98809051514,98.22129346317297,121.38,0.0
2025-04-06T20:00Z,48432.86998748779,98.22129346317297,111.84,0.0
2025-04-06T21:00Z,45761.4993057251,97.85956206066555,100.03,0.0
2025-04-06T22:00Z,43352.95297241211,97.85956206066555,86.71,0.0
2025-04-06T23:00Z,42207.228256225586,97.85956206066555,85.0,0.0
2025-04-07T00:00Z,42033.473724365234,97.85956206066555,81.73,0.0
2025-04-07T01:00Z,42804.382484436035,98.22129346317297,83.53,0.0
2025-04-07T02:00Z,44195.358489990234,98.22129346317297,85.45,0.0
2025-04-07T03:00Z,48910.61191558838,100.61690625,98.74,0.0
2025-04-07T04:00Z,56911.54374694824,110.70326512405268,131.1,0.0
2025-04-07T05:00Z,61008.88650512695,110.70326512405268,175.97,0.0
2025-04-07T06:00Z,63540.94352722168,110.70326512405268,144.61,0.0
2025-04-07T07:00Z,63572.38352203369,110.70326512405268,107.1,0.0
2025-04-07T08:00Z,62422.30854034424,98.22129346317297,83.37,0.0
2025-04-07T09:00Z,61917.27845001221,97.07137775031268,65.0,0.0
2025-04-07T10:00Z,59776.62194824219,96.27261728008675,11.8,0.0
2025-04-07T11:00Z,57774.528968811035,81.86080139670645,2.19,0.0
2025-04-07T12:00Z,56032.74454498291,35.9309,3.94,0.0
2025-04-07T13:00Z,55419.35117340088,35.93090000000001,60.98,0.0
2025-04-07T14:00Z,54947.47872161865,87.8605134487122,72.0,0.0
2025-04-07T15:00Z,55957.770195007324,97.07137775031268,102.43,0.0
2025-04-07T16:00Z,58422.3267288208,99.27364890966956,127.6,0.0
2025-04-07T17:00Z,59467.964668273926,110.70326512405268,168.45,0.0
2025-04-07T18:00Z,58785.14762878418,110.70326512405268,165.05,0.0
2025-04-07T19:00Z,56012.000244140625,110.70326512405268,138.2,0.0
2025-04-07T20:00Z,52492.906341552734,107.14837644051812,121.02,0.0
2025-04-07T21:00Z,48940.4275970459,100.61690625,105.21,0.0
2025-04-07T22:00Z,46063.25095367432,100.61690625,94.93,0.0
2025-04-07T23:00Z,44421.42455291748,100.61690625,87.83,0.0
2025-04-08T00:00Z,43724.38897705078,100.61690625,89.06,0.0
2025-04-08T01:00Z,44218.33531951904,100.61690625,89.9,0.0
2025-04-08T02:00Z,45997.50955963135,100.66654331474969,91.62,0.0
2025-04-08T03:00Z,49693.944396972656,110.70326512405268,105.73,0.0
2025-04-08T04:00Z,57100.84815979004,110.70326512405268,142.97,0.0
2025-04-08T05:00Z,61315.53549194336,115.60662378739066,180.55,0.0
2025-04-08T06:00Z,63620.262466430664,115.60662378739066,136.77,0.0
2025-04-08T07:00Z,63784.33303070068,110.70326512405268,91.3,0.0
2025-04-08T08:00Z,62646.68314361572,100.66654331474969,76.47,0.0
2025-04-08T09:00Z,60855.10777282715,98.22129346317297,61.09,0.0
2025-04-08T10:00Z,58905.685546875,96.27261728008675,19.57,0.0
2025-04-08T11:00Z,57222.870262145996,96.27261728008675,16.83,0.0
2025-04-08T12:00Z,55975.97898101807,96.27261728008675,28.59,0.0
2025-04-08T13:00Z,55515.24118041992,97.07137775031268,57.47,0.0
2025-04-08T14:00Z,54762.576263427734,97.85956206066555,73.33,0.0
2025-04-08T15:00Z,56112.29623413086,99.27364890966956,90.34,0.0
2025-04-08T16:00Z,57979.73896789551,107.14837644051812,118.26,0.0
2025-04-08T17:00Z,59094.13528442383,110.70326512405268,180.4,0.0
2025-04-08T18:00Z,58722.45268249512,110.70326512405268,171.31,0.0
2025-04-08T19:00Z,55836.92264556885,110.70326512405268,140.0,0.0
2025-04-08T20:00Z,52240.098693847656,110.70326512405268,120.47,0.0
2025-04-08T21:00Z,48781.37203216553,100.66654331474969,105.12,0.0
2025-04-08T22:00Z,45411.82080078125,100.61690625,104.99,0.0
2025-04-08T23:00Z,44023.09846496582,100.61690625,95.99,0.0
2025-04-09T00:00Z,43510.29898071289,100.61690625,94.67,0.0
2025-04-09T01:00Z,43981.94421386719,100.61690625,94.45,0.0
2025-04-09T02:00Z,45660.69229888916,100.61690625,95.79,0.0
2025-04-09T03:00Z,49371.06713104248,107.14837644051812,109.45,0.0
2025-04-09T04:00Z,56432.452293395996,110.70326512405268,152.68,0.0
2025-04-09T05:00Z,60638.00276184082,110.70326512405268,175.56,0.0
2025-04-09T06:00Z,62962.487464904785,110.70326512405268,131.56,0.0
2025-04-09T07:00Z,63479.3293838501,110.70326512405268,99.51,0.0
2025-04-09T08:00Z,63232.35372924805,100.66654331474969,82.71,0.0
2025-04-09T09:00Z,61909.06179046631,97.85956206066555,59.69,0.0
2025-04-09T10:00Z,59761.76573944092,96.27261728008675,13.61,0.0
2025-04-09T11:00Z,59091.9066696167,89.12174847060206,6.72,0.0
2025-04-09T12:00Z,57745.067794799805,87.8605134487122,13.27,0.0
2025-04-09T13:00Z,57280.88872528076,89.71074390243903,34.87,0.0
2025-04-09T14:00Z,57329.40296936035,96.27261728008675,62.98,0.0
2025-04-09T15:00Z,58570.174713134766,96.27261728008675,83.5,0.0
2025-04-09T16:00Z,61123.133445739746,97.07137775031268,103.48,0.0
2025-04-09T17:00Z,61965.40547943115,98.22129346317297,131.57,0.0
2025-04-09T18:00Z,61565.63452911377,99.27364890966956,138.73,0.0
2025-04-09T19:00Z,59291.52600860596,98.22129346317297,111.23,0.0
2025-04-09T20:00Z,55229.272705078125,97.07137775031268,101.94,0.0
2025-04-09T21:00Z,50909.63185119629,97.07137775031268,98.51,0.0
2025-04-09T22:00Z,47964.80505371094,97.85956206066555,92.9,0.0
2025-04-09T23:00Z,45598.63567352295,97.07137775031268,89.55,0.0
2025-04-10T00:00Z,44447.95349121094,97.07137775031268,88.9,0.0
2025-04-10T01:00Z,44347.66000366211,97.85956206066555,87.92,0.0
2025-04-10T02:00Z,45102.63478088379,98.22129346317297,90.0,0.0
2025-04-10T03:00Z,48636.43627166748,100.61690625,97.54,0.0
2025-04-10T04:00Z,55846.001220703125,110.70326512405268,132.44,0.0
2025-04-10T05:00Z,60631.95803070068,110.70326512405268,170.59,0.0
2025-04-10T06:00Z,63399.30753326416,113.63949367666063,135.44,0.0
2025-04-10T07:00Z,63381.21068572998,110.70326512405268,102.4,0.0
2025-04-10T08:00Z,63495.89099121094,107.14837644051812,85.71,0.0
2025-04-10T09:00Z,64494.09171295166,100.61690625,66.34,0.0
2025-04-10T10:00Z,62531.190002441406,98.22129346317297,34.95,0.0
2025-04-10T11:00Z,60479.106788635254,96.27261728008675,2.18,0.0
2025-04-10T12:00Z,58932.39646911621,94.87131662251792,0.08,0.0
2025-04-10T13:00Z,57511.799308776855,94.87131662251792,1.18,0.0
2025-04-10T14:00Z,57525.87348937988,92.54273178553254,54.44,0.0
2025-04-10T15:00Z,58986.12756347656,96.27261728008675,70.0,0.0
2025-04-10T16:00Z,61264.88645172119,97.07137775031268,101.68,0.0
2025-04-10T17:00Z,62912.5255279541,97.85956206066555,140.42,0.0
2025-04-10T18:00Z,62384.4634475708,97.85956206066555,137.17,0.0
2025-04-10T19:00Z,60016.901039123535,96.27261728008675,97.56,0.0
2025-04-10T20:00Z,55921.86423492432,87.8605134487122,92.05,0.0
2025-04-10T21:00Z,51739.88646697998,20.179071574532003,81.11,0.0
2025-04-10T22:00Z,49605.56273651123,19.97991452991453,65.32,0.0
2025-04-10T23:00Z,47813.84948730469,19.979914529914524,60.75,0.0
2025-04-11T00:00Z,47141.713233947754,0.0,58.44,0.0
2025-04-11T01:00Z,47322.66802215576,0.0,58.43,0.0
2025-04-11T02:00Z,48387.52770996094,19.979914529914524,61.93,0.0
2025-04-11T03:00Z,51159.41973114014,19.979914529914524,71.99,0.0
2025-04-11T04:00Z,57712.428382873535,35.93090000000001,94.2,0.0
2025-04-11T05:00Z,62096.505226135254,94.87131662251792,111.4,0.0
2025-04-11T06:00Z,64328.34752655029,94.87131662251792,85.9,0.0
2025-04-11T07:00Z,64115.74166870117,87.8605134487122,58.89,0.0
2025-04-11T08:00Z,63655.20973968506,19.97991452991453,11.31,0.0
2025-04-11T09:00Z,62739.37030792236,-5.0,0.0,0.0
2025-04-11T10:00Z,59949.954765319824,-5.0,-3.0,0.0
2025-04-11T11:00Z,58063.244552612305,-5.0,-4.99,0.0
2025-04-11T12:00Z,55643.21295928955,-5.0,-3.61,0.0
2025-04-11T13:00Z,55153.03602600098,-5.0,-0.1,0.0
2025-04-11T14:00Z,54786.961265563965,0.0,0.0,0.0
2025-04-11T15:00Z,56068.88146209717,35.9309,70.15,0.0
2025-04-11T16:00Z,57336.37049102783,96.27261728008675,110.69,0.0
2025-04-11T17:00Z,57667.26698303223,98.22129346317297,133.4,0.0
2025-04-11T18:00Z,56918.41539764404,100.61690625,155.0,0.0
2025-04-11T19:00Z,54634.83296966553,100.61690625,130.46,0.0
2025-04-11T20:00Z,51289.43698120117,99.27364890966956,119.1,0.0
2025-04-11T21:00Z,47633.592193603516,98.22129346317297,105.49,0.0
2025-04-11T22:00Z,44574.53225708008,98.22129346317297,107.84,0.0
2025-04-11T23:00Z,42204.84328460693,98.22129346317297,104.41,0.0
2025-04-12T00:00Z,40996.80504608154,98.22129346317297,100.93,0.0
2025-04-12T01:00Z,40804.0705947876,98.22129346317297,98.15,0.0
2025-04-12T02:00Z,41680.81349182129,98.22129346317297,98.99,0.0
2025-04-12T03:00Z,42141.19348907471,98.22129346317297,99.08,0.0
2025-04-12T04:00Z,43343.26851654053,99.27364890966956,104.42,0.0
2025-04-12T05:00Z,46032.02780914307,100.61690625,99.74,0.0
2025-04-12T06:00Z,49508.823738098145,100.66654331474969,95.49,0.0
2025-04-12T07:00Z,51164.062156677246,99.27364890966956,67.26,0.0
2025-04-12T08:00Z,51082.71952819824,97.07137775031268,20.19,0.0
2025-04-12T09:00Z,49928.40573120117,96.27261728008675,0.0,0.0
2025-04-12T10:00Z,48379.44576263428,81.86080139670645,-9.23,0.0
2025-04-12T11:00Z,46615.43608856201,20.21801336529556,-40.04,0.0
2025-04-12T12:00Z,44798.61307525635,19.979914529914527,-42.01,0.0
2025-04-12T13:00Z,43870.45548248291,19.979914529914527,-18.68,0.0
2025-04-12T14:00Z,44242.16749572754,20.21801336529556,-0.08,0.0
2025-04-12T15:00Z,45463.789978027344,81.67000276243094,59.47,0.0
2025-04-12T16:00Z,47572.860778808594,96.27261728008675,111.31,0.0
2025-04-12T17:00Z,48396.828956604004,97.07137775031268,150.06,0.0
2025-04-12T18:00Z,48382.773498535156,97.85956206066555,120.89,0.0
2025-04-12T19:00Z,47326.20372772217,96.27261728008675,91.0,0.0
2025-04-12T20:00Z,45027.025230407715,87.8605134487122,86.27,0.0
2025-04-12T21:00Z,42537.87873840332,35.930899999999994,64.27,0.0
2025-04-12T22:00Z,39868.991035461426,19.979914529914524,63.99,0.0
2025-04-12T23:00Z,38632.00923919678,19.979914529914524,56.0,0.0
2025-04-13T00:00Z,38120.743072509766,0.0,42.36,0.0
2025-04-13T01:00Z,37397.5445022583,0.0,29.5,0.0
2025-04-13T02:00Z,37519.73627471924,0.0,32.06,0.0
2025-04-13T03:00Z,38156.2000579834,-5.0,34.48,0.0
2025-04-13T04:00Z,38822.912033081055,-5.0,29.41,0.0
2025-04-13T05:00Z,40618.72773742676,0.0,27.75,0.0
2025-04-13T06:00Z,44408.61699676514,19.979914529914524,12.87,0.0
2025-04-13T07:00Z,47985.23853302002,19.979914529914527,8.43,0.0
2025-04-13T08:00Z,50856.857749938965,19.979914529914524,0.0,0.0
2025-04-13T09:00Z,52192.25524902344,-5.0,-0.02,0.0
2025-04-13T10:00Z,52359.46774291992,0.0,-3.02,0.0
2025-04-13T11:00Z,50567.568939208984,-5.0,-18.84,0.0
2025-04-13T12:00Z,47954.29624938965,-5.0,-25.38,0.0
2025-04-13T13:00Z,47155.83052062988,-5.0,-9.93,0.0
2025-04-13T14:00Z,47377.44292449951,-5.0,-0.01,0.0
2025-04-13T15:00Z,48071.2688293457,-5.0,17.56,0.0
2025-04-13T16:00Z,48414.17303466797,35.93089999999999,98.63,0.0
2025-04-13T17:00Z,48904.65296936035,96.27261728008675,120.65,0.0
2025-04-13T18:00Z,49207.461196899414,97.85956206066555,118.01,0.0
2025-04-13T19:00Z,47841.92765045166,98.22129346317297,108.06,0.0
2025-04-13T20:00Z,46606.70221710205,98.22129346317297,103.35,0.0
2025-04-13T21:00Z,44433.1070022583,98.22129346317297,94.98,0.0
2025-04-13T22:00Z,42462.55101776123,98.22129346317297,87.56,0.0
2025-04-13T23:00Z,40924.9340133667,98.22129346317297,82.69,0.0
2025-04-14T00:00Z,40063.01589202881,98.22129346317297,82.11,0.0
2025-04-14T01:00Z,40010.83742523193,97.85956206066555,82.29,0.0
2025-04-14T02:00Z,41628.55725860596,97.85956206066555,84.52,0.0
2025-04-14T03:00Z,46635.14218902588,98.22129346317297,97.1,0.0
2025-04-14T04:00Z,53285.12757873535,100.66654331474969,124.34,0.0
2025-04-14T05:00Z,58329.3734664917,107.14837644051812,152.03,0.0
2025-04-14T06:00Z,61509.43125152588,110.70326512405268,143.7,0.0
2025-04-14T07:00Z,62871.0581741333,107.14837644051812,104.7,0.0
2025-04-14T08:00Z,62474.85893249512,100.61690625,91.02,0.0
2025-04-14T09:00Z,61401.2979888916,98.22129346317297,77.07,0.0
2025-04-14T10:00Z,60108.68073272705,97.85956206066555,62.35,0.0
2025-04-14T11:00Z,58223.74736022949,97.07137775031268,61.64,0.0
2025-04-14T12:00Z,55987.698013305664,97.07137775031268,64.36,0.0
2025-04-14T13:00Z,54723.09044647217,97.07137775031268,75.29,0.0
2025-04-14T14:00Z,54018.146003723145,98.22129346317297,84.6,0.0
2025-04-14T15:00Z,55577.24430847168,100.61690625,97.02,0.0
2025-04-14T16:00Z,57584.42366027832,108.10109259259258,119.35,0.0
2025-04-14T17:00Z,58446.36646270752,110.70326512405268,180.0,0.0
2025-04-14T18:00Z,58123.09107208252,110.70326512405268,140.61,0.0
2025-04-14T19:00Z,55731.68148803711,99.27364890966956,102.83,0.0
2025-04-14T20:00Z,52564.39952087402,97.07137775031268,82.59,0.0
2025-04-14T21:00Z,48609.571952819824,87.8605134487122,76.0,0.0
2025-04-14T22:00Z,45526.84801483154,35.9309,72.93,0.0
2025-04-14T23:00Z,44452.8187789917,20.41331893790761,73.2,0.0
2025-04-15T00:00Z,43525.92377471924,19.97991452991453,67.38,0.0
2025-04-15T01:00Z,43691.12908935547,19.979914529914527,64.29,0.0
2025-04-15T02:00Z,45538.33199310303,19.979914529914527,66.3,0.0
2025-04-15T03:00Z,49696.10545349121,20.41331893790761,70.42,0.0
2025-04-15T04:00Z,56606.04313659668,87.8605134487122,83.03,0.0
2025-04-15T05:00Z,61003.18547821045,96.27261728008675,96.99,0.0
2025-04-15T06:00Z,63203.37844848633,96.27261728008675,98.56,0.0
2025-04-15T07:00Z,64075.265533447266,96.27261728008675,65.0,0.0
2025-04-15T08:00Z,62893.98571777344,87.8605134487122,48.93,0.0
2025-04-15T09:00Z,62808.902755737305,20.174743021012397,2.92,0.0
2025-04-15T10:00Z,62382.95503234863,20.41331893790761,0.08,0.0
2025-04-15T11:00Z,62082.31037902832,19.979914529914524,0.0,0.0
2025-04-15T12:00Z,60397.419258117676,19.979914529914524,0.1,0.0
2025-04-15T13:00Z,58847.19975280762,19.979914529914524,29.27,0.0
2025-04-15T14:00Z,57750.09253692627,19.979914529914527,68.08,0.0
2025-04-15T15:00Z,59285.89032745361,35.93090000000001,86.57,0.0
2025-04-15T16:00Z,60763.37968444824,96.27261728008675,105.28,0.0
2025-04-15T17:00Z,61429.054779052734,97.07137775031268,133.58,0.0
2025-04-15T18:00Z,60147.200508117676,98.22129346317297,141.54,0.0
2025-04-15T19:00Z,57193.20753479004,98.22129346317297,110.58,0.0
2025-04-15T20:00Z,53348.13243865967,97.85956206066555,102.21,0.0
2025-04-15T21:00Z,49315.26794433594,97.07137775031268,93.76,0.0
2025-04-15T22:00Z,45943.479667663574,97.07137775031268,88.01,0.0
2025-04-15T23:00Z,44477.95920562744,97.07137775031268,82.04,0.0
2025-04-16T00:00Z,43711.103507995605,97.07137775031268,82.2,0.0
2025-04-16T01:00Z,43829.066970825195,97.85956206066555,81.4,0.0
2025-04-16T02:00Z,44376.80522918701,97.85956206066555,82.99,0.0
2025-04-16T03:00Z,48162.97146606445,99.27364890966956,99.4,0.0
2025-04-16T04:00Z,53980.47473144531,107.14837644051812,121.0,0.0
2025-04-16T05:00Z,58132.91272735596,110.70326512405268,135.14,0.0
2025-04-16T06:00Z,61443.16864776611,110.70326512405268,109.94,0.0
2025-04-16T07:00Z,60963.98935699463,110.70326512405268,94.82,0.0
2025-04-16T08:00Z,61205.51222991943,100.61690625,79.75,0.0
2025-04-16T09:00Z,60284.09811401367,98.22129346317297,64.08,0.0
2025-04-16T10:00Z,59582.15246582031,97.07137775031268,35.3,0.0
2025-04-16T11:00Z,58751.37169647217,96.27261728008675,22.4,0.0
2025-04-16T12:00Z,57843.37606048584,96.27261728008675,24.94,0.0
2025-04-16T13:00Z,58197.60850524902,96.27261728008675,55.0,0.0
2025-04-16T14:00Z,58191.53825378418,97.07137775031268,68.0,0.0
2025-04-16T15:00Z,58917.9242477417,97.85956206066555,93.16,0.0
2025-04-16T16:00Z,60238.151947021484,99.27364890966956,118.0,0.0
2025-04-16T17:00Z,59553.59669494629,100.61690625,146.52,0.0
2025-04-16T18:00Z,59034.23970031738,100.61690625,136.48,0.0
2025-04-16T19:00Z,57218.06326293945,98.22129346317297,121.0,0.0
2025-04-16T20:00Z,53617.30978393555,97.07137775031268,109.69,0.0
2025-04-16T21:00Z,50303.902992248535,96.27261728008675,98.59,0.0
2025-04-16T22:00Z,47067.18450164795,96.27261728008675,88.99,0.0
2025-04-16T23:00Z,45629.19976043701,96.27261728008675,83.99,0.0
2025-04-17T00:00Z,44787.499755859375,96.27261728008675,81.67,0.0
2025-04-17T01:00Z,44779.71099090576,96.27261728008675,80.07,0.0
2025-04-17T02:00Z,45838.98450469971,96.27261728008675,81.28,0.0
2025-04-17T03:00Z,49283.382751464844,97.07137775031268,87.43,0.0
2025-04-17T04:00Z,55174.08442687988,98.22129346317297,108.02,0.0
2025-04-17T05:00Z,59622.96921539307,100.61690625,122.8,0.0
2025-04-17T06:00Z,62589.53628540039,100.61690625,130.0,0.0
2025-04-17T07:00Z,63856.318283081055,99.27364890966956,121.0,0.0
2025-04-17T08:00Z,64949.45053100586,98.22129346317297,110.0,0.0
2025-04-17T09:00Z,65520.05073547363,97.07137775031268,95.03,0.0
2025-04-17T10:00Z,64276.42300415039,97.07137775031268,80.84,0.0
2025-04-17T11:00Z,63009.540267944336,96.27261728008675,81.04,0.0
2025-04-17T12:00Z,61505.348793029785,96.27261728008675,77.75,0.0
2025-04-17T13:00Z,60926.34477996826,94.87131662251792,77.65,0.0
2025-04-17T14:00Z,60195.812759399414,96.27261728008675,83.87,0.0
2025-04-17T15:00Z,59414.100242614746,96.27261728008675,97.63,0.0
2025-04-17T16:00Z,59051.57748413086,97.07137775031268,112.65,0.0
2025-04-17T17:00Z,57954.26653289795,97.07137775031268,129.0,0.0
2025-04-17T18:00Z,56432.17317199707,97.07137775031268,122.79,0.0
2025-04-17T19:00Z,53392.90616607666,96.27261728008675,114.76,0.0
2025-04-17T20:00Z,50255.67194366455,96.27261728008675,98.9,0.0
2025-04-17T21:00Z,47081.673919677734,89.71074390243903,96.52,0.0
2025-04-17T22:00Z,43376.81845855713,96.27261728008675,91.0,0.0
2025-04-17T23:00Z,41014.03528594971,96.27261728008675,81.3,0.0
2025-04-18T00:00Z,39409.26774597168,92.54273178553254,79.12,0.0
2025-04-18T01:00Z,38818.70524597168,87.8605134487122,77.94,0.0
2025-04-18T02:00Z,39070.06806182861,87.8605134487122,76.34,0.0
2025-04-18T03:00Z,39663.43802642822,89.12174847060206,76.35,0.0
2025-04-18T04:00Z,39923.121673583984,87.8605134487122,79.39,0.0
2025-04-18T05:00Z,41643.890075683594,96.27261728008675,87.98,0.0
2025-04-18T06:00Z,44955.43169403076,96.27261728008675,91.25,0.0
2025-04-18T07:00Z,47806.965270996094,97.07137775031268,90.14,0.0
2025-04-18T08:00Z,49858.28706359863,97.07137775031268,88.3,0.0
2025-04-18T09:00Z,51789.549980163574,97.07137775031268,83.28,0.0
2025-04-18T10:00Z,51450.647453308105,97.85956206066555,75.03,0.0
2025-04-18T11:00Z,50218.32440948486,97.07137775031268,63.75,0.0
2025-04-18T12:00Z,48854.27494812012,97.07137775031268,62.64,0.0
2025-04-18T13:00Z,48287.96019744873,97.07137775031268,65.36,0.0
2025-04-18T14:00Z,47612.508224487305,97.85956206066555,76.61,0.0
2025-04-18T15:00Z,47929.096923828125,98.22129346317297,88.64,0.0
2025-04-18T16:00Z,48859.64320373535,98.22129346317297,103.5,0.0
2025-04-18T17:00Z,48797.786277770996,99.27364890966956,123.12,0.0
2025-04-18T18:00Z,48335.3547668457,99.27364890966956,126.52,0.0
2025-04-18T19:00Z,47413.58962249756,99.27364890966956,116.52,0.0
2025-04-18T20:00Z,45353.275466918945,98.22129346317297,106.35,0.0
2025-04-18T21:00Z,42461.70204925537,98.22129346317297,99.12,0.0
2025-04-18T22:00Z,40092.06999206543,97.85956206066555,89.32,0.0
2025-04-18T23:00Z,38116.01597595215,97.07137775031268,80.01,0.0
2025-04-19T00:00Z,37603.01919555664,97.07137775031268,84.45,0.0
2025-04-19T01:00Z,37121.0830078125,97.07137775031268,82.39,0.0
2025-04-19T02:00Z,37679.32962799072,97.85956206066555,84.98,0.0
2025-04-19T03:00Z,39148.12576293945,98.22129346317297,90.62,0.0
2025-04-19T04:00Z,40011.47375488281,98.22129346317297,95.2,0.0
2025-04-19T05:00Z,42241.010482788086,98.22129346317297,91.67,0.0
2025-04-19T06:00Z,45267.10752105713,98.22129346317297,83.89,0.0
2025-04-19T07:00Z,47932.02126312256,98.22129346317297,76.43,0.0
2025-04-19T08:00Z,49157.046157836914,97.85956206066555,29.99,0.0
2025-04-19T09:00Z,48644.026023864746,97.07137775031268,4.54,0.0
2025-04-19T10:00Z,47989.15245056152,96.27261728008675,0.0,0.0
2025-04-19T11:00Z,46440.1120223999,96.27261728008675,-3.01,0.0
2025-04-19T12:00Z,44828.2156829834,94.87131662251792,-7.26,0.0
2025-04-19T13:00Z,43789.31123352051,89.12174847060206,-0.86,0.0
2025-04-19T14:00Z,43888.63871765137,96.27261728008675,0.2,0.0
2025-04-19T15:00Z,44523.79152679443,96.27261728008675,64.01,0.0
2025-04-19T16:00Z,46514.592613220215,98.22129346317297,102.77,0.0
2025-04-19T17:00Z,47681.839752197266,99.27364890966956,126.84,0.0
2025-04-19T18:00Z,47102.74897003174,100.61690625,142.71,0.0
2025-04-19T19:00Z,46292.49678039551,100.61690625,127.36,0.0
2025-04-19T20:00Z,44245.32774353027,99.27364890966956,109.55,0.0
2025-04-19T21:00Z,41368.37065124512,98.22129346317297,98.27,0.0
2025-04-19T22:00Z,38718.92751312256,97.85956206066555,100.41,0.0
2025-04-19T23:00Z,36495.908752441406,97.07137775031268,94.9,0.0
2025-04-20T00:00Z,35717.35527038574,97.07137775031268,98.98,0.0
2025-04-20T01:00Z,35641.410217285156,97.85956206066555,97.41,0.0
2025-04-20T02:00Z,35587.66893005371,97.85956206066555,98.83,0.0
2025-04-20T03:00Z,35831.7015914917,97.85956206066555,108.64,0.0
2025-04-20T04:00Z,35836.34373474121,97.07137775031268,109.38,0.0
2025-04-20T05:00Z,38107.743576049805,97.85956206066555,94.32,0.0
2025-04-20T06:00Z,41891.62873840332,97.85956206066555,68.6,0.0
2025-04-20T07:00Z,43704.00345611572,97.07137775031268,18.63,0.0
2025-04-20T08:00Z,43894.20076751709,89.12174847060206,0.0,0.0
2025-04-20T09:00Z,43709.17488861084,35.930899999999994,-5.72,0.0
2025-04-20T10:00Z,42249.620513916016,19.979914529914524,-34.99,0.0
2025-04-20T11:00Z,39939.502532958984,-5.0,-52.42,0.0
2025-04-20T12:00Z,39297.85179901123,-5.0,-40.05,0.0
2025-04-20T13:00Z,38577.106521606445,0.0,-4.76,0.0
2025-04-20T14:00Z,39089.79179382324,19.97991452991453,0.0,0.0
2025-04-20T15:00Z,40336.86797332764,87.8605134487122,72.42,0.0
2025-04-20T16:00Z,42898.35900878906,97.07137775031268,106.81,0.0
2025-04-20T17:00Z,43915.45725250244,98.22129346317297,119.94,0.0
2025-04-20T18:00Z,44137.51965332031,100.61690625,144.95,0.0
2025-04-20T19:00Z,43444.81379699707,99.27364890966956,137.56,0.0
2025-04-20T20:00Z,42134.22319030762,99.27364890966956,121.82,0.0
2025-04-20T21:00Z,39531.13294219971,98.22129346317297,110.68,0.0
2025-04-20T22:00Z,37645.10622406006,98.22129346317297,108.58,0.0
2025-04-20T23:00Z,35519.33623504639,98.22129346317297,97.59,0.0
2025-04-21T00:00Z,34494.88600921631,98.22129346317297,96.47,0.0
2025-04-21T01:00Z,34015.34091949463,97.85956206066555,96.84,0.0
2025-04-21T02:00Z,34632.643814086914,97.85956206066555,97.98,0.0
2025-04-21T03:00Z,35308.662033081055,98.22129346317297,98.54,0.0
2025-04-21T04:00Z,35898.543212890625,98.22129346317297,97.07,0.0
2025-04-21T05:00Z,37669.23303222656,98.22129346317297,91.31,0.0
2025-04-21T06:00Z,40623.51746368408,98.22129346317297,88.5,0.0
2025-04-21T07:00Z,43389.1004486084,98.22129346317297,87.99,0.0
2025-04-21T08:00Z,44822.22563934326,97.07137775031268,65.24,0.0
2025-04-21T09:00Z,46271.19549560547,96.27261728008675,33.88,0.0
2025-04-21T10:00Z,45809.958183288574,96.27261728008675,17.19,0.0
2025-04-21T11:00Z,44224.57424163818,87.8605134487122,8.91,0.0
2025-04-21T12:00Z,43294.181495666504,87.8605134487122,8.43,0.0
2025-04-21T13:00Z,42857.08576965332,87.8605134487122,10.01,0.0
2025-04-21T14:00Z,42236.85145568848,89.71074390243903,50.05,0.0
2025-04-21T15:00Z,43637.06254577637,96.27261728008675,88.77,0.0
2025-04-21T16:00Z,45873.7184677124,98.22129346317297,101.95,0.0
2025-04-21T17:00Z,46304.54244995117,100.61690625,121.95,0.0
2025-04-21T18:00Z,46741.620262145996,107.14837644051812,139.14,0.0
2025-04-21T19:00Z,45880.758476257324,100.66654331474969,132.1,0.0
2025-04-21T20:00Z,44345.34075164795,100.61690625,122.77,0.0
2025-04-21T21:00Z,41634.367515563965,99.27364890966956,106.54,0.0
2025-04-21T22:00Z,39285.40271759033,98.22129346317297,96.21,0.0
2025-04-21T23:00Z,37921.68428039551,98.22129346317297,88.8,0.0
2025-04-22T00:00Z,37211.703956604004,97.85956206066555,87.4,0.0
2025-04-22T01:00Z,37517.523750305176,97.85956206066555,85.01,0.0
2025-04-22T02:00Z,39267.87048339844,98.22129346317297,84.58,0.0
2025-04-22T03:00Z,43668.989501953125,99.27364890966956,97.39,0.0
2025-04-22T04:00Z,50858.20575714111,108.10109259259258,120.76,0.0
2025-04-22T05:00Z,56175.93796539307,110.70326512405268,151.54,0.0
2025-04-22T06:00Z,59687.5078125,110.70326512405268,147.0,0.0
2025-04-22T07:00Z,60502.064765930176,110.70326512405268,111.88,0.0
2025-04-22T08:00Z,60541.28084564209,100.66654331474969,95.2,0.0
2025-04-22T09:00Z,60595.35005187988,99.27364890966956,89.97,0.0
2025-04-22T10:00Z,59721.781509399414,98.22129346317297,79.92,0.0
2025-04-22T11:00Z,58434.36795043945,97.85956206066555,67.66,0.0
2025-04-22T12:00Z,56812.56552886963,97.85956206066555,71.47,0.0
2025-04-22T13:00Z,55617.38245391846,97.85956206066555,78.45,0.0
2025-04-22T14:00Z,54908.35371398926,98.22129346317297,83.07,0.0
2025-04-22T15:00Z,54993.82202911377,99.27364890966956,100.04,0.0
2025-04-22T16:00Z,56351.58954620361,100.66654331474969,122.38,0.0
2025-04-22T17:00Z,56313.49198150635,110.70326512405268,192.32,0.0
2025-04-22T18:00Z,55119.68274688721,110.70326512405268,263.2,0.0
2025-04-22T19:00Z,53772.51069641113,110.70326512405268,157.28,0.0
2025-04-22T20:00Z,50230.80947113037,110.70326512405268,122.28,0.0
2025-04-22T21:00Z,46522.35925292969,110.70326512405268,109.6,0.0
2025-04-22T22:00Z,44341.92702484131,107.14837644051812,106.72,0.0
2025-04-22T23:00Z,43265.867530822754,100.66654331474969,99.4,0.0
2025-04-23T00:00Z,42574.47533416748,100.66654331474969,96.84,0.0
2025-04-23T01:00Z,42675.73328399658,100.66654331474969,96.7,0.0
2025-04-23T02:00Z,43364.38324737549,100.66654331474969,101.2,0.0
2025-04-23T03:00Z,46727.66652679443,108.10109259259258,108.23,0.0
2025-04-23T04:00Z,52591.58403778076,110.70326512405268,137.09,0.0
2025-04-23T05:00Z,57483.92370605469,113.63949367666063,152.0,0.0
2025-04-23T06:00Z,60630.83599090576,110.70326512405268,128.84,0.0
2025-04-23T07:00Z,61674.68095397949,110.70326512405268,100.0,0.0
2025-04-23T08:00Z,61454.46969604492,107.14837644051812,92.0,0.0
2025-04-23T09:00Z,61446.01188659668,100.61690625,94.39,0.0
2025-04-23T10:00Z,60388.04301452637,98.22129346317297,81.04,0.0
2025-04-23T11:00Z,59620.24108123779,97.85956206066555,80.29,0.0
2025-04-23T12:00Z,58028.38047790527,97.85956206066555,88.0,0.0
2025-04-23T13:00Z,57644.21019744873,98.22129346317297,92.35,0.0
2025-04-23T14:00Z,57093.08274078369,98.22129346317297,99.05,0.0
2025-04-23T15:00Z,58169.94902801514,99.27364890966956,108.28,0.0
2025-04-23T16:00Z,58371.03528594971,100.61690625,128.9,0.0
2025-04-23T17:00Z,58368.13847351074,100.61690625,155.97,0.0
2025-04-23T18:00Z,57442.99004364014,100.61690625,148.67,0.0
2025-04-23T19:00Z,55311.27798461914,99.27364890966956,126.11,0.0
2025-04-23T20:00Z,51891.67324066162,98.22129346317297,108.2,0.0
2025-04-23T21:00Z,48057.221031188965,97.85956206066555,97.15,0.0
2025-04-23T22:00Z,45556.22718811035,97.07137775031268,94.17,0.0
2025-04-23T23:00Z,43795.912773132324,97.07137775031268,88.3,0.0
2025-04-24T00:00Z,42691.111557006836,96.27261728008675,86.7,0.0
2025-04-24T01:00Z,42755.95069885254,97.07137775031268,85.65,0.0
2025-04-24T02:00Z,43886.75028991699,97.07137775031268,84.35,0.0
2025-04-24T03:00Z,47436.34120941162,97.85956206066555,90.93,0.0
2025-04-24T04:00Z,54257.43361663818,98.22129346317297,110.34,0.0
2025-04-24T05:00Z,58723.894538879395,100.61690625,118.51,0.0
2025-04-24T06:00Z,61913.36457824707,100.66654331474969,117.65,0.0
2025-04-24T07:00Z,63080.17723083496,100.66654331474969,108.91,0.0
2025-04-24T08:00Z,64467.158203125,100.66654331474969,96.67,0.0
2025-04-24T09:00Z,65439.17524719238,100.61690625,93.55,0.0
2025-04-24T10:00Z,64355.39140319824,100.61690625,81.56,0.0
2025-04-24T11:00Z,63586.42875671387,100.61690625,78.95,0.0
2025-04-24T12:00Z,62689.64798736572,98.22129346317297,78.04,0.0
2025-04-24T13:00Z,60918.567527770996,98.22129346317297,78.72,0.0
2025-04-24T14:00Z,60070.419021606445,98.22129346317297,83.37,0.0
2025-04-24T15:00Z,60515.61799621582,98.22129346317297,95.36,0.0
2025-04-24T16:00Z,61067.235527038574,99.27364890966956,101.02,0.0
2025-04-24T17:00Z,60188.681785583496,100.61690625,114.64,0.0
2025-04-24T18:00Z,58973.43885040283,100.61690625,121.61,0.0
2025-04-24T19:00Z,56683.53177642822,99.27364890966956,114.48,0.0
2025-04-24T20:00Z,52687.93418884277,98.22129346317297,106.53,0.0
2025-04-24T21:00Z,48696.94731140137,97.85956206066555,93.1,0.0
2025-04-24T22:00Z,45570.070945739746,97.85956206066555,91.03,0.0
2025-04-24T23:00Z,43661.36743927002,97.85956206066555,82.92,0.0
2025-04-25T00:00Z,42864.21302032471,97.85956206066555,82.23,0.0
2025-04-25T01:00Z,43087.639709472656,98.22129346317297,83.4,0.0
2025-04-25T02:00Z,44490.98972320557,98.22129346317297,84.95,0.0
2025-04-25T03:00Z,48150.27021026611,100.61690625,94.64,0.0
2025-04-25T04:00Z,54143.733222961426,107.14837644051812,104.41,0.0
2025-04-25T05:00Z,58914.01370239258,110.70326512405268,113.39,0.0
2025-04-25T06:00Z,62136.12033081055,110.70326512405268,111.0,0.0
2025-04-25T07:00Z,63367.50022125244,110.70326512405268,99.41,0.0
2025-04-25T08:00Z,64347.044982910156,110.70326512405268,88.17,0.0
2025-04-25T09:00Z,63969.163146972656,100.66654331474969,75.45,0.0
2025-04-25T10:00Z,63677.70630645752,100.61690625,66.61,0.0
2025-04-25T11:00Z,60547.75824737549,98.22129346317297,48.03,0.0
2025-04-25T12:00Z,57833.66976928711,97.85956206066555,40.99,0.0
2025-04-25T13:00Z,56803.31131744385,97.85956206066555,59.47,0.0
2025-04-25T14:00Z,56176.200508117676,98.22129346317297,73.04,0.0
2025-04-25T15:00Z,56566.585136413574,99.27364890966956,84.19,0.0
2025-04-25T16:00Z,57235.5760345459,100.66654331474969,99.43,0.0
2025-04-25T17:00Z,57405.968757629395,110.70326512405268,115.99,0.0
2025-04-25T18:00Z,56029.69519042969,110.70326512405268,123.78,0.0
2025-04-25T19:00Z,54218.695808410645,107.14837644051812,109.63,0.0
2025-04-25T20:00Z,50520.131675720215,100.61690625,100.37,0.0
2025-04-25T21:00Z,46885.39700317383,98.22129346317297,92.09,0.0
2025-04-25T22:00Z,44222.03727722168,98.22129346317297,100.0,0.0
2025-04-25T23:00Z,41611.21545410156,98.22129346317297,92.19,0.0
2025-04-26T00:00Z,40225.999183654785,98.22129346317297,91.02,0.0
2025-04-26T01:00Z,39974.553215026855,98.22129346317297,89.66,0.0
2025-04-26T02:00Z,40496.567306518555,98.22129346317297,89.01,0.0
2025-04-26T03:00Z,41024.502784729004,98.22129346317297,90.86,0.0
2025-04-26T04:00Z,42309.49855804443,98.22129346317297,93.01,0.0
2025-04-26T05:00Z,44748.75705718994,98.22129346317297,86.33,0.0
2025-04-26T06:00Z,48041.55080413818,99.27364890966956,72.19,0.0
2025-04-26T07:00Z,50482.37300109863,98.22129346317297,34.45,0.0
2025-04-26T08:00Z,50489.38707733154,97.07137775031268,2.55,0.0
2025-04-26T09:00Z,49356.05728149414,87.8605134487122,-0.01,0.0
2025-04-26T10:00Z,48492.249687194824,81.67000276243094,-7.63,0.0
2025-04-26T11:00Z,47141.16045379639,19.97991452991453,-14.85,0.0
2025-04-26T12:00Z,45607.315826416016,19.979914529914524,-10.77,0.0
2025-04-26T13:00Z,44934.627784729004,19.979914529914524,-2.19,0.0
2025-04-26T14:00Z,44720.59578704834,19.979914529914527,-0.02,0.0
2025-04-26T15:00Z,45606.05834197998,81.67000276243094,30.99,0.0
2025-04-26T16:00Z,47429.82083129883,96.27261728008675,79.0,0.0
2025-04-26T17:00Z,48261.0750579834,97.07137775031268,99.81,0.0
2025-04-26T18:00Z,47792.38324737549,97.07137775031268,107.4,0.0
2025-04-26T19:00Z,47189.99900054932,96.27261728008675,96.85,0.0
2025-04-26T20:00Z,44928.32131958008,87.8605134487122,85.26,0.0
2025-04-26T21:00Z,42008.01921081543,35.930899999999994,72.31,0.0
2025-04-26T22:00Z,39307.74275970459,20.41331893790761,67.71,0.0
2025-04-26T23:00Z,37700.35329437256,19.97991452991453,62.91,0.0
2025-04-27T00:00Z,36478.02143096924,20.174743021012397,57.96,0.0
2025-04-27T01:00Z,36341.657707214355,35.93089999999999,59.12,0.0
2025-04-27T02:00Z,36849.575927734375,35.93090000000001,61.94,0.0
2025-04-27T03:00Z,37128.134048461914,87.8605134487122,69.05,0.0
2025-04-27T04:00Z,37172.64372253418,89.71074390243903,69.14,0.0
2025-04-27T05:00Z,39452.411628723145,96.27261728008675,63.72,0.0
2025-04-27T06:00Z,42544.00769042969,97.07137775031268,34.95,0.0
2025-04-27T07:00Z,44961.91620635986,96.27261728008675,0.04,0.0
2025-04-27T08:00Z,45539.9751663208,87.8605134487122,-3.0,0.0
2025-04-27T09:00Z,45411.65379333496,20.437413077687253,-33.88,0.0
2025-04-27T10:00Z,44286.794662475586,19.979914529914524,-101.04,0.0
2025-04-27T11:00Z,42642.02254486084,0.0,-129.81,0.0
2025-04-27T12:00Z,41056.74454498291,-5.0,-116.61,0.0
2025-04-27T13:00Z,40464.15566253662,0.0,-50.0,0.0
2025-04-27T14:00Z,40631.376052856445,19.979914529914527,-5.17,0.0
2025-04-27T15:00Z,42862.07099151611,81.86080139670645,18.35,0.0
2025-04-27T16:00Z,45382.4608001709,97.07137775031268,91.98,0.0
2025-04-27T17:00Z,47232.971740722656,98.22129346317297,110.83,0.0
2025-04-27T18:00Z,47651.31993865967,100.66654331474969,124.23,0.0
2025-04-27T19:00Z,47383.900314331055,100.61690625,109.24,0.0
2025-04-27T20:00Z,45977.54753112793,100.61690625,99.0,0.0
2025-04-27T21:00Z,43276.991302490234,98.22129346317297,93.77,0.0
2025-04-27T22:00Z,41312.26549530029,98.22129346317297,92.24,0.0
2025-04-27T23:00Z,39973.016426086426,98.22129346317297,86.49,0.0
2025-04-28T00:00Z,39242.019050598145,98.22129346317297,83.1,0.0
2025-04-28T01:00Z,39584.571144104004,98.22129346317297,85.41,0.0
2025-04-28T02:00Z,41338.27397155762,100.61690625,91.19,0.0
2025-04-28T03:00Z,45474.679763793945,100.66654331474969,99.49,0.0
2025-04-28T04:00Z,52810.53800201416,110.70326512405268,140.0,0.0
2025-04-28T05:00Z,57841.681007385254,113.63949367666063,131.09,0.0
2025-04-28T06:00Z,60828.86341094971,113.63949367666063,96.85,0.0
2025-04-28T07:00Z,58961.78234100342,107.14837644051812,67.37,0.0
2025-04-28T08:00Z,58413.15125274658,98.22129346317297,10.03,0.0
2025-04-28T09:00Z,56828.979988098145,97.07137775031268,-0.01,0.0
2025-04-28T10:00Z,55945.34621429443,96.27261728008675,-4.02,0.0
2025-04-28T11:00Z,55226.25995635986,87.8605134487122,-5.9,0.0
2025-04-28T12:00Z,53828.1047668457,87.8605134487122,-6.18,0.0
2025-04-28T13:00Z,53137.40930175781,87.8605134487122,-1.54,0.0
2025-04-28T14:00Z,53161.47303771973,96.27261728008675,2.01,0.0
2025-04-28T15:00Z,53982.506202697754,97.07137775031268,71.83,0.0
2025-04-28T16:00Z,56261.496238708496,98.22129346317297,101.92,0.0
2025-04-28T17:00Z,57887.39319610596,107.14837644051812,149.9,0.0
2025-04-28T18:00Z,57038.42350769043,110.70326512405268,194.81,0.0
2025-04-28T19:00Z,55118.86658477783,110.70326512405268,128.83,0.0
2025-04-28T20:00Z,51967.20977020264,100.66654331474969,106.24,0.0
2025-04-28T21:00Z,48507.44278717041,100.61690625,96.83,0.0
2025-04-28T22:00Z,45752.662284851074,99.27364890966956,90.64,0.0
2025-04-28T23:00Z,44143.63996887207,98.22129346317297,86.86,0.0
2025-04-29T00:00Z,42711.54103088379,98.22129346317297,81.76,0.0
2025-04-29T01:00Z,42548.05521392822,98.22129346317297,79.17,0.0
2025-04-29T02:00Z,44241.49518585205,98.22129346317297,80.03,0.0
2025-04-29T03:00Z,48871.71796417236,100.61690625,90.57,0.0
2025-04-29T04:00Z,55805.27544403076,110.70326512405268,107.0,0.0
2025-04-29T05:00Z,60691.71276855469,110.70326512405268,113.13,0.0
2025-04-29T06:00Z,62693.02798461914,110.70326512405268,99.98,0.0
2025-04-29T07:00Z,61159.68073272705,100.66654331474969,78.0,0.0
2025-04-29T08:00Z,58462.17948150635,98.22129346317297,9.31,0.0
2025-04-29T09:00Z,57625.450355529785,96.27261728008675,0.0,0.0
2025-04-29T10:00Z,56686.291763305664,96.27261728008675,-0.76,0.0
2025-04-29T11:00Z,56000.393005371094,89.71074390243903,-1.9,0.0
2025-04-29T12:00Z,54533.2061920166,87.8605134487122,-1.67,0.0
2025-04-29T13:00Z,53729.34906768799,87.8605134487122,-0.01,0.0
2025-04-29T14:00Z,52753.327728271484,92.54273178553254,14.82,0.0
2025-04-29T15:00Z,54810.822761535645,97.07137775031268,77.6,0.0
2025-04-29T16:00Z,56484.006996154785,98.22129346317297,102.0,0.0
2025-04-29T17:00Z,57641.389488220215,100.66654331474969,139.83,0.0
2025-04-29T18:00Z,56428.23229217529,110.70326512405268,174.75,0.0
2025-04-29T19:00Z,54812.415672302246,107.14837644051812,129.11,0.0
2025-04-29T20:00Z,50856.40119934082,100.61690625,108.83,0.0
2025-04-29T21:00Z,47321.45552062988,99.27364890966956,97.82,0.0
2025-04-29T22:00Z,43903.91123962402,98.22129346317297,95.0,0.0
2025-04-29T23:00Z,42106.19849395752,98.22129346317297,90.0,0.0
2025-04-30T00:00Z,40918.27712249756,98.22129346317297,87.59,0.0
2025-04-30T01:00Z,41318.649475097656,99.27364890966956,88.25,0.0
2025-04-30T02:00Z,42877.31723022461,100.61690625,91.4,0.0
2025-04-30T03:00Z,46855.707931518555,100.66654331474969,95.83,0.0
2025-04-30T04:00Z,53597.01377105713,110.70326512405268,115.27,0.0
2025-04-30T05:00Z,58256.2925491333,110.70326512405268,120.3,0.0
2025-04-30T06:00Z,60368.373222351074,110.70326512405268,99.9,0.0
2025-04-30T07:00Z,59604.05952453613,107.14837644051812,76.7,0.0
2025-04-30T08:00Z,58293.93273925781,98.22129346317297,7.08,0.0
2025-04-30T09:00Z,56977.689796447754,97.07137775031268,0.0,0.0
2025-04-30T10:00Z,55843.026695251465,96.27261728008675,-1.0,0.0
2025-04-30T11:00Z,55467.5069732666,92.54273178553254,-6.21,0.0
2025-04-30T12:00Z,54478.54975128174,89.71074390243903,-3.0,0.0
2025-04-30T13:00Z,53425.87894439697,92.54273178553254,-0.02,0.0
2025-04-30T14:00Z,53251.10202789307,96.27261728008675,19.91,0.0
2025-04-30T15:00Z,53794.2444152832,97.07137775031268,78.39,0.0
2025-04-30T16:00Z,54911.16100311279,99.27364890966956,101.8,0.0
2025-04-30T17:00Z,55967.5422668457,110.70326512405268,130.37,0.0
2025-04-30T18:00Z,54761.73974609375,110.70326512405268,176.43,0.0
2025-04-30T19:00Z,52963.58631896973,110.70326512405268,128.0,0.0
2025-04-30T20:00Z,49310.765213012695,100.66654331474969,108.33,0.0
2025-04-30T21:00Z,45119.88245391846,100.61690625,98.68,0.0
2025-04-30T22:00Z,41633.76375579834,98.22129346317297,97.51,0.0
2025-04-30T23:00Z,39763.11092376709,98.22129346317297,91.78,0.0
2025-05-01T00:00Z,38419.22395324707,98.22129346317297,90.46,0.0
2025-05-01T01:00Z,37602.069175720215,98.22129346317297,90.63,0.0
2025-05-01T02:00Z,37334.29048156738,98.22129346317297,90.5,0.0
2025-05-01T03:00Z,36929.267417907715,98.22129346317297,84.16,0.0
2025-05-01T04:00Z,37000.34924316406,98.22129346317297,83.94,0.0
2025-05-01T05:00Z,38910.64318084717,98.22129346317297,78.04,0.0
2025-05-01T06:00Z,42361.03056335449,98.22129346317297,62.1,0.0
2025-05-01T07:00Z,44641.22344207764,97.85956206066555,0.0,0.0
2025-05-01T08:00Z,44671.14919281006,96.27261728008675,-3.0,0.0
2025-05-01T09:00Z,44269.40456390381,81.86080139670645,-40.1,0.0
2025-05-01T10:00Z,42841.04899597168,20.21801336529556,-85.01,0.0
2025-05-01T11:00Z,41544.10047912598,19.979914529914527,-129.99,0.0
2025-05-01T12:00Z,39815.76950073242,19.979914529914524,-118.11,0.0
2025-05-01T13:00Z,39210.904151916504,19.979914529914527,-49.99,0.0
2025-05-01T14:00Z,39501.25505065918,21.324754617468464,-5.17,0.0
2025-05-01T15:00Z,41301.168785095215,87.8605134487122,40.77,0.0
2025-05-01T16:00Z,43551.72898101807,97.07137775031268,96.14,0.0
2025-05-01T17:00Z,45308.06694793701,99.27364890966956,129.87,0.0
2025-05-01T18:00Z,45461.660705566406,100.66654331474969,164.38,0.0
2025-05-01T19:00Z,45806.18379211426,100.61690625,122.45,0.0
2025-05-01T20:00Z,44160.44122314453,98.22129346317297,100.73,0.0
2025-05-01T21:00Z,41581.063552856445,97.07137775031268,87.1,0.0
2025-05-01T22:00Z,39564.0237197876,96.27261728008675,89.92,0.0
2025-05-01T23:00Z,37899.77035522461,96.27261728008675,77.12,0.0
2025-05-02T00:00Z,37488.613105773926,96.27261728008675,66.9,0.0
2025-05-02T01:00Z,37292.04065704346,87.8605134487122,63.91,0.0
2025-05-02T02:00Z,38350.36838531494,89.12174847060206,66.0,0.0
2025-05-02T03:00Z,41143.77754974365,96.27261728008675,74.01,0.0
2025-05-02T04:00Z,46133.9222946167,97.07137775031268,86.83,0.0
2025-05-02T05:00Z,49967.349182128906,97.85956206066555,88.55,0.0
2025-05-02T06:00Z,52701.09922027588,97.07137775031268,84.9,0.0
2025-05-02T07:00Z,52067.62592315674,97.07137775031268,55.0,0.0
2025-05-02T08:00Z,51832.51912689209,96.27261728008675,0.85,0.0
2025-05-02T09:00Z,51895.53876495361,89.71074390243903,-0.01,0.0
2025-05-02T10:00Z,52405.231018066406,81.86080139670645,-0.8,0.0
2025-05-02T11:00Z,50874.996826171875,21.324754617468464,-3.0,0.0
2025-05-02T12:00Z,49287.716552734375,19.979914529914524,-4.0,0.0
2025-05-02T13:00Z,49171.11958312988,19.979914529914524,-0.08,0.0
2025-05-02T14:00Z,49222.9997253418,20.174743021012397,0.3,0.0
2025-05-02T15:00Z,50668.64298248291,87.8605134487122,67.5,0.0
2025-05-02T16:00Z,51553.509338378906,96.27261728008675,99.9,0.0
2025-05-02T17:00Z,51838.17921447754,98.22129346317297,118.39,0.0
2025-05-02T18:00Z,50240.51348114014,100.61690625,150.4,0.0
2025-05-02T19:00Z,48998.94981384277,100.61690625,121.24,0.0
2025-05-02T20:00Z,46539.948318481445,98.22129346317297,106.72,0.0
2025-05-02T21:00Z,43262.20246887207,97.85956206066555,96.44,0.0
2025-05-02T22:00Z,41423.469009399414,97.85956206066555,97.81,0.0
2025-05-02T23:00Z,39426.848236083984,97.07137775031268,93.34,0.0
2025-05-03T00:00Z,37945.98977661133,97.07137775031268,92.2,0.0
2025-05-03T01:00Z,37342.77951049805,97.85956206066555,92.0,0.0
2025-05-03T02:00Z,37010.69251251221,97.85956206066555,91.23,0.0
2025-05-03T03:00Z,38167.24292755127,97.85956206066555,91.84,0.0
2025-05-03T04:00Z,39690.38547515869,97.85956206066555,92.86,0.0
2025-05-03T05:00Z,41670.20168304443,98.22129346317297,87.73,0.0
2025-05-03T06:00Z,45329.239501953125,98.22129346317297,79.9,0.0
2025-05-03T07:00Z,48794.430488586426,98.22129346317297,13.53,0.0
2025-05-03T08:00Z,50304.02341461182,97.85956206066555,0.01,0.0
2025-05-03T09:00Z,50555.36233520508,97.07137775031268,-0.01,0.0
2025-05-03T10:00Z,49588.160972595215,96.27261728008675,-1.16,0.0
2025-05-03T11:00Z,47634.42281341553,96.27261728008675,-3.04,0.0
2025-05-03T12:00Z,46029.84770202637,87.8605134487122,-2.69,0.0
2025-05-03T13:00Z,45105.55027770996,87.8605134487122,-0.03,0.0
2025-05-03T14:00Z,45359.35427856445,87.8605134487122,0.0,0.0
2025-05-03T15:00Z,46296.222717285156,87.8605134487122,28.87,0.0
2025-05-03T16:00Z,47780.13218688965,89.71074390243903,68.11,0.0
2025-05-03T17:00Z,48044.26475524902,96.27261728008675,77.54,0.0
2025-05-03T18:00Z,46680.22627258301,96.27261728008675,90.27,0.0
2025-05-03T19:00Z,45611.138664245605,89.12174847060206,87.02,0.0
2025-05-03T20:00Z,43445.0325012207,35.93090000000001,78.63,0.0
2025-05-03T21:00Z,41291.10205078125,20.41331893790761,65.91,0.0
2025-05-03T22:00Z,39324.02774810791,19.97991452991453,60.3,0.0
2025-05-03T23:00Z,37649.45170593262,19.979914529914524,44.9,0.0
2025-05-04T00:00Z,37063.01644897461,19.979914529914524,31.47,0.0
2025-05-04T01:00Z,36541.14645385742,-5.0,20.39,0.0
2025-05-04T02:00Z,37169.721046447754,-5.0,20.02,0.0
2025-05-04T03:00Z,37421.11904144287,-5.0,15.58,0.0
2025-05-04T04:00Z,37293.31496429443,-5.0,13.62,0.0
2025-05-04T05:00Z,39404.53192138672,0.0,7.83,0.0
2025-05-04T06:00Z,43237.697982788086,-5.0,2.93,0.0
2025-05-04T07:00Z,46273.84720611572,-5.0,0.0,0.0
2025-05-04T08:00Z,48950.99573516846,-5.0,-0.01,0.0
2025-05-04T09:00Z,50287.22752380371,-5.0,-0.01,0.0
2025-05-04T10:00Z,49769.00403594971,-5.0,-0.02,0.0
2025-05-04T11:00Z,47910.30725860596,-5.0,-2.0,0.0
2025-05-04T12:00Z,45881.87554168701,-5.0,-5.01,0.0
2025-05-04T13:00Z,44842.22594451904,-5.0,-1.59,0.0
2025-05-04T14:00Z,44706.68850708008,19.979914529914524,-0.01,0.0
2025-05-04T15:00Z,46134.83023071289,20.21801336529556,10.07,0.0
2025-05-04T16:00Z,46930.371017456055,87.8605134487122,80.08,0.0
2025-05-04T17:00Z,47402.03908538818,97.07137775031268,95.95,0.0
2025-05-04T18:00Z,46824.820976257324,98.22129346317297,109.0,0.0
2025-05-04T19:00Z,46184.49842071533,99.27364890966956,112.38,0.0
2025-05-04T20:00Z,44840.9386138916,98.22129346317297,101.79,0.0
2025-05-04T21:00Z,41726.4245300293,97.85956206066555,87.35,0.0
2025-05-04T22:00Z,39330.1994934082,97.07137775031268,75.18,0.0
2025-05-04T23:00Z,38437.12767791748,96.27261728008675,70.51,0.0
2025-05-05T00:00Z,38239.228454589844,96.27261728008675,72.25,0.0
2025-05-05T01:00Z,38594.37447357178,96.27261728008675,75.15,0.0
2025-05-05T02:00Z,40039.49326324463,96.27261728008675,74.98,0.0
2025-05-05T03:00Z,44149.99579620361,97.07137775031268,89.49,0.0
2025-05-05T04:00Z,52037.40376281738,98.22129346317297,110.92,0.0
2025-05-05T05:00Z,56887.96878051758,99.27364890966956,122.57,0.0
2025-05-05T06:00Z,60298.58547973633,99.27364890966956,106.69,0.0
2025-05-05T07:00Z,60382.71099090576,97.85956206066555,90.82,0.0
2025-05-05T08:00Z,60582.98496246338,96.27261728008675,80.0,0.0
2025-05-05T09:00Z,60655.0104675293,96.27261728008675,61.65,0.0
2025-05-05T10:00Z,60544.979316711426,96.27261728008675,53.83,0.0
2025-05-05T11:00Z,59894.5037689209,96.27261728008675,49.66,0.0
2025-05-05T12:00Z,58129.96244812012,96.27261728008675,59.3,0.0
2025-05-05T13:00Z,57039.421447753906,96.27261728008675,70.42,0.0
2025-05-05T14:00Z,56793.16596984863,97.07137775031268,78.88,0.0
2025-05-05T15:00Z,57504.98230743408,97.85956206066555,89.22,0.0
2025-05-05T16:00Z,58736.07548522949,98.22129346317297,100.1,0.0
2025-05-05T17:00Z,58569.75143432617,100.61690625,128.92,0.0
2025-05-05T18:00Z,56960.96325683594,100.66654331474969,128.0,0.0
2025-05-05T19:00Z,55222.99197387695,100.61690625,113.17,0.0
2025-05-05T20:00Z,51606.94379425049,98.22129346317297,101.52,0.0
2025-05-05T21:00Z,47826.691230773926,98.22129346317297,94.46,0.0
2025-05-05T22:00Z,44737.04238128662,98.22129346317297,87.22,0.0
2025-05-05T23:00Z,43257.73081970215,97.85956206066555,81.68,0.0
2025-05-06T00:00Z,42678.75676727295,97.85956206066555,81.29,0.0
2025-05-06T01:00Z,42767.02265930176,97.85956206066555,79.96,0.0
2025-05-06T02:00Z,44149.08475494385,97.85956206066555,82.39,0.0
2025-05-06T03:00Z,48127.5315246582,98.22129346317297,97.08,0.0
2025-05-06T04:00Z,54766.29692840576,100.61690625,114.57,0.0
2025-05-06T05:00Z,59752.04898071289,100.66654331474969,121.86,0.0
2025-05-06T06:00Z,61625.51218414307,100.66654331474969,108.37,0.0
2025-05-06T07:00Z,61418.85729217529,98.22129346317297,83.08,0.0
2025-05-06T08:00Z,61362.382667541504,96.27261728008675,72.27,0.0
2025-05-06T09:00Z,61247.00771331787,89.12174847060206,59.89,0.0
2025-05-06T10:00Z,59725.90448760986,96.27261728008675,42.81,0.0
2025-05-06T11:00Z,57753.79348754883,87.8605134487122,38.17,0.0
2025-05-06T12:00Z,56124.06167602539,81.86080139670645,45.44,0.0
2025-05-06T13:00Z,55739.471015930176,87.8605134487122,65.0,0.0
2025-05-06T14:00Z,55030.23796081543,87.8605134487122,73.73,0.0
2025-05-06T15:00Z,55872.12532043457,96.27261728008675,89.99,0.0
2025-05-06T16:00Z,56712.01119995117,97.85956206066555,106.89,0.0
2025-05-06T17:00Z,56791.094482421875,98.22129346317297,134.09,0.0
2025-05-06T18:00Z,55577.5599899292,100.61690625,161.18,0.0
2025-05-06T19:00Z,54590.43765258789,100.66654331474969,136.6,0.0
2025-05-06T20:00Z,50897.918281555176,99.27364890966956,118.28,0.0
2025-05-06T21:00Z,47182.30173492432,98.22129346317297,101.27,0.0
2025-05-06T22:00Z,44302.06494140625,98.22129346317297,92.67,0.0
2025-05-06T23:00Z,42846.41801452637,98.22129346317297,87.05,0.0
2025-05-07T00:00Z,42367.30994415283,98.22129346317297,85.63,0.0
2025-05-07T01:00Z,42392.781494140625,98.22129346317297,88.6,0.0
2025-05-07T02:00Z,43406.338554382324,98.22129346317297,95.16,0.0
2025-05-07T03:00Z,47176.46997833252,100.61690625,108.57,0.0
2025-05-07T04:00Z,53738.483322143555,110.70326512405268,131.68,0.0
2025-05-07T05:00Z,58377.70524597168,110.70326512405268,143.95,0.0
2025-05-07T06:00Z,61021.449783325195,110.70326512405268,125.0,0.0
2025-05-07T07:00Z,61802.66674041748,110.70326512405268,96.43,0.0
2025-05-07T08:00Z,60554.049461364746,99.27364890966956,82.41,0.0
2025-05-07T09:00Z,60527.89862823486,97.85956206066555,73.3,0.0
2025-05-07T10:00Z,59316.16123962402,97.07137775031268,64.43,0.0
2025-05-07T11:00Z,58439.56660461426,96.27261728008675,63.92,0.0
2025-05-07T12:00Z,57367.18175506592,96.27261728008675,68.04,0.0
2025-05-07T13:00Z,56686.50501251221,96.27261728008675,75.0,0.0
2025-05-07T14:00Z,56140.767753601074,97.07137775031268,81.8,0.0
2025-05-07T15:00Z,57113.33223724365,97.85956206066555,95.85,0.0
2025-05-07T16:00Z,58213.051094055176,98.22129346317297,108.49,0.0
2025-05-07T17:00Z,58196.89253234863,100.61690625,128.93,0.0
2025-05-07T18:00Z,56469.34597015381,100.61690625,147.15,0.0
2025-05-07T19:00Z,55209.79407501221,100.61690625,125.18,0.0
2025-05-07T20:00Z,51224.41623687744,98.22129346317297,108.49,0.0
2025-05-07T21:00Z,47511.8942565918,97.85956206066555,96.59,0.0
2025-05-07T22:00Z,44539.56678009033,97.85956206066555,95.86,0.0
2025-05-07T23:00Z,42846.203437805176,97.85956206066555,91.66,0.0
2025-05-08T00:00Z,42013.64421081543,97.85956206066555,91.51,0.0
2025-05-08T01:00Z,42145.812492370605,98.22129346317297,93.18,0.0
2025-05-08T02:00Z,43111.62544250488,98.22129346317297,96.09,0.0
2025-05-08T03:00Z,46507.75759887695,99.27364890966956,109.25,0.0
2025-05-08T04:00Z,53153.0782623291,107.14837644051812,124.27,0.0
2025-05-08T05:00Z,57853.57773590088,110.70326512405268,138.73,0.0
2025-05-08T06:00Z,60752.14504241943,110.70326512405268,124.11,0.0
2025-05-08T07:00Z,61223.0739364624,110.70326512405268,101.13,0.0
2025-05-08T08:00Z,59938.89956665039,99.27364890966956,87.81,0.0
2025-05-08T09:00Z,58857.396255493164,97.07137775031268,75.34,0.0
2025-05-08T10:00Z,57680.563247680664,97.07137775031268,64.25,0.0
2025-05-08T11:00Z,56838.615547180176,96.27261728008675,63.75,0.0
2025-05-08T12:00Z,56295.880920410156,97.07137775031268,70.05,0.0
2025-05-08T13:00Z,55701.9246673584,97.07137775031268,78.77,0.0
2025-05-08T14:00Z,55971.96122741699,97.07137775031268,85.3,0.0
2025-05-08T15:00Z,56657.05210876465,97.85956206066555,91.63,0.0
2025-05-08T16:00Z,57625.626052856445,98.22129346317297,109.09,0.0
2025-05-08T17:00Z,57267.565979003906,100.61690625,134.96,0.0
2025-05-08T18:00Z,56398.59226989746,100.66654331474969,185.08,0.0
2025-05-08T19:00Z,54614.832206726074,100.66654331474969,143.18,0.0
2025-05-08T20:00Z,50929.474281311035,99.27364890966956,114.77,0.0
2025-05-08T21:00Z,47233.64421081543,98.22129346317297,106.48,0.0
2025-05-08T22:00Z,44448.4126663208,98.22129346317297,102.27,0.0
2025-05-08T23:00Z,42688.0725479126,98.22129346317297,96.55,0.0
2025-05-09T00:00Z,42070.00526428223,98.22129346317297,93.76,0.0
2025-05-09T01:00Z,42468.65979003906,99.27364890966956,95.09,0.0
2025-05-09T02:00Z,43748.35214996338,100.61690625,100.28,0.0
2025-05-09T03:00Z,47378.330238342285,100.66654331474969,112.4,0.0
2025-05-09T04:00Z,53742.90894317627,110.70326512405268,141.0,0.0
2025-05-09T05:00Z,58073.16236114502,110.70326512405268,136.03,0.0
2025-05-09T06:00Z,60770.764488220215,110.70326512405268,100.61,0.0
2025-05-09T07:00Z,59767.82053375244,100.66654331474969,82.0,0.0
2025-05-09T08:00Z,58204.76020050049,98.22129346317297,51.6,0.0
2025-05-09T09:00Z,57492.01650238037,96.27261728008675,0.1,0.0
2025-05-09T10:00Z,56838.19178009033,94.87131662251792,-0.74,0.0
2025-05-09T11:00Z,55577.83583068848,87.8605134487122,-0.04,0.0
2025-05-09T12:00Z,54033.271240234375,87.8605134487122,-0.01,0.0
2025-05-09T13:00Z,53666.784408569336,89.71074390243903,0.09,0.0
2025-05-09T14:00Z,53264.41817474365,96.27261728008675,52.66,0.0
2025-05-09T15:00Z,53342.32228088379,97.07137775031268,79.06,0.0
2025-05-09T16:00Z,53955.49952697754,97.85956206066555,98.9,0.0
2025-05-09T17:00Z,54557.11100769043,99.27364890966956,120.0,0.0
2025-05-09T18:00Z,53785.058517456055,100.66654331474969,149.13,0.0
2025-05-09T19:00Z,52115.26503753662,100.66654331474969,130.35,0.0
2025-05-09T20:00Z,49485.08875274658,99.27364890966956,107.32,0.0
2025-05-09T21:00Z,45966.1639251709,98.22129346317297,98.32,0.0
2025-05-09T22:00Z,42548.39750671387,98.22129346317297,105.22,0.0
2025-05-09T23:00Z,40699.532234191895,97.85956206066555,102.91,0.0
2025-05-10T00:00Z,39426.40818023682,97.85956206066555,98.78,0.0
2025-05-10T01:00Z,39028.97650909424,97.85956206066555,96.28,0.0
2025-05-10T02:00Z,39399.99745178223,98.22129346317297,100.9,0.0
2025-05-10T03:00Z,39787.722312927246,98.22129346317297,100.47,0.0
2025-05-10T04:00Z,41366.25645446777,98.22129346317297,97.73,0.0
2025-05-10T05:00Z,43656.7435836792,100.61690625,93.91,0.0
2025-05-10T06:00Z,47266.09705352783,100.61690625,73.72,0.0
2025-05-10T07:00Z,48410.5807723999,98.22129346317297,9.02,0.0
2025-05-10T08:00Z,48173.80758666992,97.07137775031268,-0.07,0.0
2025-05-10T09:00Z,47934.53172302246,94.87131662251792,-22.88,0.0
2025-05-10T10:00Z,47054.01550292969,81.86080139670645,-58.48,0.0
2025-05-10T11:00Z,45271.14450836182,35.930899999999994,-114.53,0.0
2025-05-10T12:00Z,43627.23407745361,20.21801336529556,-110.51,0.0
2025-05-10T13:00Z,42909.86779785156,20.21801336529556,-49.52,0.0
2025-05-10T14:00Z,43122.133544921875,35.93090000000001,-5.94,0.0
2025-05-10T15:00Z,44337.79904937744,89.12174847060206,23.99,0.0
2025-05-10T16:00Z,45902.461280822754,97.07137775031268,95.27,0.0
2025-05-10T17:00Z,47099.00898742676,97.85956206066555,124.04,0.0
2025-05-10T18:00Z,46632.14726257324,98.22129346317297,163.2,0.0
2025-05-10T19:00Z,45706.30274963379,98.22129346317297,129.49,0.0
2025-05-10T20:00Z,43888.98821258545,97.85956206066555,107.72,0.0
2025-05-10T21:00Z,41146.64894866943,97.07137775031268,94.49,0.0
2025-05-10T22:00Z,38442.458068847656,96.27261728008675,97.8,0.0
2025-05-10T23:00Z,36634.069427490234,96.27261728008675,95.1,0.0
2025-05-11T00:00Z,35169.88674163818,96.27261728008675,94.51,0.0
2025-05-11T01:00Z,34652.364517211914,96.27261728008675,95.42,0.0
2025-05-11T02:00Z,34738.55418395996,96.27261728008675,95.39,0.0
2025-05-11T03:00Z,35012.49755859375,96.27261728008675,95.45,0.0
2025-05-11T04:00Z,35833.13870239258,96.27261728008675,87.61,0.0
2025-05-11T05:00Z,38046.42901611328,96.27261728008675,65.76,0.0
2025-05-11T06:00Z,41951.94152069092,97.07137775031268,4.96,0.0
2025-05-11T07:00Z,43464.79674530029,96.27261728008675,-0.1,0.0
2025-05-11T08:00Z,43615.745277404785,35.93090000000001,-12.02,0.0
2025-05-11T09:00Z,44192.61471557617,19.979914529914527,-51.95,0.0
2025-05-11T10:00Z,42971.06670379639,-5.0,-212.82,0.0
2025-05-11T11:00Z,40606.00086975098,-5.0,-250.32,0.0
2025-05-11T12:00Z,39372.89920043945,-5.0,-230.98,0.0
2025-05-11T13:00Z,39155.783058166504,-5.0,-110.06,0.0
2025-05-11T14:00Z,39432.93893432617,-5.0,-18.52,0.0
2025-05-11T15:00Z,41109.22924041748,19.979914529914527,-0.08,0.0
2025-05-11T16:00Z,43853.07802581787,81.67000276243094,85.96,0.0
2025-05-11T17:00Z,45435.4161529541,94.87131662251792,117.11,0.0
2025-05-11T18:00Z,46160.57243347168,96.27261728008675,124.86,0.0
2025-05-11T19:00Z,46429.128257751465,87.8605134487122,109.55,0.0
2025-05-11T20:00Z,45490.70124053955,35.930899999999994,98.45,0.0
2025-05-11T21:00Z,42352.42483520508,19.979914529914527,84.68,0.0
2025-05-11T22:00Z,40365.18292236328,19.979914529914524,86.0,0.0
2025-05-11T23:00Z,38903.911277770996,19.979914529914527,81.28,0.0
2025-05-12T00:00Z,38225.87855529785,19.97991452991453,80.95,0.0
2025-05-12T01:00Z,38615.32719421387,20.437413077687253,81.48,0.0
2025-05-12T02:00Z,39846.75679016113,35.93090000000001,84.65,0.0
2025-05-12T03:00Z,44000.681564331055,89.12174847060206,97.71,0.0
2025-05-12T04:00Z,50892.88346862793,97.07137775031268,137.05,0.0
2025-05-12T05:00Z,56186.205253601074,97.85956206066555,141.15,0.0
2025-05-12T06:00Z,59278.69396209717,98.22129346317297,108.49,0.0
2025-05-12T07:00Z,58460.13593292236,97.07137775031268,69.74,0.0
2025-05-12T08:00Z,58195.700340270996,94.87131662251792,0.49,0.0
2025-05-12T09:00Z,57646.26205444336,35.9309,-3.91,0.0
2025-05-12T10:00Z,56633.465675354004,19.979914529914527,-25.0,0.0
2025-05-12T11:00Z,55310.35961151123,19.979914529914524,-35.0,0.0
2025-05-12T12:00Z,54246.509269714355,0.0,-29.9,0.0
2025-05-12T13:00Z,53667.62096405029,19.979914529914524,-8.59,0.0
2025-05-12T14:00Z,52934.27402496338,19.979914529914524,-0.01,0.0
2025-05-12T15:00Z,54115.524238586426,35.930899999999994,72.58,0.0
2025-05-12T16:00Z,55959.98749542236,92.54273178553254,107.12,0.0
2025-05-12T17:00Z,56659.20196533203,97.07137775031268,141.41,0.0
2025-05-12T18:00Z,56034.869232177734,98.22129346317297,172.7,0.0
2025-05-12T19:00Z,54573.9504776001,97.85956206066555,117.25,0.0
2025-05-12T20:00Z,51125.34801483154,96.27261728008675,100.11,0.0
2025-05-12T21:00Z,46646.23146057129,96.27261728008675,92.97,0.0
2025-05-12T22:00Z,43200.62557220459,87.8605134487122,89.87,0.0
2025-05-12T23:00Z,41823.04052734375,94.87131662251792,88.55,0.0
2025-05-13T00:00Z,40735.27224731445,96.27261728008675,89.2,0.0
2025-05-13T01:00Z,40718.57050323486,96.27261728008675,93.94,0.0
2025-05-13T02:00Z,42231.75331878662,97.07137775031268,96.71,0.0
2025-05-13T03:00Z,45635.18952178955,98.22129346317297,104.0,0.0
2025-05-13T04:00Z,52443.4715423584,100.66654331474969,136.77,0.0
2025-05-13T05:00Z,57466.78732299805,110.70326512405268,128.33,0.0
2025-05-13T06:00Z,60283.49631500244,110.70326512405268,100.42,0.0
2025-05-13T07:00Z,59117.43932342529,100.61690625,79.36,0.0
2025-05-13T08:00Z,58446.36876678467,97.85956206066555,16.09,0.0
2025-05-13T09:00Z,58174.02047729492,96.27261728008675,-0.75,0.0
2025-05-13T10:00Z,57170.11949157715,94.87131662251792,-6.0,0.0
2025-05-13T11:00Z,56278.96128845215,87.8605134487122,-16.0,0.0
2025-05-13T12:00Z,55085.73922729492,81.86080139670645,-6.55,0.0
2025-05-13T13:00Z,54175.533546447754,81.86080139670645,-3.83,0.0
2025-05-13T14:00Z,53946.67555999756,92.54273178553254,0.55,0.0
2025-05-13T15:00Z,55060.82415008545,96.27261728008675,74.0,0.0
2025-05-13T16:00Z,57163.35749053955,97.85956206066555,105.23,0.0
2025-05-13T17:00Z,58152.97302246094,99.27364890966956,151.07,0.0
2025-05-13T18:00Z,57463.36226654053,100.66654331474969,223.58,0.0
2025-05-13T19:00Z,55606.28495788574,100.61690625,148.96,0.0
2025-05-13T20:00Z,51585.393226623535,99.27364890966956,111.97,0.0
2025-05-13T21:00Z,47837.69509124756,98.22129346317297,102.63,0.0
2025-05-13T22:00Z,45223.41799926758,97.85956206066555,102.78,0.0
2025-05-13T23:00Z,43884.54429626465,97.85956206066555,97.3,0.0
2025-05-14T00:00Z,43264.62773132324,97.85956206066555,95.41,0.0
2025-05-14T01:00Z,43172.27731323242,98.22129346317297,96.96,0.0
2025-05-14T02:00Z,44360.82206726074,98.22129346317297,98.56,0.0
2025-05-14T03:00Z,47829.23370361328,99.27364890966956,103.94,0.0
2025-05-14T04:00Z,54499.645416259766,100.66654331474969,128.58,0.0
2025-05-14T05:00Z,58699.418296813965,107.14837644051812,122.51,0.0
2025-05-14T06:00Z,61024.45518493652,107.14837644051812,99.56,0.0
2025-05-14T07:00Z,59732.91773223877,98.22129346317297,70.92,0.0
2025-05-14T08:00Z,59112.70523071289,96.27261728008675,0.2,0.0
2025-05-14T09:00Z,58465.15799713135,81.86080139670645,-1.67,0.0
2025-05-14T10:00Z,57257.09005737305,35.9309,-18.16,0.0
2025-05-14T11:00Z,55934.56937408447,19.979914529914524,-29.91,0.0
2025-05-14T12:00Z,55025.96968078613,0.0,-31.82,0.0
2025-05-14T13:00Z,54505.61870574951,0.0,-12.79,0.0
2025-05-14T14:00Z,54591.19300079346,19.979914529914524,-1.33,0.0
2025-05-14T15:00Z,55415.27201843262,20.174743021012397,30.94,0.0
2025-05-14T16:00Z,56485.1362991333,81.86080139670645,91.6,0.0
2025-05-14T17:00Z,57575.431091308594,96.27261728008675,114.0,0.0
2025-05-14T18:00Z,56176.81039428711,97.85956206066555,158.45,0.0
2025-05-14T19:00Z,54833.36293029785,97.85956206066555,132.59,0.0
2025-05-14T20:00Z,51486.071296691895,97.07137775031268,109.08,0.0
2025-05-14T21:00Z,47353.79779815674,96.27261728008675,99.86,0.0
2025-05-14T22:00Z,44979.41449737549,96.27261728008675,98.06,0.0
2025-05-14T23:00Z,42869.34368133545,89.71074390243903,89.88,0.0
2025-05-15T00:00Z,41888.77345275879,87.8605134487122,87.8,0.0
2025-05-15T01:00Z,42187.399475097656,87.8605134487122,87.63,0.0
2025-05-15T02:00Z,44500.9119720459,96.27261728008675,90.28,0.0
2025-05-15T03:00Z,48133.26201629639,97.07137775031268,98.94,0.0
2025-05-15T04:00Z,54702.20398712158,98.22129346317297,119.9,0.0
2025-05-15T05:00Z,59175.93946838379,99.27364890966956,119.91,0.0
2025-05-15T06:00Z,62001.76291656494,99.27364890966956,102.06,0.0
2025-05-15T07:00Z,60380.80825805664,97.07137775031268,75.65,0.0
2025-05-15T08:00Z,59516.62226104736,81.86080139670645,4.58,0.0
2025-05-15T09:00Z,58931.45211029053,19.979914529914524,-0.08,0.0
2025-05-15T10:00Z,57810.07573699951,0.0,-4.97,0.0
2025-05-15T11:00Z,56347.53404998779,-5.0,-14.76,0.0
2025-05-15T12:00Z,55532.28581237793,-5.0,-14.25,0.0
2025-05-15T13:00Z,54920.356773376465,-5.0,-6.62,0.0
2025-05-15T14:00Z,55218.31122589111,-5.0,-0.6,0.0
2025-05-15T15:00Z,56617.91622924805,-5.0,3.83,0.0
2025-05-15T16:00Z,56384.34997558594,19.979914529914524,76.11,0.0
2025-05-15T17:00Z,56674.58169555664,87.8605134487122,108.97,0.0
2025-05-15T18:00Z,55666.392974853516,97.07137775031268,130.74,0.0
2025-05-15T19:00Z,53681.89474487305,97.85956206066555,125.13,0.0
2025-05-15T20:00Z,50797.68428039551,97.07137775031268,110.49,0.0
2025-05-15T21:00Z,47353.532539367676,97.07137775031268,101.0,0.0
2025-05-15T22:00Z,45385.28575134277,97.07137775031268,94.5,0.0
2025-05-15T23:00Z,43754.778244018555,96.27261728008675,88.47,0.0
2025-05-16T00:00Z,43162.40074920654,97.07137775031268,84.91,0.0
2025-05-16T01:00Z,43269.37247467041,97.07137775031268,85.0,0.0
2025-05-16T02:00Z,44293.07745361328,97.07137775031268,88.76,0.0
2025-05-16T03:00Z,47401.18101501465,97.85956206066555,98.26,0.0
2025-05-16T04:00Z,53802.87351226807,99.27364890966956,113.18,0.0
2025-05-16T05:00Z,58284.87078857422,100.66654331474969,117.6,0.0
2025-05-16T06:00Z,60369.324851989746,100.66654331474969,106.66,0.0
2025-05-16T07:00Z,59756.6524810791,98.22129346317297,78.99,0.0
2025-05-16T08:00Z,58956.324043273926,96.27261728008675,11.11,0.0
2025-05-16T09:00Z,58180.92100524902,87.8605134487122,-0.01,0.0
2025-05-16T10:00Z,57663.503982543945,87.8605134487122,-3.15,0.0
2025-05-16T11:00Z,56211.82115936279,35.930899999999994,-1.97,0.0
2025-05-16T12:00Z,54541.80728149414,19.979914529914524,-1.55,0.0
2025-05-16T13:00Z,54481.572326660156,19.979914529914527,-0.01,0.0
2025-05-16T14:00Z,54550.07955169678,19.97991452991453,2.98,0.0
2025-05-16T15:00Z,54939.53137969971,35.93090000000001,69.79,0.0
2025-05-16T16:00Z,55219.159523010254,94.87131662251792,100.05,0.0
2025-05-16T17:00Z,55027.14875793457,97.07137775031268,111.81,0.0
2025-05-16T18:00Z,53049.321212768555,98.22129346317297,154.91,0.0
2025-05-16T19:00Z,51718.387351989746,98.22129346317297,143.23,0.0
2025-05-16T20:00Z,49266.513526916504,98.22129346317297,116.08,0.0
2025-05-16T21:00Z,46711.65417480469,97.85956206066555,102.08,0.0
2025-05-16T22:00Z,44002.45088195801,97.07137775031268,93.0,0.0
2025-05-16T23:00Z,42235.28701019287,97.07137775031268,93.48,0.0
2025-05-17T00:00Z,41131.25951385498,96.27261728008675,88.93,0.0
2025-05-17T01:00Z,40781.41303253174,96.27261728008675,88.9,0.0
2025-05-17T02:00Z,41158.88446044922,94.87131662251792,89.89,0.0
2025-05-17T03:00Z,41481.9870300293,89.71074390243903,93.46,0.0
2025-05-17T04:00Z,42891.40272521973,96.27261728008675,91.56,0.0
2025-05-17T05:00Z,44808.96276855469,96.27261728008675,89.85,0.0
2025-05-17T06:00Z,48054.26892089844,96.27261728008675,59.11,0.0
2025-05-17T07:00Z,50343.460762023926,92.54273178553254,0.86,0.0
2025-05-17T08:00Z,50309.21774291992,21.324754617468464,-0.06,0.0
2025-05-17T09:00Z,50786.05224609375,19.979914529914524,-4.49,0.0
2025-05-17T10:00Z,49872.930572509766,-5.0,-4.96,0.0
2025-05-17T11:00Z,47797.71750640869,-5.0,-10.02,0.0
2025-05-17T12:00Z,46703.69647216797,-5.0,-11.27,0.0
2025-05-17T13:00Z,45947.39074707031,-5.0,-5.8,0.0
2025-05-17T14:00Z,45574.33805847168,-5.0,-0.8,0.0
2025-05-17T15:00Z,46599.63774871826,19.979914529914524,5.01,0.0
2025-05-17T16:00Z,47227.57849884033,35.930899999999994,78.77,0.0
2025-05-17T17:00Z,47842.38494873047,89.71074390243903,99.64,0.0
2025-05-17T18:00Z,46450.65552520752,96.27261728008675,121.38,0.0
2025-05-17T19:00Z,44550.83750915527,97.07137775031268,130.21,0.0
2025-05-17T20:00Z,42976.31004333496,97.07137775031268,129.9,0.0
2025-05-17T21:00Z,40634.139221191406,97.07137775031268,111.6,0.0
2025-05-17T22:00Z,38155.42972564697,97.07137775031268,106.73,0.0
2025-05-17T23:00Z,36423.840728759766,97.07137775031268,101.49,0.0
2025-05-18T00:00Z,35474.55673980713,97.07137775031268,98.57,0.0
2025-05-18T01:00Z,35172.57009124756,96.27261728008675,97.4,0.0
2025-05-18T02:00Z,35568.515785217285,96.27261728008675,98.41,0.0
2025-05-18T03:00Z,35764.5255279541,96.27261728008675,97.98,0.0
2025-05-18T04:00Z,36575.80559539795,96.27261728008675,91.3,0.0
2025-05-18T05:00Z,38472.81125640869,96.27261728008675,87.16,0.0
2025-05-18T06:00Z,42078.58890533447,97.07137775031268,67.86,0.0
2025-05-18T07:00Z,45126.918045043945,97.07137775031268,10.1,0.0
2025-05-18T08:00Z,46983.238510131836,89.71074390243903,0.0,0.0
2025-05-18T09:00Z,48147.16501617432,35.9309,-0.2,0.0
2025-05-18T10:00Z,48230.35739135742,35.9309,-2.0,0.0
2025-05-18T11:00Z,46358.73599243164,19.979914529914524,-7.37,0.0
2025-05-18T12:00Z,44582.48999786377,-5.0,-15.0,0.0
2025-05-18T13:00Z,43524.22102355957,-5.0,-8.97,0.0
2025-05-18T14:00Z,43308.90972137451,-5.0,-0.2,0.0
2025-05-18T15:00Z,44932.25582122803,19.979914529914524,9.67,0.0
2025-05-18T16:00Z,46128.50523376465,35.9309,91.38,0.0
2025-05-18T17:00Z,47233.81551361084,96.27261728008675,108.4,0.0
2025-05-18T18:00Z,47106.60875701904,97.07137775031268,125.17,0.0
2025-05-18T19:00Z,46934.520179748535,97.85956206066555,130.47,0.0
2025-05-18T20:00Z,45895.14933013916,97.85956206066555,118.41,0.0
2025-05-18T21:00Z,43268.99889373779,97.07137775031268,103.62,0.0
2025-05-18T22:00Z,41074.05073547363,97.07137775031268,110.48,0.0
2025-05-18T23:00Z,38502.67998504639,97.07137775031268,102.62,0.0
2025-05-19T00:00Z,38205.806953430176,97.07137775031268,96.1,0.0
2025-05-19T01:00Z,38955.194427490234,97.85956206066555,92.95,0.0
2025-05-19T02:00Z,40185.52780151367,97.85956206066555,98.03,0.0
2025-05-19T03:00Z,43973.24230194092,98.22129346317297,109.39,0.0
2025-05-19T04:00Z,51361.64376068115,100.66654331474969,131.22,0.0
2025-05-19T05:00Z,56423.14627838135,110.70326512405268,137.22,0.0
2025-05-19T06:00Z,58931.21945953369,110.70326512405268,113.41,0.0
2025-05-19T07:00Z,58800.01453399658,100.61690625,93.69,0.0
2025-05-19T08:00Z,57973.38076019287,98.22129346317297,69.59,0.0
2025-05-19T09:00Z,58400.68142700195,97.07137775031268,28.56,0.0
2025-05-19T10:00Z,57772.23822784424,97.07137775031268,12.77,0.0
2025-05-19T11:00Z,56434.03985595703,97.07137775031268,5.0,0.0
2025-05-19T12:00Z,55136.016860961914,97.07137775031268,8.0,0.0
2025-05-19T13:00Z,54606.584968566895,97.07137775031268,28.15,0.0
2025-05-19T14:00Z,53784.59634399414,97.85956206066555,72.98,0.0
2025-05-19T15:00Z,54840.80854797363,98.22129346317297,97.09,0.0
2025-05-19T16:00Z,55849.09004974365,100.61690625,114.49,0.0
2025-05-19T17:00Z,55742.38101196289,107.14837644051812,148.45,0.0
2025-05-19T18:00Z,54798.85669708252,110.70326512405268,229.11,0.0
2025-05-19T19:00Z,52854.405418395996,110.70326512405268,154.86,0.0
2025-05-19T20:00Z,49718.72425079346,100.66654331474969,126.81,0.0
2025-05-19T21:00Z,45833.74522399902,100.61690625,111.88,0.0
2025-05-19T22:00Z,43052.66432952881,100.61690625,114.95,0.0
2025-05-19T23:00Z,41780.6432723999,99.27364890966956,106.03,0.0
2025-05-20T00:00Z,41066.160079956055,99.27364890966956,102.5,0.0
2025-05-20T01:00Z,41341.582275390625,99.27364890966956,104.04,0.0
2025-05-20T02:00Z,42774.71348571777,100.61690625,109.14,0.0
2025-05-20T03:00Z,45538.3172454834,100.66654331474969,118.96,0.0
2025-05-20T04:00Z,52553.76076507568,110.70326512405268,143.21,0.0
2025-05-20T05:00Z,57310.62306976318,110.70326512405268,130.81,0.0
2025-05-20T06:00Z,59819.02377319336,110.70326512405268,100.0,0.0
2025-05-20T07:00Z,59759.51779937744,107.14837644051812,85.2,0.0
2025-05-20T08:00Z,58850.963790893555,98.22129346317297,61.58,0.0
2025-05-20T09:00Z,59380.69846343994,97.85956206066555,15.95,0.0
2025-05-20T10:00Z,59108.09307098389,97.07137775031268,0.17,0.0
2025-05-20T11:00Z,58498.09453582764,96.27261728008675,0.01,0.0
2025-05-20T12:00Z,56884.00605773926,96.27261728008675,0.09,0.0
2025-05-20T13:00Z,56719.56173706055,96.27261728008675,7.61,0.0
2025-05-20T14:00Z,56326.5433883667,97.07137775031268,67.87,0.0
2025-05-20T15:00Z,57448.5934753418,97.07137775031268,97.15,0.0
2025-05-20T16:00Z,58617.5066986084,98.22129346317297,111.79,0.0
2025-05-20T17:00Z,58648.86225891113,100.61690625,141.23,0.0
2025-05-20T18:00Z,57051.30246734619,100.61690625,192.25,0.0
2025-05-20T19:00Z,55075.19054412842,100.61690625,148.97,0.0
2025-05-20T20:00Z,52072.11228942871,98.22129346317297,120.0,0.0
2025-05-20T21:00Z,48285.04927062988,97.85956206066555,107.93,0.0
2025-05-20T22:00Z,44165.11208343506,97.07137775031268,107.93,0.0
2025-05-20T23:00Z,42810.71977233887,96.27261728008675,102.33,0.0
2025-05-21T00:00Z,42223.913414001465,96.27261728008675,97.9,0.0
2025-05-21T01:00Z,42569.05780029297,96.27261728008675,94.9,0.0
2025-05-21T02:00Z,43992.94024658203,96.27261728008675,93.7,0.0
2025-05-21T03:00Z,47194.70888519287,96.27261728008675,102.49,0.0
2025-05-21T04:00Z,54633.285705566406,97.85956206066555,112.48,0.0
2025-05-21T05:00Z,59503.01128387451,98.22129346317297,116.54,0.0
2025-05-21T06:00Z,62573.97579193115,97.85956206066555,107.82,0.0
2025-05-21T07:00Z,61307.02976226807,96.27261728008675,84.82,0.0
2025-05-21T08:00Z,60646.63481903076,35.9309,42.22,0.0
2025-05-21T09:00Z,59923.68500518799,19.979914529914524,0.15,0.0
2025-05-21T10:00Z,59576.64549255371,0.0,-0.1,0.0
2025-05-21T11:00Z,58580.01248168945,-5.0,-2.2,0.0
2025-05-21T12:00Z,57132.90827178955,-5.0,-1.53,0.0
2025-05-21T13:00Z,57909.015480041504,-5.0,-0.01,0.0
2025-05-21T14:00Z,58460.65822601318,-5.0,2.06,0.0
2025-05-21T15:00Z,59390.99474334717,-5.0,49.08,0.0
2025-05-21T16:00Z,59997.72481536865,19.979914529914527,86.32,0.0
2025-05-21T17:00Z,60399.12145996094,87.8605134487122,100.1,0.0
2025-05-21T18:00Z,58263.236000061035,96.27261728008675,114.35,0.0
2025-05-21T19:00Z,56226.31480407715,96.27261728008675,110.27,0.0
2025-05-21T20:00Z,52685.87879943848,96.27261728008675,100.72,0.0
2025-05-21T21:00Z,49104.31399536133,94.87131662251792,90.0,0.0
2025-05-21T22:00Z,45587.88525390625,81.86080139670645,98.54,0.0
2025-05-21T23:00Z,44013.15252685547,35.9309,88.28,0.0
2025-05-22T00:00Z,42952.506980895996,35.930899999999994,83.65,0.0
2025-05-22T01:00Z,42565.16227722168,35.9309,81.5,0.0
2025-05-22T02:00Z,44003.10122680664,35.93090000000001,83.34,0.0
2025-05-22T03:00Z,47355.328269958496,81.86080139670645,90.0,0.0
2025-05-22T04:00Z,53961.81496429443,94.87131662251792,107.67,0.0
2025-05-22T05:00Z,59229.8431930542,96.27261728008675,106.01,0.0
2025-05-22T06:00Z,61476.55182647705,87.8605134487122,98.16,0.0
2025-05-22T07:00Z,61051.124031066895,20.437413077687253,54.54,0.0
2025-05-22T08:00Z,61362.37644958496,19.979914529914524,1.66,0.0
2025-05-22T09:00Z,61822.161560058594,-5.0,0.01,0.0
2025-05-22T10:00Z,62455.101249694824,-5.0,-1.91,0.0
2025-05-22T11:00Z,61635.27516937256,-5.0,-12.77,0.0
2025-05-22T12:00Z,60228.642150878906,-5.0,-15.4,0.0
2025-05-22T13:00Z,59673.26641082764,-5.0,-10.9,0.0
2025-05-22T14:00Z,58236.46016693115,-5.0,-2.99,0.0
2025-05-22T15:00Z,59309.55528259277,-5.0,-0.01,0.0
2025-05-22T16:00Z,59724.582580566406,-5.0,50.0,0.0
2025-05-22T17:00Z,59346.5025100708,19.97991452991453,106.84,0.0
2025-05-22T18:00Z,57160.04016113281,89.12174847060206,115.0,0.0
2025-05-22T19:00Z,55529.00796508789,97.07137775031268,127.25,0.0
2025-05-22T20:00Z,52268.22241973877,97.07137775031268,117.48,0.0
2025-05-22T21:00Z,48597.58052825928,96.27261728008675,103.23,0.0
2025-05-22T22:00Z,45330.95171356201,96.27261728008675,101.1,0.0
2025-05-22T23:00Z,43945.66271209717,96.27261728008675,93.16,0.0
2025-05-23T00:00Z,43124.07223510742,96.27261728008675,87.12,0.0
2025-05-23T01:00Z,43814.88069152832,96.27261728008675,86.56,0.0
2025-05-23T02:00Z,44834.62299346924,96.27261728008675,93.08,0.0
2025-05-23T03:00Z,47314.89126586914,96.27261728008675,106.82,0.0
2025-05-23T04:00Z,53663.55122375488,98.22129346317297,128.49,0.0
2025-05-23T05:00Z,58156.55702972412,100.61690625,132.8,0.0
2025-05-23T06:00Z,61334.88903045654,99.27364890966956,114.67,0.0
2025-05-23T07:00Z,61676.01405334473,97.85956206066555,85.9,0.0
2025-05-23T08:00Z,61599.43004608154,97.07137775031268,70.0,0.0
2025-05-23T09:00Z,61563.80645751953,94.87131662251792,54.05,0.0
2025-05-23T10:00Z,60270.72644042969,81.86080139670645,13.44,0.0
2025-05-23T11:00Z,59010.78200531006,35.930899999999994,0.62,0.0
2025-05-23T12:00Z,57085.16976928711,19.979914529914524,0.0,0.0
2025-05-23T13:00Z,56356.92726135254,19.979914529914524,0.0,0.0
2025-05-23T14:00Z,55912.765228271484,19.979914529914524,25.33,0.0
2025-05-23T15:00Z,55736.75774383545,19.979914529914527,71.91,0.0
2025-05-23T16:00Z,55157.24597930908,35.9309,97.6,0.0
2025-05-23T17:00Z,54399.75609588623,92.54273178553254,114.36,0.0
2025-05-23T18:00Z,52684.4217376709,97.07137775031268,130.47,0.0
2025-05-23T19:00Z,50864.08304595947,97.85956206066555,139.29,0.0
2025-05-23T20:00Z,48329.485260009766,97.07137775031268,126.93,0.0
2025-05-23T21:00Z,45347.83327484131,97.07137775031268,108.0,0.0
2025-05-23T22:00Z,43084.656967163086,96.27261728008675,98.99,0.0
2025-05-23T23:00Z,41382.24377441406,96.27261728008675,94.76,0.0
2025-05-24T00:00Z,40571.955223083496,94.87131662251792,88.74,0.0
2025-05-24T01:00Z,40129.34020233154,89.12174847060206,84.22,0.0
2025-05-24T02:00Z,39785.247230529785,87.8605134487122,82.93,0.0
2025-05-24T03:00Z,39892.84372711182,89.71074390243903,80.71,0.0
2025-05-24T04:00Z,41318.49948120117,96.27261728008675,82.07,0.0
2025-05-24T05:00Z,43501.15941619873,97.07137775031268,76.9,0.0
2025-05-24T06:00Z,46262.631507873535,97.07137775031268,62.09,0.0
2025-05-24T07:00Z,48590.89047241211,94.87131662251792,12.26,0.0
2025-05-24T08:00Z,49066.06349945068,35.9309,-0.01,0.0
2025-05-24T09:00Z,49482.57646942139,19.979914529914524,-0.11,0.0
2025-05-24T10:00Z,49035.66223907471,19.979914529914527,-0.15,0.0
2025-05-24T11:00Z,47316.619689941406,19.979914529914524,-0.19,0.0
2025-05-24T12:00Z,46281.236488342285,-5.0,-0.39,0.0
2025-05-24T13:00Z,46102.09815979004,-5.0,-1.77,0.0
2025-05-24T14:00Z,45747.05128479004,-5.0,-0.39,0.0
2025-05-24T15:00Z,46943.56050109863,19.979914529914524,48.67,0.0
2025-05-24T16:00Z,47752.47211456299,21.324754617468464,85.34,0.0
2025-05-24T17:00Z,47914.86004638672,87.8605134487122,109.08,0.0
2025-05-24T18:00Z,47068.32364654541,87.8605134487122,111.0,0.0
2025-05-24T19:00Z,45867.01419067383,81.86080139670645,107.92,0.0
2025-05-24T20:00Z,44747.66290283203,35.930899999999994,92.06,0.0
2025-05-24T21:00Z,42767.03328704834,19.97991452991453,79.67,0.0
2025-05-24T22:00Z,40681.79700469971,19.979914529914524,23.82,0.0
2025-05-24T23:00Z,38631.87124633789,19.979914529914524,22.9,0.0
2025-05-25T00:00Z,37328.34860229492,0.0,14.39,0.0
2025-05-25T01:00Z,36401.443298339844,0.0,8.38,0.0
2025-05-25T02:00Z,36488.144287109375,0.0,3.9,0.0
2025-05-25T03:00Z,36747.274475097656,0.0,2.11,0.0
2025-05-25T04:00Z,37841.42581939697,19.979914529914524,1.17,0.0
2025-05-25T05:00Z,40344.95349121094,19.979914529914524,1.21,0.0
2025-05-25T06:00Z,43185.523834228516,19.979914529914524,0.03,0.0
2025-05-25T07:00Z,46740.06657409668,19.979914529914524,0.0,0.0
2025-05-25T08:00Z,48349.03327178955,-5.0,-0.61,0.0
2025-05-25T09:00Z,50577.63995361328,-5.0,-0.6,0.0
2025-05-25T10:00Z,50776.915786743164,19.979914529914527,-0.25,0.0
2025-05-25T11:00Z,48169.669258117676,-5.0,-3.19,0.0
2025-05-25T12:00Z,46857.20804595947,-5.0,-5.05,0.0
2025-05-25T13:00Z,46205.37971496582,-5.0,-4.95,0.0
2025-05-25T14:00Z,45981.95121765137,-5.0,-1.37,0.0
2025-05-25T15:00Z,48362.570739746094,0.0,0.0,0.0
2025-05-25T16:00Z,49189.354553222656,19.979914529914524,11.72,0.0
2025-05-25T17:00Z,48540.1533203125,35.93089999999999,92.95,0.0
2025-05-25T18:00Z,47616.931495666504,81.86080139670645,100.0,0.0
2025-05-25T19:00Z,47084.85697937012,94.87131662251792,107.41,0.0
2025-05-25T20:00Z,46104.40933227539,96.27261728008675,102.23,0.0
2025-05-25T21:00Z,42978.29625701904,96.27261728008675,92.92,0.0
2025-05-25T22:00Z,40838.08491516113,96.27261728008675,88.13,0.0
2025-05-25T23:00Z,39372.12877655029,94.87131662251792,79.12,0.0
2025-05-26T00:00Z,38680.904304504395,89.71074390243903,73.21,0.0
2025-05-26T01:00Z,38922.4850692749,87.8605134487122,71.83,0.0
2025-05-26T02:00Z,40431.750564575195,89.12174847060206,76.7,0.0
2025-05-26T03:00Z,43948.2686920166,96.27261728008675,85.48,0.0
2025-05-26T04:00Z,51052.765800476074,97.07137775031268,116.2,0.0
2025-05-26T05:00Z,56130.27835083008,98.22129346317297,143.17,0.0
2025-05-26T06:00Z,59644.36296081543,100.61690625,129.91,0.0
2025-05-26T07:00Z,60008.69071960449,98.22129346317297,91.41,0.0
2025-05-26T08:00Z,59786.935539245605,97.07137775031268,16.17,0.0
2025-05-26T09:00Z,60462.347801208496,96.27261728008675,0.05,0.0
2025-05-26T10:00Z,59587.82473754883,89.71074390243903,-0.42,0.0
2025-05-26T11:00Z,58812.48773956299,35.9309,-1.45,0.0
2025-05-26T12:00Z,57642.182189941406,19.979914529914527,-1.18,0.0
2025-05-26T13:00Z,57036.745025634766,19.979914529914524,-0.82,0.0
2025-05-26T14:00Z,56231.82604217529,19.979914529914524,0.0,0.0
2025-05-26T15:00Z,55945.12145233154,20.174743021012397,17.65,0.0
2025-05-26T16:00Z,56872.50118255615,89.71074390243903,95.76,0.0
2025-05-26T17:00Z,56810.79430389404,97.85956206066555,119.33,0.0
2025-05-26T18:00Z,55379.66580200195,99.27364890966956,169.87,0.0
2025-05-26T19:00Z,53530.33172607422,100.61690625,161.57,0.0
2025-05-26T20:00Z,50169.24045562744,100.61690625,119.38,0.0
2025-05-26T21:00Z,46693.58327484131,98.22129346317297,98.86,0.0
2025-05-26T22:00Z,43926.50701904297,97.07137775031268,88.51,0.0
2025-05-26T23:00Z,42200.08182525635,96.27261728008675,73.92,0.0
2025-05-27T00:00Z,41626.5092086792,87.8605134487122,62.02,0.0
2025-05-27T01:00Z,42030.980041503906,81.86080139670645,61.98,0.0
2025-05-27T02:00Z,43136.88296508789,35.93090000000001,67.7,0.0
2025-05-27T03:00Z,45699.417488098145,35.93090000000001,62.2,0.0
2025-05-27T04:00Z,53409.44999694824,89.12174847060206,67.7,0.0
2025-05-27T05:00Z,58103.62673187256,92.54273178553254,73.9,0.0
2025-05-27T06:00Z,60233.23903656006,87.8605134487122,68.63,0.0
2025-05-27T07:00Z,61417.32067871094,35.9309,50.17,0.0
2025-05-27T08:00Z,61189.21309661865,0.0,4.26,0.0
2025-05-27T09:00Z,61364.80728149414,-5.0,3.19,0.0
2025-05-27T10:00Z,61123.477447509766,-5.0,0.03,0.0
2025-05-27T11:00Z,60512.87720489502,-5.0,0.02,0.0
2025-05-27T12:00Z,59162.155769348145,-5.0,0.09,0.0
2025-05-27T13:00Z,59121.73068237305,19.979914529914524,3.14,0.0
2025-05-27T14:00Z,57876.66306304932,19.979914529914524,55.17,0.0
2025-05-27T15:00Z,57911.72743988037,35.930899999999994,84.55,0.0
2025-05-27T16:00Z,58056.77356719971,96.27261728008675,103.0,0.0
2025-05-27T17:00Z,56282.552742004395,97.07137775031268,122.64,0.0
2025-05-27T18:00Z,54632.81324005127,97.07137775031268,137.6,0.0
2025-05-27T19:00Z,52854.8415145874,97.07137775031268,111.16,0.0
2025-05-27T20:00Z,50070.83583831787,96.27261728008675,100.34,0.0
2025-05-27T21:00Z,46683.40352630615,35.93090000000001,82.41,0.0
2025-05-27T22:00Z,43457.92067718506,19.979914529914524,76.43,0.0
2025-05-27T23:00Z,42236.293449401855,-5.0,69.01,0.0
2025-05-28T00:00Z,42167.08469390869,-5.0,67.39,0.0
2025-05-28T01:00Z,42618.658920288086,-5.0,61.01,0.0
2025-05-28T02:00Z,43844.36795806885,-5.0,65.19,0.0
2025-05-28T03:00Z,47590.65219116211,0.0,72.52,0.0
2025-05-28T04:00Z,53663.2992477417,19.97991452991453,92.85,0.0
2025-05-28T05:00Z,58362.41022491455,35.93090000000001,100.09,0.0
2025-05-28T06:00Z,61377.22576904297,87.8605134487122,95.0,0.0
2025-05-28T07:00Z,62701.86200714111,81.86080139670645,90.0,0.0
2025-05-28T08:00Z,63317.88967132568,87.8605134487122,76.48,0.0
2025-05-28T09:00Z,64359.04625701904,96.27261728008675,71.46,0.0
2025-05-28T10:00Z,62827.598220825195,97.07137775031268,65.67,0.0
2025-05-28T11:00Z,60386.5213470459,96.27261728008675,58.03,0.0
2025-05-28T12:00Z,59247.47718811035,89.71074390243903,53.21,0.0
2025-05-28T13:00Z,57692.978744506836,87.8605134487122,42.1,0.0
2025-05-28T14:00Z,56515.374504089355,81.86080139670645,67.28,0.0
2025-05-28T15:00Z,56294.816581726074,35.93090000000001,83.7,0.0
2025-05-28T16:00Z,56523.37773895264,87.8605134487122,94.99,0.0
2025-05-28T17:00Z,56045.49676513672,96.27261728008675,114.83,0.0
2025-05-28T18:00Z,54058.73974609375,96.27261728008675,134.83,0.0
2025-05-28T19:00Z,51412.123962402344,96.27261728008675,139.91,0.0
2025-05-28T20:00Z,49286.05674743652,96.27261728008675,124.29,0.0
2025-05-28T21:00Z,46129.39231109619,96.27261728008675,104.27,0.0
2025-05-28T22:00Z,43171.73324584961,96.27261728008675,99.13,0.0
2025-05-28T23:00Z,41216.7600402832,96.27261728008675,94.8,0.0
2025-05-29T00:00Z,40109.278480529785,96.27261728008675,92.06,0.0
2025-05-29T01:00Z,39625.32250213623,96.27261728008675,91.55,0.0
2025-05-29T02:00Z,39519.47969055176,96.27261728008675,91.54,0.0
2025-05-29T03:00Z,38328.82289123535,96.27261728008675,91.36,0.0
2025-05-29T04:00Z,38403.156997680664,97.07137775031268,89.46,0.0
2025-05-29T05:00Z,40488.420318603516,97.85956206066555,86.49,0.0
2025-05-29T06:00Z,43375.45624542236,97.85956206066555,82.95,0.0
2025-05-29T07:00Z,46189.144958496094,97.85956206066555,62.83,0.0
2025-05-29T08:00Z,47443.51706695557,96.27261728008675,19.93,0.0
2025-05-29T09:00Z,48087.80910491943,89.12174847060206,1.71,0.0
2025-05-29T10:00Z,47448.536766052246,81.86080139670645,0.03,0.0
2025-05-29T11:00Z,45669.92375946045,20.179071574532003,-1.68,0.0
2025-05-29T12:00Z,45121.584243774414,19.979914529914524,-1.99,0.0
2025-05-29T13:00Z,44678.7064743042,19.979914529914524,-1.98,0.0
2025-05-29T14:00Z,44082.15427398682,19.97991452991453,-1.09,0.0
2025-05-29T15:00Z,45024.02349090576,35.930899999999994,23.13,0.0
2025-05-29T16:00Z,45556.4153137207,81.86080139670645,65.5,0.0
2025-05-29T17:00Z,45867.28204345703,89.12174847060206,80.2,0.0
2025-05-29T18:00Z,44938.58925628662,94.87131662251792,77.17,0.0
2025-05-29T19:00Z,44212.431816101074,89.12174847060206,73.73,0.0
2025-05-29T20:00Z,43491.937324523926,81.86080139670645,76.66,0.0
2025-05-29T21:00Z,41584.71999359131,20.41331893790761,57.5,0.0
2025-05-29T22:00Z,38818.067459106445,-5.0,45.42,0.0
2025-05-29T23:00Z,37765.70280456543,-5.0,25.67,0.0
2025-05-30T00:00Z,37087.784004211426,-5.0,32.99,0.0
2025-05-30T01:00Z,37232.616760253906,-5.0,33.95,0.0
2025-05-30T02:00Z,38511.60231781006,0.0,37.39,0.0
2025-05-30T03:00Z,40578.833015441895,19.979914529914524,55.08,0.0
2025-05-30T04:00Z,44668.51847076416,21.324754617468464,69.73,0.0
2025-05-30T05:00Z,48427.10193634033,81.86080139670645,68.38,0.0
2025-05-30T06:00Z,52023.69524383545,81.67000276243094,53.01,0.0
2025-05-30T07:00Z,53495.22522735596,19.979914529914527,29.13,0.0
2025-05-30T08:00Z,54268.84725189209,0.0,1.83,0.0
2025-05-30T09:00Z,53346.245666503906,-5.0,-0.02,0.0
2025-05-30T10:00Z,53070.599754333496,0.0,-1.01,0.0
2025-05-30T11:00Z,51290.89222717285,-5.0,-3.1,0.0
2025-05-30T12:00Z,49552.666999816895,-5.0,-3.0,0.0
2025-05-30T13:00Z,49305.69772338867,-5.0,-1.34,0.0
2025-05-30T14:00Z,49774.54521179199,-5.0,-0.04,0.0
2025-05-30T15:00Z,51754.84247589111,-5.0,5.88,0.0
2025-05-30T16:00Z,51749.85070037842,20.179071574532003,73.52,0.0
2025-05-30T17:00Z,52174.01644897461,94.87131662251792,111.84,0.0
2025-05-30T18:00Z,50548.42746734619,97.07137775031268,136.95,0.0
2025-05-30T19:00Z,49032.48126220703,97.85956206066555,145.89,0.0
2025-05-30T20:00Z,47102.781005859375,97.85956206066555,130.19,0.0
2025-05-30T21:00Z,43593.98821258545,97.07137775031268,108.15,0.0
2025-05-30T22:00Z,40700.656494140625,97.85956206066555,107.0,0.0
2025-05-30T23:00Z,38783.65524291992,97.85956206066555,99.94,0.0
2025-05-31T00:00Z,37262.831703186035,97.85956206066555,98.75,0.0
2025-05-31T01:00Z,36781.76454162598,97.85956206066555,99.07,0.0
2025-05-31T02:00Z,36963.87624359131,98.22129346317297,99.91,0.0
2025-05-31T03:00Z,36985.09101104736,98.22129346317297,98.29,0.0
2025-05-31T04:00Z,38677.31116485596,98.22129346317297,94.79,0.0
2025-05-31T05:00Z,41413.18398284912,99.27364890966956,84.61,0.0
2025-05-31T06:00Z,44335.46446990967,99.27364890966956,55.0,0.0
2025-05-31T07:00Z,46255.7335357666,97.85956206066555,1.0,0.0
2025-05-31T08:00Z,46501.756774902344,97.07137775031268,-0.02,0.0
2025-05-31T09:00Z,47010.962745666504,96.27261728008675,-1.0,0.0
2025-05-31T10:00Z,46688.24292755127,89.71074390243903,-3.07,0.0
2025-05-31T11:00Z,45873.26177215576,87.8605134487122,-13.17,0.0
2025-05-31T12:00Z,45530.047019958496,81.86080139670645,-7.75,0.0
2025-05-31T13:00Z,45592.13060760498,87.8605134487122,-3.0,0.0
2025-05-31T14:00Z,45481.55023956299,96.27261728008675,-0.05,0.0
2025-05-31T15:00Z,46288.65131378174,97.07137775031268,41.4,0.0
2025-05-31T16:00Z,46695.64859008789,98.22129346317297,88.85,0.0
2025-05-31T17:00Z,46530.315521240234,100.61690625,131.41,0.0
2025-05-31T18:00Z,45177.59452056885,100.66654331474969,192.35,0.0
2025-05-31T19:00Z,43358.30567932129,100.61690625,192.37,0.0
2025-05-31T20:00Z,42196.64951324463,99.27364890966956,133.49,0.0
2025-05-31T21:00Z,39914.157806396484,97.85956206066555,102.06,0.0
2025-05-31T22:00Z,37447.4497756958,97.07137775031268,92.53,0.0
2025-05-31T23:00Z,35546.625747680664,96.27261728008675,85.22,0.0
2025-06-01T00:00Z,34047.566482543945,87.8605134487122,77.13,0.0
2025-06-01T01:00Z,33962.15676879883,81.86080139670645,74.09,0.0
2025-06-01T02:00Z,34545.97821044922,81.86080139670645,72.66,0.0
2025-06-01T03:00Z,34761.65865325928,81.86080139670645,66.11,0.0
2025-06-01T04:00Z,35846.03868865967,87.8605134487122,35.84,0.0
2025-06-01T05:00Z,38000.27326965332,87.8605134487122,13.0,0.0
2025-06-01T06:00Z,41319.30256652832,94.87131662251792,2.4,0.0
2025-06-01T07:00Z,44109.452209472656,96.27261728008675,-0.01,0.0
2025-06-01T08:00Z,46043.996757507324,94.87131662251792,-0.6,0.0
2025-06-01T09:00Z,46614.663414001465,81.86080139670645,-2.11,0.0
2025-06-01T10:00Z,46203.372566223145,35.93090000000001,-5.48,0.0
2025-06-01T11:00Z,44536.05122375488,19.979914529914524,-12.93,0.0
2025-06-01T12:00Z,42547.00372314453,-5.0,-20.41,0.0
2025-06-01T13:00Z,42028.65754699707,-5.0,-15.61,0.0
2025-06-01T14:00Z,42658.09496307373,-5.0,-6.0,0.0
2025-06-01T15:00Z,45628.21327209473,19.979914529914524,-0.99,0.0
2025-06-01T16:00Z,46856.593521118164,21.324754617468464,19.23,0.0
2025-06-01T17:00Z,47263.346755981445,87.8605134487122,78.85,0.0
2025-06-01T18:00Z,46270.38698577881,96.27261728008675,93.66,0.0
2025-06-01T19:00Z,46456.346015930176,96.27261728008675,106.86,0.0
2025-06-01T20:00Z,45975.85708618164,97.07137775031268,105.93,0.0
2025-06-01T21:00Z,43455.18447113037,97.07137775031268,90.49,0.0
2025-06-01T22:00Z,40840.83171081543,96.27261728008675,81.76,0.0
2025-06-01T23:00Z,39430.22602844238,96.27261728008675,75.31,0.0
2025-06-02T00:00Z,38813.79029083252,96.27261728008675,75.0,0.0
2025-06-02T01:00Z,38835.477058410645,96.27261728008675,77.75,0.0
2025-06-02T02:00Z,39819.48100280762,96.27261728008675,83.05,0.0
2025-06-02T03:00Z,43230.31098175049,97.07137775031268,91.93,0.0
2025-06-02T04:00Z,50840.839500427246,98.22129346317297,108.15,0.0
2025-06-02T05:00Z,56422.20867919922,100.61690625,117.9,0.0
2025-06-02T06:00Z,59409.399337768555,100.66654331474969,102.36,0.0
2025-06-02T07:00Z,60504.187675476074,100.61690625,85.6,0.0
2025-06-02T08:00Z,61390.852684020996,98.22129346317297,57.47,0.0
2025-06-02T09:00Z,61812.855529785156,97.85956206066555,33.21,0.0
2025-06-02T10:00Z,61525.94881439209,97.07137775031268,20.0,0.0
2025-06-02T11:00Z,60756.004959106445,96.27261728008675,12.78,0.0
2025-06-02T12:00Z,59923.08451080322,96.27261728008675,11.0,0.0
2025-06-02T13:00Z,59163.03406524658,89.12174847060206,19.75,0.0
2025-06-02T14:00Z,58227.79098510742,96.27261728008675,55.84,0.0
2025-06-02T15:00Z,58486.700508117676,97.07137775031268,82.8,0.0
2025-06-02T16:00Z,58159.98299407959,98.22129346317297,94.95,0.0
2025-06-02T17:00Z,58111.865005493164,107.14837644051812,109.32,0.0
2025-06-02T18:00Z,55818.633529663086,110.70326512405268,195.91,0.0
2025-06-02T19:00Z,53132.20951843262,110.70326512405268,245.37,0.0
2025-06-02T20:00Z,50629.41702270508,110.70326512405268,141.66,0.0
2025-06-02T21:00Z,46941.07181549072,107.14837644051812,110.04,0.0
2025-06-02T22:00Z,43894.992530822754,100.66654331474969,111.49,0.0
2025-06-02T23:00Z,41745.04847717285,100.61690625,109.91,0.0
2025-06-03T00:00Z,40619.85250091553,100.61690625,102.02,0.0
2025-06-03T01:00Z,40507.24745941162,99.27364890966956,99.23,0.0
2025-06-03T02:00Z,41752.901222229004,99.27364890966956,94.89,0.0
2025-06-03T03:00Z,44918.11328125,99.27364890966956,107.6,0.0
2025-06-03T04:00Z,51675.78405761719,100.66654331474969,130.76,0.0
2025-06-03T05:00Z,56990.23976898193,110.70326512405268,116.85,0.0
2025-06-03T06:00Z,59694.45174407959,107.14837644051812,85.98,0.0
2025-06-03T07:00Z,60060.10876464844,99.27364890966956,59.46,0.0
2025-06-03T08:00Z,60406.069511413574,97.07137775031268,2.0,0.0
2025-06-03T09:00Z,60066.576721191406,87.8605134487122,-0.05,0.0
2025-06-03T10:00Z,59108.18355560303,35.93090000000001,-1.01,0.0
2025-06-03T11:00Z,57937.64130401611,20.174743021012397,-3.0,0.0
2025-06-03T12:00Z,56463.98950958252,19.979914529914524,-4.32,0.0
2025-06-03T13:00Z,56382.51020050049,19.979914529914527,-1.33,0.0
2025-06-03T14:00Z,57154.579277038574,35.9309,0.0,0.0
2025-06-03T15:00Z,57567.17552947998,87.8605134487122,66.0,0.0
2025-06-03T16:00Z,58680.23529815674,96.27261728008675,87.79,0.0
2025-06-03T17:00Z,58582.815742492676,98.22129346317297,109.41,0.0
2025-06-03T18:00Z,56151.64140319824,100.61690625,132.9,0.0
2025-06-03T19:00Z,54425.57878112793,100.61690625,112.29,0.0
2025-06-03T20:00Z,52184.94701385498,98.22129346317297,106.12,0.0
2025-06-03T21:00Z,48344.03726196289,97.07137775031268,95.49,0.0
2025-06-03T22:00Z,46022.744689941406,96.27261728008675,74.95,0.0
2025-06-03T23:00Z,44319.49920654297,89.71074390243903,67.25,0.0
2025-06-04T00:00Z,43468.216484069824,87.8605134487122,64.78,0.0
2025-06-04T01:00Z,43328.65724945068,89.71074390243903,65.0,0.0
2025-06-04T02:00Z,43567.80292510986,94.87131662251792,68.32,0.0
2025-06-04T03:00Z,45789.935203552246,96.27261728008675,80.32,0.0
2025-06-04T04:00Z,52949.29225921631,97.07137775031268,99.77,0.0
2025-06-04T05:00Z,58759.99627685547,98.22129346317297,113.74,0.0
2025-06-04T06:00Z,62329.371238708496,99.27364890966956,112.4,0.0
2025-06-04T07:00Z,61773.89376068115,97.85956206066555,79.08,0.0
2025-06-04T08:00Z,61998.94147491455,96.27261728008675,72.4,0.0
2025-06-04T09:00Z,62591.08916473389,35.9309,48.36,0.0
2025-06-04T10:00Z,62974.827293395996,81.86080139670645,20.12,0.0
2025-06-04T11:00Z,61956.34620666504,35.9309,9.69,0.0
2025-06-04T12:00Z,60300.64896392822,20.179071574532003,18.26,0.0
2025-06-04T13:00Z,58934.15074920654,20.174743021012397,43.35,0.0
2025-06-04T14:00Z,58333.847175598145,35.9309,72.4,0.0
2025-06-04T15:00Z,59664.74417114258,96.27261728008675,91.45,0.0
2025-06-04T16:00Z,60999.475273132324,98.22129346317297,108.91,0.0
2025-06-04T17:00Z,60042.43244934082,100.61690625,145.98,0.0
2025-06-04T18:00Z,57863.94178009033,107.14837644051812,192.85,0.0
2025-06-04T19:00Z,55065.00752258301,107.14837644051812,138.82,0.0
2025-06-04T20:00Z,51813.453300476074,107.14837644051812,112.43,0.0
2025-06-04T21:00Z,47731.720710754395,100.61690625,94.08,0.0
2025-06-04T22:00Z,43958.01655578613,100.61690625,97.67,0.0
2025-06-04T23:00Z,42176.31301116943,98.22129346317297,92.7,0.0
2025-06-05T00:00Z,41309.14751434326,98.22129346317297,86.84,0.0
2025-06-05T01:00Z,41425.422424316406,97.85956206066555,86.1,0.0
2025-06-05T02:00Z,42638.41471862793,97.07137775031268,87.01,0.0
2025-06-05T03:00Z,45234.49475860596,97.85956206066555,88.09,0.0
2025-06-05T04:00Z,52021.341789245605,98.22129346317297,113.78,0.0
2025-06-05T05:00Z,57066.267990112305,100.61690625,129.03,0.0
2025-06-05T06:00Z,60073.86171722412,100.61690625,116.6,0.0
2025-06-05T07:00Z,61207.7448348999,98.22129346317297,83.03,0.0
2025-06-05T08:00Z,61880.51570892334,97.07137775031268,66.0,0.0
2025-06-05T09:00Z,61440.4810256958,96.27261728008675,46.18,0.0
2025-06-05T10:00Z,60963.52925872803,87.8605134487122,20.0,0.0
2025-06-05T11:00Z,59799.823722839355,35.9309,11.03,0.0
2025-06-05T12:00Z,59044.48303222656,20.179071574532003,7.07,0.0
2025-06-05T13:00Z,58597.990310668945,20.21801336529556,19.87,0.0
2025-06-05T14:00Z,57331.53894042969,81.67000276243094,57.5,0.0
2025-06-05T15:00Z,57587.8957824707,81.86080139670645,81.08,0.0
2025-06-05T16:00Z,57510.51940917969,89.12174847060206,100.94,0.0
2025-06-05T17:00Z,56936.80577850342,97.07137775031268,112.19,0.0
2025-06-05T18:00Z,55648.407455444336,97.85956206066555,136.4,0.0
2025-06-05T19:00Z,53446.02526092529,97.07137775031268,106.95,0.0
2025-06-05T20:00Z,50848.46354675293,96.27261728008675,96.37,0.0
2025-06-05T21:00Z,47711.93202972412,87.8605134487122,81.36,0.0
2025-06-05T22:00Z,44466.68180847168,35.930899999999994,76.29,0.0
2025-06-05T23:00Z,43334.9270324707,19.979914529914524,66.12,0.0
2025-06-06T00:00Z,42644.120292663574,0.0,60.86,0.0
2025-06-06T01:00Z,42870.55647277832,-5.0,55.27,0.0
2025-06-06T02:00Z,43972.875747680664,-5.0,52.78,0.0
2025-06-06T03:00Z,46938.846939086914,-5.0,63.7,0.0
2025-06-06T04:00Z,53864.182762145996,-5.0,67.02,0.0
2025-06-06T05:00Z,59000.753746032715,-5.0,74.43,0.0
2025-06-06T06:00Z,62581.48310852051,-5.0,59.61,0.0
2025-06-06T07:00Z,63727.18280029297,-5.0,3.94,0.0
2025-06-06T08:00Z,62358.35418701172,-5.0,-0.01,0.0
2025-06-06T09:00Z,61326.03944396973,-5.0,-0.27,0.0
2025-06-06T10:00Z,60402.75171661377,-5.0,-2.07,0.0
2025-06-06T11:00Z,58805.421211242676,-5.0,-4.93,0.0
2025-06-06T12:00Z,57653.030502319336,-5.0,-5.06,0.0
2025-06-06T13:00Z,56510.64333343506,-5.0,-4.96,0.0
2025-06-06T14:00Z,55782.57378387451,-5.0,-1.0,0.0
2025-06-06T15:00Z,57253.97522735596,-5.0,0.0,0.0
2025-06-06T16:00Z,56738.507179260254,0.0,50.47,0.0
2025-06-06T17:00Z,56012.83575439453,81.86080139670645,84.19,0.0
2025-06-06T18:00Z,54709.703788757324,96.27261728008675,112.57,0.0
2025-06-06T19:00Z,51918.14736175537,97.07137775031268,129.29,0.0
2025-06-06T20:00Z,48521.61693572998,97.07137775031268,125.72,0.0
2025-06-06T21:00Z,44969.409240722656,96.27261728008675,103.24,0.0
2025-06-06T22:00Z,41944.32275390625,96.27261728008675,87.61,0.0
2025-06-06T23:00Z,40544.15775299072,96.27261728008675,83.5,0.0
2025-06-07T00:00Z,39310.635749816895,96.27261728008675,78.02,0.0
2025-06-07T01:00Z,38648.91101837158,96.27261728008675,81.89,0.0
2025-06-07T02:00Z,38685.396575927734,96.27261728008675,82.27,0.0
2025-06-07T03:00Z,38397.43544769287,96.27261728008675,81.99,0.0
2025-06-07T04:00Z,39980.287506103516,97.07137775031268,85.47,0.0
2025-06-07T05:00Z,42503.52777862549,97.85956206066555,86.74,0.0
2025-06-07T06:00Z,45432.16970825195,97.85956206066555,79.86,0.0
2025-06-07T07:00Z,47552.84300994873,97.07137775031268,65.3,0.0
2025-06-07T08:00Z,49275.20449066162,97.07137775031268,30.53,0.0
2025-06-07T09:00Z,49839.56204986572,96.27261728008675,9.44,0.0
2025-06-07T10:00Z,49622.33248138428,89.71074390243903,1.19,0.0
2025-06-07T11:00Z,47573.83251953125,35.9309,-0.01,0.0
2025-06-07T12:00Z,46761.44329071045,19.979914529914527,-0.02,0.0
2025-06-07T13:00Z,46362.52696990967,19.979914529914524,-0.02,0.0
2025-06-07T14:00Z,45856.7752532959,0.0,-0.87,0.0
2025-06-07T15:00Z,45867.586975097656,19.979914529914527,26.91,0.0
2025-06-07T16:00Z,46699.464195251465,35.93090000000001,70.1,0.0
2025-06-07T17:00Z,46380.204750061035,96.27261728008675,85.01,0.0
2025-06-07T18:00Z,45033.22250366211,97.07137775031268,109.9,0.0
2025-06-07T19:00Z,43746.84580230713,97.07137775031268,110.26,0.0
2025-06-07T20:00Z,42370.193702697754,97.07137775031268,98.01,0.0
2025-06-07T21:00Z,40436.33848571777,96.27261728008675,80.09,0.0
2025-06-07T22:00Z,38327.60926055908,96.27261728008675,93.84,0.0
2025-06-07T23:00Z,36509.50648498535,89.71074390243903,83.0,0.0
2025-06-08T00:00Z,35131.0845413208,81.86080139670645,76.86,0.0
2025-06-08T01:00Z,34207.363220214844,35.930899999999994,69.74,0.0
2025-06-08T02:00Z,33916.511054992676,19.97991452991453,67.02,0.0
2025-06-08T03:00Z,33862.72455596924,19.979914529914524,55.66,0.0
2025-06-08T04:00Z,34321.07373046875,0.0,39.02,0.0
2025-06-08T05:00Z,36510.33322906494,-5.0,3.71,0.0
2025-06-08T06:00Z,39704.333740234375,-5.0,0.0,0.0
2025-06-08T07:00Z,42947.74940490723,-5.0,-0.5,0.0
2025-06-08T08:00Z,45071.04666900635,-5.0,-2.0,0.0
2025-06-08T09:00Z,46358.724533081055,-5.0,-8.21,0.0
2025-06-08T10:00Z,45649.03140258789,-5.0,-19.92,0.0
2025-06-08T11:00Z,43740.38124847412,-5.0,-39.98,0.0
2025-06-08T12:00Z,42166.44497680664,-5.0,-52.56,0.0
2025-06-08T13:00Z,41996.4365234375,-5.0,-53.06,0.0
2025-06-08T14:00Z,42188.76880645752,-5.0,-38.89,0.0
2025-06-08T15:00Z,43185.345695495605,-5.0,-16.71,0.0
2025-06-08T16:00Z,43934.72457885742,-5.0,-0.01,0.0
2025-06-08T17:00Z,45188.411224365234,-5.0,39.65,0.0
2025-06-08T18:00Z,45252.595306396484,-5.0,60.88,0.0
2025-06-08T19:00Z,44278.76397705078,-5.0,69.55,0.0
2025-06-08T20:00Z,43368.05625152588,-5.0,65.07,0.0
2025-06-08T21:00Z,40709.06777191162,-5.0,51.13,0.0
2025-06-08T22:00Z,38705.6455078125,-5.0,4.8,0.0
2025-06-08T23:00Z,37027.14931488037,-5.0,4.15,0.0
2025-06-09T00:00Z,36092.103256225586,-5.0,4.19,0.0
2025-06-09T01:00Z,35816.33776855469,-5.0,4.27,0.0
2025-06-09T02:00Z,35990.17448425293,-5.0,13.42,0.0
2025-06-09T03:00Z,36121.958168029785,0.0,32.2,0.0
2025-06-09T04:00Z,37060.355476379395,19.979914529914527,44.97,0.0
2025-06-09T05:00Z,39003.16477203369,35.93090000000001,40.04,0.0
2025-06-09T06:00Z,42321.77559661865,87.8605134487122,2.97,0.0
2025-06-09T07:00Z,43256.1519241333,20.437413077687253,-0.62,0.0
2025-06-09T08:00Z,43586.18642425537,19.979914529914524,-1.14,0.0
2025-06-09T09:00Z,43984.79553985596,-5.0,-4.14,0.0
2025-06-09T10:00Z,44523.87156677246,0.0,-10.0,0.0
2025-06-09T11:00Z,43057.15976715088,-5.0,-19.33,0.0
2025-06-09T12:00Z,41589.271797180176,-5.0,-15.76,0.0
2025-06-09T13:00Z,40872.90635681152,-5.0,-4.5,0.0
2025-06-09T14:00Z,41528.24806213379,-5.0,-1.0,0.0
2025-06-09T15:00Z,44126.052726745605,19.97991452991453,0.09,0.0
2025-06-09T16:00Z,45143.63720703125,81.86080139670645,69.54,0.0
2025-06-09T17:00Z,45071.55927276611,96.27261728008675,117.79,0.0
2025-06-09T18:00Z,44604.5697555542,98.22129346317297,141.4,0.0
2025-06-09T19:00Z,44063.983947753906,99.27364890966956,148.42,0.0
2025-06-09T20:00Z,43324.00078582764,99.27364890966956,126.52,0.0
2025-06-09T21:00Z,40796.74580383301,98.22129346317297,101.19,0.0
2025-06-09T22:00Z,38197.65147399902,97.07137775031268,86.65,0.0
2025-06-09T23:00Z,36940.400230407715,96.27261728008675,78.07,0.0
2025-06-10T00:00Z,36414.88028717041,89.12174847060206,69.66,0.0
2025-06-10T01:00Z,36500.21152496338,87.8605134487122,59.95,0.0
2025-06-10T02:00Z,38011.67900848389,87.8605134487122,54.16,0.0
2025-06-10T03:00Z,41094.050689697266,92.54273178553254,62.18,0.0
2025-06-10T04:00Z,48739.6937789917,97.07137775031268,74.62,0.0
2025-06-10T05:00Z,53843.50102233887,97.07137775031268,82.79,0.0
2025-06-10T06:00Z,56968.97430419922,97.07137775031268,83.17,0.0
2025-06-10T07:00Z,58243.400970458984,96.27261728008675,69.0,0.0
2025-06-10T08:00Z,59295.17205810547,35.93090000000001,22.21,0.0
2025-06-10T09:00Z,59965.88327789307,19.979914529914524,0.1,0.0
2025-06-10T10:00Z,59249.44834136963,19.979914529914524,-0.19,0.0
2025-06-10T11:00Z,57696.34091949463,-5.0,-2.33,0.0
2025-06-10T12:00Z,57177.78574371338,-5.0,-4.26,0.0
2025-06-10T13:00Z,56938.17024230957,-5.0,-1.04,0.0
2025-06-10T14:00Z,56820.851791381836,-5.0,0.03,0.0
2025-06-10T15:00Z,56869.68795776367,-5.0,53.99,0.0
2025-06-10T16:00Z,56540.381843566895,-5.0,69.6,0.0
2025-06-10T17:00Z,56423.21278381348,-5.0,82.08,0.0
2025-06-10T18:00Z,55304.11996459961,0.0,83.97,0.0
2025-06-10T19:00Z,53074.81322479248,0.0,91.28,0.0
2025-06-10T20:00Z,50964.05847930908,0.0,97.94,0.0
2025-06-10T21:00Z,47890.40090179443,0.0,85.31,0.0
2025-06-10T22:00Z,44945.51194000244,19.979914529914524,73.01,0.0
2025-06-10T23:00Z,43253.59519195557,19.979914529914524,71.38,0.0
2025-06-11T00:00Z,42637.676582336426,19.979914529914524,70.58,0.0
2025-06-11T01:00Z,42996.80570983887,19.979914529914524,69.86,0.0
2025-06-11T02:00Z,44001.04470062256,19.97991452991453,73.59,0.0
2025-06-11T03:00Z,46230.46407318115,81.67000276243094,83.6,0.0
2025-06-11T04:00Z,52909.097427368164,96.27261728008675,101.26,0.0
2025-06-11T05:00Z,57439.8434753418,97.85956206066555,107.8,0.0
2025-06-11T06:00Z,59759.98100280762,97.07137775031268,85.09,0.0
2025-06-11T07:00Z,58851.122734069824,97.07137775031268,66.7,0.0
2025-06-11T08:00Z,59037.63751220703,96.27261728008675,22.98,0.0
2025-06-11T09:00Z,58812.326171875,96.27261728008675,1.3,0.0
2025-06-11T10:00Z,56904.322982788086,96.27261728008675,-0.36,0.0
2025-06-11T11:00Z,55729.916015625,87.8605134487122,-0.97,0.0
2025-06-11T12:00Z,54460.06071472168,81.67000276243094,-3.4,0.0
2025-06-11T13:00Z,53935.731521606445,81.86080139670645,-2.4,0.0
2025-06-11T14:00Z,53494.95053100586,81.86080139670645,-0.01,0.0
2025-06-11T15:00Z,54762.21075439453,96.27261728008675,66.47,0.0
2025-06-11T16:00Z,55677.62272644043,97.85956206066555,89.34,0.0
2025-06-11T17:00Z,56405.78893280029,99.27364890966956,132.28,0.0
2025-06-11T18:00Z,55283.12300109863,107.14837644051812,217.0,0.0
2025-06-11T19:00Z,53261.897705078125,107.14837644051812,180.0,0.0
2025-06-11T20:00Z,51186.77547454834,100.66654331474969,119.34,0.0
2025-06-11T21:00Z,47507.165840148926,99.27364890966956,94.07,0.0
2025-06-11T22:00Z,44012.10796356201,98.22129346317297,92.91,0.0
2025-06-11T23:00Z,42236.24048614502,98.22129346317297,87.7,0.0
2025-06-12T00:00Z,41196.683181762695,97.85956206066555,85.43,0.0
2025-06-12T01:00Z,40925.55848693848,97.85956206066555,84.85,0.0
2025-06-12T02:00Z,41889.726638793945,97.85956206066555,89.06,0.0
2025-06-12T03:00Z,45005.4079208374,98.22129346317297,92.0,0.0
2025-06-12T04:00Z,51522.789054870605,100.61690625,114.85,0.0
2025-06-12T05:00Z,56686.91798400879,107.14837644051812,104.3,0.0
2025-06-12T06:00Z,58200.04428100586,107.14837644051812,78.86,0.0
2025-06-12T07:00Z,57800.67409515381,98.22129346317297,36.09,0.0
2025-06-12T08:00Z,57511.10772705078,97.07137775031268,0.0,0.0
2025-06-12T09:00Z,56934.46046447754,96.27261728008675,-2.0,0.0
2025-06-12T10:00Z,55646.03224182129,81.67000276243094,-15.91,0.0
2025-06-12T11:00Z,54772.113830566406,19.979914529914524,-27.9,0.0
2025-06-12T12:00Z,54460.98397064209,19.979914529914524,-25.47,0.0
2025-06-12T13:00Z,54204.078216552734,19.979914529914524,-11.57,0.0
2025-06-12T14:00Z,53944.139099121094,19.979914529914524,-2.78,0.0
2025-06-12T15:00Z,55395.63327026367,20.21801336529556,14.9,0.0
2025-06-12T16:00Z,55936.38571166992,87.8605134487122,79.96,0.0
2025-06-12T17:00Z,56633.30180358887,96.27261728008675,112.55,0.0
2025-06-12T18:00Z,55549.58029937744,97.07137775031268,132.0,0.0
2025-06-12T19:00Z,53898.75046539307,94.87131662251792,111.0,0.0
2025-06-12T20:00Z,51935.53628540039,35.9309,105.0,0.0
2025-06-12T21:00Z,48512.52226257324,19.979914529914527,86.9,0.0
2025-06-12T22:00Z,45564.29496765137,0.0,70.29,0.0
2025-06-12T23:00Z,43387.38673400879,0.0,55.25,0.0
2025-06-13T00:00Z,42546.56049346924,0.0,58.61,0.0
2025-06-13T01:00Z,42519.00983428955,0.0,63.42,0.0
2025-06-13T02:00Z,42994.759185791016,19.979914529914524,63.84,0.0
2025-06-13T03:00Z,45728.27448272705,20.21801336529556,70.71,0.0
2025-06-13T04:00Z,52007.979232788086,87.8605134487122,83.68,0.0
2025-06-13T05:00Z,55983.37947845459,96.27261728008675,87.26,0.0
2025-06-13T06:00Z,58067.80418395996,96.27261728008675,77.39,0.0
2025-06-13T07:00Z,58170.21349334717,96.27261728008675,40.03,0.0
2025-06-13T08:00Z,58627.40754699707,81.86080139670645,4.1,0.0
2025-06-13T09:00Z,58406.99397277832,20.21801336529556,-0.03,0.0
2025-06-13T10:00Z,57588.95225524902,20.21801336529556,-2.05,0.0
2025-06-13T11:00Z,55700.01525115967,0.0,-6.09,0.0
2025-06-13T12:00Z,54670.28575897217,-5.0,-6.01,0.0
2025-06-13T13:00Z,54177.69715118408,-5.0,-2.38,0.0
2025-06-13T14:00Z,53982.09752655029,19.979914529914524,-0.01,0.0
2025-06-13T15:00Z,54043.864685058594,19.97991452991453,35.9,0.0
2025-06-13T16:00Z,54088.15266418457,81.86080139670645,80.04,0.0
2025-06-13T17:00Z,53854.34822845459,96.27261728008675,108.9,0.0
2025-06-13T18:00Z,53039.19973754883,96.27261728008675,111.19,0.0
2025-06-13T19:00Z,51350.86079406738,87.8605134487122,94.9,0.0
2025-06-13T20:00Z,49575.15392303467,21.324754617468464,90.0,0.0
2025-06-13T21:00Z,46779.47994995117,19.979914529914524,71.3,0.0
2025-06-13T22:00Z,44233.0909576416,19.979914529914524,73.99,0.0
2025-06-13T23:00Z,41943.97870635986,19.979914529914524,71.2,0.0
2025-06-14T00:00Z,40412.14500427246,19.979914529914524,66.15,0.0
2025-06-14T01:00Z,39956.35559082031,19.979914529914524,66.88,0.0
2025-06-14T02:00Z,39830.75873565674,19.979914529914524,68.06,0.0
2025-06-14T03:00Z,40082.17851257324,19.979914529914524,64.52,0.0
2025-06-14T04:00Z,41887.87178039551,20.437413077687253,54.68,0.0
2025-06-14T05:00Z,44699.659507751465,35.9309,20.3,0.0
2025-06-14T06:00Z,47695.30075836182,35.9309,7.74,0.0
2025-06-14T07:00Z,49154.1967086792,20.21801336529556,0.0,0.0
2025-06-14T08:00Z,48825.42572784424,0.0,-2.02,0.0
2025-06-14T09:00Z,48735.844299316406,-5.0,-9.08,0.0
2025-06-14T10:00Z,47992.38603210449,-5.0,-35.72,0.0
2025-06-14T11:00Z,46766.06130981445,-5.0,-38.0,0.0
2025-06-14T12:00Z,45862.30993652344,-5.0,-25.75,0.0
2025-06-14T13:00Z,46141.5573425293,-5.0,-6.7,0.0
2025-06-14T14:00Z,46740.93452453613,19.979914529914527,-0.37,0.0
2025-06-14T15:00Z,47936.585441589355,87.8605134487122,8.86,0.0
2025-06-14T16:00Z,48714.50076293945,96.27261728008675,83.38,0.0
2025-06-14T17:00Z,49144.56031036377,98.22129346317297,121.55,0.0
2025-06-14T18:00Z,48316.72898101807,98.22129346317297,127.27,0.0
2025-06-14T19:00Z,46960.15618133545,98.22129346317297,117.68,0.0
2025-06-14T20:00Z,46095.405700683594,97.07137775031268,121.39,0.0
2025-06-14T21:00Z,43586.181785583496,96.27261728008675,109.0,0.0
2025-06-14T22:00Z,40826.658546447754,96.27261728008675,91.93,0.0
2025-06-14T23:00Z,38983.299324035645,96.27261728008675,88.87,0.0
2025-06-15T00:00Z,37711.21569061279,96.27261728008675,87.23,0.0
2025-06-15T01:00Z,36608.75722503662,96.27261728008675,90.94,0.0
2025-06-15T02:00Z,35581.382972717285,96.27261728008675,91.99,0.0
2025-06-15T03:00Z,35382.20555114746,97.07137775031268,92.15,0.0
2025-06-15T04:00Z,36648.57052612305,97.07137775031268,84.99,0.0
2025-06-15T05:00Z,38561.31143951416,97.07137775031268,66.21,0.0
2025-06-15T06:00Z,41228.11329650879,97.07137775031268,53.86,0.0
2025-06-15T07:00Z,44045.99949645996,97.07137775031268,5.55,0.0
2025-06-15T08:00Z,45543.85507965088,96.27261728008675,0.0,0.0
2025-06-15T09:00Z,47010.57921600342,89.12174847060206,-0.02,0.0
2025-06-15T10:00Z,47154.55655670166,87.8605134487122,-1.22,0.0
2025-06-15T11:00Z,45871.41632080078,35.9309,-5.61,0.0
2025-06-15T12:00Z,44951.631896972656,35.9309,-5.0,0.0
2025-06-15T13:00Z,43778.87976074219,35.93089999999999,-2.0,0.0
2025-06-15T14:00Z,44207.42402648926,35.930899999999994,-0.01,0.0
2025-06-15T15:00Z,46065.78872680664,35.93090000000001,54.79,0.0
2025-06-15T16:00Z,47177.31581878662,89.12174847060206,96.43,0.0
2025-06-15T17:00Z,46854.21324157715,96.27261728008675,109.0,0.0
2025-06-15T18:00Z,46402.56301879883,96.27261728008675,114.59,0.0
2025-06-15T19:00Z,45507.651306152344,96.27261728008675,135.43,0.0
2025-06-15T20:00Z,45294.22523498535,96.27261728008675,127.63,0.0
2025-06-15T21:00Z,43496.693519592285,96.27261728008675,106.54,0.0
2025-06-15T22:00Z,41549.727195739746,96.27261728008675,105.72,0.0
2025-06-15T23:00Z,40350.84521484375,89.12174847060206,91.64,0.0
2025-06-16T00:00Z,40011.267486572266,87.8605134487122,86.94,0.0
2025-06-16T01:00Z,39646.94376373291,81.86080139670645,84.0,0.0
2025-06-16T02:00Z,40412.47678375244,87.8605134487122,83.28,0.0
2025-06-16T03:00Z,43548.43803405762,96.27261728008675,88.39,0.0
2025-06-16T04:00Z,50776.26151275635,97.85956206066555,112.43,0.0
2025-06-16T05:00Z,56259.39531707764,98.22129346317297,123.49,0.0
2025-06-16T06:00Z,59591.99062347412,98.22129346317297,108.92,0.0
2025-06-16T07:00Z,59757.0006942749,98.22129346317297,84.49,0.0
2025-06-16T08:00Z,59431.22695159912,97.07137775031268,60.28,0.0
2025-06-16T09:00Z,59891.268798828125,96.27261728008675,14.02,0.0
2025-06-16T10:00Z,59876.47343444824,96.27261728008675,1.62,0.0
2025-06-16T11:00Z,59813.121002197266,94.87131662251792,0.07,0.0
2025-06-16T12:00Z,58966.57548522949,89.71074390243903,0.0,0.0
2025-06-16T13:00Z,58226.38419342041,96.27261728008675,0.0,0.0
2025-06-16T14:00Z,57619.80676269531,96.27261728008675,13.61,0.0
2025-06-16T15:00Z,57350.77583312988,96.27261728008675,70.0,0.0
2025-06-16T16:00Z,57387.79704284668,97.07137775031268,89.24,0.0
2025-06-16T17:00Z,57681.11569213867,99.27364890966956,116.0,0.0
2025-06-16T18:00Z,56231.19900512695,100.66654331474969,186.1,0.0
2025-06-16T19:00Z,54237.35275268555,100.66654331474969,190.0,0.0
2025-06-16T20:00Z,51831.19521331787,100.61690625,129.18,0.0
2025-06-16T21:00Z,48565.78958129883,99.27364890966956,106.9,0.0
2025-06-16T22:00Z,45869.4647064209,98.22129346317297,103.98,0.0
2025-06-16T23:00Z,43947.349922180176,98.22129346317297,98.26,0.0
2025-06-17T00:00Z,42409.32273101807,98.22129346317297,94.95,0.0
2025-06-17T01:00Z,42208.55675506592,98.22129346317297,94.19,0.0
2025-06-17T02:00Z,43064.02577209473,99.27364890966956,95.24,0.0
2025-06-17T03:00Z,45934.14051818848,100.61690625,102.51,0.0
2025-06-17T04:00Z,52415.00508117676,110.70326512405268,118.76,0.0
2025-06-17T05:00Z,57141.22257232666,110.70326512405268,107.01,0.0
2025-06-17T06:00Z,58731.836769104004,110.70326512405268,98.59,0.0
2025-06-17T07:00Z,58650.83676147461,100.61690625,70.74,0.0
2025-06-17T08:00Z,58590.44200897217,98.22129346317297,4.34,0.0
2025-06-17T09:00Z,58602.58916473389,97.07137775031268,-0.61,0.0
2025-06-17T10:00Z,57562.117835998535,96.27261728008675,-0.86,0.0
2025-06-17T11:00Z,56061.27700805664,87.8605134487122,-4.91,0.0
2025-06-17T12:00Z,54884.020011901855,81.86080139670645,-6.2,0.0
2025-06-17T13:00Z,55238.02275848389,81.86080139670645,-2.56,0.0
2025-06-17T14:00Z,55553.229835510254,87.8605134487122,8.65,0.0
2025-06-17T15:00Z,56255.40749359131,96.27261728008675,79.23,0.0
2025-06-17T16:00Z,56794.96070098877,97.85956206066555,103.36,0.0
2025-06-17T17:00Z,57492.678802490234,100.61690625,129.08,0.0
2025-06-17T18:00Z,56757.44422912598,107.14837644051812,241.8,0.0
2025-06-17T19:00Z,54145.23546600342,107.14837644051812,241.38,0.0
2025-06-17T20:00Z,51572.66749572754,100.66654331474969,138.19,0.0
2025-06-17T21:00Z,48856.13520812988,100.61690625,116.36,0.0
2025-06-17T22:00Z,45612.531593322754,99.27364890966956,113.0,0.0
2025-06-17T23:00Z,43513.42965698242,98.22129346317297,106.8,0.0
2025-06-18T00:00Z,42442.41603851318,98.22129346317297,101.5,0.0
2025-06-18T01:00Z,42306.96629333496,98.22129346317297,95.84,0.0
2025-06-18T02:00Z,43223.68899536133,98.22129346317297,97.01,0.0
2025-06-18T03:00Z,45509.33571624756,98.22129346317297,103.57,0.0
2025-06-18T04:00Z,51756.69788360596,100.66654331474969,112.35,0.0
2025-06-18T05:00Z,56510.21364593506,110.70326512405268,114.9,0.0
2025-06-18T06:00Z,59262.14584350586,110.70326512405268,111.39,0.0
2025-06-18T07:00Z,58469.90076446533,100.61690625,78.97,0.0
2025-06-18T08:00Z,57581.75769805908,97.85956206066555,21.77,0.0
2025-06-18T09:00Z,57477.846252441406,96.27261728008675,1.17,0.0
2025-06-18T10:00Z,57125.88847351074,96.27261728008675,-0.23,0.0
2025-06-18T11:00Z,56715.837173461914,90.76766049382715,-1.04,0.0
2025-06-18T12:00Z,56560.05199432373,87.8605134487122,-2.3,0.0
2025-06-18T13:00Z,55875.56954193115,87.8605134487122,-2.17,0.0
2025-06-18T14:00Z,56189.13446044922,81.86080139670645,0.99,0.0
2025-06-18T15:00Z,57038.361320495605,96.27261728008675,74.0,0.0
2025-06-18T16:00Z,57462.754318237305,97.07137775031268,107.15,0.0
2025-06-18T17:00Z,57371.6806640625,98.22129346317297,116.4,0.0
2025-06-18T18:00Z,56133.077239990234,100.61690625,140.99,0.0
2025-06-18T19:00Z,53967.76699066162,100.61690625,175.32,0.0
2025-06-18T20:00Z,51696.718269348145,100.61690625,133.06,0.0
2025-06-18T21:00Z,48350.23147583008,98.22129346317297,115.35,0.0
2025-06-18T22:00Z,45401.55305480957,98.22129346317297,112.2,0.0
2025-06-18T23:00Z,43367.69975280762,97.85956206066555,106.4,0.0
2025-06-19T00:00Z,41809.49993133545,97.07137775031268,105.29,0.0
2025-06-19T01:00Z,41328.66798400879,96.27261728008675,99.51,0.0
2025-06-19T02:00Z,41356.96577453613,96.27261728008675,100.94,0.0
2025-06-19T03:00Z,42052.010513305664,96.27261728008675,95.68,0.0
2025-06-19T04:00Z,44592.579193115234,97.07137775031268,101.51,0.0
2025-06-19T05:00Z,47854.023780822754,97.07137775031268,89.25,0.0
2025-06-19T06:00Z,50615.33167266846,96.27261728008675,71.25,0.0
2025-06-19T07:00Z,50869.28121948242,87.8605134487122,0.86,0.0
2025-06-19T08:00Z,50318.566734313965,21.324754617468464,-1.33,0.0
2025-06-19T09:00Z,50390.37899017334,19.979914529914524,-29.98,0.0
2025-06-19T10:00Z,49777.227699279785,19.979914529914524,-52.21,0.0
2025-06-19T11:00Z,48595.90580749512,-5.0,-65.44,0.0
2025-06-19T12:00Z,47604.85775756836,-5.0,-64.95,0.0
2025-06-19T13:00Z,47170.64205169678,-5.0,-39.79,0.0
2025-06-19T14:00Z,47352.01023101807,-5.0,-4.95,0.0
2025-06-19T15:00Z,49641.225006103516,19.979914529914524,2.3,0.0
2025-06-19T16:00Z,50301.805976867676,35.93090000000001,80.33,0.0
2025-06-19T17:00Z,49823.842544555664,96.27261728008675,118.47,0.0
2025-06-19T18:00Z,49911.74801635742,97.85956206066555,138.85,0.0
2025-06-19T19:00Z,48328.89822387695,98.22129346317297,141.8,0.0
2025-06-19T20:00Z,47120.38577270508,98.22129346317297,129.66,0.0
2025-06-19T21:00Z,44526.73677062988,97.85956206066555,108.89,0.0
2025-06-19T22:00Z,42247.26424407959,97.85956206066555,109.49,0.0
2025-06-19T23:00Z,40721.4879989624,97.85956206066555,104.57,0.0
2025-06-20T00:00Z,39090.15060424805,97.07137775031268,103.24,0.0
2025-06-20T01:00Z,38871.166999816895,97.85956206066555,105.01,0.0
2025-06-20T02:00Z,39466.30406951904,97.85956206066555,104.27,0.0
2025-06-20T03:00Z,41439.04154968262,98.22129346317297,109.04,0.0
2025-06-20T04:00Z,46238.68537902832,100.61690625,120.9,0.0
2025-06-20T05:00Z,50341.485191345215,107.14837644051812,118.66,0.0
2025-06-20T06:00Z,53086.63001251221,107.14837644051812,110.98,0.0
2025-06-20T07:00Z,52842.33854675293,99.27364890966956,81.69,0.0
2025-06-20T08:00Z,52539.96694946289,97.85956206066555,15.83,0.0
2025-06-20T09:00Z,52322.41724395752,96.27261728008675,4.03,0.0
2025-06-20T10:00Z,51841.08449554443,94.87131662251792,0.0,0.0
2025-06-20T11:00Z,50595.73099517822,81.86080139670645,-1.0,0.0
2025-06-20T12:00Z,49482.26628112793,35.93090000000001,-0.17,0.0
2025-06-20T13:00Z,49368.81548309326,81.86080139670645,0.91,0.0
2025-06-20T14:00Z,49571.375984191895,87.8605134487122,28.99,0.0
2025-06-20T15:00Z,50120.79551696777,96.27261728008675,87.35,0.0
2025-06-20T16:00Z,51152.258544921875,97.85956206066555,111.01,0.0
2025-06-20T17:00Z,51439.239753723145,100.61690625,136.13,0.0
2025-06-20T18:00Z,50555.90368652344,110.70326512405268,201.29,0.0
2025-06-20T19:00Z,48274.18622589111,107.14837644051812,178.63,0.0
2025-06-20T20:00Z,46607.62149810791,100.66654331474969,137.05,0.0
2025-06-20T21:00Z,43508.45925140381,100.61690625,121.38,0.0
2025-06-20T22:00Z,40947.154525756836,99.27364890966956,118.52,0.0
2025-06-20T23:00Z,39057.27823638916,98.22129346317297,110.48,0.0
2025-06-21T00:00Z,38067.34548187256,98.22129346317297,108.15,0.0
2025-06-21T01:00Z,37626.09551239014,98.22129346317297,106.76,0.0
2025-06-21T02:00Z,37190.69046020508,98.22129346317297,109.1,0.0
2025-06-21T03:00Z,37162.80847930908,98.22129346317297,104.45,0.0
2025-06-21T04:00Z,39156.75596618652,98.22129346317297,100.71,0.0
2025-06-21T05:00Z,42353.44641113281,99.27364890966956,90.74,0.0
2025-06-21T06:00Z,45096.573181152344,99.27364890966956,75.93,0.0
2025-06-21T07:00Z,46768.47003173828,97.85956206066555,23.4,0.0
2025-06-21T08:00Z,46779.52921295166,96.27261728008675,0.19,0.0
2025-06-21T09:00Z,46867.09105682373,87.8605134487122,-2.01,0.0
2025-06-21T10:00Z,45726.725509643555,35.9309,-13.96,0.0
2025-06-21T11:00Z,44504.90552520752,20.174743021012397,-29.98,0.0
2025-06-21T12:00Z,43885.12777709961,19.979914529914527,-26.31,0.0
2025-06-21T13:00Z,43662.11427307129,20.174743021012397,-4.42,0.0
2025-06-21T14:00Z,44755.22647857666,35.93090000000001,0.09,0.0
2025-06-21T15:00Z,45477.769958496094,92.54273178553254,59.99,0.0
2025-06-21T16:00Z,46411.0199508667,97.07137775031268,100.95,0.0
2025-06-21T17:00Z,47059.58438873291,98.22129346317297,127.9,0.0
2025-06-21T18:00Z,46570.9567489624,100.66654331474969,156.74,0.0
2025-06-21T19:00Z,44932.10474395752,100.66654331474969,165.3,0.0
2025-06-21T20:00Z,44011.22898101807,100.61690625,140.78,0.0
2025-06-21T21:00Z,41756.97170257568,99.27364890966956,119.2,0.0
2025-06-21T22:00Z,38910.932037353516,98.22129346317297,108.15,0.0
2025-06-21T23:00Z,36798.09557342529,97.07137775031268,101.07,0.0
2025-06-22T00:00Z,35501.559242248535,96.27261728008675,97.46,0.0
2025-06-22T01:00Z,34906.2844543457,96.27261728008675,92.12,0.0
2025-06-22T02:00Z,34591.62300872803,87.8605134487122,89.69,0.0
2025-06-22T03:00Z,34157.717933654785,87.8605134487122,87.95,0.0
2025-06-22T04:00Z,35114.9762802124,92.54273178553254,71.98,0.0
2025-06-22T05:00Z,37324.71282196045,96.27261728008675,26.44,0.0
2025-06-22T06:00Z,40329.459213256836,96.27261728008675,0.0,0.0
2025-06-22T07:00Z,42204.06679534912,89.12174847060206,-0.09,0.0
2025-06-22T08:00Z,43100.15376281738,35.9309,-11.11,0.0
2025-06-22T09:00Z,44033.24256134033,19.979914529914524,-38.56,0.0
2025-06-22T10:00Z,43649.3518371582,19.979914529914524,-67.41,0.0
2025-06-22T11:00Z,43121.35194396973,-5.0,-99.01,0.0
2025-06-22T12:00Z,42284.27279663086,-5.0,-81.0,0.0
2025-06-22T13:00Z,42436.65002441406,-5.0,-40.09,0.0
2025-06-22T14:00Z,42899.92427062988,19.979914529914524,-7.68,0.0
2025-06-22T15:00Z,44788.826499938965,19.97991452991453,-0.01,0.0
2025-06-22T16:00Z,48073.778953552246,87.8605134487122,69.75,0.0
2025-06-22T17:00Z,48582.58622741699,96.27261728008675,109.33,0.0
2025-06-22T18:00Z,47671.36186218262,97.07137775031268,123.9,0.0
2025-06-22T19:00Z,46971.75400543213,97.07137775031268,134.33,0.0
2025-06-22T20:00Z,46760.34950256348,97.07137775031268,126.32,0.0
2025-06-22T21:00Z,44715.85858154297,96.27261728008675,101.63,0.0
2025-06-22T22:00Z,42609.84748840332,96.27261728008675,70.3,0.0
2025-06-22T23:00Z,39987.47624206543,89.12174847060206,63.8,0.0
2025-06-23T00:00Z,40096.49002075195,81.86080139670645,63.79,0.0
2025-06-23T01:00Z,40345.30223083496,35.9309,64.51,0.0
2025-06-23T02:00Z,41125.769454956055,20.41331893790761,72.5,0.0
2025-06-23T03:00Z,43988.14126586914,35.930899999999994,84.92,0.0
2025-06-23T04:00Z,51210.54197692871,89.71074390243903,89.12,0.0
2025-06-23T05:00Z,57094.9157409668,96.27261728008675,92.24,0.0
2025-06-23T06:00Z,60444.169692993164,94.87131662251792,78.96,0.0
2025-06-23T07:00Z,61885.32950592041,19.979914529914524,18.64,0.0
2025-06-23T08:00Z,62067.202728271484,-5.0,-0.01,0.0
2025-06-23T09:00Z,63263.38021850586,-5.0,-6.11,0.0
2025-06-23T10:00Z,62422.547050476074,-5.0,-12.76,0.0
2025-06-23T11:00Z,61352.07897186279,-5.0,-26.45,0.0
2025-06-23T12:00Z,60113.73296356201,-5.0,-32.75,0.0
2025-06-23T13:00Z,59418.296714782715,-5.0,-32.69,0.0
2025-06-23T14:00Z,58188.056701660156,-5.0,-25.0,0.0
2025-06-23T15:00Z,58545.62741851807,-5.0,-13.11,0.0
2025-06-23T16:00Z,58021.20993041992,-5.0,-1.01,0.0
2025-06-23T17:00Z,59381.16901397705,-5.0,20.0,0.0
2025-06-23T18:00Z,58875.52896118164,-5.0,83.5,0.0
2025-06-23T19:00Z,56642.89027404785,19.979914529914524,90.0,0.0
2025-06-23T20:00Z,54204.28970336914,19.979914529914527,97.78,0.0
2025-06-23T21:00Z,50854.17652130127,19.979914529914527,89.53,0.0
2025-06-23T22:00Z,47059.104637145996,19.97991452991453,77.08,0.0
2025-06-23T23:00Z,45131.55699920654,19.979914529914524,66.79,0.0
2025-06-24T00:00Z,44216.06755065918,19.979914529914524,63.79,0.0
2025-06-24T01:00Z,43919.56278991699,19.979914529914524,58.12,0.0
2025-06-24T02:00Z,44587.464752197266,19.979914529914524,66.52,0.0
2025-06-24T03:00Z,47522.78330230713,19.979914529914527,69.75,0.0
2025-06-24T04:00Z,54572.79754638672,35.93090000000001,88.15,0.0
2025-06-24T05:00Z,58780.46745300293,89.71074390243903,88.02,0.0
2025-06-24T06:00Z,58975.18894195557,35.9309,41.27,0.0
2025-06-24T07:00Z,58543.24272918701,-5.0,-0.01,0.0
2025-06-24T08:00Z,57615.83179473877,-5.0,-4.01,0.0
2025-06-24T09:00Z,57803.17246246338,-5.0,-12.41,0.0
2025-06-24T10:00Z,57472.62120056152,-5.0,-20.09,0.0
2025-06-24T11:00Z,57279.56071472168,-5.0,-22.75,0.0
2025-06-24T12:00Z,56799.528228759766,-5.0,-19.27,0.0
2025-06-24T13:00Z,57030.88227844238,-5.0,-7.56,0.0
2025-06-24T14:00Z,56844.88665008545,-5.0,-3.06,0.0
2025-06-24T15:00Z,58737.81943511963,-5.0,2.09,0.0
2025-06-24T16:00Z,59833.92547607422,-5.0,61.77,0.0
2025-06-24T17:00Z,60014.11470794678,19.979914529914524,97.25,0.0
2025-06-24T18:00Z,59209.359771728516,35.9309,123.9,0.0
2025-06-24T19:00Z,57096.465492248535,35.93090000000001,122.49,0.0
2025-06-24T20:00Z,54180.34377288818,21.324754617468464,97.41,0.0
2025-06-24T21:00Z,50835.823501586914,19.979914529914524,98.02,0.0
2025-06-24T22:00Z,47781.210708618164,19.979914529914524,78.85,0.0
2025-06-24T23:00Z,45541.69425201416,0.0,67.63,0.0
2025-06-25T00:00Z,44151.211280822754,-5.0,70.02,0.0
2025-06-25T01:00Z,43559.907150268555,-5.0,69.07,0.0
2025-06-25T02:00Z,44623.339515686035,19.979914529914524,70.01,0.0
2025-06-25T03:00Z,47163.948249816895,19.979914529914527,82.77,0.0
2025-06-25T04:00Z,54572.3712310791,81.86080139670645,105.72,0.0
2025-06-25T05:00Z,59615.46800994873,96.27261728008675,112.36,0.0
2025-06-25T06:00Z,60855.557762145996,89.12174847060206,97.87,0.0
2025-06-25T07:00Z,60088.64521026611,35.93090000000001,70.02,0.0
2025-06-25T08:00Z,59309.85601043701,20.174743021012397,10.07,0.0
2025-06-25T09:00Z,59887.34806060791,19.979914529914524,0.07,0.0
2025-06-25T10:00Z,59149.26902008057,19.979914529914524,-0.02,0.0
2025-06-25T11:00Z,58469.411949157715,-5.0,-0.14,0.0
2025-06-25T12:00Z,58671.609062194824,-5.0,-0.51,0.0
2025-06-25T13:00Z,58627.60600280762,-5.0,0.0,0.0
2025-06-25T14:00Z,57940.5744934082,0.0,17.84,0.0
2025-06-25T15:00Z,58418.710945129395,35.93090000000001,84.47,0.0
2025-06-25T16:00Z,58876.29440307617,96.27261728008675,105.8,0.0
2025-06-25T17:00Z,58918.84832763672,100.61690625,134.19,0.0
2025-06-25T18:00Z,57922.74324798584,110.70326512405268,200.0,0.0
2025-06-25T19:00Z,54892.54871368408,110.70326512405268,247.02,0.0
2025-06-25T20:00Z,52709.24425506592,110.70326512405268,173.62,0.0
2025-06-25T21:00Z,48981.19152069092,110.70326512405268,126.84,0.0
2025-06-25T22:00Z,46123.549491882324,100.66654331474969,119.95,0.0
2025-06-25T23:00Z,44227.75186920166,100.61690625,107.63,0.0
2025-06-26T00:00Z,42887.793716430664,100.61690625,102.83,0.0
2025-06-26T01:00Z,41569.12126159668,98.22129346317297,98.62,0.0
2025-06-26T02:00Z,43349.63375091553,98.22129346317297,98.79,0.0
2025-06-26T03:00Z,47019.810691833496,99.27364890966956,102.91,0.0
2025-06-26T04:00Z,53628.12294769287,103.30365845824412,119.9,0.0
2025-06-26T05:00Z,58439.029037475586,110.70326512405268,120.91,0.0
2025-06-26T06:00Z,61473.43997955322,110.70326512405268,106.79,0.0
2025-06-26T07:00Z,62188.00496673584,100.66654331474969,96.45,0.0
2025-06-26T08:00Z,62386.66997528076,98.22129346317297,88.95,0.0
2025-06-26T09:00Z,63143.2659072876,97.07137775031268,77.88,0.0
2025-06-26T10:00Z,62469.340995788574,97.07137775031268,70.25,0.0
2025-06-26T11:00Z,61508.49354553223,97.07137775031268,59.25,0.0
2025-06-26T12:00Z,59775.574447631836,96.27261728008675,51.12,0.0
2025-06-26T13:00Z,59460.95174407959,89.71074390243903,48.99,0.0
2025-06-26T14:00Z,59619.742515563965,35.9309,63.04,0.0
2025-06-26T15:00Z,59180.42623901367,20.41331893790761,70.3,0.0
2025-06-26T16:00Z,60450.34160614014,35.930899999999994,89.23,0.0
2025-06-26T17:00Z,59202.9444732666,20.21801336529556,93.95,0.0
2025-06-26T18:00Z,57616.41648101807,20.21801336529556,99.14,0.0
2025-06-26T19:00Z,54863.21044921875,20.174743021012397,100.0,0.0
2025-06-26T20:00Z,52686.19773101807,19.97991452991453,108.64,0.0
2025-06-26T21:00Z,49927.27591705322,19.979914529914524,97.23,0.0
2025-06-26T22:00Z,47349.05616760254,19.979914529914524,84.5,0.0
2025-06-26T23:00Z,45889.41027069092,19.979914529914524,78.83,0.0
2025-06-27T00:00Z,45751.12153625488,19.979914529914527,75.67,0.0
2025-06-27T01:00Z,45783.51892852783,20.179071574532003,80.41,0.0
2025-06-27T02:00Z,45980.5062789917,21.324754617468464,82.39,0.0
2025-06-27T03:00Z,48301.06603240967,35.93090000000001,88.9,0.0
2025-06-27T04:00Z,54139.06433105469,94.87131662251792,105.58,0.0
2025-06-27T05:00Z,59119.28227233887,96.27261728008675,113.2,0.0
2025-06-27T06:00Z,61302.74048614502,96.27261728008675,107.7,0.0
2025-06-27T07:00Z,61189.21342468262,87.8605134487122,90.94,0.0
2025-06-27T08:00Z,62173.39250946045,81.86080139670645,79.12,0.0
2025-06-27T09:00Z,64417.78591918945,35.93090000000001,67.45,0.0
2025-06-27T10:00Z,62541.636726379395,87.8605134487122,54.53,0.0
2025-06-27T11:00Z,60850.84799194336,87.8605134487122,28.3,0.0
2025-06-27T12:00Z,58321.847160339355,81.67000276243094,7.87,0.0
2025-06-27T13:00Z,58531.19618988037,35.9309,9.88,0.0
2025-06-27T14:00Z,57249.19320678711,35.9309,29.92,0.0
2025-06-27T15:00Z,56686.695053100586,87.8605134487122,70.68,0.0
2025-06-27T16:00Z,56825.6484375,96.27261728008675,91.73,0.0
2025-06-27T17:00Z,56543.60949707031,97.85956206066555,107.15,0.0
2025-06-27T18:00Z,54405.81076049805,99.27364890966956,124.86,0.0
2025-06-27T19:00Z,51929.78128814697,100.61690625,134.94,0.0
2025-06-27T20:00Z,49897.99648284912,100.61690625,126.24,0.0
2025-06-27T21:00Z,47390.64757537842,98.22129346317297,107.7,0.0
2025-06-27T22:00Z,44713.86949157715,97.07137775031268,94.7,0.0
2025-06-27T23:00Z,42302.90125274658,96.27261728008675,89.61,0.0
2025-06-28T00:00Z,41007.40270996094,96.27261728008675,82.02,0.0
2025-06-28T01:00Z,40084.08094024658,89.71074390243903,76.59,0.0
2025-06-28T02:00Z,39535.790267944336,87.8605134487122,70.27,0.0
2025-06-28T03:00Z,39257.515968322754,81.86080139670645,75.4,0.0
2025-06-28T04:00Z,41426.700942993164,87.8605134487122,74.0,0.0
2025-06-28T05:00Z,44714.68028259277,87.8605134487122,58.84,0.0
2025-06-28T06:00Z,48048.493743896484,87.8605134487122,27.8,0.0
2025-06-28T07:00Z,50270.577156066895,20.21801336529556,2.34,0.0
2025-06-28T08:00Z,51506.410064697266,19.979914529914524,0.01,0.0
2025-06-28T09:00Z,50296.14748382568,-5.0,-0.04,0.0
2025-06-28T10:00Z,49158.03049468994,0.0,-1.0,0.0
2025-06-28T11:00Z,47968.778007507324,-5.0,-2.01,0.0
2025-06-28T12:00Z,47307.80450439453,-5.0,-3.09,0.0
2025-06-28T13:00Z,46872.78071594238,-5.0,-1.01,0.0
2025-06-28T14:00Z,46810.54299163818,-5.0,-1.0,0.0
2025-06-28T15:00Z,48569.29418182373,-5.0,2.97,0.0
2025-06-28T16:00Z,49664.52350616455,19.979914529914527,62.73,0.0
2025-06-28T17:00Z,49791.27648162842,81.67000276243094,95.03,0.0
2025-06-28T18:00Z,48624.30322265625,87.8605134487122,108.99,0.0
2025-06-28T19:00Z,47027.853019714355,87.8605134487122,123.86,0.0
2025-06-28T20:00Z,46217.41777038574,89.71074390243903,119.84,0.0
2025-06-28T21:00Z,44009.318214416504,87.8605134487122,103.5,0.0
2025-06-28T22:00Z,42169.63875579834,94.87131662251792,95.07,0.0
2025-06-28T23:00Z,40128.062355041504,87.8605134487122,89.42,0.0
2025-06-29T00:00Z,38580.17372131348,35.93090000000001,89.66,0.0
2025-06-29T01:00Z,37902.54224395752,35.9309,86.82,0.0
2025-06-29T02:00Z,37437.368995666504,35.930899999999994,85.31,0.0
2025-06-29T03:00Z,37071.90217590332,35.9309,85.3,0.0
2025-06-29T04:00Z,38337.971504211426,87.8605134487122,86.39,0.0
2025-06-29T05:00Z,40446.8162689209,96.27261728008675,74.92,0.0
2025-06-29T06:00Z,43581.39249420166,96.27261728008675,47.52,0.0
2025-06-29T07:00Z,44208.27702331543,87.8605134487122,1.99,0.0
2025-06-29T08:00Z,45882.128761291504,35.9309,0.0,0.0
2025-06-29T09:00Z,45172.74398803711,19.979914529914524,-0.26,0.0
2025-06-29T10:00Z,45354.31946563721,19.979914529914524,-5.4,0.0
2025-06-29T11:00Z,44784.00419616699,-5.0,-20.1,0.0
2025-06-29T12:00Z,43603.16096496582,-5.0,-24.01,0.0
2025-06-29T13:00Z,44052.78518676758,-5.0,-15.45,0.0
2025-06-29T14:00Z,44267.25077819824,-5.0,-2.69,0.0
2025-06-29T15:00Z,47605.01043701172,-5.0,0.01,0.0
2025-06-29T16:00Z,49374.205253601074,19.979914529914527,77.44,0.0
2025-06-29T17:00Z,49656.406074523926,87.8605134487122,102.14,0.0
2025-06-29T18:00Z,49497.31921386719,96.27261728008675,111.98,0.0
2025-06-29T19:00Z,48411.18394470215,97.07137775031268,118.07,0.0
2025-06-29T20:00Z,48309.03667449951,97.07137775031268,113.73,0.0
2025-06-29T21:00Z,45762.05902862549,97.07137775031268,101.0,0.0
2025-06-29T22:00Z,43267.447509765625,97.07137775031268,98.73,0.0
2025-06-29T23:00Z,41600.71823883057,97.07137775031268,89.03,0.0
2025-06-30T00:00Z,40837.51710510254,97.85956206066555,85.03,0.0
2025-06-30T01:00Z,40269.24543762207,97.85956206066555,84.13,0.0
2025-06-30T02:00Z,41039.594734191895,98.22129346317297,86.51,0.0
2025-06-30T03:00Z,44080.011474609375,98.22129346317297,97.41,0.0
2025-06-30T04:00Z,51483.643951416016,107.14837644051812,114.9,0.0
2025-06-30T05:00Z,56883.213386535645,110.70326512405268,111.7,0.0
2025-06-30T06:00Z,60516.03502655029,110.70326512405268,108.52,0.0
2025-06-30T07:00Z,60488.99774932861,107.14837644051812,91.77,0.0
2025-06-30T08:00Z,59601.604011535645,99.27364890966956,74.65,0.0
2025-06-30T09:00Z,59045.90425109863,97.85956206066555,43.73,0.0
2025-06-30T10:00Z,58289.258224487305,97.07137775031268,19.05,0.0
2025-06-30T11:00Z,57768.79623413086,96.27261728008675,9.96,0.0
2025-06-30T12:00Z,56760.683753967285,96.27261728008675,19.65,0.0
2025-06-30T13:00Z,57050.32353210449,96.27261728008675,60.0,0.0
2025-06-30T14:00Z,55943.631996154785,96.27261728008675,80.5,0.0
2025-06-30T15:00Z,56843.70672607422,97.85956206066555,91.98,0.0
2025-06-30T16:00Z,57679.19288635254,99.27364890966956,110.01,0.0
2025-06-30T17:00Z,57584.1372756958,107.14837644051812,178.94,0.0
2025-06-30T18:00Z,56769.9924697876,110.70326512405268,288.97,0.0
2025-06-30T19:00Z,54578.58428955078,110.70326512405268,233.35,0.0
2025-06-30T20:00Z,52289.03678894043,100.66654331474969,157.0,0.0
2025-06-30T21:00Z,48418.2297668457,98.22129346317297,122.65,0.0
2025-06-30T22:00Z,46038.447830200195,97.85956206066555,111.28,0.0
2025-06-30T23:00Z,44783.983558654785,97.07137775031268,95.29,0.0
2025-07-01T00:00Z,43570.53471374512,97.07137775031268,89.1,0.0
2025-07-01T01:00Z,43980.33024597168,97.07137775031268,88.08,0.0
2025-07-01T02:00Z,45033.667251586914,97.07137775031268,90.01,0.0
2025-07-01T03:00Z,47365.19578552246,97.85956206066555,96.5,0.0
2025-07-01T04:00Z,53849.12983703613,100.61690625,114.97,0.0
2025-07-01T05:00Z,58663.23420715332,107.14837644051812,120.11,0.0
2025-07-01T06:00Z,61387.26029968262,110.70326512405268,114.72,0.0
2025-07-01T07:00Z,61525.333251953125,107.14837644051812,91.19,0.0
2025-07-01T08:00Z,60390.18775177002,99.27364890966956,84.31,0.0
2025-07-01T09:00Z,60878.88424682617,98.22129346317297,69.56,0.0
2025-07-01T10:00Z,60119.14303588867,97.07137775031268,44.54,0.0
2025-07-01T11:00Z,59420.445541381836,97.07137775031268,42.47,0.0
2025-07-01T12:00Z,59008.78427886963,97.07137775031268,57.65,0.0
2025-07-01T13:00Z,58448.561431884766,97.07137775031268,78.14,0.0
2025-07-01T14:00Z,59235.83557128906,97.85956206066555,90.8,0.0
2025-07-01T15:00Z,59917.845474243164,99.27364890966956,102.02,0.0
2025-07-01T16:00Z,59513.631576538086,100.66654331474969,152.08,0.0
2025-07-01T17:00Z,59312.52618408203,110.70326512405268,307.27,0.0
2025-07-01T18:00Z,58183.19005584717,110.70326512405268,476.19,0.0
2025-07-01T19:00Z,55854.06970214844,110.70326512405268,406.81,0.0
2025-07-01T20:00Z,54289.64922332764,110.70326512405268,250.01,0.0
2025-07-01T21:00Z,50766.40000152588,100.61690625,147.65,0.0
2025-07-01T22:00Z,47864.65427398682,98.22129346317297,119.29,0.0
2025-07-01T23:00Z,46344.96170043945,97.07137775031268,102.7,0.0
2025-07-02T00:00Z,45505.069580078125,96.27261728008675,92.54,0.0
2025-07-02T01:00Z,45252.55455780029,96.27261728008675,92.08,0.0
2025-07-02T02:00Z,45564.630546569824,96.27261728008675,91.71,0.0
2025-07-02T03:00Z,48493.594093322754,97.07137775031268,100.55,0.0
2025-07-02T04:00Z,55349.10177612305,98.22129346317297,116.43,0.0
2025-07-02T05:00Z,60456.58826446533,100.61690625,110.42,0.0
2025-07-02T06:00Z,62641.194984436035,107.14837644051812,104.52,0.0
2025-07-02T07:00Z,61935.910484313965,100.66654331474969,92.62,0.0
2025-07-02T08:00Z,62410.64170074463,100.61690625,81.06,0.0
2025-07-02T09:00Z,61353.4381942749,97.85956206066555,69.93,0.0
2025-07-02T10:00Z,60683.9299697876,97.07137775031268,36.12,0.0
2025-07-02T11:00Z,60513.3879776001,97.07137775031268,32.59,0.0
2025-07-02T12:00Z,59133.471450805664,97.07137775031268,46.61,0.0
2025-07-02T13:00Z,59412.14326477051,97.85956206066555,71.49,0.0
2025-07-02T14:00Z,59781.935539245605,98.22129346317297,79.6,0.0
2025-07-02T15:00Z,60756.066551208496,98.22129346317297,89.27,0.0
2025-07-02T16:00Z,60057.121574401855,98.22129346317297,113.99,0.0
2025-07-02T17:00Z,59507.38277435303,99.27364890966956,186.01,0.0
2025-07-02T18:00Z,59592.27900695801,100.61690625,240.07,0.0
2025-07-02T19:00Z,58530.825912475586,99.27364890966956,180.21,0.0
2025-07-02T20:00Z,55871.18408203125,97.85956206066555,134.93,0.0
2025-07-02T21:00Z,52573.126525878906,96.27261728008675,108.5,0.0
2025-07-02T22:00Z,49444.9034576416,97.07137775031268,83.49,0.0
2025-07-02T23:00Z,47598.518966674805,94.87131662251792,81.15,0.0
2025-07-03T00:00Z,45464.463806152344,87.8605134487122,79.0,0.0
2025-07-03T01:00Z,44336.254165649414,87.8605134487122,78.93,0.0
2025-07-03T02:00Z,45375.21187591553,94.87131662251792,80.88,0.0
2025-07-03T03:00Z,49320.82280731201,96.27261728008675,86.45,0.0
2025-07-03T04:00Z,56610.253997802734,97.07137775031268,104.92,0.0
2025-07-03T05:00Z,60417.034004211426,97.07137775031268,108.03,0.0
2025-07-03T06:00Z,63377.530029296875,97.07137775031268,104.9,0.0
2025-07-03T07:00Z,64237.69155883789,97.07137775031268,90.45,0.0
2025-07-03T08:00Z,64636.998222351074,96.27261728008675,75.06,0.0
2025-07-03T09:00Z,64688.13475036621,96.27261728008675,57.35,0.0
2025-07-03T10:00Z,62602.48774719238,89.12174847060206,42.16,0.0
2025-07-03T11:00Z,61476.39375305176,35.93090000000001,33.91,0.0
2025-07-03T12:00Z,60306.8757019043,20.21801336529556,24.72,0.0
2025-07-03T13:00Z,58765.61472320557,19.97991452991453,37.86,0.0
2025-07-03T14:00Z,57558.49220275879,35.93089999999999,58.57,0.0
2025-07-03T15:00Z,58963.87928009033,87.8605134487122,81.0,0.0
2025-07-03T16:00Z,60380.888496398926,97.07137775031268,95.19,0.0
2025-07-03T17:00Z,60071.6651763916,98.22129346317297,107.2,0.0
2025-07-03T18:00Z,58107.11119842529,100.61690625,146.96,0.0
2025-07-03T19:00Z,55376.30623626709,100.66654331474969,166.67,0.0
2025-07-03T20:00Z,52759.719665527344,100.66654331474969,133.3,0.0
2025-07-03T21:00Z,49523.0542678833,100.61690625,117.03,0.0
2025-07-03T22:00Z,47290.32517242432,100.61690625,111.01,0.0
2025-07-03T23:00Z,45046.054931640625,100.61690625,105.45,0.0
2025-07-04T00:00Z,43862.29973602295,100.61690625,101.31,0.0
2025-07-04T01:00Z,43738.9722366333,99.27364890966956,98.44,0.0
2025-07-04T02:00Z,44380.10958862305,100.61690625,103.2,0.0
2025-07-04T03:00Z,47295.04441833496,100.66654331474969,106.63,0.0
2025-07-04T04:00Z,53202.83296966553,110.70326512405268,122.38,0.0
2025-07-04T05:00Z,57862.720222473145,110.70326512405268,116.46,0.0
2025-07-04T06:00Z,60750.309310913086,110.70326512405268,100.0,0.0
2025-07-04T07:00Z,60081.00698852539,107.14837644051812,91.15,0.0
2025-07-04T08:00Z,59783.23944091797,98.22129346317297,70.01,0.0
2025-07-04T09:00Z,59600.633056640625,97.07137775031268,6.69,0.0
2025-07-04T10:00Z,58694.14531707764,96.27261728008675,-0.05,0.0
2025-07-04T11:00Z,57133.82354736328,94.87131662251792,-1.56,0.0
2025-07-04T12:00Z,56311.87600708008,81.86080139670645,-1.37,0.0
2025-07-04T13:00Z,55837.12699127197,81.86080139670645,-0.61,0.0
2025-07-04T14:00Z,55500.570304870605,87.8605134487122,2.39,0.0
2025-07-04T15:00Z,55492.05709838867,96.27261728008675,62.04,0.0
2025-07-04T16:00Z,55685.89376831055,97.85956206066555,88.68,0.0
2025-07-04T17:00Z,55614.71071624756,98.22129346317297,110.0,0.0
2025-07-04T18:00Z,54441.97343444824,100.66654331474969,130.74,0.0
2025-07-04T19:00Z,52059.869552612305,100.66654331474969,150.1,0.0
2025-07-04T20:00Z,50237.32453918457,100.66654331474969,129.68,0.0
2025-07-04T21:00Z,47720.595138549805,99.27364890966956,107.99,0.0
2025-07-04T22:00Z,44593.93975067139,97.85956206066555,104.2,0.0
2025-07-04T23:00Z,42010.371086120605,97.07137775031268,94.98,0.0
2025-07-05T00:00Z,40235.26848602295,94.87131662251792,96.5,0.0
2025-07-05T01:00Z,39866.98287963867,87.8605134487122,93.4,0.0
2025-07-05T02:00Z,39989.68293762207,35.9309,94.5,0.0
2025-07-05T03:00Z,39947.57369995117,35.93089999999999,83.49,0.0
2025-07-05T04:00Z,42660.34703063965,35.93090000000001,84.47,0.0
2025-07-05T05:00Z,45049.65000915527,81.67000276243094,43.77,0.0
2025-07-05T06:00Z,47739.14493560791,81.86080139670645,17.86,0.0
2025-07-05T07:00Z,49756.844551086426,35.9309,3.34,0.0
2025-07-05T08:00Z,50692.48629760742,19.979914529914524,0.0,0.0
2025-07-05T09:00Z,50791.68981933594,-5.0,-0.08,0.0
2025-07-05T10:00Z,49030.20951080322,-5.0,-1.01,0.0
2025-07-05T11:00Z,47471.21855163574,-5.0,-2.05,0.0
2025-07-05T12:00Z,46625.204986572266,-5.0,-2.11,0.0
2025-07-05T13:00Z,46362.704246520996,-5.0,-2.01,0.0
2025-07-05T14:00Z,46617.00727844238,-5.0,-2.26,0.0
2025-07-05T15:00Z,47942.02103424072,-5.0,0.0,0.0
2025-07-05T16:00Z,49008.43053436279,-5.0,41.25,0.0
2025-07-05T17:00Z,49385.085289001465,20.174743021012397,85.0,0.0
2025-07-05T18:00Z,47776.985763549805,92.54273178553254,111.01,0.0
2025-07-05T19:00Z,45793.711990356445,96.27261728008675,122.96,0.0
2025-07-05T20:00Z,44789.948722839355,96.27261728008675,117.14,0.0
2025-07-05T21:00Z,42601.21422576904,96.27261728008675,108.21,0.0
2025-07-05T22:00Z,40868.44918060303,96.27261728008675,95.15,0.0
2025-07-05T23:00Z,38981.7059173584,94.87131662251792,89.5,0.0
2025-07-06T00:00Z,37669.24249267578,87.8605134487122,85.94,0.0
2025-07-06T01:00Z,36837.127029418945,87.8605134487122,83.95,0.0
2025-07-06T02:00Z,36256.47248840332,35.93090000000001,82.6,0.0
2025-07-06T03:00Z,35956.20403289795,35.9309,82.0,0.0
2025-07-06T04:00Z,36977.09356689453,35.93090000000001,78.46,0.0
2025-07-06T05:00Z,38672.20600891113,81.86080139670645,77.57,0.0
2025-07-06T06:00Z,41395.71775817871,81.67000276243094,70.57,0.0
2025-07-06T07:00Z,44230.59979248047,35.930899999999994,38.81,0.0
2025-07-06T08:00Z,46570.80676269531,20.21801336529556,19.21,0.0
2025-07-06T09:00Z,48040.15785217285,19.97991452991453,13.19,0.0
2025-07-06T10:00Z,47716.94705200195,35.93090000000001,10.26,0.0
2025-07-06T11:00Z,46987.579734802246,20.174743021012397,5.85,0.0
2025-07-06T12:00Z,45685.64498901367,19.979914529914527,11.2,0.0
2025-07-06T13:00Z,45880.927001953125,35.930899999999994,50.57,0.0
2025-07-06T14:00Z,46189.59199523926,35.93090000000001,70.77,0.0
2025-07-06T15:00Z,46368.16745758057,89.71074390243903,100.29,0.0
2025-07-06T16:00Z,47827.874252319336,97.07137775031268,107.37,0.0
2025-07-06T17:00Z,47959.68699645996,98.22129346317297,112.16,0.0
2025-07-06T18:00Z,46922.62819671631,98.22129346317297,120.32,0.0
2025-07-06T19:00Z,46267.68949127197,99.27364890966956,125.04,0.0
2025-07-06T20:00Z,46352.79204559326,99.27364890966956,122.21,0.0
2025-07-06T21:00Z,43887.00308227539,98.22129346317297,110.78,0.0
2025-07-06T22:00Z,41940.937744140625,98.22129346317297,118.84,0.0
2025-07-06T23:00Z,40237.95372772217,98.22129346317297,107.42,0.0
2025-07-07T00:00Z,40028.575187683105,97.85956206066555,101.92,0.0
2025-07-07T01:00Z,40545.32180023193,97.85956206066555,99.12,0.0
2025-07-07T02:00Z,41851.95597076416,98.22129346317297,101.0,0.0
2025-07-07T03:00Z,44398.31470489502,98.22129346317297,108.22,0.0
2025-07-07T04:00Z,51579.95177459717,107.14837644051812,134.2,0.0
2025-07-07T05:00Z,56687.033767700195,110.70326512405268,143.67,0.0
2025-07-07T06:00Z,60039.08437347412,110.70326512405268,152.29,0.0
2025-07-07T07:00Z,61448.84549713135,110.70326512405268,131.99,0.0
2025-07-07T08:00Z,61675.381996154785,110.70326512405268,108.64,0.0
2025-07-07T09:00Z,61985.11318206787,100.66654331474969,108.98,0.0
2025-07-07T10:00Z,61920.03917694092,100.61690625,90.24,0.0
2025-07-07T11:00Z,60726.90148162842,98.22129346317297,71.0,0.0
2025-07-07T12:00Z,58870.39525604248,97.07137775031268,53.02,0.0
2025-07-07T13:00Z,58005.99296569824,96.27261728008675,50.67,0.0
2025-07-07T14:00Z,57755.631340026855,96.27261728008675,52.51,0.0
2025-07-07T15:00Z,59186.04219055176,97.07137775031268,72.3,0.0
2025-07-07T16:00Z,59335.51467895508,97.07137775031268,87.95,0.0
2025-07-07T17:00Z,58075.60478973389,97.07137775031268,92.27,0.0
2025-07-07T18:00Z,56092.69127655029,97.85956206066555,97.28,0.0
2025-07-07T19:00Z,54157.40495300293,97.07137775031268,109.92,0.0
2025-07-07T20:00Z,51152.356506347656,97.07137775031268,110.09,0.0
2025-07-07T21:00Z,47742.53182220459,96.27261728008675,95.82,0.0
2025-07-07T22:00Z,45247.35051727295,97.07137775031268,103.83,0.0
2025-07-07T23:00Z,43613.60971069336,97.07137775031268,92.9,0.0
2025-07-08T00:00Z,42624.14227294922,96.27261728008675,86.13,0.0
2025-07-08T01:00Z,42552.16451263428,96.27261728008675,84.78,0.0
2025-07-08T02:00Z,43608.91473388672,96.27261728008675,85.37,0.0
2025-07-08T03:00Z,46705.683502197266,97.07137775031268,91.14,0.0
2025-07-08T04:00Z,52772.99970245361,97.85956206066555,107.99,0.0
2025-07-08T05:00Z,57435.73620605469,98.22129346317297,118.65,0.0
2025-07-08T06:00Z,59846.3642578125,98.22129346317297,117.76,0.0
2025-07-08T07:00Z,60631.192459106445,97.85956206066555,94.06,0.0
2025-07-08T08:00Z,61121.72569274902,97.07137775031268,81.78,0.0
2025-07-08T09:00Z,61288.92874908447,96.27261728008675,78.44,0.0
2025-07-08T10:00Z,60463.8083190918,96.27261728008675,60.15,0.0
2025-07-08T11:00Z,59734.4725189209,87.8605134487122,54.72,0.0
2025-07-08T12:00Z,58301.886054992676,35.93090000000001,53.04,0.0
2025-07-08T13:00Z,57035.38377380371,35.9309,54.65,0.0
2025-07-08T14:00Z,56279.77542877197,35.93090000000001,65.2,0.0
2025-07-08T15:00Z,57250.01369476318,89.12174847060206,79.98,0.0
2025-07-08T16:00Z,57711.34052276611,96.27261728008675,83.92,0.0
2025-07-08T17:00Z,57146.64398956299,97.07137775031268,102.1,0.0
2025-07-08T18:00Z,55161.131690979004,97.85956206066555,122.77,0.0
2025-07-08T19:00Z,52454.77257537842,97.85956206066555,123.34,0.0
2025-07-08T20:00Z,50280.52648925781,97.07137775031268,116.65,0.0
2025-07-08T21:00Z,46816.49327850342,97.07137775031268,100.95,0.0
2025-07-08T22:00Z,44388.97174835205,97.07137775031268,97.15,0.0
2025-07-08T23:00Z,42653.73893737793,96.27261728008675,86.85,0.0
2025-07-09T00:00Z,41083.151527404785,96.27261728008675,83.86,0.0
2025-07-09T01:00Z,41057.82746887207,96.27261728008675,84.65,0.0
2025-07-09T02:00Z,42158.54183959961,96.27261728008675,85.1,0.0
2025-07-09T03:00Z,45462.78870391846,97.07137775031268,96.15,0.0
2025-07-09T04:00Z,51746.290267944336,98.22129346317297,113.66,0.0
2025-07-09T05:00Z,56655.52900695801,100.61690625,116.46,0.0
2025-07-09T06:00Z,59378.7098236084,99.27364890966956,113.59,0.0
2025-07-09T07:00Z,60078.3058013916,98.22129346317297,95.66,0.0
2025-07-09T08:00Z,60362.34948730469,97.85956206066555,84.68,0.0
2025-07-09T09:00Z,60498.28072357178,96.27261728008675,77.77,0.0
2025-07-09T10:00Z,60549.261001586914,97.07137775031268,65.67,0.0
2025-07-09T11:00Z,59066.465911865234,96.27261728008675,46.69,0.0
2025-07-09T12:00Z,57599.87124633789,96.27261728008675,37.78,0.0
2025-07-09T13:00Z,57052.408950805664,92.54273178553254,48.32,0.0
2025-07-09T14:00Z,55712.558197021484,96.27261728008675,71.13,0.0
2025-07-09T15:00Z,56004.48699951172,97.07137775031268,84.73,0.0
2025-07-09T16:00Z,56924.7624130249,97.85956206066555,99.01,0.0
2025-07-09T17:00Z,56129.15718078613,99.27364890966956,115.98,0.0
2025-07-09T18:00Z,54855.502182006836,100.61690625,135.34,0.0
2025-07-09T19:00Z,52850.813484191895,100.66654331474969,138.24,0.0
2025-07-09T20:00Z,50505.43199920654,100.66654331474969,119.79,0.0
2025-07-09T21:00Z,46943.89503479004,100.61690625,104.9,0.0
2025-07-09T22:00Z,43799.74671173096,99.27364890966956,100.91,0.0
2025-07-09T23:00Z,42198.09161376953,98.22129346317297,95.73,0.0
2025-07-10T00:00Z,41236.69201660156,98.22129346317297,89.1,0.0
2025-07-10T01:00Z,41262.10066986084,98.22129346317297,86.45,0.0
2025-07-10T02:00Z,42171.11201477051,99.27364890966956,87.97,0.0
2025-07-10T03:00Z,44986.6379776001,100.61690625,98.62,0.0
2025-07-10T04:00Z,51596.85132598877,110.70326512405268,107.61,0.0
2025-07-10T05:00Z,56146.48557281494,110.70326512405268,107.23,0.0
2025-07-10T06:00Z,58568.774993896484,110.70326512405268,105.35,0.0
2025-07-10T07:00Z,58302.712493896484,107.14837644051812,88.9,0.0
2025-07-10T08:00Z,58702.03200531006,100.61690625,82.0,0.0
2025-07-10T09:00Z,58354.125717163086,98.22129346317297,65.33,0.0
2025-07-10T10:00Z,57435.42958068848,97.85956206066555,45.22,0.0
2025-07-10T11:00Z,56474.85095977783,97.07137775031268,39.51,0.0
2025-07-10T12:00Z,55745.01845550537,96.27261728008675,39.55,0.0
2025-07-10T13:00Z,55354.78422546387,96.27261728008675,56.71,0.0
2025-07-10T14:00Z,55601.31220245361,96.27261728008675,76.8,0.0
2025-07-10T15:00Z,56045.33341217041,97.07137775031268,86.4,0.0
2025-07-10T16:00Z,56300.02396392822,98.22129346317297,100.2,0.0
2025-07-10T17:00Z,55754.80325317383,100.61690625,114.39,0.0
2025-07-10T18:00Z,54634.77928161621,100.66654331474969,134.67,0.0
2025-07-10T19:00Z,52777.25556182861,100.66654331474969,132.7,0.0
2025-07-10T20:00Z,50969.83023071289,100.61690625,120.88,0.0
2025-07-10T21:00Z,47459.91306304932,98.22129346317297,107.69,0.0
2025-07-10T22:00Z,45187.023933410645,98.22129346317297,104.75,0.0
2025-07-10T23:00Z,43365.795150756836,98.22129346317297,99.57,0.0
2025-07-11T00:00Z,42078.84281921387,98.22129346317297,95.0,0.0
2025-07-11T01:00Z,42336.76527404785,98.22129346317297,90.69,0.0
2025-07-11T02:00Z,43173.77121734619,98.22129346317297,91.53,0.0
2025-07-11T03:00Z,45768.5539932251,99.27364890966956,99.4,0.0
2025-07-11T04:00Z,52353.5090713501,100.66654331474969,107.41,0.0
2025-07-11T05:00Z,57548.21828460693,110.70326512405268,105.92,0.0
2025-07-11T06:00Z,60900.54451751709,110.70326512405268,105.18,0.0
2025-07-11T07:00Z,61228.140533447266,100.66654331474969,93.3,0.0
2025-07-11T08:00Z,60273.840560913086,98.22129346317297,82.9,0.0
2025-07-11T09:00Z,60496.61073303223,97.07137775031268,73.15,0.0
2025-07-11T10:00Z,59402.423194885254,96.27261728008675,63.82,0.0
2025-07-11T11:00Z,57399.78121185303,89.12174847060206,42.16,0.0
2025-07-11T12:00Z,56159.047286987305,81.86080139670645,32.04,0.0
2025-07-11T13:00Z,55961.86276245117,87.8605134487122,38.1,0.0
2025-07-11T14:00Z,56068.04550933838,87.8605134487122,59.55,0.0
2025-07-11T15:00Z,56511.57668304443,96.27261728008675,83.15,0.0
2025-07-11T16:00Z,56389.434478759766,96.27261728008675,86.44,0.0
2025-07-11T17:00Z,55029.25874328613,97.85956206066555,101.93,0.0
2025-07-11T18:00Z,53337.198249816895,98.22129346317297,117.5,0.0
2025-07-11T19:00Z,50957.25053405762,97.85956206066555,118.08,0.0
2025-07-11T20:00Z,48498.2049407959,97.85956206066555,113.8,0.0
2025-07-11T21:00Z,45044.2594909668,97.07137775031268,103.82,0.0
2025-07-11T22:00Z,42955.716453552246,97.85956206066555,112.23,0.0
2025-07-11T23:00Z,40737.77474975586,97.07137775031268,104.57,0.0
2025-07-12T00:00Z,39739.54002380371,97.07137775031268,103.68,0.0
2025-07-12T01:00Z,39383.81610870361,97.07137775031268,97.4,0.0
2025-07-12T02:00Z,38863.48910522461,96.27261728008675,93.33,0.0
2025-07-12T03:00Z,38874.13172912598,96.27261728008675,89.94,0.0
2025-07-12T04:00Z,40637.236267089844,96.27261728008675,85.27,0.0
2025-07-12T05:00Z,43593.00852203369,96.27261728008675,87.98,0.0
2025-07-12T06:00Z,47363.90340423584,96.27261728008675,83.8,0.0
2025-07-12T07:00Z,49693.62021636963,96.27261728008675,59.86,0.0
2025-07-12T08:00Z,50991.79528808594,87.8605134487122,18.19,0.0
2025-07-12T09:00Z,50702.51198577881,35.9309,3.0,0.0
2025-07-12T10:00Z,49088.01589202881,35.930899999999994,0.22,0.0
2025-07-12T11:00Z,47669.534240722656,21.324754617468464,0.0,0.0
2025-07-12T12:00Z,47190.5969543457,35.9309,0.0,0.0
2025-07-12T13:00Z,46750.364250183105,81.86080139670645,0.22,0.0
2025-07-12T14:00Z,47221.803535461426,87.8605134487122,19.73,0.0
2025-07-12T15:00Z,47616.55576324463,96.27261728008675,73.89,0.0
2025-07-12T16:00Z,48819.84049987793,96.27261728008675,106.2,0.0
2025-07-12T17:00Z,48691.159660339355,97.85956206066555,109.2,0.0
2025-07-12T18:00Z,47689.38446044922,98.22129346317297,120.0,0.0
2025-07-12T19:00Z,46003.48749542236,98.22129346317297,125.02,0.0
2025-07-12T20:00Z,44751.33798980713,98.22129346317297,125.0,0.0
2025-07-12T21:00Z,42312.2897567749,97.85956206066555,115.42,0.0
2025-07-12T22:00Z,39710.55852508545,97.85956206066555,115.35,0.0
2025-07-12T23:00Z,37962.05075073242,97.07137775031268,109.14,0.0
2025-07-13T00:00Z,36912.79122161865,97.07137775031268,108.42,0.0
2025-07-13T01:00Z,36199.30892944336,97.07137775031268,107.35,0.0
2025-07-13T02:00Z,36030.82027435303,97.07137775031268,104.64,0.0
2025-07-13T03:00Z,36061.1501159668,97.07137775031268,100.85,0.0
2025-07-13T04:00Z,36692.85484313965,97.07137775031268,95.8,0.0
2025-07-13T05:00Z,38346.41803741455,97.85956206066555,92.18,0.0
2025-07-13T06:00Z,41391.69271850586,98.22129346317297,87.94,0.0
2025-07-13T07:00Z,43783.4338760376,97.85956206066555,57.62,0.0
2025-07-13T08:00Z,45777.916931152344,97.07137775031268,4.28,0.0
2025-07-13T09:00Z,46905.12129211426,96.27261728008675,0.05,0.0
2025-07-13T10:00Z,46362.454246520996,96.27261728008675,0.0,0.0
2025-07-13T11:00Z,44692.47300720215,87.8605134487122,0.0,0.0
2025-07-13T12:00Z,43311.35472869873,81.86080139670645,0.0,0.0
2025-07-13T13:00Z,42274.323486328125,81.86080139670645,0.0,0.0
2025-07-13T14:00Z,42655.29225921631,87.8605134487122,2.36,0.0
2025-07-13T15:00Z,43419.88176727295,96.27261728008675,73.4,0.0
2025-07-13T16:00Z,45274.52151489258,97.85956206066555,100.61,0.0
2025-07-13T17:00Z,46361.372245788574,98.22129346317297,113.74,0.0
2025-07-13T18:00Z,45931.621757507324,100.61690625,120.0,0.0
2025-07-13T19:00Z,45489.905181884766,100.66654331474969,127.7,0.0
2025-07-13T20:00Z,45303.88748168945,100.66654331474969,126.94,0.0
2025-07-13T21:00Z,42595.514251708984,100.61690625,115.41,0.0
2025-07-13T22:00Z,40355.51946258545,100.61690625,114.02,0.0
2025-07-13T23:00Z,38555.67444610596,99.27364890966956,104.01,0.0
2025-07-14T00:00Z,37823.27124786377,99.27364890966956,98.17,0.0
2025-07-14T01:00Z,37664.611000061035,99.27364890966956,94.94,0.0
2025-07-14T02:00Z,38571.09467315674,99.27364890966956,99.32,0.0
2025-07-14T03:00Z,41371.75099945068,100.61690625,108.93,0.0
2025-07-14T04:00Z,48505.74457550049,107.14837644051812,117.87,0.0
2025-07-14T05:00Z,54177.5002822876,110.70326512405268,121.62,0.0
2025-07-14T06:00Z,57947.76322937012,110.70326512405268,112.06,0.0
2025-07-14T07:00Z,59145.62900543213,110.70326512405268,92.43,0.0
2025-07-14T08:00Z,59951.77223968506,100.66654331474969,84.58,0.0
2025-07-14T09:00Z,60023.83027648926,99.27364890966956,79.67,0.0
2025-07-14T10:00Z,59926.61294555664,98.22129346317297,70.98,0.0
2025-07-14T11:00Z,59165.736152648926,98.22129346317297,64.17,0.0
2025-07-14T12:00Z,57955.32196044922,97.85956206066555,57.15,0.0
2025-07-14T13:00Z,56756.782539367676,97.07137775031268,55.82,0.0
2025-07-14T14:00Z,55844.15933227539,97.85956206066555,71.1,0.0
2025-07-14T15:00Z,56212.64350891113,98.22129346317297,84.58,0.0
2025-07-14T16:00Z,56564.24075317383,99.27364890966956,98.94,0.0
2025-07-14T17:00Z,56260.57231140137,107.14837644051812,110.11,0.0
2025-07-14T18:00Z,54495.93556213379,110.70326512405268,139.99,0.0
2025-07-14T19:00Z,52190.97978973389,110.70326512405268,141.57,0.0
2025-07-14T20:00Z,49779.43028259277,110.70326512405268,126.14,0.0
2025-07-14T21:00Z,46483.79918670654,100.66654331474969,115.15,0.0
2025-07-14T22:00Z,44178.13870239258,100.61690625,106.1,0.0
2025-07-14T23:00Z,41802.907287597656,99.27364890966956,103.06,0.0
2025-07-15T00:00Z,40303.65604400635,98.22129346317297,93.86,0.0
2025-07-15T01:00Z,40411.40453338623,97.85956206066555,88.28,0.0
2025-07-15T02:00Z,41377.13074493408,97.07137775031268,87.12,0.0
2025-07-15T03:00Z,43692.94892120361,97.85956206066555,93.0,0.0
2025-07-15T04:00Z,49570.83452606201,99.27364890966956,110.33,0.0
2025-07-15T05:00Z,54766.75350189209,100.61690625,113.41,0.0
2025-07-15T06:00Z,57499.15579223633,100.66654331474969,106.86,0.0
2025-07-15T07:00Z,58185.511085510254,99.27364890966956,90.82,0.0
2025-07-15T08:00Z,59286.25475311279,98.22129346317297,77.67,0.0
2025-07-15T09:00Z,59822.87476348877,97.07137775031268,65.0,0.0
2025-07-15T10:00Z,57677.51396179199,97.07137775031268,59.19,0.0
2025-07-15T11:00Z,56883.94079589844,96.27261728008675,47.26,0.0
2025-07-15T12:00Z,55149.927993774414,87.8605134487122,40.2,0.0
2025-07-15T13:00Z,56422.64644622803,87.8605134487122,42.57,0.0
2025-07-15T14:00Z,54945.68899536133,89.71074390243903,65.0,0.0
2025-07-15T15:00Z,55563.353424072266,96.27261728008675,84.87,0.0
2025-07-15T16:00Z,55977.91101074219,97.85956206066555,101.54,0.0
2025-07-15T17:00Z,56581.25925445557,99.27364890966956,108.15,0.0
2025-07-15T18:00Z,54629.65898895264,100.66654331474969,119.78,0.0
2025-07-15T19:00Z,52463.89781951904,107.14837644051812,141.99,0.0
2025-07-15T20:00Z,49734.7739944458,100.66654331474969,121.28,0.0
2025-07-15T21:00Z,46456.77380371094,100.61690625,112.45,0.0
2025-07-15T22:00Z,44002.37215423584,98.22129346317297,97.63,0.0
2025-07-15T23:00Z,42783.55178833008,97.85956206066555,93.99,0.0
2025-07-16T00:00Z,41708.638816833496,97.85956206066555,86.67,0.0
2025-07-16T01:00Z,41425.764724731445,97.07137775031268,83.43,0.0
2025-07-16T02:00Z,42023.13124084473,97.07137775031268,84.26,0.0
2025-07-16T03:00Z,45329.43550872803,98.22129346317297,90.41,0.0
2025-07-16T04:00Z,52119.235511779785,100.61690625,105.74,0.0
2025-07-16T05:00Z,57098.243309020996,107.14837644051812,112.63,0.0
2025-07-16T06:00Z,60110.35619354248,110.70326512405268,111.92,0.0
2025-07-16T07:00Z,61161.71255493164,100.66654331474969,104.21,0.0
2025-07-16T08:00Z,61829.870513916016,100.61690625,89.8,0.0
2025-07-16T09:00Z,61528.32147216797,98.22129346317297,85.65,0.0
2025-07-16T10:00Z,60325.524169921875,99.27364890966956,81.96,0.0
2025-07-16T11:00Z,59185.271255493164,98.22129346317297,78.62,0.0
2025-07-16T12:00Z,58021.9387512207,97.85956206066555,68.06,0.0
2025-07-16T13:00Z,56835.24900817871,97.07137775031268,69.2,0.0
2025-07-16T14:00Z,56301.331283569336,97.07137775031268,80.86,0.0
2025-07-16T15:00Z,56785.8639755249,97.85956206066555,89.09,0.0
2025-07-16T16:00Z,56934.534996032715,98.22129346317297,95.49,0.0
2025-07-16T17:00Z,55479.44303894043,100.61690625,108.37,0.0
2025-07-16T18:00Z,53370.665771484375,100.66654331474969,119.72,0.0
2025-07-16T19:00Z,51423.61019897461,100.61690625,129.04,0.0
2025-07-16T20:00Z,49063.83948516846,99.27364890966956,120.71,0.0
2025-07-16T21:00Z,45971.62847137451,98.22129346317297,110.55,0.0
2025-07-16T22:00Z,43538.58282470703,97.07137775031268,103.76,0.0
2025-07-16T23:00Z,41880.134536743164,97.07137775031268,98.33,0.0
2025-07-17T00:00Z,41197.88822174072,96.27261728008675,89.96,0.0
2025-07-17T01:00Z,41448.35427856445,97.07137775031268,84.81,0.0
2025-07-17T02:00Z,42441.13599395752,97.07137775031268,85.76,0.0
2025-07-17T03:00Z,45463.72954559326,97.07137775031268,89.0,0.0
2025-07-17T04:00Z,51592.13150024414,98.22129346317297,104.05,0.0
2025-07-17T05:00Z,56170.37999725342,98.22129346317297,110.33,0.0
2025-07-17T06:00Z,59345.127769470215,98.22129346317297,105.92,0.0
2025-07-17T07:00Z,59779.967445373535,97.07137775031268,93.1,0.0
2025-07-17T08:00Z,60147.28065490723,96.27261728008675,85.0,0.0
2025-07-17T09:00Z,60672.61679840088,96.27261728008675,77.07,0.0
2025-07-17T10:00Z,59775.105781555176,96.27261728008675,70.17,0.0
2025-07-17T11:00Z,58768.78252410889,89.71074390243903,55.26,0.0
2025-07-17T12:00Z,56905.27625274658,87.8605134487122,49.78,0.0
2025-07-17T13:00Z,56098.052978515625,87.8605134487122,66.18,0.0
2025-07-17T14:00Z,55007.079277038574,87.8605134487122,74.79,0.0
2025-07-17T15:00Z,55462.83924865723,92.54273178553254,82.71,0.0
2025-07-17T16:00Z,55968.909980773926,96.27261728008675,94.98,0.0
2025-07-17T17:00Z,55481.7112197876,97.85956206066555,109.73,0.0
2025-07-17T18:00Z,53772.213775634766,98.22129346317297,120.75,0.0
2025-07-17T19:00Z,51696.090003967285,99.27364890966956,132.0,0.0
2025-07-17T20:00Z,49156.35926818848,98.22129346317297,125.07,0.0
2025-07-17T21:00Z,45658.704025268555,98.22129346317297,114.18,0.0
2025-07-17T22:00Z,43141.98727416992,98.22129346317297,106.8,0.0
2025-07-17T23:00Z,41361.80470275879,98.22129346317297,99.15,0.0
2025-07-18T00:00Z,40273.34622192383,98.22129346317297,95.36,0.0
2025-07-18T01:00Z,40071.621032714844,98.22129346317297,96.37,0.0
2025-07-18T02:00Z,40919.32731628418,99.27364890966956,98.66,0.0
2025-07-18T03:00Z,43856.36905670166,100.61690625,108.23,0.0
2025-07-18T04:00Z,49705.53624725342,110.70326512405268,115.92,0.0
2025-07-18T05:00Z,54455.75032043457,110.70326512405268,116.17,0.0
2025-07-18T06:00Z,57296.872787475586,110.70326512405268,109.39,0.0
2025-07-18T07:00Z,57712.69930267334,110.70326512405268,98.13,0.0
2025-07-18T08:00Z,57817.57695007324,107.14837644051812,84.98,0.0
2025-07-18T09:00Z,57621.37077331543,100.61690625,82.02,0.0
2025-07-18T10:00Z,56667.85795593262,98.22129346317297,80.0,0.0
2025-07-18T11:00Z,55436.32844543457,98.22129346317297,73.02,0.0
2025-07-18T12:00Z,53565.86325836182,97.85956206066555,71.2,0.0
2025-07-18T13:00Z,52724.47473907471,97.85956206066555,72.68,0.0
2025-07-18T14:00Z,52579.30751037598,98.22129346317297,79.99,0.0
2025-07-18T15:00Z,52727.83528137207,99.27364890966956,84.07,0.0
2025-07-18T16:00Z,52553.45630645752,100.61690625,99.92,0.0
2025-07-18T17:00Z,52302.94512939453,107.14837644051812,120.0,0.0
2025-07-18T18:00Z,50882.11650848389,110.70326512405268,146.55,0.0
2025-07-18T19:00Z,48995.49222564697,110.70326512405268,144.44,0.0
2025-07-18T20:00Z,46684.327713012695,107.14837644051812,125.88,0.0
2025-07-18T21:00Z,43705.43967437744,100.66654331474969,113.48,0.0
2025-07-18T22:00Z,41516.37975311279,100.61690625,107.6,0.0
2025-07-18T23:00Z,39600.91327667236,99.27364890966956,105.35,0.0
2025-07-19T00:00Z,38241.52333068848,98.22129346317297,103.19,0.0
2025-07-19T01:00Z,37674.428298950195,98.22129346317297,101.63,0.0
2025-07-19T02:00Z,37549.97048950195,98.22129346317297,98.38,0.0
2025-07-19T03:00Z,37704.601821899414,98.22129346317297,93.69,0.0
2025-07-19T04:00Z,39203.712226867676,99.27364890966956,98.39,0.0
2025-07-19T05:00Z,41642.065505981445,100.61690625,86.89,0.0
2025-07-19T06:00Z,44999.03379058838,100.61690625,78.89,0.0
2025-07-19T07:00Z,46993.56990814209,98.22129346317297,52.98,0.0
2025-07-19T08:00Z,47686.04225921631,97.07137775031268,10.0,0.0
2025-07-19T09:00Z,47848.908203125,94.87131662251792,0.65,0.0
2025-07-19T10:00Z,46982.70383453369,87.8605134487122,0.0,0.0
2025-07-19T11:00Z,46157.90729522705,35.930899999999994,-0.01,0.0
2025-07-19T12:00Z,45889.256423950195,20.21801336529556,0.0,0.0
2025-07-19T13:00Z,45577.57102203369,35.930899999999994,2.08,0.0
2025-07-19T14:00Z,45403.09896850586,35.9309,29.33,0.0
2025-07-19T15:00Z,46470.89454650879,81.86080139670645,76.85,0.0
2025-07-19T16:00Z,46993.941497802734,96.27261728008675,98.4,0.0
2025-07-19T17:00Z,47070.10697174072,97.07137775031268,114.47,0.0
2025-07-19T18:00Z,45958.3879776001,97.85956206066555,112.87,0.0
2025-07-19T19:00Z,44595.93826293945,97.07137775031268,108.08,0.0
2025-07-19T20:00Z,44015.484283447266,96.27261728008675,105.63,0.0
2025-07-19T21:00Z,41596.44453430176,94.87131662251792,98.07,0.0
2025-07-19T22:00Z,38903.91777038574,81.67000276243094,91.29,0.0
2025-07-19T23:00Z,36836.95420837402,81.67000276243094,88.94,0.0
2025-07-20T00:00Z,35987.68630981445,81.86080139670645,89.27,0.0
2025-07-20T01:00Z,35238.49098968506,87.8605134487122,100.41,0.0
2025-07-20T02:00Z,34998.078216552734,89.71074390243903,101.7,0.0
2025-07-20T03:00Z,34870.9192199707,96.27261728008675,98.27,0.0
2025-07-20T04:00Z,35383.94560241699,96.27261728008675,97.2,0.0
2025-07-20T05:00Z,37400.89352416992,97.07137775031268,80.59,0.0
2025-07-20T06:00Z,40438.93801879883,97.85956206066555,77.86,0.0
2025-07-20T07:00Z,43136.38501739502,97.07137775031268,44.58,0.0
2025-07-20T08:00Z,44100.5622177124,96.27261728008675,9.04,0.0
2025-07-20T09:00Z,44985.157775878906,89.71074390243903,2.07,0.0
2025-07-20T10:00Z,44197.90155029297,35.93090000000001,0.0,0.0
2025-07-20T11:00Z,42693.94300842285,20.179071574532003,-0.01,0.0
2025-07-20T12:00Z,42388.47700500488,20.179071574532003,0.0,0.0
2025-07-20T13:00Z,42794.17386627197,20.21801336529556,9.09,0.0
2025-07-20T14:00Z,42714.88748931885,35.9309,69.33,0.0
2025-07-20T15:00Z,44147.74083709717,87.8605134487122,92.74,0.0
2025-07-20T16:00Z,46468.758445739746,96.27261728008675,100.26,0.0
2025-07-20T17:00Z,47345.56681060791,97.85956206066555,112.0,0.0
2025-07-20T18:00Z,46980.25894165039,98.22129346317297,116.0,0.0
2025-07-20T19:00Z,46872.26624298096,98.22129346317297,115.01,0.0
2025-07-20T20:00Z,45845.47430419922,97.85956206066555,114.85,0.0
2025-07-20T21:00Z,42731.66932678223,96.27261728008675,105.05,0.0
2025-07-20T22:00Z,40908.61302947998,97.07137775031268,87.08,0.0
2025-07-20T23:00Z,40050.73691558838,96.27261728008675,79.73,0.0
2025-07-21T00:00Z,39122.880462646484,96.27261728008675,83.48,0.0
2025-07-21T01:00Z,38983.01426696777,96.27261728008675,83.3,0.0
2025-07-21T02:00Z,40005.254806518555,97.07137775031268,83.49,0.0
2025-07-21T03:00Z,43070.963203430176,97.85956206066555,96.22,0.0
2025-07-21T04:00Z,50160.03527832031,100.61690625,113.96,0.0
2025-07-21T05:00Z,55420.560546875,110.70326512405268,126.56,0.0
2025-07-21T06:00Z,58801.38674163818,110.70326512405268,123.91,0.0
2025-07-21T07:00Z,60691.16107940674,110.70326512405268,109.64,0.0
2025-07-21T08:00Z,61343.76671600342,110.70326512405268,105.99,0.0
2025-07-21T09:00Z,61703.97402191162,110.70326512405268,98.88,0.0
2025-07-21T10:00Z,61623.188247680664,110.70326512405268,84.9,0.0
2025-07-21T11:00Z,60808.49150085449,110.70326512405268,81.73,0.0
2025-07-21T12:00Z,59439.0265045166,107.14837644051812,85.79,0.0
2025-07-21T13:00Z,58187.46675872803,100.61690625,87.96,0.0
2025-07-21T14:00Z,56928.14973449707,100.61690625,90.95,0.0
2025-07-21T15:00Z,57453.70150756836,99.27364890966956,104.3,0.0
2025-07-21T16:00Z,57433.99946594238,99.27364890966956,105.82,0.0
2025-07-21T17:00Z,56186.89001464844,99.27364890966956,119.69,0.0
2025-07-21T18:00Z,54503.36901855469,99.27364890966956,123.25,0.0
2025-07-21T19:00Z,52163.00453186035,100.61690625,120.09,0.0
2025-07-21T20:00Z,49309.9282913208,99.27364890966956,108.76,0.0
2025-07-21T21:00Z,45469.340759277344,97.85956206066555,100.04,0.0
2025-07-21T22:00Z,42651.53990936279,98.22129346317297,92.79,0.0
2025-07-21T23:00Z,41010.05953979492,97.07137775031268,87.2,0.0
2025-07-22T00:00Z,40260.61878204346,97.07137775031268,85.48,0.0
2025-07-22T01:00Z,40672.61169433594,97.07137775031268,82.0,0.0
2025-07-22T02:00Z,41397.52479553223,97.07137775031268,81.0,0.0
2025-07-22T03:00Z,44504.31326293945,97.85956206066555,89.28,0.0
2025-07-22T04:00Z,50441.809257507324,98.22129346317297,108.8,0.0
2025-07-22T05:00Z,55429.02225494385,100.61690625,109.28,0.0
2025-07-22T06:00Z,58683.50855255127,99.27364890966956,102.49,0.0
2025-07-22T07:00Z,59209.153228759766,97.85956206066555,91.29,0.0
2025-07-22T08:00Z,59474.9172744751,97.07137775031268,81.73,0.0
2025-07-22T09:00Z,60278.275047302246,96.27261728008675,68.41,0.0
2025-07-22T10:00Z,59519.53648376465,94.87131662251792,39.63,0.0
2025-07-22T11:00Z,58065.06053161621,35.9309,10.0,0.0
2025-07-22T12:00Z,57550.782081604004,19.979914529914527,0.17,0.0
2025-07-22T13:00Z,57344.84177398682,19.979914529914527,4.16,0.0
2025-07-22T14:00Z,57648.12026977539,21.324754617468464,36.9,0.0
2025-07-22T15:00Z,57485.334701538086,87.8605134487122,75.79,0.0
2025-07-22T16:00Z,57184.47049713135,96.27261728008675,88.98,0.0
2025-07-22T17:00Z,56700.28197479248,97.07137775031268,108.57,0.0
2025-07-22T18:00Z,54813.74953460693,97.85956206066555,112.56,0.0
2025-07-22T19:00Z,52679.38454437256,97.85956206066555,113.22,0.0
2025-07-22T20:00Z,49504.01901245117,96.27261728008675,108.48,0.0
2025-07-22T21:00Z,46941.772888183594,87.8605134487122,102.93,0.0
2025-07-22T22:00Z,44121.15245819092,21.324754617468464,87.65,0.0
2025-07-22T23:00Z,42884.781967163086,19.979914529914524,79.47,0.0
2025-07-23T00:00Z,41648.96378326416,-5.0,78.5,0.0
2025-07-23T01:00Z,41592.415283203125,-5.0,76.04,0.0
2025-07-23T02:00Z,42503.53594970703,-5.0,77.69,0.0
2025-07-23T03:00Z,45209.68723297119,0.0,80.64,0.0
2025-07-23T04:00Z,51357.79204559326,19.979914529914527,91.35,0.0
2025-07-23T05:00Z,56124.05168914795,35.930899999999994,99.87,0.0
2025-07-23T06:00Z,59104.23052215576,21.324754617468464,96.5,0.0
2025-07-23T07:00Z,59702.63893890381,19.979914529914524,81.69,0.0
2025-07-23T08:00Z,60464.37079620361,-5.0,67.3,0.0
2025-07-23T09:00Z,60088.70219421387,-5.0,53.5,0.0
2025-07-23T10:00Z,59535.9817199707,19.979914529914524,33.72,0.0
2025-07-23T11:00Z,58901.79158782959,-5.0,23.73,0.0
2025-07-23T12:00Z,57183.512214660645,-5.0,26.82,0.0
2025-07-23T13:00Z,56186.45879364014,-5.0,40.3,0.0
2025-07-23T14:00Z,55881.38402557373,-5.0,67.81,0.0
2025-07-23T15:00Z,56130.52223968506,19.979914529914527,78.05,0.0
2025-07-23T16:00Z,56914.535705566406,87.8605134487122,86.07,0.0
2025-07-23T17:00Z,56946.29453277588,97.07137775031268,105.0,0.0
2025-07-23T18:00Z,54846.391258239746,97.85956206066555,112.98,0.0
2025-07-23T19:00Z,53012.022468566895,98.22129346317297,119.74,0.0
2025-07-23T20:00Z,50104.84091949463,98.22129346317297,110.54,0.0
2025-07-23T21:00Z,46896.372802734375,97.85956206066555,103.06,0.0
2025-07-23T22:00Z,43929.69878387451,97.85956206066555,97.82,0.0
2025-07-23T23:00Z,42252.44174194336,97.85956206066555,94.08,0.0
2025-07-24T00:00Z,41077.78374481201,97.85956206066555,89.29,0.0
2025-07-24T01:00Z,40885.66876220703,98.22129346317297,89.29,0.0
2025-07-24T02:00Z,41486.1882019043,98.22129346317297,93.45,0.0
2025-07-24T03:00Z,44397.63828277588,99.27364890966956,102.65,0.0
2025-07-24T04:00Z,49991.260246276855,107.14837644051812,112.05,0.0
2025-07-24T05:00Z,55010.39264678955,110.70326512405268,117.22,0.0
2025-07-24T06:00Z,58312.349685668945,110.70326512405268,110.4,0.0
2025-07-24T07:00Z,59457.24320220947,110.70326512405268,96.22,0.0
2025-07-24T08:00Z,60291.11901855469,110.70326512405268,89.17,0.0
2025-07-24T09:00Z,60615.86129760742,107.14837644051812,84.39,0.0
2025-07-24T10:00Z,59338.449211120605,100.61690625,82.17,0.0
2025-07-24T11:00Z,58386.57002258301,99.27364890966956,80.43,0.0
2025-07-24T12:00Z,57326.02548980713,98.22129346317297,82.05,0.0
2025-07-24T13:00Z,56251.632987976074,98.22129346317297,84.77,0.0
2025-07-24T14:00Z,55656.441230773926,98.22129346317297,93.34,0.0
2025-07-24T15:00Z,56231.077209472656,99.27364890966956,100.6,0.0
2025-07-24T16:00Z,56563.98798370361,100.61690625,109.2,0.0
2025-07-24T17:00Z,55792.193519592285,107.14837644051812,130.0,0.0
2025-07-24T18:00Z,54622.44681549072,110.70326512405268,154.16,0.0
2025-07-24T19:00Z,52957.1590423584,110.70326512405268,140.64,0.0
2025-07-24T20:00Z,50252.1192779541,110.70326512405268,118.38,0.0
2025-07-24T21:00Z,46495.24814605713,100.66654331474969,109.39,0.0
2025-07-24T22:00Z,43508.03427886963,99.27364890966956,111.27,0.0
2025-07-24T23:00Z,41860.584732055664,98.22129346317297,103.67,0.0
2025-07-25T00:00Z,40998.434020996094,98.22129346317297,97.05,0.0
2025-07-25T01:00Z,40993.072036743164,98.22129346317297,92.94,0.0
2025-07-25T02:00Z,42115.02054595947,98.22129346317297,96.97,0.0
2025-07-25T03:00Z,44664.95751953125,98.22129346317297,98.2,0.0
2025-07-25T04:00Z,50028.95202636719,100.61690625,108.87,0.0
2025-07-25T05:00Z,54897.43153381348,110.70326512405268,112.95,0.0
2025-07-25T06:00Z,58099.05673980713,110.70326512405268,110.85,0.0
2025-07-25T07:00Z,59055.60629272461,110.70326512405268,98.2,0.0
2025-07-25T08:00Z,59598.99291229248,100.66654331474969,94.08,0.0
2025-07-25T09:00Z,59784.23205566406,100.61690625,85.15,0.0
2025-07-25T10:00Z,59053.38353729248,98.22129346317297,83.09,0.0
2025-07-25T11:00Z,57186.915954589844,97.85956206066555,78.7,0.0
2025-07-25T12:00Z,55589.981994628906,97.07137775031268,76.31,0.0
2025-07-25T13:00Z,54596.17250061035,97.07137775031268,79.27,0.0
2025-07-25T14:00Z,53214.57224273682,97.07137775031268,81.09,0.0
2025-07-25T15:00Z,54029.77098083496,97.85956206066555,84.02,0.0
2025-07-25T16:00Z,54121.00824737549,98.22129346317297,90.45,0.0
2025-07-25T17:00Z,53745.60041809082,99.27364890966956,101.81,0.0
2025-07-25T18:00Z,52143.82230377197,100.61690625,109.28,0.0
2025-07-25T19:00Z,50239.07271575928,100.66654331474969,121.21,0.0
2025-07-25T20:00Z,47725.41606903076,100.61690625,112.6,0.0
2025-07-25T21:00Z,44500.586433410645,99.27364890966956,110.25,0.0
2025-07-25T22:00Z,41963.45174407959,98.22129346317297,106.76,0.0
2025-07-25T23:00Z,40007.02724456787,98.22129346317297,100.7,0.0
2025-07-26T00:00Z,38645.04451751709,98.22129346317297,97.73,0.0
2025-07-26T01:00Z,38054.317642211914,98.22129346317297,96.65,0.0
2025-07-26T02:00Z,38072.57727050781,98.22129346317297,96.45,0.0
2025-07-26T03:00Z,38581.864196777344,98.22129346317297,94.89,0.0
2025-07-26T04:00Z,39900.255294799805,98.22129346317297,97.13,0.0
2025-07-26T05:00Z,41839.846252441406,99.27364890966956,96.1,0.0
2025-07-26T06:00Z,44325.85126495361,99.27364890966956,87.96,0.0
2025-07-26T07:00Z,47003.08068084717,99.27364890966956,85.85,0.0
2025-07-26T08:00Z,48190.7133102417,98.22129346317297,79.59,0.0
2025-07-26T09:00Z,48923.881690979004,98.22129346317297,75.2,0.0
2025-07-26T10:00Z,48091.40725708008,97.85956206066555,66.42,0.0
2025-07-26T11:00Z,47092.91780090332,97.85956206066555,49.87,0.0
2025-07-26T12:00Z,45637.59175872803,97.07137775031268,50.09,0.0
2025-07-26T13:00Z,45379.25401306152,97.07137775031268,68.07,0.0
2025-07-26T14:00Z,45141.03982543945,97.07137775031268,74.81,0.0
2025-07-26T15:00Z,46163.87779998779,97.85956206066555,84.2,0.0
2025-07-26T16:00Z,47204.89539337158,98.22129346317297,98.2,0.0
2025-07-26T17:00Z,47412.900550842285,100.61690625,106.6,0.0
2025-07-26T18:00Z,45963.3980178833,100.66654331474969,121.95,0.0
2025-07-26T19:00Z,44722.76239013672,107.14837644051812,127.07,0.0
2025-07-26T20:00Z,43367.720695495605,100.66654331474969,116.72,0.0
2025-07-26T21:00Z,40754.68453979492,100.61690625,108.8,0.0
2025-07-26T22:00Z,38393.07576751709,99.27364890966956,104.64,0.0
2025-07-26T23:00Z,36540.3162689209,98.22129346317297,99.47,0.0
2025-07-27T00:00Z,35195.88423156738,98.22129346317297,95.01,0.0
2025-07-27T01:00Z,34539.244537353516,97.85956206066555,92.07,0.0
2025-07-27T02:00Z,34384.27705383301,97.07137775031268,91.99,0.0
2025-07-27T03:00Z,34479.216972351074,97.07137775031268,89.88,0.0
2025-07-27T04:00Z,34967.94994354248,97.07137775031268,88.79,0.0
2025-07-27T05:00Z,36718.867195129395,97.85956206066555,86.58,0.0
2025-07-27T06:00Z,39894.29000091553,97.85956206066555,83.76,0.0
2025-07-27T07:00Z,43189.941497802734,98.22129346317297,81.71,0.0
2025-07-27T08:00Z,45231.26453399658,97.85956206066555,75.91,0.0
2025-07-27T09:00Z,46107.95055389404,97.07137775031268,70.52,0.0
2025-07-27T10:00Z,45571.750244140625,97.07137775031268,45.93,0.0
2025-07-27T11:00Z,44141.58167266846,94.87131662251792,15.04,0.0
2025-07-27T12:00Z,43046.30918884277,87.8605134487122,8.85,0.0
2025-07-27T13:00Z,42404.15427398682,87.8605134487122,17.3,0.0
2025-07-27T14:00Z,42394.860206604004,87.8605134487122,45.74,0.0
2025-07-27T15:00Z,43649.93379211426,96.27261728008675,82.36,0.0
2025-07-27T16:00Z,45395.089500427246,97.07137775031268,95.66,0.0
2025-07-27T17:00Z,45303.60422515869,97.85956206066555,102.47,0.0
2025-07-27T18:00Z,44424.75690460205,98.22129346317297,107.95,0.0
2025-07-27T19:00Z,43963.79513549805,98.22129346317297,114.71,0.0
2025-07-27T20:00Z,42722.56774902344,98.22129346317297,107.33,0.0
2025-07-27T21:00Z,39870.52600097656,97.85956206066555,102.69,0.0
2025-07-27T22:00Z,38291.03704071045,97.85956206066555,100.0,0.0
2025-07-27T23:00Z,37359.83034515381,97.07137775031268,88.77,0.0
2025-07-28T00:00Z,36482.77727508545,96.27261728008675,83.5,0.0
2025-07-28T01:00Z,36729.224952697754,96.27261728008675,79.67,0.0
2025-07-28T02:00Z,38094.54302215576,97.07137775031268,79.51,0.0
2025-07-28T03:00Z,41307.38173675537,97.07137775031268,89.52,0.0
2025-07-28T04:00Z,47949.34349822998,98.22129346317297,108.88,0.0
2025-07-28T05:00Z,53413.202964782715,100.61690625,121.97,0.0
2025-07-28T06:00Z,56819.055488586426,100.66654331474969,118.37,0.0
2025-07-28T07:00Z,57603.63914489746,100.61690625,105.45,0.0
2025-07-28T08:00Z,58708.730293273926,99.27364890966956,97.25,0.0
2025-07-28T09:00Z,59693.3020401001,98.22129346317297,90.96,0.0
2025-07-28T10:00Z,59502.76103210449,97.07137775031268,81.79,0.0
2025-07-28T11:00Z,58447.36348724365,96.27261728008675,77.52,0.0
2025-07-28T12:00Z,56956.77121734619,81.86080139670645,68.33,0.0
2025-07-28T13:00Z,55824.19557952881,35.9309,73.97,0.0
2025-07-28T14:00Z,55542.13246154785,35.930899999999994,77.28,0.0
2025-07-28T15:00Z,56105.16742706299,35.93090000000001,88.12,0.0
2025-07-28T16:00Z,56432.66142272949,87.8605134487122,97.2,0.0
2025-07-28T17:00Z,55833.73725891113,96.27261728008675,103.59,0.0
2025-07-28T18:00Z,53756.34679412842,96.27261728008675,114.14,0.0
2025-07-28T19:00Z,52600.19351196289,96.27261728008675,114.34,0.0
2025-07-28T20:00Z,50065.41273498535,96.27261728008675,105.26,0.0
2025-07-28T21:00Z,46861.88774108887,94.87131662251792,92.43,0.0
2025-07-28T22:00Z,44679.294174194336,89.12174847060206,87.51,0.0
2025-07-28T23:00Z,42542.96497344971,87.8605134487122,84.1,0.0
2025-07-29T00:00Z,41450.027084350586,81.67000276243094,82.9,0.0
2025-07-29T01:00Z,41423.50621032715,81.86080139670645,82.1,0.0
2025-07-29T02:00Z,42312.80041503906,87.8605134487122,83.89,0.0
2025-07-29T03:00Z,45487.0012588501,96.27261728008675,92.88,0.0
2025-07-29T04:00Z,51639.47875213623,97.07137775031268,101.07,0.0
2025-07-29T05:00Z,55895.85772705078,98.22129346317297,109.25,0.0
2025-07-29T06:00Z,59663.57643890381,97.85956206066555,99.02,0.0
2025-07-29T07:00Z,59988.91677856445,97.07137775031268,80.2,0.0
2025-07-29T08:00Z,59712.93140411377,96.27261728008675,66.37,0.0
2025-07-29T09:00Z,59777.05428314209,87.8605134487122,54.0,0.0
2025-07-29T10:00Z,59243.02880859375,35.930899999999994,25.6,0.0
2025-07-29T11:00Z,57845.29923248291,19.97991452991453,4.34,0.0
2025-07-29T12:00Z,56508.74638366699,19.979914529914524,1.07,0.0
2025-07-29T13:00Z,55939.46862792969,19.979914529914527,6.2,0.0
2025-07-29T14:00Z,56235.776542663574,21.324754617468464,44.41,0.0
2025-07-29T15:00Z,56088.98048400879,81.67000276243094,78.24,0.0
2025-07-29T16:00Z,56361.02805328369,89.71074390243903,94.81,0.0
2025-07-29T17:00Z,55598.958839416504,97.07137775031268,105.32,0.0
2025-07-29T18:00Z,54028.15897369385,98.22129346317297,123.56,0.0
2025-07-29T19:00Z,52416.370429992676,98.22129346317297,126.01,0.0
2025-07-29T20:00Z,49551.07180786133,97.85956206066555,111.94,0.0
2025-07-29T21:00Z,46374.09108734131,97.07137775031268,102.07,0.0
2025-07-29T22:00Z,43184.94696044922,97.07137775031268,94.92,0.0
2025-07-29T23:00Z,41584.405502319336,96.27261728008675,90.88,0.0
2025-07-30T00:00Z,40252.61193084717,89.71074390243903,86.93,0.0
2025-07-30T01:00Z,40628.501777648926,87.8605134487122,83.24,0.0
2025-07-30T02:00Z,41248.04006195068,87.8605134487122,84.89,0.0
2025-07-30T03:00Z,44383.629737854004,96.27261728008675,94.72,0.0
2025-07-30T04:00Z,50306.705558776855,97.07137775031268,100.38,0.0
2025-07-30T05:00Z,54668.368507385254,97.85956206066555,97.47,0.0
2025-07-30T06:00Z,57388.855224609375,98.22129346317297,93.88,0.0
2025-07-30T07:00Z,58595.028228759766,97.07137775031268,79.02,0.0
2025-07-30T08:00Z,59514.967697143555,96.27261728008675,63.29,0.0
2025-07-30T09:00Z,60715.379486083984,89.12174847060206,40.43,0.0
2025-07-30T10:00Z,60196.328048706055,81.86080139670645,24.79,0.0
2025-07-30T11:00Z,59426.57572937012,35.930899999999994,17.69,0.0
2025-07-30T12:00Z,58310.27855682373,20.21801336529556,10.7,0.0
2025-07-30T13:00Z,56223.517265319824,19.979914529914527,28.03,0.0
2025-07-30T14:00Z,55101.29672241211,19.979914529914527,45.61,0.0
2025-07-30T15:00Z,55435.85848236084,20.179071574532003,75.68,0.0
2025-07-30T16:00Z,55122.061447143555,81.86080139670645,93.97,0.0
2025-07-30T17:00Z,54815.87471008301,96.27261728008675,101.86,0.0
2025-07-30T18:00Z,53154.55898284912,96.27261728008675,109.07,0.0
2025-07-30T19:00Z,51787.96160888672,97.07137775031268,109.0,0.0
2025-07-30T20:00Z,48670.0860748291,96.27261728008675,104.0,0.0
2025-07-30T21:00Z,45049.51123046875,89.71074390243903,92.41,0.0
2025-07-30T22:00Z,42759.51176452637,87.8605134487122,88.93,0.0
2025-07-30T23:00Z,41404.34182739258,35.9309,82.11,0.0
2025-07-31T00:00Z,40657.21728515625,20.41331893790761,79.0,0.0
2025-07-31T01:00Z,40380.61231994629,19.97991452991453,77.27,0.0
2025-07-31T02:00Z,41288.29221343994,20.179071574532003,78.51,0.0
2025-07-31T03:00Z,43835.23528289795,35.9309,85.43,0.0
2025-07-31T04:00Z,49577.405990600586,94.87131662251792,98.14,0.0
2025-07-31T05:00Z,54527.92575836182,97.07137775031268,100.46,0.0
2025-07-31T06:00Z,57560.10998535156,97.07137775031268,94.09,0.0
2025-07-31T07:00Z,58659.41776275635,96.27261728008675,88.91,0.0
2025-07-31T08:00Z,60026.48078918457,96.27261728008675,74.17,0.0
2025-07-31T09:00Z,59975.824279785156,87.8605134487122,70.04,0.0
2025-07-31T10:00Z,58985.052726745605,94.87131662251792,61.15,0.0
2025-07-31T11:00Z,57407.841972351074,81.67000276243094,48.05,0.0
2025-07-31T12:00Z,56170.482177734375,20.41331893790761,35.06,0.0
2025-07-31T13:00Z,56039.287017822266,21.324754617468464,55.07,0.0
2025-07-31T14:00Z,55113.0087890625,35.9309,72.43,0.0
2025-07-31T15:00Z,55090.22025299072,81.86080139670645,84.56,0.0
2025-07-31T16:00Z,55465.09806060791,96.27261728008675,96.9,0.0
2025-07-31T17:00Z,55498.700439453125,97.85956206066555,111.92,0.0
2025-07-31T18:00Z,53441.500244140625,98.22129346317297,128.27,0.0
2025-07-31T19:00Z,51916.997215270996,98.22129346317297,125.11,0.0
2025-07-31T20:00Z,48647.96795654297,98.22129346317297,114.16,0.0
2025-07-31T21:00Z,45415.301277160645,97.85956206066555,102.79,0.0
2025-07-31T22:00Z,43036.493995666504,97.85956206066555,105.31,0.0
2025-07-31T23:00Z,41632.37028503418,97.07137775031268,98.54,0.0
2025-08-01T00:00Z,40467.8151550293,97.07137775031268,92.15,0.0
2025-08-01T01:00Z,40328.6086807251,97.07137775031268,89.17,0.0
2025-08-01T02:00Z,41286.472106933594,97.07137775031268,94.21,0.0
2025-08-01T03:00Z,44270.02754211426,97.85956206066555,100.58,0.0
2025-08-01T04:00Z,49403.853187561035,99.27364890966956,106.69,0.0
2025-08-01T05:00Z,53959.88549041748,100.66654331474969,110.71,0.0
2025-08-01T06:00Z,57492.85427093506,107.14837644051812,106.64,0.0
2025-08-01T07:00Z,58596.939041137695,100.66654331474969,103.67,0.0
2025-08-01T08:00Z,58830.36849975586,100.61690625,97.95,0.0
2025-08-01T09:00Z,57658.47452545166,98.22129346317297,84.1,0.0
2025-08-01T10:00Z,56965.35897064209,97.85956206066555,77.05,0.0
2025-08-01T11:00Z,55177.317291259766,96.27261728008675,61.97,0.0
2025-08-01T12:00Z,53434.1644821167,96.27261728008675,49.06,0.0
2025-08-01T13:00Z,52269.03624725342,94.87131662251792,49.1,0.0
2025-08-01T14:00Z,51821.41199493408,96.27261728008675,69.93,0.0
2025-08-01T15:00Z,52501.405754089355,96.27261728008675,83.59,0.0
2025-08-01T16:00Z,52600.57530212402,97.07137775031268,96.45,0.0
2025-08-01T17:00Z,51848.74451446533,98.22129346317297,109.51,0.0
2025-08-01T18:00Z,50314.11689758301,99.27364890966956,119.23,0.0
2025-08-01T19:00Z,48343.04914855957,100.61690625,117.51,0.0
2025-08-01T20:00Z,45388.179542541504,98.22129346317297,110.72,0.0
2025-08-01T21:00Z,42353.16102600098,98.22129346317297,102.73,0.0
2025-08-01T22:00Z,39827.8102645874,97.85956206066555,104.47,0.0
2025-08-01T23:00Z,38222.596031188965,97.07137775031268,100.32,0.0
2025-08-02T00:00Z,36755.20391082764,96.27261728008675,97.79,0.0
2025-08-02T01:00Z,36300.31979370117,96.27261728008675,92.16,0.0
2025-08-02T02:00Z,36488.42370605469,96.27261728008675,91.29,0.0
2025-08-02T03:00Z,37371.72626495361,97.07137775031268,90.77,0.0
2025-08-02T04:00Z,38981.56036376953,97.07137775031268,89.67,0.0
2025-08-02T05:00Z,41012.69520568848,97.07137775031268,84.7,0.0
2025-08-02T06:00Z,44330.922424316406,97.07137775031268,78.4,0.0
2025-08-02T07:00Z,46648.50534057617,97.07137775031268,65.68,0.0
2025-08-02T08:00Z,48607.38875579834,97.07137775031268,31.09,0.0
2025-08-02T09:00Z,49435.02982330322,96.27261728008675,5.68,0.0
2025-08-02T10:00Z,48478.04093170166,87.8605134487122,2.95,0.0
2025-08-02T11:00Z,46552.47171020508,21.324754617468464,0.0,0.0
2025-08-02T12:00Z,45633.79196929932,19.97991452991453,0.0,0.0
2025-08-02T13:00Z,44736.84844970703,19.979914529914524,0.0,0.0
2025-08-02T14:00Z,44696.11119842529,19.97991452991453,5.3,0.0
2025-08-02T15:00Z,45479.57627105713,35.9309,60.69,0.0
2025-08-02T16:00Z,46143.12749481201,81.86080139670645,91.32,0.0
2025-08-02T17:00Z,45898.81492614746,94.87131662251792,102.0,0.0
2025-08-02T18:00Z,44492.933753967285,96.27261728008675,109.49,0.0
2025-08-02T19:00Z,43445.50030517578,96.27261728008675,108.42,0.0
2025-08-02T20:00Z,41841.74622344971,96.27261728008675,104.34,0.0
2025-08-02T21:00Z,39271.951820373535,87.8605134487122,95.0,0.0
2025-08-02T22:00Z,37069.41027832031,81.86080139670645,85.09,0.0
2025-08-02T23:00Z,35853.94023132324,35.9309,77.52,0.0
2025-08-03T00:00Z,34570.94723510742,21.324754617468464,71.95,0.0
2025-08-03T01:00Z,34272.371841430664,20.174743021012397,68.14,0.0
2025-08-03T02:00Z,34212.38381195068,19.979914529914527,65.77,0.0
2025-08-03T03:00Z,34592.31900024414,19.979914529914527,59.98,0.0
2025-08-03T04:00Z,34955.86526489258,19.97991452991453,46.8,0.0
2025-08-03T05:00Z,37148.39321899414,21.324754617468464,26.0,0.0
2025-08-03T06:00Z,40195.403549194336,35.930899999999994,6.16,0.0
2025-08-03T07:00Z,42936.96681976318,35.930899999999994,0.0,0.0
2025-08-03T08:00Z,44323.17947387695,21.324754617468464,-1.01,0.0
2025-08-03T09:00Z,45737.759437561035,20.174743021012397,-2.1,0.0
2025-08-03T10:00Z,45767.43578338623,35.9309,-3.0,0.0
2025-08-03T11:00Z,44608.75859069824,19.979914529914524,-9.9,0.0
2025-08-03T12:00Z,43513.10624694824,-5.0,-10.08,0.0
2025-08-03T13:00Z,42586.271575927734,0.0,-4.98,0.0
2025-08-03T14:00Z,41845.38673400879,0.0,-1.5,0.0
2025-08-03T15:00Z,43379.084213256836,19.979914529914524,3.61,0.0
2025-08-03T16:00Z,44642.55653381348,21.324754617468464,71.13,0.0
2025-08-03T17:00Z,45312.66370391846,89.12174847060206,88.13,0.0
2025-08-03T18:00Z,44855.95528411865,94.87131662251792,97.87,0.0
2025-08-03T19:00Z,44242.65245056152,94.87131662251792,95.99,0.0
2025-08-03T20:00Z,42184.03594970703,87.8605134487122,97.3,0.0
2025-08-03T21:00Z,40048.65227508545,35.93090000000001,85.09,0.0
2025-08-03T22:00Z,38303.20895385742,35.93089999999999,81.05,0.0
2025-08-03T23:00Z,37566.08576965332,19.979914529914527,70.07,0.0
2025-08-04T00:00Z,37383.216720581055,19.979914529914524,69.97,0.0
2025-08-04T01:00Z,37533.19924163818,19.979914529914524,70.62,0.0
2025-08-04T02:00Z,38323.34851837158,19.979914529914524,74.03,0.0
2025-08-04T03:00Z,41401.929290771484,20.41331893790761,82.94,0.0
2025-08-04T04:00Z,47515.60567474365,89.12174847060206,95.12,0.0
2025-08-04T05:00Z,52482.98836517334,97.07137775031268,102.72,0.0
2025-08-04T06:00Z,56167.41997528076,97.85956206066555,101.44,0.0
2025-08-04T07:00Z,58267.40993499756,98.22129346317297,97.05,0.0
2025-08-04T08:00Z,58902.98304748535,98.22129346317297,80.05,0.0
2025-08-04T09:00Z,58499.127922058105,97.85956206066555,56.33,0.0
2025-08-04T10:00Z,56914.75158691406,97.85956206066555,14.84,0.0
2025-08-04T11:00Z,55491.24452209473,96.27261728008675,4.05,0.0
2025-08-04T12:00Z,53873.49949645996,87.8605134487122,0.66,0.0
2025-08-04T13:00Z,53116.47954559326,35.9309,0.02,0.0
2025-08-04T14:00Z,53457.047996520996,35.9309,22.09,0.0
2025-08-04T15:00Z,53998.01776885986,87.8605134487122,67.24,0.0
2025-08-04T16:00Z,54920.99980163574,96.27261728008675,80.91,0.0
2025-08-04T17:00Z,54459.49964904785,96.27261728008675,84.54,0.0
2025-08-04T18:00Z,52187.19599151611,96.27261728008675,80.21,0.0
2025-08-04T19:00Z,51379.710998535156,89.71074390243903,72.7,0.0
2025-08-04T20:00Z,48182.53079223633,20.21801336529556,66.63,0.0
2025-08-04T21:00Z,45388.404289245605,0.0,47.69,0.0
2025-08-04T22:00Z,42404.43672180176,-5.0,21.52,0.0
2025-08-04T23:00Z,41660.16052246094,-5.0,15.34,0.0
2025-08-05T00:00Z,41549.328186035156,-5.0,15.9,0.0
2025-08-05T01:00Z,41631.65948486328,0.0,23.96,0.0
2025-08-05T02:00Z,42087.03157043457,19.979914529914527,54.47,0.0
2025-08-05T03:00Z,44555.44652557373,35.93090000000001,76.19,0.0
2025-08-05T04:00Z,49499.55255126953,96.27261728008675,92.25,0.0
2025-08-05T05:00Z,53749.42321014404,97.07137775031268,92.08,0.0
2025-08-05T06:00Z,56909.18704986572,97.07137775031268,74.74,0.0
2025-08-05T07:00Z,58324.34346008301,97.07137775031268,3.89,0.0
2025-08-05T08:00Z,58978.136001586914,96.27261728008675,-0.21,0.0
2025-08-05T09:00Z,59837.99589538574,87.8605134487122,-2.01,0.0
2025-08-05T10:00Z,58804.253967285156,87.8605134487122,-4.94,0.0
2025-08-05T11:00Z,56929.641746520996,20.174743021012397,-9.5,0.0
2025-08-05T12:00Z,56463.56653594971,0.0,-11.83,0.0
2025-08-05T13:00Z,54332.3932723999,-5.0,-9.92,0.0
2025-08-05T14:00Z,53754.06851196289,-5.0,-5.07,0.0
2025-08-05T15:00Z,54934.78127288818,-5.0,-0.52,0.0
2025-08-05T16:00Z,56264.33548736572,-5.0,1.07,0.0
2025-08-05T17:00Z,55658.66367340088,19.979914529914527,72.48,0.0
2025-08-05T18:00Z,53778.41124725342,35.9309,89.97,0.0
2025-08-05T19:00Z,52192.72900390625,81.86080139670645,107.15,0.0
2025-08-05T20:00Z,48357.2582321167,35.93090000000001,87.18,0.0
2025-08-05T21:00Z,45415.29489135742,35.930899999999994,81.0,0.0
2025-08-05T22:00Z,43195.610694885254,20.179071574532003,75.13,0.0
2025-08-05T23:00Z,42302.46324157715,20.179071574532003,59.89,0.0
2025-08-06T00:00Z,41371.22543334961,19.97991452991453,60.76,0.0
2025-08-06T01:00Z,40938.3165435791,20.174743021012397,61.01,0.0
2025-08-06T02:00Z,42060.30879974365,20.41331893790761,60.35,0.0
2025-08-06T03:00Z,45055.50832366943,81.67000276243094,81.7,0.0
2025-08-06T04:00Z,50882.575523376465,96.27261728008675,103.77,0.0
2025-08-06T05:00Z,55106.31354522705,97.07137775031268,102.94,0.0
2025-08-06T06:00Z,57781.14577484131,97.07137775031268,83.94,0.0
2025-08-06T07:00Z,57030.49796295166,87.8605134487122,27.74,0.0
2025-08-06T08:00Z,56973.267570495605,19.979914529914527,-0.01,0.0
2025-08-06T09:00Z,56451.78835296631,-5.0,-2.05,0.0
2025-08-06T10:00Z,55859.85824584961,0.0,-8.47,0.0
2025-08-06T11:00Z,54788.33004760742,-5.0,-11.79,0.0
2025-08-06T12:00Z,53118.94694519043,-5.0,-6.0,0.0
2025-08-06T13:00Z,52490.88701629639,-5.0,-3.11,0.0
2025-08-06T14:00Z,51880.18167877197,19.979914529914524,-1.01,0.0
2025-08-06T15:00Z,53458.39096069336,35.93089999999999,52.15,0.0
2025-08-06T16:00Z,54635.492988586426,94.87131662251792,97.19,0.0
2025-08-06T17:00Z,54579.79549407959,97.85956206066555,113.7,0.0
2025-08-06T18:00Z,53670.92423248291,99.27364890966956,170.16,0.0
2025-08-06T19:00Z,52253.71252441406,100.61690625,157.08,0.0
2025-08-06T20:00Z,48800.9772644043,100.61690625,110.0,0.0
2025-08-06T21:00Z,45786.54727935791,100.61690625,101.6,0.0
2025-08-06T22:00Z,43229.02721405029,100.61690625,97.58,0.0
2025-08-06T23:00Z,41589.16352844238,99.27364890966956,97.04,0.0
2025-08-07T00:00Z,40195.54815673828,98.22129346317297,91.44,0.0
2025-08-07T01:00Z,39980.54624938965,98.22129346317297,88.79,0.0
2025-08-07T02:00Z,40687.42780303955,97.85956206066555,88.93,0.0
2025-08-07T03:00Z,43736.078048706055,98.22129346317297,92.85,0.0
2025-08-07T04:00Z,49489.137268066406,100.61690625,107.46,0.0
2025-08-07T05:00Z,54016.9087600708,107.14837644051812,106.5,0.0
2025-08-07T06:00Z,56698.41304016113,107.14837644051812,100.48,0.0
2025-08-07T07:00Z,56272.34059906006,100.61690625,77.63,0.0
2025-08-07T08:00Z,55789.71625518799,97.85956206066555,22.23,0.0
2025-08-07T09:00Z,55119.53382110596,96.27261728008675,0.0,0.0
2025-08-07T10:00Z,53735.37508392334,89.71074390243903,-0.12,0.0
2025-08-07T11:00Z,52695.830169677734,35.93090000000001,-1.99,0.0
2025-08-07T12:00Z,51696.277252197266,35.930899999999994,-0.29,0.0
2025-08-07T13:00Z,51430.67353057861,35.9309,-0.01,0.0
2025-08-07T14:00Z,52033.90503692627,35.93090000000001,2.0,0.0
2025-08-07T15:00Z,53350.078941345215,90.76766049382715,65.59,0.0
2025-08-07T16:00Z,54803.26821899414,97.07137775031268,94.23,0.0
2025-08-07T17:00Z,55078.17726898193,99.27364890966956,111.95,0.0
2025-08-07T18:00Z,53990.151306152344,100.66654331474969,141.94,0.0
2025-08-07T19:00Z,52520.83405303955,100.66654331474969,127.5,0.0
2025-08-07T20:00Z,49171.139320373535,100.61690625,110.0,0.0
2025-08-07T21:00Z,45552.03145599365,98.22129346317297,101.28,0.0
2025-08-07T22:00Z,43195.11698150635,97.85956206066555,93.9,0.0
2025-08-07T23:00Z,41099.131744384766,97.07137775031268,89.49,0.0
2025-08-08T00:00Z,39972.0729675293,97.07137775031268,86.13,0.0
2025-08-08T01:00Z,39710.24471282959,97.07137775031268,82.66,0.0
2025-08-08T02:00Z,40371.9762802124,97.07137775031268,81.45,0.0
2025-08-08T03:00Z,43603.18419647217,97.85956206066555,91.14,0.0
2025-08-08T04:00Z,49148.5076751709,98.22129346317297,100.43,0.0
2025-08-08T05:00Z,53609.58758544922,100.61690625,103.05,0.0
2025-08-08T06:00Z,56591.37197113037,100.66654331474969,109.14,0.0
2025-08-08T07:00Z,56550.636222839355,100.61690625,89.9,0.0
2025-08-08T08:00Z,55987.50728607178,97.85956206066555,66.0,0.0
2025-08-08T09:00Z,55942.98882293701,97.07137775031268,8.39,0.0
2025-08-08T10:00Z,54639.93672180176,96.27261728008675,0.0,0.0
2025-08-08T11:00Z,53158.96178436279,87.8605134487122,-0.01,0.0
2025-08-08T12:00Z,51718.346252441406,35.9309,-0.02,0.0
2025-08-08T13:00Z,51622.671463012695,35.930899999999994,-0.01,0.0
2025-08-08T14:00Z,51663.21855926514,81.86080139670645,10.49,0.0
2025-08-08T15:00Z,52294.3440322876,96.27261728008675,71.74,0.0
2025-08-08T16:00Z,53224.90241241455,97.85956206066555,103.86,0.0
2025-08-08T17:00Z,53257.48728942871,100.61690625,113.97,0.0
2025-08-08T18:00Z,51303.8080368042,100.66654331474969,144.62,0.0
2025-08-08T19:00Z,50011.89603424072,107.14837644051812,151.51,0.0
2025-08-08T20:00Z,47006.27300262451,100.66654331474969,121.59,0.0
2025-08-08T21:00Z,43634.78552246094,100.61690625,108.46,0.0
2025-08-08T22:00Z,41470.32795715332,100.61690625,101.93,0.0
2025-08-08T23:00Z,39445.612144470215,99.27364890966956,100.43,0.0
2025-08-09T00:00Z,38214.05298614502,99.27364890966956,99.94,0.0
2025-08-09T01:00Z,37858.907569885254,99.27364890966956,97.8,0.0
2025-08-09T02:00Z,37572.497482299805,98.22129346317297,96.87,0.0
2025-08-09T03:00Z,38339.170249938965,99.27364890966956,97.01,0.0
2025-08-09T04:00Z,39533.10901641846,99.27364890966956,97.26,0.0
2025-08-09T05:00Z,41947.327980041504,100.61690625,93.45,0.0
2025-08-09T06:00Z,44254.09103393555,99.27364890966956,70.19,0.0
2025-08-09T07:00Z,46466.99826049805,98.22129346317297,15.34,0.0
2025-08-09T08:00Z,46930.656242370605,97.85956206066555,-0.02,0.0
2025-08-09T09:00Z,46180.99150085449,96.27261728008675,-1.0,0.0
2025-08-09T10:00Z,45083.47649383545,89.12174847060206,-6.63,0.0
2025-08-09T11:00Z,43958.12130737305,81.67000276243094,-15.14,0.0
2025-08-09T12:00Z,43037.543228149414,35.930899999999994,-15.37,0.0
2025-08-09T13:00Z,42283.96824645996,20.21801336529556,-4.1,0.0
2025-08-09T14:00Z,42906.886070251465,35.9309,-0.04,0.0
2025-08-09T15:00Z,44479.991455078125,87.8605134487122,6.29,0.0
2025-08-09T16:00Z,45442.355461120605,96.27261728008675,85.9,0.0
2025-08-09T17:00Z,46205.27131652832,96.27261728008675,104.2,0.0
2025-08-09T18:00Z,45179.761962890625,97.07137775031268,127.62,0.0
2025-08-09T19:00Z,44352.00273132324,97.07137775031268,119.31,0.0
2025-08-09T20:00Z,42305.41384887695,96.27261728008675,107.89,0.0
2025-08-09T21:00Z,39825.35301208496,96.27261728008675,94.97,0.0
2025-08-09T22:00Z,37718.2745513916,96.27261728008675,84.79,0.0
2025-08-09T23:00Z,36297.612228393555,87.8605134487122,83.23,0.0
2025-08-10T00:00Z,35657.95323944092,87.8605134487122,83.1,0.0
2025-08-10T01:00Z,35106.983489990234,81.67000276243094,77.95,0.0
2025-08-10T02:00Z,35388.42970275879,35.9309,80.68,0.0
2025-08-10T03:00Z,36116.64457702637,81.86080139670645,83.69,0.0
2025-08-10T04:00Z,36525.33005523682,89.12174847060206,82.27,0.0
2025-08-10T05:00Z,38116.17074584961,96.27261728008675,74.7,0.0
2025-08-10T06:00Z,40625.09178161621,96.27261728008675,26.36,0.0
2025-08-10T07:00Z,42585.0924911499,96.27261728008675,-0.01,0.0
2025-08-10T08:00Z,42484.323738098145,35.9309,-3.11,0.0
2025-08-10T09:00Z,42254.10132598877,19.979914529914524,-15.6,0.0
2025-08-10T10:00Z,41403.13327789307,-5.0,-40.03,0.0
2025-08-10T11:00Z,40237.86116027832,-5.0,-61.08,0.0
2025-08-10T12:00Z,39541.93077087402,-5.0,-50.94,0.0
2025-08-10T13:00Z,38909.71252441406,-5.0,-22.12,0.0
2025-08-10T14:00Z,39572.42469787598,-5.0,-1.21,0.0
2025-08-10T15:00Z,41916.059982299805,19.979914529914527,2.13,0.0
2025-08-10T16:00Z,43965.751541137695,87.8605134487122,82.64,0.0
2025-08-10T17:00Z,44766.15808105469,97.07137775031268,108.55,0.0
2025-08-10T18:00Z,44660.93346405029,98.22129346317297,118.95,0.0
2025-08-10T19:00Z,44747.0163192749,99.27364890966956,122.45,0.0
2025-08-10T20:00Z,43080.43392944336,99.27364890966956,106.98,0.0
2025-08-10T21:00Z,40636.8819732666,98.22129346317297,98.9,0.0
2025-08-10T22:00Z,38359.0817489624,98.22129346317297,99.82,0.0
2025-08-10T23:00Z,36956.29929351807,98.22129346317297,91.97,0.0
2025-08-11T00:00Z,35907.08646392822,98.22129346317297,87.44,0.0
2025-08-11T01:00Z,35789.52649688721,98.22129346317297,85.19,0.0
2025-08-11T02:00Z,37013.15818023682,98.22129346317297,92.85,0.0
2025-08-11T03:00Z,40551.69697570801,100.61690625,103.51,0.0
2025-08-11T04:00Z,46378.09362792969,107.14837644051812,129.22,0.0
2025-08-11T05:00Z,51218.40295410156,110.70326512405268,133.49,0.0
2025-08-11T06:00Z,54263.134216308594,110.70326512405268,105.35,0.0
2025-08-11T07:00Z,54852.53315734863,100.66654331474969,90.75,0.0
2025-08-11T08:00Z,54679.763122558594,98.22129346317297,50.0,0.0
2025-08-11T09:00Z,54062.64448547363,97.07137775031268,2.54,0.0
2025-08-11T10:00Z,53335.07051086426,96.27261728008675,0.0,0.0
2025-08-11T11:00Z,52429.41574859619,89.12174847060206,0.0,0.0
2025-08-11T12:00Z,51701.750717163086,87.8605134487122,0.0,0.0
2025-08-11T13:00Z,51130.62777709961,89.12174847060206,9.0,0.0
2025-08-11T14:00Z,50941.77547454834,96.27261728008675,56.14,0.0
2025-08-11T15:00Z,51812.4047164917,97.07137775031268,92.25,0.0
2025-08-11T16:00Z,53490.92030334473,99.27364890966956,108.26,0.0
2025-08-11T17:00Z,54073.0973739624,107.14837644051812,154.0,0.0
2025-08-11T18:00Z,52840.29776763916,110.70326512405268,191.95,0.0
2025-08-11T19:00Z,51058.369956970215,110.70326512405268,138.88,0.0
2025-08-11T20:00Z,47311.91508483887,100.66654331474969,108.87,0.0
2025-08-11T21:00Z,43843.121017456055,99.27364890966956,96.0,0.0
2025-08-11T22:00Z,41659.790603637695,99.27364890966956,93.0,0.0
2025-08-11T23:00Z,40276.76584625244,98.22129346317297,89.67,0.0
2025-08-12T00:00Z,39500.53921508789,98.22129346317297,85.41,0.0
2025-08-12T01:00Z,39131.40928649902,98.22129346317297,85.13,0.0
2025-08-12T02:00Z,40003.50274658203,98.22129346317297,86.48,0.0
2025-08-12T03:00Z,43277.24570465088,99.27364890966956,93.97,0.0
2025-08-12T04:00Z,48863.18776702881,107.14837644051812,106.91,0.0
2025-08-12T05:00Z,53257.916091918945,110.70326512405268,104.63,0.0
2025-08-12T06:00Z,56400.310974121094,110.70326512405268,98.71,0.0
2025-08-12T07:00Z,56732.54006958008,100.66654331474969,92.49,0.0
2025-08-12T08:00Z,55118.40712738037,98.22129346317297,79.53,0.0
2025-08-12T09:00Z,54874.14775848389,97.07137775031268,40.41,0.0
2025-08-12T10:00Z,54445.00594329834,94.87131662251792,8.38,0.0
2025-08-12T11:00Z,53777.727226257324,81.86080139670645,3.0,0.0
2025-08-12T12:00Z,52990.369720458984,35.9309,5.15,0.0
2025-08-12T13:00Z,52844.42979431152,81.86080139670645,35.05,0.0
2025-08-12T14:00Z,52654.20139312744,87.8605134487122,73.12,0.0
2025-08-12T15:00Z,54096.59468078613,96.27261728008675,94.06,0.0
2025-08-12T16:00Z,55587.13497924805,97.85956206066555,106.1,0.0
2025-08-12T17:00Z,55939.56581115723,99.27364890966956,149.31,0.0
2025-08-12T18:00Z,54441.098236083984,99.27364890966956,156.16,0.0
2025-08-12T19:00Z,53183.35800933838,98.22129346317297,140.4,0.0
2025-08-12T20:00Z,49733.39823150635,97.07137775031268,114.07,0.0
2025-08-12T21:00Z,46287.82595062256,96.27261728008675,97.73,0.0
2025-08-12T22:00Z,43913.30372619629,89.12174847060206,95.72,0.0
2025-08-12T23:00Z,42255.510246276855,89.71074390243903,90.0,0.0
2025-08-13T00:00Z,41332.74279785156,94.87131662251792,86.89,0.0
2025-08-13T01:00Z,40966.49278259277,96.27261728008675,84.71,0.0
2025-08-13T02:00Z,41835.58627319336,97.07137775031268,87.07,0.0
2025-08-13T03:00Z,44977.10827636719,97.85956206066555,93.3,0.0
2025-08-13T04:00Z,50317.742012023926,100.61690625,108.87,0.0
2025-08-13T05:00Z,54670.35082244873,107.14837644051812,107.52,0.0
2025-08-13T06:00Z,57772.66899871826,107.14837644051812,105.87,0.0
2025-08-13T07:00Z,58787.81996154785,100.66654331474969,93.6,0.0
2025-08-13T08:00Z,57564.08020782471,98.22129346317297,89.26,0.0
2025-08-13T09:00Z,56695.03025817871,97.07137775031268,68.2,0.0
2025-08-13T10:00Z,56211.367599487305,96.27261728008675,44.29,0.0
2025-08-13T11:00Z,55870.75930786133,92.54273178553254,27.89,0.0
2025-08-13T12:00Z,54773.08134460449,87.8605134487122,41.66,0.0
2025-08-13T13:00Z,54133.45057678223,87.8605134487122,70.9,0.0
2025-08-13T14:00Z,54280.69626617432,96.27261728008675,84.3,0.0
2025-08-13T15:00Z,55766.237449645996,97.07137775031268,96.64,0.0
2025-08-13T16:00Z,57128.06240081787,99.27364890966956,115.34,0.0
2025-08-13T17:00Z,57537.141525268555,100.66654331474969,193.3,0.0
2025-08-13T18:00Z,55794.54844665527,110.70326512405268,226.64,0.0
2025-08-13T19:00Z,54490.75997924805,100.66654331474969,154.52,0.0
2025-08-13T20:00Z,50886.74301147461,99.27364890966956,123.21,0.0
2025-08-13T21:00Z,47842.68950653076,98.22129346317297,106.27,0.0
2025-08-13T22:00Z,45552.244567871094,97.85956206066555,98.1,0.0
2025-08-13T23:00Z,43465.60723114014,97.85956206066555,92.0,0.0
2025-08-14T00:00Z,42278.52919769287,97.85956206066555,88.45,0.0
2025-08-14T01:00Z,41860.58966064453,98.22129346317297,88.2,0.0
2025-08-14T02:00Z,42486.368965148926,98.22129346317297,88.53,0.0
2025-08-14T03:00Z,45510.08679199219,100.61690625,97.52,0.0
2025-08-14T04:00Z,51189.61376953125,107.14837644051812,107.94,0.0
2025-08-14T05:00Z,55841.24419403076,110.70326512405268,109.92,0.0
2025-08-14T06:00Z,59067.67541503906,110.70326512405268,99.51,0.0
2025-08-14T07:00Z,59556.68633270264,110.70326512405268,91.1,0.0
2025-08-14T08:00Z,59633.675773620605,100.61690625,81.26,0.0
2025-08-14T09:00Z,59346.17971038818,98.22129346317297,67.57,0.0
2025-08-14T10:00Z,57640.12964630127,97.07137775031268,54.09,0.0
2025-08-14T11:00Z,57204.2114944458,96.27261728008675,41.02,0.0
2025-08-14T12:00Z,56203.45528411865,94.87131662251792,54.9,0.0
2025-08-14T13:00Z,56092.78820037842,96.27261728008675,69.43,0.0
2025-08-14T14:00Z,55824.58898925781,97.07137775031268,78.99,0.0
2025-08-14T15:00Z,56938.0934677124,98.22129346317297,97.22,0.0
2025-08-14T16:00Z,58136.012519836426,100.66654331474969,115.54,0.0
2025-08-14T17:00Z,57801.72849273682,110.70326512405268,233.8,0.0
2025-08-14T18:00Z,56336.33598327637,110.70326512405268,283.89,0.0
2025-08-14T19:00Z,55087.39101409912,110.70326512405268,155.84,0.0
2025-08-14T20:00Z,51347.70723724365,107.14837644051812,120.71,0.0
2025-08-14T21:00Z,47769.98239898682,100.61690625,105.95,0.0
2025-08-14T22:00Z,45486.775939941406,98.22129346317297,99.59,0.0
2025-08-14T23:00Z,43832.24945831299,97.07137775031268,98.97,0.0
2025-08-15T00:00Z,42263.962715148926,97.07137775031268,93.9,0.0
2025-08-15T01:00Z,41800.79300689697,97.07137775031268,90.33,0.0
2025-08-15T02:00Z,42289.08975982666,97.85956206066555,92.0,0.0
2025-08-15T03:00Z,44762.196212768555,98.22129346317297,96.91,0.0
2025-08-15T04:00Z,49471.00330352783,99.27364890966956,101.66,0.0
2025-08-15T05:00Z,53702.366050720215,100.66654331474969,101.31,0.0
2025-08-15T06:00Z,56833.89073181152,110.70326512405268,96.6,0.0
2025-08-15T07:00Z,57121.03092956543,100.66654331474969,83.47,0.0
2025-08-15T08:00Z,57691.35975646973,98.22129346317297,43.9,0.0
2025-08-15T09:00Z,56775.231536865234,97.07137775031268,3.0,0.0
2025-08-15T10:00Z,55372.02449798584,96.27261728008675,0.08,0.0
2025-08-15T11:00Z,53658.16677093506,81.67000276243094,0.0,0.0
2025-08-15T12:00Z,52662.915534973145,20.41331893790761,0.0,0.0
2025-08-15T13:00Z,53078.30877685547,35.930899999999994,1.72,0.0
2025-08-15T14:00Z,53888.99851226807,35.93090000000001,27.66,0.0
2025-08-15T15:00Z,54647.63536071777,89.71074390243903,77.96,0.0
2025-08-15T16:00Z,55673.433769226074,97.07137775031268,105.89,0.0
2025-08-15T17:00Z,55328.92407989502,98.22129346317297,114.38,0.0
2025-08-15T18:00Z,53297.36199951172,99.27364890966956,124.01,0.0
2025-08-15T19:00Z,51710.41603088379,98.22129346317297,111.5,0.0
2025-08-15T20:00Z,48914.949058532715,97.85956206066555,105.94,0.0
2025-08-15T21:00Z,45952.77126312256,97.07137775031268,95.96,0.0
2025-08-15T22:00Z,43659.7493057251,97.07137775031268,96.11,0.0
2025-08-15T23:00Z,42067.32563018799,97.07137775031268,90.92,0.0
2025-08-16T00:00Z,40340.8876953125,97.07137775031268,89.78,0.0
2025-08-16T01:00Z,40071.38449859619,96.27261728008675,85.35,0.0
2025-08-16T02:00Z,40073.20178222656,96.27261728008675,84.05,0.0
2025-08-16T03:00Z,40431.95771789551,96.27261728008675,87.09,0.0
2025-08-16T04:00Z,41469.91498565674,96.27261728008675,91.01,0.0
2025-08-16T05:00Z,43233.7777633667,97.07137775031268,90.02,0.0
2025-08-16T06:00Z,46529.183044433594,97.07137775031268,80.99,0.0
2025-08-16T07:00Z,49130.58123779297,97.07137775031268,67.94,0.0
2025-08-16T08:00Z,50329.35952758789,96.27261728008675,25.12,0.0
2025-08-16T09:00Z,50826.40414428711,89.12174847060206,3.8,0.0
2025-08-16T10:00Z,50128.56578826904,35.93090000000001,0.17,0.0
2025-08-16T11:00Z,48145.77397155762,19.979914529914527,-0.01,0.0
2025-08-16T12:00Z,46970.68064880371,0.0,-0.01,0.0
2025-08-16T13:00Z,46836.34257507324,-5.0,-0.01,0.0
2025-08-16T14:00Z,47153.8514251709,0.0,0.71,0.0
2025-08-16T15:00Z,47575.25651550293,19.979914529914524,16.21,0.0
2025-08-16T16:00Z,47765.632804870605,35.93089999999999,69.92,0.0
2025-08-16T17:00Z,47910.58605194092,87.8605134487122,95.0,0.0
2025-08-16T18:00Z,46376.21876525879,96.27261728008675,102.62,0.0
2025-08-16T19:00Z,45488.77973937988,96.27261728008675,100.61,0.0
2025-08-16T20:00Z,43214.578842163086,96.27261728008675,95.0,0.0
2025-08-16T21:00Z,40672.43835449219,92.54273178553254,90.0,0.0
2025-08-16T22:00Z,38291.771057128906,96.27261728008675,91.28,0.0
2025-08-16T23:00Z,36793.62072753906,94.87131662251792,85.34,0.0
2025-08-17T00:00Z,35570.9176864624,92.54273178553254,86.86,0.0
2025-08-17T01:00Z,34807.62863922119,92.54273178553254,86.63,0.0
2025-08-17T02:00Z,34741.860275268555,96.27261728008675,87.73,0.0
2025-08-17T03:00Z,35166.777976989746,96.27261728008675,89.93,0.0
2025-08-17T04:00Z,35373.42359161377,96.27261728008675,89.89,0.0
2025-08-17T05:00Z,36883.158752441406,96.27261728008675,81.03,0.0
2025-08-17T06:00Z,39392.311767578125,97.07137775031268,76.24,0.0
2025-08-17T07:00Z,41978.52249145508,97.07137775031268,32.59,0.0
2025-08-17T08:00Z,43625.95225524902,96.27261728008675,9.96,0.0
2025-08-17T09:00Z,43837.83069610596,96.27261728008675,0.1,0.0
2025-08-17T10:00Z,43075.45397949219,96.27261728008675,-0.2,0.0
2025-08-17T11:00Z,41719.87294006348,87.8605134487122,-0.93,0.0
2025-08-17T12:00Z,41051.32518005371,87.8605134487122,-1.25,0.0
2025-08-17T13:00Z,40726.31732940674,87.8605134487122,0.65,0.0
2025-08-17T14:00Z,41041.08352661133,87.8605134487122,13.81,0.0
2025-08-17T15:00Z,42204.205726623535,96.27261728008675,72.4,0.0
2025-08-17T16:00Z,44629.15272521973,97.85956206066555,96.69,0.0
2025-08-17T17:00Z,45780.65721130371,98.22129346317297,110.0,0.0
2025-08-17T18:00Z,45901.34778594971,100.61690625,110.66,0.0
2025-08-17T19:00Z,45483.52152252197,100.61690625,110.14,0.0
2025-08-17T20:00Z,43538.84591674805,100.61690625,105.1,0.0
2025-08-17T21:00Z,41020.61666870117,99.27364890966956,102.54,0.0
2025-08-17T22:00Z,39079.39366912842,99.27364890966956,91.99,0.0
2025-08-17T23:00Z,37503.635833740234,99.27364890966956,87.13,0.0
2025-08-18T00:00Z,36691.62841796875,99.27364890966956,84.33,0.0
2025-08-18T01:00Z,36787.37222290039,99.27364890966956,83.85,0.0
2025-08-18T02:00Z,37892.64080810547,99.27364890966956,89.46,0.0
2025-08-18T03:00Z,41658.934326171875,100.66654331474969,99.27,0.0
2025-08-18T04:00Z,48488.904960632324,110.70326512405268,118.51,0.0
2025-08-18T05:00Z,53104.69620513916,110.70326512405268,130.13,0.0
2025-08-18T06:00Z,56224.926750183105,110.70326512405268,109.87,0.0
2025-08-18T07:00Z,55856.43130493164,107.14837644051812,88.84,0.0
2025-08-18T08:00Z,54869.9624710083,98.22129346317297,72.06,0.0
2025-08-18T09:00Z,54661.02348327637,97.07137775031268,45.93,0.0
2025-08-18T10:00Z,53941.35258483887,96.27261728008675,20.04,0.0
2025-08-18T11:00Z,52260.61895751953,87.8605134487122,14.23,0.0
2025-08-18T12:00Z,51403.32099151611,87.8605134487122,18.34,0.0
2025-08-18T13:00Z,50953.903717041016,92.54273178553254,54.56,0.0
2025-08-18T14:00Z,50891.652770996094,96.27261728008675,70.94,0.0
2025-08-18T15:00Z,52112.230072021484,97.85956206066555,90.32,0.0
2025-08-18T16:00Z,53764.75508880615,99.27364890966956,109.87,0.0
2025-08-18T17:00Z,54735.139068603516,110.46474242424243,185.5,0.0
2025-08-18T18:00Z,53591.276054382324,110.70326512405268,197.42,0.0
2025-08-18T19:00Z,51686.155700683594,110.70326512405268,124.67,0.0
2025-08-18T20:00Z,47560.29814910889,100.66654331474969,107.49,0.0
2025-08-18T21:00Z,44542.993743896484,100.61690625,102.0,0.0
2025-08-18T22:00Z,41875.46728515625,98.22129346317297,101.01,0.0
2025-08-18T23:00Z,40388.42124938965,98.22129346317297,94.82,0.0
2025-08-19T00:00Z,39606.43280792236,98.22129346317297,88.2,0.0
2025-08-19T01:00Z,39635.70925140381,98.22129346317297,86.37,0.0
2025-08-19T02:00Z,40643.31198883057,99.27364890966956,90.09,0.0
2025-08-19T03:00Z,43761.83296966553,100.61690625,102.5,0.0
2025-08-19T04:00Z,49709.88326263428,110.70326512405268,111.1,0.0
2025-08-19T05:00Z,53950.74392700195,110.70326512405268,109.95,0.0
2025-08-19T06:00Z,56987.68856048584,110.70326512405268,98.05,0.0
2025-08-19T07:00Z,57033.269302368164,107.14837644051812,88.57,0.0
2025-08-19T08:00Z,56547.19474029541,98.22129346317297,69.64,0.0
2025-08-19T09:00Z,55990.25475311279,97.07137775031268,43.23,0.0
2025-08-19T10:00Z,55592.60679626465,96.27261728008675,22.85,0.0
2025-08-19T11:00Z,54479.629806518555,89.12174847060206,8.97,0.0
2025-08-19T12:00Z,53819.91271972656,87.8605134487122,15.26,0.0
2025-08-19T13:00Z,53799.37226867676,87.8605134487122,30.89,0.0
2025-08-19T14:00Z,53491.32649230957,89.71074390243903,60.6,0.0
2025-08-19T15:00Z,54269.014488220215,96.27261728008675,91.48,0.0
2025-08-19T16:00Z,55482.45873260498,98.22129346317297,101.91,0.0
2025-08-19T17:00Z,55799.87459564209,100.61690625,120.51,0.0
2025-08-19T18:00Z,54755.59280395508,107.14837644051812,128.62,0.0
2025-08-19T19:00Z,52754.36226654053,100.66654331474969,111.06,0.0
2025-08-19T20:00Z,49288.609466552734,100.61690625,104.41,0.0
2025-08-19T21:00Z,45873.89247131348,98.22129346317297,97.2,0.0
2025-08-19T22:00Z,43239.19723510742,98.22129346317297,97.7,0.0
2025-08-19T23:00Z,41463.01747131348,98.22129346317297,93.18,0.0
2025-08-20T00:00Z,41165.31848144531,98.22129346317297,87.64,0.0
2025-08-20T01:00Z,40551.04252624512,98.22129346317297,85.78,0.0
2025-08-20T02:00Z,41540.39601898193,98.22129346317297,89.66,0.0
2025-08-20T03:00Z,45438.6474609375,99.27364890966956,98.8,0.0
2025-08-20T04:00Z,51449.00888824463,100.66654331474969,108.84,0.0
2025-08-20T05:00Z,56020.34980773926,110.70326512405268,110.12,0.0
2025-08-20T06:00Z,58618.351722717285,110.70326512405268,103.91,0.0
2025-08-20T07:00Z,58407.526206970215,99.27364890966956,90.05,0.0
2025-08-20T08:00Z,58042.20474243164,97.85956206066555,80.98,0.0
2025-08-20T09:00Z,58065.29479980469,96.27261728008675,69.06,0.0
2025-08-20T10:00Z,56710.63425445557,96.27261728008675,49.07,0.0
2025-08-20T11:00Z,55799.40921020508,96.27261728008675,35.0,0.0
2025-08-20T12:00Z,54842.31253814697,96.27261728008675,42.03,0.0
2025-08-20T13:00Z,54380.81066131592,96.27261728008675,73.02,0.0
2025-08-20T14:00Z,54340.1782913208,97.07137775031268,81.45,0.0
2025-08-20T15:00Z,55651.436431884766,98.22129346317297,101.69,0.0
2025-08-20T16:00Z,55937.6397857666,98.22129346317297,109.16,0.0
2025-08-20T17:00Z,55886.085273742676,100.61690625,135.15,0.0
2025-08-20T18:00Z,54288.802001953125,100.61690625,126.11,0.0
2025-08-20T19:00Z,52280.63776397705,99.27364890966956,114.95,0.0
2025-08-20T20:00Z,48307.2200012207,98.22129346317297,103.49,0.0
2025-08-20T21:00Z,44662.45484161377,97.85956206066555,97.34,0.0
2025-08-20T22:00Z,42690.8404006958,97.85956206066555,96.11,0.0
2025-08-20T23:00Z,41173.42598724365,98.22129346317297,90.73,0.0
2025-08-21T00:00Z,40319.27030944824,98.22129346317297,87.52,0.0
2025-08-21T01:00Z,40294.045753479004,98.22129346317297,90.88,0.0
2025-08-21T02:00Z,41179.85297393799,99.27364890966956,92.37,0.0
2025-08-21T03:00Z,44450.201972961426,100.61690625,108.59,0.0
2025-08-21T04:00Z,50238.13156890869,107.14837644051812,115.6,0.0
2025-08-21T05:00Z,54766.09494018555,110.70326512405268,116.89,0.0
2025-08-21T06:00Z,57713.461753845215,110.70326512405268,107.79,0.0
2025-08-21T07:00Z,58318.011054992676,100.66654331474969,97.32,0.0
2025-08-21T08:00Z,57851.76252746582,98.22129346317297,85.85,0.0
2025-08-21T09:00Z,58377.79100036621,97.07137775031268,77.64,0.0
2025-08-21T10:00Z,57949.543128967285,97.07137775031268,69.49,0.0
2025-08-21T11:00Z,57151.24449920654,96.27261728008675,66.09,0.0
2025-08-21T12:00Z,56008.75030517578,94.87131662251792,56.26,0.0
2025-08-21T13:00Z,55957.24021148682,94.87131662251792,68.2,0.0
2025-08-21T14:00Z,55647.15679168701,87.8605134487122,72.39,0.0
2025-08-21T15:00Z,56361.97049713135,94.87131662251792,92.88,0.0
2025-08-21T16:00Z,57270.993896484375,96.27261728008675,103.2,0.0
2025-08-21T17:00Z,56897.18822479248,97.07137775031268,106.39,0.0
2025-08-21T18:00Z,55094.285987854004,97.85956206066555,110.73,0.0
2025-08-21T19:00Z,53303.405822753906,97.07137775031268,110.73,0.0
2025-08-21T20:00Z,49821.82981109619,96.27261728008675,105.0,0.0
2025-08-21T21:00Z,46037.33003997803,96.27261728008675,95.78,0.0
2025-08-21T22:00Z,43544.064765930176,96.27261728008675,89.27,0.0
2025-08-21T23:00Z,41949.11219024658,96.27261728008675,81.99,0.0
2025-08-22T00:00Z,40754.028717041016,96.27261728008675,78.59,0.0
2025-08-22T01:00Z,41053.30653381348,96.27261728008675,77.52,0.0
2025-08-22T02:00Z,41740.66830444336,96.27261728008675,77.65,0.0
2025-08-22T03:00Z,44874.284240722656,97.07137775031268,87.9,0.0
2025-08-22T04:00Z,50553.023513793945,98.22129346317297,105.76,0.0
2025-08-22T05:00Z,55041.64725494385,99.27364890966956,107.45,0.0
2025-08-22T06:00Z,57404.94078063965,99.27364890966956,102.32,0.0
2025-08-22T07:00Z,58714.902603149414,98.22129346317297,90.02,0.0
2025-08-22T08:00Z,58652.36583709717,96.27261728008675,72.44,0.0
2025-08-22T09:00Z,58370.40726470947,35.93090000000001,42.5,0.0
2025-08-22T10:00Z,57472.941955566406,20.179071574532003,14.07,0.0
2025-08-22T11:00Z,55599.48292541504,19.979914529914524,3.84,0.0
2025-08-22T12:00Z,55354.7462310791,0.0,0.02,0.0
2025-08-22T13:00Z,54757.43874359131,0.0,4.01,0.0
2025-08-22T14:00Z,53913.423988342285,19.979914529914524,40.64,0.0
2025-08-22T15:00Z,55192.14276123047,19.979914529914527,73.14,0.0
2025-08-22T16:00Z,55446.50802612305,35.93090000000001,95.17,0.0
2025-08-22T17:00Z,54530.51176452637,94.87131662251792,106.07,0.0
2025-08-22T18:00Z,53033.86650085449,96.27261728008675,113.0,0.0
2025-08-22T19:00Z,50829.763496398926,97.07137775031268,107.63,0.0
2025-08-22T20:00Z,47457.92677307129,96.27261728008675,103.09,0.0
2025-08-22T21:00Z,44201.997718811035,96.27261728008675,94.37,0.0
2025-08-22T22:00Z,42487.74856567383,96.27261728008675,95.33,0.0
2025-08-22T23:00Z,40992.93472290039,92.54273178553254,89.32,0.0
2025-08-23T00:00Z,38729.57625579834,87.8605134487122,87.76,0.0
2025-08-23T01:00Z,37956.936698913574,87.8605134487122,85.21,0.0
2025-08-23T02:00Z,37400.27569580078,81.86080139670645,85.56,0.0
2025-08-23T03:00Z,37918.74524688721,81.67000276243094,85.6,0.0
2025-08-23T04:00Z,39992.98501586914,81.86080139670645,86.67,0.0
2025-08-23T05:00Z,42828.26219177246,87.8605134487122,86.78,0.0
2025-08-23T06:00Z,45453.776275634766,89.71074390243903,83.57,0.0
2025-08-23T07:00Z,47023.15933227539,81.86080139670645,62.9,0.0
2025-08-23T08:00Z,48808.68972015381,20.174743021012397,14.69,0.0
2025-08-23T09:00Z,49070.47856903076,19.979914529914527,3.29,0.0
2025-08-23T10:00Z,48425.183738708496,19.979914529914524,1.32,0.0
2025-08-23T11:00Z,46202.36698913574,-5.0,0.06,0.0
2025-08-23T12:00Z,44699.80568695068,-5.0,0.07,0.0
2025-08-23T13:00Z,44761.13374328613,-5.0,3.52,0.0
2025-08-23T14:00Z,44944.58444213867,0.0,12.1,0.0
2025-08-23T15:00Z,46327.874252319336,20.179071574532003,72.19,0.0
2025-08-23T16:00Z,48272.3582611084,87.8605134487122,100.31,0.0
2025-08-23T17:00Z,48738.30499267578,97.07137775031268,112.22,0.0
2025-08-23T18:00Z,47859.661964416504,97.85956206066555,123.67,0.0
2025-08-23T19:00Z,46739.26449584961,97.85956206066555,120.43,0.0
2025-08-23T20:00Z,44593.17403411865,97.85956206066555,111.16,0.0
2025-08-23T21:00Z,42170.23947906494,97.85956206066555,105.28,0.0
2025-08-23T22:00Z,39695.0856628418,97.07137775031268,100.5,0.0
2025-08-23T23:00Z,37090.30602264404,97.07137775031268,95.13,0.0
2025-08-24T00:00Z,35455.94525909424,97.07137775031268,94.41,0.0
2025-08-24T01:00Z,34437.00023651123,96.27261728008675,92.13,0.0
2025-08-24T02:00Z,34245.997009277344,96.27261728008675,91.2,0.0
2025-08-24T03:00Z,34571.12801361084,97.07137775031268,90.97,0.0
2025-08-24T04:00Z,35893.18932342529,97.07137775031268,90.0,0.0
2025-08-24T05:00Z,37577.604499816895,97.07137775031268,85.01,0.0
2025-08-24T06:00Z,39291.92194366455,97.07137775031268,72.84,0.0
2025-08-24T07:00Z,41744.56017303467,96.27261728008675,4.8,0.0
2025-08-24T08:00Z,42327.778465270996,81.86080139670645,-0.01,0.0
2025-08-24T09:00Z,43331.615242004395,20.179071574532003,-0.07,0.0
2025-08-24T10:00Z,42879.604232788086,20.21801336529556,-1.98,0.0
2025-08-24T11:00Z,41666.55223083496,19.979914529914524,-7.45,0.0
2025-08-24T12:00Z,40481.64446258545,0.0,-7.4,0.0
2025-08-24T13:00Z,40176.192932128906,0.0,-0.1,0.0
2025-08-24T14:00Z,41503.35353088379,19.979914529914524,0.0,0.0
2025-08-24T15:00Z,43100.20225524902,21.324754617468464,63.36,0.0
2025-08-24T16:00Z,45193.409271240234,89.71074390243903,99.81,0.0
2025-08-24T17:00Z,46578.24994659424,97.07137775031268,110.5,0.0
2025-08-24T18:00Z,46814.42660522461,98.22129346317297,117.31,0.0
2025-08-24T19:00Z,46220.48349761963,98.22129346317297,114.32,0.0
2025-08-24T20:00Z,44593.64645385742,98.22129346317297,107.5,0.0
2025-08-24T21:00Z,42331.01308441162,97.85956206066555,100.52,0.0
2025-08-24T22:00Z,40516.82646942139,97.07137775031268,95.28,0.0
2025-08-24T23:00Z,38577.76271820068,97.07137775031268,87.03,0.0
2025-08-25T00:00Z,37650.7349319458,97.07137775031268,84.02,0.0
2025-08-25T01:00Z,37690.27005767822,97.07137775031268,82.9,0.0
2025-08-25T02:00Z,39132.43575286865,97.07137775031268,83.46,0.0
2025-08-25T03:00Z,43076.2707824707,98.22129346317297,102.46,0.0
2025-08-25T04:00Z,50354.41352844238,100.61690625,115.38,0.0
2025-08-25T05:00Z,54987.57901763916,110.70326512405268,125.0,0.0
2025-08-25T06:00Z,57611.33602142334,110.70326512405268,110.04,0.0
2025-08-25T07:00Z,56587.85874938965,100.61690625,91.97,0.0
2025-08-25T08:00Z,55219.80946350098,97.07137775031268,72.98,0.0
2025-08-25T09:00Z,54600.40776062012,94.87131662251792,35.02,0.0
2025-08-25T10:00Z,54095.04140472412,89.71074390243903,10.0,0.0
2025-08-25T11:00Z,53373.247787475586,87.8605134487122,5.93,0.0
2025-08-25T12:00Z,51914.93634033203,35.9309,6.78,0.0
2025-08-25T13:00Z,51909.879737854004,81.86080139670645,25.2,0.0
2025-08-25T14:00Z,52017.931549072266,87.8605134487122,56.43,0.0
2025-08-25T15:00Z,53189.05778503418,96.27261728008675,86.67,0.0
2025-08-25T16:00Z,54871.090759277344,98.22129346317297,111.54,0.0
2025-08-25T17:00Z,55143.85893249512,100.66654331474969,159.03,0.0
2025-08-25T18:00Z,54376.657234191895,110.70326512405268,232.82,0.0
2025-08-25T19:00Z,52295.659103393555,110.70326512405268,138.04,0.0
2025-08-25T20:00Z,48379.760498046875,107.14837644051812,115.04,0.0
2025-08-25T21:00Z,44821.980529785156,100.66654331474969,105.15,0.0
2025-08-25T22:00Z,42223.62550354004,100.61690625,105.8,0.0
2025-08-25T23:00Z,40584.12145996094,99.27364890966956,100.44,0.0
2025-08-26T00:00Z,40013.3862991333,99.27364890966956,96.58,0.0
2025-08-26T01:00Z,39855.032539367676,99.27364890966956,94.79,0.0
2025-08-26T02:00Z,40801.76845550537,99.27364890966956,96.27,0.0
2025-08-26T03:00Z,44396.398780822754,100.61690625,106.6,0.0
2025-08-26T04:00Z,50612.82470703125,110.70326512405268,124.59,0.0
2025-08-26T05:00Z,54871.798500061035,110.70326512405268,123.45,0.0
2025-08-26T06:00Z,57897.48221588135,110.70326512405268,106.79,0.0
2025-08-26T07:00Z,58729.95868682861,110.70326512405268,90.0,0.0
2025-08-26T08:00Z,56543.9567489624,99.27364890966956,77.47,0.0
2025-08-26T09:00Z,56281.63606262207,97.07137775031268,61.6,0.0
2025-08-26T10:00Z,54774.90871429443,96.27261728008675,41.95,0.0
2025-08-26T11:00Z,53768.89952087402,96.27261728008675,26.28,0.0
2025-08-26T12:00Z,52706.52695465088,89.71074390243903,38.05,0.0
2025-08-26T13:00Z,52761.781814575195,96.27261728008675,72.39,0.0
2025-08-26T14:00Z,52939.38819885254,96.27261728008675,88.26,0.0
2025-08-26T15:00Z,54922.775802612305,97.85956206066555,105.05,0.0
2025-08-26T16:00Z,55927.7837600708,100.61690625,131.09,0.0
2025-08-26T17:00Z,55644.103118896484,110.70326512405268,196.88,0.0
2025-08-26T18:00Z,54777.90599822998,110.70326512405268,180.17,0.0
2025-08-26T19:00Z,52527.83171081543,100.61690625,123.3,0.0
2025-08-26T20:00Z,48056.7970123291,97.07137775031268,109.47,0.0
2025-08-26T21:00Z,44265.655448913574,96.27261728008675,97.67,0.0
2025-08-26T22:00Z,42006.54650878906,87.8605134487122,96.59,0.0
2025-08-26T23:00Z,40768.09453582764,87.8605134487122,89.98,0.0
2025-08-27T00:00Z,39703.72727203369,87.8605134487122,86.52,0.0
2025-08-27T01:00Z,39723.8024597168,94.87131662251792,87.25,0.0
2025-08-27T02:00Z,41026.84777069092,96.27261728008675,90.0,0.0
2025-08-27T03:00Z,44180.68731689453,97.07137775031268,97.73,0.0
2025-08-27T04:00Z,50866.40879821777,98.22129346317297,110.0,0.0
2025-08-27T05:00Z,55472.03374481201,99.27364890966956,115.19,0.0
2025-08-27T06:00Z,58305.62649536133,100.61690625,113.64,0.0
2025-08-27T07:00Z,60024.29936218262,100.61690625,101.63,0.0
2025-08-27T08:00Z,59989.63969421387,98.22129346317297,86.0,0.0
2025-08-27T09:00Z,59810.30152130127,97.07137775031268,79.29,0.0
2025-08-27T10:00Z,58898.31522369385,96.27261728008675,64.38,0.0
2025-08-27T11:00Z,58697.57776641846,96.27261728008675,50.68,0.0
2025-08-27T12:00Z,57513.462478637695,89.12174847060206,50.94,0.0
2025-08-27T13:00Z,56904.624519348145,96.27261728008675,76.18,0.0
2025-08-27T14:00Z,56445.110038757324,97.07137775031268,85.1,0.0
2025-08-27T15:00Z,56438.75528717041,98.22129346317297,104.94,0.0
2025-08-27T16:00Z,57347.54354095459,100.66654331474969,134.63,0.0
2025-08-27T17:00Z,57394.48645019531,110.70326512405268,222.07,0.0
2025-08-27T18:00Z,55849.63121032715,110.70326512405268,222.04,0.0
2025-08-27T19:00Z,53203.10251617432,110.70326512405268,128.87,0.0
2025-08-27T20:00Z,49452.752517700195,107.14837644051812,113.63,0.0
2025-08-27T21:00Z,46479.42551422119,100.61690625,103.57,0.0
2025-08-27T22:00Z,44074.97146606445,99.27364890966956,97.15,0.0
2025-08-27T23:00Z,42274.869972229004,99.27364890966956,91.92,0.0
2025-08-28T00:00Z,41359.72151184082,98.22129346317297,87.89,0.0
2025-08-28T01:00Z,40897.96374511719,98.22129346317297,87.09,0.0
2025-08-28T02:00Z,42228.490310668945,98.22129346317297,90.23,0.0
2025-08-28T03:00Z,45564.0592880249,99.27364890966956,98.72,0.0
2025-08-28T04:00Z,51945.47526550293,107.14837644051812,121.63,0.0
2025-08-28T05:00Z,56597.69574737549,110.70326512405268,143.79,0.0
2025-08-28T06:00Z,59370.67426300049,110.70326512405268,143.95,0.0
2025-08-28T07:00Z,60556.0751953125,110.70326512405268,121.84,0.0
2025-08-28T08:00Z,61909.19775390625,110.70326512405268,112.27,0.0
2025-08-28T09:00Z,62410.76400756836,110.70326512405268,108.13,0.0
2025-08-28T10:00Z,62448.865798950195,110.70326512405268,100.89,0.0
2025-08-28T11:00Z,60768.19178771973,110.70326512405268,100.96,0.0
2025-08-28T12:00Z,59088.214500427246,107.14837644051812,100.89,0.0
2025-08-28T13:00Z,57533.080490112305,107.14837644051812,100.66,0.0
2025-08-28T14:00Z,56563.68552398682,100.66654331474969,96.1,0.0
2025-08-28T15:00Z,57569.738540649414,110.70326512405268,129.84,0.0
2025-08-28T16:00Z,57674.98622131348,110.70326512405268,160.85,0.0
2025-08-28T17:00Z,56539.624420166016,110.70326512405268,210.0,0.0
2025-08-28T18:00Z,55634.89198303223,110.70326512405268,153.16,0.0
2025-08-28T19:00Z,52982.3895111084,100.66654331474969,124.18,0.0
2025-08-28T20:00Z,48984.54852294922,100.61690625,107.11,0.0
2025-08-28T21:00Z,45479.01149749756,98.22129346317297,92.15,0.0
2025-08-28T22:00Z,43013.459060668945,98.22129346317297,85.04,0.0
2025-08-28T23:00Z,41822.199279785156,98.22129346317297,83.27,0.0
2025-08-29T00:00Z,40922.014724731445,97.85956206066555,83.1,0.0
2025-08-29T01:00Z,41272.43081665039,97.07137775031268,81.59,0.0
2025-08-29T02:00Z,42320.649993896484,97.07137775031268,83.01,0.0
2025-08-29T03:00Z,45136.62032318115,98.22129346317297,91.0,0.0
2025-08-29T04:00Z,51297.780212402344,100.61690625,117.55,0.0
2025-08-29T05:00Z,55528.20199584961,107.14837644051812,121.39,0.0
2025-08-29T06:00Z,58733.71781158447,110.70326512405268,120.0,0.0
2025-08-29T07:00Z,59993.1565322876,110.70326512405268,110.36,0.0
2025-08-29T08:00Z,59666.40253448486,107.14837644051812,84.25,0.0
2025-08-29T09:00Z,58892.34168243408,100.61690625,78.08,0.0
2025-08-29T10:00Z,57210.177658081055,98.22129346317297,67.44,0.0
2025-08-29T11:00Z,55720.779067993164,97.85956206066555,53.96,0.0
2025-08-29T12:00Z,53943.13196563721,97.07137775031268,59.64,0.0
2025-08-29T13:00Z,52504.25313568115,96.27261728008675,73.06,0.0
2025-08-29T14:00Z,52587.951248168945,96.27261728008675,85.0,0.0
2025-08-29T15:00Z,53297.19020843506,97.07137775031268,104.82,0.0
2025-08-29T16:00Z,54083.69309234619,98.22129346317297,118.51,0.0
2025-08-29T17:00Z,53784.6808013916,100.61690625,147.68,0.0
2025-08-29T18:00Z,52283.93703460693,99.27364890966956,116.5,0.0
2025-08-29T19:00Z,49614.33753204346,98.22129346317297,111.96,0.0
2025-08-29T20:00Z,46303.455253601074,97.07137775031268,95.7,0.0
2025-08-29T21:00Z,43355.17744445801,97.07137775031268,86.07,0.0
2025-08-29T22:00Z,40597.71572113037,96.27261728008675,92.5,0.0
2025-08-29T23:00Z,38727.2219619751,96.27261728008675,86.56,0.0
2025-08-30T00:00Z,37702.95528411865,96.27261728008675,83.3,0.0
2025-08-30T01:00Z,37382.782775878906,96.27261728008675,81.51,0.0
2025-08-30T02:00Z,37546.35298919678,96.27261728008675,83.39,0.0
2025-08-30T03:00Z,38333.87670135498,96.27261728008675,87.72,0.0
2025-08-30T04:00Z,40440.70348358154,97.07137775031268,95.02,0.0
2025-08-30T05:00Z,42318.71521759033,97.07137775031268,98.09,0.0
2025-08-30T06:00Z,45473.96072387695,97.07137775031268,89.64,0.0
2025-08-30T07:00Z,47678.20378112793,97.07137775031268,78.6,0.0
2025-08-30T08:00Z,48965.05206298828,96.27261728008675,36.46,0.0
2025-08-30T09:00Z,49116.17197418213,87.8605134487122,5.23,0.0
2025-08-30T10:00Z,47523.47452545166,87.8605134487122,0.0,0.0
2025-08-30T11:00Z,45859.81224822998,20.179071574532003,-0.01,0.0
2025-08-30T12:00Z,44470.999198913574,19.979914529914524,-0.01,0.0
2025-08-30T13:00Z,43893.335510253906,19.979914529914527,-0.38,0.0
2025-08-30T14:00Z,43463.8885345459,35.9309,9.48,0.0
2025-08-30T15:00Z,44522.931495666504,89.12174847060206,81.1,0.0
2025-08-30T16:00Z,46039.72766876221,97.07137775031268,103.9,0.0
2025-08-30T17:00Z,46711.38446807861,99.27364890966956,127.07,0.0
2025-08-30T18:00Z,46239.59703063965,100.66654331474969,129.98,0.0
2025-08-30T19:00Z,44162.44125366211,100.61690625,120.39,0.0
2025-08-30T20:00Z,41797.8482131958,98.22129346317297,104.94,0.0
2025-08-30T21:00Z,39353.95373535156,97.85956206066555,90.3,0.0
2025-08-30T22:00Z,36715.62274932861,96.27261728008675,88.74,0.0
2025-08-30T23:00Z,35232.77878570557,94.87131662251792,78.91,0.0
2025-08-31T00:00Z,34374.576721191406,87.8605134487122,70.53,0.0
2025-08-31T01:00Z,34107.27520751953,81.86080139670645,67.02,0.0
2025-08-31T02:00Z,34125.203201293945,81.67000276243094,63.79,0.0
2025-08-31T03:00Z,34963.087951660156,35.93090000000001,64.56,0.0
2025-08-31T04:00Z,35760.32897186279,81.67000276243094,65.0,0.0
2025-08-31T05:00Z,37335.71851348877,81.86080139670645,62.13,0.0
2025-08-31T06:00Z,40412.71773529053,87.8605134487122,22.3,0.0
2025-08-31T07:00Z,43344.896728515625,81.86080139670645,5.2,0.0
2025-08-31T08:00Z,44723.54700469971,35.930899999999994,-0.01,0.0
2025-08-31T09:00Z,45176.32318878174,19.979914529914524,-0.02,0.0
2025-08-31T10:00Z,44076.1756439209,19.979914529914527,-0.11,0.0
2025-08-31T11:00Z,42328.561767578125,19.979914529914524,-1.0,0.0
2025-08-31T12:00Z,41443.97275543213,19.979914529914524,-0.61,0.0
2025-08-31T13:00Z,40983.25924682617,35.930899999999994,0.0,0.0
2025-08-31T14:00Z,41220.24927520752,87.8605134487122,25.47,0.0
2025-08-31T15:00Z,42733.4497756958,96.27261728008675,79.74,0.0
2025-08-31T16:00Z,45435.417961120605,97.85956206066555,117.59,0.0
2025-08-31T17:00Z,46818.58701324463,99.27364890966956,135.1,0.0
2025-08-31T18:00Z,47113.88472747803,99.27364890966956,132.07,0.0
2025-08-31T19:00Z,45512.38108062744,98.22129346317297,114.15,0.0
2025-08-31T20:00Z,43718.87644195557,97.07137775031268,102.63,0.0
2025-08-31T21:00Z,42139.14953613281,96.27261728008675,89.76,0.0
2025-08-31T22:00Z,40347.50151824951,96.27261728008675,84.08,0.0
2025-08-31T23:00Z,39390.173263549805,96.27261728008675,81.43,0.0
2025-09-01T00:00Z,38319.50378417969,96.27261728008675,80.97,0.0
2025-09-01T01:00Z,38021.28727722168,96.27261728008675,80.03,0.0
2025-09-01T02:00Z,38707.66851043701,96.27261728008675,81.37,0.0
2025-09-01T03:00Z,42282.43926239014,96.27261728008675,92.58,0.0
2025-09-01T04:00Z,50102.423278808594,98.22129346317297,120.43,0.0
2025-09-01T05:00Z,55315.823722839355,100.61690625,125.67,0.0
2025-09-01T06:00Z,58443.7506942749,100.66654331474969,116.1,0.0
2025-09-01T07:00Z,59116.413024902344,100.61690625,98.19,0.0
2025-09-01T08:00Z,59711.845474243164,98.22129346317297,82.0,0.0
2025-09-01T09:00Z,60466.624435424805,97.85956206066555,69.4,0.0
2025-09-01T10:00Z,59519.61897277832,97.85956206066555,38.27,0.0
2025-09-01T11:00Z,57623.40803527832,97.07137775031268,25.03,0.0
2025-09-01T12:00Z,57198.59405517578,97.07137775031268,42.73,0.0
2025-09-01T13:00Z,57130.182037353516,97.85956206066555,67.76,0.0
2025-09-01T14:00Z,56519.41076660156,98.22129346317297,84.67,0.0
2025-09-01T15:00Z,56918.24124908447,100.61690625,109.7,0.0
2025-09-01T16:00Z,57164.417068481445,110.70326512405268,155.32,0.0
2025-09-01T17:00Z,57565.76749420166,110.70326512405268,250.65,0.0
2025-09-01T18:00Z,56763.41374206543,110.70326512405268,210.56,0.0
2025-09-01T19:00Z,53457.02851867676,110.70326512405268,125.2,0.0
2025-09-01T20:00Z,49009.04623413086,100.66654331474969,112.4,0.0
2025-09-01T21:00Z,44877.2989654541,98.22129346317297,100.53,0.0
2025-09-01T22:00Z,42918.509674072266,98.22129346317297,95.01,0.0
2025-09-01T23:00Z,41449.61241912842,97.85956206066555,90.11,0.0
2025-09-02T00:00Z,40410.30969238281,97.85956206066555,90.84,0.0
2025-09-02T01:00Z,40353.600257873535,97.85956206066555,92.5,0.0
2025-09-02T02:00Z,41438.96238708496,98.22129346317297,94.8,0.0
2025-09-02T03:00Z,45331.28820037842,99.27364890966956,106.85,0.0
2025-09-02T04:00Z,52403.29399871826,107.14837644051812,134.39,0.0
2025-09-02T05:00Z,56468.02542877197,110.70326512405268,153.67,0.0
2025-09-02T06:00Z,59412.63896942139,110.70326512405268,147.48,0.0
2025-09-02T07:00Z,60310.17292022705,110.70326512405268,121.05,0.0
2025-09-02T08:00Z,60994.35395050049,100.66654331474969,102.14,0.0
2025-09-02T09:00Z,60978.74156188965,99.27364890966956,84.66,0.0
2025-09-02T10:00Z,59559.74729156494,98.22129346317297,78.94,0.0
2025-09-02T11:00Z,58193.008544921875,97.07137775031268,79.73,0.0
2025-09-02T12:00Z,56616.94959259033,97.07137775031268,78.54,0.0
2025-09-02T13:00Z,55933.71551513672,97.07137775031268,84.37,0.0
2025-09-02T14:00Z,54686.41255950928,97.07137775031268,95.0,0.0
2025-09-02T15:00Z,55511.43751525879,98.22129346317297,108.97,0.0
2025-09-02T16:00Z,56281.58627319336,100.61690625,173.16,0.0
2025-09-02T17:00Z,56535.109466552734,110.70326512405268,311.51,0.0
2025-09-02T18:00Z,56018.59725189209,110.70326512405268,263.79,0.0
2025-09-02T19:00Z,53247.00830078125,110.70326512405268,140.92,0.0
2025-09-02T20:00Z,49674.43076324463,100.61690625,110.47,0.0
2025-09-02T21:00Z,46549.91269683838,98.22129346317297,91.21,0.0
2025-09-02T22:00Z,43322.04891204834,97.07137775031268,97.25,0.0
2025-09-02T23:00Z,41741.028495788574,96.27261728008675,90.74,0.0
2025-09-03T00:00Z,40852.30379486084,96.27261728008675,85.95,0.0
2025-09-03T01:00Z,41376.05647277832,92.54273178553254,81.72,0.0
2025-09-03T02:00Z,42090.73868560791,87.8605134487122,81.23,0.0
2025-09-03T03:00Z,45760.704528808594,87.8605134487122,86.97,0.0
2025-09-03T04:00Z,53002.15968322754,96.27261728008675,103.2,0.0
2025-09-03T05:00Z,56833.532859802246,97.07137775031268,112.34,0.0
2025-09-03T06:00Z,59356.941482543945,96.27261728008675,109.13,0.0
2025-09-03T07:00Z,59692.941009521484,96.27261728008675,85.3,0.0
2025-09-03T08:00Z,60837.48424530029,20.179071574532003,29.04,0.0
2025-09-03T09:00Z,61308.32997894287,-5.0,0.03,0.0
2025-09-03T10:00Z,60551.73169708252,-5.0,-0.1,0.0
2025-09-03T11:00Z,58912.12595367432,-5.0,-0.1,0.0
2025-09-03T12:00Z,58330.6139755249,-5.0,-0.28,0.0
2025-09-03T13:00Z,58439.22395324707,-5.0,0.0,0.0
2025-09-03T14:00Z,58146.41165924072,-5.0,3.89,0.0
2025-09-03T15:00Z,58316.67948913574,0.0,63.46,0.0
2025-09-03T16:00Z,59567.68827819824,20.41331893790761,102.35,0.0
2025-09-03T17:00Z,59315.35202026367,81.67000276243094,110.92,0.0
2025-09-03T18:00Z,58568.770500183105,81.86080139670645,104.0,0.0
2025-09-03T19:00Z,55684.47274017334,21.324754617468464,94.17,0.0
2025-09-03T20:00Z,51599.52500915527,19.979914529914524,80.68,0.0
2025-09-03T21:00Z,48180.78707122803,-5.0,54.25,0.0
2025-09-03T22:00Z,46128.16396331787,-5.0,21.65,0.0
2025-09-03T23:00Z,44536.76700592041,-5.0,17.7,0.0
2025-09-04T00:00Z,43662.26628112793,-5.0,17.87,0.0
2025-09-04T01:00Z,43312.70425415039,-5.0,30.02,0.0
2025-09-04T02:00Z,44034.24471282959,19.979914529914524,59.92,0.0
2025-09-04T03:00Z,47020.560066223145,20.179071574532003,83.89,0.0
2025-09-04T04:00Z,54385.10007476807,89.71074390243903,107.87,0.0
2025-09-04T05:00Z,58431.025215148926,97.07137775031268,120.0,0.0
2025-09-04T06:00Z,60685.99726867676,97.85956206066555,108.09,0.0
2025-09-04T07:00Z,61012.844734191895,97.85956206066555,77.81,0.0
2025-09-04T08:00Z,60564.26755523682,96.27261728008675,41.45,0.0
2025-09-04T09:00Z,59959.18928527832,87.8605134487122,5.79,0.0
2025-09-04T10:00Z,59273.71871185303,81.86080139670645,3.2,0.0
2025-09-04T11:00Z,58664.44355773926,35.93090000000001,3.36,0.0
2025-09-04T12:00Z,57648.18970489502,81.67000276243094,34.89,0.0
2025-09-04T13:00Z,56718.94948577881,87.8605134487122,71.0,0.0
2025-09-04T14:00Z,56165.68049621582,96.27261728008675,90.05,0.0
2025-09-04T15:00Z,57336.89825439453,98.22129346317297,109.13,0.0
2025-09-04T16:00Z,57307.286949157715,107.14837644051812,191.8,0.0
2025-09-04T17:00Z,56918.80746459961,110.70326512405268,350.0,0.0
2025-09-04T18:00Z,56306.862449645996,110.70326512405268,218.82,0.0
2025-09-04T19:00Z,52970.50273895264,107.14837644051812,124.93,0.0
2025-09-04T20:00Z,49601.57223510742,100.61690625,112.14,0.0
2025-09-04T21:00Z,45778.8889465332,98.22129346317297,101.3,0.0
2025-09-04T22:00Z,44086.40602874756,97.85956206066555,95.25,0.0
2025-09-04T23:00Z,42763.97473907471,98.22129346317297,86.1,0.0
2025-09-05T00:00Z,41850.295585632324,97.85956206066555,85.26,0.0
2025-09-05T01:00Z,42266.106605529785,97.85956206066555,85.2,0.0
2025-09-05T02:00Z,42663.616455078125,97.85956206066555,85.6,0.0
2025-09-05T03:00Z,45301.701904296875,97.85956206066555,97.36,0.0
2025-09-05T04:00Z,52191.990234375,99.27364890966956,119.16,0.0
2025-09-05T05:00Z,56494.45601654053,100.66654331474969,132.13,0.0
2025-09-05T06:00Z,59885.252014160156,107.14837644051812,125.75,0.0
2025-09-05T07:00Z,60642.59906768799,100.61690625,100.4,0.0
2025-09-05T08:00Z,61676.63246154785,99.27364890966956,87.83,0.0
2025-09-05T09:00Z,60780.92844390869,98.22129346317297,84.15,0.0
2025-09-05T10:00Z,59504.173835754395,98.22129346317297,78.25,0.0
2025-09-05T11:00Z,57561.53175354004,97.07137775031268,72.19,0.0
2025-09-05T12:00Z,55599.5924911499,97.07137775031268,70.17,0.0
2025-09-05T13:00Z,54082.0905456543,97.07137775031268,77.53,0.0
2025-09-05T14:00Z,53936.29396820068,97.07137775031268,85.0,0.0
2025-09-05T15:00Z,54421.87829589844,98.22129346317297,90.96,0.0
2025-09-05T16:00Z,54726.537185668945,100.61690625,108.95,0.0
2025-09-05T17:00Z,54127.395500183105,107.14837644051812,154.53,0.0
2025-09-05T18:00Z,53486.291511535645,110.70326512405268,150.75,0.0
2025-09-05T19:00Z,50160.18899536133,100.66654331474969,117.1,0.0
2025-09-05T20:00Z,46740.832580566406,100.61690625,107.71,0.0
2025-09-05T21:00Z,43508.41301727295,99.27364890966956,100.7,0.0
2025-09-05T22:00Z,40935.8131942749,98.22129346317297,101.21,0.0
2025-09-05T23:00Z,39148.924171447754,98.22129346317297,100.59,0.0
2025-09-06T00:00Z,37939.67051696777,98.22129346317297,99.57,0.0
2025-09-06T01:00Z,37302.01853942871,98.22129346317297,97.84,0.0
2025-09-06T02:00Z,37334.96295928955,98.22129346317297,96.96,0.0
2025-09-06T03:00Z,38248.566802978516,99.27364890966956,98.01,0.0
2025-09-06T04:00Z,40333.26636505127,100.61690625,102.6,0.0
2025-09-06T05:00Z,42198.47718811035,100.61690625,100.91,0.0
2025-09-06T06:00Z,45383.065505981445,100.66654331474969,95.98,0.0
2025-09-06T07:00Z,47588.88557434082,99.27364890966956,79.11,0.0
2025-09-06T08:00Z,48316.07173156738,97.85956206066555,11.35,0.0
2025-09-06T09:00Z,47556.078788757324,96.27261728008675,0.0,0.0
2025-09-06T10:00Z,45811.44125366211,92.54273178553254,-0.02,0.0
2025-09-06T11:00Z,44127.52649688721,81.86080139670645,-0.86,0.0
2025-09-06T12:00Z,42970.27843475342,81.86080139670645,-0.99,0.0
2025-09-06T13:00Z,42404.467681884766,87.8605134487122,-0.01,0.0
2025-09-06T14:00Z,42995.676513671875,96.27261728008675,40.99,0.0
2025-09-06T15:00Z,44608.787017822266,97.07137775031268,87.6,0.0
2025-09-06T16:00Z,46300.19229888916,98.22129346317297,116.47,0.0
2025-09-06T17:00Z,46769.467460632324,100.61690625,158.39,0.0
2025-09-06T18:00Z,46332.26622772217,100.66654331474969,139.54,0.0
2025-09-06T19:00Z,43536.03052520752,98.22129346317297,109.95,0.0
2025-09-06T20:00Z,41123.57498168945,97.07137775031268,92.95,0.0
2025-09-06T21:00Z,38403.43674468994,96.27261728008675,82.56,0.0
2025-09-06T22:00Z,36144.3800201416,87.8605134487122,89.72,0.0
2025-09-06T23:00Z,35054.87935638428,87.8605134487122,85.02,0.0
2025-09-07T00:00Z,33932.40579986572,87.8605134487122,80.77,0.0
2025-09-07T01:00Z,33614.82451629639,81.86080139670645,83.4,0.0
2025-09-07T02:00Z,33658.21950531006,81.86080139670645,82.92,0.0
2025-09-07T03:00Z,34281.045265197754,87.8605134487122,82.67,0.0
2025-09-07T04:00Z,35004.49703216553,87.8605134487122,81.5,0.0
2025-09-07T05:00Z,36788.45594787598,87.8605134487122,55.48,0.0
2025-09-07T06:00Z,39967.39888763428,87.8605134487122,0.0,0.0
2025-09-07T07:00Z,42799.19569396973,81.86080139670645,-0.09,0.0
2025-09-07T08:00Z,43815.27248382568,35.930899999999994,-4.0,0.0
2025-09-07T09:00Z,44131.70095825195,19.979914529914524,-20.09,0.0
2025-09-07T10:00Z,43304.5170211792,0.0,-40.02,0.0
2025-09-07T11:00Z,41307.956047058105,-5.0,-53.4,0.0
2025-09-07T12:00Z,40124.23673248291,-5.0,-49.99,0.0
2025-09-07T13:00Z,39664.259773254395,-5.0,-21.21,0.0
2025-09-07T14:00Z,40123.02468109131,-5.0,-2.47,0.0
2025-09-07T15:00Z,42507.919998168945,-5.0,3.36,0.0
2025-09-07T16:00Z,45169.19492340088,20.179071574532003,95.91,0.0
2025-09-07T17:00Z,46818.12872314453,81.86080139670645,108.3,0.0
2025-09-07T18:00Z,47828.634452819824,87.8605134487122,96.25,0.0
2025-09-07T19:00Z,46249.00415802002,35.9309,86.02,0.0
2025-09-07T20:00Z,44333.184257507324,21.324754617468464,85.01,0.0
2025-09-07T21:00Z,41400.42217254639,20.179071574532003,86.06,0.0
2025-09-07T22:00Z,39816.92088317871,19.979914529914527,79.66,0.0
2025-09-07T23:00Z,38374.581283569336,19.97991452991453,85.74,0.0
2025-09-08T00:00Z,37476.80992889404,20.21801336529556,84.7,0.0
2025-09-08T01:00Z,37678.98231506348,35.930899999999994,82.27,0.0
2025-09-08T02:00Z,38881.75831604004,35.93090000000001,83.79,0.0
2025-09-08T03:00Z,43345.78047180176,96.27261728008675,95.6,0.0
2025-09-08T04:00Z,51669.24401855469,97.07137775031268,109.9,0.0
2025-09-08T05:00Z,55744.57997894287,98.22129346317297,148.14,0.0
2025-09-08T06:00Z,59201.4662399292,99.27364890966956,125.53,0.0
2025-09-08T07:00Z,60627.82370758057,99.27364890966956,102.05,0.0
2025-09-08T08:00Z,61330.94903564453,98.22129346317297,85.83,0.0
2025-09-08T09:00Z,60773.52996826172,97.07137775031268,76.14,0.0
2025-09-08T10:00Z,60061.12197113037,97.07137775031268,65.35,0.0
2025-09-08T11:00Z,58853.02649688721,96.27261728008675,60.84,0.0
2025-09-08T12:00Z,58177.84831237793,97.07137775031268,69.65,0.0
2025-09-08T13:00Z,57670.40399932861,97.85956206066555,78.46,0.0
2025-09-08T14:00Z,57360.65874481201,99.27364890966956,99.72,0.0
2025-09-08T15:00Z,57646.16213226318,100.66654331474969,124.28,0.0
2025-09-08T16:00Z,57443.5930557251,110.70326512405268,196.61,0.0
2025-09-08T17:00Z,56790.9118270874,110.70326512405268,413.66,0.0
2025-09-08T18:00Z,55875.221588134766,110.70326512405268,308.52,0.0
2025-09-08T19:00Z,53000.14198303223,110.70326512405268,152.0,0.0
2025-09-08T20:00Z,48834.29000091553,100.66654331474969,123.93,0.0
2025-09-08T21:00Z,45609.26282501221,100.61690625,113.12,0.0
2025-09-08T22:00Z,43332.74850463867,100.61690625,114.52,0.0
2025-09-08T23:00Z,41509.09265899658,99.27364890966956,112.46,0.0
2025-09-09T00:00Z,40619.533935546875,99.27364890966956,110.35,0.0
2025-09-09T01:00Z,40781.01902770996,99.27364890966956,109.8,0.0
2025-09-09T02:00Z,41770.48052215576,99.27364890966956,110.86,0.0
2025-09-09T03:00Z,45184.66321563721,100.66654331474969,118.18,0.0
2025-09-09T04:00Z,52741.98903656006,110.70326512405268,182.39,0.0
2025-09-09T05:00Z,57035.601066589355,110.70326512405268,300.0,0.0
2025-09-09T06:00Z,60107.477478027344,110.70326512405268,196.98,0.0
2025-09-09T07:00Z,61822.47930908203,110.70326512405268,127.59,0.0
2025-09-09T08:00Z,61965.13900756836,107.14837644051812,101.73,0.0
2025-09-09T09:00Z,62841.71991729736,100.61690625,99.25,0.0
2025-09-09T10:00Z,62083.66549682617,100.61690625,87.18,0.0
2025-09-09T11:00Z,60679.63555145264,99.27364890966956,85.69,0.0
2025-09-09T12:00Z,59626.042472839355,98.22129346317297,85.51,0.0
2025-09-09T13:00Z,59639.61998748779,99.27364890966956,92.49,0.0
2025-09-09T14:00Z,58712.09464263916,100.61690625,103.35,0.0
2025-09-09T15:00Z,58840.99249267578,107.14837644051812,127.41,0.0
2025-09-09T16:00Z,58748.63247680664,110.70326512405268,192.68,0.0
2025-09-09T17:00Z,58389.42997741699,110.70326512405268,386.4,0.0
2025-09-09T18:00Z,57909.027824401855,110.70326512405268,215.59,0.0
2025-09-09T19:00Z,54313.1414642334,110.70326512405268,133.37,0.0
2025-09-09T20:00Z,49893.607986450195,107.14837644051812,115.79,0.0
2025-09-09T21:00Z,46657.363525390625,100.61690625,109.3,0.0
2025-09-09T22:00Z,44390.93202209473,100.61690625,106.93,0.0
2025-09-09T23:00Z,42927.132179260254,99.27364890966956,107.29,0.0
2025-09-10T00:00Z,41787.240058898926,99.27364890966956,103.73,0.0
2025-09-10T01:00Z,41413.235176086426,99.27364890966956,104.81,0.0
2025-09-10T02:00Z,42472.231033325195,100.61690625,104.55,0.0
2025-09-10T03:00Z,45815.370918273926,100.66654331474969,114.28,0.0
2025-09-10T04:00Z,53179.659523010254,110.70326512405268,133.35,0.0
2025-09-10T05:00Z,57603.55506896973,110.70326512405268,223.39,0.0
2025-09-10T06:00Z,60509.52166748047,113.63949367666063,171.94,0.0
2025-09-10T07:00Z,61345.32480621338,110.70326512405268,129.46,0.0
2025-09-10T08:00Z,62524.86772155762,110.70326512405268,107.33,0.0
2025-09-10T09:00Z,63033.64496612549,110.70326512405268,102.39,0.0
2025-09-10T10:00Z,62502.3479309082,110.70326512405268,88.85,0.0
2025-09-10T11:00Z,61005.48003387451,107.14837644051812,86.09,0.0
2025-09-10T12:00Z,59479.56369781494,100.66654331474969,87.8,0.0
2025-09-10T13:00Z,58375.76526641846,107.14837644051812,90.8,0.0
2025-09-10T14:00Z,57251.85330963135,107.14837644051812,105.07,0.0
2025-09-10T15:00Z,57948.36117553711,110.70326512405268,127.78,0.0
2025-09-10T16:00Z,58508.07627868652,110.70326512405268,170.59,0.0
2025-09-10T17:00Z,58230.6124420166,110.70326512405268,275.19,0.0
2025-09-10T18:00Z,57602.47928619385,110.70326512405268,169.07,0.0
2025-09-10T19:00Z,53443.223472595215,110.70326512405268,122.94,0.0
2025-09-10T20:00Z,49607.49831390381,100.61690625,101.58,0.0
2025-09-10T21:00Z,45137.07389831543,97.85956206066555,87.63,0.0
2025-09-10T22:00Z,42835.151794433594,97.07137775031268,88.21,0.0
2025-09-10T23:00Z,41504.270500183105,96.27261728008675,85.0,0.0
2025-09-11T00:00Z,40467.29445648193,96.27261728008675,77.13,0.0
2025-09-11T01:00Z,40530.58019256592,94.87131662251792,70.67,0.0
2025-09-11T02:00Z,41861.57322692871,94.87131662251792,70.67,0.0
2025-09-11T03:00Z,46039.16703033447,96.27261728008675,79.05,0.0
2025-09-11T04:00Z,53865.2607421875,97.07137775031268,111.18,0.0
2025-09-11T05:00Z,58073.014221191406,97.85956206066555,125.33,0.0
2025-09-11T06:00Z,60402.522453308105,97.85956206066555,120.36,0.0
2025-09-11T07:00Z,61274.184982299805,97.07137775031268,102.05,0.0
2025-09-11T08:00Z,61528.52129364014,89.71074390243903,73.64,0.0
2025-09-11T09:00Z,61831.047996520996,20.174743021012397,8.23,0.0
2025-09-11T10:00Z,60776.455993652344,20.21801336529556,-0.01,0.0
2025-09-11T11:00Z,59333.78202056885,-5.0,-0.07,0.0
2025-09-11T12:00Z,57770.45894622803,-5.0,-0.72,0.0
2025-09-11T13:00Z,56122.815673828125,-5.0,0.0,0.0
2025-09-11T14:00Z,55757.065284729004,-5.0,8.96,0.0
2025-09-11T15:00Z,57140.39651489258,19.979914529914527,75.82,0.0
2025-09-11T16:00Z,57451.533920288086,87.8605134487122,118.57,0.0
2025-09-11T17:00Z,58090.58457183838,96.27261728008675,132.86,0.0
2025-09-11T18:00Z,57270.236000061035,97.07137775031268,125.25,0.0
2025-09-11T19:00Z,53508.32622528076,96.27261728008675,111.45,0.0
2025-09-11T20:00Z,49430.15922546387,87.8605134487122,84.81,0.0
2025-09-11T21:00Z,47288.147216796875,35.9309,63.89,0.0
2025-09-11T22:00Z,44688.5651473999,19.979914529914527,32.83,0.0
2025-09-11T23:00Z,42609.8337097168,19.979914529914524,33.23,0.0
2025-09-12T00:00Z,41616.274253845215,19.979914529914524,20.94,0.0
2025-09-12T01:00Z,42282.82654571533,19.979914529914527,16.35,0.0
2025-09-12T02:00Z,42954.21339416504,19.979914529914524,29.15,0.0
2025-09-12T03:00Z,46283.73864746094,20.174743021012397,51.84,0.0
2025-09-12T04:00Z,53557.592460632324,87.8605134487122,95.29,0.0
2025-09-12T05:00Z,57709.75199127197,96.27261728008675,105.73,0.0
2025-09-12T06:00Z,60471.40155029297,96.27261728008675,102.01,0.0
2025-09-12T07:00Z,61039.55351257324,96.27261728008675,48.07,0.0
2025-09-12T08:00Z,61545.64888763428,19.979914529914524,1.85,0.0
2025-09-12T09:00Z,61852.11231994629,-5.0,-1.66,0.0
2025-09-12T10:00Z,60265.69020843506,19.979914529914524,-5.11,0.0
2025-09-12T11:00Z,57174.90035247803,-5.0,-8.66,0.0
2025-09-12T12:00Z,55676.890968322754,-5.0,-6.19,0.0
2025-09-12T13:00Z,54163.39529418945,-5.0,-4.0,0.0
2025-09-12T14:00Z,53603.527503967285,-5.0,-0.01,0.0
2025-09-12T15:00Z,55104.66876220703,19.979914529914527,57.69,0.0
2025-09-12T16:00Z,55967.668464660645,94.87131662251792,108.71,0.0
2025-09-12T17:00Z,56022.27323150635,97.85956206066555,155.36,0.0
2025-09-12T18:00Z,54790.72720336914,98.22129346317297,152.24,0.0
2025-09-12T19:00Z,50898.44197845459,97.85956206066555,113.96,0.0
2025-09-12T20:00Z,47697.99482727051,97.07137775031268,102.85,0.0
2025-09-12T21:00Z,44802.29531097412,96.27261728008675,96.66,0.0
2025-09-12T22:00Z,41234.21983337402,35.9309,85.89,0.0
2025-09-12T23:00Z,39338.727699279785,35.930899999999994,72.75,0.0
2025-09-13T00:00Z,38821.694763183594,35.9309,72.45,0.0
2025-09-13T01:00Z,38619.54179382324,35.9309,72.45,0.0
2025-09-13T02:00Z,38145.327781677246,35.930899999999994,69.79,0.0
2025-09-13T03:00Z,38888.81670379639,35.930899999999994,72.75,0.0
2025-09-13T04:00Z,41036.71242523193,35.93090000000001,74.71,0.0
2025-09-13T05:00Z,43049.731452941895,81.86080139670645,74.11,0.0
2025-09-13T06:00Z,46206.97116851807,87.8605134487122,72.45,0.0
2025-09-13T07:00Z,49253.26753997803,87.8605134487122,53.85,0.0
2025-09-13T08:00Z,50866.067222595215,35.93090000000001,14.3,0.0
2025-09-13T09:00Z,51297.599029541016,19.979914529914527,2.37,0.0
2025-09-13T10:00Z,50071.81474304199,19.979914529914527,0.0,0.0
2025-09-13T11:00Z,48000.95851898193,-5.0,-0.01,0.0
2025-09-13T12:00Z,46378.320251464844,-5.0,-0.01,0.0
2025-09-13T13:00Z,45885.45526885986,-5.0,-0.01,0.0
2025-09-13T14:00Z,46070.35934448242,-5.0,3.88,0.0
2025-09-13T15:00Z,47369.67455291748,19.97991452991453,74.11,0.0
2025-09-13T16:00Z,49152.77127075195,89.71074390243903,108.1,0.0
2025-09-13T17:00Z,48367.77745056152,96.27261728008675,121.9,0.0
2025-09-13T18:00Z,47890.04987335205,96.27261728008675,118.77,0.0
2025-09-13T19:00Z,44899.7142868042,87.8605134487122,111.17,0.0
2025-09-13T20:00Z,42620.80505371094,35.93090000000001,100.0,0.0
2025-09-13T21:00Z,40449.309242248535,35.9309,87.18,0.0
2025-09-13T22:00Z,37881.13900756836,81.86080139670645,85.69,0.0
2025-09-13T23:00Z,36133.1480178833,35.93090000000001,77.57,0.0
2025-09-14T00:00Z,35243.73755645752,35.930899999999994,80.61,0.0
2025-09-14T01:00Z,34794.40230560303,35.93090000000001,85.93,0.0
2025-09-14T02:00Z,34468.520011901855,81.67000276243094,93.77,0.0
2025-09-14T03:00Z,35294.32500457764,87.8605134487122,99.82,0.0
2025-09-14T04:00Z,36244.22325134277,94.87131662251792,100.75,0.0
2025-09-14T05:00Z,38116.05074310303,96.27261728008675,105.36,0.0
2025-09-14T06:00Z,41089.62629699707,96.27261728008675,108.48,0.0
2025-09-14T07:00Z,43680.71043395996,97.07137775031268,87.78,0.0
2025-09-14T08:00Z,45710.02850341797,97.07137775031268,61.68,0.0
2025-09-14T09:00Z,46874.12218475342,96.27261728008675,17.58,0.0
2025-09-14T10:00Z,45943.99080657959,96.27261728008675,6.52,0.0
2025-09-14T11:00Z,43790.66746520996,35.93090000000001,0.0,0.0
2025-09-14T12:00Z,42096.097801208496,20.174743021012397,-0.01,0.0
2025-09-14T13:00Z,41291.622230529785,19.979914529914527,0.0,0.0
2025-09-14T14:00Z,41713.903259277344,35.930899999999994,19.33,0.0
2025-09-14T15:00Z,43992.00149536133,89.12174847060206,98.2,0.0
2025-09-14T16:00Z,46352.85478973389,97.85956206066555,124.34,0.0
2025-09-14T17:00Z,47643.47225189209,99.27364890966956,153.29,0.0
2025-09-14T18:00Z,47356.02254486084,99.27364890966956,126.01,0.0
2025-09-14T19:00Z,45225.97724914551,97.85956206066555,97.37,0.0
2025-09-14T20:00Z,43160.73046875,96.27261728008675,77.02,0.0
2025-09-14T21:00Z,41282.41975402832,81.67000276243094,14.27,0.0
2025-09-14T22:00Z,39929.31497955322,20.174743021012397,20.0,0.0
2025-09-14T23:00Z,38799.53897857666,19.979914529914524,3.87,0.0
2025-09-15T00:00Z,38516.201721191406,-5.0,1.39,0.0
2025-09-15T01:00Z,38542.005516052246,-5.0,0.01,0.0
2025-09-15T02:00Z,39914.39453125,-5.0,0.0,0.0
2025-09-15T03:00Z,44694.88874053955,-5.0,0.9,0.0
2025-09-15T04:00Z,54155.781982421875,-5.0,20.27,0.0
2025-09-15T05:00Z,59318.43044281006,-5.0,54.31,0.0
2025-09-15T06:00Z,62284.27523803711,-5.0,40.4,0.0
2025-09-15T07:00Z,62488.11331939697,-5.0,0.9,0.0
2025-09-15T08:00Z,62534.55223083496,-5.0,-0.47,0.0
2025-09-15T09:00Z,62135.91945648193,-5.0,-2.61,0.0
2025-09-15T10:00Z,60680.763259887695,-5.0,-8.0,0.0
2025-09-15T11:00Z,58680.93850708008,-5.0,-14.27,0.0
2025-09-15T12:00Z,56642.085456848145,-5.0,-13.7,0.0
2025-09-15T13:00Z,55839.91361236572,-5.0,-8.9,0.0
2025-09-15T14:00Z,55783.94876861572,-5.0,-5.24,0.0
2025-09-15T15:00Z,57679.67378234863,-5.0,-0.53,0.0
2025-09-15T16:00Z,59455.72322845459,-5.0,14.01,0.0
2025-09-15T17:00Z,59880.55547332764,-5.0,53.93,0.0
2025-09-15T18:00Z,59226.21826171875,-5.0,47.37,0.0
2025-09-15T19:00Z,55467.03352355957,-5.0,5.33,0.0
2025-09-15T20:00Z,51746.491554260254,-5.0,2.91,0.0
2025-09-15T21:00Z,48293.60750579834,-5.0,0.06,0.0
2025-09-15T22:00Z,45786.77150726318,-5.0,-0.01,0.0
2025-09-15T23:00Z,43649.01774597168,-5.0,-0.09,0.0
2025-09-16T00:00Z,42497.28171539307,-5.0,-0.23,0.0
2025-09-16T01:00Z,42920.74842834473,-5.0,-1.05,0.0
2025-09-16T02:00Z,44194.88001251221,-5.0,-1.33,0.0
2025-09-16T03:00Z,48858.70280456543,-5.0,-0.01,0.0
2025-09-16T04:00Z,56926.05449676514,-5.0,2.32,0.0
2025-09-16T05:00Z,60912.44444274902,-5.0,16.21,0.0
2025-09-16T06:00Z,63773.718170166016,-5.0,3.81,0.0
2025-09-16T07:00Z,64270.56497955322,-5.0,-1.01,0.0
2025-09-16T08:00Z,64363.48097229004,-5.0,-5.11,0.0
2025-09-16T09:00Z,63332.03079986572,-5.0,-10.38,0.0
2025-09-16T10:00Z,61135.80626678467,-5.0,-20.05,0.0
2025-09-16T11:00Z,59970.114738464355,-5.0,-18.03,0.0
2025-09-16T12:00Z,58143.33623504639,-5.0,-11.17,0.0
2025-09-16T13:00Z,56998.61846923828,-5.0,-9.99,0.0
2025-09-16T14:00Z,57706.637435913086,-5.0,-3.24,0.0
2025-09-16T15:00Z,60066.810455322266,-5.0,0.0,0.0
2025-09-16T16:00Z,60163.34223937988,-5.0,72.64,0.0
2025-09-16T17:00Z,61276.26277923584,-5.0,103.33,0.0
2025-09-16T18:00Z,58407.966789245605,0.0,112.97,0.0
2025-09-16T19:00Z,51489.14669799805,-5.0,92.97,0.0
2025-09-16T20:00Z,47562.66849517822,-5.0,80.55,0.0
2025-09-16T21:00Z,44447.04099273682,-5.0,65.44,0.0
2025-09-16T22:00Z,42994.05377960205,-5.0,70.8,0.0
2025-09-16T23:00Z,43213.914237976074,-5.0,63.47,0.0
2025-09-17T00:00Z,42793.83477020264,-5.0,50.95,0.0
2025-09-17T01:00Z,42714.47229766846,-5.0,48.53,0.0
2025-09-17T02:00Z,43664.16003417969,-5.0,60.01,0.0
2025-09-17T03:00Z,47077.75001525879,19.979914529914524,73.82,0.0
2025-09-17T04:00Z,55599.742668151855,35.9309,98.85,0.0
2025-09-17T05:00Z,60160.33400726318,92.54273178553254,117.34,0.0
2025-09-17T06:00Z,61897.96677398682,96.27261728008675,112.74,0.0
2025-09-17T07:00Z,62995.14353179932,89.12174847060206,95.14,0.0
2025-09-17T08:00Z,62540.72106933594,20.174743021012397,69.14,0.0
2025-09-17T09:00Z,62125.17803955078,-5.0,41.38,0.0
2025-09-17T10:00Z,60414.51972961426,21.324754617468464,10.5,0.0
2025-09-17T11:00Z,59129.40626525879,19.979914529914524,7.88,0.0
2025-09-17T12:00Z,57597.40370178223,-5.0,10.59,0.0
2025-09-17T13:00Z,57310.67906188965,19.979914529914524,43.09,0.0
2025-09-17T14:00Z,57816.548248291016,19.979914529914527,81.17,0.0
2025-09-17T15:00Z,59877.63245391846,87.8605134487122,110.0,0.0
2025-09-17T16:00Z,60553.0168762207,96.27261728008675,123.31,0.0
2025-09-17T17:00Z,60229.772804260254,97.07137775031268,142.58,0.0
2025-09-17T18:00Z,59890.34799194336,97.07137775031268,123.52,0.0
2025-09-17T19:00Z,55638.79148101807,96.27261728008675,94.2,0.0
2025-09-17T20:00Z,51076.94055938721,81.86080139670645,86.1,0.0
2025-09-17T21:00Z,47517.607261657715,20.179071574532003,73.07,0.0
2025-09-17T22:00Z,44587.477951049805,0.0,53.12,0.0
2025-09-17T23:00Z,42897.24578857422,-5.0,48.29,0.0
2025-09-18T00:00Z,41784.501556396484,-5.0,38.47,0.0
2025-09-18T01:00Z,42098.489822387695,-5.0,37.96,0.0
2025-09-18T02:00Z,43531.3897857666,-5.0,48.12,0.0
2025-09-18T03:00Z,47814.902030944824,19.979914529914524,74.15,0.0
2025-09-18T04:00Z,55743.94468688965,35.93090000000001,105.81,0.0
2025-09-18T05:00Z,60157.78071594238,89.12174847060206,117.21,0.0
2025-09-18T06:00Z,62340.97605133057,96.27261728008675,111.28,0.0
2025-09-18T07:00Z,62553.187995910645,89.12174847060206,90.8,0.0
2025-09-18T08:00Z,62558.174560546875,35.93090000000001,65.1,0.0
2025-09-18T09:00Z,62069.2967376709,19.979914529914524,5.89,0.0
2025-09-18T10:00Z,61329.29351043701,20.41331893790761,0.2,0.0
2025-09-18T11:00Z,59490.6417388916,-5.0,0.0,0.0
2025-09-18T12:00Z,58126.706298828125,-5.0,0.0,0.0
2025-09-18T13:00Z,56999.84853363037,-5.0,0.52,0.0
2025-09-18T14:00Z,57256.89921569824,-5.0,15.31,0.0
2025-09-18T15:00Z,58748.25046539307,19.979914529914527,89.79,0.0
2025-09-18T16:00Z,59809.93397521973,81.86080139670645,115.45,0.0
2025-09-18T17:00Z,60873.97849273682,96.27261728008675,134.23,0.0
2025-09-18T18:00Z,59459.61541748047,96.27261728008675,128.68,0.0
2025-09-18T19:00Z,55846.122901916504,87.8605134487122,110.0,0.0
2025-09-18T20:00Z,51557.7989654541,35.9309,98.94,0.0
2025-09-18T21:00Z,48303.97583770752,19.97991452991453,88.2,0.0
2025-09-18T22:00Z,45382.45652770996,21.324754617468464,74.09,0.0
2025-09-18T23:00Z,43689.872467041016,19.979914529914527,72.47,0.0
2025-09-19T00:00Z,42646.21720123291,19.979914529914527,73.45,0.0
2025-09-19T01:00Z,42544.16801452637,19.97991452991453,73.7,0.0
2025-09-19T02:00Z,43549.39821624756,35.93089999999999,74.02,0.0
2025-09-19T03:00Z,47647.380195617676,87.8605134487122,89.59,0.0
2025-09-19T04:00Z,55566.28646850586,97.07137775031268,118.92,0.0
2025-09-19T05:00Z,59817.09548187256,98.22129346317297,143.42,0.0
2025-09-19T06:00Z,62402.854972839355,98.22129346317297,118.29,0.0
2025-09-19T07:00Z,62760.28197479248,97.85956206066555,95.18,0.0
2025-09-19T08:00Z,62211.274963378906,96.27261728008675,53.7,0.0
2025-09-19T09:00Z,61086.82801818848,89.12174847060206,13.03,0.0
2025-09-19T10:00Z,59535.82670593262,89.71074390243903,0.99,0.0
2025-09-19T11:00Z,57321.3576965332,81.67000276243094,0.0,0.0
2025-09-19T12:00Z,55718.12577056885,35.9309,0.0,0.0
2025-09-19T13:00Z,54671.39810180664,35.93090000000001,11.97,0.0
2025-09-19T14:00Z,54275.175468444824,94.87131662251792,74.46,0.0
2025-09-19T15:00Z,55315.65774536133,97.07137775031268,119.44,0.0
2025-09-19T16:00Z,55949.57829284668,99.27364890966956,255.21,0.0
2025-09-19T17:00Z,56181.717681884766,100.66654331474969,409.24,0.0
2025-09-19T18:00Z,54514.601989746094,100.61690625,167.59,0.0
2025-09-19T19:00Z,51075.52648925781,97.85956206066555,111.82,0.0
2025-09-19T20:00Z,47436.31551361084,96.27261728008675,86.04,0.0
2025-09-19T21:00Z,44505.35651397705,81.86080139670645,78.93,0.0
2025-09-19T22:00Z,41621.1672744751,20.21801336529556,87.24,0.0
2025-09-19T23:00Z,40198.15278625488,19.979914529914524,77.91,0.0
2025-09-20T00:00Z,39219.69409942627,19.979914529914524,74.99,0.0
2025-09-20T01:00Z,38172.13899230957,19.979914529914524,74.8,0.0
2025-09-20T02:00Z,37829.600730895996,19.979914529914524,74.79,0.0
2025-09-20T03:00Z,38461.20376586914,19.979914529914527,80.21,0.0
2025-09-20T04:00Z,40438.052734375,20.21801336529556,88.51,0.0
2025-09-20T05:00Z,42566.00671386719,35.9309,86.97,0.0
2025-09-20T06:00Z,46521.18451690674,81.86080139670645,75.29,0.0
2025-09-20T07:00Z,49484.4972076416,81.67000276243094,24.9,0.0
2025-09-20T08:00Z,50470.088806152344,35.93089999999999,3.02,0.0
2025-09-20T09:00Z,49881.843101501465,19.97991452991453,-0.28,0.0
2025-09-20T10:00Z,48175.76728820801,19.97991452991453,-6.1,0.0
2025-09-20T11:00Z,46258.317039489746,-5.0,-10.86,0.0
2025-09-20T12:00Z,44941.690017700195,-5.0,-5.1,0.0
2025-09-20T13:00Z,45132.25648498535,-5.0,-0.04,0.0
2025-09-20T14:00Z,46286.047439575195,-5.0,26.36,0.0
2025-09-20T15:00Z,48225.71266937256,35.930899999999994,93.84,0.0
2025-09-20T16:00Z,49645.00128173828,96.27261728008675,124.58,0.0
2025-09-20T17:00Z,50494.381507873535,97.07137775031268,134.1,0.0
2025-09-20T18:00Z,48604.15895843506,97.07137775031268,99.08,0.0
2025-09-20T19:00Z,45447.462326049805,96.27261728008675,81.95,0.0
2025-09-20T20:00Z,43287.48603820801,87.8605134487122,74.5,0.0
2025-09-20T21:00Z,40245.73880004883,35.93090000000001,48.3,0.0
2025-09-20T22:00Z,37794.135009765625,19.979914529914527,8.07,0.0
2025-09-20T23:00Z,36507.45763397217,19.979914529914524,3.7,0.0
2025-09-21T00:00Z,35849.51879119873,19.979914529914524,3.46,0.0
2025-09-21T01:00Z,35409.26900482178,0.0,1.65,0.0
2025-09-21T02:00Z,35496.31128692627,0.0,2.08,0.0
2025-09-21T03:00Z,36207.23691558838,-5.0,3.23,0.0
2025-09-21T04:00Z,38125.43228149414,-5.0,4.41,0.0
2025-09-21T05:00Z,40074.635803222656,-5.0,5.23,0.0
2025-09-21T06:00Z,42968.311614990234,0.0,3.01,0.0
2025-09-21T07:00Z,46183.17515563965,-5.0,1.31,0.0
2025-09-21T08:00Z,47903.2247467041,-5.0,0.0,0.0
2025-09-21T09:00Z,48941.12805938721,-5.0,-0.09,0.0
2025-09-21T10:00Z,47891.45797729492,-5.0,-1.2,0.0
2025-09-21T11:00Z,47120.41379547119,-5.0,-2.02,0.0
2025-09-21T12:00Z,46115.971199035645,-5.0,-1.31,0.0
2025-09-21T13:00Z,45937.09900665283,-5.0,-0.01,0.0
2025-09-21T14:00Z,46719.20651245117,-5.0,9.47,0.0
2025-09-21T15:00Z,48821.176177978516,-5.0,85.18,0.0
2025-09-21T16:00Z,50848.365798950195,35.9309,113.96,0.0
2025-09-21T17:00Z,51345.1809463501,89.71074390243903,120.57,0.0
2025-09-21T18:00Z,50467.682373046875,96.27261728008675,118.84,0.0
2025-09-21T19:00Z,47714.34635925293,96.27261728008675,104.68,0.0
2025-09-21T20:00Z,45239.90446472168,94.87131662251792,96.35,0.0
2025-09-21T21:00Z,42054.17478179932,89.71074390243903,91.68,0.0
2025-09-21T22:00Z,40056.17971038818,96.27261728008675,87.33,0.0
2025-09-21T23:00Z,38948.40866088867,96.27261728008675,83.57,0.0
2025-09-22T00:00Z,37988.486976623535,96.27261728008675,79.21,0.0
2025-09-22T01:00Z,38433.269203186035,94.87131662251792,79.21,0.0
2025-09-22T02:00Z,40189.310485839844,96.27261728008675,80.35,0.0
2025-09-22T03:00Z,44177.31568145752,96.27261728008675,93.59,0.0
2025-09-22T04:00Z,52605.86525726318,97.85956206066555,118.69,0.0
2025-09-22T05:00Z,57872.28202819824,98.22129346317297,130.0,0.0
2025-09-22T06:00Z,61067.96643829346,100.61690625,130.0,0.0
2025-09-22T07:00Z,62299.43876647949,100.61690625,108.57,0.0
2025-09-22T08:00Z,63285.674545288086,98.22129346317297,91.82,0.0
2025-09-22T09:00Z,63878.09939575195,97.85956206066555,77.86,0.0
2025-09-22T10:00Z,63585.473724365234,98.22129346317297,74.04,0.0
2025-09-22T11:00Z,61834.016189575195,97.85956206066555,71.17,0.0
2025-09-22T12:00Z,59898.02445983887,97.07137775031268,70.23,0.0
2025-09-22T13:00Z,59430.11176300049,96.27261728008675,78.39,0.0
2025-09-22T14:00Z,58627.49433898926,97.07137775031268,84.79,0.0
2025-09-22T15:00Z,59615.63651275635,97.85956206066555,100.13,0.0
2025-09-22T16:00Z,59657.12169647217,99.27364890966956,128.08,0.0
2025-09-22T17:00Z,59588.71678161621,100.61690625,140.92,0.0
2025-09-22T18:00Z,57867.852798461914,100.61690625,130.0,0.0
2025-09-22T19:00Z,53904.470390319824,99.27364890966956,114.24,0.0
2025-09-22T20:00Z,50033.96183013916,98.22129346317297,97.72,0.0
2025-09-22T21:00Z,46143.41751861572,97.85956206066555,89.99,0.0
2025-09-22T22:00Z,43697.539726257324,97.85956206066555,88.6,0.0
2025-09-22T23:00Z,41828.47386932373,97.07137775031268,90.0,0.0
2025-09-23T00:00Z,40891.78274536133,97.85956206066555,89.73,0.0
2025-09-23T01:00Z,41029.04014587402,97.85956206066555,89.93,0.0
2025-09-23T02:00Z,41956.45878601074,97.85956206066555,91.34,0.0
2025-09-23T03:00Z,45735.28651428223,98.22129346317297,98.11,0.0
2025-09-23T04:00Z,53666.39729309082,100.66654331474969,122.01,0.0
2025-09-23T05:00Z,58474.39594268799,110.70326512405268,172.36,0.0
2025-09-23T06:00Z,61391.31175994873,110.70326512405268,162.8,0.0
2025-09-23T07:00Z,61863.86299133301,110.70326512405268,125.76,0.0
2025-09-23T08:00Z,61956.747787475586,107.14837644051812,93.92,0.0
2025-09-23T09:00Z,61891.369468688965,100.61690625,85.51,0.0
2025-09-23T10:00Z,60064.40731048584,99.27364890966956,77.54,0.0
2025-09-23T11:00Z,59212.44322967529,98.22129346317297,74.24,0.0
2025-09-23T12:00Z,57700.470138549805,97.07137775031268,74.25,0.0
2025-09-23T13:00Z,56888.40775299072,97.85956206066555,84.11,0.0
2025-09-23T14:00Z,57286.445457458496,97.85956206066555,85.76,0.0
2025-09-23T15:00Z,58380.312995910645,98.22129346317297,102.9,0.0
2025-09-23T16:00Z,59405.048011779785,100.61690625,136.83,0.0
2025-09-23T17:00Z,60168.839027404785,100.66654331474969,149.58,0.0
2025-09-23T18:00Z,58114.425521850586,99.27364890966956,115.81,0.0
2025-09-23T19:00Z,54091.18934631348,97.85956206066555,94.0,0.0
2025-09-23T20:00Z,49883.68704986572,97.07137775031268,84.91,0.0
2025-09-23T21:00Z,46181.40547943115,96.27261728008675,84.1,0.0
2025-09-23T22:00Z,43143.31880187988,89.71074390243903,82.67,0.0
2025-09-23T23:00Z,41659.80930328369,87.8605134487122,82.32,0.0
2025-09-24T00:00Z,40432.71099090576,87.8605134487122,81.61,0.0
2025-09-24T01:00Z,40524.63150024414,89.12174847060206,77.95,0.0
2025-09-24T02:00Z,41976.745292663574,94.87131662251792,78.59,0.0
2025-09-24T03:00Z,46029.98474121094,96.27261728008675,82.67,0.0
2025-09-24T04:00Z,53869.04976654053,97.85956206066555,109.76,0.0
2025-09-24T05:00Z,59401.54118347168,98.22129346317297,118.01,0.0
2025-09-24T06:00Z,62282.85801696777,98.22129346317297,120.45,0.0
2025-09-24T07:00Z,62961.21519470215,97.85956206066555,107.0,0.0
2025-09-24T08:00Z,63182.19072723389,97.07137775031268,85.54,0.0
2025-09-24T09:00Z,63002.04295349121,89.12174847060206,70.09,0.0
2025-09-24T10:00Z,62476.14949798584,87.8605134487122,27.1,0.0
2025-09-24T11:00Z,60911.75371551514,19.979914529914527,10.66,0.0
2025-09-24T12:00Z,60040.68727874756,0.0,9.9,0.0
2025-09-24T13:00Z,60074.49044036865,-5.0,15.0,0.0
2025-09-24T14:00Z,59671.24799346924,-5.0,66.1,0.0
2025-09-24T15:00Z,60812.19951629639,19.979914529914524,85.69,0.0
2025-09-24T16:00Z,62017.376808166504,20.437413077687253,113.08,0.0
2025-09-24T17:00Z,62631.4747467041,35.9309,115.93,0.0
2025-09-24T18:00Z,60711.46996307373,20.174743021012397,113.95,0.0
2025-09-24T19:00Z,56855.914207458496,19.979914529914524,91.29,0.0
2025-09-24T20:00Z,52449.36653137207,-5.0,85.5,0.0
2025-09-24T21:00Z,48625.06049346924,-5.0,69.68,0.0
2025-09-24T22:00Z,46126.04048156738,-5.0,73.3,0.0
2025-09-24T23:00Z,44324.74076080322,-5.0,69.69,0.0
2025-09-25T00:00Z,43376.46925354004,-5.0,67.81,0.0
2025-09-25T01:00Z,43399.007736206055,-5.0,68.09,0.0
2025-09-25T02:00Z,45207.11634063721,-5.0,71.69,0.0
2025-09-25T03:00Z,48732.447998046875,0.0,77.33,0.0
2025-09-25T04:00Z,56895.05579376221,20.21801336529556,108.55,0.0
2025-09-25T05:00Z,62405.72171783447,81.67000276243094,124.26,0.0
2025-09-25T06:00Z,64874.96583557129,81.86080139670645,124.99,0.0
2025-09-25T07:00Z,65181.29161071777,87.8605134487122,104.88,0.0
2025-09-25T08:00Z,65698.69899749756,81.86080139670645,77.95,0.0
2025-09-25T09:00Z,65426.82201385498,19.979914529914527,69.24,0.0
2025-09-25T10:00Z,64895.14227294922,20.21801336529556,38.18,0.0
2025-09-25T11:00Z,64356.99552154541,0.0,16.03,0.0
2025-09-25T12:00Z,62883.65572357178,-5.0,20.1,0.0
2025-09-25T13:00Z,61984.85178375244,-5.0,43.66,0.0
2025-09-25T14:00Z,62298.9333190918,-5.0,75.0,0.0
2025-09-25T15:00Z,62962.84282684326,20.179071574532003,88.79,0.0
2025-09-25T16:00Z,63178.42626953125,87.8605134487122,117.04,0.0
2025-09-25T17:00Z,64170.94660949707,96.27261728008675,121.47,0.0
2025-09-25T18:00Z,61364.14949798584,87.8605134487122,123.75,0.0
2025-09-25T19:00Z,57850.038497924805,81.86080139670645,105.83,0.0
2025-09-25T20:00Z,53953.92256164551,35.9309,94.77,0.0
2025-09-25T21:00Z,50105.301277160645,35.93089999999999,81.09,0.0
2025-09-25T22:00Z,46766.20975494385,35.930899999999994,78.48,0.0
2025-09-25T23:00Z,44666.24354553223,20.21801336529556,75.0,0.0
2025-09-26T00:00Z,43670.42345428467,21.324754617468464,73.17,0.0
2025-09-26T01:00Z,43728.80702209473,35.9309,73.18,0.0
2025-09-26T02:00Z,44796.113540649414,81.86080139670645,74.93,0.0
2025-09-26T03:00Z,48746.631774902344,89.71074390243903,82.0,0.0
2025-09-26T04:00Z,57068.009994506836,97.07137775031268,107.74,0.0
2025-09-26T05:00Z,61872.348777770996,97.85956206066555,120.33,0.0
2025-09-26T06:00Z,64570.80226135254,98.22129346317297,123.56,0.0
2025-09-26T07:00Z,65637.02424621582,98.22129346317297,110.41,0.0
2025-09-26T08:00Z,66603.23956298828,97.07137775031268,89.84,0.0
2025-09-26T09:00Z,66657.7477722168,96.27261728008675,85.36,0.0
2025-09-26T10:00Z,65140.26770019531,97.07137775031268,78.96,0.0
2025-09-26T11:00Z,63870.51076507568,96.27261728008675,73.16,0.0
2025-09-26T12:00Z,61130.75257110596,87.8605134487122,75.05,0.0
2025-09-26T13:00Z,61282.0760345459,87.8605134487122,79.99,0.0
2025-09-26T14:00Z,60566.367500305176,87.8605134487122,98.81,0.0
2025-09-26T15:00Z,60441.24927520752,96.27261728008675,109.8,0.0
2025-09-26T16:00Z,60915.814056396484,97.07137775031268,123.65,0.0
2025-09-26T17:00Z,61865.894470214844,97.07137775031268,133.02,0.0
2025-09-26T18:00Z,59157.61658477783,96.27261728008675,119.61,0.0
2025-09-26T19:00Z,55492.36129760742,96.27261728008675,106.21,0.0
2025-09-26T20:00Z,51435.7229385376,89.71074390243903,96.9,0.0
2025-09-26T21:00Z,47410.05358123779,87.8605134487122,89.9,0.0
2025-09-26T22:00Z,44083.3074798584,87.8605134487122,84.99,0.0
2025-09-26T23:00Z,42048.810302734375,81.86080139670645,83.26,0.0
2025-09-27T00:00Z,40582.73825836182,81.86080139670645,82.7,0.0
2025-09-27T01:00Z,40461.67575836182,87.8605134487122,82.51,0.0
2025-09-27T02:00Z,40212.93901824951,87.8605134487122,85.28,0.0
2025-09-27T03:00Z,40842.06032562256,87.8605134487122,89.19,0.0
2025-09-27T04:00Z,43296.7866897583,96.27261728008675,90.57,0.0
2025-09-27T05:00Z,45657.71879577637,96.27261728008675,105.45,0.0
2025-09-27T06:00Z,48954.43332672119,97.07137775031268,109.71,0.0
2025-09-27T07:00Z,50222.75302886963,97.07137775031268,96.92,0.0
2025-09-27T08:00Z,51839.89735412598,97.07137775031268,87.86,0.0
2025-09-27T09:00Z,52493.4684753418,96.27261728008675,75.0,0.0
2025-09-27T10:00Z,51447.21991729736,97.07137775031268,59.77,0.0
2025-09-27T11:00Z,49586.96976470947,96.27261728008675,36.11,0.0
2025-09-27T12:00Z,48259.447761535645,96.27261728008675,48.54,0.0
2025-09-27T13:00Z,48706.09108734131,96.27261728008675,78.22,0.0
2025-09-27T14:00Z,49185.63722991943,97.07137775031268,93.1,0.0
2025-09-27T15:00Z,50614.41633605957,98.22129346317297,112.01,0.0
2025-09-27T16:00Z,52084.31509399414,99.27364890966956,133.35,0.0
2025-09-27T17:00Z,53417.7174911499,100.61690625,148.61,0.0
2025-09-27T18:00Z,50950.16377258301,99.27364890966956,122.53,0.0
2025-09-27T19:00Z,47757.69876098633,98.22129346317297,114.4,0.0
2025-09-27T20:00Z,45304.02323913574,98.22129346317297,107.56,0.0
2025-09-27T21:00Z,42448.9810256958,98.22129346317297,99.54,0.0
2025-09-27T22:00Z,39802.29051208496,97.85956206066555,97.56,0.0
2025-09-27T23:00Z,37680.927642822266,97.85956206066555,95.31,0.0
2025-09-28T00:00Z,36183.53201293945,97.85956206066555,94.32,0.0
2025-09-28T01:00Z,35598.54795074463,97.85956206066555,91.47,0.0
2025-09-28T02:00Z,35839.9114151001,97.85956206066555,97.77,0.0
2025-09-28T03:00Z,36439.9313583374,97.85956206066555,97.58,0.0
2025-09-28T04:00Z,37740.622230529785,98.22129346317297,100.91,0.0
2025-09-28T05:00Z,39580.89171600342,98.22129346317297,105.79,0.0
2025-09-28T06:00Z,42861.981269836426,99.27364890966956,98.77,0.0
2025-09-28T07:00Z,45739.99475097656,99.27364890966956,95.04,0.0
2025-09-28T08:00Z,47213.22048950195,98.22129346317297,82.08,0.0
2025-09-28T09:00Z,49059.29699707031,97.85956206066555,37.47,0.0
2025-09-28T10:00Z,48325.40001678467,97.07137775031268,17.11,0.0
2025-09-28T11:00Z,45844.43522644043,96.27261728008675,8.53,0.0
2025-09-28T12:00Z,44415.09331512451,96.27261728008675,13.0,0.0
2025-09-28T13:00Z,43709.40921783447,96.27261728008675,61.33,0.0
2025-09-28T14:00Z,43816.78598022461,97.07137775031268,86.0,0.0
2025-09-28T15:00Z,46223.2555847168,97.85956206066555,105.89,0.0
2025-09-28T16:00Z,49105.34811401367,99.27364890966956,131.02,0.0
2025-09-28T17:00Z,51121.488204956055,100.61690625,137.97,0.0
2025-09-28T18:00Z,50445.659980773926,99.27364890966956,125.93,0.0
2025-09-28T19:00Z,48001.80869293213,98.22129346317297,113.51,0.0
2025-09-28T20:00Z,46086.30648803711,98.22129346317297,102.29,0.0
2025-09-28T21:00Z,43249.84571838379,97.85956206066555,95.74,0.0
2025-09-28T22:00Z,40746.38627624512,97.07137775031268,90.95,0.0
2025-09-28T23:00Z,39497.92000579834,97.85956206066555,88.76,0.0
2025-09-29T00:00Z,38812.99466705322,97.85956206066555,87.88,0.0
2025-09-29T01:00Z,39038.89884185791,98.22129346317297,87.94,0.0
2025-09-29T02:00Z,40529.30958557129,98.22129346317297,88.31,0.0
2025-09-29T03:00Z,44813.13372039795,100.61690625,98.37,0.0
2025-09-29T04:00Z,53435.07233428955,110.70326512405268,134.98,0.0
2025-09-29T05:00Z,58644.003967285156,110.70326512405268,222.1,0.0
2025-09-29T06:00Z,61909.04178619385,113.63949367666063,166.91,0.0
2025-09-29T07:00Z,62722.590759277344,110.70326512405268,122.06,0.0
2025-09-29T08:00Z,63106.919982910156,110.70326512405268,90.21,0.0
2025-09-29T09:00Z,62800.493560791016,107.14837644051812,84.95,0.0
2025-09-29T10:00Z,61935.89725494385,100.66654331474969,78.71,0.0
2025-09-29T11:00Z,59305.9150390625,98.22129346317297,77.08,0.0
2025-09-29T12:00Z,57524.17752838135,98.22129346317297,83.33,0.0
2025-09-29T13:00Z,57178.48377227783,98.22129346317297,87.4,0.0
2025-09-29T14:00Z,56944.5259475708,100.61690625,99.98,0.0
2025-09-29T15:00Z,58574.06572723389,110.70326512405268,140.79,0.0
2025-09-29T16:00Z,60130.63676452637,110.70326512405268,302.65,0.0
2025-09-29T17:00Z,61413.73352050781,110.70326512405268,406.78,0.0
2025-09-29T18:00Z,58775.38047027588,110.70326512405268,167.6,0.0
2025-09-29T19:00Z,54702.73847198486,110.70326512405268,123.85,0.0
2025-09-29T20:00Z,50513.75346374512,100.66654331474969,108.3,0.0
2025-09-29T21:00Z,47398.1732711792,99.27364890966956,93.68,0.0
2025-09-29T22:00Z,44499.08772277832,99.27364890966956,101.1,0.0
2025-09-29T23:00Z,42742.30421447754,98.22129346317297,98.43,0.0
2025-09-30T00:00Z,41717.170066833496,98.22129346317297,98.93,0.0
2025-09-30T01:00Z,41892.15550994873,98.22129346317297,94.99,0.0
2025-09-30T02:00Z,43425.82474517822,100.61690625,99.12,0.0
2025-09-30T03:00Z,47138.55124664307,100.66654331474969,112.08,0.0
2025-09-30T04:00Z,55194.7565536499,110.70326512405268,141.86,0.0
2025-09-30T05:00Z,59913.69892120361,110.70326512405268,244.0,0.0
2025-09-30T06:00Z,62253.83177947998,113.63949367666063,209.23,0.0
2025-09-30T07:00Z,62989.27249908447,110.70326512405268,141.85,0.0
2025-09-30T08:00Z,63808.738204956055,110.70326512405268,115.2,0.0
2025-09-30T09:00Z,63729.586990356445,108.10109259259258,96.72,0.0
2025-09-30T10:00Z,62491.22367858887,100.66654331474969,87.91,0.0
2025-09-30T11:00Z,60326.82279968262,98.22129346317297,86.04,0.0
2025-09-30T12:00Z,59028.01655578613,98.22129346317297,87.26,0.0
2025-09-30T13:00Z,57357.66101837158,98.22129346317297,96.8,0.0
2025-09-30T14:00Z,57283.94319152832,99.27364890966956,104.03,0.0
2025-09-30T15:00Z,58532.7130279541,100.66654331474969,142.64,0.0
2025-09-30T16:00Z,59453.659675598145,110.70326512405268,294.54,0.0
2025-09-30T17:00Z,60653.11604309082,110.70326512405268,357.77,0.0
2025-09-30T18:00Z,58579.8737411499,110.70326512405268,147.28,0.0
2025-09-30T19:00Z,55147.74383544922,100.66654331474969,116.04,0.0
2025-09-30T20:00Z,50793.01774597168,98.22129346317297,101.63,0.0
2025-09-30T21:00Z,47215.167976379395,98.22129346317297,92.54,0.0
2025-09-30T22:00Z,44578.44093322754,98.22129346317297,91.565,0.0
2025-09-30T23:00Z,42411.44142150879,97.85956206066555,86.285,0.0
2025-10-01T00:00Z,41397.58169555664,97.85956206066555,84.8725,0.0
2025-10-01T01:00Z,41676.21128845215,98.22129346317297,88.325,0.0
2025-10-01T02:00Z,43128.82300567627,98.22129346317297,87.655,0.0
2025-10-01T03:00Z,47521.53401184082,100.61690625,95.3275,0.0
2025-10-01T04:00Z,55588.180000305176,110.70326512405268,124.96,0.0
2025-10-01T05:00Z,60291.11418914795,110.70326512405268,173.29999999999998,0.0
2025-10-01T06:00Z,62395.464988708496,110.70326512405268,139.0875,0.0
2025-10-01T07:00Z,63105.33925628662,110.70326512405268,105.25,0.0
2025-10-01T08:00Z,62284.08753204346,100.66654331474969,86.035,0.0
2025-10-01T09:00Z,60947.17973327637,99.27364890966956,70.5675,0.0
2025-10-01T10:00Z,59528.36054229736,98.22129346317297,66.025,0.0
2025-10-01T11:00Z,57654.5379486084,97.07137775031268,68.4,0.0
2025-10-01T12:00Z,55617.47627258301,97.85956206066555,72.6275,0.0
2025-10-01T13:00Z,55530.08980560303,98.22129346317297,81.7225,0.0
2025-10-01T14:00Z,56640.151847839355,100.61690625,92.87,0.0
2025-10-01T15:00Z,57664.38562774658,110.70326512405268,135.4,0.0
2025-10-01T16:00Z,59649.78371429443,110.70326512405268,253.2375,0.0
2025-10-01T17:00Z,60894.05097961426,113.63949367666063,339.9925,0.0
2025-10-01T18:00Z,58608.78532409668,110.70326512405268,152.0225,0.0
2025-10-01T19:00Z,55078.60127258301,110.70326512405268,113.035,0.0
2025-10-01T20:00Z,51274.437492370605,100.61690625,98.51,0.0
2025-10-01T21:00Z,47685.21517944336,98.22129346317297,90.6475,0.0
2025-10-01T22:00Z,45244.925537109375,97.85956206066555,90.805,0.0
2025-10-01T23:00Z,43503.741271972656,98.22129346317297,88.0,0.0
2025-10-02T00:00Z,42875.344009399414,98.22129346317297,86.52499999999999,0.0
2025-10-02T01:00Z,43191.06502532959,98.22129346317297,88.56,0.0
2025-10-02T02:00Z,44506.69805145264,98.22129346317297,90.8075,0.0
2025-10-02T03:00Z,48419.692039489746,100.61690625,95.9725,0.0
2025-10-02T04:00Z,56001.60746002197,110.70326512405268,128.72,0.0
2025-10-02T05:00Z,60946.957023620605,110.70326512405268,181.0875,0.0
2025-10-02T06:00Z,63015.836013793945,110.70326512405268,136.67749999999998,0.0
2025-10-02T07:00Z,63175.61477661133,110.70326512405268,100.505,0.0
2025-10-02T08:00Z,61998.65224456787,100.66654331474969,91.48,0.0
2025-10-02T09:00Z,61366.70198059082,98.22129346317297,78.285,0.0
2025-10-02T10:00Z,58448.414001464844,97.85956206066555,65.77,0.0
2025-10-02T11:00Z,56422.80970001221,96.27261728008675,60.5,0.0
2025-10-02T12:00Z,55296.93865966797,96.27261728008675,71.28999999999999,0.0
2025-10-02T13:00Z,55104.037284851074,97.85956206066555,80.6625,0.0
2025-10-02T14:00Z,55007.41342163086,98.22129346317297,91.445,0.0
2025-10-02T15:00Z,56313.58226776123,100.61690625,113.32,0.0
2025-10-02T16:00Z,57840.06358337402,110.70326512405268,167.925,0.0
2025-10-02T17:00Z,59270.18147277832,110.70326512405268,176.8375,0.0
2025-10-02T18:00Z,56452.41807556152,100.66654331474969,109.92,0.0
2025-10-02T19:00Z,53230.45469665527,99.27364890966956,90.855,0.0
2025-10-02T20:00Z,49493.132751464844,97.85956206066555,96.6575,0.0
2025-10-02T21:00Z,45689.74701690674,97.07137775031268,82.0925,0.0
2025-10-02T22:00Z,42996.64016723633,96.27261728008675,85.9325,0.0
2025-10-02T23:00Z,41674.880027770996,96.27261728008675,77.14,0.0
2025-10-03T00:00Z,40598.40548706055,94.87131662251792,71.75,0.0
2025-10-03T01:00Z,40005.92431640625,94.87131662251792,73.9075,0.0
2025-10-03T02:00Z,40258.18048095703,94.87131662251792,76.2875,0.0
2025-10-03T03:00Z,40919.22677612305,96.27261728008675,77.98,0.0
2025-10-03T04:00Z,41827.97272491455,96.27261728008675,93.78,0.0
2025-10-03T05:00Z,42990.383964538574,96.27261728008675,100.4175,0.0
2025-10-03T06:00Z,45385.65724945068,96.27261728008675,103.68,0.0
2025-10-03T07:00Z,48471.939628601074,94.87131662251792,83.9025,0.0
2025-10-03T08:00Z,49849.2321395874,81.86080139670645,59.9975,0.0
2025-10-03T09:00Z,50914.71725463867,35.9309,40.5025,0.0
2025-10-03T10:00Z,50391.321685791016,21.324754617468464,26.3525,0.0
2025-10-03T11:00Z,48538.64946746826,19.979914529914524,16.5025,0.0
2025-10-03T12:00Z,46467.734298706055,-5.0,26.2025,0.0
2025-10-03T13:00Z,46102.89820098877,-5.0,49.8825,0.0
2025-10-03T14:00Z,46645.944999694824,0.0,63.3925,0.0
2025-10-03T15:00Z,48198.37697601318,19.979914529914527,89.9,0.0
2025-10-03T16:00Z,50791.01943206787,81.67000276243094,120.75999999999999,0.0
2025-10-03T17:00Z,53283.51554107666,87.8605134487122,109.00999999999999,0.0
2025-10-03T18:00Z,51626.72481536865,21.324754617468464,75.03999999999999,0.0
2025-10-03T19:00Z,49497.97151184082,0.0,43.4425,0.0
2025-10-03T20:00Z,47868.41502380371,-5.0,25.4025,0.0
2025-10-03T21:00Z,45142.35093688965,-5.0,11.1075,0.0
2025-10-03T22:00Z,42893.94428253174,-5.0,0.7250000000000001,0.0
2025-10-03T23:00Z,40909.92546081543,-5.0,-0.01,0.0
2025-10-04T00:00Z,39896.149978637695,-5.0,-0.0425,0.0
2025-10-04T01:00Z,40181.48129272461,-5.0,-0.0975,0.0
2025-10-04T02:00Z,41303.46250152588,-5.0,-1.1275,0.0
2025-10-04T03:00Z,42552.06354522705,-5.0,-1.905,0.0
2025-10-04T04:00Z,45065.43176269531,-5.0,-1.915,0.0
2025-10-04T05:00Z,47617.667709350586,-5.0,-0.775,0.0
2025-10-04T06:00Z,50558.23001098633,-5.0,-0.3,0.0
2025-10-04T07:00Z,53301.10556793213,-5.0,-0.1625,0.0
2025-10-04T08:00Z,55441.97787475586,-5.0,-0.09000000000000001,0.0
2025-10-04T09:00Z,56357.29231262207,-5.0,-0.0975,0.0
2025-10-04T10:00Z,55157.2752532959,-5.0,-0.08,0.0
2025-10-04T11:00Z,53023.586250305176,-5.0,-0.44,0.0
2025-10-04T12:00Z,52067.08388519287,-5.0,-2.045,0.0
2025-10-04T13:00Z,52039.91622924805,-5.0,-2.605,0.0
2025-10-04T14:00Z,52184.523292541504,-5.0,-0.095,0.0
2025-10-04T15:00Z,53572.30906677246,-5.0,-0.09250000000000003,0.0
2025-10-04T16:00Z,55512.947257995605,-5.0,1.105,0.0
2025-10-04T17:00Z,56079.136474609375,-5.0,3.23,0.0
2025-10-04T18:00Z,53092.18300628662,-5.0,0.3225,0.0
2025-10-04T19:00Z,50179.4914932251,-5.0,-0.09499999999999999,0.0
2025-10-04T20:00Z,47749.593505859375,-5.0,-0.0525,0.0
2025-10-04T21:00Z,44913.67594909668,-5.0,-0.3425,0.0
2025-10-04T22:00Z,42486.00094604492,-5.0,-0.7474999999999999,0.0
2025-10-04T23:00Z,40860.24329376221,-5.0,-1.4024999999999999,0.0
2025-10-05T00:00Z,39955.43051147461,-5.0,-4.19,0.0
2025-10-05T01:00Z,39481.39025878906,-5.0,-4.3775,0.0
2025-10-05T02:00Z,39961.23122406006,-5.0,-4.98,0.0
2025-10-05T03:00Z,40270.67126464844,-5.0,-4.4575,0.0
2025-10-05T04:00Z,41581.68077087402,-5.0,-3.76,0.0
2025-10-05T05:00Z,43112.79655456543,-5.0,-1.505,0.0
2025-10-05T06:00Z,45607.81058502197,-5.0,-0.0875,0.0
2025-10-05T07:00Z,48680.06071472168,-5.0,-1.3925,0.0
2025-10-05T08:00Z,51210.04621887207,-5.0,-3.33,0.0
2025-10-05T09:00Z,53879.061782836914,-5.0,-2.0175,0.0
2025-10-05T10:00Z,53215.7837600708,-5.0,-3.415,0.0
2025-10-05T11:00Z,51481.51649475098,-5.0,-3.3875,0.0
2025-10-05T12:00Z,49832.8570022583,-5.0,-2.9425,0.0
2025-10-05T13:00Z,48508.635261535645,-5.0,-2.3925,0.0
2025-10-05T14:00Z,48799.21996307373,-5.0,-0.6875,0.0
2025-10-05T15:00Z,51863.247230529785,-5.0,0.8525,0.0
2025-10-05T16:00Z,54724.51609039307,-5.0,16.0825,0.0
2025-10-05T17:00Z,55140.9792098999,-5.0,35.0475,0.0
2025-10-05T18:00Z,52736.95774078369,-5.0,19.83,0.0
2025-10-05T19:00Z,50499.48781585693,-5.0,5.4775,0.0
2025-10-05T20:00Z,49815.66947937012,-5.0,5.202500000000001,0.0
2025-10-05T21:00Z,47568.49645233154,-5.0,4.075,0.0
2025-10-05T22:00Z,44061.43173980713,-5.0,20.845,0.0
2025-10-05T23:00Z,43020.93537902832,-5.0,10.0475,0.0
2025-10-06T00:00Z,42431.47100067139,-5.0,9.1025,0.0
2025-10-06T01:00Z,42668.582260131836,-5.0,10.7325,0.0
2025-10-06T02:00Z,44315.34275817871,-5.0,16.8,0.0
2025-10-06T03:00Z,48621.36149597168,-5.0,22.6025,0.0
2025-10-06T04:00Z,57432.74422454834,-5.0,68.585,0.0
2025-10-06T05:00Z,63472.66540527344,19.979914529914527,105.0525,0.0
2025-10-06T06:00Z,65948.30578613281,35.9309,121.7675,0.0
2025-10-06T07:00Z,66693.73376464844,81.86080139670645,121.11749999999999,0.0
2025-10-06T08:00Z,66750.4732208252,87.8605134487122,100.5275,0.0
2025-10-06T09:00Z,67067.39347839355,35.930899999999994,89.3025,0.0
2025-10-06T10:00Z,66679.9400177002,35.93089999999999,87.325,0.0
2025-10-06T11:00Z,66700.62348937988,20.174743021012397,84.5975,0.0
2025-10-06T12:00Z,64814.67094421387,35.930899999999994,92.3275,0.0
2025-10-06T13:00Z,63638.43396759033,81.86080139670645,94.5475,0.0
2025-10-06T14:00Z,62413.90148162842,94.87131662251792,104.77250000000001,0.0
2025-10-06T15:00Z,62331.92275238037,97.85956206066555,120.29,0.0
2025-10-06T16:00Z,62745.029235839844,99.27364890966956,141.5875,0.0
2025-10-06T17:00Z,63284.72791290283,100.66654331474969,168.315,0.0
2025-10-06T18:00Z,59915.4162902832,100.66654331474969,133.6775,0.0
2025-10-06T19:00Z,55968.66898345947,100.61690625,120.2025,0.0
2025-10-06T20:00Z,52220.797691345215,99.27364890966956,118.66499999999999,0.0
2025-10-06T21:00Z,48258.543769836426,98.22129346317297,105.5,0.0
2025-10-06T22:00Z,45180.37156677246,98.22129346317297,100.2625,0.0
2025-10-06T23:00Z,43439.85994720459,98.22129346317297,93.9875,0.0
2025-10-07T00:00Z,42618.13368225098,98.22129346317297,89.8175,0.0
2025-10-07T01:00Z,42542.57704162598,98.22129346317297,89.55,0.0
2025-10-07T02:00Z,44159.09800720215,99.27364890966956,92.975,0.0
2025-10-07T03:00Z,47785.07475280762,100.61690625,96.74,0.0
2025-10-07T04:00Z,55637.6618270874,110.70326512405268,134.885,0.0
2025-10-07T05:00Z,60843.252044677734,110.70326512405268,228.555,0.0
2025-10-07T06:00Z,63209.27127838135,113.63949367666063,287.67,0.0
2025-10-07T07:00Z,63741.187019348145,113.63949367666063,212.1825,0.0
2025-10-07T08:00Z,64553.207038879395,110.70326512405268,154.66,0.0
2025-10-07T09:00Z,65383.120429992676,110.70326512405268,129.9075,0.0
2025-10-07T10:00Z,64076.30640411377,110.70326512405268,110.94,0.0
2025-10-07T11:00Z,63395.76392364502,108.10109259259258,106.1825,0.0
2025-10-07T12:00Z,61402.62554168701,100.66654331474969,105.35249999999999,0.0
2025-10-07T13:00Z,60755.06396484375,100.66654331474969,113.16,0.0
2025-10-07T14:00Z,60162.82646942139,100.66654331474969,122.105,0.0
2025-10-07T15:00Z,61287.77377319336,110.70326512405268,151.84,0.0
2025-10-07T16:00Z,62519.6907043457,110.70326512405268,202.41750000000002,0.0
2025-10-07T17:00Z,63344.64405822754,110.70326512405268,213.28,0.0
2025-10-07T18:00Z,60266.362701416016,110.70326512405268,146.34,0.0
2025-10-07T19:00Z,56316.93827056885,100.61690625,123.2425,0.0
2025-10-07T20:00Z,52808.46968078613,99.27364890966956,107.4225,0.0
2025-10-07T21:00Z,49106.26752471924,98.22129346317297,97.4825,0.0
2025-10-07T22:00Z,45964.471183776855,97.85956206066555,93.4525,0.0
2025-10-07T23:00Z,44255.64553833008,97.85956206066555,88.4375,0.0
2025-10-08T00:00Z,43388.67177581787,97.85956206066555,87.56,0.0
2025-10-08T01:00Z,43420.029945373535,97.85956206066555,86.975,0.0
2025-10-08T02:00Z,44730.52569580078,98.22129346317297,89.6725,0.0
2025-10-08T03:00Z,48915.56001281738,99.27364890966956,97.395,0.0
2025-10-08T04:00Z,56765.5537109375,110.46474242424243,117.10749999999999,0.0
2025-10-08T05:00Z,61877.90808868408,110.70326512405268,155.58,0.0
2025-10-08T06:00Z,64150.11455535889,110.70326512405268,166.395,0.0
2025-10-08T07:00Z,64134.71733856201,110.70326512405268,135.17499999999998,0.0
2025-10-08T08:00Z,64248.38720703125,110.70326512405268,118.44500000000001,0.0
2025-10-08T09:00Z,64228.81926727295,110.70326512405268,103.325,0.0
2025-10-08T10:00Z,63441.440742492676,110.70326512405268,90.82249999999999,0.0
2025-10-08T11:00Z,62288.8860168457,110.70326512405268,89.33500000000001,0.0
2025-10-08T12:00Z,60722.585037231445,107.14837644051812,90.4425,0.0
2025-10-08T13:00Z,59747.32579803467,107.14837644051812,99.4275,0.0
2025-10-08T14:00Z,58983.75991821289,110.70326512405268,117.465,0.0
2025-10-08T15:00Z,60190.380226135254,110.70326512405268,149.48000000000002,0.0
2025-10-08T16:00Z,61809.298278808594,110.70326512405268,183.8075,0.0
2025-10-08T17:00Z,62170.17678070068,113.63949367666063,199.0025,0.0
2025-10-08T18:00Z,58873.57221221924,110.70326512405268,141.695,0.0
2025-10-08T19:00Z,55193.66347503662,110.70326512405268,114.74,0.0
2025-10-08T20:00Z,51498.14210510254,107.14837644051812,108.24000000000001,0.0
2025-10-08T21:00Z,47788.32405090332,100.61690625,97.83250000000001,0.0
2025-10-08T22:00Z,44851.29676055908,99.27364890966956,97.215,0.0
2025-10-08T23:00Z,42853.21569061279,98.22129346317297,92.5825,0.0
2025-10-09T00:00Z,42122.14402008057,98.22129346317297,93.2625,0.0
2025-10-09T01:00Z,42457.99703216553,99.27364890966956,90.8175,0.0
2025-10-09T02:00Z,44307.19401550293,99.27364890966956,92.7,0.0
2025-10-09T03:00Z,48263.70555114746,100.61690625,101.1525,0.0
2025-10-09T04:00Z,56282.227310180664,110.70326512405268,125.58,0.0
2025-10-09T05:00Z,61788.015228271484,110.70326512405268,145.0,0.0
2025-10-09T06:00Z,64157.27191925049,113.63949367666063,149.9,0.0
2025-10-09T07:00Z,64612.886711120605,110.70326512405268,132.4875,0.0
2025-10-09T08:00Z,65712.83501434326,110.70326512405268,109.6875,0.0
2025-10-09T09:00Z,66052.26195526123,110.70326512405268,96.9625,0.0
2025-10-09T10:00Z,65141.46130371094,100.66654331474969,91.02250000000001,0.0
2025-10-09T11:00Z,64459.23474884033,98.22129346317297,83.3525,0.0
2025-10-09T12:00Z,62801.60171508789,97.85956206066555,83.2,0.0
2025-10-09T13:00Z,61923.20331573486,97.85956206066555,88.8275,0.0
2025-10-09T14:00Z,61486.89542388916,98.22129346317297,92.075,0.0
2025-10-09T15:00Z,62962.25759124756,98.22129346317297,110.00999999999999,0.0
2025-10-09T16:00Z,64883.35227203369,100.61690625,122.9075,0.0
2025-10-09T17:00Z,65515.196281433105,100.61690625,123.1125,0.0
2025-10-09T18:00Z,62399.47240447998,98.22129346317297,112.3625,0.0
2025-10-09T19:00Z,58863.99726867676,97.07137775031268,98.0925,0.0
2025-10-09T20:00Z,54489.841636657715,96.27261728008675,96.83250000000001,0.0
2025-10-09T21:00Z,50860.143226623535,87.8605134487122,88.7,0.0
2025-10-09T22:00Z,47892.25676727295,87.8605134487122,88.01,0.0
2025-10-09T23:00Z,46160.25858306885,35.9309,84.9675,0.0
2025-10-10T00:00Z,45080.77126312256,35.930899999999994,80.0875,0.0
2025-10-10T01:00Z,45410.7818069458,35.930899999999994,78.285,0.0
2025-10-10T02:00Z,46762.57970428467,35.9309,79.21000000000001,0.0
2025-10-10T03:00Z,50191.931800842285,87.8605134487122,86.0725,0.0
2025-10-10T04:00Z,58804.74645996094,97.07137775031268,102.6375,0.0
2025-10-10T05:00Z,64246.31491851807,97.85956206066555,119.325,0.0
2025-10-10T06:00Z,66897.18325805664,98.22129346317297,122.6125,0.0
2025-10-10T07:00Z,67224.80674743652,97.85956206066555,107.765,0.0
2025-10-10T08:00Z,67212.48323822021,97.07137775031268,93.0075,0.0
2025-10-10T09:00Z,67206.20023345947,96.27261728008675,82.1175,0.0
2025-10-10T10:00Z,65937.07922363281,97.07137775031268,77.5325,0.0
2025-10-10T11:00Z,64694.34983062744,97.07137775031268,75.69,0.0
2025-10-10T12:00Z,62807.99474334717,96.27261728008675,77.2575,0.0
2025-10-10T13:00Z,61906.31147003174,96.27261728008675,88.89500000000001,0.0
2025-10-10T14:00Z,61535.08173370361,96.27261728008675,97.8575,0.0
2025-10-10T15:00Z,62240.89245605469,97.07137775031268,118.2,0.0
2025-10-10T16:00Z,63255.987297058105,97.85956206066555,120.605,0.0
2025-10-10T17:00Z,63426.07972717285,98.22129346317297,123.29,0.0
2025-10-10T18:00Z,60436.71650695801,97.85956206066555,115.38999999999999,0.0
2025-10-10T19:00Z,56634.82367706299,96.27261728008675,103.915,0.0
2025-10-10T20:00Z,52905.91793823242,96.27261728008675,97.7375,0.0
2025-10-10T21:00Z,49208.47554779053,87.8605134487122,93.35,0.0
2025-10-10T22:00Z,45930.015800476074,96.27261728008675,92.9675,0.0
2025-10-10T23:00Z,44281.77777862549,89.71074390243903,88.83500000000001,0.0
2025-10-11T00:00Z,42808.43744659424,87.8605134487122,87.3875,0.0
2025-10-11T01:00Z,42938.70302581787,87.8605134487122,84.175,0.0
2025-10-11T02:00Z,43306.03820037842,87.8605134487122,82.0275,0.0
2025-10-11T03:00Z,44020.64980316162,89.12174847060206,84.755,0.0
2025-10-11T04:00Z,46042.04691314697,96.27261728008675,90.265,0.0
2025-10-11T05:00Z,48818.40788269043,96.27261728008675,96.7525,0.0
2025-10-11T06:00Z,51071.28219604492,97.07137775031268,100.4,0.0
2025-10-11T07:00Z,53762.369453430176,97.07137775031268,92.96,0.0
2025-10-11T08:00Z,54708.599266052246,96.27261728008675,82.4325,0.0
2025-10-11T09:00Z,55197.247703552246,87.8605134487122,74.02,0.0
2025-10-11T10:00Z,55012.11348724365,96.27261728008675,55.417500000000004,0.0
2025-10-11T11:00Z,53254.88996887207,94.87131662251792,46.7725,0.0
2025-10-11T12:00Z,51887.11420440674,89.12174847060206,51.03,0.0
2025-10-11T13:00Z,51228.762840270996,92.54273178553254,76.9425,0.0
2025-10-11T14:00Z,51122.78628540039,96.27261728008675,83.65,0.0
2025-10-11T15:00Z,53005.167961120605,97.85956206066555,114.005,0.0
2025-10-11T16:00Z,54912.34344482422,99.27364890966956,126.4375,0.0
2025-10-11T17:00Z,54973.21327972412,100.61690625,130.1725,0.0
2025-10-11T18:00Z,51960.52752685547,99.27364890966956,120.63499999999999,0.0
2025-10-11T19:00Z,49492.67573547363,98.22129346317297,112.545,0.0
2025-10-11T20:00Z,47252.73645782471,98.22129346317297,106.9075,0.0
2025-10-11T21:00Z,44225.294998168945,97.85956206066555,95.0975,0.0
2025-10-11T22:00Z,41520.283599853516,97.85956206066555,96.1775,0.0
2025-10-11T23:00Z,39633.48445892334,97.07137775031268,92.16749999999999,0.0
2025-10-12T00:00Z,38633.526542663574,97.07137775031268,88.86,0.0
2025-10-12T01:00Z,38174.3415222168,96.27261728008675,85.13,0.0
2025-10-12T02:00Z,38535.29653930664,96.27261728008675,86.4125,0.0
2025-10-12T03:00Z,39041.65702819824,96.27261728008675,86.6575,0.0
2025-10-12T04:00Z,40188.86029815674,96.27261728008675,88.3,0.0
2025-10-12T05:00Z,42241.70372009277,96.27261728008675,89.1725,0.0
2025-10-12T06:00Z,44724.88047790527,96.27261728008675,88.66,0.0
2025-10-12T07:00Z,47583.28870391846,96.27261728008675,83.0625,0.0
2025-10-12T08:00Z,48949.27054595947,94.87131662251792,76.205,0.0
2025-10-12T09:00Z,50727.98528289795,81.86080139670645,71.9,0.0
2025-10-12T10:00Z,50918.28356933594,96.27261728008675,66.8875,0.0
2025-10-12T11:00Z,49160.29421234131,87.8605134487122,52.16,0.0
2025-10-12T12:00Z,47375.4817199707,87.8605134487122,62.475,0.0
2025-10-12T13:00Z,46391.767990112305,87.8605134487122,79.985,0.0
2025-10-12T14:00Z,46848.186347961426,96.27261728008675,88.0025,0.0
2025-10-12T15:00Z,49670.45026397705,97.07137775031268,105.55,0.0
2025-10-12T16:00Z,52479.461975097656,99.27364890966956,108.9,0.0
2025-10-12T17:00Z,53036.33151245117,100.66654331474969,116.64,0.0
2025-10-12T18:00Z,50503.96124267578,100.66654331474969,115.5275,0.0
2025-10-12T19:00Z,48390.864486694336,100.61690625,110.44749999999999,0.0
2025-10-12T20:00Z,46706.142265319824,100.61690625,107.78999999999999,0.0
2025-10-12T21:00Z,44174.55530548096,99.27364890966956,93.445,0.0
2025-10-12T22:00Z,41317.24042510986,99.27364890966956,93.4525,0.0
2025-10-12T23:00Z,39507.43952178955,98.22129346317297,90.26,0.0
2025-10-13T00:00Z,38887.74545288086,98.22129346317297,90.8325,0.0
2025-10-13T01:00Z,39344.960273742676,98.22129346317297,89.1225,0.0
2025-10-13T02:00Z,41448.581230163574,100.61690625,93.4525,0.0
2025-10-13T03:00Z,45731.36380767822,100.66654331474969,98.095,0.0
2025-10-13T04:00Z,54009.728439331055,110.70326512405268,131.41,0.0
2025-10-13T05:00Z,59938.4327545166,115.60662378739066,218.6375,0.0
2025-10-13T06:00Z,62710.083724975586,115.60662378739066,199.5575,0.0
2025-10-13T07:00Z,63510.55278015137,115.60662378739066,150.185,0.0
2025-10-13T08:00Z,64376.89049530029,115.60662378739066,125.0975,0.0
2025-10-13T09:00Z,65129.680755615234,113.63949367666063,110.0,0.0
2025-10-13T10:00Z,64518.639488220215,110.70326512405268,95.1,0.0
2025-10-13T11:00Z,63062.77053070068,110.70326512405268,89.8575,0.0
2025-10-13T12:00Z,61598.34126281738,110.70326512405268,92.0975,0.0
2025-10-13T13:00Z,60406.245025634766,107.14837644051812,101.8425,0.0
2025-10-13T14:00Z,59780.330238342285,110.70326512405268,117.9025,0.0
2025-10-13T15:00Z,60503.813720703125,110.70326512405268,180.6,0.0
2025-10-13T16:00Z,62048.178787231445,115.60662378739066,305.74,0.0
2025-10-13T17:00Z,62522.11600494385,115.60662378739066,306.575,0.0
2025-10-13T18:00Z,59330.51244354248,113.63949367666063,186.9525,0.0
2025-10-13T19:00Z,55715.33396148682,110.70326512405268,137.175,0.0
2025-10-13T20:00Z,52237.75621032715,110.70326512405268,121.9875,0.0
2025-10-13T21:00Z,48786.27470397949,107.14837644051812,111.275,0.0
2025-10-13T22:00Z,46347.96025848389,100.61690625,109.1825,0.0
2025-10-13T23:00Z,44612.32122039795,99.27364890966956,103.015,0.0
2025-10-14T00:00Z,44003.861503601074,99.27364890966956,99.52,0.0
2025-10-14T01:00Z,44179.514739990234,98.22129346317297,98.8675,0.0
2025-10-14T02:00Z,45833.53122711182,99.27364890966956,100.0475,0.0
2025-10-14T03:00Z,49459.6957321167,100.61690625,101.44749999999999,0.0
2025-10-14T04:00Z,56736.26679229736,110.70326512405268,123.29249999999999,0.0
2025-10-14T05:00Z,61730.517234802246,110.70326512405268,160.195,0.0
2025-10-14T06:00Z,63961.34479522705,110.70326512405268,190.82,0.0
2025-10-14T07:00Z,63909.542472839355,110.70326512405268,156.445,0.0
2025-10-14T08:00Z,64323.63627624512,110.70326512405268,134.725,0.0
2025-10-14T09:00Z,64537.88130187988,100.66654331474969,119.845,0.0
2025-10-14T10:00Z,63779.825759887695,100.61690625,107.64750000000001,0.0
2025-10-14T11:00Z,62029.977210998535,99.27364890966956,102.9975,0.0
2025-10-14T12:00Z,59992.124015808105,98.22129346317297,105.265,0.0
2025-10-14T13:00Z,59029.585594177246,100.61690625,122.275,0.0
2025-10-14T14:00Z,58635.74678039551,100.66654331474969,146.6,0.0
2025-10-14T15:00Z,59835.777992248535,110.70326512405268,219.195,0.0
2025-10-14T16:00Z,61488.4362487793,110.70326512405268,404.9575,0.0
2025-10-14T17:00Z,61962.45030975342,115.60662378739066,407.205,0.0
2025-10-14T18:00Z,59125.111656188965,113.63949367666063,225.48,0.0
2025-10-14T19:00Z,55565.4395904541,110.70326512405268,163.04,0.0
2025-10-14T20:00Z,51833.803970336914,110.70326512405268,129.85750000000002,0.0
2025-10-14T21:00Z,48166.13449859619,110.70326512405268,115.36,0.0
2025-10-14T22:00Z,45639.93802642822,110.70326512405268,115.4625,0.0
2025-10-14T23:00Z,43937.78146362305,107.14837644051812,111.865,0.0
2025-10-15T00:00Z,43270.35527038574,103.30365845824412,107.68,0.0
2025-10-15T01:00Z,43722.38522338867,107.14837644051812,103.6175,0.0
2025-10-15T02:00Z,45044.44374847412,107.14837644051812,106.48,0.0
2025-10-15T03:00Z,48642.515296936035,110.70326512405268,114.3975,0.0
2025-10-15T04:00Z,56103.8639755249,113.63949367666063,151.96,0.0
2025-10-15T05:00Z,61403.857421875,115.60662378739066,278.74,0.0
2025-10-15T06:00Z,63874.89221954346,116.64938355451135,276.1975,0.0
2025-10-15T07:00Z,64411.358543395996,115.60662378739066,181.0525,0.0
2025-10-15T08:00Z,65157.993019104004,115.60662378739066,142.3575,0.0
2025-10-15T09:00Z,65780.85708618164,113.63949367666063,126.105,0.0
2025-10-15T10:00Z,64684.435317993164,110.70326512405268,119.425,0.0
2025-10-15T11:00Z,63184.05054473877,110.70326512405268,112.8775,0.0
2025-10-15T12:00Z,61712.101959228516,107.14837644051812,115.39250000000001,0.0
2025-10-15T13:00Z,61108.374771118164,110.70326512405268,122.64250000000001,0.0
2025-10-15T14:00Z,60907.74931335449,110.70326512405268,135.6925,0.0
2025-10-15T15:00Z,62208.15474700928,110.70326512405268,170.0,0.0
2025-10-15T16:00Z,63671.73509979248,110.70326512405268,221.8775,0.0
2025-10-15T17:00Z,64027.00412750244,110.70326512405268,220.0,0.0
2025-10-15T18:00Z,61026.287048339844,110.70326512405268,152.845,0.0
2025-10-15T19:00Z,57928.70804595947,110.70326512405268,124.3425,0.0
2025-10-15T20:00Z,53982.79601287842,100.61690625,98.21,0.0
2025-10-15T21:00Z,50670.5871887207,98.22129346317297,88.17,0.0
2025-10-15T22:00Z,47553.299255371094,97.85956206066555,88.16499999999999,0.0
2025-10-15T23:00Z,46121.03775024414,97.85956206066555,85.8075,0.0
2025-10-16T00:00Z,44578.15369415283,97.07137775031268,88.0,0.0
2025-10-16T01:00Z,44601.70526123047,97.07137775031268,86.655,0.0
2025-10-16T02:00Z,46112.127502441406,97.07137775031268,88.335,0.0
2025-10-16T03:00Z,50438.02852630615,98.22129346317297,85.045,0.0
2025-10-16T04:00Z,57902.63303375244,100.61690625,96.1925,0.0
2025-10-16T05:00Z,63290.46675872803,110.70326512405268,116.1225,0.0
2025-10-16T06:00Z,65435.81749725342,110.70326512405268,132.76749999999998,0.0
2025-10-16T07:00Z,65843.45146179199,110.70326512405268,119.93,0.0
2025-10-16T08:00Z,66147.93098449707,100.66654331474969,92.2375,0.0
2025-10-16T09:00Z,66059.16931152344,99.27364890966956,88.3075,0.0
2025-10-16T10:00Z,65250.655769348145,100.61690625,83.4025,0.0
2025-10-16T11:00Z,64625.36257171631,99.27364890966956,81.47500000000001,0.0
2025-10-16T12:00Z,63030.75102996826,97.85956206066555,82.98,0.0
2025-10-16T13:00Z,62492.23024749756,97.85956206066555,83.0275,0.0
2025-10-16T14:00Z,61401.83575439453,98.22129346317297,89.0275,0.0
2025-10-16T15:00Z,62509.36701965332,99.27364890966956,120.91499999999999,0.0
2025-10-16T16:00Z,64078.69423675537,100.66654331474969,130.0,0.0
2025-10-16T17:00Z,64259.43007659912,107.14837644051812,140.59,0.0
2025-10-16T18:00Z,61610.37397766113,100.61690625,125.595,0.0
2025-10-16T19:00Z,58118.65133666992,99.27364890966956,102.2325,0.0
2025-10-16T20:00Z,54473.553047180176,98.22129346317297,99.855,0.0
2025-10-16T21:00Z,50940.1297454834,97.85956206066555,93.3625,0.0
2025-10-16T22:00Z,48208.435775756836,97.85956206066555,88.14750000000001,0.0
2025-10-16T23:00Z,46239.7819519043,97.07137775031268,88.3125,0.0
2025-10-17T00:00Z,45066.48469543457,97.07137775031268,89.0575,0.0
2025-10-17T01:00Z,44849.34100341797,97.07137775031268,88.4575,0.0
2025-10-17T02:00Z,45802.932052612305,97.07137775031268,90.5875,0.0
2025-10-17T03:00Z,49464.30179595947,97.85956206066555,94.50999999999999,0.0
2025-10-17T04:00Z,56966.9602432251,99.27364890966956,107.91,0.0
2025-10-17T05:00Z,62452.75276184082,107.14837644051812,129.485,0.0
2025-10-17T06:00Z,64862.83903503418,110.70326512405268,144.835,0.0
2025-10-17T07:00Z,64887.46853637695,110.70326512405268,129.02,0.0
2025-10-17T08:00Z,65647.0965499878,107.14837644051812,117.18,0.0
2025-10-17T09:00Z,66114.89749145508,100.61690625,99.0375,0.0
2025-10-17T10:00Z,65116.57627105713,98.22129346317297,88.14,0.0
2025-10-17T11:00Z,63160.084465026855,97.85956206066555,86.7175,0.0
2025-10-17T12:00Z,61748.24424743652,97.07137775031268,87.805,0.0
2025-10-17T13:00Z,60851.72797393799,97.07137775031268,88.6425,0.0
2025-10-17T14:00Z,60911.20001220703,97.85956206066555,95.0,0.0
2025-10-17T15:00Z,61638.59644317627,98.22129346317297,117.1675,0.0
2025-10-17T16:00Z,62855.76251220703,99.27364890966956,129.31,0.0
2025-10-17T17:00Z,62768.96482849121,100.61690625,130.69,0.0
2025-10-17T18:00Z,60272.19268035889,98.22129346317297,116.98750000000001,0.0
2025-10-17T19:00Z,57245.31352996826,98.22129346317297,104.055,0.0
2025-10-17T20:00Z,53272.356536865234,97.85956206066555,102.1825,0.0
2025-10-17T21:00Z,49596.25006866455,97.85956206066555,92.4975,0.0
2025-10-17T22:00Z,46480.36972808838,98.22129346317297,94.61500000000001,0.0
2025-10-17T23:00Z,44306.02924346924,97.85956206066555,89.86,0.0
2025-10-18T00:00Z,42803.479331970215,97.85956206066555,89.8125,0.0
2025-10-18T01:00Z,42614.89556121826,97.85956206066555,88.33500000000001,0.0
2025-10-18T02:00Z,43199.99355316162,98.22129346317297,88.35,0.0
2025-10-18T03:00Z,43987.17110443115,98.22129346317297,88.315,0.0
2025-10-18T04:00Z,46271.76399230957,99.27364890966956,91.955,0.0
2025-10-18T05:00Z,49024.67119598389,100.61690625,109.4725,0.0
2025-10-18T06:00Z,51858.71619415283,107.14837644051812,114.545,0.0
2025-10-18T07:00Z,53725.92280578613,107.14837644051812,102.2425,0.0
2025-10-18T08:00Z,54550.1890335083,100.61690625,91.4675,0.0
2025-10-18T09:00Z,54808.238021850586,98.22129346317297,80.7875,0.0
2025-10-18T10:00Z,53595.973960876465,97.85956206066555,73.94,0.0
2025-10-18T11:00Z,50804.514793395996,97.07137775031268,67.5325,0.0
2025-10-18T12:00Z,49053.891258239746,96.27261728008675,72.2975,0.0
2025-10-18T13:00Z,47838.56774902344,96.27261728008675,83.5,0.0
2025-10-18T14:00Z,48664.926208496094,97.85956206066555,96.55000000000001,0.0
2025-10-18T15:00Z,50554.696517944336,99.27364890966956,120.64,0.0
2025-10-18T16:00Z,53168.589530944824,110.70326512405268,133.235,0.0
2025-10-18T17:00Z,53175.713386535645,110.70326512405268,124.82249999999999,0.0
2025-10-18T18:00Z,50202.019706726074,100.66654331474969,112.995,0.0
2025-10-18T19:00Z,47926.40012359619,99.27364890966956,92.5525,0.0
2025-10-18T20:00Z,45747.5767288208,98.22129346317297,95.5775,0.0
2025-10-18T21:00Z,43156.82791137695,97.07137775031268,94.355,0.0
2025-10-18T22:00Z,40810.659408569336,96.27261728008675,92.3425,0.0
2025-10-18T23:00Z,39136.93822479248,96.27261728008675,87.58500000000001,0.0
2025-10-19T00:00Z,38408.294006347656,96.27261728008675,82.2925,0.0
2025-10-19T01:00Z,38062.20057678223,94.87131662251792,82.14,0.0
2025-10-19T02:00Z,38480.30139923096,94.87131662251792,83.2125,0.0
2025-10-19T03:00Z,39003.41223907471,94.87131662251792,83.4975,0.0
2025-10-19T04:00Z,39874.10248565674,94.87131662251792,85.25,0.0
2025-10-19T05:00Z,41885.216064453125,96.27261728008675,85.255,0.0
2025-10-19T06:00Z,44727.06571960449,96.27261728008675,87.1575,0.0
2025-10-19T07:00Z,48085.24678039551,96.27261728008675,78.4325,0.0
2025-10-19T08:00Z,50172.99728393555,87.8605134487122,69.6375,0.0
2025-10-19T09:00Z,51900.775703430176,92.54273178553254,60.3,0.0
2025-10-19T10:00Z,51614.51220703125,87.8605134487122,34.567499999999995,0.0
2025-10-19T11:00Z,49142.71562194824,20.174743021012397,20.295,0.0
2025-10-19T12:00Z,47095.15280914307,0.0,36.2175,0.0
2025-10-19T13:00Z,46865.38402557373,0.0,66.77250000000001,0.0
2025-10-19T14:00Z,47768.46373748779,19.979914529914527,89.93,0.0
2025-10-19T15:00Z,50191.517753601074,35.9309,106.07249999999999,0.0
2025-10-19T16:00Z,54605.27981567383,87.8605134487122,107.6875,0.0
2025-10-19T17:00Z,55344.84880065918,81.86080139670645,85.62,0.0
2025-10-19T18:00Z,53405.11499786377,21.324754617468464,75.5025,0.0
2025-10-19T19:00Z,51546.58059692383,20.179071574532003,73.15,0.0
2025-10-19T20:00Z,50264.21173095703,20.179071574532003,74.74249999999999,0.0
2025-10-19T21:00Z,47335.119483947754,19.979914529914527,60.855000000000004,0.0
2025-10-19T22:00Z,45256.448806762695,20.174743021012397,70.03750000000001,0.0
2025-10-19T23:00Z,43881.08792877197,19.979914529914527,63.975,0.0
2025-10-20T00:00Z,43235.77462005615,19.979914529914524,60.980000000000004,0.0
2025-10-20T01:00Z,43355.08046722412,19.979914529914524,60.0025,0.0
2025-10-20T02:00Z,45028.6662902832,19.979914529914524,60.6025,0.0
2025-10-20T03:00Z,48987.19921875,19.979914529914527,74.81,0.0
2025-10-20T04:00Z,57461.179748535156,35.93090000000001,76.2525,0.0
2025-10-20T05:00Z,63925.344230651855,87.8605134487122,91.8675,0.0
2025-10-20T06:00Z,66522.85203552246,89.71074390243903,125.0975,0.0
2025-10-20T07:00Z,67256.5929107666,87.8605134487122,92.185,0.0
2025-10-20T08:00Z,67303.27323150635,35.9309,73.15,0.0
2025-10-20T09:00Z,68229.68119812012,81.67000276243094,69.935,0.0
2025-10-20T10:00Z,67055.92519378662,89.12174847060206,60.2875,0.0
2025-10-20T11:00Z,66337.01388549805,81.86080139670645,65.2725,0.0
2025-10-20T12:00Z,63812.80670928955,35.9309,76.08500000000001,0.0
2025-10-20T13:00Z,63311.00165557861,35.93090000000001,97.14,0.0
2025-10-20T14:00Z,62788.52572631836,81.86080139670645,119.51,0.0
2025-10-20T15:00Z,64350.063064575195,87.8605134487122,131.1225,0.0
2025-10-20T16:00Z,66526.16751861572,94.87131662251792,125.08999999999999,0.0
2025-10-20T17:00Z,65860.89276885986,89.12174847060206,103.0,0.0
2025-10-20T18:00Z,62766.57398223877,35.93090000000001,82.29,0.0
2025-10-20T19:00Z,58686.391426086426,19.97991452991453,76.2525,0.0
2025-10-20T20:00Z,55264.48957824707,19.979914529914524,68.3775,0.0
2025-10-20T21:00Z,51717.6967086792,-5.0,51.0,0.0
2025-10-20T22:00Z,48738.23424530029,-5.0,61.480000000000004,0.0
2025-10-20T23:00Z,46914.58772277832,-5.0,43.8325,0.0
2025-10-21T00:00Z,46037.787757873535,-5.0,33.0725,0.0
2025-10-21T01:00Z,45943.108001708984,-5.0,22.2775,0.0
2025-10-21T02:00Z,47410.84476470947,-5.0,25.9125,0.0
2025-10-21T03:00Z,50588.67728424072,-5.0,47.46,0.0
2025-10-21T04:00Z,58116.61951446533,-5.0,75.095,0.0
2025-10-21T05:00Z,64124.338470458984,19.979914529914524,88.1225,0.0
2025-10-21T06:00Z,66760.66855621338,19.979914529914524,91.5825,0.0
2025-10-21T07:00Z,67048.00471496582,19.979914529914524,84.7175,0.0
2025-10-21T08:00Z,67760.7884979248,-5.0,74.27,0.0
2025-10-21T09:00Z,67956.4697189331,-5.0,65.1125,0.0
2025-10-21T10:00Z,67379.68871307373,19.97991452991453,47.455,0.0
2025-10-21T11:00Z,65467.397315979004,-5.0,31.5825,0.0
2025-10-21T12:00Z,63492.1717376709,-5.0,33.06,0.0
2025-10-21T13:00Z,62315.63345336914,-5.0,60.230000000000004,0.0
2025-10-21T14:00Z,62169.27619934082,-5.0,68.2025,0.0
2025-10-21T15:00Z,63971.788146972656,20.179071574532003,100.0,0.0
2025-10-21T16:00Z,66538.38817596436,96.27261728008675,121.8,0.0
2025-10-21T17:00Z,66275.84957122803,96.27261728008675,115.38499999999999,0.0
2025-10-21T18:00Z,62995.42353057861,96.27261728008675,99.6725,0.0
2025-10-21T19:00Z,58836.01752471924,94.87131662251792,81.055,0.0
2025-10-21T20:00Z,54761.05869293213,87.8605134487122,81.68,0.0
2025-10-21T21:00Z,51222.03414154053,35.93090000000001,74.33,0.0
2025-10-21T22:00Z,48160.008293151855,35.93090000000001,87.8375,0.0
2025-10-21T23:00Z,45711.84053039551,35.9309,87.4925,0.0
2025-10-22T00:00Z,44457.38324737549,35.930899999999994,85.405,0.0
2025-10-22T01:00Z,44430.40679168701,35.93090000000001,89.3475,0.0
2025-10-22T02:00Z,45776.02283477783,81.86080139670645,89.5025,0.0
2025-10-22T03:00Z,49588.57499694824,89.71074390243903,90.175,0.0
2025-10-22T04:00Z,57211.16976928711,97.07137775031268,99.3925,0.0
2025-10-22T05:00Z,63491.99973297119,98.22129346317297,100.1825,0.0
2025-10-22T06:00Z,65779.9674911499,99.27364890966956,113.7575,0.0
2025-10-22T07:00Z,66299.95593261719,100.61690625,125.7175,0.0
2025-10-22T08:00Z,66892.00173187256,98.22129346317297,105.72749999999999,0.0
2025-10-22T09:00Z,67262.3429031372,97.85956206066555,91.215,0.0
2025-10-22T10:00Z,66208.44274902344,99.27364890966956,87.1,0.0
2025-10-22T11:00Z,64796.57406616211,99.27364890966956,86.0,0.0
2025-10-22T12:00Z,63117.552253723145,99.27364890966956,93.46000000000001,0.0
2025-10-22T13:00Z,62160.84296417236,100.61690625,110.655,0.0
2025-10-22T14:00Z,61157.49745178223,100.61690625,135.0,0.0
2025-10-22T15:00Z,62164.50426483154,110.70326512405268,198.0525,0.0
2025-10-22T16:00Z,63679.94083404541,110.70326512405268,296.48249999999996,0.0
2025-10-22T17:00Z,63084.948234558105,113.63949367666063,279.76,0.0
2025-10-22T18:00Z,59911.8694152832,110.70326512405268,185.31,0.0
2025-10-22T19:00Z,56546.559730529785,110.70326512405268,133.9475,0.0
2025-10-22T20:00Z,52643.87217712402,110.70326512405268,122.065,0.0
2025-10-22T21:00Z,48811.510246276855,100.66654331474969,108.0925,0.0
2025-10-22T22:00Z,45884.30252838135,99.27364890966956,101.375,0.0
2025-10-22T23:00Z,43600.80192565918,98.22129346317297,98.745,0.0
2025-10-23T00:00Z,41702.74775695801,96.27261728008675,95.0675,0.0
2025-10-23T01:00Z,42465.09865570068,81.86080139670645,79.9225,0.0
2025-10-23T02:00Z,44480.73046875,19.97991452991453,70.9975,0.0
2025-10-23T03:00Z,49168.17632293701,19.979914529914524,67.52,0.0
2025-10-23T04:00Z,56691.10875701904,19.979914529914524,72.25,0.0
2025-10-23T05:00Z,63005.49826812744,19.979914529914524,82.2825,0.0
2025-10-23T06:00Z,66939.41323852539,19.979914529914524,90.0,0.0
2025-10-23T07:00Z,67868.30876922607,-5.0,83.0175,0.0
2025-10-23T08:00Z,67827.36254119873,-5.0,79.7025,0.0
2025-10-23T09:00Z,68074.68328857422,-5.0,69.6,0.0
2025-10-23T10:00Z,68190.16074371338,35.930899999999994,66.0975,0.0
2025-10-23T11:00Z,67871.26198577881,19.979914529914524,64.105,0.0
2025-10-23T12:00Z,66217.12403869629,-5.0,63.535000000000004,0.0
2025-10-23T13:00Z,65778.48665618896,-5.0,75.605,0.0
2025-10-23T14:00Z,64356.864181518555,-5.0,85.4975,0.0
2025-10-23T15:00Z,65196.77854156494,-5.0,98.1175,0.0
2025-10-23T16:00Z,66948.49730682373,19.979914529914524,114.93,0.0
2025-10-23T17:00Z,65860.91059112549,0.0,107.9125,0.0
2025-10-23T18:00Z,62792.98024749756,-5.0,87.7125,0.0
2025-10-23T19:00Z,59413.78583526611,-5.0,82.8125,0.0
2025-10-23T20:00Z,55800.68002319336,-5.0,77.655,0.0
2025-10-23T21:00Z,52123.81950378418,-5.0,60.0775,0.0
2025-10-23T22:00Z,49433.20613861084,-5.0,14.335,0.0
2025-10-23T23:00Z,47171.82978820801,-5.0,9.835,0.0
2025-10-24T00:00Z,46293.68250274658,-5.0,6.5249999999999995,0.0
2025-10-24T01:00Z,46725.08927154541,-5.0,1.025,0.0
2025-10-24T02:00Z,48320.69886016846,-5.0,2.19,0.0
2025-10-24T03:00Z,52001.25100708008,-5.0,7.525,0.0
2025-10-24T04:00Z,59102.38230133057,-5.0,23.2775,0.0
2025-10-24T05:00Z,63789.43698120117,-5.0,64.985,0.0
2025-10-24T06:00Z,67399.8733291626,-5.0,84.87,0.0
2025-10-24T07:00Z,68143.83218383789,-5.0,76.5475,0.0
2025-10-24T08:00Z,69052.69599914551,-5.0,58.3025,0.0
2025-10-24T09:00Z,69386.33114624023,-5.0,33.0,0.0
2025-10-24T10:00Z,67742.63024139404,-5.0,1.2525,0.0
2025-10-24T11:00Z,65763.0810470581,-5.0,-0.01,0.0
2025-10-24T12:00Z,64125.76621246338,-5.0,-0.01,0.0
2025-10-24T13:00Z,62688.30381774902,-5.0,1.81,0.0
2025-10-24T14:00Z,62527.378005981445,-5.0,37.32,0.0
2025-10-24T15:00Z,63637.63250732422,-5.0,66.26,0.0
2025-10-24T16:00Z,64048.00294494629,-5.0,74.61,0.0
2025-10-24T17:00Z,63347.42152404785,-5.0,74.61250000000001,0.0
2025-10-24T18:00Z,60184.52967834473,-5.0,57.05,0.0
2025-10-24T19:00Z,56273.03046417236,-5.0,41.5075,0.0
2025-10-24T20:00Z,53365.905433654785,-5.0,28.9225,0.0
2025-10-24T21:00Z,50165.813705444336,-5.0,9.9675,0.0
2025-10-24T22:00Z,47677.87731170654,-5.0,3.525,0.0
2025-10-24T23:00Z,45752.471824645996,-5.0,1.3199999999999998,0.0
2025-10-25T00:00Z,44425.346992492676,-5.0,0.9249999999999999,0.0
2025-10-25T01:00Z,43991.46172332764,-5.0,-0.0025,0.0
2025-10-25T02:00Z,44078.21147918701,-5.0,-0.0075,0.0
2025-10-25T03:00Z,45022.90376281738,-5.0,0.16499999999999998,0.0
2025-10-25T04:00Z,47384.690757751465,-5.0,0.5225000000000001,0.0
2025-10-25T05:00Z,50360.58750915527,-5.0,0.99,0.0
2025-10-25T06:00Z,53320.48344421387,-5.0,3.995,0.0
2025-10-25T07:00Z,55947.183502197266,-5.0,7.5825000000000005,0.0
2025-10-25T08:00Z,57477.83868408203,-5.0,6.7275,0.0
2025-10-25T09:00Z,58602.701751708984,-5.0,4.765000000000001,0.0
2025-10-25T10:00Z,58600.51052856445,-5.0,6.095000000000001,0.0
2025-10-25T11:00Z,57269.19701385498,-5.0,4.37,0.0
2025-10-25T12:00Z,55512.90830993652,-5.0,4.03,0.0
2025-10-25T13:00Z,54605.256675720215,-5.0,3.945,0.0
2025-10-25T14:00Z,54997.48751831055,-5.0,5.5575,0.0
2025-10-25T15:00Z,56972.64025878906,-5.0,25.3075,0.0
2025-10-25T16:00Z,59184.40548706055,-5.0,55.2525,0.0
2025-10-25T17:00Z,58009.058280944824,-5.0,61.265,0.0
2025-10-25T18:00Z,54993.54167175293,-5.0,33.995,0.0
2025-10-25T19:00Z,52603.22445678711,-5.0,14.1075,0.0
2025-10-25T20:00Z,50577.135917663574,-5.0,16.682499999999997,0.0
2025-10-25T21:00Z,47635.290199279785,-5.0,8.17,0.0
2025-10-25T22:00Z,44448.09230804443,-5.0,5.5725,0.0
2025-10-25T23:00Z,42570.899475097656,-5.0,3.6975,0.0
2025-10-26T00:00Z,41280.14143371582,-5.0,3.19,0.0
2025-10-26T01:00Z,40662.21147918701,-5.0,2.015,0.0
2025-10-26T02:00Z,40761.855461120605,-5.0,0.34249999999999997,0.0
2025-10-26T03:00Z,41108.543228149414,-5.0,0.10250000000000001,0.0
2025-10-26T04:00Z,41512.62022399902,-5.0,0.10500000000000001,0.0
2025-10-26T05:00Z,43291.17841339111,-5.0,0.1075,0.0
2025-10-26T06:00Z,45619.98173522949,-5.0,0.10250000000000001,0.0
2025-10-26T07:00Z,49492.73225402832,-5.0,-0.01,0.0
2025-10-26T08:00Z,52674.8518447876,-5.0,-0.3125,0.0
2025-10-26T09:00Z,53987.56677246094,-5.0,-0.065,0.0
2025-10-26T10:00Z,55159.422203063965,-5.0,-0.08,0.0
2025-10-26T11:00Z,55140.597229003906,-5.0,-0.065,0.0
2025-10-26T12:00Z,53531.18461608887,-5.0,-0.545,0.0
2025-10-26T13:00Z,52418.354988098145,-5.0,-0.7325,0.0
2025-10-26T14:00Z,52491.55303192139,-5.0,-0.009999999999999995,0.0
2025-10-26T15:00Z,53915.13300323486,-5.0,3.0375,0.0
2025-10-26T16:00Z,57012.754806518555,-5.0,30.002499999999998,0.0
2025-10-26T17:00Z,56327.32299041748,-5.0,42.0225,0.0
2025-10-26T18:00Z,54817.25205993652,-5.0,34.730000000000004,0.0
2025-10-26T19:00Z,52946.36413574219,-5.0,16.642500000000002,0.0
2025-10-26T20:00Z,51821.18900299072,-5.0,3.065,0.0
2025-10-26T21:00Z,51138.04919433594,-5.0,14.907499999999999,0.0
2025-10-26T22:00Z,48360.956771850586,-5.0,5.0600000000000005,0.0
2025-10-26T23:00Z,46030.40325164795,-5.0,1.3424999999999998,0.0
2025-10-27T00:00Z,45034.248046875,-5.0,1.8250000000000002,0.0
2025-10-27T01:00Z,44344.7467956543,-5.0,1.25,0.0
2025-10-27T02:00Z,44927.11594390869,-5.0,-0.0025,0.0
2025-10-27T03:00Z,46559.47306060791,-5.0,1.3074999999999999,0.0
2025-10-27T04:00Z,50806.16265106201,-5.0,10.782499999999999,0.0
2025-10-27T05:00Z,59239.720222473145,-5.0,55.0,0.0
2025-10-27T06:00Z,65088.6969833374,-5.0,86.065,0.0
2025-10-27T07:00Z,68163.85110473633,19.979914529914524,100.14750000000001,0.0
2025-10-27T08:00Z,68627.42420196533,19.979914529914524,101.86,0.0
2025-10-27T09:00Z,68575.87763214111,19.979914529914524,96.7375,0.0
2025-10-27T10:00Z,69149.16926574707,21.324754617468464,94.6325,0.0
2025-10-27T11:00Z,68502.34839630127,19.979914529914527,82.6975,0.0
2025-10-27T12:00Z,66839.89581298828,0.0,81.1225,0.0
2025-10-27T13:00Z,65405.69648742676,0.0,83.3475,0.0
2025-10-27T14:00Z,64840.200439453125,-5.0,83.66499999999999,0.0
2025-10-27T15:00Z,64990.56460571289,0.0,99.2325,0.0
2025-10-27T16:00Z,68376.04155731201,20.179071574532003,110.71000000000001,0.0
2025-10-27T17:00Z,68615.51614379883,20.437413077687253,126.5375,0.0
2025-10-27T18:00Z,67255.63111114502,19.979914529914524,113.4975,0.0
2025-10-27T19:00Z,63784.907539367676,-5.0,95.035,0.0
2025-10-27T20:00Z,60601.558113098145,-5.0,77.94,0.0
2025-10-27T21:00Z,56719.832374572754,-5.0,74.48,0.0
2025-10-27T22:00Z,53216.67964172363,-5.0,62.425,0.0
2025-10-27T23:00Z,49668.1519241333,-5.0,44.11,0.0
2025-10-28T00:00Z,47869.82237243652,-5.0,28.8825,0.0
2025-10-28T01:00Z,47003.490547180176,-5.0,18.5425,0.0
2025-10-28T02:00Z,48247.66620635986,-5.0,10.2225,0.0
2025-10-28T03:00Z,49207.26708984375,-5.0,10.9525,0.0
2025-10-28T04:00Z,52503.61973571777,-5.0,30.4075,0.0
2025-10-28T05:00Z,59992.06182861328,-5.0,59.5225,0.0
2025-10-28T06:00Z,65407.4729309082,19.979914529914524,80.3825,0.0
2025-10-28T07:00Z,68521.48508453369,19.979914529914524,89.395,0.0
2025-10-28T08:00Z,68544.00314331055,19.979914529914524,87.36500000000001,0.0
2025-10-28T09:00Z,69541.14507293701,-5.0,81.0025,0.0
2025-10-28T10:00Z,69895.9591140747,19.979914529914524,75.41499999999999,0.0
2025-10-28T11:00Z,69286.78244018555,-5.0,67.56,0.0
2025-10-28T12:00Z,68171.81544494629,-5.0,62.3025,0.0
2025-10-28T13:00Z,65922.1332321167,-5.0,64.42,0.0
2025-10-28T14:00Z,64958.05693817139,-5.0,73.0975,0.0
2025-10-28T15:00Z,65008.12268066406,-5.0,80.07249999999999,0.0
2025-10-28T16:00Z,68435.52488708496,-5.0,93.8325,0.0
2025-10-28T17:00Z,68596.80114746094,-5.0,110.22999999999999,0.0
2025-10-28T18:00Z,65951.289894104,-5.0,106.91250000000001,0.0
2025-10-28T19:00Z,62822.07247161865,-5.0,91.925,0.0
2025-10-28T20:00Z,58911.80561065674,-5.0,80.8375,0.0
2025-10-28T21:00Z,54755.58395385742,-5.0,79.58,0.0
2025-10-28T22:00Z,51379.14548492432,-5.0,73.2225,0.0
2025-10-28T23:00Z,49319.59445953369,-5.0,58.8025,0.0
2025-10-29T00:00Z,47874.60248565674,-5.0,54.035,0.0
2025-10-29T01:00Z,47161.88847351074,-5.0,54.155,0.0
2025-10-29T02:00Z,47726.10175323486,-5.0,56.3475,0.0
2025-10-29T03:00Z,48749.800773620605,0.0,54.725,0.0
2025-10-29T04:00Z,52598.15609741211,19.979914529914527,66.6175,0.0
2025-10-29T05:00Z,60901.34826660156,87.8605134487122,95.4325,0.0
2025-10-29T06:00Z,65573.8125076294,96.27261728008675,107.5325,0.0
2025-10-29T07:00Z,67790.34893798828,96.27261728008675,100.265,0.0
2025-10-29T08:00Z,67437.69820404053,94.87131662251792,85.805,0.0
2025-10-29T09:00Z,67125.46350860596,87.8605134487122,71.9525,0.0
2025-10-29T10:00Z,66238.60381317139,81.86080139670645,70.2125,0.0
2025-10-29T11:00Z,64845.77645111084,19.979914529914527,70.8375,0.0
2025-10-29T12:00Z,63933.13787841797,20.174743021012397,77.1125,0.0
2025-10-29T13:00Z,62799.351989746094,35.93090000000001,88.8525,0.0
2025-10-29T14:00Z,62858.640800476074,94.87131662251792,116.3575,0.0
2025-10-29T15:00Z,63793.599922180176,97.07137775031268,126.23249999999999,0.0
2025-10-29T16:00Z,66700.27228546143,98.22129346317297,126.975,0.0
2025-10-29T17:00Z,67012.56621551514,97.85956206066555,128.7425,0.0
2025-10-29T18:00Z,65663.01251983643,97.07137775031268,113.5425,0.0
2025-10-29T19:00Z,62247.379219055176,96.27261728008675,102.65,0.0
2025-10-29T20:00Z,58343.32801818848,89.71074390243903,96.5025,0.0
2025-10-29T21:00Z,54423.03122711182,87.8605134487122,94.4225,0.0
2025-10-29T22:00Z,49932.7420501709,87.8605134487122,87.1425,0.0
2025-10-29T23:00Z,47087.27095031738,35.93090000000001,75.245,0.0
2025-10-30T00:00Z,45023.75703430176,19.97991452991453,70.105,0.0
2025-10-30T01:00Z,44285.06406402588,19.979914529914524,65.525,0.0
2025-10-30T02:00Z,45090.369888305664,-5.0,60.4175,0.0
2025-10-30T03:00Z,46108.22319793701,-5.0,57.1525,0.0
2025-10-30T04:00Z,50249.56883239746,-5.0,60.0125,0.0
2025-10-30T05:00Z,58546.44719696045,-5.0,69.1775,0.0
2025-10-30T06:00Z,64436.73600769043,-5.0,79.9375,0.0
2025-10-30T07:00Z,66557.64847564697,-5.0,85.2975,0.0
2025-10-30T08:00Z,66145.96949768066,-5.0,66.7225,0.0
2025-10-30T09:00Z,65120.17339324951,-5.0,42.902499999999996,0.0
2025-10-30T10:00Z,65631.04899597168,-5.0,7.0825000000000005,0.0
2025-10-30T11:00Z,64683.39232635498,-5.0,-0.0025,0.0
2025-10-30T12:00Z,62742.18907165527,-5.0,0.002499999999999999,0.0
2025-10-30T13:00Z,61950.182189941406,-5.0,31.2925,0.0
2025-10-30T14:00Z,62974.603172302246,-5.0,69.8,0.0
2025-10-30T15:00Z,64477.09378814697,19.979914529914524,85.295,0.0
2025-10-30T16:00Z,68231.09574890137,87.8605134487122,117.93,0.0
2025-10-30T17:00Z,68298.67524719238,96.27261728008675,117.6975,0.0
2025-10-30T18:00Z,66086.53645324707,97.07137775031268,117.6725,0.0
2025-10-30T19:00Z,62845.93650054932,97.07137775031268,105.2875,0.0
2025-10-30T20:00Z,59398.83642578125,97.07137775031268,98.035,0.0
2025-10-30T21:00Z,55543.25026702881,97.07137775031268,98.44,0.0
2025-10-30T22:00Z,51126.52178955078,97.07137775031268,84.8325,0.0
2025-10-30T23:00Z,48035.03275299072,97.07137775031268,87.74000000000001,0.0
2025-10-31T00:00Z,46177.104400634766,97.07137775031268,78.1575,0.0
2025-10-31T01:00Z,44842.120780944824,97.07137775031268,74.74,0.0
2025-10-31T02:00Z,44778.95603942871,97.07137775031268,75.675,0.0
2025-10-31T03:00Z,45898.26175689697,97.07137775031268,79.7625,0.0
2025-10-31T04:00Z,48834.255798339844,97.85956206066555,91.825,0.0
2025-10-31T05:00Z,53459.03660583496,98.22129346317297,120.385,0.0
2025-10-31T06:00Z,57851.565017700195,99.27364890966956,119.5725,0.0
2025-10-31T07:00Z,60077.51795196533,98.22129346317297,108.765,0.0
2025-10-31T08:00Z,60647.15522003174,97.85956206066555,83.0125,0.0
2025-10-31T09:00Z,60591.814712524414,97.07137775031268,75.67,0.0
2025-10-31T10:00Z,60752.60232543945,97.07137775031268,74.0875,0.0
2025-10-31T11:00Z,59758.045555114746,97.07137775031268,75.99000000000001,0.0
2025-10-31T12:00Z,58570.51202392578,97.07137775031268,84.2075,0.0
2025-10-31T13:00Z,57276.26180267334,97.07137775031268,106.69999999999999,0.0
2025-10-31T14:00Z,57077.52951049805,97.07137775031268,127.0775,0.0
2025-10-31T15:00Z,58252.81252288818,97.85956206066555,132.0475,0.0
2025-10-31T16:00Z,60908.43701171875,98.22129346317297,122.17500000000001,0.0
2025-10-31T17:00Z,60463.642738342285,97.85956206066555,107.28,0.0
2025-10-31T18:00Z,58437.13991546631,97.07137775031268,90.005,0.0
2025-10-31T19:00Z,55800.89430999756,96.27261728008675,86.0475,0.0
2025-10-31T20:00Z,53563.413024902344,89.71074390243903,87.465,0.0
2025-10-31T21:00Z,50500.38179016113,81.86080139670645,81.845,0.0
2025-10-31T22:00Z,46845.106452941895,35.9309,67.60249999999999,0.0
2025-10-31T23:00Z,44136.39922332764,35.9309,54.707499999999996,0.0
2025-11-01T00:00Z,42600.4352722168,21.324754617468464,38.115,0.0
2025-11-01T01:00Z,41941.1549911499,21.324754617468464,28.2725,0.0
2025-11-01T02:00Z,41387.40051269531,35.93089999999999,29.9575,0.0
2025-11-01T03:00Z,40257.86859893799,20.174743021012397,19.9025,0.0
2025-11-01T04:00Z,40697.36151123047,19.97991452991453,15.3275,0.0
2025-11-01T05:00Z,43441.82196807861,19.97991452991453,11.6275,0.0
2025-11-01T06:00Z,45324.02224731445,19.979914529914527,17.605,0.0
2025-11-01T07:00Z,48687.51304626465,19.979914529914524,29.95,0.0
2025-11-01T08:00Z,51774.74799346924,-5.0,27.045,0.0
2025-11-01T09:00Z,52131.64450836182,-5.0,18.299999999999997,0.0
2025-11-01T10:00Z,54047.29995727539,-5.0,15.7575,0.0
2025-11-01T11:00Z,54362.85051727295,-5.0,21.015,0.0
2025-11-01T12:00Z,52685.795570373535,-5.0,31.740000000000002,0.0
2025-11-01T13:00Z,52528.32074737549,-5.0,54.0025,0.0
2025-11-01T14:00Z,53788.92624664307,-5.0,59.0725,0.0
2025-11-01T15:00Z,54668.656745910645,19.979914529914524,76.58500000000001,0.0
2025-11-01T16:00Z,56254.38398742676,35.93090000000001,88.78999999999999,0.0
2025-11-01T17:00Z,56355.489822387695,87.8605134487122,89.055,0.0
2025-11-01T18:00Z,54264.5212097168,81.86080139670645,86.4,0.0
2025-11-01T19:00Z,51468.08549499512,35.930899999999994,86.1975,0.0
2025-11-01T20:00Z,49414.12754058838,35.930899999999994,83.2825,0.0
2025-11-01T21:00Z,47361.378021240234,35.9309,82.93,0.0
2025-11-01T22:00Z,43912.70950317383,81.67000276243094,77.5075,0.0
2025-11-01T23:00Z,41306.59674835205,35.9309,64.285,0.0
2025-11-02T00:00Z,39693.537940979004,35.9309,60.3275,0.0
2025-11-02T01:00Z,38861.217292785645,35.93089999999999,60.9775,0.0
2025-11-02T02:00Z,38644.17028045654,20.21801336529556,62.7325,0.0
2025-11-02T03:00Z,38952.60901641846,21.324754617468464,67.0175,0.0
2025-11-02T04:00Z,39612.84422302246,35.9309,68.81,0.0
2025-11-02T05:00Z,40914.024810791016,35.93090000000001,70.3475,0.0
2025-11-02T06:00Z,42547.111068725586,87.8605134487122,75.53,0.0
2025-11-02T07:00Z,45948.85481262207,96.27261728008675,77.12,0.0
2025-11-02T08:00Z,49433.614585876465,96.27261728008675,78.4575,0.0
2025-11-02T09:00Z,51396.25173950195,96.27261728008675,74.99,0.0
2025-11-02T10:00Z,53068.70475769043,98.22129346317297,74.97999999999999,0.0
2025-11-02T11:00Z,52906.345222473145,97.85956206066555,75.2125,0.0
2025-11-02T12:00Z,51010.63497924805,97.85956206066555,83.1625,0.0
2025-11-02T13:00Z,50359.11450958252,97.85956206066555,92.55,0.0
2025-11-02T14:00Z,50342.427978515625,97.85956206066555,110.6525,0.0
2025-11-02T15:00Z,51069.190002441406,98.22129346317297,116.5025,0.0
2025-11-02T16:00Z,55147.44024658203,100.66654331474969,132.0725,0.0
2025-11-02T17:00Z,56032.325019836426,100.61690625,130.4075,0.0
2025-11-02T18:00Z,54299.19276428223,99.27364890966956,113.6075,0.0
2025-11-02T19:00Z,52157.74797821045,98.22129346317297,98.6,0.0
2025-11-02T20:00Z,49797.882957458496,97.07137775031268,95.33,0.0
2025-11-02T21:00Z,47703.628425598145,96.27261728008675,93.17750000000001,0.0
2025-11-02T22:00Z,44903.893714904785,96.27261728008675,85.04249999999999,0.0
2025-11-02T23:00Z,42892.63304901123,94.87131662251792,82.44,0.0
2025-11-03T00:00Z,42024.789947509766,87.8605134487122,80.105,0.0
2025-11-03T01:00Z,41916.11220550537,81.67000276243094,74.9975,0.0
2025-11-03T02:00Z,42364.07923126221,35.93090000000001,73.14,0.0
2025-11-03T03:00Z,44108.696548461914,81.86080139670645,74.9725,0.0
2025-11-03T04:00Z,48553.088539123535,89.71074390243903,75.0,0.0
2025-11-03T05:00Z,57298.292221069336,97.07137775031268,95.33,0.0
2025-11-03T06:00Z,62601.07572937012,97.85956206066555,117.255,0.0
2025-11-03T07:00Z,65851.47898864746,97.85956206066555,105.0,0.0
2025-11-03T08:00Z,66386.29425811768,96.27261728008675,85.7625,0.0
2025-11-03T09:00Z,66570.67353820801,87.8605134487122,75.44500000000001,0.0
2025-11-03T10:00Z,66576.89366912842,96.27261728008675,71.675,0.0
2025-11-03T11:00Z,66041.50426483154,35.93090000000001,67.99000000000001,0.0
2025-11-03T12:00Z,65317.53147125244,21.324754617468464,71.925,0.0
2025-11-03T13:00Z,64269.01146697998,20.41331893790761,74.975,0.0
2025-11-03T14:00Z,64093.42127227783,35.9309,82.60499999999999,0.0
2025-11-03T15:00Z,65157.3307800293,87.8605134487122,92.735,0.0
2025-11-03T16:00Z,68240.37578582764,96.27261728008675,92.52,0.0
2025-11-03T17:00Z,68461.81646728516,96.27261728008675,90.555,0.0
2025-11-03T18:00Z,67392.72232055664,87.8605134487122,81.57499999999999,0.0
2025-11-03T19:00Z,63786.59981536865,35.9309,71.63250000000001,0.0
2025-11-03T20:00Z,60133.674240112305,20.179071574532003,60.00749999999999,0.0
2025-11-03T21:00Z,56225.27126312256,19.979914529914524,52.7125,0.0
2025-11-03T22:00Z,52884.64054107666,19.97991452991453,28.715,0.0
2025-11-03T23:00Z,48861.71128845215,19.979914529914524,16.53,0.0
2025-11-04T00:00Z,47046.76606750488,0.0,7.2575,0.0
2025-11-04T01:00Z,46382.729820251465,0.0,4.925,0.0
2025-11-04T02:00Z,46577.80056762695,19.979914529914524,6.3125,0.0
2025-11-04T03:00Z,47992.07604980469,19.979914529914524,21.1975,0.0
2025-11-04T04:00Z,51585.86854553223,35.930899999999994,58.4325,0.0
2025-11-04T05:00Z,59236.156982421875,94.87131662251792,81.0375,0.0
2025-11-04T06:00Z,63863.06149291992,97.07137775031268,114.3075,0.0
2025-11-04T07:00Z,66254.95069122314,97.07137775031268,110.0,0.0
2025-11-04T08:00Z,66728.4872970581,96.27261728008675,80.8475,0.0
2025-11-04T09:00Z,66940.51318359375,96.27261728008675,60.6475,0.0
2025-11-04T10:00Z,65827.45602416992,97.07137775031268,52.87,0.0
2025-11-04T11:00Z,64674.77710723877,96.27261728008675,50.1525,0.0
2025-11-04T12:00Z,63224.9504699707,87.8605134487122,66.9375,0.0
2025-11-04T13:00Z,62234.214263916016,94.87131662251792,81.05,0.0
2025-11-04T14:00Z,62397.95082092285,96.27261728008675,116.265,0.0
2025-11-04T15:00Z,63659.66421508789,97.07137775031268,127.475,0.0
2025-11-04T16:00Z,67239.36015319824,98.22129346317297,129.1,0.0
2025-11-04T17:00Z,68022.43354797363,98.22129346317297,122.7625,0.0
2025-11-04T18:00Z,66600.25523376465,97.85956206066555,106.6975,0.0
2025-11-04T19:00Z,63077.70193481445,97.07137775031268,96.7525,0.0
2025-11-04T20:00Z,59264.00357055664,96.27261728008675,91.36500000000001,0.0
2025-11-04T21:00Z,55142.18778991699,87.8605134487122,86.2375,0.0
2025-11-04T22:00Z,51398.52722167969,35.9309,76.1225,0.0
2025-11-04T23:00Z,48854.95350646973,20.21801336529556,77.33,0.0
2025-11-05T00:00Z,46984.4172668457,19.97991452991453,75.8225,0.0
2025-11-05T01:00Z,45984.02445220947,19.979914529914527,74.35499999999999,0.0
2025-11-05T02:00Z,46548.5517578125,20.174743021012397,74.6825,0.0
2025-11-05T03:00Z,48211.91081237793,35.930899999999994,78.885,0.0
2025-11-05T04:00Z,52575.088691711426,87.8605134487122,85.0,0.0
2025-11-05T05:00Z,61378.10681915283,96.27261728008675,91.3625,0.0
2025-11-05T06:00Z,65747.92386627197,97.07137775031268,115.9,0.0
2025-11-05T07:00Z,68573.87255859375,97.85956206066555,107.115,0.0
2025-11-05T08:00Z,68262.24629974365,96.27261728008675,74.54,0.0
2025-11-05T09:00Z,67407.82601928711,89.71074390243903,62.8825,0.0
2025-11-05T10:00Z,66902.52890014648,96.27261728008675,62.0075,0.0
2025-11-05T11:00Z,65847.3607711792,96.27261728008675,62.07,0.0
2025-11-05T12:00Z,63676.04473114014,96.27261728008675,77.3325,0.0
2025-11-05T13:00Z,62147.28598022461,97.07137775031268,96.1925,0.0
2025-11-05T14:00Z,62946.8913269043,97.85956206066555,115.39500000000001,0.0
2025-11-05T15:00Z,64088.16128540039,98.22129346317297,141.3825,0.0
2025-11-05T16:00Z,67057.83379364014,100.66654331474969,147.4175,0.0
2025-11-05T17:00Z,67413.04774475098,100.66654331474969,127.58,0.0
2025-11-05T18:00Z,66241.09522247314,100.61690625,114.755,0.0
2025-11-05T19:00Z,62931.24977874756,98.22129346317297,104.79,0.0
2025-11-05T20:00Z,58994.95097351074,98.22129346317297,98.9175,0.0
2025-11-05T21:00Z,54820.5852432251,97.07137775031268,88.8475,0.0
2025-11-05T22:00Z,51255.7077255249,97.07137775031268,87.7,0.0
2025-11-05T23:00Z,49045.06726074219,97.07137775031268,93.3725,0.0
2025-11-06T00:00Z,47232.803215026855,96.27261728008675,90.83,0.0
2025-11-06T01:00Z,46595.99222564697,96.27261728008675,91.39750000000001,0.0
2025-11-06T02:00Z,46981.93159484863,97.07137775031268,90.505,0.0
2025-11-06T03:00Z,48377.64553070068,97.85956206066555,91.9,0.0
2025-11-06T04:00Z,52296.90924835205,99.27364890966956,92.17,0.0
2025-11-06T05:00Z,60694.59275817871,110.70326512405268,118.35,0.0
2025-11-06T06:00Z,65670.16730499268,110.70326512405268,130.2325,0.0
2025-11-06T07:00Z,68325.59379577637,110.70326512405268,119.68,0.0
2025-11-06T08:00Z,68417.18646240234,110.70326512405268,93.2125,0.0
2025-11-06T09:00Z,68247.08309173584,100.66654331474969,85.1575,0.0
2025-11-06T10:00Z,67449.39876556396,100.61690625,83.7,0.0
2025-11-06T11:00Z,66436.19259643555,98.22129346317297,83.9925,0.0
2025-11-06T12:00Z,64755.01724243164,98.22129346317297,87.17999999999999,0.0
2025-11-06T13:00Z,63623.71667480469,98.22129346317297,99.485,0.0
2025-11-06T14:00Z,63718.972999572754,99.27364890966956,128.24,0.0
2025-11-06T15:00Z,64677.61526489258,100.66654331474969,147.495,0.0
2025-11-06T16:00Z,68022.02825164795,110.70326512405268,154.255,0.0
2025-11-06T17:00Z,68234.63328552246,110.70326512405268,137.4475,0.0
2025-11-06T18:00Z,67035.87770080566,107.14837644051812,126.4625,0.0
2025-11-06T19:00Z,63789.83748626709,100.66654331474969,114.97,0.0
2025-11-06T20:00Z,59761.26641082764,100.61690625,100.98,0.0
2025-11-06T21:00Z,56323.80602264404,100.61690625,97.485,0.0
2025-11-06T22:00Z,52038.45671081543,99.27364890966956,90.55250000000001,0.0
2025-11-06T23:00Z,49208.095291137695,98.22129346317297,90.1775,0.0
2025-11-07T00:00Z,47481.11054992676,98.22129346317297,88.8225,0.0
2025-11-07T01:00Z,47057.824447631836,98.22129346317297,89.6,0.0
2025-11-07T02:00Z,47627.50873565674,98.22129346317297,89.61250000000001,0.0
2025-11-07T03:00Z,48915.86572265625,99.27364890966956,90.41,0.0
2025-11-07T04:00Z,52471.41075134277,100.66654331474969,94.21000000000001,0.0
2025-11-07T05:00Z,59978.58309173584,110.70326512405268,112.265,0.0
2025-11-07T06:00Z,65353.58729553223,113.63949367666063,133.8825,0.0
2025-11-07T07:00Z,68213.3983001709,115.60662378739066,128.0475,0.0
2025-11-07T08:00Z,68328.2424697876,110.70326512405268,108.10499999999999,0.0
2025-11-07T09:00Z,68927.88752746582,110.70326512405268,93.38,0.0
2025-11-07T10:00Z,68467.32272338867,110.70326512405268,89.9875,0.0
2025-11-07T11:00Z,67455.89629364014,107.14837644051812,88.80250000000001,0.0
2025-11-07T12:00Z,65726.48422241211,100.66654331474969,92.05250000000001,0.0
2025-11-07T13:00Z,64381.29581451416,100.66654331474969,103.1,0.0
2025-11-07T14:00Z,64444.701820373535,110.70326512405268,129.6225,0.0
2025-11-07T15:00Z,65326.80702209473,113.63949367666063,165.1225,0.0
2025-11-07T16:00Z,67618.76155853271,116.64938355451135,178.5375,0.0
2025-11-07T17:00Z,66799.68626403809,116.64938355451135,145.6825,0.0
2025-11-07T18:00Z,64346.60827636719,115.60662378739066,131.4825,0.0
2025-11-07T19:00Z,60708.869941711426,115.60662378739066,119.42750000000001,0.0
2025-11-07T20:00Z,56756.940757751465,110.70326512405268,106.6525,0.0
2025-11-07T21:00Z,53540.989334106445,110.70326512405268,98.275,0.0
2025-11-07T22:00Z,50549.97978210449,110.70326512405268,92.0525,0.0
2025-11-07T23:00Z,47658.04348754883,110.70326512405268,96.53,0.0
2025-11-08T00:00Z,45722.87380218506,107.14837644051812,96.325,0.0
2025-11-08T01:00Z,44600.89856719971,107.14837644051812,93.9975,0.0
2025-11-08T02:00Z,44233.07795715332,107.14837644051812,93.9725,0.0
2025-11-08T03:00Z,44400.45275878906,107.14837644051812,95.0375,0.0
2025-11-08T04:00Z,45255.44176483154,107.14837644051812,94.195,0.0
2025-11-08T05:00Z,47133.817443847656,110.70326512405268,95.2775,0.0
2025-11-08T06:00Z,50032.02323913574,110.70326512405268,103.8425,0.0
2025-11-08T07:00Z,53528.41720581055,110.70326512405268,105.5,0.0
2025-11-08T08:00Z,56191.10453796387,110.70326512405268,103.62,0.0
2025-11-08T09:00Z,57492.30748748779,110.70326512405268,102.1775,0.0
2025-11-08T10:00Z,58654.876693725586,110.70326512405268,96.94749999999999,0.0
2025-11-08T11:00Z,58531.69680786133,110.70326512405268,95.16,0.0
2025-11-08T12:00Z,56463.6695022583,107.14837644051812,95.9125,0.0
2025-11-08T13:00Z,55377.52367401123,110.70326512405268,101.54249999999999,0.0
2025-11-08T14:00Z,55480.167739868164,110.70326512405268,117.6175,0.0
2025-11-08T15:00Z,56807.753730773926,110.70326512405268,124.63499999999999,0.0
2025-11-08T16:00Z,59485.00846862793,115.60662378739066,134.915,0.0
2025-11-08T17:00Z,59134.12697601318,115.60662378739066,136.5325,0.0
2025-11-08T18:00Z,57041.891929626465,115.60662378739066,131.98000000000002,0.0
2025-11-08T19:00Z,53684.3567199707,110.70326512405268,122.9675,0.0
2025-11-08T20:00Z,51046.752265930176,110.70326512405268,113.305,0.0
2025-11-08T21:00Z,49242.40818023682,110.70326512405268,106.26,0.0
2025-11-08T22:00Z,46302.78029632568,110.70326512405268,96.905,0.0
2025-11-08T23:00Z,43912.05857849121,107.14837644051812,96.345,0.0
2025-11-09T00:00Z,41501.2653427124,100.66654331474969,94.555,0.0
2025-11-09T01:00Z,39967.25403594971,100.61690625,92.8325,0.0
2025-11-09T02:00Z,39667.01195526123,100.61690625,91.1325,0.0
2025-11-09T03:00Z,39990.31880187988,100.61690625,91.64750000000001,0.0
2025-11-09T04:00Z,40395.921226501465,100.61690625,91.685,0.0
2025-11-09T05:00Z,41607.24182128906,100.66654331474969,89.9375,0.0
2025-11-09T06:00Z,43673.389724731445,100.66654331474969,88.615,0.0
2025-11-09T07:00Z,46888.76754760742,110.70326512405268,97.27250000000001,0.0
2025-11-09T08:00Z,50078.03858947754,110.70326512405268,97.6175,0.0
2025-11-09T09:00Z,52517.0823059082,110.70326512405268,97.0325,0.0
2025-11-09T10:00Z,55016.276206970215,110.70326512405268,97.305,0.0
2025-11-09T11:00Z,55383.324966430664,110.70326512405268,97.8375,0.0
2025-11-09T12:00Z,54083.083740234375,110.70326512405268,96.4025,0.0
2025-11-09T13:00Z,53132.57345581055,110.70326512405268,97.315,0.0
2025-11-09T14:00Z,53166.34910583496,110.70326512405268,97.795,0.0
2025-11-09T15:00Z,54327.06691741943,110.70326512405268,109.8475,0.0
2025-11-09T16:00Z,57532.22830963135,110.70326512405268,125.1,0.0
2025-11-09T17:00Z,57556.31290435791,110.70326512405268,126.1,0.0
2025-11-09T18:00Z,55626.79669189453,110.70326512405268,117.955,0.0
2025-11-09T19:00Z,53401.90266418457,110.70326512405268,106.0,0.0
2025-11-09T20:00Z,51205.40343475342,110.70326512405268,93.5375,0.0
2025-11-09T21:00Z,49819.252769470215,110.70326512405268,92.315,0.0
2025-11-09T22:00Z,46972.479248046875,107.14837644051812,89.93,0.0
2025-11-09T23:00Z,44611.01974487305,100.66654331474969,88.98,0.0
2025-11-10T00:00Z,42891.367584228516,100.61690625,87.63499999999999,0.0
2025-11-10T01:00Z,42405.02643585205,100.61690625,88.9025,0.0
2025-11-10T02:00Z,43025.76982879639,100.61690625,87.5225,0.0
2025-11-10T03:00Z,44905.144203186035,100.61690625,87.1775,0.0
2025-11-10T04:00Z,49509.453117370605,107.14837644051812,92.3125,0.0
2025-11-10T05:00Z,58275.57569885254,110.70326512405268,113.4525,0.0
2025-11-10T06:00Z,63983.77931213379,115.60662378739066,142.995,0.0
2025-11-10T07:00Z,66766.06820678711,115.60662378739066,157.875,0.0
2025-11-10T08:00Z,67588.68310546875,115.60662378739066,144.29749999999999,0.0
2025-11-10T09:00Z,67960.35177612305,115.60662378739066,126.27250000000001,0.0
2025-11-10T10:00Z,68092.78359985352,113.63949367666063,115.245,0.0
2025-11-10T11:00Z,67821.57049560547,110.70326512405268,105.9225,0.0
2025-11-10T12:00Z,66849.56645965576,110.70326512405268,108.41,0.0
2025-11-10T13:00Z,65395.85202789307,110.70326512405268,115.565,0.0
2025-11-10T14:00Z,64984.45281982422,110.70326512405268,126.2525,0.0
2025-11-10T15:00Z,65781.03347015381,110.70326512405268,133.35500000000002,0.0
2025-11-10T16:00Z,68473.00304412842,113.63949367666063,139.4025,0.0
2025-11-10T17:00Z,68334.25247192383,110.70326512405268,120.725,0.0
2025-11-10T18:00Z,66724.14240264893,110.70326512405268,103.6625,0.0
2025-11-10T19:00Z,63325.21357727051,110.70326512405268,90.11,0.0
2025-11-10T20:00Z,59615.7084274292,100.66654331474969,88.9875,0.0
2025-11-10T21:00Z,55956.065170288086,99.27364890966956,88.39250000000001,0.0
2025-11-10T22:00Z,52145.18575286865,98.22129346317297,83.87,0.0
2025-11-10T23:00Z,49535.03598022461,97.85956206066555,83.19,0.0
2025-11-11T00:00Z,47458.111251831055,97.07137775031268,79.9825,0.0
2025-11-11T01:00Z,46703.31401062012,96.27261728008675,75.80250000000001,0.0
2025-11-11T02:00Z,47411.88592529297,96.27261728008675,74.87,0.0
2025-11-11T03:00Z,49140.4969329834,96.27261728008675,75.495,0.0
2025-11-11T04:00Z,52142.85813140869,97.07137775031268,77.07249999999999,0.0
2025-11-11T05:00Z,60071.46700286865,98.22129346317297,86.7875,0.0
2025-11-11T06:00Z,65423.03623199463,100.61690625,105.21,0.0
2025-11-11T07:00Z,68228.50060272217,100.66654331474969,113.7975,0.0
2025-11-11T08:00Z,68459.25109863281,100.61690625,103.11500000000001,0.0
2025-11-11T09:00Z,68548.66710662842,98.22129346317297,91.4725,0.0
2025-11-11T10:00Z,68411.13889312744,100.61690625,87.9225,0.0
2025-11-11T11:00Z,67024.32089233398,97.85956206066555,86.66,0.0
2025-11-11T12:00Z,66195.10930633545,97.85956206066555,89.93,0.0
2025-11-11T13:00Z,65061.18103027344,98.22129346317297,101.235,0.0
2025-11-11T14:00Z,64626.56800079346,100.61690625,124.275,0.0
2025-11-11T15:00Z,65674.72476959229,107.14837644051812,143.0725,0.0
2025-11-11T16:00Z,68382.09661865234,110.70326512405268,143.2575,0.0
2025-11-11T17:00Z,68557.04912567139,110.70326512405268,114.9975,0.0
2025-11-11T18:00Z,66879.27783203125,110.70326512405268,105.0325,0.0
2025-11-11T19:00Z,63409.11192321777,100.66654331474969,98.17500000000001,0.0
2025-11-11T20:00Z,59399.3815612793,98.22129346317297,96.3825,0.0
2025-11-11T21:00Z,55728.787940979004,97.85956206066555,92.06,0.0
2025-11-11T22:00Z,52100.80142211914,97.07137775031268,75.5,0.0
2025-11-11T23:00Z,49338.49655914307,96.27261728008675,74.9775,0.0
2025-11-12T00:00Z,47802.629081726074,96.27261728008675,68.315,0.0
2025-11-12T01:00Z,46806.84386444092,94.87131662251792,64.41,0.0
2025-11-12T02:00Z,47534.06632232666,89.12174847060206,62.4,0.0
2025-11-12T03:00Z,49250.064392089844,87.8605134487122,62.3,0.0
2025-11-12T04:00Z,53034.5824508667,89.71074390243903,69.3,0.0
2025-11-12T05:00Z,60844.95162200928,96.27261728008675,76.9975,0.0
2025-11-12T06:00Z,66530.24100494385,97.07137775031268,107.25999999999999,0.0
2025-11-12T07:00Z,69299.08631896973,97.07137775031268,100.7225,0.0
2025-11-12T08:00Z,69890.5121307373,96.27261728008675,78.1125,0.0
2025-11-12T09:00Z,69506.69773864746,89.71074390243903,71.5275,0.0
2025-11-12T10:00Z,69107.09023284912,89.71074390243903,60.005,0.0
2025-11-12T11:00Z,67989.6838760376,81.86080139670645,59.135,0.0
2025-11-12T12:00Z,66583.99927520752,35.93090000000001,73.7675,0.0
2025-11-12T13:00Z,65006.77252960205,35.93090000000001,80.425,0.0
2025-11-12T14:00Z,64787.71346282959,87.8605134487122,104.97,0.0
2025-11-12T15:00Z,66346.14148712158,96.27261728008675,113.625,0.0
2025-11-12T16:00Z,69157.2054901123,96.27261728008675,115.395,0.0
2025-11-12T17:00Z,69042.68637084961,96.27261728008675,104.8675,0.0
2025-11-12T18:00Z,67212.99970245361,87.8605134487122,88.9275,0.0
2025-11-12T19:00Z,63738.96385192871,35.93089999999999,80.945,0.0
2025-11-12T20:00Z,59973.12098693848,19.979914529914527,76.905,0.0
2025-11-12T21:00Z,56122.91177368164,19.979914529914524,75.545,0.0
2025-11-12T22:00Z,52228.78815460205,0.0,56.934999999999995,0.0
2025-11-12T23:00Z,49183.19889831543,-5.0,32.917500000000004,0.0
2025-11-13T00:00Z,48170.75279998779,-5.0,18.9725,0.0
2025-11-13T01:00Z,47209.9214553833,-5.0,11.1875,0.0
2025-11-13T02:00Z,47686.254737854004,-5.0,7.78,0.0
2025-11-13T03:00Z,48927.41256713867,-5.0,6.0,0.0
2025-11-13T04:00Z,52746.60097503662,-5.0,25.9725,0.0
2025-11-13T05:00Z,60757.73571014404,19.979914529914527,50.885000000000005,0.0
2025-11-13T06:00Z,66187.86441040039,20.179071574532003,76.845,0.0
2025-11-13T07:00Z,68939.54095458984,20.437413077687253,66.0825,0.0
2025-11-13T08:00Z,69728.00170898438,19.979914529914524,53.61,0.0
2025-11-13T09:00Z,70722.00255584717,-5.0,50.3225,0.0
2025-11-13T10:00Z,70175.70384979248,19.979914529914524,42.96,0.0
2025-11-13T11:00Z,69239.14376068115,-5.0,48.089999999999996,0.0
2025-11-13T12:00Z,67634.8455734253,-5.0,60.5725,0.0
2025-11-13T13:00Z,66646.75930786133,-5.0,77.335,0.0
2025-11-13T14:00Z,65809.2378692627,19.979914529914524,101.66499999999999,0.0
2025-11-13T15:00Z,67321.70681762695,81.86080139670645,111.5125,0.0
2025-11-13T16:00Z,69307.45810699463,96.27261728008675,130.1,0.0
2025-11-13T17:00Z,69030.10569000244,96.27261728008675,131.8025,0.0
2025-11-13T18:00Z,66315.00155639648,96.27261728008675,129.8875,0.0
2025-11-13T19:00Z,62832.32541656494,97.07137775031268,111.845,0.0
2025-11-13T20:00Z,59198.25666809082,97.85956206066555,116.60749999999999,0.0
2025-11-13T21:00Z,55336.83027648926,98.22129346317297,110.58500000000001,0.0
2025-11-13T22:00Z,51218.96592712402,99.27364890966956,102.77250000000001,0.0
2025-11-13T23:00Z,47899.084732055664,98.22129346317297,98.4425,0.0
2025-11-14T00:00Z,45829.058738708496,98.22129346317297,95.8025,0.0
2025-11-14T01:00Z,45425.484703063965,99.27364890966956,94.9325,0.0
2025-11-14T02:00Z,45718.76264953613,99.27364890966956,91.53,0.0
2025-11-14T03:00Z,47009.14705657959,99.27364890966956,92.13,0.0
2025-11-14T04:00Z,50839.833168029785,100.61690625,91.60249999999999,0.0
2025-11-14T05:00Z,58994.63788604736,107.14837644051812,112.7775,0.0
2025-11-14T06:00Z,64473.514419555664,110.70326512405268,138.3475,0.0
2025-11-14T07:00Z,66998.95594024658,110.70326512405268,136.385,0.0
2025-11-14T08:00Z,67410.39653778076,100.66654331474969,120.9025,0.0
2025-11-14T09:00Z,67741.77651977539,100.61690625,112.0275,0.0
2025-11-14T10:00Z,67821.9810180664,100.61690625,106.035,0.0
2025-11-14T11:00Z,67053.08446502686,98.22129346317297,101.225,0.0
2025-11-14T12:00Z,65373.00799560547,98.22129346317297,105.4225,0.0
2025-11-14T13:00Z,64232.93653869629,97.85956206066555,107.0625,0.0
2025-11-14T14:00Z,64278.707427978516,98.22129346317297,115.3925,0.0
2025-11-14T15:00Z,65552.83842468262,100.61690625,115.965,0.0
2025-11-14T16:00Z,67658.27526855469,107.14837644051812,131.57,0.0
2025-11-14T17:00Z,67167.86389160156,100.66654331474969,119.81,0.0
2025-11-14T18:00Z,64510.666511535645,100.61690625,106.49,0.0
2025-11-14T19:00Z,60490.35038757324,98.22129346317297,98.91499999999999,0.0
2025-11-14T20:00Z,57476.58416748047,97.85956206066555,93.1625,0.0
2025-11-14T21:00Z,54237.6703414917,97.07137775031268,97.015,0.0
2025-11-14T22:00Z,50753.48617553711,96.27261728008675,78.65,0.0
2025-11-14T23:00Z,47793.608001708984,87.8605134487122,77.3775,0.0
2025-11-15T00:00Z,45687.10079956055,87.8605134487122,77.95,0.0
2025-11-15T01:00Z,44421.37763214111,35.93090000000001,74.7175,0.0
2025-11-15T02:00Z,43673.24951171875,35.930899999999994,73.03,0.0
2025-11-15T03:00Z,44283.565605163574,21.324754617468464,72.2,0.0
2025-11-15T04:00Z,44994.912185668945,20.41331893790761,70.615,0.0
2025-11-15T05:00Z,47899.805236816406,35.930899999999994,68.1575,0.0
2025-11-15T06:00Z,50262.239349365234,35.9309,77.055,0.0
2025-11-15T07:00Z,53065.23405456543,81.67000276243094,80.065,0.0
2025-11-15T08:00Z,55878.79219818115,81.86080139670645,85.235,0.0
2025-11-15T09:00Z,57833.8095703125,87.8605134487122,85.6125,0.0
2025-11-15T10:00Z,58841.92008972168,94.87131662251792,85.4225,0.0
2025-11-15T11:00Z,57671.9739151001,87.8605134487122,84.1925,0.0
2025-11-15T12:00Z,56592.47473907471,35.93090000000001,90.6675,0.0
2025-11-15T13:00Z,55772.3270111084,87.8605134487122,94.6525,0.0
2025-11-15T14:00Z,55783.974044799805,96.27261728008675,101.1925,0.0
2025-11-15T15:00Z,57027.38407897949,96.27261728008675,109.7925,0.0
2025-11-15T16:00Z,59153.22762298584,97.85956206066555,121.8,0.0
2025-11-15T17:00Z,58895.64143371582,97.85956206066555,121.52250000000001,0.0
2025-11-15T18:00Z,56305.30966949463,97.07137775031268,114.065,0.0
2025-11-15T19:00Z,53667.53002166748,96.27261728008675,109.125,0.0
2025-11-15T20:00Z,50827.86148071289,96.27261728008675,102.885,0.0
2025-11-15T21:00Z,48841.43846130371,96.27261728008675,101.7175,0.0
2025-11-15T22:00Z,45950.16323852539,97.07137775031268,97.8675,0.0
2025-11-15T23:00Z,43103.69995880127,97.07137775031268,93.7475,0.0
2025-11-16T00:00Z,40857.41117095947,96.27261728008675,95.0,0.0
2025-11-16T01:00Z,40125.231269836426,96.27261728008675,93.35,0.0
2025-11-16T02:00Z,39824.789794921875,97.07137775031268,91.45,0.0
2025-11-16T03:00Z,39904.385177612305,97.07137775031268,88.215,0.0
2025-11-16T04:00Z,40466.53687286377,97.07137775031268,91.13,0.0
2025-11-16T05:00Z,41662.897201538086,97.07137775031268,85.6725,0.0
2025-11-16T06:00Z,44025.2841796875,97.85956206066555,92.4875,0.0
2025-11-16T07:00Z,47212.71273803711,98.22129346317297,98.49,0.0
2025-11-16T08:00Z,49979.50475311279,98.22129346317297,101.185,0.0
2025-11-16T09:00Z,52214.013244628906,98.22129346317297,99.2775,0.0
2025-11-16T10:00Z,54503.70325469971,99.27364890966956,102.5675,0.0
2025-11-16T11:00Z,54262.37497711182,98.22129346317297,102.4675,0.0
2025-11-16T12:00Z,53078.170570373535,98.22129346317297,103.9975,0.0
2025-11-16T13:00Z,52028.94408416748,99.27364890966956,109.265,0.0
2025-11-16T14:00Z,52141.082374572754,100.66654331474969,116.72,0.0
2025-11-16T15:00Z,53940.18338012695,110.70326512405268,124.495,0.0
2025-11-16T16:00Z,56795.65229034424,110.70326512405268,129.3725,0.0
2025-11-16T17:00Z,57118.86724090576,110.70326512405268,125.21,0.0
2025-11-16T18:00Z,55248.403312683105,107.14837644051812,115.33,0.0
2025-11-16T19:00Z,53429.17224884033,100.61690625,102.7175,0.0
2025-11-16T20:00Z,51602.296936035156,98.22129346317297,91.41,0.0
2025-11-16T21:00Z,50085.72106170654,97.85956206066555,94.38499999999999,0.0
2025-11-16T22:00Z,47765.40784454346,97.07137775031268,86.5275,0.0
2025-11-16T23:00Z,45336.310485839844,97.07137775031268,88.29,0.0
2025-11-17T00:00Z,43663.4475402832,96.27261728008675,80.5575,0.0
2025-11-17T01:00Z,43615.06977844238,96.27261728008675,74.0875,0.0
2025-11-17T02:00Z,44758.39807128906,96.27261728008675,71.32249999999999,0.0
2025-11-17T03:00Z,46698.144454956055,96.27261728008675,74.095,0.0
2025-11-17T04:00Z,50402.1929397583,97.07137775031268,83.6,0.0
2025-11-17T05:00Z,59660.5376663208,98.22129346317297,89.59,0.0
2025-11-17T06:00Z,65880.21842956543,100.66654331474969,114.8675,0.0
2025-11-17T07:00Z,69100.07452392578,107.14837644051812,126.9925,0.0
2025-11-17T08:00Z,69754.86235809326,107.14837644051812,121.6875,0.0
2025-11-17T09:00Z,70312.18692779541,100.61690625,105.215,0.0
2025-11-17T10:00Z,71286.97687530518,107.14837644051812,84.3925,0.0
2025-11-17T11:00Z,71301.7035446167,100.61690625,77.805,0.0
2025-11-17T12:00Z,70351.06635284424,97.85956206066555,77.785,0.0
2025-11-17T13:00Z,69214.10656738281,97.07137775031268,87.035,0.0
2025-11-17T14:00Z,68851.07021331787,97.07137775031268,97.52,0.0
2025-11-17T15:00Z,69584.87962341309,98.22129346317297,107.32000000000001,0.0
2025-11-17T16:00Z,71875.86135864258,100.66654331474969,117.355,0.0
2025-11-17T17:00Z,70305.19982147217,100.66654331474969,116.49249999999999,0.0
2025-11-17T18:00Z,68499.5598526001,100.66654331474969,110.7025,0.0
2025-11-17T19:00Z,65634.94598388672,100.61690625,102.89,0.0
2025-11-17T20:00Z,62719.39173126221,98.22129346317297,92.69749999999999,0.0
2025-11-17T21:00Z,58532.81150817871,97.85956206066555,89.7075,0.0
2025-11-17T22:00Z,54578.23645019531,96.27261728008675,81.14,0.0
2025-11-17T23:00Z,51719.934730529785,94.87131662251792,84.88499999999999,0.0
2025-11-18T00:00Z,50728.57189178467,87.8605134487122,82.83,0.0
2025-11-18T01:00Z,50371.79647064209,81.86080139670645,79.0375,0.0
2025-11-18T02:00Z,50631.90954589844,81.67000276243094,77.7175,0.0
2025-11-18T03:00Z,52069.26641082764,81.86080139670645,80.5125,0.0
2025-11-18T04:00Z,56316.34397125244,89.71074390243903,83.4725,0.0
2025-11-18T05:00Z,64045.50263214111,97.07137775031268,91.0475,0.0
2025-11-18T06:00Z,70100.62921142578,98.22129346317297,104.735,0.0
2025-11-18T07:00Z,72981.14743804932,98.22129346317297,119.84,0.0
2025-11-18T08:00Z,71871.2544631958,97.85956206066555,107.45,0.0
2025-11-18T09:00Z,71728.37521362305,97.07137775031268,92.1275,0.0
2025-11-18T10:00Z,71330.84142303467,98.22129346317297,88.7975,0.0
2025-11-18T11:00Z,69823.39521789551,96.27261728008675,89.2,0.0
2025-11-18T12:00Z,68860.22203063965,96.27261728008675,90.6,0.0
2025-11-18T13:00Z,67580.48313903809,96.27261728008675,96.575,0.0
2025-11-18T14:00Z,67771.91736602783,96.27261728008675,120.595,0.0
2025-11-18T15:00Z,69284.66024017334,97.85956206066555,141.9125,0.0
2025-11-18T16:00Z,71441.17428588867,99.27364890966956,151.66,0.0
2025-11-18T17:00Z,71095.59924316406,98.22129346317297,143.8025,0.0
2025-11-18T18:00Z,69174.30519866943,98.22129346317297,131.15,0.0
2025-11-18T19:00Z,65900.44466400146,97.85956206066555,107.13,0.0
2025-11-18T20:00Z,62301.41092681885,97.85956206066555,94.6425,0.0
2025-11-18T21:00Z,58186.81700134277,97.07137775031268,97.4825,0.0
2025-11-18T22:00Z,54445.96466064453,97.85956206066555,89.9625,0.0
2025-11-18T23:00Z,52058.88353729248,97.07137775031268,87.3775,0.0
2025-11-19T00:00Z,49669.882331848145,96.27261728008675,86.225,0.0
2025-11-19T01:00Z,49167.24952697754,96.27261728008675,84.1675,0.0
2025-11-19T02:00Z,49362.9243850708,96.27261728008675,83.185,0.0
2025-11-19T03:00Z,50326.27568817139,96.27261728008675,84.3925,0.0
2025-11-19T04:00Z,54163.46357727051,97.07137775031268,87.0025,0.0
2025-11-19T05:00Z,61684.78553771973,98.22129346317297,99.03,0.0
2025-11-19T06:00Z,67828.60959625244,100.66654331474969,127.03,0.0
2025-11-19T07:00Z,70577.18269348145,107.14837644051812,136.67000000000002,0.0
2025-11-19T08:00Z,71336.31576538086,100.61690625,115.1625,0.0
2025-11-19T09:00Z,71479.11461639404,99.27364890966956,97.52250000000001,0.0
2025-11-19T10:00Z,72145.85103607178,100.61690625,91.62,0.0
2025-11-19T11:00Z,70958.98026275635,98.22129346317297,89.59,0.0
2025-11-19T12:00Z,69928.69051361084,98.22129346317297,93.5975,0.0
2025-11-19T13:00Z,68938.93013000488,99.27364890966956,104.62,0.0
2025-11-19T14:00Z,68816.94193267822,100.61690625,113.05,0.0
2025-11-19T15:00Z,69793.36613464355,100.66654331474969,117.8075,0.0
2025-11-19T16:00Z,71698.22849273682,110.70326512405268,127.5675,0.0
2025-11-19T17:00Z,71539.17412567139,110.70326512405268,119.19,0.0
2025-11-19T18:00Z,69584.63025665283,107.14837644051812,119.05,0.0
2025-11-19T19:00Z,66081.06729125977,100.61690625,105.6875,0.0
2025-11-19T20:00Z,62905.22880554199,99.27364890966956,100.225,0.0
2025-11-19T21:00Z,59493.11695098877,98.22129346317297,99.17,0.0
2025-11-19T22:00Z,55837.911529541016,98.22129346317297,91.885,0.0
2025-11-19T23:00Z,51833.26955413818,97.85956206066555,90.6275,0.0
2025-11-20T00:00Z,50071.47487640381,97.07137775031268,88.0925,0.0
2025-11-20T01:00Z,49703.203704833984,97.07137775031268,87.0325,0.0
2025-11-20T02:00Z,49842.53853607178,97.07137775031268,86.795,0.0
2025-11-20T03:00Z,50788.59098815918,97.07137775031268,87.125,0.0
2025-11-20T04:00Z,54557.27088928223,97.07137775031268,90.5025,0.0
2025-11-20T05:00Z,62608.79392242432,99.27364890966956,103.6825,0.0
2025-11-20T06:00Z,68529.87133026123,100.66654331474969,144.4075,0.0
2025-11-20T07:00Z,71387.76039123535,110.70326512405268,155.715,0.0
2025-11-20T08:00Z,71799.00663757324,110.70326512405268,153.655,0.0
2025-11-20T09:00Z,72674.96472167969,110.70326512405268,141.27,0.0
2025-11-20T10:00Z,72756.34606933594,110.70326512405268,129.3025,0.0
2025-11-20T11:00Z,72463.85355377197,107.14837644051812,125.055,0.0
2025-11-20T12:00Z,71398.40888214111,100.66654331474969,126.1,0.0
2025-11-20T13:00Z,70367.6326828003,100.61690625,134.2025,0.0
2025-11-20T14:00Z,70191.30865478516,100.66654331474969,149.685,0.0
2025-11-20T15:00Z,71636.044921875,110.70326512405268,175.82999999999998,0.0
2025-11-20T16:00Z,73721.94842529297,115.60662378739066,175.4725,0.0
2025-11-20T17:00Z,72834.94334411621,115.60662378739066,163.25,0.0
2025-11-20T18:00Z,70910.94507598877,113.63949367666063,156.01749999999998,0.0
2025-11-20T19:00Z,67718.80461120605,110.70326512405268,137.1025,0.0
2025-11-20T20:00Z,64421.22682952881,110.70326512405268,120.7525,0.0
2025-11-20T21:00Z,60314.02488708496,110.70326512405268,108.235,0.0
2025-11-20T22:00Z,56846.14984893799,110.70326512405268,93.7625,0.0
2025-11-20T23:00Z,54207.0552444458,107.14837644051812,101.5525,0.0
2025-11-21T00:00Z,52653.90930938721,107.14837644051812,94.14,0.0
2025-11-21T01:00Z,51909.5710144043,107.14837644051812,90.2825,0.0
2025-11-21T02:00Z,51834.26852416992,107.14837644051812,90.185,0.0
2025-11-21T03:00Z,53276.99123382568,110.70326512405268,93.625,0.0
2025-11-21T04:00Z,56544.647468566895,110.70326512405268,101.865,0.0
2025-11-21T05:00Z,63758.58497619629,113.63949367666063,133.525,0.0
2025-11-21T06:00Z,69409.82452392578,115.60662378739066,180.42000000000002,0.0
2025-11-21T07:00Z,72484.19190216064,116.64938355451135,205.3825,0.0
2025-11-21T08:00Z,72568.83033752441,115.60662378739066,181.82999999999998,0.0
2025-11-21T09:00Z,72560.7833328247,113.63949367666063,151.015,0.0
2025-11-21T10:00Z,71739.38858032227,110.70326512405268,137.72,0.0
2025-11-21T11:00Z,70176.85858917236,110.70326512405268,130.3425,0.0
2025-11-21T12:00Z,67848.29398345947,107.14837644051812,135.57500000000002,0.0
2025-11-21T13:00Z,66610.91047668457,110.70326512405268,153.7525,0.0
2025-11-21T14:00Z,66818.55849456787,110.70326512405268,196.8375,0.0
2025-11-21T15:00Z,68305.59322357178,113.63949367666063,251.87,0.0
2025-11-21T16:00Z,70389.00478363037,116.64938355451135,250.0075,0.0
2025-11-21T17:00Z,69479.76411437988,116.64938355451135,205.0875,0.0
2025-11-21T18:00Z,67622.48132324219,115.60662378739066,171.3675,0.0
2025-11-21T19:00Z,64388.26551818848,115.60662378739066,141.95,0.0
2025-11-21T20:00Z,61152.272689819336,110.70326512405268,117.3075,0.0
2025-11-21T21:00Z,58451.983085632324,110.70326512405268,104.9,0.0
2025-11-21T22:00Z,55082.73602294922,100.66654331474969,95.0325,0.0
2025-11-21T23:00Z,52722.06992340088,100.61690625,102.2475,0.0
2025-11-22T00:00Z,51080.44242858887,98.22129346317297,94.6,0.0
2025-11-22T01:00Z,50670.12773132324,98.22129346317297,88.44,0.0
2025-11-22T02:00Z,50089.78073883057,97.85956206066555,85.2775,0.0
2025-11-22T03:00Z,50064.40027618408,97.85956206066555,86.0975,0.0
2025-11-22T04:00Z,50486.91522216797,97.85956206066555,85.2775,0.0
2025-11-22T05:00Z,52332.744140625,97.85956206066555,90.52250000000001,0.0
2025-11-22T06:00Z,55082.158752441406,98.22129346317297,106.7475,0.0
2025-11-22T07:00Z,58898.546714782715,98.22129346317297,104.21000000000001,0.0
2025-11-22T08:00Z,61291.40045928955,97.85956206066555,89.1175,0.0
2025-11-22T09:00Z,63005.13150024414,96.27261728008675,82.00999999999999,0.0
2025-11-22T10:00Z,62200.983642578125,96.27261728008675,78.58,0.0
2025-11-22T11:00Z,61439.39793395996,89.71074390243903,76.2825,0.0
2025-11-22T12:00Z,59779.907722473145,87.8605134487122,75.3675,0.0
2025-11-22T13:00Z,58532.653549194336,81.86080139670645,81.645,0.0
2025-11-22T14:00Z,59132.352767944336,89.12174847060206,88.965,0.0
2025-11-22T15:00Z,61491.89106750488,96.27261728008675,105.0,0.0
2025-11-22T16:00Z,64243.05561065674,97.85956206066555,114.455,0.0
2025-11-22T17:00Z,64419.91815185547,97.85956206066555,109.2525,0.0
2025-11-22T18:00Z,63264.33588409424,97.07137775031268,98.33,0.0
2025-11-22T19:00Z,60430.28450012207,96.27261728008675,86.61,0.0
2025-11-22T20:00Z,58014.44795227051,96.27261728008675,89.2475,0.0
2025-11-22T21:00Z,56332.00477600098,94.87131662251792,89.4275,0.0
2025-11-22T22:00Z,53755.83560180664,87.8605134487122,82.23,0.0
2025-11-22T23:00Z,50354.0718460083,81.86080139670645,81.5275,0.0
2025-11-23T00:00Z,48944.1589050293,35.93090000000001,74.35249999999999,0.0
2025-11-23T01:00Z,48002.94785308838,35.9309,70.44,0.0
2025-11-23T02:00Z,47609.1809463501,35.9309,63.230000000000004,0.0
2025-11-23T03:00Z,47613.47898864746,35.9309,60.885,0.0
2025-11-23T04:00Z,47351.84509277344,35.930899999999994,64.21,0.0
2025-11-23T05:00Z,48419.29460144043,35.9309,62.03,0.0
2025-11-23T06:00Z,50924.879638671875,81.67000276243094,67.9825,0.0
2025-11-23T07:00Z,54569.28458404541,87.8605134487122,67.8325,0.0
2025-11-23T08:00Z,56741.823570251465,35.93090000000001,65.96,0.0
2025-11-23T09:00Z,58730.52980041504,20.41331893790761,65.985,0.0
2025-11-23T10:00Z,60164.336280822754,35.9309,66.69,0.0
2025-11-23T11:00Z,59555.243743896484,19.979914529914527,67.8625,0.0
2025-11-23T12:00Z,57721.4553527832,-5.0,65.4575,0.0
2025-11-23T13:00Z,57037.37259674072,-5.0,69.42750000000001,0.0
2025-11-23T14:00Z,58594.483337402344,-5.0,77.28999999999999,0.0
2025-11-23T15:00Z,61799.38353729248,0.0,77.8875,0.0
2025-11-23T16:00Z,64932.88610076904,19.979914529914527,80.84,0.0
2025-11-23T17:00Z,65878.21911621094,19.979914529914524,82.54249999999999,0.0
2025-11-23T18:00Z,63818.71064758301,0.0,83.7975,0.0
2025-11-23T19:00Z,60905.18472290039,-5.0,77.4125,0.0
2025-11-23T20:00Z,58363.02286529541,-5.0,74.16,0.0
2025-11-23T21:00Z,56640.882987976074,19.979914529914524,75.1675,0.0
2025-11-23T22:00Z,53449.88368225098,35.9309,71.2625,0.0
2025-11-23T23:00Z,50937.74189758301,19.979914529914527,72.4575,0.0
2025-11-24T00:00Z,49293.79588317871,19.979914529914524,70.0625,0.0
2025-11-24T01:00Z,48816.71711730957,19.979914529914527,72.255,0.0
2025-11-24T02:00Z,48778.79860687256,20.174743021012397,73.275,0.0
2025-11-24T03:00Z,50665.36820983887,35.9309,73.755,0.0
2025-11-24T04:00Z,54823.974952697754,87.8605134487122,80.065,0.0
2025-11-24T05:00Z,63640.41251373291,97.07137775031268,90.3075,0.0
2025-11-24T06:00Z,70009.82094573975,98.22129346317297,104.3925,0.0
2025-11-24T07:00Z,72983.25266265869,100.61690625,107.785,0.0
2025-11-24T08:00Z,74173.93690490723,100.66654331474969,110.25999999999999,0.0
2025-11-24T09:00Z,74749.19164276123,100.66654331474969,117.44749999999999,0.0
2025-11-24T10:00Z,75214.46165466309,110.70326512405268,128.0375,0.0
2025-11-24T11:00Z,74367.30140686035,108.10109259259258,134.235,0.0
2025-11-24T12:00Z,73030.86798095703,110.70326512405268,149.9925,0.0
2025-11-24T13:00Z,71712.59907531738,110.70326512405268,173.5375,0.0
2025-11-24T14:00Z,71430.22827148438,110.70326512405268,195.8125,0.0
2025-11-24T15:00Z,72493.9087524414,110.70326512405268,225.775,0.0
2025-11-24T16:00Z,73676.88359069824,110.70326512405268,263.4825,0.0
2025-11-24T17:00Z,72750.92488098145,110.70326512405268,230.5875,0.0
2025-11-24T18:00Z,70682.3882598877,110.70326512405268,188.305,0.0
2025-11-24T19:00Z,67062.49391174316,110.70326512405268,151.185,0.0
2025-11-24T20:00Z,63646.85263824463,110.70326512405268,135.235,0.0
2025-11-24T21:00Z,59817.825828552246,110.70326512405268,123.035,0.0
2025-11-24T22:00Z,55822.34239959717,110.70326512405268,105.405,0.0
2025-11-24T23:00Z,53007.11739349365,107.14837644051812,100.9,0.0
2025-11-25T00:00Z,51215.871673583984,100.66654331474969,99.1525,0.0
2025-11-25T01:00Z,50332.08860015869,103.30365845824412,97.5875,0.0
2025-11-25T02:00Z,50796.191833496094,110.70326512405268,96.0975,0.0
2025-11-25T03:00Z,52255.58129119873,110.70326512405268,99.50999999999999,0.0
2025-11-25T04:00Z,56065.231048583984,110.70326512405268,106.72999999999999,0.0
2025-11-25T05:00Z,63683.912185668945,115.60662378739066,122.4075,0.0
2025-11-25T06:00Z,69747.80391693115,116.64938355451135,291.02,0.0
2025-11-25T07:00Z,72533.6109085083,116.8230767386702,333.275,0.0
2025-11-25T08:00Z,72823.16835021973,116.8230767386702,292.65,0.0
2025-11-25T09:00Z,72724.4886932373,116.73989511921783,273.085,0.0
2025-11-25T10:00Z,72769.10517120361,116.64938355451135,326.6275,0.0
2025-11-25T11:00Z,71888.39095306396,116.64938355451135,351.0,0.0
2025-11-25T12:00Z,71506.73810577393,116.64938355451135,317.65250000000003,0.0
2025-11-25T13:00Z,70829.8115234375,116.64938355451135,300.0,0.0
2025-11-25T14:00Z,70661.97023773193,116.64938355451135,309.995,0.0
2025-11-25T15:00Z,71477.18184661865,116.64938355451135,325.0825,0.0
2025-11-25T16:00Z,72767.6774520874,116.64938355451135,373.3125,0.0
2025-11-25T17:00Z,72109.1523513794,116.64938355451135,297.905,0.0
2025-11-25T18:00Z,70173.07488250732,115.60662378739066,249.3725,0.0
2025-11-25T19:00Z,66384.17599487305,113.63949367666063,172.835,0.0
2025-11-25T20:00Z,62851.0916595459,110.70326512405268,135.02,0.0
2025-11-25T21:00Z,59404.24518585205,110.70326512405268,119.155,0.0
2025-11-25T22:00Z,55428.039611816406,110.70326512405268,102.035,0.0
2025-11-25T23:00Z,52385.998039245605,107.14837644051812,92.85499999999999,0.0
2025-11-26T00:00Z,50777.71420288086,100.66654331474969,89.94999999999999,0.0
2025-11-26T01:00Z,50064.962478637695,100.66654331474969,88.325,0.0
2025-11-26T02:00Z,49830.133934020996,100.66654331474969,89.435,0.0
2025-11-26T03:00Z,51374.527893066406,107.14837644051812,89.80250000000001,0.0
2025-11-26T04:00Z,54881.869773864746,110.70326512405268,97.25,0.0
2025-11-26T05:00Z,62760.54706573486,110.70326512405268,129.8225,0.0
2025-11-26T06:00Z,68871.02206420898,115.60662378739066,191.17,0.0
2025-11-26T07:00Z,72134.73178100586,116.64938355451135,237.2225,0.0
2025-11-26T08:00Z,72606.0604171753,116.64938355451135,211.8475,0.0
2025-11-26T09:00Z,73082.84635925293,116.64938355451135,197.1375,0.0
2025-11-26T10:00Z,73419.98348999023,116.64938355451135,170.4975,0.0
2025-11-26T11:00Z,73212.94658660889,115.60662378739066,164.6825,0.0
2025-11-26T12:00Z,72624.10262298584,115.60662378739066,168.2375,0.0
2025-11-26T13:00Z,71834.5238647461,115.60662378739066,184.49,0.0
2025-11-26T14:00Z,71479.33532714844,115.60662378739066,223.7225,0.0
2025-11-26T15:00Z,72308.32837677002,116.64938355451135,294.3775,0.0
2025-11-26T16:00Z,73754.04624938965,116.64938355451135,294.61,0.0
2025-11-26T17:00Z,73059.04232788086,116.64938355451135,228.93,0.0
2025-11-26T18:00Z,71032.03623962402,116.64938355451135,183.675,0.0
2025-11-26T19:00Z,67134.04153442383,115.60662378739066,141.26,0.0
2025-11-26T20:00Z,63797.60737609863,110.70326512405268,114.9475,0.0
2025-11-26T21:00Z,60644.131492614746,110.70326512405268,101.9925,0.0
2025-11-26T22:00Z,56923.7236328125,100.66654331474969,90.1875,0.0
2025-11-26T23:00Z,53523.09289550781,99.27364890966956,89.945,0.0
2025-11-27T00:00Z,51666.27857208252,98.22129346317297,84.275,0.0
2025-11-27T01:00Z,50834.73888397217,97.85956206066555,79.9475,0.0
2025-11-27T02:00Z,51087.04080200195,97.07137775031268,77.3425,0.0
2025-11-27T03:00Z,52835.624656677246,97.07137775031268,79.94749999999999,0.0
2025-11-27T04:00Z,57304.1194229126,97.85956206066555,82.0775,0.0
2025-11-27T05:00Z,65616.59479522705,98.22129346317297,112.22,0.0
2025-11-27T06:00Z,71783.0295791626,100.61690625,122.0,0.0
2025-11-27T07:00Z,75178.07211303711,100.61690625,123.10499999999999,0.0
2025-11-27T08:00Z,75315.82860565186,98.22129346317297,106.9525,0.0
2025-11-27T09:00Z,75004.3597869873,97.07137775031268,90.9475,0.0
2025-11-27T10:00Z,74898.51664733887,96.27261728008675,88.66499999999999,0.0
2025-11-27T11:00Z,74457.65509796143,87.8605134487122,87.0625,0.0
2025-11-27T12:00Z,73923.83499908447,81.86080139670645,85.75999999999999,0.0
2025-11-27T13:00Z,72739.64699554443,87.8605134487122,89.2475,0.0
2025-11-27T14:00Z,73107.03015899658,87.8605134487122,90.6,0.0
2025-11-27T15:00Z,73962.98374176025,96.27261728008675,90.42999999999999,0.0
2025-11-27T16:00Z,75700.77947235107,96.27261728008675,97.5075,0.0
2025-11-27T17:00Z,74692.85961914062,96.27261728008675,101.3925,0.0
2025-11-27T18:00Z,72714.2809677124,89.71074390243903,88.27,0.0
2025-11-27T19:00Z,68990.98902130127,87.8605134487122,85.39750000000001,0.0
2025-11-27T20:00Z,65264.619537353516,35.93090000000001,80.625,0.0
2025-11-27T21:00Z,61759.64143371582,35.930899999999994,85.105,0.0
2025-11-27T22:00Z,57965.322898864746,81.86080139670645,69.45750000000001,0.0
2025-11-27T23:00Z,54939.99793243408,20.41331893790761,60.84,0.0
2025-11-28T00:00Z,53214.47026824951,19.979914529914527,55.0,0.0
2025-11-28T01:00Z,52087.42282104492,19.979914529914527,52.93,0.0
2025-11-28T02:00Z,52424.52747344971,19.97991452991453,47.8825,0.0
2025-11-28T03:00Z,53328.5053024292,20.21801336529556,58.375,0.0
2025-11-28T04:00Z,55961.661628723145,35.9309,61.04,0.0
2025-11-28T05:00Z,64201.70349884033,96.27261728008675,82.8625,0.0
2025-11-28T06:00Z,70332.26438140869,97.07137775031268,87.82,0.0
2025-11-28T07:00Z,72960.48232269287,98.22129346317297,100.475,0.0
2025-11-28T08:00Z,73056.68712615967,98.22129346317297,103.4,0.0
2025-11-28T09:00Z,72932.61822509766,98.22129346317297,97.845,0.0
2025-11-28T10:00Z,73047.73957061768,100.61690625,102.82,0.0
2025-11-28T11:00Z,71873.55738067627,99.27364890966956,98.7125,0.0
2025-11-28T12:00Z,69586.69924163818,98.22129346317297,99.44999999999999,0.0
2025-11-28T13:00Z,68972.30339813232,98.22129346317297,98.78999999999999,0.0
2025-11-28T14:00Z,68756.51236724854,99.27364890966956,104.67,0.0
2025-11-28T15:00Z,69791.40159606934,100.61690625,103.4,0.0
2025-11-28T16:00Z,70817.9476852417,100.61690625,96.1575,0.0
2025-11-28T17:00Z,69630.33459472656,99.27364890966956,98.125,0.0
2025-11-28T18:00Z,67620.74085235596,98.22129346317297,93.32,0.0
2025-11-28T19:00Z,64413.1810836792,97.07137775031268,88.45750000000001,0.0
2025-11-28T20:00Z,61145.03966522217,96.27261728008675,85.41,0.0
2025-11-28T21:00Z,58047.80263519287,96.27261728008675,85.545,0.0
2025-11-28T22:00Z,54059.90158081055,96.27261728008675,77.83,0.0
2025-11-28T23:00Z,50552.46812438965,89.71074390243903,81.72999999999999,0.0
2025-11-29T00:00Z,48149.85620880127,87.8605134487122,80.89750000000001,0.0
2025-11-29T01:00Z,46991.9490814209,87.8605134487122,81.33500000000001,0.0
2025-11-29T02:00Z,46112.169761657715,89.12174847060206,82.5575,0.0
2025-11-29T03:00Z,46266.04782867432,94.87131662251792,85.6975,0.0
2025-11-29T04:00Z,46685.500091552734,96.27261728008675,89.9975,0.0
2025-11-29T05:00Z,48711.81864929199,97.07137775031268,90.8875,0.0
2025-11-29T06:00Z,51872.840644836426,97.85956206066555,96.175,0.0
2025-11-29T07:00Z,55740.226989746094,98.22129346317297,89.15,0.0
2025-11-29T08:00Z,58198.68920135498,98.22129346317297,101.58250000000001,0.0
2025-11-29T09:00Z,59761.83671569824,99.27364890966956,101.44,0.0
2025-11-29T10:00Z,60246.08949279785,100.61690625,95.2625,0.0
2025-11-29T11:00Z,59608.361099243164,98.22129346317297,86.0975,0.0
2025-11-29T12:00Z,58441.669174194336,98.22129346317297,87.9575,0.0
2025-11-29T13:00Z,57622.225326538086,97.85956206066555,91.72749999999999,0.0
2025-11-29T14:00Z,57806.44599914551,97.85956206066555,102.7225,0.0
2025-11-29T15:00Z,59680.844398498535,97.85956206066555,102.645,0.0
2025-11-29T16:00Z,61117.45259094238,97.85956206066555,107.08500000000001,0.0
2025-11-29T17:00Z,61127.91919708252,97.07137775031268,98.13,0.0
2025-11-29T18:00Z,59157.14114379883,96.27261728008675,88.43,0.0
2025-11-29T19:00Z,56378.904037475586,96.27261728008675,81.1125,0.0
2025-11-29T20:00Z,54238.63905334473,87.8605134487122,80.8,0.0
2025-11-29T21:00Z,52586.5231628418,81.86080139670645,83.49000000000001,0.0
2025-11-29T22:00Z,49434.31564331055,81.86080139670645,77.72749999999999,0.0
2025-11-29T23:00Z,46596.48271942139,21.324754617468464,75.9725,0.0
2025-11-30T00:00Z,44416.207092285156,19.979914529914527,69.7825,0.0
2025-11-30T01:00Z,44035.29072570801,19.979914529914524,67.4375,0.0
2025-11-30T02:00Z,43798.740005493164,19.979914529914524,65.355,0.0
2025-11-30T03:00Z,43584.82748413086,19.979914529914524,67.0,0.0
2025-11-30T04:00Z,43929.936462402344,19.979914529914527,74.2925,0.0
2025-11-30T05:00Z,45080.74759674072,20.21801336529556,75.5775,0.0
2025-11-30T06:00Z,46735.66493225098,35.9309,75.975,0.0
2025-11-30T07:00Z,50090.06767272949,87.8605134487122,79.84,0.0
2025-11-30T08:00Z,52948.53593444824,89.71074390243903,80.65,0.0
2025-11-30T09:00Z,54418.526512145996,87.8605134487122,84.4225,0.0
2025-11-30T10:00Z,57122.57590484619,96.27261728008675,81.5425,0.0
2025-11-30T11:00Z,57480.450286865234,96.27261728008675,80.695,0.0
2025-11-30T12:00Z,55891.15184020996,96.27261728008675,82.5175,0.0
2025-11-30T13:00Z,55349.44104003906,96.27261728008675,87.5475,0.0
2025-11-30T14:00Z,55521.9048538208,96.27261728008675,93.5775,0.0
2025-11-30T15:00Z,57124.795402526855,96.27261728008675,92.81,0.0
2025-11-30T16:00Z,59800.64803314209,97.07137775031268,104.0475,0.0
2025-11-30T17:00Z,60647.486640930176,96.27261728008675,106.2125,0.0
2025-11-30T18:00Z,59185.87902069092,96.27261728008675,104.1275,0.0
2025-11-30T19:00Z,56824.5054397583,96.27261728008675,97.525,0.0
2025-11-30T20:00Z,55054.360412597656,96.27261728008675,92.93,0.0
2025-11-30T21:00Z,53197.84436798096,96.27261728008675,92.5975,0.0
2025-11-30T22:00Z,50552.08191680908,96.27261728008675,87.1275,0.0
2025-11-30T23:00Z,47930.036224365234,87.8605134487122,87.995,0.0
2025-12-01T00:00Z,46838.1861038208,87.8605134487122,86.02250000000001,0.0
2025-12-01T01:00Z,45732.66924285889,87.8605134487122,81.34,0.0
2025-12-01T02:00Z,46223.52850341797,87.8605134487122,85.14,0.0
2025-12-01T03:00Z,48647.58723449707,94.87131662251792,80.2575,0.0
2025-12-01T04:00Z,52457.41262817383,96.27261728008675,88.745,0.0
2025-12-01T05:00Z,61102.45936584473,98.22129346317297,88.625,0.0
2025-12-01T06:00Z,67553.35205841064,100.61690625,127.86,0.0
2025-12-01T07:00Z,70191.02481079102,100.61690625,139.3325,0.0
2025-12-01T08:00Z,71944.77696990967,99.27364890966956,105.095,0.0
2025-12-01T09:00Z,71844.26040649414,98.22129346317297,93.7325,0.0
2025-12-01T10:00Z,71622.55574798584,97.85956206066555,85.96,0.0
2025-12-01T11:00Z,71638.98086547852,97.85956206066555,85.01750000000001,0.0
2025-12-01T12:00Z,70479.78885650635,97.07137775031268,90.07,0.0
2025-12-01T13:00Z,69853.58390808105,96.27261728008675,107.2175,0.0
2025-12-01T14:00Z,69719.06363677979,96.27261728008675,120.3225,0.0
2025-12-01T15:00Z,71089.07253265381,97.07137775031268,112.965,0.0
2025-12-01T16:00Z,73402.29229736328,97.07137775031268,94.4125,0.0
2025-12-01T17:00Z,72937.32472991943,96.27261728008675,88.9925,0.0
2025-12-01T18:00Z,70950.67217254639,96.27261728008675,86.7675,0.0
2025-12-01T19:00Z,67801.89736938477,87.8605134487122,82.3,0.0
2025-12-01T20:00Z,63809.0486907959,21.324754617468464,75.95,0.0
2025-12-01T21:00Z,59998.00819396973,19.979914529914527,76.43,0.0
2025-12-01T22:00Z,55850.81148529053,19.979914529914524,71.80250000000001,0.0
2025-12-01T23:00Z,52870.175636291504,19.979914529914524,65.7775,0.0
2025-12-02T00:00Z,51101.61623382568,0.0,58.82,0.0
2025-12-02T01:00Z,50583.59298706055,0.0,54.935,0.0
2025-12-02T02:00Z,51181.687843322754,19.979914529914524,53.7325,0.0
2025-12-02T03:00Z,52417.16102600098,19.979914529914524,50.4675,0.0
2025-12-02T04:00Z,56076.42343902588,19.979914529914527,64.585,0.0
2025-12-02T05:00Z,64288.80375671387,81.86080139670645,78.5125,0.0
2025-12-02T06:00Z,70724.60771179199,96.27261728008675,87.7875,0.0
2025-12-02T07:00Z,73857.25019073486,97.07137775031268,87.65,0.0
2025-12-02T08:00Z,74254.934425354,97.07137775031268,88.28,0.0
2025-12-02T09:00Z,74412.36199188232,97.07137775031268,85.8325,0.0
2025-12-02T10:00Z,73822.49351501465,98.22129346317297,86.7225,0.0
2025-12-02T11:00Z,73127.80088043213,97.85956206066555,87.44749999999999,0.0
2025-12-02T12:00Z,72301.75691223145,97.85956206066555,97.035,0.0
2025-12-02T13:00Z,71460.61805725098,98.22129346317297,105.0075,0.0
2025-12-02T14:00Z,70719.24369049072,99.27364890966956,140.37,0.0
2025-12-02T15:00Z,71700.73690795898,107.14837644051812,136.34,0.0
2025-12-02T16:00Z,73289.07537078857,110.70326512405268,151.64,0.0
2025-12-02T17:00Z,72431.88821411133,110.70326512405268,162.14249999999998,0.0
2025-12-02T18:00Z,70334.40479278564,110.70326512405268,163.2025,0.0
2025-12-02T19:00Z,67199.18161010742,110.70326512405268,154.885,0.0
2025-12-02T20:00Z,63378.79872131348,110.70326512405268,129.3475,0.0
2025-12-02T21:00Z,60273.34201049805,110.70326512405268,119.2225,0.0
2025-12-02T22:00Z,56474.16017150879,110.70326512405268,99.1375,0.0
2025-12-02T23:00Z,53368.5983505249,107.14837644051812,90.83500000000001,0.0
2025-12-03T00:00Z,51439.398529052734,100.66654331474969,89.0725,0.0
2025-12-03T01:00Z,50492.037109375,100.66654331474969,90.25750000000001,0.0
2025-12-03T02:00Z,51046.79206085205,100.66654331474969,89.8775,0.0
2025-12-03T03:00Z,52324.61567687988,107.14837644051812,90.02,0.0
2025-12-03T04:00Z,55921.20008087158,110.70326512405268,98.98,0.0
2025-12-03T05:00Z,63720.9846496582,115.60662378739066,150.945,0.0
2025-12-03T06:00Z,69396.07138061523,116.64938355451135,200.0,0.0
2025-12-03T07:00Z,71850.68007659912,116.64938355451135,249.9975,0.0
2025-12-03T08:00Z,72967.13486480713,116.64938355451135,219.89,0.0
2025-12-03T09:00Z,73791.9545288086,116.64938355451135,187.18,0.0
2025-12-03T10:00Z,74120.98358154297,116.64938355451135,173.3725,0.0
2025-12-03T11:00Z,73959.70357513428,116.64938355451135,167.725,0.0
2025-12-03T12:00Z,73421.41548156738,115.60662378739066,181.4075,0.0
2025-12-03T13:00Z,72446.14407348633,115.60662378739066,199.9375,0.0
2025-12-03T14:00Z,71964.63397979736,116.64938355451135,242.5625,0.0
2025-12-03T15:00Z,72714.84499359131,116.64938355451135,308.35,0.0
2025-12-03T16:00Z,74049.04306793213,116.64938355451135,259.6025,0.0
2025-12-03T17:00Z,73504.52544403076,116.64938355451135,204.12,0.0
2025-12-03T18:00Z,71532.13283538818,116.64938355451135,172.6275,0.0
2025-12-03T19:00Z,67777.74821472168,115.60662378739066,146.24,0.0
2025-12-03T20:00Z,63771.82541656494,113.63949367666063,124.82499999999999,0.0
2025-12-03T21:00Z,60140.90800476074,110.70326512405268,113.405,0.0
2025-12-03T22:00Z,56148.9489440918,110.70326512405268,104.135,0.0
2025-12-03T23:00Z,53891.65255737305,110.70326512405268,97.3825,0.0
2025-12-04T00:00Z,52071.90086364746,107.14837644051812,93.8825,0.0
2025-12-04T01:00Z,50981.05280303955,107.14837644051812,90.8325,0.0
2025-12-04T02:00Z,51617.67852020264,107.14837644051812,90.3575,0.0
2025-12-04T03:00Z,53002.7590713501,110.70326512405268,92.3275,0.0
2025-12-04T04:00Z,56759.436195373535,110.70326512405268,96.755,0.0
2025-12-04T05:00Z,64292.56285858154,113.63949367666063,124.86500000000001,0.0
2025-12-04T06:00Z,69641.23654174805,115.60662378739066,128.41,0.0
2025-12-04T07:00Z,72599.88283538818,115.60662378739066,144.7025,0.0
2025-12-04T08:00Z,73410.94400787354,115.60662378739066,163.985,0.0
2025-12-04T09:00Z,74089.9451675415,115.60662378739066,138.405,0.0
2025-12-04T10:00Z,74182.8494796753,115.60662378739066,148.0925,0.0
2025-12-04T11:00Z,73597.41680908203,113.63949367666063,141.9625,0.0
2025-12-04T12:00Z,72176.94398498535,110.70326512405268,145.1825,0.0
2025-12-04T13:00Z,71455.98439025879,110.70326512405268,152.0675,0.0
2025-12-04T14:00Z,71310.03831481934,110.70326512405268,150.9925,0.0
2025-12-04T15:00Z,72754.27956390381,113.63949367666063,145.1975,0.0
2025-12-04T16:00Z,74206.09448242188,115.60662378739066,144.6975,0.0
2025-12-04T17:00Z,73691.38066864014,113.63949367666063,142.33249999999998,0.0
2025-12-04T18:00Z,71915.14436340332,110.70326512405268,134.985,0.0
2025-12-04T19:00Z,68142.82601165771,110.70326512405268,118.6025,0.0
2025-12-04T20:00Z,64759.90172576904,110.70326512405268,103.35249999999999,0.0
2025-12-04T21:00Z,61251.79202270508,110.70326512405268,109.0375,0.0
2025-12-04T22:00Z,57512.12911987305,110.70326512405268,98.2575,0.0
2025-12-04T23:00Z,54591.70608520508,107.14837644051812,95.7425,0.0
2025-12-05T00:00Z,52688.271629333496,107.14837644051812,93.8625,0.0
2025-12-05T01:00Z,51759.158058166504,107.14837644051812,90.92,0.0
2025-12-05T02:00Z,51755.71411895752,110.70326512405268,90.5675,0.0
2025-12-05T03:00Z,53007.3392868042,110.70326512405268,94.03,0.0
2025-12-05T04:00Z,56332.52983093262,110.70326512405268,100.8725,0.0
2025-12-05T05:00Z,63660.43868255615,115.60662378739066,123.99,0.0
2025-12-05T06:00Z,69408.31714630127,116.64938355451135,162.4175,0.0
2025-12-05T07:00Z,72197.32498168945,116.64938355451135,184.4325,0.0
2025-12-05T08:00Z,72464.94184112549,116.73989511921783,184.145,0.0
2025-12-05T09:00Z,72789.66871643066,116.64938355451135,171.3475,0.0
2025-12-05T10:00Z,72806.12380218506,116.64938355451135,167.51500000000001,0.0
2025-12-05T11:00Z,72269.16584777832,116.64938355451135,161.56,0.0
2025-12-05T12:00Z,70762.30276489258,116.64938355451135,157.4475,0.0
2025-12-05T13:00Z,69530.22495269775,116.64938355451135,161.1775,0.0
2025-12-05T14:00Z,69418.31171417236,116.64938355451135,162.3475,0.0
2025-12-05T15:00Z,70740.56463623047,116.64938355451135,169.4975,0.0
2025-12-05T16:00Z,71428.42646026611,116.64938355451135,158.305,0.0
2025-12-05T17:00Z,70359.45845794678,116.64938355451135,147.2475,0.0
2025-12-05T18:00Z,68047.68947601318,115.60662378739066,131.54,0.0
2025-12-05T19:00Z,64499.91567993164,110.70326512405268,115.15,0.0
2025-12-05T20:00Z,61452.17783355713,110.70326512405268,97.55499999999999,0.0
2025-12-05T21:00Z,58440.231521606445,100.66654331474969,93.08,0.0
2025-12-05T22:00Z,54356.244079589844,99.27364890966956,84.1225,0.0
2025-12-05T23:00Z,50317.47138977051,97.85956206066555,82.08,0.0
2025-12-06T00:00Z,48461.91455078125,96.27261728008675,76.9725,0.0
2025-12-06T01:00Z,47361.39543914795,89.71074390243903,73.63,0.0
2025-12-06T02:00Z,46517.820083618164,81.86080139670645,70.01,0.0
2025-12-06T03:00Z,47499.29375457764,35.93090000000001,67.42750000000001,0.0
2025-12-06T04:00Z,48382.917961120605,35.9309,64.9725,0.0
2025-12-06T05:00Z,50018.87577819824,21.324754617468464,64.585,0.0
2025-12-06T06:00Z,52863.87648010254,21.324754617468464,67.87,0.0
2025-12-06T07:00Z,56698.89232635498,35.930899999999994,78.6125,0.0
2025-12-06T08:00Z,58993.387199401855,35.930899999999994,80.94,0.0
2025-12-06T09:00Z,60456.378158569336,35.9309,82.295,0.0
2025-12-06T10:00Z,61440.758964538574,96.27261728008675,80.6125,0.0
2025-12-06T11:00Z,60504.89976501465,87.8605134487122,80.615,0.0
2025-12-06T12:00Z,59507.876205444336,81.86080139670645,81.325,0.0
2025-12-06T13:00Z,58000.89376831055,35.9309,86.1725,0.0
2025-12-06T14:00Z,58032.49157714844,35.93090000000001,91.02250000000001,0.0
2025-12-06T15:00Z,59722.93559265137,87.8605134487122,95.5875,0.0
2025-12-06T16:00Z,60912.25129699707,87.8605134487122,95.1175,0.0
2025-12-06T17:00Z,60700.33876037598,87.8605134487122,89.1825,0.0
2025-12-06T18:00Z,59121.006927490234,81.86080139670645,89.655,0.0
2025-12-06T19:00Z,55802.82202911377,35.9309,83.385,0.0
2025-12-06T20:00Z,52794.82703399658,20.41331893790761,80.61,0.0
2025-12-06T21:00Z,51451.61521148682,20.174743021012397,76.495,0.0
2025-12-06T22:00Z,48084.219078063965,20.21801336529556,71.565,0.0
2025-12-06T23:00Z,44573.764907836914,19.979914529914524,67.32249999999999,0.0
2025-12-07T00:00Z,42504.49900054932,0.0,60.995000000000005,0.0
2025-12-07T01:00Z,41206.1506652832,-5.0,59.4225,0.0
2025-12-07T02:00Z,40741.17943572998,-5.0,58.56,0.0
2025-12-07T03:00Z,41031.76280975342,0.0,62.075,0.0
2025-12-07T04:00Z,41155.66036987305,19.979914529914524,62.004999999999995,0.0
2025-12-07T05:00Z,41762.42198944092,19.979914529914527,63.72,0.0
2025-12-07T06:00Z,44005.51187133789,20.41331893790761,71.83500000000001,0.0
2025-12-07T07:00Z,47819.45455932617,81.86080139670645,77.9975,0.0
2025-12-07T08:00Z,50872.93760681152,94.87131662251792,85.555,0.0
2025-12-07T09:00Z,52261.48673248291,96.27261728008675,90.53,0.0
2025-12-07T10:00Z,54578.29113006592,97.07137775031268,91.9225,0.0
2025-12-07T11:00Z,54657.98439788818,96.27261728008675,97.4375,0.0
2025-12-07T12:00Z,52421.861404418945,96.27261728008675,99.57249999999999,0.0
2025-12-07T13:00Z,50110.19150543213,96.27261728008675,104.145,0.0
2025-12-07T14:00Z,51365.21209716797,97.07137775031268,105.735,0.0
2025-12-07T15:00Z,53327.21758270264,97.85956206066555,109.6075,0.0
2025-12-07T16:00Z,55864.384925842285,97.85956206066555,111.82,0.0
2025-12-07T17:00Z,56383.53125,97.07137775031268,96.88,0.0
2025-12-07T18:00Z,55815.90281677246,96.27261728008675,87.4625,0.0
2025-12-07T19:00Z,53954.68985748291,81.86080139670645,83.75999999999999,0.0
2025-12-07T20:00Z,52614.06814575195,19.979914529914527,73.72,0.0
2025-12-07T21:00Z,50984.74370574951,-5.0,65.5975,0.0
2025-12-07T22:00Z,48075.97479248047,-5.0,41.7375,0.0
2025-12-07T23:00Z,46024.755447387695,-5.0,19.27,0.0
2025-12-08T00:00Z,44291.056869506836,-5.0,11.09,0.0
2025-12-08T01:00Z,43898.596336364746,-5.0,11.6625,0.0
2025-12-08T02:00Z,44005.481689453125,-5.0,5.59,0.0
2025-12-08T03:00Z,45600.43923187256,-5.0,12.89,0.0
2025-12-08T04:00Z,50003.874839782715,-5.0,28.655,0.0
2025-12-08T05:00Z,58181.17398071289,0.0,64.3175,0.0
2025-12-08T06:00Z,64921.007316589355,20.437413077687253,82.84,0.0
2025-12-08T07:00Z,68187.90448760986,81.86080139670645,100.0,0.0
2025-12-08T08:00Z,68943.23388671875,81.86080139670645,98.3375,0.0
2025-12-08T09:00Z,69918.5659866333,81.86080139670645,86.0375,0.0
2025-12-08T10:00Z,70968.14051055908,96.27261728008675,79.99000000000001,0.0
2025-12-08T11:00Z,70689.84411621094,96.27261728008675,79.3475,0.0
2025-12-08T12:00Z,70673.76052093506,94.87131662251792,86.845,0.0
2025-12-08T13:00Z,69302.67073822021,96.27261728008675,94.08,0.0
2025-12-08T14:00Z,68718.35903167725,96.27261728008675,100.145,0.0
2025-12-08T15:00Z,69950.71965026855,96.27261728008675,101.075,0.0
2025-12-08T16:00Z,70894.0548248291,96.27261728008675,109.85,0.0
2025-12-08T17:00Z,70339.90287017822,96.27261728008675,100.2625,0.0
2025-12-08T18:00Z,67998.76902008057,96.27261728008675,96.63499999999999,0.0
2025-12-08T19:00Z,64369.87378692627,87.8605134487122,89.345,0.0
2025-12-08T20:00Z,60507.9162979126,87.8605134487122,83.5175,0.0
2025-12-08T21:00Z,56248.51160430908,35.9309,80.21,0.0
2025-12-08T22:00Z,52071.74590301514,35.9309,73.2525,0.0
2025-12-08T23:00Z,48860.76419830322,35.930899999999994,73.69749999999999,0.0
2025-12-09T00:00Z,47145.87265777588,35.930899999999994,72.785,0.0
2025-12-09T01:00Z,45764.65229797363,35.9309,73.7125,0.0
2025-12-09T02:00Z,46169.556213378906,81.67000276243094,74.845,0.0
2025-12-09T03:00Z,47878.0594329834,81.86080139670645,73.72,0.0
2025-12-09T04:00Z,51667.56170654297,96.27261728008675,80.205,0.0
2025-12-09T05:00Z,60296.30466461182,97.85956206066555,98.8475,0.0
2025-12-09T06:00Z,66889.91829681396,99.27364890966956,105.78999999999999,0.0
2025-12-09T07:00Z,69699.55795288086,100.61690625,129.75,0.0
2025-12-09T08:00Z,70086.76532745361,100.61690625,111.335,0.0
2025-12-09T09:00Z,70716.27471160889,99.27364890966956,103.06,0.0
2025-12-09T10:00Z,70997.34273529053,100.61690625,103.34,0.0
2025-12-09T11:00Z,70293.11678314209,99.27364890966956,97.83,0.0
2025-12-09T12:00Z,68514.59273529053,98.22129346317297,101.1,0.0
2025-12-09T13:00Z,67580.9104309082,98.22129346317297,100.22,0.0
2025-12-09T14:00Z,66938.41049957275,98.22129346317297,110.88499999999999,0.0
2025-12-09T15:00Z,68317.10328674316,99.27364890966956,108.3,0.0
2025-12-09T16:00Z,70254.52041625977,99.27364890966956,104.5675,0.0
2025-12-09T17:00Z,69823.52400970459,98.22129346317297,96.91,0.0
2025-12-09T18:00Z,68287.07874298096,97.85956206066555,85.1025,0.0
2025-12-09T19:00Z,64557.73184967041,96.27261728008675,83.67,0.0
2025-12-09T20:00Z,61422.60612487793,87.8605134487122,79.35499999999999,0.0
2025-12-09T21:00Z,56739.46869659424,21.324754617468464,73.3325,0.0
2025-12-09T22:00Z,53271.71960449219,21.324754617468464,55.42,0.0
2025-12-09T23:00Z,50136.9515914917,19.979914529914524,43.9,0.0
2025-12-10T00:00Z,48004.6407623291,0.0,36.480000000000004,0.0
2025-12-10T01:00Z,47214.80640411377,-5.0,31.0,0.0
2025-12-10T02:00Z,47471.94326019287,-5.0,35.1125,0.0
2025-12-10T03:00Z,49103.14116668701,0.0,48.089999999999996,0.0
2025-12-10T04:00Z,52833.85428619385,19.979914529914527,69.65,0.0
2025-12-10T05:00Z,60725.29662322998,87.8605134487122,79.12,0.0
2025-12-10T06:00Z,66867.4081954956,96.27261728008675,87.505,0.0
2025-12-10T07:00Z,69219.44059753418,97.85956206066555,94.33250000000001,0.0
2025-12-10T08:00Z,69586.77391815186,97.85956206066555,94.225,0.0
2025-12-10T09:00Z,70055.19435119629,97.85956206066555,87.72749999999999,0.0
2025-12-10T10:00Z,70643.31108093262,99.27364890966956,80.9975,0.0
2025-12-10T11:00Z,70114.37134552002,98.22129346317297,79.5,0.0
2025-12-10T12:00Z,69291.82747650146,97.85956206066555,81.4425,0.0
2025-12-10T13:00Z,68823.88623809814,97.85956206066555,90.2225,0.0
2025-12-10T14:00Z,69092.52551269531,98.22129346317297,100.665,0.0
2025-12-10T15:00Z,70363.1430053711,98.22129346317297,104.0025,0.0
2025-12-10T16:00Z,71684.1533203125,98.22129346317297,105.6725,0.0
2025-12-10T17:00Z,71404.91380310059,98.22129346317297,104.695,0.0
2025-12-10T18:00Z,69927.27796936035,97.07137775031268,96.77250000000001,0.0
2025-12-10T19:00Z,66611.35157775879,96.27261728008675,87.75,0.0
2025-12-10T20:00Z,62175.30527496338,87.8605134487122,86.31,0.0
2025-12-10T21:00Z,58382.570457458496,81.86080139670645,82.485,0.0
2025-12-10T22:00Z,54403.32015991211,81.86080139670645,76.425,0.0
2025-12-10T23:00Z,50653.52462768555,20.21801336529556,73.975,0.0
2025-12-11T00:00Z,48179.82343292236,19.979914529914524,73.41749999999999,0.0
2025-12-11T01:00Z,47403.39331817627,19.979914529914524,72.515,0.0
2025-12-11T02:00Z,47725.34954071045,19.979914529914524,75.2075,0.0
2025-12-11T03:00Z,49060.66465759277,19.979914529914527,76.9125,0.0
2025-12-11T04:00Z,52767.607597351074,35.93090000000001,80.5925,0.0
2025-12-11T05:00Z,61146.518699645996,96.27261728008675,90.09,0.0
2025-12-11T06:00Z,67366.6410522461,97.85956206066555,98.11,0.0
2025-12-11T07:00Z,70002.33592224121,98.22129346317297,110.3575,0.0
2025-12-11T08:00Z,70371.54626464844,98.22129346317297,106.1675,0.0
2025-12-11T09:00Z,71074.22152709961,97.85956206066555,93.18,0.0
2025-12-11T10:00Z,70931.51300048828,98.22129346317297,91.9175,0.0
2025-12-11T11:00Z,71316.06813812256,97.85956206066555,89.4,0.0
2025-12-11T12:00Z,70425.65234375,97.07137775031268,90.22,0.0
2025-12-11T13:00Z,69038.89741516113,97.85956206066555,97.7875,0.0
2025-12-11T14:00Z,67921.83988189697,97.85956206066555,111.265,0.0
2025-12-11T15:00Z,69445.1842880249,98.22129346317297,114.7,0.0
2025-12-11T16:00Z,71087.198097229,99.27364890966956,115.405,0.0
2025-12-11T17:00Z,70236.44441223145,99.27364890966956,112.5675,0.0
2025-12-11T18:00Z,68598.10264587402,98.22129346317297,107.78999999999999,0.0
2025-12-11T19:00Z,64803.58940124512,98.22129346317297,103.6425,0.0
2025-12-11T20:00Z,61413.575119018555,97.85956206066555,94.3925,0.0
2025-12-11T21:00Z,58384.22741699219,97.85956206066555,93.58500000000001,0.0
2025-12-11T22:00Z,54494.88151550293,97.85956206066555,93.735,0.0
2025-12-11T23:00Z,50961.47241973877,97.85956206066555,83.78,0.0
2025-12-12T00:00Z,48628.0319442749,97.85956206066555,86.22,0.0
2025-12-12T01:00Z,47586.77412414551,97.85956206066555,87.9,0.0
2025-12-12T02:00Z,47286.75772857666,98.22129346317297,90.1825,0.0
2025-12-12T03:00Z,48460.893005371094,99.27364890966956,90.7075,0.0
2025-12-12T04:00Z,52531.370918273926,100.66654331474969,92.2125,0.0
2025-12-12T05:00Z,59908.04904937744,110.70326512405268,101.22749999999999,0.0
2025-12-12T06:00Z,65742.69211578369,113.63949367666063,121.325,0.0
2025-12-12T07:00Z,69052.2275390625,115.60662378739066,130.8525,0.0
2025-12-12T08:00Z,69321.8568725586,113.63949367666063,126.9025,0.0
2025-12-12T09:00Z,69408.75150299072,110.70326512405268,121.955,0.0
2025-12-12T10:00Z,69307.93852233887,110.70326512405268,118.30499999999999,0.0
2025-12-12T11:00Z,68049.24453735352,110.70326512405268,113.0675,0.0
2025-12-12T12:00Z,66846.57373809814,110.70326512405268,118.26,0.0
2025-12-12T13:00Z,65110.857833862305,110.70326512405268,126.8225,0.0
2025-12-12T14:00Z,64768.178230285645,110.70326512405268,131.9475,0.0
2025-12-12T15:00Z,66052.08535766602,115.60662378739066,145.4875,0.0
2025-12-12T16:00Z,67895.9048461914,115.60662378739066,146.825,0.0
2025-12-12T17:00Z,66857.30268096924,115.60662378739066,133.1,0.0
2025-12-12T18:00Z,65249.759368896484,113.63949367666063,128.0575,0.0
2025-12-12T19:00Z,61725.1895904541,110.70326512405268,117.0025,0.0
2025-12-12T20:00Z,58506.26190948486,110.70326512405268,114.92999999999999,0.0
2025-12-12T21:00Z,56260.31590270996,107.14837644051812,103.82,0.0
2025-12-12T22:00Z,52154.0305557251,100.66654331474969,91.7525,0.0
2025-12-12T23:00Z,48943.74921417236,99.27364890966956,92.2825,0.0
2025-12-13T00:00Z,46973.45909118652,98.22129346317297,90.5025,0.0
2025-12-13T01:00Z,45723.7978515625,97.85956206066555,87.39,0.0
2025-12-13T02:00Z,45915.034507751465,97.85956206066555,87.0425,0.0
2025-12-13T03:00Z,46354.88944244385,97.07137775031268,85.0,0.0
2025-12-13T04:00Z,47259.157081604004,97.07137775031268,84.66749999999999,0.0
2025-12-13T05:00Z,49307.86121368408,97.07137775031268,79.1425,0.0
2025-12-13T06:00Z,51824.66337585449,97.85956206066555,81.135,0.0
2025-12-13T07:00Z,55283.509925842285,98.22129346317297,95.9525,0.0
2025-12-13T08:00Z,57929.12423706055,98.22129346317297,106.77,0.0
2025-12-13T09:00Z,59872.63384246826,98.22129346317297,102.58500000000001,0.0
2025-12-13T10:00Z,60900.84706115723,99.27364890966956,98.0925,0.0
2025-12-13T11:00Z,60737.785079956055,98.22129346317297,93.7575,0.0
2025-12-13T12:00Z,59304.76725769043,98.22129346317297,92.935,0.0
2025-12-13T13:00Z,58206.89295959473,98.22129346317297,95.75750000000001,0.0
2025-12-13T14:00Z,57864.727279663086,98.22129346317297,114.6575,0.0
2025-12-13T15:00Z,59380.138191223145,100.61690625,119.7075,0.0
2025-12-13T16:00Z,60484.702308654785,100.66654331474969,118.4475,0.0
2025-12-13T17:00Z,60413.55238342285,100.66654331474969,112.255,0.0
2025-12-13T18:00Z,58949.45356750488,100.61690625,103.63,0.0
2025-12-13T19:00Z,56407.55536651611,99.27364890966956,91.7075,0.0
2025-12-13T20:00Z,54315.17865753174,98.22129346317297,90.5575,0.0
2025-12-13T21:00Z,52666.13387298584,97.85956206066555,93.685,0.0
2025-12-13T22:00Z,49274.617752075195,97.07137775031268,84.3875,0.0
2025-12-13T23:00Z,45505.59516143799,96.27261728008675,91.195,0.0
2025-12-14T00:00Z,43360.456451416016,96.27261728008675,90.52250000000001,0.0
2025-12-14T01:00Z,42553.0627822876,94.87131662251792,81.9,0.0
2025-12-14T02:00Z,42223.02914428711,89.12174847060206,79.95,0.0
2025-12-14T03:00Z,42696.019287109375,87.8605134487122,77.305,0.0
2025-12-14T04:00Z,43365.48986053467,87.8605134487122,78.7625,0.0
2025-12-14T05:00Z,44133.76975250244,87.8605134487122,77.175,0.0
2025-12-14T06:00Z,46690.047508239746,87.8605134487122,77.4725,0.0
2025-12-14T07:00Z,49776.41940307617,92.54273178553254,81.76,0.0
2025-12-14T08:00Z,53659.74765777588,96.27261728008675,82.345,0.0
2025-12-14T09:00Z,56179.884857177734,96.27261728008675,80.005,0.0
2025-12-14T10:00Z,58464.239753723145,96.27261728008675,84.0775,0.0
2025-12-14T11:00Z,58411.52027130127,96.27261728008675,87.27250000000001,0.0
2025-12-14T12:00Z,56701.72716522217,94.87131662251792,86.95750000000001,0.0
2025-12-14T13:00Z,55808.710021972656,92.54273178553254,88.65,0.0
2025-12-14T14:00Z,55863.545471191406,96.27261728008675,92.0975,0.0
2025-12-14T15:00Z,57747.754707336426,96.27261728008675,99.2825,0.0
2025-12-14T16:00Z,59833.2646484375,97.07137775031268,102.785,0.0
2025-12-14T17:00Z,59664.276039123535,97.07137775031268,103.2925,0.0
2025-12-14T18:00Z,58858.4098739624,96.27261728008675,92.99,0.0
2025-12-14T19:00Z,56825.23799133301,96.27261728008675,90.39750000000001,0.0
2025-12-14T20:00Z,54512.7260055542,94.87131662251792,84.4025,0.0
2025-12-14T21:00Z,52464.555824279785,89.71074390243903,82.65,0.0
2025-12-14T22:00Z,49352.13370513916,96.27261728008675,75.75,0.0
2025-12-14T23:00Z,46563.465171813965,87.8605134487122,72.5,0.0
2025-12-15T00:00Z,45377.39909362793,35.93090000000001,71.8775,0.0
2025-12-15T01:00Z,44354.85777282715,35.930899999999994,71.0375,0.0
2025-12-15T02:00Z,44581.99459075928,21.324754617468464,70.6675,0.0
2025-12-15T03:00Z,46854.60876464844,35.93089999999999,75.28,0.0
2025-12-15T04:00Z,51846.534355163574,81.86080139670645,76.8025,0.0
2025-12-15T05:00Z,59963.72154998779,96.27261728008675,86.525,0.0
2025-12-15T06:00Z,66411.88680267334,97.07137775031268,98.78999999999999,0.0
2025-12-15T07:00Z,70484.24086761475,97.85956206066555,101.1275,0.0
2025-12-15T08:00Z,71194.16181182861,97.85956206066555,96.64999999999999,0.0
2025-12-15T09:00Z,71103.97337341309,97.07137775031268,89.61500000000001,0.0
2025-12-15T10:00Z,70611.50244903564,98.22129346317297,79.7225,0.0
2025-12-15T11:00Z,70164.11667633057,97.85956206066555,79.77,0.0
2025-12-15T12:00Z,68483.34494018555,97.07137775031268,88.26,0.0
2025-12-15T13:00Z,67007.39310455322,97.07137775031268,95.4375,0.0
2025-12-15T14:00Z,66763.23293304443,97.07137775031268,107.3,0.0
2025-12-15T15:00Z,68447.60549926758,97.85956206066555,108.655,0.0
2025-12-15T16:00Z,70477.69564819336,99.27364890966956,104.21249999999999,0.0
2025-12-15T17:00Z,69929.4190826416,98.22129346317297,98.1575,0.0
2025-12-15T18:00Z,68137.44034576416,97.85956206066555,90.41749999999999,0.0
2025-12-15T19:00Z,64885.09422302246,97.07137775031268,84.25,0.0
2025-12-15T20:00Z,61725.33897399902,96.27261728008675,85.17,0.0
2025-12-15T21:00Z,57411.30899810791,89.71074390243903,84.9775,0.0
2025-12-15T22:00Z,53171.30536651611,96.27261728008675,80.4625,0.0
2025-12-15T23:00Z,49846.318031311035,94.87131662251792,80.67,0.0
2025-12-16T00:00Z,48076.916191101074,87.8605134487122,79.05250000000001,0.0
2025-12-16T01:00Z,47547.82255554199,87.8605134487122,77.0975,0.0
2025-12-16T02:00Z,47461.27175140381,89.12174847060206,79.0525,0.0
2025-12-16T03:00Z,48776.41990661621,94.87131662251792,80.3875,0.0
2025-12-16T04:00Z,52845.09196472168,96.27261728008675,82.3125,0.0
2025-12-16T05:00Z,60688.24572753906,98.22129346317297,88.4,0.0
2025-12-16T06:00Z,66829.4525756836,100.61690625,91.38499999999999,0.0
2025-12-16T07:00Z,70488.3723526001,107.14837644051812,100.4675,0.0
2025-12-16T08:00Z,71097.61861419678,100.66654331474969,101.265,0.0
2025-12-16T09:00Z,70410.22302246094,100.61690625,92.345,0.0
2025-12-16T10:00Z,70410.22701263428,100.61690625,90.6075,0.0
2025-12-16T11:00Z,70074.13800048828,99.27364890966956,91.5125,0.0
2025-12-16T12:00Z,69088.86639404297,99.27364890966956,99.885,0.0
2025-12-16T13:00Z,67678.57666778564,99.27364890966956,124.39750000000001,0.0
2025-12-16T14:00Z,67431.62788391113,100.66654331474969,139.3775,0.0
2025-12-16T15:00Z,68331.65673828125,110.70326512405268,155.3125,0.0
2025-12-16T16:00Z,69893.58933258057,110.70326512405268,162.20499999999998,0.0
2025-12-16T17:00Z,69540.59854888916,110.70326512405268,142.25,0.0
2025-12-16T18:00Z,68123.49066925049,110.70326512405268,137.0975,0.0
2025-12-16T19:00Z,64684.27419281006,110.70326512405268,128.85,0.0
2025-12-16T20:00Z,61316.84965515137,100.66654331474969,118.9425,0.0
2025-12-16T21:00Z,58114.850814819336,100.66654331474969,115.575,0.0
2025-12-16T22:00Z,54418.31937408447,100.66654331474969,103.42,0.0
2025-12-16T23:00Z,51466.42844390869,100.61690625,89.0025,0.0
2025-12-17T00:00Z,49388.13415527344,99.27364890966956,89.79,0.0
2025-12-17T01:00Z,48457.92818450928,99.27364890966956,86.4925,0.0
2025-12-17T02:00Z,48368.08213043213,99.27364890966956,85.025,0.0
2025-12-17T03:00Z,49415.02500152588,99.27364890966956,88.0775,0.0
2025-12-17T04:00Z,53319.98616027832,100.66654331474969,90.4975,0.0
2025-12-17T05:00Z,60342.55034637451,110.70326512405268,95.4875,0.0
2025-12-17T06:00Z,65962.2054977417,110.70326512405268,108.825,0.0
2025-12-17T07:00Z,69088.57476043701,113.63949367666063,133.46,0.0
2025-12-17T08:00Z,69358.53716278076,113.63949367666063,126.295,0.0
2025-12-17T09:00Z,69658.1411895752,110.70326512405268,124.535,0.0
2025-12-17T10:00Z,69427.91344451904,110.70326512405268,118.15,0.0
2025-12-17T11:00Z,68247.32075500488,100.66654331474969,111.895,0.0
2025-12-17T12:00Z,67324.23705291748,100.61690625,122.6575,0.0
2025-12-17T13:00Z,66536.19829559326,100.66654331474969,129.97,0.0
2025-12-17T14:00Z,66769.05033111572,107.14837644051812,127.5025,0.0
2025-12-17T15:00Z,68244.94231414795,110.70326512405268,126.4975,0.0
2025-12-17T16:00Z,69934.47987365723,110.70326512405268,122.825,0.0
2025-12-17T17:00Z,69804.92586517334,110.70326512405268,111.4,0.0
2025-12-17T18:00Z,67364.08879089355,110.70326512405268,97.505,0.0
2025-12-17T19:00Z,63986.23262786865,107.14837644051812,94.71000000000001,0.0
2025-12-17T20:00Z,60106.89609527588,100.61690625,94.7025,0.0
2025-12-17T21:00Z,56774.2629699707,98.22129346317297,93.2175,0.0
2025-12-17T22:00Z,52754.60637664795,97.85956206066555,85.0,0.0
2025-12-17T23:00Z,49197.8688659668,97.07137775031268,77.755,0.0
2025-12-18T00:00Z,47667.169692993164,96.27261728008675,69.065,0.0
2025-12-18T01:00Z,46701.77498626709,87.8605134487122,60.1275,0.0
2025-12-18T02:00Z,47185.285064697266,81.86080139670645,48.89,0.0
2025-12-18T03:00Z,49266.334800720215,35.9309,44.817499999999995,0.0
2025-12-18T04:00Z,52819.480392456055,35.9309,50.8275,0.0
2025-12-18T05:00Z,59773.836418151855,87.8605134487122,63.2425,0.0
2025-12-18T06:00Z,65956.3441696167,92.54273178553254,81.525,0.0
2025-12-18T07:00Z,68767.29009246826,94.87131662251792,90.74249999999999,0.0
2025-12-18T08:00Z,69132.60673522949,89.71074390243903,88.5575,0.0
2025-12-18T09:00Z,68501.08292388916,87.8605134487122,78.2825,0.0
2025-12-18T10:00Z,67540.24627685547,94.87131662251792,78.2875,0.0
2025-12-18T11:00Z,66273.08602142334,87.8605134487122,77.4225,0.0
2025-12-18T12:00Z,64269.08400726318,35.9309,79.47749999999999,0.0
2025-12-18T13:00Z,63521.88974761963,35.9309,103.755,0.0
2025-12-18T14:00Z,62811.23084259033,35.93090000000001,114.4925,0.0
2025-12-18T15:00Z,64438.054679870605,87.8605134487122,110.8825,0.0
2025-12-18T16:00Z,67223.63801574707,94.87131662251792,103.4175,0.0
2025-12-18T17:00Z,67258.70869445801,87.8605134487122,88.255,0.0
2025-12-18T18:00Z,65117.983825683594,21.324754617468464,80.14,0.0
2025-12-18T19:00Z,62395.08103179932,19.979914529914524,67.6825,0.0
2025-12-18T20:00Z,59345.153480529785,-5.0,53.254999999999995,0.0
2025-12-18T21:00Z,56182.50834655762,-5.0,51.8,0.0
2025-12-18T22:00Z,52122.84760284424,-5.0,18.6525,0.0
2025-12-18T23:00Z,49186.226974487305,-5.0,9.84,0.0
2025-12-19T00:00Z,47698.320640563965,-5.0,5.8575,0.0
2025-12-19T01:00Z,46847.421226501465,-5.0,4.33,0.0
2025-12-19T02:00Z,46553.31147766113,-5.0,3.515,0.0
2025-12-19T03:00Z,47269.85508728027,-5.0,4.115,0.0
2025-12-19T04:00Z,50487.9757232666,-5.0,10.775,0.0
2025-12-19T05:00Z,56159.480041503906,-5.0,40.28,0.0
2025-12-19T06:00Z,60529.79383850098,20.179071574532003,76.7125,0.0
2025-12-19T07:00Z,64422.27326965332,81.86080139670645,89.5425,0.0
2025-12-19T08:00Z,64899.915451049805,87.8605134487122,89.38499999999999,0.0
2025-12-19T09:00Z,64571.177558898926,87.8605134487122,89.23,0.0
2025-12-19T10:00Z,64494.43713378906,97.07137775031268,87.49000000000001,0.0
2025-12-19T11:00Z,63819.251220703125,96.27261728008675,84.57249999999999,0.0
2025-12-19T12:00Z,61702.61750793457,96.27261728008675,87.625,0.0
2025-12-19T13:00Z,60471.42679595947,96.27261728008675,93.3475,0.0
2025-12-19T14:00Z,60803.59342956543,97.07137775031268,97.4025,0.0
2025-12-19T15:00Z,62393.94492340088,97.85956206066555,100.3325,0.0
2025-12-19T16:00Z,62910.44137573242,98.22129346317297,106.905,0.0
2025-12-19T17:00Z,61966.275939941406,98.22129346317297,107.48,0.0
2025-12-19T18:00Z,60009.809089660645,98.22129346317297,105.1225,0.0
2025-12-19T19:00Z,56815.706687927246,97.85956206066555,102.91,0.0
2025-12-19T20:00Z,53967.882164001465,97.07137775031268,98.4625,0.0
2025-12-19T21:00Z,51412.636779785156,97.07137775031268,96.2775,0.0
2025-12-19T22:00Z,48073.56727600098,97.07137775031268,90.18,0.0
2025-12-19T23:00Z,45059.22714996338,96.27261728008675,84.8125,0.0
2025-12-20T00:00Z,42994.23866271973,96.27261728008675,83.4,0.0
2025-12-20T01:00Z,42313.66555023193,96.27261728008675,85.0025,0.0
2025-12-20T02:00Z,41972.155128479004,96.27261728008675,87.4875,0.0
2025-12-20T03:00Z,42326.47228240967,97.07137775031268,88.46000000000001,0.0
2025-12-20T04:00Z,43180.18913269043,97.85956206066555,89.915,0.0
2025-12-20T05:00Z,44802.795066833496,98.22129346317297,95.975,0.0
2025-12-20T06:00Z,48018.18800354004,100.61690625,104.0,0.0
2025-12-20T07:00Z,51498.12831115723,107.14837644051812,113.2075,0.0
2025-12-20T08:00Z,53992.56635284424,110.70326512405268,114.8,0.0
2025-12-20T09:00Z,55788.00974273682,110.70326512405268,112.66749999999999,0.0
2025-12-20T10:00Z,56790.1764755249,110.70326512405268,110.9875,0.0
2025-12-20T11:00Z,56807.662773132324,110.70326512405268,110.2675,0.0
2025-12-20T12:00Z,55858.044692993164,107.14837644051812,114.9825,0.0
2025-12-20T13:00Z,55086.679275512695,110.70326512405268,119.4825,0.0
2025-12-20T14:00Z,55064.05850982666,110.70326512405268,120.6375,0.0
2025-12-20T15:00Z,56614.42852020264,110.70326512405268,120.205,0.0
2025-12-20T16:00Z,58139.76580810547,110.70326512405268,122.3925,0.0
2025-12-20T17:00Z,57979.177391052246,110.70326512405268,118.265,0.0
2025-12-20T18:00Z,56462.58124542236,110.70326512405268,104.11,0.0
2025-12-20T19:00Z,53285.3391418457,100.66654331474969,96.3825,0.0
2025-12-20T20:00Z,50794.851318359375,99.27364890966956,93.01,0.0
2025-12-20T21:00Z,49091.85844421387,98.22129346317297,92.245,0.0
2025-12-20T22:00Z,46875.080307006836,98.22129346317297,90.6725,0.0
2025-12-20T23:00Z,43415.37417602539,97.07137775031268,95.7,0.0
2025-12-21T00:00Z,41611.212814331055,96.27261728008675,90.045,0.0
2025-12-21T01:00Z,40815.555839538574,96.27261728008675,86.485,0.0
2025-12-21T02:00Z,40631.38471221924,96.27261728008675,85.39500000000001,0.0
2025-12-21T03:00Z,40587.568130493164,96.27261728008675,85.6275,0.0
2025-12-21T04:00Z,41355.46484375,96.27261728008675,86.825,0.0
2025-12-21T05:00Z,41913.86349487305,96.27261728008675,88.14,0.0
2025-12-21T06:00Z,44188.481101989746,96.27261728008675,92.85249999999999,0.0
2025-12-21T07:00Z,46934.707359313965,97.07137775031268,102.14750000000001,0.0
2025-12-21T08:00Z,50129.296882629395,97.07137775031268,107.00999999999999,0.0
2025-12-21T09:00Z,52626.221115112305,97.07137775031268,102.58250000000001,0.0
2025-12-21T10:00Z,54338.82778930664,97.85956206066555,101.3,0.0
2025-12-21T11:00Z,54288.120544433594,97.07137775031268,98.4825,0.0
2025-12-21T12:00Z,52347.120025634766,96.27261728008675,94.8675,0.0
2025-12-21T13:00Z,50807.994941711426,96.27261728008675,98.8925,0.0
2025-12-21T14:00Z,51050.849060058594,96.27261728008675,100.87,0.0
2025-12-21T15:00Z,52641.19792175293,96.27261728008675,97.515,0.0
2025-12-21T16:00Z,55117.69960021973,96.27261728008675,97.0675,0.0
2025-12-21T17:00Z,55870.91426849365,96.27261728008675,90.795,0.0
2025-12-21T18:00Z,54359.85942840576,87.8605134487122,86.14,0.0
2025-12-21T19:00Z,52060.85809326172,81.67000276243094,81.655,0.0
2025-12-21T20:00Z,50262.409492492676,35.930899999999994,78.8625,0.0
2025-12-21T21:00Z,48612.3971786499,20.21801336529556,77.495,0.0
2025-12-21T22:00Z,45774.67960357666,81.86080139670645,70.905,0.0
2025-12-21T23:00Z,44074.21505737305,19.97991452991453,70.22749999999999,0.0
2025-12-22T00:00Z,42723.66508483887,19.979914529914524,68.8275,0.0
2025-12-22T01:00Z,42165.659172058105,19.979914529914527,67.785,0.0
2025-12-22T02:00Z,42439.416496276855,19.979914529914527,66.31,0.0
2025-12-22T03:00Z,43437.86301422119,19.97991452991453,71.5175,0.0
2025-12-22T04:00Z,46273.321868896484,35.9309,74.1125,0.0
2025-12-22T05:00Z,50151.68773651123,87.8605134487122,78.1875,0.0
2025-12-22T06:00Z,54285.725158691406,96.27261728008675,90.4475,0.0
2025-12-22T07:00Z,58396.783195495605,97.07137775031268,93.3425,0.0
2025-12-22T08:00Z,60307.19027709961,97.85956206066555,90.79249999999999,0.0
2025-12-22T09:00Z,60506.75889587402,97.07137775031268,89.2475,0.0
2025-12-22T10:00Z,60947.55470275879,97.85956206066555,85.0,0.0
2025-12-22T11:00Z,60749.293937683105,96.27261728008675,86.34,0.0
2025-12-22T12:00Z,60411.78183746338,96.27261728008675,88.615,0.0
2025-12-22T13:00Z,59797.38045501709,96.27261728008675,92.1225,0.0
2025-12-22T14:00Z,59719.08772277832,97.07137775031268,99.5375,0.0
2025-12-22T15:00Z,60846.447982788086,97.85956206066555,101.18,0.0
2025-12-22T16:00Z,62063.55718231201,98.22129346317297,107.8925,0.0
2025-12-22T17:00Z,61674.45951843262,97.85956206066555,100.9,0.0
2025-12-22T18:00Z,59943.12228393555,97.85956206066555,93.78999999999999,0.0
2025-12-22T19:00Z,56992.64614868164,97.07137775031268,89.47749999999999,0.0
2025-12-22T20:00Z,54430.08225250244,97.07137775031268,84.86,0.0
2025-12-22T21:00Z,51624.12113952637,96.27261728008675,84.8225,0.0
2025-12-22T22:00Z,48018.48864746094,96.27261728008675,77.9675,0.0
2025-12-22T23:00Z,44746.25025177002,87.8605134487122,72.2325,0.0
2025-12-23T00:00Z,43184.81475830078,35.93090000000001,65.0325,0.0
2025-12-23T01:00Z,42787.61343383789,35.930899999999994,62.004999999999995,0.0
2025-12-23T02:00Z,42428.875885009766,20.21801336529556,59.06,0.0
2025-12-23T03:00Z,43334.36592102051,20.21801336529556,58.1125,0.0
2025-12-23T04:00Z,45538.95541381836,35.930899999999994,59.0225,0.0
2025-12-23T05:00Z,49337.073905944824,35.93090000000001,67.8475,0.0
2025-12-23T06:00Z,53479.742614746094,87.8605134487122,78.0175,0.0
2025-12-23T07:00Z,57238.12912750244,96.27261728008675,83.875,0.0
2025-12-23T08:00Z,59990.76161193848,96.27261728008675,85.465,0.0
2025-12-23T09:00Z,60331.01191711426,94.87131662251792,83.8375,0.0
2025-12-23T10:00Z,61549.73085784912,92.54273178553254,81.86749999999999,0.0
2025-12-23T11:00Z,61899.71559906006,87.8605134487122,80.485,0.0
2025-12-23T12:00Z,60866.43497467041,81.86080139670645,79.2125,0.0
2025-12-23T13:00Z,60429.335929870605,81.86080139670645,79.215,0.0
2025-12-23T14:00Z,60072.70064544678,81.86080139670645,81.8275,0.0
2025-12-23T15:00Z,61055.16297912598,87.8605134487122,83.6875,0.0
2025-12-23T16:00Z,62768.860694885254,89.12174847060206,82.4675,0.0
2025-12-23T17:00Z,61578.136001586914,81.86080139670645,83.945,0.0
2025-12-23T18:00Z,59902.78137207031,35.93090000000001,82.465,0.0
2025-12-23T19:00Z,56667.7859954834,20.41331893790761,78.005,0.0
2025-12-23T20:00Z,53917.57576751709,19.979914529914527,69.93,0.0
2025-12-23T21:00Z,51281.870544433594,19.979914529914524,71.83500000000001,0.0
2025-12-23T22:00Z,47813.78029632568,19.979914529914527,64.0925,0.0
2025-12-23T23:00Z,44958.67887878418,0.0,60.2475,0.0
2025-12-24T00:00Z,42997.85614013672,-5.0,55.8625,0.0
2025-12-24T01:00Z,42191.69327545166,-5.0,56.8,0.0
2025-12-24T02:00Z,41941.98240661621,-5.0,55.84,0.0
2025-12-24T03:00Z,42094.12009429932,-5.0,55.8475,0.0
2025-12-24T04:00Z,43568.44901275635,-5.0,55.85,0.0
2025-12-24T05:00Z,45205.39228820801,-5.0,57.214999999999996,0.0
2025-12-24T06:00Z,47779.6227645874,0.0,67.44500000000001,0.0
2025-12-24T07:00Z,50953.574478149414,19.979914529914524,81.0,0.0
2025-12-24T08:00Z,54720.24998474121,20.174743021012397,82.47,0.0
2025-12-24T09:00Z,56113.52331542969,19.979914529914527,76.02250000000001,0.0
2025-12-24T10:00Z,56890.96781921387,81.67000276243094,69.2875,0.0
2025-12-24T11:00Z,56685.70359802246,19.979914529914527,68.5125,0.0
2025-12-24T12:00Z,55707.31523895264,-5.0,67.9875,0.0
2025-12-24T13:00Z,54328.24855041504,-5.0,73.7575,0.0
2025-12-24T14:00Z,53696.13709259033,-5.0,83.0525,0.0
2025-12-24T15:00Z,55026.777908325195,19.979914529914524,87.9,0.0
2025-12-24T16:00Z,56671.97982788086,19.979914529914527,89.1325,0.0
2025-12-24T17:00Z,55802.66444396973,19.979914529914524,78.9075,0.0
2025-12-24T18:00Z,52940.92712402344,0.0,71.77250000000001,0.0
2025-12-24T19:00Z,50871.32610321045,-5.0,68.1575,0.0
2025-12-24T20:00Z,49900.48710632324,-5.0,67.9875,0.0
2025-12-24T21:00Z,49268.544021606445,-5.0,69.0075,0.0
2025-12-24T22:00Z,47179.38240814209,35.930899999999994,65.1625,0.0
2025-12-24T23:00Z,45385.76371002197,19.979914529914524,63.22,0.0
2025-12-25T00:00Z,43129.59819030762,19.979914529914524,58.4425,0.0
2025-12-25T01:00Z,42582.336669921875,19.979914529914524,56.8575,0.0
2025-12-25T02:00Z,41955.33984375,19.979914529914524,55.845,0.0
2025-12-25T03:00Z,42429.135917663574,19.979914529914524,54.53,0.0
2025-12-25T04:00Z,42829.83581542969,19.979914529914524,52.605000000000004,0.0
2025-12-25T05:00Z,42425.98796081543,19.979914529914524,49.165,0.0
2025-12-25T06:00Z,44298.388259887695,19.979914529914527,54.0275,0.0
2025-12-25T07:00Z,47362.64426422119,20.179071574532003,64.205,0.0
2025-12-25T08:00Z,51057.988624572754,35.930899999999994,64.7075,0.0
2025-12-25T09:00Z,53752.121154785156,21.324754617468464,53.765,0.0
2025-12-25T10:00Z,55335.776359558105,87.8605134487122,48.9825,0.0
2025-12-25T11:00Z,54667.18561553955,21.324754617468464,48.4875,0.0
2025-12-25T12:00Z,51459.88771820068,19.979914529914527,47.865,0.0
2025-12-25T13:00Z,49648.874420166016,20.174743021012397,68.5475,0.0
2025-12-25T14:00Z,49532.418228149414,35.93089999999999,89.41499999999999,0.0
2025-12-25T15:00Z,51727.86395263672,87.8605134487122,92.235,0.0
2025-12-25T16:00Z,54389.485008239746,97.07137775031268,94.005,0.0
2025-12-25T17:00Z,54572.47774505615,97.07137775031268,94.055,0.0
2025-12-25T18:00Z,53389.276779174805,96.27261728008675,91.715,0.0
2025-12-25T19:00Z,51710.10330963135,97.07137775031268,91.0325,0.0
2025-12-25T20:00Z,50295.17096710205,97.07137775031268,92.7,0.0
2025-12-25T21:00Z,49538.39408874512,97.85956206066555,96.1525,0.0
2025-12-25T22:00Z,47582.85591125488,97.85956206066555,91.47,0.0
2025-12-25T23:00Z,45459.95668029785,97.07137775031268,97.1,0.0
2025-12-26T00:00Z,43929.60061645508,97.07137775031268,91.0525,0.0
2025-12-26T01:00Z,42666.442947387695,97.07137775031268,85.8175,0.0
2025-12-26T02:00Z,42057.006576538086,97.07137775031268,83.05250000000001,0.0
2025-12-26T03:00Z,42269.6484375,97.85956206066555,82.3925,0.0
2025-12-26T04:00Z,43164.476234436035,97.85956206066555,82.83500000000001,0.0
2025-12-26T05:00Z,42881.971824645996,97.85956206066555,85.02,0.0
2025-12-26T06:00Z,44513.803565979004,97.85956206066555,93.11500000000001,0.0
2025-12-26T07:00Z,47626.35126495361,98.22129346317297,98.9,0.0
2025-12-26T08:00Z,51524.109550476074,99.27364890966956,96.73,0.0
2025-12-26T09:00Z,53406.08354949951,98.22129346317297,89.25,0.0
2025-12-26T10:00Z,55141.32691192627,97.85956206066555,84.9925,0.0
2025-12-26T11:00Z,53755.66219329834,97.07137775031268,82.3125,0.0
2025-12-26T12:00Z,51507.54209136963,96.27261728008675,83.0975,0.0
2025-12-26T13:00Z,49933.017753601074,96.27261728008675,92.7,0.0
2025-12-26T14:00Z,50042.54610443115,97.07137775031268,109.1425,0.0
2025-12-26T15:00Z,51526.75207519531,99.27364890966956,116.77250000000001,0.0
2025-12-26T16:00Z,53702.20095825195,108.10109259259258,120.47,0.0
2025-12-26T17:00Z,54283.527099609375,110.70326512405268,116.9725,0.0
2025-12-26T18:00Z,53464.7469329834,107.14837644051812,116.2625,0.0
2025-12-26T19:00Z,51939.285011291504,107.14837644051812,113.725,0.0
2025-12-26T20:00Z,50295.14081573486,100.66654331474969,111.5,0.0
2025-12-26T21:00Z,49316.476821899414,100.66654331474969,108.255,0.0
2025-12-26T22:00Z,47323.69334411621,100.61690625,99.36749999999999,0.0
2025-12-26T23:00Z,45003.0687789917,99.27364890966956,96.69,0.0
2025-12-27T00:00Z,43361.713233947754,98.22129346317297,91.725,0.0
2025-12-27T01:00Z,42535.66100311279,98.22129346317297,84.7075,0.0
2025-12-27T02:00Z,42165.976890563965,98.22129346317297,82.7175,0.0
2025-12-27T03:00Z,42476.09003448486,98.22129346317297,83.9975,0.0
2025-12-27T04:00Z,43088.74834442139,98.22129346317297,83.17,0.0
2025-12-27T05:00Z,44589.959899902344,98.22129346317297,88.015,0.0
2025-12-27T06:00Z,46950.45244598389,98.22129346317297,99.505,0.0
2025-12-27T07:00Z,50039.21951293945,98.22129346317297,102.32,0.0
2025-12-27T08:00Z,52993.63786315918,97.85956206066555,93.81,0.0
2025-12-27T09:00Z,54635.897201538086,96.27261728008675,80.0325,0.0
2025-12-27T10:00Z,55836.73087310791,96.27261728008675,75.395,0.0
2025-12-27T11:00Z,56072.96984863281,81.86080139670645,74.54,0.0
2025-12-27T12:00Z,54828.86038208008,20.41331893790761,76.7375,0.0
2025-12-27T13:00Z,53782.19091796875,19.97991452991453,81.19999999999999,0.0
2025-12-27T14:00Z,53887.20883178711,35.9309,94.5425,0.0
2025-12-27T15:00Z,55757.05609893799,89.71074390243903,103.0075,0.0
2025-12-27T16:00Z,58382.76167297363,97.07137775031268,105.925,0.0
2025-12-27T17:00Z,58757.82441711426,97.07137775031268,108.4275,0.0
2025-12-27T18:00Z,56899.870277404785,97.07137775031268,105.0,0.0
2025-12-27T19:00Z,54276.31953430176,97.07137775031268,102.5875,0.0
2025-12-27T20:00Z,51524.538497924805,97.07137775031268,93.89500000000001,0.0
2025-12-27T21:00Z,49860.17765045166,97.07137775031268,95.4175,0.0
2025-12-27T22:00Z,47587.82176208496,97.85956206066555,91.295,0.0
2025-12-27T23:00Z,45389.73120880127,97.07137775031268,84.33500000000001,0.0
2025-12-28T00:00Z,43005.13081359863,97.07137775031268,83.37,0.0
2025-12-28T01:00Z,41503.86615753174,97.07137775031268,79.96000000000001,0.0
2025-12-28T02:00Z,41336.617279052734,97.07137775031268,78.8175,0.0
2025-12-28T03:00Z,41615.876892089844,97.85956206066555,80.4475,0.0
2025-12-28T04:00Z,41938.09991455078,97.85956206066555,83.61,0.0
2025-12-28T05:00Z,42263.428062438965,98.22129346317297,86.47749999999999,0.0
2025-12-28T06:00Z,44405.2268371582,99.27364890966956,92.15,0.0
2025-12-28T07:00Z,47818.53903198242,100.61690625,97.3625,0.0
2025-12-28T08:00Z,50538.684829711914,100.66654331474969,96.565,0.0
2025-12-28T09:00Z,52538.93291473389,100.61690625,88.2125,0.0
2025-12-28T10:00Z,53327.860694885254,98.22129346317297,88.3675,0.0
2025-12-28T11:00Z,53190.58525085449,98.22129346317297,80.0225,0.0
2025-12-28T12:00Z,51205.44937133789,97.07137775031268,80.025,0.0
2025-12-28T13:00Z,50483.11447143555,97.07137775031268,86.6775,0.0
2025-12-28T14:00Z,51331.53148651123,97.07137775031268,100.87,0.0
2025-12-28T15:00Z,52537.65934753418,97.85956206066555,110.8825,0.0
2025-12-28T16:00Z,55100.968254089355,99.27364890966956,113.7025,0.0
2025-12-28T17:00Z,56057.26052093506,99.27364890966956,114.455,0.0
2025-12-28T18:00Z,55342.582344055176,98.22129346317297,109.33250000000001,0.0
2025-12-28T19:00Z,53479.02877807617,97.07137775031268,105.00999999999999,0.0
2025-12-28T20:00Z,52043.90897369385,96.27261728008675,99.0275,0.0
2025-12-28T21:00Z,50921.42086029053,89.71074390243903,98.2825,0.0
2025-12-28T22:00Z,48901.90855407715,81.86080139670645,88.44,0.0
2025-12-28T23:00Z,46489.40013885498,35.930899999999994,89.88,0.0
2025-12-29T00:00Z,45087.368087768555,20.21801336529556,84.98249999999999,0.0
2025-12-29T01:00Z,43775.78634643555,19.97991452991453,84.1825,0.0
2025-12-29T02:00Z,43709.698654174805,20.174743021012397,82.19,0.0
2025-12-29T03:00Z,44371.71804046631,20.437413077687253,83.6225,0.0
2025-12-29T04:00Z,45990.607482910156,35.93090000000001,90.7925,0.0
2025-12-29T05:00Z,48476.55320739746,87.8605134487122,96.3325,0.0
2025-12-29T06:00Z,51732.045585632324,96.27261728008675,104.7175,0.0
2025-12-29T07:00Z,54670.37741851807,97.07137775031268,113.8775,0.0
2025-12-29T08:00Z,56815.70844268799,97.07137775031268,111.01,0.0
2025-12-29T09:00Z,57819.75479888916,96.27261728008675,97.64500000000001,0.0
2025-12-29T10:00Z,58698.48366546631,96.27261728008675,90.345,0.0
2025-12-29T11:00Z,58970.215911865234,89.71074390243903,87.6575,0.0
2025-12-29T12:00Z,58344.75917816162,87.8605134487122,88.52250000000001,0.0
2025-12-29T13:00Z,57430.85762023926,81.86080139670645,96.10249999999999,0.0
2025-12-29T14:00Z,57553.75142669678,89.12174847060206,103.5075,0.0
2025-12-29T15:00Z,59528.42263793945,96.27261728008675,108.655,0.0
2025-12-29T16:00Z,61513.289291381836,97.07137775031268,107.0075,0.0
2025-12-29T17:00Z,61531.112213134766,97.07137775031268,103.3075,0.0
2025-12-29T18:00Z,59815.752296447754,97.07137775031268,95.14750000000001,0.0
2025-12-29T19:00Z,56557.601249694824,96.27261728008675,90.3725,0.0
2025-12-29T20:00Z,54131.690170288086,96.27261728008675,83.245,0.0
2025-12-29T21:00Z,52384.98587799072,96.27261728008675,87.91499999999999,0.0
2025-12-29T22:00Z,49433.07566070557,94.87131662251792,83.3425,0.0
2025-12-29T23:00Z,46028.107749938965,87.8605134487122,77.8625,0.0
2025-12-30T00:00Z,43433.02519226074,81.86080139670645,73.215,0.0
2025-12-30T01:00Z,42603.6808013916,81.86080139670645,71.855,0.0
2025-12-30T02:00Z,42279.16165924072,81.86080139670645,69.3575,0.0
2025-12-30T03:00Z,42636.937103271484,81.67000276243094,68.5375,0.0
2025-12-30T04:00Z,44858.61283111572,81.86080139670645,71.99,0.0
2025-12-30T05:00Z,48070.92010498047,89.12174847060206,80.02,0.0
2025-12-30T06:00Z,51446.72354888916,96.27261728008675,87.97,0.0
2025-12-30T07:00Z,54171.10129547119,96.27261728008675,94.8775,0.0
2025-12-30T08:00Z,55988.232429504395,96.27261728008675,94.3925,0.0
2025-12-30T09:00Z,57038.26712799072,96.27261728008675,85.82,0.0
2025-12-30T10:00Z,57401.44785308838,96.27261728008675,79.38,0.0
2025-12-30T11:00Z,56901.51943206787,87.8605134487122,76.155,0.0
2025-12-30T12:00Z,55381.745262145996,81.86080139670645,76.7575,0.0
2025-12-30T13:00Z,54614.408264160156,35.93090000000001,88.9675,0.0
2025-12-30T14:00Z,54962.529136657715,87.8605134487122,102.325,0.0
2025-12-30T15:00Z,56982.96716308594,96.27261728008675,109.1,0.0
2025-12-30T16:00Z,59731.23691558838,98.22129346317297,110.715,0.0
2025-12-30T17:00Z,59948.50344085693,98.22129346317297,109.12,0.0
2025-12-30T18:00Z,58286.48488616943,98.22129346317297,105.6075,0.0
2025-12-30T19:00Z,55397.61119842529,97.85956206066555,101.03999999999999,0.0
2025-12-30T20:00Z,53567.568283081055,98.22129346317297,93.3225,0.0
2025-12-30T21:00Z,51731.11722564697,98.22129346317297,92.045,0.0
2025-12-30T22:00Z,49537.969398498535,97.07137775031268,85.8075,0.0
2025-12-30T23:00Z,47804.913734436035,96.27261728008675,88.0825,0.0
2025-12-31T00:00Z,45751.92184448242,94.87131662251792,84.3375,0.0
2025-12-31T01:00Z,44528.03699493408,87.8605134487122,80.2125,0.0
2025-12-31T02:00Z,43657.71748352051,81.86080139670645,76.58,0.0
2025-12-31T03:00Z,43863.46405792236,35.93090000000001,74.9325,0.0
2025-12-31T04:00Z,45414.55556488037,35.930899999999994,77.3775,0.0
2025-12-31T05:00Z,47256.459327697754,20.179071574532003,81.86749999999999,0.0
2025-12-31T06:00Z,49394.01941680908,19.979914529914527,85.2825,0.0
2025-12-31T07:00Z,52061.35224914551,19.979914529914527,95.7925,0.0
2025-12-31T08:00Z,54984.68103027344,19.979914529914524,95.33500000000001,0.0
2025-12-31T09:00Z,56225.39266204834,0.0,89.26249999999999,0.0
2025-12-31T10:00Z,56874.81424713135,19.97991452991453,83.48,0.0
2025-12-31T11:00Z,57156.153076171875,0.0,83.0475,0.0
2025-12-31T12:00Z,55869.27658843994,-5.0,85.17,0.0
2025-12-31T13:00Z,54851.43334197998,-5.0,85.17750000000001,0.0
2025-12-31T14:00Z,54660.0746383667,0.0,90.8325,0.0
2025-12-31T15:00Z,56350.344886779785,19.97991452991453,100.705,0.0
2025-12-31T16:00Z,57956.83879852295,35.93090000000001,110.1,0.0
2025-12-31T17:00Z,57495.7706451416,81.86080139670645,107.5275,0.0
2025-12-31T18:00Z,55093.5587310791,35.93090000000001,95.99000000000001,0.0
2025-12-31T19:00Z,52129.164375305176,21.324754617468464,86.8025,0.0
2025-12-31T20:00Z,50470.016189575195,19.979914529914527,79.7975,0.0
2025-12-31T21:00Z,49173.385009765625,19.979914529914524,81.39,0.0
2025-12-31T22:00Z,47209.101989746094,19.979914529914524,76.4475,0.0
2025-12-31T23:00Z,45601.24378204346,-5.0,,0.0
